av_key,split,actor_id,label_id,label_name,emotion_code,intensity_code,statement_code,repetition_code,audio_sample_id,audio_wav_path,audio_pred_id,audio_pred_name,audio_embedding_path,audio_embedding_dim,video_sample_id,video_path,video_pred_id,video_pred_name,video_sequence_path,video_sequence_num_frames,video_sequence_feature_dim,video_sequence_source,video_prediction_source,audio_prob_neutral,audio_prob_calm,audio_prob_happy,audio_prob_sad,audio_prob_angry,audio_prob_fearful,audio_prob_disgust,audio_prob_surprise,video_prob_neutral,video_prob_calm,video_prob_happy,video_prob_sad,video_prob_angry,video_prob_fearful,video_prob_disgust,video_prob_surprise
01-01-01-01-01-01,train,1,0,neutral,01,01,01,01,03-01-01-01-01-01-01,data/raw/ravdess/audio_speech/Audio_Speech_Actors_01-24/Actor_01/03-01-01-01-01-01-01.wav,0,neutral,/home/tonyhe/ravdess_avfusion/external/audio_ser_speechbrain/speechbrain-develop-main/outputs/embeddings_ECAPA/train/03-01-01-01-01-01-01.npy,96,02-01-01-01-01-01-01,data/raw/ravdess/video_speech/Video_Speech_Actor_01/Actor_01/02-01-01-01-01-01-01.mp4,0,neutral,/home/tonyhe/ravdess_avfusion/external/video_face_branch/early_fusion_facial_v2/fusion_pack_5f/sequences/02-01-01-01-01-01-01.npy,5,2048,canonical_02,canonical_02,0.252645,0.115753,0.10358,0.08257,0.113358,0.097017,0.115571,0.119505,0.9648319959640503,0.00599236055277288,0.00485762320458889,0.005008773785084486,0.005227788724005223,0.004017106583341956,0.005222412664443255,0.004841918265447021
01-01-01-01-01-02,train,2,0,neutral,01,01,01,01,03-01-01-01-01-01-02,data/raw/ravdess/audio_speech/Audio_Speech_Actors_01-24/Actor_02/03-01-01-01-01-01-02.wav,0,neutral,/home/tonyhe/ravdess_avfusion/external/audio_ser_speechbrain/speechbrain-develop-main/outputs/embeddings_ECAPA/train/03-01-01-01-01-01-02.npy,96,02-01-01-01-01-01-02,data/raw/ravdess/video_speech/Video_Speech_Actor_02/Actor_02/02-01-01-01-01-01-02.mp4,0,neutral,/home/tonyhe/ravdess_avfusion/external/video_face_branch/early_fusion_facial_v2/fusion_pack_5f/sequences/02-01-01-01-01-01-02.npy,5,2048,canonical_02,canonical_02,0.246202,0.088789,0.103228,0.115378,0.106713,0.094592,0.101151,0.143948,0.9455941557884217,0.006911338400095701,0.007415972370654345,0.009601126611232757,0.006246409751474858,0.0066931254230439665,0.008387344144284724,0.00915052080526948
01-01-01-01-01-03,train,3,0,neutral,01,01,01,01,03-01-01-01-01-01-03,data/raw/ravdess/audio_speech/Audio_Speech_Actors_01-24/Actor_03/03-01-01-01-01-01-03.wav,0,neutral,/home/tonyhe/ravdess_avfusion/external/audio_ser_speechbrain/speechbrain-develop-main/outputs/embeddings_ECAPA/train/03-01-01-01-01-01-03.npy,96,02-01-01-01-01-01-03,data/raw/ravdess/video_speech/Video_Speech_Actor_03/Actor_03/02-01-01-01-01-01-03.mp4,0,neutral,/home/tonyhe/ravdess_avfusion/external/video_face_branch/early_fusion_facial_v2/fusion_pack_5f/sequences/02-01-01-01-01-01-03.npy,5,2048,canonical_02,canonical_02,0.254565,0.108776,0.113323,0.145298,0.106495,0.065003,0.092363,0.114176,0.8571528315544128,0.0045953338034451004,0.006186241004616022,0.0072984993923455475,0.008021354861557483,0.1027908556163311,0.006697792187333107,0.007257076818495989
01-01-01-01-01-04,train,4,0,neutral,01,01,01,01,03-01-01-01-01-01-04,data/raw/ravdess/audio_speech/Audio_Speech_Actors_01-24/Actor_04/03-01-01-01-01-01-04.wav,0,neutral,/home/tonyhe/ravdess_avfusion/external/audio_ser_speechbrain/speechbrain-develop-main/outputs/embeddings_ECAPA/train/03-01-01-01-01-01-04.npy,96,02-01-01-01-01-01-04,data/raw/ravdess/video_speech/Video_Speech_Actor_04/Actor_04/02-01-01-01-01-01-04.mp4,0,neutral,/home/tonyhe/ravdess_avfusion/external/video_face_branch/early_fusion_facial_v2/fusion_pack_5f/sequences/02-01-01-01-01-01-04.npy,5,2048,canonical_02,canonical_02,0.261108,0.11559,0.11118,0.102648,0.113198,0.075104,0.101364,0.119809,0.9655011415481567,0.004599452996626496,0.004776921030133963,0.004322667745873332,0.004757437668740749,0.00477487025782466,0.005700239073485136,0.005567292310297489
01-01-01-01-01-05,train,5,0,neutral,01,01,01,01,03-01-01-01-01-01-05,data/raw/ravdess/audio_speech/Audio_Speech_Actors_01-24/Actor_05/03-01-01-01-01-01-05.wav,0,neutral,/home/tonyhe/ravdess_avfusion/external/audio_ser_speechbrain/speechbrain-develop-main/outputs/embeddings_ECAPA/train/03-01-01-01-01-01-05.npy,96,02-01-01-01-01-01-05,data/raw/ravdess/video_speech/Video_Speech_Actor_05/Actor_05/02-01-01-01-01-01-05.mp4,0,neutral,/home/tonyhe/ravdess_avfusion/external/video_face_branch/early_fusion_facial_v2/fusion_pack_5f/sequences/02-01-01-01-01-01-05.npy,5,2048,canonical_02,canonical_02,0.24198,0.153745,0.077647,0.08975,0.121354,0.100459,0.090863,0.124201,0.9647700548171997,0.004769403953105211,0.004938513319939375,0.005934068374335766,0.004760855017229915,0.004037901060655713,0.00586227448657155,0.004926942568272352
01-01-01-01-01-06,train,6,0,neutral,01,01,01,01,03-01-01-01-01-01-06,data/raw/ravdess/audio_speech/Audio_Speech_Actors_01-24/Actor_06/03-01-01-01-01-01-06.wav,0,neutral,/home/tonyhe/ravdess_avfusion/external/audio_ser_speechbrain/speechbrain-develop-main/outputs/embeddings_ECAPA/train/03-01-01-01-01-01-06.npy,96,02-01-01-01-01-01-06,data/raw/ravdess/video_speech/Video_Speech_Actor_06/Actor_06/02-01-01-01-01-01-06.mp4,0,neutral,/home/tonyhe/ravdess_avfusion/external/video_face_branch/early_fusion_facial_v2/fusion_pack_5f/sequences/02-01-01-01-01-01-06.npy,5,2048,canonical_02,canonical_02,0.256122,0.09099,0.120165,0.110386,0.097158,0.085227,0.126074,0.113877,0.9540955662727356,0.0048084387090057135,0.006495750695466995,0.008209091611206532,0.005125639401376248,0.006162942014634609,0.0073485996574163435,0.00775397215038538
01-01-01-01-01-07,train,7,0,neutral,01,01,01,01,03-01-01-01-01-01-07,data/raw/ravdess/audio_speech/Audio_Speech_Actors_01-24/Actor_07/03-01-01-01-01-01-07.wav,0,neutral,/home/tonyhe/ravdess_avfusion/external/audio_ser_speechbrain/speechbrain-develop-main/outputs/embeddings_ECAPA/train/03-01-01-01-01-01-07.npy,96,02-01-01-01-01-01-07,data/raw/ravdess/video_speech/Video_Speech_Actor_07/Actor_07/02-01-01-01-01-01-07.mp4,0,neutral,/home/tonyhe/ravdess_avfusion/external/video_face_branch/early_fusion_facial_v2/fusion_pack_5f/sequences/02-01-01-01-01-01-07.npy,5,2048,canonical_02,canonical_02,0.261861,0.113698,0.123926,0.094143,0.113424,0.088495,0.107835,0.096618,0.9622151494026184,0.004998723091557622,0.00457438281737268,0.006011298764497042,0.0050899402238428594,0.004786182707175612,0.00593818947672844,0.006386162713170052
01-01-01-01-01-08,train,8,0,neutral,01,01,01,01,03-01-01-01-01-01-08,data/raw/ravdess/audio_speech/Audio_Speech_Actors_01-24/Actor_08/03-01-01-01-01-01-08.wav,0,neutral,/home/tonyhe/ravdess_avfusion/external/audio_ser_speechbrain/speechbrain-develop-main/outputs/embeddings_ECAPA/train/03-01-01-01-01-01-08.npy,96,02-01-01-01-01-01-08,data/raw/ravdess/video_speech/Video_Speech_Actor_08/Actor_08/02-01-01-01-01-01-08.mp4,0,neutral,/home/tonyhe/ravdess_avfusion/external/video_face_branch/early_fusion_facial_v2/fusion_pack_5f/sequences/02-01-01-01-01-01-08.npy,5,2048,canonical_02,canonical_02,0.236332,0.118375,0.096461,0.13428,0.091219,0.08835,0.083872,0.151112,0.9598996043205261,0.0037791285663843154,0.0039036328438669444,0.007887201244011521,0.00756134232506156,0.004743265314027667,0.005628040572628379,0.006597802601754665
01-01-01-01-01-09,train,9,0,neutral,01,01,01,01,03-01-01-01-01-01-09,data/raw/ravdess/audio_speech/Audio_Speech_Actors_01-24/Actor_09/03-01-01-01-01-01-09.wav,0,neutral,/home/tonyhe/ravdess_avfusion/external/audio_ser_speechbrain/speechbrain-develop-main/outputs/embeddings_ECAPA/train/03-01-01-01-01-01-09.npy,96,02-01-01-01-01-01-09,data/raw/ravdess/video_speech/Video_Speech_Actor_09/Actor_09/02-01-01-01-01-01-09.mp4,0,neutral,/home/tonyhe/ravdess_avfusion/external/video_face_branch/early_fusion_facial_v2/fusion_pack_5f/sequences/02-01-01-01-01-01-09.npy,5,2048,canonical_02,canonical_02,0.249092,0.119101,0.107415,0.097074,0.110945,0.102501,0.092502,0.12137,0.962617301940918,0.0051886911503970625,0.004462117934599519,0.005472474917769432,0.004140057554468513,0.005345209920778871,0.005952952150255442,0.006821130961179733
01-01-01-01-01-10,train,10,0,neutral,01,01,01,01,03-01-01-01-01-01-10,data/raw/ravdess/audio_speech/Audio_Speech_Actors_01-24/Actor_10/03-01-01-01-01-01-10.wav,0,neutral,/home/tonyhe/ravdess_avfusion/external/audio_ser_speechbrain/speechbrain-develop-main/outputs/embeddings_ECAPA/train/03-01-01-01-01-01-10.npy,96,02-01-01-01-01-01-10,data/raw/ravdess/video_speech/Video_Speech_Actor_10/Actor_10/02-01-01-01-01-01-10.mp4,0,neutral,/home/tonyhe/ravdess_avfusion/external/video_face_branch/early_fusion_facial_v2/fusion_pack_5f/sequences/02-01-01-01-01-01-10.npy,5,2048,canonical_02,canonical_02,0.243225,0.11604,0.113345,0.086552,0.109359,0.086038,0.116283,0.129158,0.9549044728279114,0.005642492417246103,0.006237486470490694,0.006530553195625543,0.004561520786955953,0.005675772950053215,0.0069593795575201515,0.009488260094076394
01-01-01-01-01-11,train,11,0,neutral,01,01,01,01,03-01-01-01-01-01-11,data/raw/ravdess/audio_speech/Audio_Speech_Actors_01-24/Actor_11/03-01-01-01-01-01-11.wav,0,neutral,/home/tonyhe/ravdess_avfusion/external/audio_ser_speechbrain/speechbrain-develop-main/outputs/embeddings_ECAPA/train/03-01-01-01-01-01-11.npy,96,02-01-01-01-01-01-11,data/raw/ravdess/video_speech/Video_Speech_Actor_11/Actor_11/02-01-01-01-01-01-11.mp4,0,neutral,/home/tonyhe/ravdess_avfusion/external/video_face_branch/early_fusion_facial_v2/fusion_pack_5f/sequences/02-01-01-01-01-01-11.npy,5,2048,canonical_02,canonical_02,0.248704,0.133428,0.125703,0.090529,0.088433,0.115582,0.095274,0.102347,0.9496029853820801,0.00653323270380497,0.007233961205929518,0.006901631783694029,0.006562958378344775,0.006500967312604189,0.00835139062255621,0.008312901388853789
01-01-01-01-01-12,train,12,0,neutral,01,01,01,01,03-01-01-01-01-01-12,data/raw/ravdess/audio_speech/Audio_Speech_Actors_01-24/Actor_12/03-01-01-01-01-01-12.wav,0,neutral,/home/tonyhe/ravdess_avfusion/external/audio_ser_speechbrain/speechbrain-develop-main/outputs/embeddings_ECAPA/train/03-01-01-01-01-01-12.npy,96,02-01-01-01-01-01-12,data/raw/ravdess/video_speech/Video_Speech_Actor_12/Actor_12/02-01-01-01-01-01-12.mp4,0,neutral,/home/tonyhe/ravdess_avfusion/external/video_face_branch/early_fusion_facial_v2/fusion_pack_5f/sequences/02-01-01-01-01-01-12.npy,5,2048,canonical_02,canonical_02,0.256478,0.152417,0.102056,0.118828,0.090052,0.074362,0.09612,0.109686,0.9574665904045105,0.0042834381572902204,0.006541087292134762,0.005686619132757187,0.005893703829497099,0.006435533054172993,0.007106277346611023,0.006586731970310211
01-01-01-01-01-13,train,13,0,neutral,01,01,01,01,03-01-01-01-01-01-13,data/raw/ravdess/audio_speech/Audio_Speech_Actors_01-24/Actor_13/03-01-01-01-01-01-13.wav,0,neutral,/home/tonyhe/ravdess_avfusion/external/audio_ser_speechbrain/speechbrain-develop-main/outputs/embeddings_ECAPA/train/03-01-01-01-01-01-13.npy,96,02-01-01-01-01-01-13,data/raw/ravdess/video_speech/Video_Speech_Actor_13/Actor_13/02-01-01-01-01-01-13.mp4,0,neutral,/home/tonyhe/ravdess_avfusion/external/video_face_branch/early_fusion_facial_v2/fusion_pack_5f/sequences/02-01-01-01-01-01-13.npy,5,2048,canonical_02,canonical_02,0.245786,0.152675,0.083854,0.10502,0.097431,0.077986,0.107353,0.129896,0.9638432860374451,0.005060542887076735,0.004621098143979907,0.005306162033230066,0.004956112196668983,0.004508109902963043,0.005724771413952112,0.005979897733777761
01-01-01-01-01-14,train,14,0,neutral,01,01,01,01,03-01-01-01-01-01-14,data/raw/ravdess/audio_speech/Audio_Speech_Actors_01-24/Actor_14/03-01-01-01-01-01-14.wav,0,neutral,/home/tonyhe/ravdess_avfusion/external/audio_ser_speechbrain/speechbrain-develop-main/outputs/embeddings_ECAPA/train/03-01-01-01-01-01-14.npy,96,02-01-01-01-01-01-14,data/raw/ravdess/video_speech/Video_Speech_Actor_14/Actor_14/02-01-01-01-01-01-14.mp4,0,neutral,/home/tonyhe/ravdess_avfusion/external/video_face_branch/early_fusion_facial_v2/fusion_pack_5f/sequences/02-01-01-01-01-01-14.npy,5,2048,canonical_02,canonical_02,0.231472,0.119247,0.089249,0.101754,0.10089,0.084205,0.105681,0.167501,0.9584618449211121,0.004762440966442227,0.0047312982380390166,0.0069979621097445485,0.0074641754850745205,0.005396890453994274,0.006280127447098494,0.00590525446459651
01-01-01-01-01-15,train,15,0,neutral,01,01,01,01,03-01-01-01-01-01-15,data/raw/ravdess/audio_speech/Audio_Speech_Actors_01-24/Actor_15/03-01-01-01-01-01-15.wav,0,neutral,/home/tonyhe/ravdess_avfusion/external/audio_ser_speechbrain/speechbrain-develop-main/outputs/embeddings_ECAPA/train/03-01-01-01-01-01-15.npy,96,02-01-01-01-01-01-15,data/raw/ravdess/video_speech/Video_Speech_Actor_15/Actor_15/02-01-01-01-01-01-15.mp4,0,neutral,/home/tonyhe/ravdess_avfusion/data/processed/video/backfill_actor15/sequence_embeddings_5f/train/02-01-01-01-01-01-15.npy,5,2048,backfill_actor15,backfill_actor15,0.253482,0.123449,0.093698,0.117964,0.089566,0.073705,0.113587,0.134548,0.8271236419677734,0.028381824493408203,0.020000018179416656,0.04183473438024521,0.021986160427331924,0.007353840861469507,0.020879928022623062,0.032439880073070526
01-01-01-01-01-16,train,16,0,neutral,01,01,01,01,03-01-01-01-01-01-16,data/raw/ravdess/audio_speech/Audio_Speech_Actors_01-24/Actor_16/03-01-01-01-01-01-16.wav,0,neutral,/home/tonyhe/ravdess_avfusion/external/audio_ser_speechbrain/speechbrain-develop-main/outputs/embeddings_ECAPA/train/03-01-01-01-01-01-16.npy,96,02-01-01-01-01-01-16,data/raw/ravdess/video_speech/Video_Speech_Actor_16/Actor_16/02-01-01-01-01-01-16.mp4,0,neutral,/home/tonyhe/ravdess_avfusion/external/video_face_branch/early_fusion_facial_v2/fusion_pack_5f/sequences/02-01-01-01-01-01-16.npy,5,2048,canonical_02,canonical_02,0.258033,0.137509,0.107367,0.109205,0.096039,0.070371,0.11948,0.101996,0.9620703816413879,0.005270834174007177,0.005112791154533625,0.004715264216065407,0.005003624642267823,0.00528687285259366,0.006163809727877378,0.006376387132331729
01-01-01-01-02-01,train,1,0,neutral,01,01,01,02,03-01-01-01-01-02-01,data/raw/ravdess/audio_speech/Audio_Speech_Actors_01-24/Actor_01/03-01-01-01-01-02-01.wav,0,neutral,/home/tonyhe/ravdess_avfusion/external/audio_ser_speechbrain/speechbrain-develop-main/outputs/embeddings_ECAPA/train/03-01-01-01-01-02-01.npy,96,02-01-01-01-01-02-01,data/raw/ravdess/video_speech/Video_Speech_Actor_01/Actor_01/02-01-01-01-01-02-01.mp4,0,neutral,/home/tonyhe/ravdess_avfusion/external/video_face_branch/early_fusion_facial_v2/fusion_pack_5f/sequences/02-01-01-01-01-02-01.npy,5,2048,canonical_02,canonical_02,0.247938,0.091307,0.105913,0.097737,0.105657,0.098991,0.112802,0.139654,0.9534305691719055,0.011578790238127112,0.006141478288918733,0.005746968695893884,0.005020424257963896,0.004639426339417696,0.006644805707037449,0.00679754582233727
01-01-01-01-02-02,train,2,0,neutral,01,01,01,02,03-01-01-01-01-02-02,data/raw/ravdess/audio_speech/Audio_Speech_Actors_01-24/Actor_02/03-01-01-01-01-02-02.wav,0,neutral,/home/tonyhe/ravdess_avfusion/external/audio_ser_speechbrain/speechbrain-develop-main/outputs/embeddings_ECAPA/train/03-01-01-01-01-02-02.npy,96,02-01-01-01-01-02-02,data/raw/ravdess/video_speech/Video_Speech_Actor_02/Actor_02/02-01-01-01-01-02-02.mp4,0,neutral,/home/tonyhe/ravdess_avfusion/external/video_face_branch/early_fusion_facial_v2/fusion_pack_5f/sequences/02-01-01-01-01-02-02.npy,5,2048,canonical_02,canonical_02,0.28095,0.108843,0.095472,0.11188,0.116351,0.092358,0.096596,0.097551,0.9561926245689392,0.006589878350496292,0.006019351817667484,0.008122362568974495,0.004956195317208767,0.0050756680779159066,0.007429833337664604,0.00561408344656229
01-01-01-01-02-03,train,3,0,neutral,01,01,01,02,03-01-01-01-01-02-03,data/raw/ravdess/audio_speech/Audio_Speech_Actors_01-24/Actor_03/03-01-01-01-01-02-03.wav,0,neutral,/home/tonyhe/ravdess_avfusion/external/audio_ser_speechbrain/speechbrain-develop-main/outputs/embeddings_ECAPA/train/03-01-01-01-01-02-03.npy,96,02-01-01-01-01-02-03,data/raw/ravdess/video_speech/Video_Speech_Actor_03/Actor_03/02-01-01-01-01-02-03.mp4,0,neutral,/home/tonyhe/ravdess_avfusion/external/video_face_branch/early_fusion_facial_v2/fusion_pack_5f/sequences/02-01-01-01-01-02-03.npy,5,2048,canonical_02,canonical_02,0.262379,0.126885,0.118868,0.101327,0.122067,0.074621,0.09793,0.095922,0.9617680668830871,0.004190256958827377,0.005260290019214154,0.005720007233321667,0.005485699698328972,0.005261653661727905,0.005607752315700054,0.006706283055245876
01-01-01-01-02-04,train,4,0,neutral,01,01,01,02,03-01-01-01-01-02-04,data/raw/ravdess/audio_speech/Audio_Speech_Actors_01-24/Actor_04/03-01-01-01-01-02-04.wav,0,neutral,/home/tonyhe/ravdess_avfusion/external/audio_ser_speechbrain/speechbrain-develop-main/outputs/embeddings_ECAPA/train/03-01-01-01-01-02-04.npy,96,02-01-01-01-01-02-04,data/raw/ravdess/video_speech/Video_Speech_Actor_04/Actor_04/02-01-01-01-01-02-04.mp4,0,neutral,/home/tonyhe/ravdess_avfusion/external/video_face_branch/early_fusion_facial_v2/fusion_pack_5f/sequences/02-01-01-01-01-02-04.npy,5,2048,canonical_02,canonical_02,0.267416,0.12465,0.102975,0.093077,0.101803,0.083849,0.116954,0.109277,0.9644829034805298,0.006090994458645582,0.00455640722066164,0.003924285294488072,0.004494260856881737,0.004095243709161878,0.006297662761062384,0.006058212649077177
01-01-01-01-02-05,train,5,0,neutral,01,01,01,02,03-01-01-01-01-02-05,data/raw/ravdess/audio_speech/Audio_Speech_Actors_01-24/Actor_05/03-01-01-01-01-02-05.wav,0,neutral,/home/tonyhe/ravdess_avfusion/external/audio_ser_speechbrain/speechbrain-develop-main/outputs/embeddings_ECAPA/train/03-01-01-01-01-02-05.npy,96,02-01-01-01-01-02-05,data/raw/ravdess/video_speech/Video_Speech_Actor_05/Actor_05/02-01-01-01-01-02-05.mp4,0,neutral,/home/tonyhe/ravdess_avfusion/external/video_face_branch/early_fusion_facial_v2/fusion_pack_5f/sequences/02-01-01-01-01-02-05.npy,5,2048,canonical_02,canonical_02,0.252821,0.133411,0.073559,0.08848,0.134687,0.094382,0.10643,0.116228,0.9580424070358277,0.0053468036465346815,0.005844626296311617,0.010396846197545528,0.004379258444532752,0.004098560335114599,0.00694609247148037,0.0049454038962721825
01-01-01-01-02-06,train,6,0,neutral,01,01,01,02,03-01-01-01-01-02-06,data/raw/ravdess/audio_speech/Audio_Speech_Actors_01-24/Actor_06/03-01-01-01-01-02-06.wav,0,neutral,/home/tonyhe/ravdess_avfusion/external/audio_ser_speechbrain/speechbrain-develop-main/outputs/embeddings_ECAPA/train/03-01-01-01-01-02-06.npy,96,02-01-01-01-01-02-06,data/raw/ravdess/video_speech/Video_Speech_Actor_06/Actor_06/02-01-01-01-01-02-06.mp4,0,neutral,/home/tonyhe/ravdess_avfusion/external/video_face_branch/early_fusion_facial_v2/fusion_pack_5f/sequences/02-01-01-01-01-02-06.npy,5,2048,canonical_02,canonical_02,0.260737,0.094092,0.120938,0.098622,0.102723,0.095265,0.120613,0.107011,0.9518845438957214,0.0063408022746443745,0.007507183961570263,0.006870955415070057,0.004847188293933868,0.006666931323707104,0.007160274405032396,0.008722078893333674
01-01-01-01-02-07,train,7,0,neutral,01,01,01,02,03-01-01-01-01-02-07,data/raw/ravdess/audio_speech/Audio_Speech_Actors_01-24/Actor_07/03-01-01-01-01-02-07.wav,0,neutral,/home/tonyhe/ravdess_avfusion/external/audio_ser_speechbrain/speechbrain-develop-main/outputs/embeddings_ECAPA/train/03-01-01-01-01-02-07.npy,96,02-01-01-01-01-02-07,data/raw/ravdess/video_speech/Video_Speech_Actor_07/Actor_07/02-01-01-01-01-02-07.mp4,0,neutral,/home/tonyhe/ravdess_avfusion/external/video_face_branch/early_fusion_facial_v2/fusion_pack_5f/sequences/02-01-01-01-01-02-07.npy,5,2048,canonical_02,canonical_02,0.262353,0.103406,0.131597,0.100826,0.100178,0.096633,0.110399,0.094607,0.9581863284111023,0.006144997663795948,0.004894211050122976,0.007634036988019943,0.004435076052322984,0.005955575034022331,0.006330891605466604,0.006418894324451685
01-01-01-01-02-08,train,8,0,neutral,01,01,01,02,03-01-01-01-01-02-08,data/raw/ravdess/audio_speech/Audio_Speech_Actors_01-24/Actor_08/03-01-01-01-01-02-08.wav,0,neutral,/home/tonyhe/ravdess_avfusion/external/audio_ser_speechbrain/speechbrain-develop-main/outputs/embeddings_ECAPA/train/03-01-01-01-01-02-08.npy,96,02-01-01-01-01-02-08,data/raw/ravdess/video_speech/Video_Speech_Actor_08/Actor_08/02-01-01-01-01-02-08.mp4,0,neutral,/home/tonyhe/ravdess_avfusion/external/video_face_branch/early_fusion_facial_v2/fusion_pack_5f/sequences/02-01-01-01-01-02-08.npy,5,2048,canonical_02,canonical_02,0.261803,0.107646,0.072707,0.138724,0.105518,0.082564,0.124547,0.10649,0.9646124005317688,0.003662699507549405,0.004646597942337394,0.006076024658977985,0.004568056156858802,0.0049085046630352736,0.005376112693920731,0.006149600865319372
01-01-01-01-02-09,train,9,0,neutral,01,01,01,02,03-01-01-01-01-02-09,data/raw/ravdess/audio_speech/Audio_Speech_Actors_01-24/Actor_09/03-01-01-01-01-02-09.wav,0,neutral,/home/tonyhe/ravdess_avfusion/external/audio_ser_speechbrain/speechbrain-develop-main/outputs/embeddings_ECAPA/train/03-01-01-01-01-02-09.npy,96,02-01-01-01-01-02-09,data/raw/ravdess/video_speech/Video_Speech_Actor_09/Actor_09/02-01-01-01-01-02-09.mp4,0,neutral,/home/tonyhe/ravdess_avfusion/external/video_face_branch/early_fusion_facial_v2/fusion_pack_5f/sequences/02-01-01-01-01-02-09.npy,5,2048,canonical_02,canonical_02,0.236388,0.140346,0.108967,0.087396,0.112431,0.085543,0.101399,0.12753,0.9636746525764466,0.004750401340425014,0.004653454385697841,0.005225335340946912,0.0035926970187574623,0.004978681495413184,0.005171194858849049,0.007953563053160907
01-01-01-01-02-10,train,10,0,neutral,01,01,01,02,03-01-01-01-01-02-10,data/raw/ravdess/audio_speech/Audio_Speech_Actors_01-24/Actor_10/03-01-01-01-01-02-10.wav,0,neutral,/home/tonyhe/ravdess_avfusion/external/audio_ser_speechbrain/speechbrain-develop-main/outputs/embeddings_ECAPA/train/03-01-01-01-01-02-10.npy,96,02-01-01-01-01-02-10,data/raw/ravdess/video_speech/Video_Speech_Actor_10/Actor_10/02-01-01-01-01-02-10.mp4,0,neutral,/home/tonyhe/ravdess_avfusion/external/video_face_branch/early_fusion_facial_v2/fusion_pack_5f/sequences/02-01-01-01-01-02-10.npy,5,2048,canonical_02,canonical_02,0.262822,0.120519,0.098314,0.113523,0.121371,0.064386,0.122581,0.096485,0.9581504464149475,0.005893310811370611,0.006230836175382138,0.005780854169279337,0.004038565419614315,0.0049566499888896946,0.0070599732920527455,0.007889387104660273
01-01-01-01-02-11,train,11,0,neutral,01,01,01,02,03-01-01-01-01-02-11,data/raw/ravdess/audio_speech/Audio_Speech_Actors_01-24/Actor_11/03-01-01-01-01-02-11.wav,0,neutral,/home/tonyhe/ravdess_avfusion/external/audio_ser_speechbrain/speechbrain-develop-main/outputs/embeddings_ECAPA/train/03-01-01-01-01-02-11.npy,96,02-01-01-01-01-02-11,data/raw/ravdess/video_speech/Video_Speech_Actor_11/Actor_11/02-01-01-01-01-02-11.mp4,0,neutral,/home/tonyhe/ravdess_avfusion/external/video_face_branch/early_fusion_facial_v2/fusion_pack_5f/sequences/02-01-01-01-01-02-11.npy,5,2048,canonical_02,canonical_02,0.250982,0.124041,0.14206,0.105886,0.080318,0.097818,0.108884,0.090012,0.9523506164550781,0.005274666473269463,0.006665533035993576,0.0068319828249514105,0.007275425549596548,0.006114010885357857,0.007689250819385052,0.007798550464212894
01-01-01-01-02-12,train,12,0,neutral,01,01,01,02,03-01-01-01-01-02-12,data/raw/ravdess/audio_speech/Audio_Speech_Actors_01-24/Actor_12/03-01-01-01-01-02-12.wav,0,neutral,/home/tonyhe/ravdess_avfusion/external/audio_ser_speechbrain/speechbrain-develop-main/outputs/embeddings_ECAPA/train/03-01-01-01-01-02-12.npy,96,02-01-01-01-01-02-12,data/raw/ravdess/video_speech/Video_Speech_Actor_12/Actor_12/02-01-01-01-01-02-12.mp4,0,neutral,/home/tonyhe/ravdess_avfusion/external/video_face_branch/early_fusion_facial_v2/fusion_pack_5f/sequences/02-01-01-01-01-02-12.npy,5,2048,canonical_02,canonical_02,0.263064,0.127581,0.101625,0.114335,0.08598,0.074483,0.122877,0.110057,0.9617964386940002,0.003972080955281854,0.006728710234165191,0.005084918113425374,0.005320751760154963,0.0053269720636308195,0.005720343394204974,0.00604974189773202
01-01-01-01-02-13,train,13,0,neutral,01,01,01,02,03-01-01-01-01-02-13,data/raw/ravdess/audio_speech/Audio_Speech_Actors_01-24/Actor_13/03-01-01-01-01-02-13.wav,0,neutral,/home/tonyhe/ravdess_avfusion/external/audio_ser_speechbrain/speechbrain-develop-main/outputs/embeddings_ECAPA/train/03-01-01-01-01-02-13.npy,96,02-01-01-01-01-02-13,data/raw/ravdess/video_speech/Video_Speech_Actor_13/Actor_13/02-01-01-01-01-02-13.mp4,0,neutral,/home/tonyhe/ravdess_avfusion/external/video_face_branch/early_fusion_facial_v2/fusion_pack_5f/sequences/02-01-01-01-01-02-13.npy,5,2048,canonical_02,canonical_02,0.248096,0.125732,0.111899,0.098336,0.086282,0.078541,0.118047,0.133067,0.9532518029212952,0.0047459396533668045,0.006379958428442478,0.006560688931494951,0.008014508243650197,0.006739892158657312,0.007027019467204809,0.007280175201594829
01-01-01-01-02-14,train,14,0,neutral,01,01,01,02,03-01-01-01-01-02-14,data/raw/ravdess/audio_speech/Audio_Speech_Actors_01-24/Actor_14/03-01-01-01-01-02-14.wav,0,neutral,/home/tonyhe/ravdess_avfusion/external/audio_ser_speechbrain/speechbrain-develop-main/outputs/embeddings_ECAPA/train/03-01-01-01-01-02-14.npy,96,02-01-01-01-01-02-14,data/raw/ravdess/video_speech/Video_Speech_Actor_14/Actor_14/02-01-01-01-01-02-14.mp4,0,neutral,/home/tonyhe/ravdess_avfusion/external/video_face_branch/early_fusion_facial_v2/fusion_pack_5f/sequences/02-01-01-01-01-02-14.npy,5,2048,canonical_02,canonical_02,0.220074,0.120368,0.106163,0.090476,0.083645,0.092811,0.119923,0.166539,0.9546371102333069,0.0046572104096412655,0.005151176452636718,0.007937790546566247,0.008251846488565206,0.006170155946165323,0.006736387591809034,0.006458311248570681
01-01-01-01-02-15,train,15,0,neutral,01,01,01,02,03-01-01-01-01-02-15,data/raw/ravdess/audio_speech/Audio_Speech_Actors_01-24/Actor_15/03-01-01-01-01-02-15.wav,0,neutral,/home/tonyhe/ravdess_avfusion/external/audio_ser_speechbrain/speechbrain-develop-main/outputs/embeddings_ECAPA/train/03-01-01-01-01-02-15.npy,96,02-01-01-01-01-02-15,data/raw/ravdess/video_speech/Video_Speech_Actor_15/Actor_15/02-01-01-01-01-02-15.mp4,0,neutral,/home/tonyhe/ravdess_avfusion/data/processed/video/backfill_actor15/sequence_embeddings_5f/train/02-01-01-01-01-02-15.npy,5,2048,backfill_actor15,backfill_actor15,0.248945,0.146358,0.110703,0.137826,0.106194,0.065999,0.085506,0.098469,0.8749691247940063,0.03189821541309357,0.015651006251573563,0.015554319135844707,0.017701566219329834,0.008508404716849327,0.020947465673089027,0.014769877307116985
01-01-01-01-02-16,train,16,0,neutral,01,01,01,02,03-01-01-01-01-02-16,data/raw/ravdess/audio_speech/Audio_Speech_Actors_01-24/Actor_16/03-01-01-01-01-02-16.wav,0,neutral,/home/tonyhe/ravdess_avfusion/external/audio_ser_speechbrain/speechbrain-develop-main/outputs/embeddings_ECAPA/train/03-01-01-01-01-02-16.npy,96,02-01-01-01-01-02-16,data/raw/ravdess/video_speech/Video_Speech_Actor_16/Actor_16/02-01-01-01-01-02-16.mp4,0,neutral,/home/tonyhe/ravdess_avfusion/external/video_face_branch/early_fusion_facial_v2/fusion_pack_5f/sequences/02-01-01-01-01-02-16.npy,5,2048,canonical_02,canonical_02,0.254731,0.134719,0.11785,0.115192,0.090463,0.068141,0.10574,0.113163,0.9596487283706665,0.00541530167683959,0.00600967351347208,0.0050996077246963974,0.004746233206242323,0.005295808799564839,0.006786577869206667,0.0069980636239051815
01-01-01-02-01-01,train,1,0,neutral,01,01,02,01,03-01-01-01-02-01-01,data/raw/ravdess/audio_speech/Audio_Speech_Actors_01-24/Actor_01/03-01-01-01-02-01-01.wav,0,neutral,/home/tonyhe/ravdess_avfusion/external/audio_ser_speechbrain/speechbrain-develop-main/outputs/embeddings_ECAPA/train/03-01-01-01-02-01-01.npy,96,02-01-01-01-02-01-01,data/raw/ravdess/video_speech/Video_Speech_Actor_01/Actor_01/02-01-01-01-02-01-01.mp4,0,neutral,/home/tonyhe/ravdess_avfusion/external/video_face_branch/early_fusion_facial_v2/fusion_pack_5f/sequences/02-01-01-01-02-01-01.npy,5,2048,canonical_02,canonical_02,0.239536,0.120412,0.133318,0.097144,0.102514,0.087592,0.088955,0.130529,0.9466735243797302,0.011278372444212436,0.005577186681330204,0.00786327626556158,0.009519783686846495,0.004950248170644045,0.007194364909082651,0.006943201227113604
01-01-01-02-01-02,train,2,0,neutral,01,01,02,01,03-01-01-01-02-01-02,data/raw/ravdess/audio_speech/Audio_Speech_Actors_01-24/Actor_02/03-01-01-01-02-01-02.wav,0,neutral,/home/tonyhe/ravdess_avfusion/external/audio_ser_speechbrain/speechbrain-develop-main/outputs/embeddings_ECAPA/train/03-01-01-01-02-01-02.npy,96,02-01-01-01-02-01-02,data/raw/ravdess/video_speech/Video_Speech_Actor_02/Actor_02/02-01-01-01-02-01-02.mp4,0,neutral,/home/tonyhe/ravdess_avfusion/external/video_face_branch/early_fusion_facial_v2/fusion_pack_5f/sequences/02-01-01-01-02-01-02.npy,5,2048,canonical_02,canonical_02,0.244224,0.115017,0.119462,0.125529,0.109426,0.094108,0.073694,0.118539,0.9613505005836487,0.005149280931800604,0.005459976103156805,0.005954202357679605,0.004728189902380109,0.0049744090531021355,0.0064658399671316145,0.005917591135948896
01-01-01-02-01-03,train,3,0,neutral,01,01,02,01,03-01-01-01-02-01-03,data/raw/ravdess/audio_speech/Audio_Speech_Actors_01-24/Actor_03/03-01-01-01-02-01-03.wav,0,neutral,/home/tonyhe/ravdess_avfusion/external/audio_ser_speechbrain/speechbrain-develop-main/outputs/embeddings_ECAPA/train/03-01-01-01-02-01-03.npy,96,02-01-01-01-02-01-03,data/raw/ravdess/video_speech/Video_Speech_Actor_03/Actor_03/02-01-01-01-02-01-03.mp4,0,neutral,/home/tonyhe/ravdess_avfusion/external/video_face_branch/early_fusion_facial_v2/fusion_pack_5f/sequences/02-01-01-01-02-01-03.npy,5,2048,canonical_02,canonical_02,0.266337,0.113347,0.088958,0.130977,0.099744,0.067819,0.109213,0.123605,0.9587405443191528,0.004691001866012812,0.005123051721602679,0.007245707232505083,0.006381225679069758,0.004646388255059719,0.00603783018887043,0.0071342351846396925
01-01-01-02-01-04,train,4,0,neutral,01,01,02,01,03-01-01-01-02-01-04,data/raw/ravdess/audio_speech/Audio_Speech_Actors_01-24/Actor_04/03-01-01-01-02-01-04.wav,0,neutral,/home/tonyhe/ravdess_avfusion/external/audio_ser_speechbrain/speechbrain-develop-main/outputs/embeddings_ECAPA/train/03-01-01-01-02-01-04.npy,96,02-01-01-01-02-01-04,data/raw/ravdess/video_speech/Video_Speech_Actor_04/Actor_04/02-01-01-01-02-01-04.mp4,0,neutral,/home/tonyhe/ravdess_avfusion/external/video_face_branch/early_fusion_facial_v2/fusion_pack_5f/sequences/02-01-01-01-02-01-04.npy,5,2048,canonical_02,canonical_02,0.245337,0.103315,0.110457,0.125779,0.078332,0.083982,0.106166,0.146633,0.9665915727615356,0.004036679212003946,0.004502143943682313,0.0038740061223506927,0.004731517005711794,0.004417941858991981,0.005075035057961941,0.006771099474281073
01-01-01-02-01-05,train,5,0,neutral,01,01,02,01,03-01-01-01-02-01-05,data/raw/ravdess/audio_speech/Audio_Speech_Actors_01-24/Actor_05/03-01-01-01-02-01-05.wav,0,neutral,/home/tonyhe/ravdess_avfusion/external/audio_ser_speechbrain/speechbrain-develop-main/outputs/embeddings_ECAPA/train/03-01-01-01-02-01-05.npy,96,02-01-01-01-02-01-05,data/raw/ravdess/video_speech/Video_Speech_Actor_05/Actor_05/02-01-01-01-02-01-05.mp4,0,neutral,/home/tonyhe/ravdess_avfusion/external/video_face_branch/early_fusion_facial_v2/fusion_pack_5f/sequences/02-01-01-01-02-01-05.npy,5,2048,canonical_02,canonical_02,0.257485,0.111082,0.121413,0.100419,0.099247,0.085856,0.104483,0.120015,0.9622742891311645,0.0037200726568698884,0.005796916224062443,0.005464330781251192,0.0072258575819432735,0.004647560697048902,0.006267284788191318,0.0046037164516747
01-01-01-02-01-06,train,6,0,neutral,01,01,02,01,03-01-01-01-02-01-06,data/raw/ravdess/audio_speech/Audio_Speech_Actors_01-24/Actor_06/03-01-01-01-02-01-06.wav,0,neutral,/home/tonyhe/ravdess_avfusion/external/audio_ser_speechbrain/speechbrain-develop-main/outputs/embeddings_ECAPA/train/03-01-01-01-02-01-06.npy,96,02-01-01-01-02-01-06,data/raw/ravdess/video_speech/Video_Speech_Actor_06/Actor_06/02-01-01-01-02-01-06.mp4,0,neutral,/home/tonyhe/ravdess_avfusion/external/video_face_branch/early_fusion_facial_v2/fusion_pack_5f/sequences/02-01-01-01-02-01-06.npy,5,2048,canonical_02,canonical_02,0.257275,0.122026,0.139321,0.122111,0.08809,0.077374,0.106048,0.087756,0.9625179409980774,0.003508989652618766,0.005122472252696753,0.007013749983161688,0.005118143185973168,0.00452557448297739,0.006063196342438459,0.006129960995167494
01-01-01-02-01-07,train,7,0,neutral,01,01,02,01,03-01-01-01-02-01-07,data/raw/ravdess/audio_speech/Audio_Speech_Actors_01-24/Actor_07/03-01-01-01-02-01-07.wav,0,neutral,/home/tonyhe/ravdess_avfusion/external/audio_ser_speechbrain/speechbrain-develop-main/outputs/embeddings_ECAPA/train/03-01-01-01-02-01-07.npy,96,02-01-01-01-02-01-07,data/raw/ravdess/video_speech/Video_Speech_Actor_07/Actor_07/02-01-01-01-02-01-07.mp4,0,neutral,/home/tonyhe/ravdess_avfusion/external/video_face_branch/early_fusion_facial_v2/fusion_pack_5f/sequences/02-01-01-01-02-01-07.npy,5,2048,canonical_02,canonical_02,0.241969,0.119681,0.14119,0.088269,0.106306,0.097691,0.094806,0.110087,0.9621402621269226,0.005391141213476658,0.005182134686037898,0.00559531832113862,0.005656376900151372,0.004640454333275557,0.005978014413267374,0.005416298564523458
01-01-01-02-01-08,train,8,0,neutral,01,01,02,01,03-01-01-01-02-01-08,data/raw/ravdess/audio_speech/Audio_Speech_Actors_01-24/Actor_08/03-01-01-01-02-01-08.wav,0,neutral,/home/tonyhe/ravdess_avfusion/external/audio_ser_speechbrain/speechbrain-develop-main/outputs/embeddings_ECAPA/train/03-01-01-01-02-01-08.npy,96,02-01-01-01-02-01-08,data/raw/ravdess/video_speech/Video_Speech_Actor_08/Actor_08/02-01-01-01-02-01-08.mp4,0,neutral,/home/tonyhe/ravdess_avfusion/external/video_face_branch/early_fusion_facial_v2/fusion_pack_5f/sequences/02-01-01-01-02-01-08.npy,5,2048,canonical_02,canonical_02,0.265951,0.123629,0.100828,0.094345,0.097372,0.092553,0.104591,0.120731,0.9643352508544922,0.004012294998392463,0.004828488966450095,0.005981212761253118,0.003768780967220664,0.0047215609811246395,0.005041677225381136,0.007310739066451788
01-01-01-02-01-09,train,9,0,neutral,01,01,02,01,03-01-01-01-02-01-09,data/raw/ravdess/audio_speech/Audio_Speech_Actors_01-24/Actor_09/03-01-01-01-02-01-09.wav,0,neutral,/home/tonyhe/ravdess_avfusion/external/audio_ser_speechbrain/speechbrain-develop-main/outputs/embeddings_ECAPA/train/03-01-01-01-02-01-09.npy,96,02-01-01-01-02-01-09,data/raw/ravdess/video_speech/Video_Speech_Actor_09/Actor_09/02-01-01-01-02-01-09.mp4,0,neutral,/home/tonyhe/ravdess_avfusion/external/video_face_branch/early_fusion_facial_v2/fusion_pack_5f/sequences/02-01-01-01-02-01-09.npy,5,2048,canonical_02,canonical_02,0.23142,0.105104,0.107138,0.102825,0.109318,0.067977,0.122399,0.15382,0.9620835065841675,0.004597752820700407,0.0049756892491132024,0.005565568245947361,0.004748630570247769,0.00574783980846405,0.005353770963847637,0.0069272459484636785
01-01-01-02-01-10,train,10,0,neutral,01,01,02,01,03-01-01-01-02-01-10,data/raw/ravdess/audio_speech/Audio_Speech_Actors_01-24/Actor_10/03-01-01-01-02-01-10.wav,0,neutral,/home/tonyhe/ravdess_avfusion/external/audio_ser_speechbrain/speechbrain-develop-main/outputs/embeddings_ECAPA/train/03-01-01-01-02-01-10.npy,96,02-01-01-01-02-01-10,data/raw/ravdess/video_speech/Video_Speech_Actor_10/Actor_10/02-01-01-01-02-01-10.mp4,0,neutral,/home/tonyhe/ravdess_avfusion/external/video_face_branch/early_fusion_facial_v2/fusion_pack_5f/sequences/02-01-01-01-02-01-10.npy,5,2048,canonical_02,canonical_02,0.268732,0.10656,0.119784,0.115582,0.088314,0.091789,0.11512,0.094119,0.9508575201034546,0.006650023907423019,0.006953044328838587,0.00738412830978632,0.0046200705226510765,0.006148239411413669,0.007780749164521694,0.009606239572167396
01-01-01-02-01-11,train,11,0,neutral,01,01,02,01,03-01-01-01-02-01-11,data/raw/ravdess/audio_speech/Audio_Speech_Actors_01-24/Actor_11/03-01-01-01-02-01-11.wav,0,neutral,/home/tonyhe/ravdess_avfusion/external/audio_ser_speechbrain/speechbrain-develop-main/outputs/embeddings_ECAPA/train/03-01-01-01-02-01-11.npy,96,02-01-01-01-02-01-11,data/raw/ravdess/video_speech/Video_Speech_Actor_11/Actor_11/02-01-01-01-02-01-11.mp4,0,neutral,/home/tonyhe/ravdess_avfusion/external/video_face_branch/early_fusion_facial_v2/fusion_pack_5f/sequences/02-01-01-01-02-01-11.npy,5,2048,canonical_02,canonical_02,0.263164,0.130883,0.09837,0.086229,0.106353,0.099702,0.10134,0.113959,0.952633011341095,0.00526712229475379,0.005985481478273868,0.006192750390619039,0.0041528729721903804,0.005799884535372257,0.007599030807614327,0.012369826901704073
01-01-01-02-01-12,train,12,0,neutral,01,01,02,01,03-01-01-01-02-01-12,data/raw/ravdess/audio_speech/Audio_Speech_Actors_01-24/Actor_12/03-01-01-01-02-01-12.wav,0,neutral,/home/tonyhe/ravdess_avfusion/external/audio_ser_speechbrain/speechbrain-develop-main/outputs/embeddings_ECAPA/train/03-01-01-01-02-01-12.npy,96,02-01-01-01-02-01-12,data/raw/ravdess/video_speech/Video_Speech_Actor_12/Actor_12/02-01-01-01-02-01-12.mp4,0,neutral,/home/tonyhe/ravdess_avfusion/external/video_face_branch/early_fusion_facial_v2/fusion_pack_5f/sequences/02-01-01-01-02-01-12.npy,5,2048,canonical_02,canonical_02,0.269657,0.111441,0.114945,0.128932,0.091588,0.097023,0.103446,0.082969,0.9653141379356385,0.003094932110980153,0.005006902199238539,0.005201537348330021,0.00450689704157412,0.006082530599087477,0.00563910799100995,0.0051539117936044935
01-01-01-02-01-13,train,13,0,neutral,01,01,02,01,03-01-01-01-02-01-13,data/raw/ravdess/audio_speech/Audio_Speech_Actors_01-24/Actor_13/03-01-01-01-02-01-13.wav,0,neutral,/home/tonyhe/ravdess_avfusion/external/audio_ser_speechbrain/speechbrain-develop-main/outputs/embeddings_ECAPA/train/03-01-01-01-02-01-13.npy,96,02-01-01-01-02-01-13,data/raw/ravdess/video_speech/Video_Speech_Actor_13/Actor_13/02-01-01-01-02-01-13.mp4,0,neutral,/home/tonyhe/ravdess_avfusion/external/video_face_branch/early_fusion_facial_v2/fusion_pack_5f/sequences/02-01-01-01-02-01-13.npy,5,2048,canonical_02,canonical_02,0.233972,0.144077,0.117091,0.103482,0.079366,0.076651,0.112761,0.132599,0.9635284662246704,0.004184260265901685,0.00456606256775558,0.006364488694816828,0.004927009576931596,0.005093417735770345,0.005440551787614822,0.005895795486867428
01-01-01-02-01-14,train,14,0,neutral,01,01,02,01,03-01-01-01-02-01-14,data/raw/ravdess/audio_speech/Audio_Speech_Actors_01-24/Actor_14/03-01-01-01-02-01-14.wav,7,surprise,/home/tonyhe/ravdess_avfusion/external/audio_ser_speechbrain/speechbrain-develop-main/outputs/embeddings_ECAPA/train/03-01-01-01-02-01-14.npy,96,02-01-01-01-02-01-14,data/raw/ravdess/video_speech/Video_Speech_Actor_14/Actor_14/02-01-01-01-02-01-14.mp4,0,neutral,/home/tonyhe/ravdess_avfusion/external/video_face_branch/early_fusion_facial_v2/fusion_pack_5f/sequences/02-01-01-01-02-01-14.npy,5,2048,canonical_02,canonical_02,0.194813,0.10854,0.102609,0.095455,0.089323,0.083281,0.125298,0.200681,0.9543806433677673,0.005143273621797562,0.0052501514554023744,0.008488667570054531,0.007210763171315193,0.0065214686095714566,0.006917382217943668,0.006087672710418701
01-01-01-02-01-15,train,15,0,neutral,01,01,02,01,03-01-01-01-02-01-15,data/raw/ravdess/audio_speech/Audio_Speech_Actors_01-24/Actor_15/03-01-01-01-02-01-15.wav,0,neutral,/home/tonyhe/ravdess_avfusion/external/audio_ser_speechbrain/speechbrain-develop-main/outputs/embeddings_ECAPA/train/03-01-01-01-02-01-15.npy,96,02-01-01-01-02-01-15,data/raw/ravdess/video_speech/Video_Speech_Actor_15/Actor_15/02-01-01-01-02-01-15.mp4,0,neutral,/home/tonyhe/ravdess_avfusion/data/processed/video/backfill_actor15/sequence_embeddings_5f/train/02-01-01-01-02-01-15.npy,5,2048,backfill_actor15,backfill_actor15,0.244221,0.1244,0.090031,0.120299,0.115638,0.061409,0.106264,0.137737,0.8824453353881836,0.014096828177571297,0.014541546814143658,0.023488037288188934,0.020473819226026535,0.007294502109289169,0.017026115208864212,0.0206338781863451
01-01-01-02-01-16,train,16,0,neutral,01,01,02,01,03-01-01-01-02-01-16,data/raw/ravdess/audio_speech/Audio_Speech_Actors_01-24/Actor_16/03-01-01-01-02-01-16.wav,0,neutral,/home/tonyhe/ravdess_avfusion/external/audio_ser_speechbrain/speechbrain-develop-main/outputs/embeddings_ECAPA/train/03-01-01-01-02-01-16.npy,96,02-01-01-01-02-01-16,data/raw/ravdess/video_speech/Video_Speech_Actor_16/Actor_16/02-01-01-01-02-01-16.mp4,0,neutral,/home/tonyhe/ravdess_avfusion/external/video_face_branch/early_fusion_facial_v2/fusion_pack_5f/sequences/02-01-01-01-02-01-16.npy,5,2048,canonical_02,canonical_02,0.266101,0.123415,0.107073,0.116311,0.091949,0.085675,0.091809,0.117666,0.9592913389205933,0.0060498942621052265,0.004968156479299069,0.007845941837877035,0.004128597583621741,0.004731769347563386,0.006993447430431843,0.0059908943250775335
01-01-01-02-02-01,train,1,0,neutral,01,01,02,02,03-01-01-01-02-02-01,data/raw/ravdess/audio_speech/Audio_Speech_Actors_01-24/Actor_01/03-01-01-01-02-02-01.wav,0,neutral,/home/tonyhe/ravdess_avfusion/external/audio_ser_speechbrain/speechbrain-develop-main/outputs/embeddings_ECAPA/train/03-01-01-01-02-02-01.npy,96,02-01-01-01-02-02-01,data/raw/ravdess/video_speech/Video_Speech_Actor_01/Actor_01/02-01-01-01-02-02-01.mp4,0,neutral,/home/tonyhe/ravdess_avfusion/external/video_face_branch/early_fusion_facial_v2/fusion_pack_5f/sequences/02-01-01-01-02-02-01.npy,5,2048,canonical_02,canonical_02,0.25249,0.116192,0.112593,0.105269,0.10927,0.103347,0.080178,0.120661,0.904268455505371,0.04028484988957644,0.008406507596373559,0.009825614839792251,0.014236599067226052,0.00606543174944818,0.009241163544356824,0.007671367656439543
01-01-01-02-02-02,train,2,0,neutral,01,01,02,02,03-01-01-01-02-02-02,data/raw/ravdess/audio_speech/Audio_Speech_Actors_01-24/Actor_02/03-01-01-01-02-02-02.wav,0,neutral,/home/tonyhe/ravdess_avfusion/external/audio_ser_speechbrain/speechbrain-develop-main/outputs/embeddings_ECAPA/train/03-01-01-01-02-02-02.npy,96,02-01-01-01-02-02-02,data/raw/ravdess/video_speech/Video_Speech_Actor_02/Actor_02/02-01-01-01-02-02-02.mp4,0,neutral,/home/tonyhe/ravdess_avfusion/external/video_face_branch/early_fusion_facial_v2/fusion_pack_5f/sequences/02-01-01-01-02-02-02.npy,5,2048,canonical_02,canonical_02,0.260026,0.116941,0.114265,0.119629,0.105329,0.083056,0.080714,0.120039,0.9539037942886353,0.005585803836584091,0.00632355734705925,0.00664289053529501,0.004803656972944737,0.006373563781380653,0.007206721510738134,0.009160077385604381
01-01-01-02-02-03,train,3,0,neutral,01,01,02,02,03-01-01-01-02-02-03,data/raw/ravdess/audio_speech/Audio_Speech_Actors_01-24/Actor_03/03-01-01-01-02-02-03.wav,0,neutral,/home/tonyhe/ravdess_avfusion/external/audio_ser_speechbrain/speechbrain-develop-main/outputs/embeddings_ECAPA/train/03-01-01-01-02-02-03.npy,96,02-01-01-01-02-02-03,data/raw/ravdess/video_speech/Video_Speech_Actor_03/Actor_03/02-01-01-01-02-02-03.mp4,0,neutral,/home/tonyhe/ravdess_avfusion/external/video_face_branch/early_fusion_facial_v2/fusion_pack_5f/sequences/02-01-01-01-02-02-03.npy,5,2048,canonical_02,canonical_02,0.265921,0.138073,0.106548,0.115504,0.085666,0.077715,0.10251,0.108063,0.9628090143203736,0.004322950448840857,0.005279072187840938,0.005617280676960945,0.005176055058836937,0.0040965867694467304,0.005304953176528215,0.007394066546112299
01-01-01-02-02-04,train,4,0,neutral,01,01,02,02,03-01-01-01-02-02-04,data/raw/ravdess/audio_speech/Audio_Speech_Actors_01-24/Actor_04/03-01-01-01-02-02-04.wav,0,neutral,/home/tonyhe/ravdess_avfusion/external/audio_ser_speechbrain/speechbrain-develop-main/outputs/embeddings_ECAPA/train/03-01-01-01-02-02-04.npy,96,02-01-01-01-02-02-04,data/raw/ravdess/video_speech/Video_Speech_Actor_04/Actor_04/02-01-01-01-02-02-04.mp4,0,neutral,/home/tonyhe/ravdess_avfusion/external/video_face_branch/early_fusion_facial_v2/fusion_pack_5f/sequences/02-01-01-01-02-02-04.npy,5,2048,canonical_02,canonical_02,0.243332,0.120844,0.120326,0.110376,0.081518,0.078502,0.105852,0.13925,0.9653214097023011,0.004518597992137075,0.0042361577041447164,0.0051542855333536865,0.004725009761750698,0.004312896681949496,0.005943803209811449,0.005787857249379158
01-01-01-02-02-05,train,5,0,neutral,01,01,02,02,03-01-01-01-02-02-05,data/raw/ravdess/audio_speech/Audio_Speech_Actors_01-24/Actor_05/03-01-01-01-02-02-05.wav,0,neutral,/home/tonyhe/ravdess_avfusion/external/audio_ser_speechbrain/speechbrain-develop-main/outputs/embeddings_ECAPA/train/03-01-01-01-02-02-05.npy,96,02-01-01-01-02-02-05,data/raw/ravdess/video_speech/Video_Speech_Actor_05/Actor_05/02-01-01-01-02-02-05.mp4,0,neutral,/home/tonyhe/ravdess_avfusion/external/video_face_branch/early_fusion_facial_v2/fusion_pack_5f/sequences/02-01-01-01-02-02-05.npy,5,2048,canonical_02,canonical_02,0.252388,0.129006,0.069366,0.11098,0.108897,0.096076,0.099538,0.133748,0.964852225780487,0.003475748049095273,0.004809030890464782,0.00789531385526061,0.004601861350238323,0.0042051971424371,0.005631211493164301,0.004529366549104452
01-01-01-02-02-06,train,6,0,neutral,01,01,02,02,03-01-01-01-02-02-06,data/raw/ravdess/audio_speech/Audio_Speech_Actors_01-24/Actor_06/03-01-01-01-02-02-06.wav,0,neutral,/home/tonyhe/ravdess_avfusion/external/audio_ser_speechbrain/speechbrain-develop-main/outputs/embeddings_ECAPA/train/03-01-01-01-02-02-06.npy,96,02-01-01-01-02-02-06,data/raw/ravdess/video_speech/Video_Speech_Actor_06/Actor_06/02-01-01-01-02-02-06.mp4,0,neutral,/home/tonyhe/ravdess_avfusion/external/video_face_branch/early_fusion_facial_v2/fusion_pack_5f/sequences/02-01-01-01-02-02-06.npy,5,2048,canonical_02,canonical_02,0.260347,0.122224,0.124879,0.127743,0.098571,0.068117,0.104707,0.093411,0.9561537384986878,0.004804421542212367,0.006474627461284399,0.006337995734065771,0.005292399739846587,0.005542944557964802,0.00605015093460679,0.009343733359128237
01-01-01-02-02-07,train,7,0,neutral,01,01,02,02,03-01-01-01-02-02-07,data/raw/ravdess/audio_speech/Audio_Speech_Actors_01-24/Actor_07/03-01-01-01-02-02-07.wav,0,neutral,/home/tonyhe/ravdess_avfusion/external/audio_ser_speechbrain/speechbrain-develop-main/outputs/embeddings_ECAPA/train/03-01-01-01-02-02-07.npy,96,02-01-01-01-02-02-07,data/raw/ravdess/video_speech/Video_Speech_Actor_07/Actor_07/02-01-01-01-02-02-07.mp4,0,neutral,/home/tonyhe/ravdess_avfusion/external/video_face_branch/early_fusion_facial_v2/fusion_pack_5f/sequences/02-01-01-01-02-02-07.npy,5,2048,canonical_02,canonical_02,0.270854,0.117284,0.1124,0.092856,0.113674,0.094963,0.109347,0.088622,0.9611829400062561,0.004477841546759009,0.004683084040880203,0.00671096546575427,0.004798796074464917,0.005963783804327249,0.005318490322679281,0.0068641058169305325
01-01-01-02-02-08,train,8,0,neutral,01,01,02,02,03-01-01-01-02-02-08,data/raw/ravdess/audio_speech/Audio_Speech_Actors_01-24/Actor_08/03-01-01-01-02-02-08.wav,0,neutral,/home/tonyhe/ravdess_avfusion/external/audio_ser_speechbrain/speechbrain-develop-main/outputs/embeddings_ECAPA/train/03-01-01-01-02-02-08.npy,96,02-01-01-01-02-02-08,data/raw/ravdess/video_speech/Video_Speech_Actor_08/Actor_08/02-01-01-01-02-02-08.mp4,0,neutral,/home/tonyhe/ravdess_avfusion/external/video_face_branch/early_fusion_facial_v2/fusion_pack_5f/sequences/02-01-01-01-02-02-08.npy,5,2048,canonical_02,canonical_02,0.260399,0.123586,0.080798,0.106351,0.112821,0.07932,0.10672,0.130004,0.9685822486877441,0.0033575822599232197,0.0038778890389949082,0.005735164228826761,0.00421693385578692,0.004147063381969929,0.00423695920035243,0.005846140487119555
01-01-01-02-02-09,train,9,0,neutral,01,01,02,02,03-01-01-01-02-02-09,data/raw/ravdess/audio_speech/Audio_Speech_Actors_01-24/Actor_09/03-01-01-01-02-02-09.wav,0,neutral,/home/tonyhe/ravdess_avfusion/external/audio_ser_speechbrain/speechbrain-develop-main/outputs/embeddings_ECAPA/train/03-01-01-01-02-02-09.npy,96,02-01-01-01-02-02-09,data/raw/ravdess/video_speech/Video_Speech_Actor_09/Actor_09/02-01-01-01-02-02-09.mp4,0,neutral,/home/tonyhe/ravdess_avfusion/external/video_face_branch/early_fusion_facial_v2/fusion_pack_5f/sequences/02-01-01-01-02-02-09.npy,5,2048,canonical_02,canonical_02,0.224362,0.110989,0.126079,0.083654,0.124691,0.083538,0.104347,0.14234,0.9600737452507019,0.005172549048438668,0.005200998624786735,0.0064768711104989055,0.004677054332569241,0.00623480249196291,0.00613662526011467,0.006027388665825128
01-01-01-02-02-10,train,10,0,neutral,01,01,02,02,03-01-01-01-02-02-10,data/raw/ravdess/audio_speech/Audio_Speech_Actors_01-24/Actor_10/03-01-01-01-02-02-10.wav,0,neutral,/home/tonyhe/ravdess_avfusion/external/audio_ser_speechbrain/speechbrain-develop-main/outputs/embeddings_ECAPA/train/03-01-01-01-02-02-10.npy,96,02-01-01-01-02-02-10,data/raw/ravdess/video_speech/Video_Speech_Actor_10/Actor_10/02-01-01-01-02-02-10.mp4,0,neutral,/home/tonyhe/ravdess_avfusion/external/video_face_branch/early_fusion_facial_v2/fusion_pack_5f/sequences/02-01-01-01-02-02-10.npy,5,2048,canonical_02,canonical_02,0.243721,0.093237,0.12959,0.142566,0.079701,0.083865,0.121676,0.105642,0.9595919609069824,0.005161013640463352,0.005387511104345322,0.006148888636380434,0.004176159668713808,0.004932257905602455,0.006922278180718422,0.007679890189319849
01-01-01-02-02-11,train,11,0,neutral,01,01,02,02,03-01-01-01-02-02-11,data/raw/ravdess/audio_speech/Audio_Speech_Actors_01-24/Actor_11/03-01-01-01-02-02-11.wav,0,neutral,/home/tonyhe/ravdess_avfusion/external/audio_ser_speechbrain/speechbrain-develop-main/outputs/embeddings_ECAPA/train/03-01-01-01-02-02-11.npy,96,02-01-01-01-02-02-11,data/raw/ravdess/video_speech/Video_Speech_Actor_11/Actor_11/02-01-01-01-02-02-11.mp4,0,neutral,/home/tonyhe/ravdess_avfusion/external/video_face_branch/early_fusion_facial_v2/fusion_pack_5f/sequences/02-01-01-01-02-02-11.npy,5,2048,canonical_02,canonical_02,0.252331,0.125265,0.125342,0.082723,0.092149,0.099773,0.114168,0.108249,0.9465803742408753,0.00655182208865881,0.007455175928771496,0.007783138379454613,0.005247266031801701,0.006325885932892561,0.008948987443000078,0.011107327044010162
01-01-01-02-02-12,train,12,0,neutral,01,01,02,02,03-01-01-01-02-02-12,data/raw/ravdess/audio_speech/Audio_Speech_Actors_01-24/Actor_12/03-01-01-01-02-02-12.wav,0,neutral,/home/tonyhe/ravdess_avfusion/external/audio_ser_speechbrain/speechbrain-develop-main/outputs/embeddings_ECAPA/train/03-01-01-01-02-02-12.npy,96,02-01-01-01-02-02-12,data/raw/ravdess/video_speech/Video_Speech_Actor_12/Actor_12/02-01-01-01-02-02-12.mp4,0,neutral,/home/tonyhe/ravdess_avfusion/external/video_face_branch/early_fusion_facial_v2/fusion_pack_5f/sequences/02-01-01-01-02-02-12.npy,5,2048,canonical_02,canonical_02,0.237557,0.150738,0.075026,0.152901,0.091195,0.080684,0.11207,0.099829,0.9429176688194275,0.005544695444405079,0.011617240030318499,0.008423073263838888,0.00860799252986908,0.007789649069309235,0.009174535423517228,0.005925087770447135
01-01-01-02-02-13,train,13,0,neutral,01,01,02,02,03-01-01-01-02-02-13,data/raw/ravdess/audio_speech/Audio_Speech_Actors_01-24/Actor_13/03-01-01-01-02-02-13.wav,0,neutral,/home/tonyhe/ravdess_avfusion/external/audio_ser_speechbrain/speechbrain-develop-main/outputs/embeddings_ECAPA/train/03-01-01-01-02-02-13.npy,96,02-01-01-01-02-02-13,data/raw/ravdess/video_speech/Video_Speech_Actor_13/Actor_13/02-01-01-01-02-02-13.mp4,0,neutral,/home/tonyhe/ravdess_avfusion/external/video_face_branch/early_fusion_facial_v2/fusion_pack_5f/sequences/02-01-01-01-02-02-13.npy,5,2048,canonical_02,canonical_02,0.259352,0.129092,0.106848,0.095719,0.096823,0.088033,0.107288,0.116846,0.9577495217323303,0.004536420945078135,0.005224491562694311,0.006740211602300405,0.006052137818187475,0.006645533815026283,0.006279568467289209,0.006772101484239101
01-01-01-02-02-14,train,14,0,neutral,01,01,02,02,03-01-01-01-02-02-14,data/raw/ravdess/audio_speech/Audio_Speech_Actors_01-24/Actor_14/03-01-01-01-02-02-14.wav,0,neutral,/home/tonyhe/ravdess_avfusion/external/audio_ser_speechbrain/speechbrain-develop-main/outputs/embeddings_ECAPA/train/03-01-01-01-02-02-14.npy,96,02-01-01-01-02-02-14,data/raw/ravdess/video_speech/Video_Speech_Actor_14/Actor_14/02-01-01-01-02-02-14.mp4,0,neutral,/home/tonyhe/ravdess_avfusion/external/video_face_branch/early_fusion_facial_v2/fusion_pack_5f/sequences/02-01-01-01-02-02-14.npy,5,2048,canonical_02,canonical_02,0.239615,0.127572,0.102465,0.092483,0.090047,0.081401,0.12034,0.146078,0.9582922577857971,0.005021961592137814,0.005044534243643284,0.006555086374282837,0.006236883066594601,0.005481055472046137,0.006696602050215006,0.006671616062521935
01-01-01-02-02-15,train,15,0,neutral,01,01,02,02,03-01-01-01-02-02-15,data/raw/ravdess/audio_speech/Audio_Speech_Actors_01-24/Actor_15/03-01-01-01-02-02-15.wav,0,neutral,/home/tonyhe/ravdess_avfusion/external/audio_ser_speechbrain/speechbrain-develop-main/outputs/embeddings_ECAPA/train/03-01-01-01-02-02-15.npy,96,02-01-01-01-02-02-15,data/raw/ravdess/video_speech/Video_Speech_Actor_15/Actor_15/02-01-01-01-02-02-15.mp4,0,neutral,/home/tonyhe/ravdess_avfusion/data/processed/video/backfill_actor15/sequence_embeddings_5f/train/02-01-01-01-02-02-15.npy,5,2048,backfill_actor15,backfill_actor15,0.243639,0.127707,0.079192,0.131259,0.100208,0.065501,0.11171,0.140785,0.9038753509521484,0.009267368353903294,0.011181795969605446,0.018371349200606346,0.025380054488778114,0.006941839121282101,0.01421557366847992,0.010766674764454365
01-01-01-02-02-16,train,16,0,neutral,01,01,02,02,03-01-01-01-02-02-16,data/raw/ravdess/audio_speech/Audio_Speech_Actors_01-24/Actor_16/03-01-01-01-02-02-16.wav,0,neutral,/home/tonyhe/ravdess_avfusion/external/audio_ser_speechbrain/speechbrain-develop-main/outputs/embeddings_ECAPA/train/03-01-01-01-02-02-16.npy,96,02-01-01-01-02-02-16,data/raw/ravdess/video_speech/Video_Speech_Actor_16/Actor_16/02-01-01-01-02-02-16.mp4,0,neutral,/home/tonyhe/ravdess_avfusion/external/video_face_branch/early_fusion_facial_v2/fusion_pack_5f/sequences/02-01-01-01-02-02-16.npy,5,2048,canonical_02,canonical_02,0.245041,0.143556,0.125777,0.102584,0.087995,0.073603,0.104531,0.116913,0.9519818544387817,0.006651030946522951,0.00714801624417305,0.00594912744127214,0.0060284043662250045,0.005990545172244311,0.007347038295120001,0.008904017135500908
01-02-01-01-01-01,train,1,1,calm,02,01,01,01,03-01-02-01-01-01-01,data/raw/ravdess/audio_speech/Audio_Speech_Actors_01-24/Actor_01/03-01-02-01-01-01-01.wav,1,calm,/home/tonyhe/ravdess_avfusion/external/audio_ser_speechbrain/speechbrain-develop-main/outputs/embeddings_ECAPA/train/03-01-02-01-01-01-01.npy,96,02-01-02-01-01-01-01,data/raw/ravdess/video_speech/Video_Speech_Actor_01/Actor_01/02-01-02-01-01-01-01.mp4,1,calm,/home/tonyhe/ravdess_avfusion/external/video_face_branch/early_fusion_facial_v2/fusion_pack_5f/sequences/02-01-02-01-01-01-01.npy,5,2048,canonical_02,canonical_02,0.152491,0.242091,0.13579,0.102298,0.089082,0.079927,0.1103,0.088021,0.020636072009801866,0.9099305510520935,0.01243588849902153,0.010120081994682551,0.010636573005467654,0.008582312986254692,0.014157304167747497,0.0135011974722147
01-02-01-01-01-02,train,2,1,calm,02,01,01,01,03-01-02-01-01-01-02,data/raw/ravdess/audio_speech/Audio_Speech_Actors_01-24/Actor_02/03-01-02-01-01-01-02.wav,1,calm,/home/tonyhe/ravdess_avfusion/external/audio_ser_speechbrain/speechbrain-develop-main/outputs/embeddings_ECAPA/train/03-01-02-01-01-01-02.npy,96,02-01-02-01-01-01-02,data/raw/ravdess/video_speech/Video_Speech_Actor_02/Actor_02/02-01-02-01-01-01-02.mp4,1,calm,/home/tonyhe/ravdess_avfusion/external/video_face_branch/early_fusion_facial_v2/fusion_pack_5f/sequences/02-01-02-01-01-01-02.npy,5,2048,canonical_02,canonical_02,0.146296,0.243756,0.149871,0.085733,0.094812,0.101857,0.084907,0.092769,0.042066968977451324,0.8899080038070679,0.009578700363636016,0.011210781522095203,0.00949812140315771,0.010709042102098465,0.013867894560098648,0.013160480745136737
01-02-01-01-01-03,train,3,1,calm,02,01,01,01,03-01-02-01-01-01-03,data/raw/ravdess/audio_speech/Audio_Speech_Actors_01-24/Actor_03/03-01-02-01-01-01-03.wav,1,calm,/home/tonyhe/ravdess_avfusion/external/audio_ser_speechbrain/speechbrain-develop-main/outputs/embeddings_ECAPA/train/03-01-02-01-01-01-03.npy,96,02-01-02-01-01-01-03,data/raw/ravdess/video_speech/Video_Speech_Actor_03/Actor_03/02-01-02-01-01-01-03.mp4,1,calm,/home/tonyhe/ravdess_avfusion/external/video_face_branch/early_fusion_facial_v2/fusion_pack_5f/sequences/02-01-02-01-01-01-03.npy,5,2048,canonical_02,canonical_02,0.148014,0.248286,0.113373,0.130228,0.104936,0.074417,0.085981,0.094765,0.0464968241751194,0.8498247146606446,0.012469499185681344,0.013486537337303161,0.013706799410283566,0.013483794964849949,0.014101146534085274,0.03643070124089718
01-02-01-01-01-04,train,4,1,calm,02,01,01,01,03-01-02-01-01-01-04,data/raw/ravdess/audio_speech/Audio_Speech_Actors_01-24/Actor_04/03-01-02-01-01-01-04.wav,1,calm,/home/tonyhe/ravdess_avfusion/external/audio_ser_speechbrain/speechbrain-develop-main/outputs/embeddings_ECAPA/train/03-01-02-01-01-01-04.npy,96,02-01-02-01-01-01-04,data/raw/ravdess/video_speech/Video_Speech_Actor_04/Actor_04/02-01-02-01-01-01-04.mp4,1,calm,/home/tonyhe/ravdess_avfusion/external/video_face_branch/early_fusion_facial_v2/fusion_pack_5f/sequences/02-01-02-01-01-01-04.npy,5,2048,canonical_02,canonical_02,0.143728,0.266756,0.11877,0.093184,0.11627,0.083401,0.095757,0.082135,0.03557003252208233,0.8702934384346008,0.014408003725111484,0.015176292881369591,0.015410315431654453,0.01349677238613367,0.016068479232490062,0.01957670282572508
01-02-01-01-01-05,train,5,1,calm,02,01,01,01,03-01-02-01-01-01-05,data/raw/ravdess/audio_speech/Audio_Speech_Actors_01-24/Actor_05/03-01-02-01-01-01-05.wav,1,calm,/home/tonyhe/ravdess_avfusion/external/audio_ser_speechbrain/speechbrain-develop-main/outputs/embeddings_ECAPA/train/03-01-02-01-01-01-05.npy,96,02-01-02-01-01-01-05,data/raw/ravdess/video_speech/Video_Speech_Actor_05/Actor_05/02-01-02-01-01-01-05.mp4,1,calm,/home/tonyhe/ravdess_avfusion/external/video_face_branch/early_fusion_facial_v2/fusion_pack_5f/sequences/02-01-02-01-01-01-05.npy,5,2048,canonical_02,canonical_02,0.149119,0.251936,0.130013,0.08874,0.103495,0.07704,0.106954,0.092702,0.029303338006138803,0.8861955404281616,0.011950918752700091,0.013687112554907798,0.012865190766751767,0.012816824577748775,0.018124707415699957,0.01505635678768158
01-02-01-01-01-06,train,6,1,calm,02,01,01,01,03-01-02-01-01-01-06,data/raw/ravdess/audio_speech/Audio_Speech_Actors_01-24/Actor_06/03-01-02-01-01-01-06.wav,1,calm,/home/tonyhe/ravdess_avfusion/external/audio_ser_speechbrain/speechbrain-develop-main/outputs/embeddings_ECAPA/train/03-01-02-01-01-01-06.npy,96,02-01-02-01-01-01-06,data/raw/ravdess/video_speech/Video_Speech_Actor_06/Actor_06/02-01-02-01-01-01-06.mp4,1,calm,/home/tonyhe/ravdess_avfusion/external/video_face_branch/early_fusion_facial_v2/fusion_pack_5f/sequences/02-01-02-01-01-01-06.npy,5,2048,canonical_02,canonical_02,0.094182,0.24945,0.111705,0.108553,0.100948,0.13873,0.115772,0.08066,0.02891647517681122,0.8753112435340882,0.014732922054827213,0.01658809445798397,0.014438946172595024,0.016694862954318525,0.015947434306144714,0.01737003866583109
01-02-01-01-01-07,train,7,1,calm,02,01,01,01,03-01-02-01-01-01-07,data/raw/ravdess/audio_speech/Audio_Speech_Actors_01-24/Actor_07/03-01-02-01-01-01-07.wav,1,calm,/home/tonyhe/ravdess_avfusion/external/audio_ser_speechbrain/speechbrain-develop-main/outputs/embeddings_ECAPA/train/03-01-02-01-01-01-07.npy,96,02-01-02-01-01-01-07,data/raw/ravdess/video_speech/Video_Speech_Actor_07/Actor_07/02-01-02-01-01-01-07.mp4,1,calm,/home/tonyhe/ravdess_avfusion/external/video_face_branch/early_fusion_facial_v2/fusion_pack_5f/sequences/02-01-02-01-01-01-07.npy,5,2048,canonical_02,canonical_02,0.122748,0.258867,0.12682,0.096664,0.079892,0.103858,0.096021,0.115131,0.10290571562945842,0.8100239992141723,0.021406073495745657,0.013058378919959068,0.012602941412478686,0.010721949953585863,0.015956231951713563,0.01332473736256361
01-02-01-01-01-08,train,8,1,calm,02,01,01,01,03-01-02-01-01-01-08,data/raw/ravdess/audio_speech/Audio_Speech_Actors_01-24/Actor_08/03-01-02-01-01-01-08.wav,1,calm,/home/tonyhe/ravdess_avfusion/external/audio_ser_speechbrain/speechbrain-develop-main/outputs/embeddings_ECAPA/train/03-01-02-01-01-01-08.npy,96,02-01-02-01-01-01-08,data/raw/ravdess/video_speech/Video_Speech_Actor_08/Actor_08/02-01-02-01-01-01-08.mp4,1,calm,/home/tonyhe/ravdess_avfusion/external/video_face_branch/early_fusion_facial_v2/fusion_pack_5f/sequences/02-01-02-01-01-01-08.npy,5,2048,canonical_02,canonical_02,0.135773,0.268285,0.101238,0.094288,0.098265,0.116831,0.093746,0.091575,0.030299586430191993,0.8869146108627319,0.012348341383039951,0.011865894496440887,0.014368948619812727,0.012089937273412944,0.014740313403308392,0.017372355796396732
01-02-01-01-01-09,train,9,1,calm,02,01,01,01,03-01-02-01-01-01-09,data/raw/ravdess/audio_speech/Audio_Speech_Actors_01-24/Actor_09/03-01-02-01-01-01-09.wav,1,calm,/home/tonyhe/ravdess_avfusion/external/audio_ser_speechbrain/speechbrain-develop-main/outputs/embeddings_ECAPA/train/03-01-02-01-01-01-09.npy,96,02-01-02-01-01-01-09,data/raw/ravdess/video_speech/Video_Speech_Actor_09/Actor_09/02-01-02-01-01-01-09.mp4,1,calm,/home/tonyhe/ravdess_avfusion/external/video_face_branch/early_fusion_facial_v2/fusion_pack_5f/sequences/02-01-02-01-01-01-09.npy,5,2048,canonical_02,canonical_02,0.144181,0.24719,0.109783,0.071337,0.111219,0.108081,0.09129,0.11692,0.02875549905002117,0.885815155506134,0.011318226717412472,0.014192978292703629,0.014176721498370171,0.015033510886132717,0.015584496222436428,0.015123420208692551
01-02-01-01-01-10,train,10,1,calm,02,01,01,01,03-01-02-01-01-01-10,data/raw/ravdess/audio_speech/Audio_Speech_Actors_01-24/Actor_10/03-01-02-01-01-01-10.wav,1,calm,/home/tonyhe/ravdess_avfusion/external/audio_ser_speechbrain/speechbrain-develop-main/outputs/embeddings_ECAPA/train/03-01-02-01-01-01-10.npy,96,02-01-02-01-01-01-10,data/raw/ravdess/video_speech/Video_Speech_Actor_10/Actor_10/02-01-02-01-01-01-10.mp4,1,calm,/home/tonyhe/ravdess_avfusion/external/video_face_branch/early_fusion_facial_v2/fusion_pack_5f/sequences/02-01-02-01-01-01-10.npy,5,2048,canonical_02,canonical_02,0.121354,0.241182,0.152002,0.102025,0.125361,0.074505,0.099839,0.083731,0.03285428360104561,0.8804957270622253,0.013213032670319081,0.014794612303376198,0.015908978693187237,0.01123694721609354,0.01633835956454277,0.015158065967261792
01-02-01-01-01-11,train,11,1,calm,02,01,01,01,03-01-02-01-01-01-11,data/raw/ravdess/audio_speech/Audio_Speech_Actors_01-24/Actor_11/03-01-02-01-01-01-11.wav,1,calm,/home/tonyhe/ravdess_avfusion/external/audio_ser_speechbrain/speechbrain-develop-main/outputs/embeddings_ECAPA/train/03-01-02-01-01-01-11.npy,96,02-01-02-01-01-01-11,data/raw/ravdess/video_speech/Video_Speech_Actor_11/Actor_11/02-01-02-01-01-01-11.mp4,1,calm,/home/tonyhe/ravdess_avfusion/external/video_face_branch/early_fusion_facial_v2/fusion_pack_5f/sequences/02-01-02-01-01-01-11.npy,5,2048,canonical_02,canonical_02,0.144134,0.264905,0.111153,0.112857,0.107529,0.106803,0.078896,0.073724,0.025818248465657233,0.8805838465690613,0.015842970833182334,0.016322174482047556,0.012933946773409843,0.014077506586909294,0.020543096214532854,0.013878161273896693
01-02-01-01-01-12,train,12,1,calm,02,01,01,01,03-01-02-01-01-01-12,data/raw/ravdess/audio_speech/Audio_Speech_Actors_01-24/Actor_12/03-01-02-01-01-01-12.wav,1,calm,/home/tonyhe/ravdess_avfusion/external/audio_ser_speechbrain/speechbrain-develop-main/outputs/embeddings_ECAPA/train/03-01-02-01-01-01-12.npy,96,02-01-02-01-01-01-12,data/raw/ravdess/video_speech/Video_Speech_Actor_12/Actor_12/02-01-02-01-01-01-12.mp4,1,calm,/home/tonyhe/ravdess_avfusion/external/video_face_branch/early_fusion_facial_v2/fusion_pack_5f/sequences/02-01-02-01-01-01-12.npy,5,2048,canonical_02,canonical_02,0.120547,0.264588,0.132018,0.091471,0.109168,0.084875,0.093855,0.103478,0.12548913210630416,0.795349633693695,0.011866133473813534,0.012562172673642635,0.010047242231667041,0.011243874952197076,0.016076823323965074,0.01736497925594449
01-02-01-01-01-13,train,13,1,calm,02,01,01,01,03-01-02-01-01-01-13,data/raw/ravdess/audio_speech/Audio_Speech_Actors_01-24/Actor_13/03-01-02-01-01-01-13.wav,1,calm,/home/tonyhe/ravdess_avfusion/external/audio_ser_speechbrain/speechbrain-develop-main/outputs/embeddings_ECAPA/train/03-01-02-01-01-01-13.npy,96,02-01-02-01-01-01-13,data/raw/ravdess/video_speech/Video_Speech_Actor_13/Actor_13/02-01-02-01-01-01-13.mp4,1,calm,/home/tonyhe/ravdess_avfusion/external/video_face_branch/early_fusion_facial_v2/fusion_pack_5f/sequences/02-01-02-01-01-01-13.npy,5,2048,canonical_02,canonical_02,0.136435,0.248411,0.112895,0.104949,0.102114,0.07901,0.129755,0.086432,0.02660960182547569,0.8948321223258973,0.01213425789028406,0.012271984666585922,0.0140043580904603,0.012890425883233548,0.013711361028254033,0.01354587748646736
01-02-01-01-01-14,train,14,1,calm,02,01,01,01,03-01-02-01-01-01-14,data/raw/ravdess/audio_speech/Audio_Speech_Actors_01-24/Actor_14/03-01-02-01-01-01-14.wav,1,calm,/home/tonyhe/ravdess_avfusion/external/audio_ser_speechbrain/speechbrain-develop-main/outputs/embeddings_ECAPA/train/03-01-02-01-01-01-14.npy,96,02-01-02-01-01-01-14,data/raw/ravdess/video_speech/Video_Speech_Actor_14/Actor_14/02-01-02-01-01-01-14.mp4,1,calm,/home/tonyhe/ravdess_avfusion/external/video_face_branch/early_fusion_facial_v2/fusion_pack_5f/sequences/02-01-02-01-01-01-14.npy,5,2048,canonical_02,canonical_02,0.136229,0.245876,0.142877,0.08706,0.09414,0.091219,0.090904,0.111697,0.10236947312951088,0.7937402546405792,0.014579231664538384,0.015318828262388706,0.01568058542907238,0.014076449908316135,0.017957432940602303,0.026277755759656428
01-02-01-01-01-15,train,15,1,calm,02,01,01,01,03-01-02-01-01-01-15,data/raw/ravdess/audio_speech/Audio_Speech_Actors_01-24/Actor_15/03-01-02-01-01-01-15.wav,1,calm,/home/tonyhe/ravdess_avfusion/external/audio_ser_speechbrain/speechbrain-develop-main/outputs/embeddings_ECAPA/train/03-01-02-01-01-01-15.npy,96,02-01-02-01-01-01-15,data/raw/ravdess/video_speech/Video_Speech_Actor_15/Actor_15/02-01-02-01-01-01-15.mp4,1,calm,/home/tonyhe/ravdess_avfusion/data/processed/video/backfill_actor15/sequence_embeddings_5f/train/02-01-02-01-01-01-15.npy,5,2048,backfill_actor15,backfill_actor15,0.133634,0.264441,0.114553,0.086067,0.093407,0.087958,0.11249,0.107451,0.15751537680625916,0.6570481061935425,0.054895080626010895,0.05380527302622795,0.013061684556305408,0.009499549865722656,0.025548364967107773,0.028626546263694763
01-02-01-01-01-16,train,16,1,calm,02,01,01,01,03-01-02-01-01-01-16,data/raw/ravdess/audio_speech/Audio_Speech_Actors_01-24/Actor_16/03-01-02-01-01-01-16.wav,1,calm,/home/tonyhe/ravdess_avfusion/external/audio_ser_speechbrain/speechbrain-develop-main/outputs/embeddings_ECAPA/train/03-01-02-01-01-01-16.npy,96,02-01-02-01-01-01-16,data/raw/ravdess/video_speech/Video_Speech_Actor_16/Actor_16/02-01-02-01-01-01-16.mp4,1,calm,/home/tonyhe/ravdess_avfusion/external/video_face_branch/early_fusion_facial_v2/fusion_pack_5f/sequences/02-01-02-01-01-01-16.npy,5,2048,canonical_02,canonical_02,0.127722,0.244271,0.146076,0.081743,0.099316,0.094371,0.089376,0.117125,0.03384722992777824,0.8857540488243103,0.014164563082158566,0.013636983931064606,0.011496094800531865,0.011071081459522247,0.014743136614561081,0.015286864526569844
01-02-01-01-02-01,train,1,1,calm,02,01,01,02,03-01-02-01-01-02-01,data/raw/ravdess/audio_speech/Audio_Speech_Actors_01-24/Actor_01/03-01-02-01-01-02-01.wav,1,calm,/home/tonyhe/ravdess_avfusion/external/audio_ser_speechbrain/speechbrain-develop-main/outputs/embeddings_ECAPA/train/03-01-02-01-01-02-01.npy,96,02-01-02-01-01-02-01,data/raw/ravdess/video_speech/Video_Speech_Actor_01/Actor_01/02-01-02-01-01-02-01.mp4,1,calm,/home/tonyhe/ravdess_avfusion/external/video_face_branch/early_fusion_facial_v2/fusion_pack_5f/sequences/02-01-02-01-01-02-01.npy,5,2048,canonical_02,canonical_02,0.138323,0.266465,0.130181,0.094259,0.097193,0.091338,0.089845,0.092397,0.020010960660874842,0.91000816822052,0.009734874404966832,0.01291864961385727,0.009861343167722225,0.01057512704282999,0.013062506541609764,0.01382840471342206
01-02-01-01-02-02,train,2,1,calm,02,01,01,02,03-01-02-01-01-02-02,data/raw/ravdess/audio_speech/Audio_Speech_Actors_01-24/Actor_02/03-01-02-01-01-02-02.wav,1,calm,/home/tonyhe/ravdess_avfusion/external/audio_ser_speechbrain/speechbrain-develop-main/outputs/embeddings_ECAPA/train/03-01-02-01-01-02-02.npy,96,02-01-02-01-01-02-02,data/raw/ravdess/video_speech/Video_Speech_Actor_02/Actor_02/02-01-02-01-01-02-02.mp4,1,calm,/home/tonyhe/ravdess_avfusion/external/video_face_branch/early_fusion_facial_v2/fusion_pack_5f/sequences/02-01-02-01-01-02-02.npy,5,2048,canonical_02,canonical_02,0.113038,0.255969,0.137193,0.083441,0.094942,0.112715,0.089565,0.113138,0.07109116949141026,0.8629483461380005,0.01576824691146612,0.00922125456854701,0.008358288183808326,0.009145512059330941,0.011898273602128029,0.01156886639073491
01-02-01-01-02-03,train,3,1,calm,02,01,01,02,03-01-02-01-01-02-03,data/raw/ravdess/audio_speech/Audio_Speech_Actors_01-24/Actor_03/03-01-02-01-01-02-03.wav,1,calm,/home/tonyhe/ravdess_avfusion/external/audio_ser_speechbrain/speechbrain-develop-main/outputs/embeddings_ECAPA/train/03-01-02-01-01-02-03.npy,96,02-01-02-01-01-02-03,data/raw/ravdess/video_speech/Video_Speech_Actor_03/Actor_03/02-01-02-01-01-02-03.mp4,1,calm,/home/tonyhe/ravdess_avfusion/external/video_face_branch/early_fusion_facial_v2/fusion_pack_5f/sequences/02-01-02-01-01-02-03.npy,5,2048,canonical_02,canonical_02,0.134147,0.265536,0.118118,0.112238,0.107281,0.083934,0.078454,0.100293,0.03477102592587471,0.8316856145858764,0.0135777922347188,0.014972926490008831,0.011173062957823277,0.013686766475439071,0.01827193275094032,0.06186085864901543
01-02-01-01-02-04,train,4,1,calm,02,01,01,02,03-01-02-01-01-02-04,data/raw/ravdess/audio_speech/Audio_Speech_Actors_01-24/Actor_04/03-01-02-01-01-02-04.wav,1,calm,/home/tonyhe/ravdess_avfusion/external/audio_ser_speechbrain/speechbrain-develop-main/outputs/embeddings_ECAPA/train/03-01-02-01-01-02-04.npy,96,02-01-02-01-01-02-04,data/raw/ravdess/video_speech/Video_Speech_Actor_04/Actor_04/02-01-02-01-01-02-04.mp4,1,calm,/home/tonyhe/ravdess_avfusion/external/video_face_branch/early_fusion_facial_v2/fusion_pack_5f/sequences/02-01-02-01-01-02-04.npy,5,2048,canonical_02,canonical_02,0.108111,0.250253,0.144277,0.092541,0.11969,0.087658,0.116449,0.08102,0.042013610154390334,0.8462293982505799,0.018196141719818114,0.016407966054975985,0.018055579252541067,0.015273619256913663,0.020204595662653445,0.02361912950873375
01-02-01-01-02-05,train,5,1,calm,02,01,01,02,03-01-02-01-01-02-05,data/raw/ravdess/audio_speech/Audio_Speech_Actors_01-24/Actor_05/03-01-02-01-01-02-05.wav,1,calm,/home/tonyhe/ravdess_avfusion/external/audio_ser_speechbrain/speechbrain-develop-main/outputs/embeddings_ECAPA/train/03-01-02-01-01-02-05.npy,96,02-01-02-01-01-02-05,data/raw/ravdess/video_speech/Video_Speech_Actor_05/Actor_05/02-01-02-01-01-02-05.mp4,1,calm,/home/tonyhe/ravdess_avfusion/external/video_face_branch/early_fusion_facial_v2/fusion_pack_5f/sequences/02-01-02-01-01-02-05.npy,5,2048,canonical_02,canonical_02,0.135658,0.245351,0.122636,0.094137,0.095521,0.073864,0.127289,0.105544,0.0300485011190176,0.8816155076026917,0.015009992197155953,0.012504218332469463,0.013728406466543674,0.013961119391024113,0.01811442542821169,0.015017865970730782
01-02-01-01-02-06,train,6,1,calm,02,01,01,02,03-01-02-01-01-02-06,data/raw/ravdess/audio_speech/Audio_Speech_Actors_01-24/Actor_06/03-01-02-01-01-02-06.wav,1,calm,/home/tonyhe/ravdess_avfusion/external/audio_ser_speechbrain/speechbrain-develop-main/outputs/embeddings_ECAPA/train/03-01-02-01-01-02-06.npy,96,02-01-02-01-01-02-06,data/raw/ravdess/video_speech/Video_Speech_Actor_06/Actor_06/02-01-02-01-01-02-06.mp4,1,calm,/home/tonyhe/ravdess_avfusion/external/video_face_branch/early_fusion_facial_v2/fusion_pack_5f/sequences/02-01-02-01-01-02-06.npy,5,2048,canonical_02,canonical_02,0.106113,0.253242,0.124327,0.117543,0.088756,0.120282,0.106817,0.08292,0.028660451248288154,0.8769692182540894,0.014340976998209954,0.016108332201838493,0.011408401094377041,0.01862062718719244,0.01567804329097271,0.01821395829319954
01-02-01-01-02-07,train,7,1,calm,02,01,01,02,03-01-02-01-01-02-07,data/raw/ravdess/audio_speech/Audio_Speech_Actors_01-24/Actor_07/03-01-02-01-01-02-07.wav,1,calm,/home/tonyhe/ravdess_avfusion/external/audio_ser_speechbrain/speechbrain-develop-main/outputs/embeddings_ECAPA/train/03-01-02-01-01-02-07.npy,96,02-01-02-01-01-02-07,data/raw/ravdess/video_speech/Video_Speech_Actor_07/Actor_07/02-01-02-01-01-02-07.mp4,1,calm,/home/tonyhe/ravdess_avfusion/external/video_face_branch/early_fusion_facial_v2/fusion_pack_5f/sequences/02-01-02-01-01-02-07.npy,5,2048,canonical_02,canonical_02,0.114628,0.268652,0.122194,0.090641,0.093595,0.103451,0.090403,0.116437,0.026047586090862752,0.8755325675010681,0.016606758534908294,0.01644235271960497,0.016504001803696156,0.013632364012300969,0.015113246627151966,0.02012112978845835
01-02-01-01-02-08,train,8,1,calm,02,01,01,02,03-01-02-01-01-02-08,data/raw/ravdess/audio_speech/Audio_Speech_Actors_01-24/Actor_08/03-01-02-01-01-02-08.wav,1,calm,/home/tonyhe/ravdess_avfusion/external/audio_ser_speechbrain/speechbrain-develop-main/outputs/embeddings_ECAPA/train/03-01-02-01-01-02-08.npy,96,02-01-02-01-01-02-08,data/raw/ravdess/video_speech/Video_Speech_Actor_08/Actor_08/02-01-02-01-01-02-08.mp4,1,calm,/home/tonyhe/ravdess_avfusion/external/video_face_branch/early_fusion_facial_v2/fusion_pack_5f/sequences/02-01-02-01-01-02-08.npy,5,2048,canonical_02,canonical_02,0.116963,0.260723,0.103645,0.121509,0.098799,0.09549,0.10846,0.094411,0.04473056010901928,0.8079344272613526,0.011072906292974949,0.03778114039450884,0.00977102890610695,0.010981014464050531,0.01681013535708189,0.06091879159212112
01-02-01-01-02-09,train,9,1,calm,02,01,01,02,03-01-02-01-01-02-09,data/raw/ravdess/audio_speech/Audio_Speech_Actors_01-24/Actor_09/03-01-02-01-01-02-09.wav,1,calm,/home/tonyhe/ravdess_avfusion/external/audio_ser_speechbrain/speechbrain-develop-main/outputs/embeddings_ECAPA/train/03-01-02-01-01-02-09.npy,96,02-01-02-01-01-02-09,data/raw/ravdess/video_speech/Video_Speech_Actor_09/Actor_09/02-01-02-01-01-02-09.mp4,1,calm,/home/tonyhe/ravdess_avfusion/external/video_face_branch/early_fusion_facial_v2/fusion_pack_5f/sequences/02-01-02-01-01-02-09.npy,5,2048,canonical_02,canonical_02,0.130782,0.255482,0.13301,0.075687,0.119714,0.104848,0.093078,0.087398,0.02602411210536957,0.897188937664032,0.012362893857061862,0.01362383421510458,0.011130423657596112,0.012236719205975532,0.013445948995649815,0.013987133093178273
01-02-01-01-02-10,train,10,1,calm,02,01,01,02,03-01-02-01-01-02-10,data/raw/ravdess/audio_speech/Audio_Speech_Actors_01-24/Actor_10/03-01-02-01-01-02-10.wav,1,calm,/home/tonyhe/ravdess_avfusion/external/audio_ser_speechbrain/speechbrain-develop-main/outputs/embeddings_ECAPA/train/03-01-02-01-01-02-10.npy,96,02-01-02-01-01-02-10,data/raw/ravdess/video_speech/Video_Speech_Actor_10/Actor_10/02-01-02-01-01-02-10.mp4,1,calm,/home/tonyhe/ravdess_avfusion/external/video_face_branch/early_fusion_facial_v2/fusion_pack_5f/sequences/02-01-02-01-01-02-10.npy,5,2048,canonical_02,canonical_02,0.133554,0.232494,0.1071,0.095802,0.08911,0.078249,0.138314,0.125377,0.08493684120476246,0.800986897945404,0.025137789361178876,0.030070835165679453,0.013258971367031335,0.014897894114255905,0.017140507325530054,0.013570199720561504
01-02-01-01-02-11,train,11,1,calm,02,01,01,02,03-01-02-01-01-02-11,data/raw/ravdess/audio_speech/Audio_Speech_Actors_01-24/Actor_11/03-01-02-01-01-02-11.wav,1,calm,/home/tonyhe/ravdess_avfusion/external/audio_ser_speechbrain/speechbrain-develop-main/outputs/embeddings_ECAPA/train/03-01-02-01-01-02-11.npy,96,02-01-02-01-01-02-11,data/raw/ravdess/video_speech/Video_Speech_Actor_11/Actor_11/02-01-02-01-01-02-11.mp4,1,calm,/home/tonyhe/ravdess_avfusion/external/video_face_branch/early_fusion_facial_v2/fusion_pack_5f/sequences/02-01-02-01-01-02-11.npy,5,2048,canonical_02,canonical_02,0.149679,0.259284,0.111816,0.115301,0.11116,0.106154,0.079321,0.067284,0.016354979947209358,0.9144536018371582,0.014290605671703815,0.011304701305925846,0.008055155538022519,0.008916495088487863,0.01107451543211937,0.015549937542527915
01-02-01-01-02-12,train,12,1,calm,02,01,01,02,03-01-02-01-01-02-12,data/raw/ravdess/audio_speech/Audio_Speech_Actors_01-24/Actor_12/03-01-02-01-01-02-12.wav,1,calm,/home/tonyhe/ravdess_avfusion/external/audio_ser_speechbrain/speechbrain-develop-main/outputs/embeddings_ECAPA/train/03-01-02-01-01-02-12.npy,96,02-01-02-01-01-02-12,data/raw/ravdess/video_speech/Video_Speech_Actor_12/Actor_12/02-01-02-01-01-02-12.mp4,0,neutral,/home/tonyhe/ravdess_avfusion/external/video_face_branch/early_fusion_facial_v2/fusion_pack_5f/sequences/02-01-02-01-01-02-12.npy,5,2048,canonical_02,canonical_02,0.134711,0.255258,0.088236,0.142888,0.099661,0.107842,0.08973,0.081673,0.5226227723062038,0.38865363895893096,0.019157016649842262,0.014169287867844105,0.009386590775102377,0.012946616671979428,0.016695193015038967,0.016368868853896858
01-02-01-01-02-13,train,13,1,calm,02,01,01,02,03-01-02-01-01-02-13,data/raw/ravdess/audio_speech/Audio_Speech_Actors_01-24/Actor_13/03-01-02-01-01-02-13.wav,1,calm,/home/tonyhe/ravdess_avfusion/external/audio_ser_speechbrain/speechbrain-develop-main/outputs/embeddings_ECAPA/train/03-01-02-01-01-02-13.npy,96,02-01-02-01-01-02-13,data/raw/ravdess/video_speech/Video_Speech_Actor_13/Actor_13/02-01-02-01-01-02-13.mp4,1,calm,/home/tonyhe/ravdess_avfusion/external/video_face_branch/early_fusion_facial_v2/fusion_pack_5f/sequences/02-01-02-01-01-02-13.npy,5,2048,canonical_02,canonical_02,0.143705,0.242884,0.12178,0.087269,0.110507,0.072343,0.124711,0.096801,0.02380842752754688,0.9037513375282288,0.011591922491788864,0.010806850157678127,0.012965381518006325,0.011950909346342086,0.014279895648360252,0.010845274664461613
01-02-01-01-02-14,train,14,1,calm,02,01,01,02,03-01-02-01-01-02-14,data/raw/ravdess/audio_speech/Audio_Speech_Actors_01-24/Actor_14/03-01-02-01-01-02-14.wav,1,calm,/home/tonyhe/ravdess_avfusion/external/audio_ser_speechbrain/speechbrain-develop-main/outputs/embeddings_ECAPA/train/03-01-02-01-01-02-14.npy,96,02-01-02-01-01-02-14,data/raw/ravdess/video_speech/Video_Speech_Actor_14/Actor_14/02-01-02-01-01-02-14.mp4,1,calm,/home/tonyhe/ravdess_avfusion/external/video_face_branch/early_fusion_facial_v2/fusion_pack_5f/sequences/02-01-02-01-01-02-14.npy,5,2048,canonical_02,canonical_02,0.144713,0.249882,0.115324,0.098947,0.093025,0.099756,0.088615,0.109738,0.034183851629495624,0.820231020450592,0.017533421330153943,0.01431285385042429,0.017664769291877748,0.016012421809136868,0.02253309227526188,0.05752859003841877
01-02-01-01-02-15,train,15,1,calm,02,01,01,02,03-01-02-01-01-02-15,data/raw/ravdess/audio_speech/Audio_Speech_Actors_01-24/Actor_15/03-01-02-01-01-02-15.wav,1,calm,/home/tonyhe/ravdess_avfusion/external/audio_ser_speechbrain/speechbrain-develop-main/outputs/embeddings_ECAPA/train/03-01-02-01-01-02-15.npy,96,02-01-02-01-01-02-15,data/raw/ravdess/video_speech/Video_Speech_Actor_15/Actor_15/02-01-02-01-01-02-15.mp4,1,calm,/home/tonyhe/ravdess_avfusion/data/processed/video/backfill_actor15/sequence_embeddings_5f/train/02-01-02-01-01-02-15.npy,5,2048,backfill_actor15,backfill_actor15,0.145083,0.253986,0.096427,0.11016,0.093551,0.081966,0.122447,0.09638,0.19668592512607574,0.3896125257015228,0.16677667200565338,0.14179183542728424,0.014872523956000805,0.010316661559045315,0.020809123292565346,0.05913473293185234
01-02-01-01-02-16,train,16,1,calm,02,01,01,02,03-01-02-01-01-02-16,data/raw/ravdess/audio_speech/Audio_Speech_Actors_01-24/Actor_16/03-01-02-01-01-02-16.wav,1,calm,/home/tonyhe/ravdess_avfusion/external/audio_ser_speechbrain/speechbrain-develop-main/outputs/embeddings_ECAPA/train/03-01-02-01-01-02-16.npy,96,02-01-02-01-01-02-16,data/raw/ravdess/video_speech/Video_Speech_Actor_16/Actor_16/02-01-02-01-01-02-16.mp4,1,calm,/home/tonyhe/ravdess_avfusion/external/video_face_branch/early_fusion_facial_v2/fusion_pack_5f/sequences/02-01-02-01-01-02-16.npy,5,2048,canonical_02,canonical_02,0.14425,0.256069,0.129549,0.090911,0.104878,0.111589,0.085978,0.076777,0.02727495729923248,0.8957992315292358,0.009819189924746752,0.011545518413186073,0.012916413880884648,0.012108557671308518,0.01632152944803238,0.014214583486318589
01-02-01-02-01-01,train,1,1,calm,02,01,02,01,03-01-02-01-02-01-01,data/raw/ravdess/audio_speech/Audio_Speech_Actors_01-24/Actor_01/03-01-02-01-02-01-01.wav,1,calm,/home/tonyhe/ravdess_avfusion/external/audio_ser_speechbrain/speechbrain-develop-main/outputs/embeddings_ECAPA/train/03-01-02-01-02-01-01.npy,96,02-01-02-01-02-01-01,data/raw/ravdess/video_speech/Video_Speech_Actor_01/Actor_01/02-01-02-01-02-01-01.mp4,1,calm,/home/tonyhe/ravdess_avfusion/external/video_face_branch/early_fusion_facial_v2/fusion_pack_5f/sequences/02-01-02-01-02-01-01.npy,5,2048,canonical_02,canonical_02,0.154337,0.239126,0.133397,0.085593,0.129554,0.078533,0.084798,0.094662,0.021665866300463677,0.8922130584716796,0.01297781579196453,0.012861732952296734,0.015389931946992874,0.011373649816960096,0.016608488000929355,0.016909463331103325
01-02-01-02-01-02,train,2,1,calm,02,01,02,01,03-01-02-01-02-01-02,data/raw/ravdess/audio_speech/Audio_Speech_Actors_01-24/Actor_02/03-01-02-01-02-01-02.wav,1,calm,/home/tonyhe/ravdess_avfusion/external/audio_ser_speechbrain/speechbrain-develop-main/outputs/embeddings_ECAPA/train/03-01-02-01-02-01-02.npy,96,02-01-02-01-02-01-02,data/raw/ravdess/video_speech/Video_Speech_Actor_02/Actor_02/02-01-02-01-02-01-02.mp4,1,calm,/home/tonyhe/ravdess_avfusion/external/video_face_branch/early_fusion_facial_v2/fusion_pack_5f/sequences/02-01-02-01-02-01-02.npy,5,2048,canonical_02,canonical_02,0.146102,0.244054,0.132667,0.105017,0.077797,0.108811,0.089068,0.096485,0.029628288373351096,0.8930549144744873,0.011968937888741493,0.011901842895895243,0.011780321411788464,0.013008035905659198,0.015570062957704068,0.013087611645460129
01-02-01-02-01-03,train,3,1,calm,02,01,02,01,03-01-02-01-02-01-03,data/raw/ravdess/audio_speech/Audio_Speech_Actors_01-24/Actor_03/03-01-02-01-02-01-03.wav,1,calm,/home/tonyhe/ravdess_avfusion/external/audio_ser_speechbrain/speechbrain-develop-main/outputs/embeddings_ECAPA/train/03-01-02-01-02-01-03.npy,96,02-01-02-01-02-01-03,data/raw/ravdess/video_speech/Video_Speech_Actor_03/Actor_03/02-01-02-01-02-01-03.mp4,1,calm,/home/tonyhe/ravdess_avfusion/external/video_face_branch/early_fusion_facial_v2/fusion_pack_5f/sequences/02-01-02-01-02-01-03.npy,5,2048,canonical_02,canonical_02,0.107978,0.249908,0.154281,0.110708,0.102351,0.086508,0.101087,0.087178,0.023729866743087767,0.8413625597953797,0.07461890280246734,0.010581801645457745,0.010699405893683433,0.012063876911997794,0.013900313526391983,0.013043244741857052
01-02-01-02-01-04,train,4,1,calm,02,01,02,01,03-01-02-01-02-01-04,data/raw/ravdess/audio_speech/Audio_Speech_Actors_01-24/Actor_04/03-01-02-01-02-01-04.wav,1,calm,/home/tonyhe/ravdess_avfusion/external/audio_ser_speechbrain/speechbrain-develop-main/outputs/embeddings_ECAPA/train/03-01-02-01-02-01-04.npy,96,02-01-02-01-02-01-04,data/raw/ravdess/video_speech/Video_Speech_Actor_04/Actor_04/02-01-02-01-02-01-04.mp4,1,calm,/home/tonyhe/ravdess_avfusion/external/video_face_branch/early_fusion_facial_v2/fusion_pack_5f/sequences/02-01-02-01-02-01-04.npy,5,2048,canonical_02,canonical_02,0.142436,0.246701,0.11897,0.092269,0.10042,0.088516,0.126891,0.083796,0.04049893170595169,0.8736386895179749,0.01160870660096407,0.012599651701748371,0.014427060820162296,0.011877146922051907,0.016174834780395032,0.01917495336383581
01-02-01-02-01-05,train,5,1,calm,02,01,02,01,03-01-02-01-02-01-05,data/raw/ravdess/audio_speech/Audio_Speech_Actors_01-24/Actor_05/03-01-02-01-02-01-05.wav,1,calm,/home/tonyhe/ravdess_avfusion/external/audio_ser_speechbrain/speechbrain-develop-main/outputs/embeddings_ECAPA/train/03-01-02-01-02-01-05.npy,96,02-01-02-01-02-01-05,data/raw/ravdess/video_speech/Video_Speech_Actor_05/Actor_05/02-01-02-01-02-01-05.mp4,1,calm,/home/tonyhe/ravdess_avfusion/external/video_face_branch/early_fusion_facial_v2/fusion_pack_5f/sequences/02-01-02-01-02-01-05.npy,5,2048,canonical_02,canonical_02,0.148773,0.25255,0.117952,0.097489,0.127082,0.07177,0.094282,0.090101,0.0313771765679121,0.8761372089385986,0.01140933632850647,0.013645409420132638,0.016983735002577306,0.014235316962003707,0.021059232577681542,0.015152602270245553
01-02-01-02-01-06,train,6,1,calm,02,01,02,01,03-01-02-01-02-01-06,data/raw/ravdess/audio_speech/Audio_Speech_Actors_01-24/Actor_06/03-01-02-01-02-01-06.wav,1,calm,/home/tonyhe/ravdess_avfusion/external/audio_ser_speechbrain/speechbrain-develop-main/outputs/embeddings_ECAPA/train/03-01-02-01-02-01-06.npy,96,02-01-02-01-02-01-06,data/raw/ravdess/video_speech/Video_Speech_Actor_06/Actor_06/02-01-02-01-02-01-06.mp4,1,calm,/home/tonyhe/ravdess_avfusion/external/video_face_branch/early_fusion_facial_v2/fusion_pack_5f/sequences/02-01-02-01-02-01-06.npy,5,2048,canonical_02,canonical_02,0.108396,0.249768,0.129503,0.109391,0.085836,0.102377,0.116738,0.097992,0.028098740428686143,0.8747332930564881,0.014712021872401237,0.016252627596259117,0.015712509863078594,0.015705230459570885,0.016723471321165563,0.01806205827742815
01-02-01-02-01-07,train,7,1,calm,02,01,02,01,03-01-02-01-02-01-07,data/raw/ravdess/audio_speech/Audio_Speech_Actors_01-24/Actor_07/03-01-02-01-02-01-07.wav,1,calm,/home/tonyhe/ravdess_avfusion/external/audio_ser_speechbrain/speechbrain-develop-main/outputs/embeddings_ECAPA/train/03-01-02-01-02-01-07.npy,96,02-01-02-01-02-01-07,data/raw/ravdess/video_speech/Video_Speech_Actor_07/Actor_07/02-01-02-01-02-01-07.mp4,1,calm,/home/tonyhe/ravdess_avfusion/external/video_face_branch/early_fusion_facial_v2/fusion_pack_5f/sequences/02-01-02-01-02-01-07.npy,5,2048,canonical_02,canonical_02,0.148898,0.258878,0.125093,0.110979,0.084556,0.086774,0.096393,0.088429,0.03367928303778171,0.8908018469810486,0.009764643013477325,0.013084579072892667,0.014250023663043976,0.010534383542835712,0.013899904675781727,0.013985316641628743
01-02-01-02-01-08,train,8,1,calm,02,01,02,01,03-01-02-01-02-01-08,data/raw/ravdess/audio_speech/Audio_Speech_Actors_01-24/Actor_08/03-01-02-01-02-01-08.wav,1,calm,/home/tonyhe/ravdess_avfusion/external/audio_ser_speechbrain/speechbrain-develop-main/outputs/embeddings_ECAPA/train/03-01-02-01-02-01-08.npy,96,02-01-02-01-02-01-08,data/raw/ravdess/video_speech/Video_Speech_Actor_08/Actor_08/02-01-02-01-02-01-08.mp4,1,calm,/home/tonyhe/ravdess_avfusion/external/video_face_branch/early_fusion_facial_v2/fusion_pack_5f/sequences/02-01-02-01-02-01-08.npy,5,2048,canonical_02,canonical_02,0.123062,0.263816,0.105772,0.107929,0.09675,0.123409,0.098142,0.08112,0.02858443818986416,0.884856927394867,0.012196999043226242,0.012609711103141307,0.017086257599294184,0.013711681775748729,0.016591521352529524,0.014362478628754616
01-02-01-02-01-09,train,9,1,calm,02,01,02,01,03-01-02-01-02-01-09,data/raw/ravdess/audio_speech/Audio_Speech_Actors_01-24/Actor_09/03-01-02-01-02-01-09.wav,1,calm,/home/tonyhe/ravdess_avfusion/external/audio_ser_speechbrain/speechbrain-develop-main/outputs/embeddings_ECAPA/train/03-01-02-01-02-01-09.npy,96,02-01-02-01-02-01-09,data/raw/ravdess/video_speech/Video_Speech_Actor_09/Actor_09/02-01-02-01-02-01-09.mp4,1,calm,/home/tonyhe/ravdess_avfusion/external/video_face_branch/early_fusion_facial_v2/fusion_pack_5f/sequences/02-01-02-01-02-01-09.npy,5,2048,canonical_02,canonical_02,0.119887,0.240563,0.1039,0.067284,0.121258,0.139654,0.110436,0.097019,0.02841453589498997,0.8854044318199158,0.012212186679244041,0.013323267549276352,0.014645072631537914,0.01404354888945818,0.016124176606535912,0.015832765400409697
01-02-01-02-01-10,train,10,1,calm,02,01,02,01,03-01-02-01-02-01-10,data/raw/ravdess/audio_speech/Audio_Speech_Actors_01-24/Actor_10/03-01-02-01-02-01-10.wav,1,calm,/home/tonyhe/ravdess_avfusion/external/audio_ser_speechbrain/speechbrain-develop-main/outputs/embeddings_ECAPA/train/03-01-02-01-02-01-10.npy,96,02-01-02-01-02-01-10,data/raw/ravdess/video_speech/Video_Speech_Actor_10/Actor_10/02-01-02-01-02-01-10.mp4,1,calm,/home/tonyhe/ravdess_avfusion/external/video_face_branch/early_fusion_facial_v2/fusion_pack_5f/sequences/02-01-02-01-02-01-10.npy,5,2048,canonical_02,canonical_02,0.134189,0.242248,0.147674,0.085736,0.126683,0.084664,0.100245,0.07856,0.02497478052973747,0.8591827630996705,0.05080350637435913,0.021243851445615292,0.00982984583824873,0.01022038608789444,0.013310274202376604,0.010434567183256149
01-02-01-02-01-11,train,11,1,calm,02,01,02,01,03-01-02-01-02-01-11,data/raw/ravdess/audio_speech/Audio_Speech_Actors_01-24/Actor_11/03-01-02-01-02-01-11.wav,1,calm,/home/tonyhe/ravdess_avfusion/external/audio_ser_speechbrain/speechbrain-develop-main/outputs/embeddings_ECAPA/train/03-01-02-01-02-01-11.npy,96,02-01-02-01-02-01-11,data/raw/ravdess/video_speech/Video_Speech_Actor_11/Actor_11/02-01-02-01-02-01-11.mp4,1,calm,/home/tonyhe/ravdess_avfusion/external/video_face_branch/early_fusion_facial_v2/fusion_pack_5f/sequences/02-01-02-01-02-01-11.npy,5,2048,canonical_02,canonical_02,0.151533,0.255564,0.124856,0.080421,0.109888,0.101868,0.09434,0.081531,0.028401249647140504,0.8891982555389404,0.014034109003841878,0.010497573390603065,0.01389046311378479,0.008851864282041788,0.013784088753163814,0.021342426538467407
01-02-01-02-01-12,train,12,1,calm,02,01,02,01,03-01-02-01-02-01-12,data/raw/ravdess/audio_speech/Audio_Speech_Actors_01-24/Actor_12/03-01-02-01-02-01-12.wav,1,calm,/home/tonyhe/ravdess_avfusion/external/audio_ser_speechbrain/speechbrain-develop-main/outputs/embeddings_ECAPA/train/03-01-02-01-02-01-12.npy,96,02-01-02-01-02-01-12,data/raw/ravdess/video_speech/Video_Speech_Actor_12/Actor_12/02-01-02-01-02-01-12.mp4,1,calm,/home/tonyhe/ravdess_avfusion/external/video_face_branch/early_fusion_facial_v2/fusion_pack_5f/sequences/02-01-02-01-02-01-12.npy,5,2048,canonical_02,canonical_02,0.134148,0.255777,0.132274,0.104286,0.088778,0.090618,0.10298,0.091139,0.024952029436826707,0.9126553058624267,0.009095638152211904,0.011387526616454124,0.009405614715069533,0.010141245648264885,0.011802283115684986,0.010560393380001188
01-02-01-02-01-13,train,13,1,calm,02,01,02,01,03-01-02-01-02-01-13,data/raw/ravdess/audio_speech/Audio_Speech_Actors_01-24/Actor_13/03-01-02-01-02-01-13.wav,1,calm,/home/tonyhe/ravdess_avfusion/external/audio_ser_speechbrain/speechbrain-develop-main/outputs/embeddings_ECAPA/train/03-01-02-01-02-01-13.npy,96,02-01-02-01-02-01-13,data/raw/ravdess/video_speech/Video_Speech_Actor_13/Actor_13/02-01-02-01-02-01-13.mp4,1,calm,/home/tonyhe/ravdess_avfusion/external/video_face_branch/early_fusion_facial_v2/fusion_pack_5f/sequences/02-01-02-01-02-01-13.npy,5,2048,canonical_02,canonical_02,0.130607,0.259212,0.115554,0.098152,0.089596,0.084821,0.118223,0.103836,0.031447417289018634,0.8357939481735229,0.05388088095933199,0.015991418994963168,0.01764099206775427,0.01637800969183445,0.016629054211080074,0.012238250859081746
01-02-01-02-01-14,train,14,1,calm,02,01,02,01,03-01-02-01-02-01-14,data/raw/ravdess/audio_speech/Audio_Speech_Actors_01-24/Actor_14/03-01-02-01-02-01-14.wav,1,calm,/home/tonyhe/ravdess_avfusion/external/audio_ser_speechbrain/speechbrain-develop-main/outputs/embeddings_ECAPA/train/03-01-02-01-02-01-14.npy,96,02-01-02-01-02-01-14,data/raw/ravdess/video_speech/Video_Speech_Actor_14/Actor_14/02-01-02-01-02-01-14.mp4,1,calm,/home/tonyhe/ravdess_avfusion/external/video_face_branch/early_fusion_facial_v2/fusion_pack_5f/sequences/02-01-02-01-02-01-14.npy,5,2048,canonical_02,canonical_02,0.124145,0.217998,0.12311,0.078245,0.095477,0.103627,0.107848,0.149549,0.0289278294891119,0.9101717829704284,0.006516528408974409,0.008509829919785262,0.009813459031283856,0.009348644688725472,0.012007316574454308,0.014704614877700806
01-02-01-02-01-15,train,15,1,calm,02,01,02,01,03-01-02-01-02-01-15,data/raw/ravdess/audio_speech/Audio_Speech_Actors_01-24/Actor_15/03-01-02-01-02-01-15.wav,1,calm,/home/tonyhe/ravdess_avfusion/external/audio_ser_speechbrain/speechbrain-develop-main/outputs/embeddings_ECAPA/train/03-01-02-01-02-01-15.npy,96,02-01-02-01-02-01-15,data/raw/ravdess/video_speech/Video_Speech_Actor_15/Actor_15/02-01-02-01-02-01-15.mp4,1,calm,/home/tonyhe/ravdess_avfusion/data/processed/video/backfill_actor15/sequence_embeddings_5f/train/02-01-02-01-02-01-15.npy,5,2048,backfill_actor15,backfill_actor15,0.112472,0.25024,0.094765,0.107159,0.109814,0.097054,0.140038,0.08846,0.022509709000587463,0.8343679308891296,0.04073633626103401,0.031272538006305695,0.015885794535279274,0.010379590094089508,0.020095711573958397,0.024752264842391014
01-02-01-02-01-16,train,16,1,calm,02,01,02,01,03-01-02-01-02-01-16,data/raw/ravdess/audio_speech/Audio_Speech_Actors_01-24/Actor_16/03-01-02-01-02-01-16.wav,1,calm,/home/tonyhe/ravdess_avfusion/external/audio_ser_speechbrain/speechbrain-develop-main/outputs/embeddings_ECAPA/train/03-01-02-01-02-01-16.npy,96,02-01-02-01-02-01-16,data/raw/ravdess/video_speech/Video_Speech_Actor_16/Actor_16/02-01-02-01-02-01-16.mp4,1,calm,/home/tonyhe/ravdess_avfusion/external/video_face_branch/early_fusion_facial_v2/fusion_pack_5f/sequences/02-01-02-01-02-01-16.npy,5,2048,canonical_02,canonical_02,0.140275,0.257791,0.134041,0.087881,0.095329,0.102324,0.093408,0.088953,0.0775346528738737,0.8392500162124634,0.011353831738233566,0.01486382782459259,0.01361134359613061,0.014143281336873769,0.014211841672658921,0.01503115501254797
01-02-01-02-02-01,train,1,1,calm,02,01,02,02,03-01-02-01-02-02-01,data/raw/ravdess/audio_speech/Audio_Speech_Actors_01-24/Actor_01/03-01-02-01-02-02-01.wav,1,calm,/home/tonyhe/ravdess_avfusion/external/audio_ser_speechbrain/speechbrain-develop-main/outputs/embeddings_ECAPA/train/03-01-02-01-02-02-01.npy,96,02-01-02-01-02-02-01,data/raw/ravdess/video_speech/Video_Speech_Actor_01/Actor_01/02-01-02-01-02-02-01.mp4,1,calm,/home/tonyhe/ravdess_avfusion/external/video_face_branch/early_fusion_facial_v2/fusion_pack_5f/sequences/02-01-02-01-02-02-01.npy,5,2048,canonical_02,canonical_02,0.151099,0.234929,0.150726,0.079125,0.111232,0.093025,0.08781,0.092055,0.022806254029273988,0.9127430319786072,0.008135392609983683,0.01154051600024104,0.01198235535994172,0.01004678513854742,0.01288203913718462,0.009863618668168784
01-02-01-02-02-02,train,2,1,calm,02,01,02,02,03-01-02-01-02-02-02,data/raw/ravdess/audio_speech/Audio_Speech_Actors_01-24/Actor_02/03-01-02-01-02-02-02.wav,1,calm,/home/tonyhe/ravdess_avfusion/external/audio_ser_speechbrain/speechbrain-develop-main/outputs/embeddings_ECAPA/train/03-01-02-01-02-02-02.npy,96,02-01-02-01-02-02-02,data/raw/ravdess/video_speech/Video_Speech_Actor_02/Actor_02/02-01-02-01-02-02-02.mp4,1,calm,/home/tonyhe/ravdess_avfusion/external/video_face_branch/early_fusion_facial_v2/fusion_pack_5f/sequences/02-01-02-01-02-02-02.npy,5,2048,canonical_02,canonical_02,0.128559,0.249474,0.144142,0.084688,0.084446,0.11175,0.098249,0.098692,0.023845870792865754,0.8970290064811707,0.016083102487027646,0.011430639866739511,0.011372700240463019,0.012516013905405998,0.015415503457188607,0.012307212874293327
01-02-01-02-02-03,train,3,1,calm,02,01,02,02,03-01-02-01-02-02-03,data/raw/ravdess/audio_speech/Audio_Speech_Actors_01-24/Actor_03/03-01-02-01-02-02-03.wav,1,calm,/home/tonyhe/ravdess_avfusion/external/audio_ser_speechbrain/speechbrain-develop-main/outputs/embeddings_ECAPA/train/03-01-02-01-02-02-03.npy,96,02-01-02-01-02-02-03,data/raw/ravdess/video_speech/Video_Speech_Actor_03/Actor_03/02-01-02-01-02-02-03.mp4,1,calm,/home/tonyhe/ravdess_avfusion/external/video_face_branch/early_fusion_facial_v2/fusion_pack_5f/sequences/02-01-02-01-02-02-03.npy,5,2048,canonical_02,canonical_02,0.095936,0.274545,0.119291,0.103232,0.104584,0.10937,0.099725,0.093316,0.023979975283145903,0.8938389301300049,0.015079413913190365,0.01160172987729311,0.011855988390743732,0.012037510797381402,0.017380712553858757,0.014225714467465877
01-02-01-02-02-04,train,4,1,calm,02,01,02,02,03-01-02-01-02-02-04,data/raw/ravdess/audio_speech/Audio_Speech_Actors_01-24/Actor_04/03-01-02-01-02-02-04.wav,1,calm,/home/tonyhe/ravdess_avfusion/external/audio_ser_speechbrain/speechbrain-develop-main/outputs/embeddings_ECAPA/train/03-01-02-01-02-02-04.npy,96,02-01-02-01-02-02-04,data/raw/ravdess/video_speech/Video_Speech_Actor_04/Actor_04/02-01-02-01-02-02-04.mp4,1,calm,/home/tonyhe/ravdess_avfusion/external/video_face_branch/early_fusion_facial_v2/fusion_pack_5f/sequences/02-01-02-01-02-02-04.npy,5,2048,canonical_02,canonical_02,0.138702,0.250141,0.131467,0.083717,0.105301,0.113647,0.10514,0.071885,0.041152390837669375,0.8713798761367798,0.011858414486050605,0.013070005550980568,0.015209159627556802,0.013512561097741127,0.015261739678680896,0.01855586525052786
01-02-01-02-02-05,train,5,1,calm,02,01,02,02,03-01-02-01-02-02-05,data/raw/ravdess/audio_speech/Audio_Speech_Actors_01-24/Actor_05/03-01-02-01-02-02-05.wav,1,calm,/home/tonyhe/ravdess_avfusion/external/audio_ser_speechbrain/speechbrain-develop-main/outputs/embeddings_ECAPA/train/03-01-02-01-02-02-05.npy,96,02-01-02-01-02-02-05,data/raw/ravdess/video_speech/Video_Speech_Actor_05/Actor_05/02-01-02-01-02-02-05.mp4,1,calm,/home/tonyhe/ravdess_avfusion/external/video_face_branch/early_fusion_facial_v2/fusion_pack_5f/sequences/02-01-02-01-02-02-05.npy,5,2048,canonical_02,canonical_02,0.130824,0.269767,0.121932,0.086991,0.12087,0.091917,0.085859,0.091841,0.025631913915276527,0.8981178164482116,0.01537462379783392,0.010909232310950756,0.011440284363925458,0.010882688499987126,0.015995947644114494,0.011647476255893708
01-02-01-02-02-06,train,6,1,calm,02,01,02,02,03-01-02-01-02-02-06,data/raw/ravdess/audio_speech/Audio_Speech_Actors_01-24/Actor_06/03-01-02-01-02-02-06.wav,1,calm,/home/tonyhe/ravdess_avfusion/external/audio_ser_speechbrain/speechbrain-develop-main/outputs/embeddings_ECAPA/train/03-01-02-01-02-02-06.npy,96,02-01-02-01-02-02-06,data/raw/ravdess/video_speech/Video_Speech_Actor_06/Actor_06/02-01-02-01-02-02-06.mp4,1,calm,/home/tonyhe/ravdess_avfusion/external/video_face_branch/early_fusion_facial_v2/fusion_pack_5f/sequences/02-01-02-01-02-02-06.npy,5,2048,canonical_02,canonical_02,0.16118,0.236605,0.099889,0.08809,0.129472,0.123074,0.092062,0.069628,0.022852364741265774,0.8945632338523865,0.016125036124140023,0.010758175887167454,0.01378454603254795,0.012690708413720131,0.011854940839111806,0.017370954714715482
01-02-01-02-02-07,train,7,1,calm,02,01,02,02,03-01-02-01-02-02-07,data/raw/ravdess/audio_speech/Audio_Speech_Actors_01-24/Actor_07/03-01-02-01-02-02-07.wav,1,calm,/home/tonyhe/ravdess_avfusion/external/audio_ser_speechbrain/speechbrain-develop-main/outputs/embeddings_ECAPA/train/03-01-02-01-02-02-07.npy,96,02-01-02-01-02-02-07,data/raw/ravdess/video_speech/Video_Speech_Actor_07/Actor_07/02-01-02-01-02-02-07.mp4,1,calm,/home/tonyhe/ravdess_avfusion/external/video_face_branch/early_fusion_facial_v2/fusion_pack_5f/sequences/02-01-02-01-02-02-07.npy,5,2048,canonical_02,canonical_02,0.155252,0.231344,0.152393,0.103634,0.088486,0.075879,0.092289,0.100724,0.06153779327869415,0.853146231174469,0.01270944345742464,0.01469470076262951,0.014989178162068129,0.01291896691545844,0.01505772341042757,0.014945962559431791
01-02-01-02-02-08,train,8,1,calm,02,01,02,02,03-01-02-01-02-02-08,data/raw/ravdess/audio_speech/Audio_Speech_Actors_01-24/Actor_08/03-01-02-01-02-02-08.wav,1,calm,/home/tonyhe/ravdess_avfusion/external/audio_ser_speechbrain/speechbrain-develop-main/outputs/embeddings_ECAPA/train/03-01-02-01-02-02-08.npy,96,02-01-02-01-02-02-08,data/raw/ravdess/video_speech/Video_Speech_Actor_08/Actor_08/02-01-02-01-02-02-08.mp4,1,calm,/home/tonyhe/ravdess_avfusion/external/video_face_branch/early_fusion_facial_v2/fusion_pack_5f/sequences/02-01-02-01-02-02-08.npy,5,2048,canonical_02,canonical_02,0.141051,0.268666,0.099398,0.112419,0.09887,0.109628,0.084874,0.085095,0.027645877748727798,0.8887655735015869,0.014484311081469059,0.012171287648379802,0.01326951663941145,0.012500584684312343,0.01526503898203373,0.015897800400853156
01-02-01-02-02-09,train,9,1,calm,02,01,02,02,03-01-02-01-02-02-09,data/raw/ravdess/audio_speech/Audio_Speech_Actors_01-24/Actor_09/03-01-02-01-02-02-09.wav,1,calm,/home/tonyhe/ravdess_avfusion/external/audio_ser_speechbrain/speechbrain-develop-main/outputs/embeddings_ECAPA/train/03-01-02-01-02-02-09.npy,96,02-01-02-01-02-02-09,data/raw/ravdess/video_speech/Video_Speech_Actor_09/Actor_09/02-01-02-01-02-02-09.mp4,1,calm,/home/tonyhe/ravdess_avfusion/external/video_face_branch/early_fusion_facial_v2/fusion_pack_5f/sequences/02-01-02-01-02-02-09.npy,5,2048,canonical_02,canonical_02,0.140971,0.247729,0.123558,0.078543,0.113879,0.083324,0.106985,0.105009,0.02573935389518738,0.8933210134506225,0.012630647048354149,0.013744455017149448,0.012149951420724392,0.012643459625542164,0.014418398588895797,0.01535270195454359
01-02-01-02-02-10,train,10,1,calm,02,01,02,02,03-01-02-01-02-02-10,data/raw/ravdess/audio_speech/Audio_Speech_Actors_01-24/Actor_10/03-01-02-01-02-02-10.wav,1,calm,/home/tonyhe/ravdess_avfusion/external/audio_ser_speechbrain/speechbrain-develop-main/outputs/embeddings_ECAPA/train/03-01-02-01-02-02-10.npy,96,02-01-02-01-02-02-10,data/raw/ravdess/video_speech/Video_Speech_Actor_10/Actor_10/02-01-02-01-02-02-10.mp4,1,calm,/home/tonyhe/ravdess_avfusion/external/video_face_branch/early_fusion_facial_v2/fusion_pack_5f/sequences/02-01-02-01-02-02-10.npy,5,2048,canonical_02,canonical_02,0.14688,0.239049,0.116039,0.098539,0.13072,0.070694,0.106854,0.091225,0.02745346650481224,0.8842129826545715,0.019079944305121898,0.0301236130297184,0.007649010699242354,0.01008607717230916,0.009950631577521563,0.011444284208118915
01-02-01-02-02-11,train,11,1,calm,02,01,02,02,03-01-02-01-02-02-11,data/raw/ravdess/audio_speech/Audio_Speech_Actors_01-24/Actor_11/03-01-02-01-02-02-11.wav,1,calm,/home/tonyhe/ravdess_avfusion/external/audio_ser_speechbrain/speechbrain-develop-main/outputs/embeddings_ECAPA/train/03-01-02-01-02-02-11.npy,96,02-01-02-01-02-02-11,data/raw/ravdess/video_speech/Video_Speech_Actor_11/Actor_11/02-01-02-01-02-02-11.mp4,1,calm,/home/tonyhe/ravdess_avfusion/external/video_face_branch/early_fusion_facial_v2/fusion_pack_5f/sequences/02-01-02-01-02-02-11.npy,5,2048,canonical_02,canonical_02,0.128591,0.266887,0.11478,0.102722,0.111939,0.083359,0.107206,0.084515,0.02562847137451172,0.8929792046546936,0.01209937296807766,0.014173110015690327,0.013232780992984772,0.01207702960819006,0.016310455463826656,0.013499565050005912
01-02-01-02-02-12,train,12,1,calm,02,01,02,02,03-01-02-01-02-02-12,data/raw/ravdess/audio_speech/Audio_Speech_Actors_01-24/Actor_12/03-01-02-01-02-02-12.wav,1,calm,/home/tonyhe/ravdess_avfusion/external/audio_ser_speechbrain/speechbrain-develop-main/outputs/embeddings_ECAPA/train/03-01-02-01-02-02-12.npy,96,02-01-02-01-02-02-12,data/raw/ravdess/video_speech/Video_Speech_Actor_12/Actor_12/02-01-02-01-02-02-12.mp4,1,calm,/home/tonyhe/ravdess_avfusion/external/video_face_branch/early_fusion_facial_v2/fusion_pack_5f/sequences/02-01-02-01-02-02-12.npy,5,2048,canonical_02,canonical_02,0.14137,0.255369,0.120776,0.115621,0.087282,0.08343,0.097647,0.098506,0.028008685633540153,0.8908038139343262,0.01902160570025444,0.015203100070357323,0.011970400251448155,0.010292245820164681,0.012772482261061669,0.011927683930844068
01-02-01-02-02-13,train,13,1,calm,02,01,02,02,03-01-02-01-02-02-13,data/raw/ravdess/audio_speech/Audio_Speech_Actors_01-24/Actor_13/03-01-02-01-02-02-13.wav,1,calm,/home/tonyhe/ravdess_avfusion/external/audio_ser_speechbrain/speechbrain-develop-main/outputs/embeddings_ECAPA/train/03-01-02-01-02-02-13.npy,96,02-01-02-01-02-02-13,data/raw/ravdess/video_speech/Video_Speech_Actor_13/Actor_13/02-01-02-01-02-02-13.mp4,1,calm,/home/tonyhe/ravdess_avfusion/external/video_face_branch/early_fusion_facial_v2/fusion_pack_5f/sequences/02-01-02-01-02-02-13.npy,5,2048,canonical_02,canonical_02,0.122293,0.267994,0.116248,0.096957,0.104821,0.083106,0.110241,0.09834,0.0287312064319849,0.888606858253479,0.010160132870078087,0.01649666577577591,0.01467251181602478,0.013552550971508027,0.017232616245746613,0.010547473654150962
01-02-01-02-02-14,train,14,1,calm,02,01,02,02,03-01-02-01-02-02-14,data/raw/ravdess/audio_speech/Audio_Speech_Actors_01-24/Actor_14/03-01-02-01-02-02-14.wav,1,calm,/home/tonyhe/ravdess_avfusion/external/audio_ser_speechbrain/speechbrain-develop-main/outputs/embeddings_ECAPA/train/03-01-02-01-02-02-14.npy,96,02-01-02-01-02-02-14,data/raw/ravdess/video_speech/Video_Speech_Actor_14/Actor_14/02-01-02-01-02-02-14.mp4,1,calm,/home/tonyhe/ravdess_avfusion/external/video_face_branch/early_fusion_facial_v2/fusion_pack_5f/sequences/02-01-02-01-02-02-14.npy,5,2048,canonical_02,canonical_02,0.108651,0.201095,0.145924,0.077013,0.093372,0.097565,0.111129,0.165251,0.035687313228845594,0.8579626560211182,0.013809009827673436,0.016756538301706314,0.019406913965940475,0.01609075888991356,0.018223373405635356,0.02206343375146389
01-02-01-02-02-15,train,15,1,calm,02,01,02,02,03-01-02-01-02-02-15,data/raw/ravdess/audio_speech/Audio_Speech_Actors_01-24/Actor_15/03-01-02-01-02-02-15.wav,1,calm,/home/tonyhe/ravdess_avfusion/external/audio_ser_speechbrain/speechbrain-develop-main/outputs/embeddings_ECAPA/train/03-01-02-01-02-02-15.npy,96,02-01-02-01-02-02-15,data/raw/ravdess/video_speech/Video_Speech_Actor_15/Actor_15/02-01-02-01-02-02-15.mp4,1,calm,/home/tonyhe/ravdess_avfusion/data/processed/video/backfill_actor15/sequence_embeddings_5f/train/02-01-02-01-02-02-15.npy,5,2048,backfill_actor15,backfill_actor15,0.145414,0.250866,0.093702,0.107038,0.098378,0.077616,0.112509,0.114477,0.018938828259706497,0.8717131614685059,0.020714109763503075,0.029356688261032104,0.01715417578816414,0.011224384419620037,0.01742604561150074,0.0134726045653224
01-02-01-02-02-16,train,16,1,calm,02,01,02,02,03-01-02-01-02-02-16,data/raw/ravdess/audio_speech/Audio_Speech_Actors_01-24/Actor_16/03-01-02-01-02-02-16.wav,1,calm,/home/tonyhe/ravdess_avfusion/external/audio_ser_speechbrain/speechbrain-develop-main/outputs/embeddings_ECAPA/train/03-01-02-01-02-02-16.npy,96,02-01-02-01-02-02-16,data/raw/ravdess/video_speech/Video_Speech_Actor_16/Actor_16/02-01-02-01-02-02-16.mp4,1,calm,/home/tonyhe/ravdess_avfusion/external/video_face_branch/early_fusion_facial_v2/fusion_pack_5f/sequences/02-01-02-01-02-02-16.npy,5,2048,canonical_02,canonical_02,0.138672,0.250679,0.144104,0.105151,0.091863,0.086322,0.091147,0.092061,0.13237285166978835,0.7703205227851868,0.014013782981783152,0.016355246491730212,0.015573305264115333,0.01401656335219741,0.021077436208724976,0.016270256787538528
01-02-02-01-01-01,train,1,1,calm,02,02,01,01,03-01-02-02-01-01-01,data/raw/ravdess/audio_speech/Audio_Speech_Actors_01-24/Actor_01/03-01-02-02-01-01-01.wav,1,calm,/home/tonyhe/ravdess_avfusion/external/audio_ser_speechbrain/speechbrain-develop-main/outputs/embeddings_ECAPA/train/03-01-02-02-01-01-01.npy,96,02-01-02-02-01-01-01,data/raw/ravdess/video_speech/Video_Speech_Actor_01/Actor_01/02-01-02-02-01-01-01.mp4,1,calm,/home/tonyhe/ravdess_avfusion/external/video_face_branch/early_fusion_facial_v2/fusion_pack_5f/sequences/02-01-02-02-01-01-01.npy,5,2048,canonical_02,canonical_02,0.133396,0.248119,0.151183,0.088247,0.086298,0.098547,0.10169,0.092519,0.0304732296615839,0.8966875433921814,0.009612699598073959,0.013105548918247223,0.010333314724266528,0.011645321175456047,0.014261448010802268,0.013880880549550056
01-02-02-01-01-02,train,2,1,calm,02,02,01,01,03-01-02-02-01-01-02,data/raw/ravdess/audio_speech/Audio_Speech_Actors_01-24/Actor_02/03-01-02-02-01-01-02.wav,1,calm,/home/tonyhe/ravdess_avfusion/external/audio_ser_speechbrain/speechbrain-develop-main/outputs/embeddings_ECAPA/train/03-01-02-02-01-01-02.npy,96,02-01-02-02-01-01-02,data/raw/ravdess/video_speech/Video_Speech_Actor_02/Actor_02/02-01-02-02-01-01-02.mp4,1,calm,/home/tonyhe/ravdess_avfusion/external/video_face_branch/early_fusion_facial_v2/fusion_pack_5f/sequences/02-01-02-02-01-01-02.npy,5,2048,canonical_02,canonical_02,0.144801,0.271837,0.102809,0.090874,0.106769,0.10087,0.084889,0.097151,0.025911816209554673,0.8963621497154236,0.011543059721589088,0.012502498365938664,0.013137519732117653,0.012966804578900338,0.014454498142004012,0.0131216362118721
01-02-02-01-01-03,train,3,1,calm,02,02,01,01,03-01-02-02-01-01-03,data/raw/ravdess/audio_speech/Audio_Speech_Actors_01-24/Actor_03/03-01-02-02-01-01-03.wav,1,calm,/home/tonyhe/ravdess_avfusion/external/audio_ser_speechbrain/speechbrain-develop-main/outputs/embeddings_ECAPA/train/03-01-02-02-01-01-03.npy,96,02-01-02-02-01-01-03,data/raw/ravdess/video_speech/Video_Speech_Actor_03/Actor_03/02-01-02-02-01-01-03.mp4,1,calm,/home/tonyhe/ravdess_avfusion/external/video_face_branch/early_fusion_facial_v2/fusion_pack_5f/sequences/02-01-02-02-01-01-03.npy,5,2048,canonical_02,canonical_02,0.12662,0.253952,0.113847,0.099071,0.084594,0.104616,0.108939,0.10836,0.028319300338625907,0.8790211081504822,0.012529779598116875,0.014611397497355938,0.012585935182869434,0.012745326571166515,0.01729922592639923,0.02288791537284851
01-02-02-01-01-04,train,4,1,calm,02,02,01,01,03-01-02-02-01-01-04,data/raw/ravdess/audio_speech/Audio_Speech_Actors_01-24/Actor_04/03-01-02-02-01-01-04.wav,1,calm,/home/tonyhe/ravdess_avfusion/external/audio_ser_speechbrain/speechbrain-develop-main/outputs/embeddings_ECAPA/train/03-01-02-02-01-01-04.npy,96,02-01-02-02-01-01-04,data/raw/ravdess/video_speech/Video_Speech_Actor_04/Actor_04/02-01-02-02-01-01-04.mp4,1,calm,/home/tonyhe/ravdess_avfusion/external/video_face_branch/early_fusion_facial_v2/fusion_pack_5f/sequences/02-01-02-02-01-01-04.npy,5,2048,canonical_02,canonical_02,0.1074,0.252057,0.11323,0.109317,0.106077,0.103617,0.13091,0.077393,0.039058494567871097,0.8656641960144043,0.013090913742780685,0.014882159419357777,0.013996203616261482,0.01253370139747858,0.018722205050289632,0.02205212749540806
01-02-02-01-01-05,train,5,1,calm,02,02,01,01,03-01-02-02-01-01-05,data/raw/ravdess/audio_speech/Audio_Speech_Actors_01-24/Actor_05/03-01-02-02-01-01-05.wav,1,calm,/home/tonyhe/ravdess_avfusion/external/audio_ser_speechbrain/speechbrain-develop-main/outputs/embeddings_ECAPA/train/03-01-02-02-01-01-05.npy,96,02-01-02-02-01-01-05,data/raw/ravdess/video_speech/Video_Speech_Actor_05/Actor_05/02-01-02-02-01-01-05.mp4,1,calm,/home/tonyhe/ravdess_avfusion/external/video_face_branch/early_fusion_facial_v2/fusion_pack_5f/sequences/02-01-02-02-01-01-05.npy,5,2048,canonical_02,canonical_02,0.121391,0.249562,0.122074,0.080423,0.11635,0.078354,0.12681,0.105036,0.027326885610818863,0.8900811791419982,0.011550025455653668,0.01207079328596592,0.014464786089956761,0.012737934663891792,0.01811704058200121,0.013651333190500737
01-02-02-01-01-06,train,6,1,calm,02,02,01,01,03-01-02-02-01-01-06,data/raw/ravdess/audio_speech/Audio_Speech_Actors_01-24/Actor_06/03-01-02-02-01-01-06.wav,1,calm,/home/tonyhe/ravdess_avfusion/external/audio_ser_speechbrain/speechbrain-develop-main/outputs/embeddings_ECAPA/train/03-01-02-02-01-01-06.npy,96,02-01-02-02-01-01-06,data/raw/ravdess/video_speech/Video_Speech_Actor_06/Actor_06/02-01-02-02-01-01-06.mp4,1,calm,/home/tonyhe/ravdess_avfusion/external/video_face_branch/early_fusion_facial_v2/fusion_pack_5f/sequences/02-01-02-02-01-01-06.npy,5,2048,canonical_02,canonical_02,0.104298,0.238966,0.120342,0.118741,0.091332,0.122534,0.127904,0.075882,0.025961700081825256,0.8901192665100097,0.013134462386369705,0.0130635941401124,0.012362677976489067,0.016521842777729036,0.013559765741229057,0.015276670083403587
01-02-02-01-01-07,train,7,1,calm,02,02,01,01,03-01-02-02-01-01-07,data/raw/ravdess/audio_speech/Audio_Speech_Actors_01-24/Actor_07/03-01-02-02-01-01-07.wav,1,calm,/home/tonyhe/ravdess_avfusion/external/audio_ser_speechbrain/speechbrain-develop-main/outputs/embeddings_ECAPA/train/03-01-02-02-01-01-07.npy,96,02-01-02-02-01-01-07,data/raw/ravdess/video_speech/Video_Speech_Actor_07/Actor_07/02-01-02-02-01-01-07.mp4,1,calm,/home/tonyhe/ravdess_avfusion/external/video_face_branch/early_fusion_facial_v2/fusion_pack_5f/sequences/02-01-02-02-01-01-07.npy,5,2048,canonical_02,canonical_02,0.150334,0.218358,0.148792,0.101408,0.116129,0.104257,0.100784,0.059938,0.034642037749290464,0.8812560915946961,0.01369526945054531,0.015105192363262177,0.014157617650926112,0.012933072447776795,0.013809438236057759,0.014401308633387089
01-02-02-01-01-08,train,8,1,calm,02,02,01,01,03-01-02-02-01-01-08,data/raw/ravdess/audio_speech/Audio_Speech_Actors_01-24/Actor_08/03-01-02-02-01-01-08.wav,1,calm,/home/tonyhe/ravdess_avfusion/external/audio_ser_speechbrain/speechbrain-develop-main/outputs/embeddings_ECAPA/train/03-01-02-02-01-01-08.npy,96,02-01-02-02-01-01-08,data/raw/ravdess/video_speech/Video_Speech_Actor_08/Actor_08/02-01-02-02-01-01-08.mp4,1,calm,/home/tonyhe/ravdess_avfusion/external/video_face_branch/early_fusion_facial_v2/fusion_pack_5f/sequences/02-01-02-02-01-01-08.npy,5,2048,canonical_02,canonical_02,0.123372,0.263689,0.123449,0.100392,0.104384,0.084653,0.114891,0.08517,0.030083782598376275,0.88722323179245,0.014470448158681393,0.011352292075753213,0.012883049063384533,0.011583668738603592,0.014280792698264122,0.018122726120054722
01-02-02-01-01-09,train,9,1,calm,02,02,01,01,03-01-02-02-01-01-09,data/raw/ravdess/audio_speech/Audio_Speech_Actors_01-24/Actor_09/03-01-02-02-01-01-09.wav,1,calm,/home/tonyhe/ravdess_avfusion/external/audio_ser_speechbrain/speechbrain-develop-main/outputs/embeddings_ECAPA/train/03-01-02-02-01-01-09.npy,96,02-01-02-02-01-01-09,data/raw/ravdess/video_speech/Video_Speech_Actor_09/Actor_09/02-01-02-02-01-01-09.mp4,1,calm,/home/tonyhe/ravdess_avfusion/external/video_face_branch/early_fusion_facial_v2/fusion_pack_5f/sequences/02-01-02-02-01-01-09.npy,5,2048,canonical_02,canonical_02,0.134889,0.25044,0.093469,0.120955,0.119055,0.123354,0.081005,0.076833,0.028082649037241936,0.8737307548522949,0.014784109964966773,0.01565809678286314,0.01378579456359148,0.015138182602822781,0.02020854875445366,0.01861185021698475
01-02-02-01-01-10,train,10,1,calm,02,02,01,01,03-01-02-02-01-01-10,data/raw/ravdess/audio_speech/Audio_Speech_Actors_01-24/Actor_10/03-01-02-02-01-01-10.wav,1,calm,/home/tonyhe/ravdess_avfusion/external/audio_ser_speechbrain/speechbrain-develop-main/outputs/embeddings_ECAPA/train/03-01-02-02-01-01-10.npy,96,02-01-02-02-01-01-10,data/raw/ravdess/video_speech/Video_Speech_Actor_10/Actor_10/02-01-02-02-01-01-10.mp4,1,calm,/home/tonyhe/ravdess_avfusion/external/video_face_branch/early_fusion_facial_v2/fusion_pack_5f/sequences/02-01-02-02-01-01-10.npy,5,2048,canonical_02,canonical_02,0.125821,0.257829,0.101978,0.082894,0.109298,0.118744,0.117454,0.085982,0.03417959436774254,0.8899445414543152,0.017357167229056357,0.016435853391885757,0.009532192442566156,0.00946429343894124,0.01226731576025486,0.010819048527628184
01-02-02-01-01-11,train,11,1,calm,02,02,01,01,03-01-02-02-01-01-11,data/raw/ravdess/audio_speech/Audio_Speech_Actors_01-24/Actor_11/03-01-02-02-01-01-11.wav,1,calm,/home/tonyhe/ravdess_avfusion/external/audio_ser_speechbrain/speechbrain-develop-main/outputs/embeddings_ECAPA/train/03-01-02-02-01-01-11.npy,96,02-01-02-02-01-01-11,data/raw/ravdess/video_speech/Video_Speech_Actor_11/Actor_11/02-01-02-02-01-01-11.mp4,1,calm,/home/tonyhe/ravdess_avfusion/external/video_face_branch/early_fusion_facial_v2/fusion_pack_5f/sequences/02-01-02-02-01-01-11.npy,5,2048,canonical_02,canonical_02,0.122361,0.260116,0.100664,0.114266,0.128308,0.088689,0.111862,0.073735,0.015322969853878021,0.9271291375160218,0.008867519162595271,0.013026570621877908,0.006550225429236889,0.007053641974925995,0.009735102765262127,0.01231482084840536
01-02-02-01-01-12,train,12,1,calm,02,02,01,01,03-01-02-02-01-01-12,data/raw/ravdess/audio_speech/Audio_Speech_Actors_01-24/Actor_12/03-01-02-02-01-01-12.wav,1,calm,/home/tonyhe/ravdess_avfusion/external/audio_ser_speechbrain/speechbrain-develop-main/outputs/embeddings_ECAPA/train/03-01-02-02-01-01-12.npy,96,02-01-02-02-01-01-12,data/raw/ravdess/video_speech/Video_Speech_Actor_12/Actor_12/02-01-02-02-01-01-12.mp4,1,calm,/home/tonyhe/ravdess_avfusion/external/video_face_branch/early_fusion_facial_v2/fusion_pack_5f/sequences/02-01-02-02-01-01-12.npy,5,2048,canonical_02,canonical_02,0.148211,0.263072,0.091007,0.102761,0.096125,0.093218,0.106456,0.09915,0.15599871799349785,0.7640318036079407,0.009877448994666338,0.014659421145915985,0.009275893215090036,0.012096399627625942,0.015070375986397266,0.01898989863693714
01-02-02-01-01-13,train,13,1,calm,02,02,01,01,03-01-02-02-01-01-13,data/raw/ravdess/audio_speech/Audio_Speech_Actors_01-24/Actor_13/03-01-02-02-01-01-13.wav,1,calm,/home/tonyhe/ravdess_avfusion/external/audio_ser_speechbrain/speechbrain-develop-main/outputs/embeddings_ECAPA/train/03-01-02-02-01-01-13.npy,96,02-01-02-02-01-01-13,data/raw/ravdess/video_speech/Video_Speech_Actor_13/Actor_13/02-01-02-02-01-01-13.mp4,1,calm,/home/tonyhe/ravdess_avfusion/external/video_face_branch/early_fusion_facial_v2/fusion_pack_5f/sequences/02-01-02-02-01-01-13.npy,5,2048,canonical_02,canonical_02,0.118281,0.277563,0.120598,0.087529,0.109016,0.092831,0.090214,0.103969,0.020924156159162523,0.8925007343292236,0.028931753244251013,0.012544079311192035,0.01287478469312191,0.00991471167653799,0.015524559654295444,0.006785199698060751
01-02-02-01-01-14,train,14,1,calm,02,02,01,01,03-01-02-02-01-01-14,data/raw/ravdess/audio_speech/Audio_Speech_Actors_01-24/Actor_14/03-01-02-02-01-01-14.wav,1,calm,/home/tonyhe/ravdess_avfusion/external/audio_ser_speechbrain/speechbrain-develop-main/outputs/embeddings_ECAPA/train/03-01-02-02-01-01-14.npy,96,02-01-02-02-01-01-14,data/raw/ravdess/video_speech/Video_Speech_Actor_14/Actor_14/02-01-02-02-01-01-14.mp4,1,calm,/home/tonyhe/ravdess_avfusion/external/video_face_branch/early_fusion_facial_v2/fusion_pack_5f/sequences/02-01-02-02-01-01-14.npy,5,2048,canonical_02,canonical_02,0.14212,0.232655,0.100386,0.101861,0.08234,0.101515,0.119619,0.119504,0.04616239629685879,0.8595689535140991,0.011086893361061811,0.01128821037709713,0.01447416627779603,0.01259576240554452,0.015084818843752146,0.029738814383745194
01-02-02-01-01-15,train,15,1,calm,02,02,01,01,03-01-02-02-01-01-15,data/raw/ravdess/audio_speech/Audio_Speech_Actors_01-24/Actor_15/03-01-02-02-01-01-15.wav,1,calm,/home/tonyhe/ravdess_avfusion/external/audio_ser_speechbrain/speechbrain-develop-main/outputs/embeddings_ECAPA/train/03-01-02-02-01-01-15.npy,96,02-01-02-02-01-01-15,data/raw/ravdess/video_speech/Video_Speech_Actor_15/Actor_15/02-01-02-02-01-01-15.mp4,1,calm,/home/tonyhe/ravdess_avfusion/data/processed/video/backfill_actor15/sequence_embeddings_5f/train/02-01-02-02-01-01-15.npy,5,2048,backfill_actor15,backfill_actor15,0.145651,0.253302,0.128212,0.094227,0.093458,0.08732,0.113792,0.084038,0.35987621545791626,0.4932657778263092,0.03998589515686035,0.04437004402279854,0.011019006371498108,0.008526813238859177,0.017391392961144447,0.025564873591065407
01-02-02-01-01-16,train,16,1,calm,02,02,01,01,03-01-02-02-01-01-16,data/raw/ravdess/audio_speech/Audio_Speech_Actors_01-24/Actor_16/03-01-02-02-01-01-16.wav,1,calm,/home/tonyhe/ravdess_avfusion/external/audio_ser_speechbrain/speechbrain-develop-main/outputs/embeddings_ECAPA/train/03-01-02-02-01-01-16.npy,96,02-01-02-02-01-01-16,data/raw/ravdess/video_speech/Video_Speech_Actor_16/Actor_16/02-01-02-02-01-01-16.mp4,1,calm,/home/tonyhe/ravdess_avfusion/external/video_face_branch/early_fusion_facial_v2/fusion_pack_5f/sequences/02-01-02-02-01-01-16.npy,5,2048,canonical_02,canonical_02,0.121178,0.251914,0.134496,0.080834,0.107232,0.084992,0.105901,0.113452,0.02809222526848316,0.8921956181526184,0.01101989932358265,0.012291502766311168,0.0136670446023345,0.011648518964648247,0.016337665542960168,0.014747525565326214
01-02-02-01-02-01,train,1,1,calm,02,02,01,02,03-01-02-02-01-02-01,data/raw/ravdess/audio_speech/Audio_Speech_Actors_01-24/Actor_01/03-01-02-02-01-02-01.wav,1,calm,/home/tonyhe/ravdess_avfusion/external/audio_ser_speechbrain/speechbrain-develop-main/outputs/embeddings_ECAPA/train/03-01-02-02-01-02-01.npy,96,02-01-02-02-01-02-01,data/raw/ravdess/video_speech/Video_Speech_Actor_01/Actor_01/02-01-02-02-01-02-01.mp4,1,calm,/home/tonyhe/ravdess_avfusion/external/video_face_branch/early_fusion_facial_v2/fusion_pack_5f/sequences/02-01-02-02-01-02-01.npy,5,2048,canonical_02,canonical_02,0.101072,0.26198,0.119041,0.103483,0.105474,0.108925,0.119649,0.080375,0.024024273082613946,0.8935936689376831,0.011241229996085168,0.01310898419469595,0.0130328468978405,0.011719408072531223,0.015349778346717358,0.017929825000464916
01-02-02-01-02-02,train,2,1,calm,02,02,01,02,03-01-02-02-01-02-02,data/raw/ravdess/audio_speech/Audio_Speech_Actors_01-24/Actor_02/03-01-02-02-01-02-02.wav,1,calm,/home/tonyhe/ravdess_avfusion/external/audio_ser_speechbrain/speechbrain-develop-main/outputs/embeddings_ECAPA/train/03-01-02-02-01-02-02.npy,96,02-01-02-02-01-02-02,data/raw/ravdess/video_speech/Video_Speech_Actor_02/Actor_02/02-01-02-02-01-02-02.mp4,1,calm,/home/tonyhe/ravdess_avfusion/external/video_face_branch/early_fusion_facial_v2/fusion_pack_5f/sequences/02-01-02-02-01-02-02.npy,5,2048,canonical_02,canonical_02,0.111046,0.264634,0.132048,0.087217,0.099549,0.12475,0.085558,0.095199,0.03729420341551304,0.8982596755027771,0.009693782869726419,0.01003310615196824,0.009651003126055002,0.009758033137768508,0.01281692311167717,0.012493275199085474
01-02-02-01-02-03,train,3,1,calm,02,02,01,02,03-01-02-02-01-02-03,data/raw/ravdess/audio_speech/Audio_Speech_Actors_01-24/Actor_03/03-01-02-02-01-02-03.wav,1,calm,/home/tonyhe/ravdess_avfusion/external/audio_ser_speechbrain/speechbrain-develop-main/outputs/embeddings_ECAPA/train/03-01-02-02-01-02-03.npy,96,02-01-02-02-01-02-03,data/raw/ravdess/video_speech/Video_Speech_Actor_03/Actor_03/02-01-02-02-01-02-03.mp4,1,calm,/home/tonyhe/ravdess_avfusion/external/video_face_branch/early_fusion_facial_v2/fusion_pack_5f/sequences/02-01-02-02-01-02-03.npy,5,2048,canonical_02,canonical_02,0.111204,0.261757,0.127491,0.114289,0.091552,0.109033,0.1012,0.083474,0.022870268486440182,0.8705520868301392,0.04589401464909315,0.010685665532946587,0.010079161822795868,0.011643718834966421,0.01318617444485426,0.015088911168277264
01-02-02-01-02-04,train,4,1,calm,02,02,01,02,03-01-02-02-01-02-04,data/raw/ravdess/audio_speech/Audio_Speech_Actors_01-24/Actor_04/03-01-02-02-01-02-04.wav,1,calm,/home/tonyhe/ravdess_avfusion/external/audio_ser_speechbrain/speechbrain-develop-main/outputs/embeddings_ECAPA/train/03-01-02-02-01-02-04.npy,96,02-01-02-02-01-02-04,data/raw/ravdess/video_speech/Video_Speech_Actor_04/Actor_04/02-01-02-02-01-02-04.mp4,1,calm,/home/tonyhe/ravdess_avfusion/external/video_face_branch/early_fusion_facial_v2/fusion_pack_5f/sequences/02-01-02-02-01-02-04.npy,5,2048,canonical_02,canonical_02,0.124597,0.2349,0.13144,0.095416,0.134566,0.105234,0.113013,0.060833,0.03578907139599323,0.8658170938491822,0.0138282161206007,0.014922258630394935,0.018103532679378986,0.013965461589396,0.016855441965162754,0.020718928799033164
01-02-02-01-02-05,train,5,1,calm,02,02,01,02,03-01-02-02-01-02-05,data/raw/ravdess/audio_speech/Audio_Speech_Actors_01-24/Actor_05/03-01-02-02-01-02-05.wav,1,calm,/home/tonyhe/ravdess_avfusion/external/audio_ser_speechbrain/speechbrain-develop-main/outputs/embeddings_ECAPA/train/03-01-02-02-01-02-05.npy,96,02-01-02-02-01-02-05,data/raw/ravdess/video_speech/Video_Speech_Actor_05/Actor_05/02-01-02-02-01-02-05.mp4,1,calm,/home/tonyhe/ravdess_avfusion/external/video_face_branch/early_fusion_facial_v2/fusion_pack_5f/sequences/02-01-02-02-01-02-05.npy,5,2048,canonical_02,canonical_02,0.126634,0.26056,0.136519,0.094337,0.099277,0.086165,0.10756,0.088949,0.024228044599294663,0.9005816102027893,0.013931831158697606,0.010297791473567486,0.012091228365898132,0.0104168351739645,0.014602255448698998,0.013850394822657108
01-02-02-01-02-06,train,6,1,calm,02,02,01,02,03-01-02-02-01-02-06,data/raw/ravdess/audio_speech/Audio_Speech_Actors_01-24/Actor_06/03-01-02-02-01-02-06.wav,1,calm,/home/tonyhe/ravdess_avfusion/external/audio_ser_speechbrain/speechbrain-develop-main/outputs/embeddings_ECAPA/train/03-01-02-02-01-02-06.npy,96,02-01-02-02-01-02-06,data/raw/ravdess/video_speech/Video_Speech_Actor_06/Actor_06/02-01-02-02-01-02-06.mp4,1,calm,/home/tonyhe/ravdess_avfusion/external/video_face_branch/early_fusion_facial_v2/fusion_pack_5f/sequences/02-01-02-02-01-02-06.npy,5,2048,canonical_02,canonical_02,0.106442,0.261186,0.133579,0.102577,0.099097,0.114935,0.107094,0.075091,0.028166144713759424,0.8991732239723206,0.01221591280773282,0.01118005570024252,0.009869469236582518,0.012419695034623146,0.012614048831164838,0.014361443184316158
01-02-02-01-02-07,train,7,1,calm,02,02,01,02,03-01-02-02-01-02-07,data/raw/ravdess/audio_speech/Audio_Speech_Actors_01-24/Actor_07/03-01-02-02-01-02-07.wav,1,calm,/home/tonyhe/ravdess_avfusion/external/audio_ser_speechbrain/speechbrain-develop-main/outputs/embeddings_ECAPA/train/03-01-02-02-01-02-07.npy,96,02-01-02-02-01-02-07,data/raw/ravdess/video_speech/Video_Speech_Actor_07/Actor_07/02-01-02-02-01-02-07.mp4,1,calm,/home/tonyhe/ravdess_avfusion/external/video_face_branch/early_fusion_facial_v2/fusion_pack_5f/sequences/02-01-02-02-01-02-07.npy,5,2048,canonical_02,canonical_02,0.153826,0.213913,0.154868,0.107071,0.118754,0.085842,0.099187,0.066539,0.025629196688532828,0.8851225852966309,0.012454388290643692,0.016397953592240812,0.014075236767530442,0.01445318218320608,0.014974714815616607,0.016892752423882485
01-02-02-01-02-08,train,8,1,calm,02,02,01,02,03-01-02-02-01-02-08,data/raw/ravdess/audio_speech/Audio_Speech_Actors_01-24/Actor_08/03-01-02-02-01-02-08.wav,1,calm,/home/tonyhe/ravdess_avfusion/external/audio_ser_speechbrain/speechbrain-develop-main/outputs/embeddings_ECAPA/train/03-01-02-02-01-02-08.npy,96,02-01-02-02-01-02-08,data/raw/ravdess/video_speech/Video_Speech_Actor_08/Actor_08/02-01-02-02-01-02-08.mp4,1,calm,/home/tonyhe/ravdess_avfusion/external/video_face_branch/early_fusion_facial_v2/fusion_pack_5f/sequences/02-01-02-02-01-02-08.npy,5,2048,canonical_02,canonical_02,0.122062,0.233405,0.093958,0.11571,0.103259,0.095138,0.150945,0.085523,0.03293468989431858,0.8804508447647095,0.012347393482923508,0.015493024326860904,0.01275889528915286,0.013831509463489055,0.016246621124446393,0.0159370131790638
01-02-02-01-02-09,train,9,1,calm,02,02,01,02,03-01-02-02-01-02-09,data/raw/ravdess/audio_speech/Audio_Speech_Actors_01-24/Actor_09/03-01-02-02-01-02-09.wav,1,calm,/home/tonyhe/ravdess_avfusion/external/audio_ser_speechbrain/speechbrain-develop-main/outputs/embeddings_ECAPA/train/03-01-02-02-01-02-09.npy,96,02-01-02-02-01-02-09,data/raw/ravdess/video_speech/Video_Speech_Actor_09/Actor_09/02-01-02-02-01-02-09.mp4,1,calm,/home/tonyhe/ravdess_avfusion/external/video_face_branch/early_fusion_facial_v2/fusion_pack_5f/sequences/02-01-02-02-01-02-09.npy,5,2048,canonical_02,canonical_02,0.127654,0.246735,0.125371,0.118716,0.103899,0.119114,0.093152,0.065358,0.027492082491517068,0.883280086517334,0.012212892435491085,0.01839482020586729,0.013145085051655769,0.015212872810661793,0.016258207336068153,0.014003949798643589
01-02-02-01-02-10,train,10,1,calm,02,02,01,02,03-01-02-02-01-02-10,data/raw/ravdess/audio_speech/Audio_Speech_Actors_01-24/Actor_10/03-01-02-02-01-02-10.wav,1,calm,/home/tonyhe/ravdess_avfusion/external/audio_ser_speechbrain/speechbrain-develop-main/outputs/embeddings_ECAPA/train/03-01-02-02-01-02-10.npy,96,02-01-02-02-01-02-10,data/raw/ravdess/video_speech/Video_Speech_Actor_10/Actor_10/02-01-02-02-01-02-10.mp4,1,calm,/home/tonyhe/ravdess_avfusion/external/video_face_branch/early_fusion_facial_v2/fusion_pack_5f/sequences/02-01-02-02-01-02-10.npy,5,2048,canonical_02,canonical_02,0.137903,0.26052,0.114796,0.098194,0.086807,0.093505,0.113653,0.09462,0.25268919207155704,0.6650967717170715,0.014419705420732499,0.01859207879751921,0.008372431760653854,0.009010349586606025,0.016911159455776214,0.01490825042128563
01-02-02-01-02-11,train,11,1,calm,02,02,01,02,03-01-02-02-01-02-11,data/raw/ravdess/audio_speech/Audio_Speech_Actors_01-24/Actor_11/03-01-02-02-01-02-11.wav,1,calm,/home/tonyhe/ravdess_avfusion/external/audio_ser_speechbrain/speechbrain-develop-main/outputs/embeddings_ECAPA/train/03-01-02-02-01-02-11.npy,96,02-01-02-02-01-02-11,data/raw/ravdess/video_speech/Video_Speech_Actor_11/Actor_11/02-01-02-02-01-02-11.mp4,1,calm,/home/tonyhe/ravdess_avfusion/external/video_face_branch/early_fusion_facial_v2/fusion_pack_5f/sequences/02-01-02-02-01-02-11.npy,5,2048,canonical_02,canonical_02,0.129195,0.275118,0.110947,0.115844,0.108391,0.090708,0.093638,0.07616,0.023717065900564195,0.8902882933616638,0.021039754338562488,0.013720272295176982,0.012039739824831485,0.012214813381433487,0.016867132298648356,0.010112921334803104
01-02-02-01-02-12,train,12,1,calm,02,02,01,02,03-01-02-02-01-02-12,data/raw/ravdess/audio_speech/Audio_Speech_Actors_01-24/Actor_12/03-01-02-02-01-02-12.wav,1,calm,/home/tonyhe/ravdess_avfusion/external/audio_ser_speechbrain/speechbrain-develop-main/outputs/embeddings_ECAPA/train/03-01-02-02-01-02-12.npy,96,02-01-02-02-01-02-12,data/raw/ravdess/video_speech/Video_Speech_Actor_12/Actor_12/02-01-02-02-01-02-12.mp4,1,calm,/home/tonyhe/ravdess_avfusion/external/video_face_branch/early_fusion_facial_v2/fusion_pack_5f/sequences/02-01-02-02-01-02-12.npy,5,2048,canonical_02,canonical_02,0.148853,0.26134,0.092767,0.096151,0.131361,0.100806,0.087781,0.08094,0.12421415150165557,0.8201481342315674,0.011076160520315171,0.009377779997885227,0.007467768993228674,0.00964407753199339,0.010408042557537555,0.007663850672543049
01-02-02-01-02-13,train,13,1,calm,02,02,01,02,03-01-02-02-01-02-13,data/raw/ravdess/audio_speech/Audio_Speech_Actors_01-24/Actor_13/03-01-02-02-01-02-13.wav,1,calm,/home/tonyhe/ravdess_avfusion/external/audio_ser_speechbrain/speechbrain-develop-main/outputs/embeddings_ECAPA/train/03-01-02-02-01-02-13.npy,96,02-01-02-02-01-02-13,data/raw/ravdess/video_speech/Video_Speech_Actor_13/Actor_13/02-01-02-02-01-02-13.mp4,1,calm,/home/tonyhe/ravdess_avfusion/external/video_face_branch/early_fusion_facial_v2/fusion_pack_5f/sequences/02-01-02-02-01-02-13.npy,5,2048,canonical_02,canonical_02,0.136681,0.248675,0.108652,0.073903,0.138218,0.084916,0.099189,0.109767,0.02679568901658058,0.8966268658638,0.012519129738211631,0.01289292871952057,0.015358074754476547,0.011615416221320628,0.013834410160779954,0.010357444733381271
01-02-02-01-02-14,train,14,1,calm,02,02,01,02,03-01-02-02-01-02-14,data/raw/ravdess/audio_speech/Audio_Speech_Actors_01-24/Actor_14/03-01-02-02-01-02-14.wav,1,calm,/home/tonyhe/ravdess_avfusion/external/audio_ser_speechbrain/speechbrain-develop-main/outputs/embeddings_ECAPA/train/03-01-02-02-01-02-14.npy,96,02-01-02-02-01-02-14,data/raw/ravdess/video_speech/Video_Speech_Actor_14/Actor_14/02-01-02-02-01-02-14.mp4,1,calm,/home/tonyhe/ravdess_avfusion/external/video_face_branch/early_fusion_facial_v2/fusion_pack_5f/sequences/02-01-02-02-01-02-14.npy,5,2048,canonical_02,canonical_02,0.099792,0.259613,0.096078,0.113945,0.098027,0.111409,0.099012,0.122124,0.03795505352318287,0.8748089671134949,0.009384384285658598,0.010779093392193318,0.011054412089288234,0.009535316005349159,0.01311933808028698,0.03336342386901379
01-02-02-01-02-15,train,15,1,calm,02,02,01,02,03-01-02-02-01-02-15,data/raw/ravdess/audio_speech/Audio_Speech_Actors_01-24/Actor_15/03-01-02-02-01-02-15.wav,1,calm,/home/tonyhe/ravdess_avfusion/external/audio_ser_speechbrain/speechbrain-develop-main/outputs/embeddings_ECAPA/train/03-01-02-02-01-02-15.npy,96,02-01-02-02-01-02-15,data/raw/ravdess/video_speech/Video_Speech_Actor_15/Actor_15/02-01-02-02-01-02-15.mp4,0,neutral,/home/tonyhe/ravdess_avfusion/data/processed/video/backfill_actor15/sequence_embeddings_5f/train/02-01-02-02-01-02-15.npy,5,2048,backfill_actor15,backfill_actor15,0.142379,0.250861,0.106897,0.070246,0.109493,0.090361,0.119401,0.110361,0.33033818006515503,0.23267889022827148,0.06135469675064087,0.22323262691497803,0.01740225777029991,0.011224223300814629,0.03146570920944214,0.09230341762304306
01-02-02-01-02-16,train,16,1,calm,02,02,01,02,03-01-02-02-01-02-16,data/raw/ravdess/audio_speech/Audio_Speech_Actors_01-24/Actor_16/03-01-02-02-01-02-16.wav,1,calm,/home/tonyhe/ravdess_avfusion/external/audio_ser_speechbrain/speechbrain-develop-main/outputs/embeddings_ECAPA/train/03-01-02-02-01-02-16.npy,96,02-01-02-02-01-02-16,data/raw/ravdess/video_speech/Video_Speech_Actor_16/Actor_16/02-01-02-02-01-02-16.mp4,1,calm,/home/tonyhe/ravdess_avfusion/external/video_face_branch/early_fusion_facial_v2/fusion_pack_5f/sequences/02-01-02-02-01-02-16.npy,5,2048,canonical_02,canonical_02,0.118539,0.239577,0.14316,0.080289,0.115045,0.137952,0.086152,0.079286,0.03239499181509018,0.8804458379745483,0.014291928708553314,0.013239358924329281,0.014465981721878051,0.01334769707173109,0.016936494410037993,0.014877705462276935
01-02-02-02-01-01,train,1,1,calm,02,02,02,01,03-01-02-02-02-01-01,data/raw/ravdess/audio_speech/Audio_Speech_Actors_01-24/Actor_01/03-01-02-02-02-01-01.wav,1,calm,/home/tonyhe/ravdess_avfusion/external/audio_ser_speechbrain/speechbrain-develop-main/outputs/embeddings_ECAPA/train/03-01-02-02-02-01-01.npy,96,02-01-02-02-02-01-01,data/raw/ravdess/video_speech/Video_Speech_Actor_01/Actor_01/02-01-02-02-02-01-01.mp4,1,calm,/home/tonyhe/ravdess_avfusion/external/video_face_branch/early_fusion_facial_v2/fusion_pack_5f/sequences/02-01-02-02-02-01-01.npy,5,2048,canonical_02,canonical_02,0.13096,0.242156,0.140629,0.088113,0.108419,0.081598,0.118794,0.089332,0.021967034414410593,0.8974972844123841,0.013423352874815464,0.012848751619458199,0.012630457058548927,0.01091453842818737,0.01460657138377428,0.01611201521009207
01-02-02-02-01-02,train,2,1,calm,02,02,02,01,03-01-02-02-02-01-02,data/raw/ravdess/audio_speech/Audio_Speech_Actors_01-24/Actor_02/03-01-02-02-02-01-02.wav,1,calm,/home/tonyhe/ravdess_avfusion/external/audio_ser_speechbrain/speechbrain-develop-main/outputs/embeddings_ECAPA/train/03-01-02-02-02-01-02.npy,96,02-01-02-02-02-01-02,data/raw/ravdess/video_speech/Video_Speech_Actor_02/Actor_02/02-01-02-02-02-01-02.mp4,1,calm,/home/tonyhe/ravdess_avfusion/external/video_face_branch/early_fusion_facial_v2/fusion_pack_5f/sequences/02-01-02-02-02-01-02.npy,5,2048,canonical_02,canonical_02,0.172956,0.238905,0.114034,0.092248,0.096138,0.109349,0.10308,0.073291,0.01960571315139532,0.9179727435112,0.008744380623102187,0.008415403123944998,0.01008709827437997,0.011596618313342332,0.012958393059670925,0.010619680397212505
01-02-02-02-01-03,train,3,1,calm,02,02,02,01,03-01-02-02-02-01-03,data/raw/ravdess/audio_speech/Audio_Speech_Actors_01-24/Actor_03/03-01-02-02-02-01-03.wav,1,calm,/home/tonyhe/ravdess_avfusion/external/audio_ser_speechbrain/speechbrain-develop-main/outputs/embeddings_ECAPA/train/03-01-02-02-02-01-03.npy,96,02-01-02-02-02-01-03,data/raw/ravdess/video_speech/Video_Speech_Actor_03/Actor_03/02-01-02-02-02-01-03.mp4,1,calm,/home/tonyhe/ravdess_avfusion/external/video_face_branch/early_fusion_facial_v2/fusion_pack_5f/sequences/02-01-02-02-02-01-03.npy,5,2048,canonical_02,canonical_02,0.110793,0.260961,0.126679,0.120785,0.109348,0.096086,0.095485,0.079862,0.021936846151947974,0.8647410154342652,0.04161528404802084,0.02152367979288101,0.010219436697661876,0.011258195992559195,0.01647744458168745,0.012228075880557299
01-02-02-02-01-04,train,4,1,calm,02,02,02,01,03-01-02-02-02-01-04,data/raw/ravdess/audio_speech/Audio_Speech_Actors_01-24/Actor_04/03-01-02-02-02-01-04.wav,1,calm,/home/tonyhe/ravdess_avfusion/external/audio_ser_speechbrain/speechbrain-develop-main/outputs/embeddings_ECAPA/train/03-01-02-02-02-01-04.npy,96,02-01-02-02-02-01-04,data/raw/ravdess/video_speech/Video_Speech_Actor_04/Actor_04/02-01-02-02-02-01-04.mp4,1,calm,/home/tonyhe/ravdess_avfusion/external/video_face_branch/early_fusion_facial_v2/fusion_pack_5f/sequences/02-01-02-02-02-01-04.npy,5,2048,canonical_02,canonical_02,0.104286,0.251679,0.133178,0.09265,0.111207,0.117656,0.117276,0.072069,0.03765486031770706,0.865293276309967,0.01321429368108511,0.015026324614882468,0.017994173243641852,0.01485841628164053,0.018021017871797086,0.01793765928596258
01-02-02-02-01-05,train,5,1,calm,02,02,02,01,03-01-02-02-02-01-05,data/raw/ravdess/audio_speech/Audio_Speech_Actors_01-24/Actor_05/03-01-02-02-02-01-05.wav,1,calm,/home/tonyhe/ravdess_avfusion/external/audio_ser_speechbrain/speechbrain-develop-main/outputs/embeddings_ECAPA/train/03-01-02-02-02-01-05.npy,96,02-01-02-02-02-01-05,data/raw/ravdess/video_speech/Video_Speech_Actor_05/Actor_05/02-01-02-02-02-01-05.mp4,1,calm,/home/tonyhe/ravdess_avfusion/external/video_face_branch/early_fusion_facial_v2/fusion_pack_5f/sequences/02-01-02-02-02-01-05.npy,5,2048,canonical_02,canonical_02,0.104721,0.272631,0.124518,0.091793,0.115293,0.104967,0.090595,0.095482,0.03379257954657078,0.8769983530044556,0.0109143971465528,0.012104263342916966,0.015041943080723286,0.014582062326371669,0.02062416449189186,0.015942212380468845
01-02-02-02-01-06,train,6,1,calm,02,02,02,01,03-01-02-02-02-01-06,data/raw/ravdess/audio_speech/Audio_Speech_Actors_01-24/Actor_06/03-01-02-02-02-01-06.wav,1,calm,/home/tonyhe/ravdess_avfusion/external/audio_ser_speechbrain/speechbrain-develop-main/outputs/embeddings_ECAPA/train/03-01-02-02-02-01-06.npy,96,02-01-02-02-02-01-06,data/raw/ravdess/video_speech/Video_Speech_Actor_06/Actor_06/02-01-02-02-02-01-06.mp4,1,calm,/home/tonyhe/ravdess_avfusion/external/video_face_branch/early_fusion_facial_v2/fusion_pack_5f/sequences/02-01-02-02-02-01-06.npy,5,2048,canonical_02,canonical_02,0.125317,0.256713,0.120463,0.082753,0.102828,0.122968,0.112295,0.076663,0.02740465700626373,0.8849332571029663,0.013277941197156907,0.015165730379521847,0.012525958754122258,0.014245490171015262,0.015192811004817485,0.017254165001213552
01-02-02-02-01-07,train,7,1,calm,02,02,02,01,03-01-02-02-02-01-07,data/raw/ravdess/audio_speech/Audio_Speech_Actors_01-24/Actor_07/03-01-02-02-02-01-07.wav,1,calm,/home/tonyhe/ravdess_avfusion/external/audio_ser_speechbrain/speechbrain-develop-main/outputs/embeddings_ECAPA/train/03-01-02-02-02-01-07.npy,96,02-01-02-02-02-01-07,data/raw/ravdess/video_speech/Video_Speech_Actor_07/Actor_07/02-01-02-02-02-01-07.mp4,1,calm,/home/tonyhe/ravdess_avfusion/external/video_face_branch/early_fusion_facial_v2/fusion_pack_5f/sequences/02-01-02-02-02-01-07.npy,5,2048,canonical_02,canonical_02,0.177642,0.212019,0.14017,0.109911,0.122878,0.083617,0.088984,0.06478,0.027408577129244806,0.8702775955200195,0.02342175245285034,0.015571625716984273,0.01411682739853859,0.015162011422216893,0.016337400116026402,0.01770419701933861
01-02-02-02-01-08,train,8,1,calm,02,02,02,01,03-01-02-02-02-01-08,data/raw/ravdess/audio_speech/Audio_Speech_Actors_01-24/Actor_08/03-01-02-02-02-01-08.wav,1,calm,/home/tonyhe/ravdess_avfusion/external/audio_ser_speechbrain/speechbrain-develop-main/outputs/embeddings_ECAPA/train/03-01-02-02-02-01-08.npy,96,02-01-02-02-02-01-08,data/raw/ravdess/video_speech/Video_Speech_Actor_08/Actor_08/02-01-02-02-02-01-08.mp4,1,calm,/home/tonyhe/ravdess_avfusion/external/video_face_branch/early_fusion_facial_v2/fusion_pack_5f/sequences/02-01-02-02-02-01-08.npy,5,2048,canonical_02,canonical_02,0.121302,0.258007,0.101475,0.125296,0.116358,0.097277,0.107589,0.072696,0.02692082040011883,0.8917831659317017,0.013532505370676517,0.012978732399642468,0.013689085468649864,0.012410544231534005,0.014720028825104236,0.01396513283252716
01-02-02-02-01-09,train,9,1,calm,02,02,02,01,03-01-02-02-02-01-09,data/raw/ravdess/audio_speech/Audio_Speech_Actors_01-24/Actor_09/03-01-02-02-02-01-09.wav,1,calm,/home/tonyhe/ravdess_avfusion/external/audio_ser_speechbrain/speechbrain-develop-main/outputs/embeddings_ECAPA/train/03-01-02-02-02-01-09.npy,96,02-01-02-02-02-01-09,data/raw/ravdess/video_speech/Video_Speech_Actor_09/Actor_09/02-01-02-02-02-01-09.mp4,1,calm,/home/tonyhe/ravdess_avfusion/external/video_face_branch/early_fusion_facial_v2/fusion_pack_5f/sequences/02-01-02-02-02-01-09.npy,5,2048,canonical_02,canonical_02,0.126674,0.263309,0.114567,0.085121,0.131772,0.108367,0.095811,0.074377,0.03136234171688557,0.880413293838501,0.014081675745546817,0.012810718268156052,0.013911313004791736,0.01420352291315794,0.0166466798633337,0.016570484824478628
01-02-02-02-01-10,train,10,1,calm,02,02,02,01,03-01-02-02-02-01-10,data/raw/ravdess/audio_speech/Audio_Speech_Actors_01-24/Actor_10/03-01-02-02-02-01-10.wav,1,calm,/home/tonyhe/ravdess_avfusion/external/audio_ser_speechbrain/speechbrain-develop-main/outputs/embeddings_ECAPA/train/03-01-02-02-02-01-10.npy,96,02-01-02-02-02-01-10,data/raw/ravdess/video_speech/Video_Speech_Actor_10/Actor_10/02-01-02-02-02-01-10.mp4,1,calm,/home/tonyhe/ravdess_avfusion/external/video_face_branch/early_fusion_facial_v2/fusion_pack_5f/sequences/02-01-02-02-02-01-10.npy,5,2048,canonical_02,canonical_02,0.14195,0.245461,0.117305,0.078769,0.14067,0.078926,0.092994,0.103925,0.02895316667854786,0.8632913708686829,0.038302090391516684,0.01592808626592159,0.011672424990683794,0.01165204904973507,0.016137835942208766,0.014062977209687234
01-02-02-02-01-11,train,11,1,calm,02,02,02,01,03-01-02-02-02-01-11,data/raw/ravdess/audio_speech/Audio_Speech_Actors_01-24/Actor_11/03-01-02-02-02-01-11.wav,1,calm,/home/tonyhe/ravdess_avfusion/external/audio_ser_speechbrain/speechbrain-develop-main/outputs/embeddings_ECAPA/train/03-01-02-02-02-01-11.npy,96,02-01-02-02-02-01-11,data/raw/ravdess/video_speech/Video_Speech_Actor_11/Actor_11/02-01-02-02-02-01-11.mp4,1,calm,/home/tonyhe/ravdess_avfusion/external/video_face_branch/early_fusion_facial_v2/fusion_pack_5f/sequences/02-01-02-02-02-01-11.npy,5,2048,canonical_02,canonical_02,0.115378,0.269901,0.134668,0.092364,0.098712,0.102195,0.095396,0.091386,0.028247786313295366,0.8315274357795716,0.013411588221788406,0.06283236388117075,0.013957627676427364,0.012566606141626835,0.02051498629152775,0.01694159973412752
01-02-02-02-01-12,train,12,1,calm,02,02,02,01,03-01-02-02-02-01-12,data/raw/ravdess/audio_speech/Audio_Speech_Actors_01-24/Actor_12/03-01-02-02-02-01-12.wav,1,calm,/home/tonyhe/ravdess_avfusion/external/audio_ser_speechbrain/speechbrain-develop-main/outputs/embeddings_ECAPA/train/03-01-02-02-02-01-12.npy,96,02-01-02-02-02-01-12,data/raw/ravdess/video_speech/Video_Speech_Actor_12/Actor_12/02-01-02-02-02-01-12.mp4,1,calm,/home/tonyhe/ravdess_avfusion/external/video_face_branch/early_fusion_facial_v2/fusion_pack_5f/sequences/02-01-02-02-02-01-12.npy,5,2048,canonical_02,canonical_02,0.119792,0.260272,0.12487,0.112595,0.080567,0.101592,0.100639,0.099674,0.03447445780038834,0.8944883704185486,0.010601176507771015,0.012934545427560807,0.010677481722086667,0.011763079091906548,0.013348812982439996,0.011712049134075642
01-02-02-02-01-13,train,13,1,calm,02,02,02,01,03-01-02-02-02-01-13,data/raw/ravdess/audio_speech/Audio_Speech_Actors_01-24/Actor_13/03-01-02-02-02-01-13.wav,1,calm,/home/tonyhe/ravdess_avfusion/external/audio_ser_speechbrain/speechbrain-develop-main/outputs/embeddings_ECAPA/train/03-01-02-02-02-01-13.npy,96,02-01-02-02-02-01-13,data/raw/ravdess/video_speech/Video_Speech_Actor_13/Actor_13/02-01-02-02-02-01-13.mp4,1,calm,/home/tonyhe/ravdess_avfusion/external/video_face_branch/early_fusion_facial_v2/fusion_pack_5f/sequences/02-01-02-02-02-01-13.npy,5,2048,canonical_02,canonical_02,0.144585,0.25167,0.125119,0.09466,0.122951,0.078396,0.079861,0.102757,0.030604607611894607,0.8833067297935486,0.013951250351965427,0.013332805968821049,0.013881519995629787,0.013744896836578846,0.014114697650074958,0.017063476517796515
01-02-02-02-01-14,train,14,1,calm,02,02,02,01,03-01-02-02-02-01-14,data/raw/ravdess/audio_speech/Audio_Speech_Actors_01-24/Actor_14/03-01-02-02-02-01-14.wav,1,calm,/home/tonyhe/ravdess_avfusion/external/audio_ser_speechbrain/speechbrain-develop-main/outputs/embeddings_ECAPA/train/03-01-02-02-02-01-14.npy,96,02-01-02-02-02-01-14,data/raw/ravdess/video_speech/Video_Speech_Actor_14/Actor_14/02-01-02-02-02-01-14.mp4,1,calm,/home/tonyhe/ravdess_avfusion/external/video_face_branch/early_fusion_facial_v2/fusion_pack_5f/sequences/02-01-02-02-02-01-14.npy,5,2048,canonical_02,canonical_02,0.14574,0.253676,0.118747,0.09466,0.101839,0.081004,0.107033,0.097302,0.041018078848719594,0.8709110498428345,0.01016057962551713,0.011072092689573765,0.021744578331708907,0.011759844422340394,0.015396157652139664,0.017937661334872245
01-02-02-02-01-15,train,15,1,calm,02,02,02,01,03-01-02-02-02-01-15,data/raw/ravdess/audio_speech/Audio_Speech_Actors_01-24/Actor_15/03-01-02-02-02-01-15.wav,1,calm,/home/tonyhe/ravdess_avfusion/external/audio_ser_speechbrain/speechbrain-develop-main/outputs/embeddings_ECAPA/train/03-01-02-02-02-01-15.npy,96,02-01-02-02-02-01-15,data/raw/ravdess/video_speech/Video_Speech_Actor_15/Actor_15/02-01-02-02-02-01-15.mp4,1,calm,/home/tonyhe/ravdess_avfusion/data/processed/video/backfill_actor15/sequence_embeddings_5f/train/02-01-02-02-02-01-15.npy,5,2048,backfill_actor15,backfill_actor15,0.154197,0.234879,0.0843,0.11091,0.11101,0.067868,0.125692,0.111145,0.07456932961940765,0.4278618395328522,0.22671613097190857,0.15460291504859924,0.024224430322647095,0.019690144807100296,0.0348147377371788,0.037520475685596466
01-02-02-02-01-16,train,16,1,calm,02,02,02,01,03-01-02-02-02-01-16,data/raw/ravdess/audio_speech/Audio_Speech_Actors_01-24/Actor_16/03-01-02-02-02-01-16.wav,1,calm,/home/tonyhe/ravdess_avfusion/external/audio_ser_speechbrain/speechbrain-develop-main/outputs/embeddings_ECAPA/train/03-01-02-02-02-01-16.npy,96,02-01-02-02-02-01-16,data/raw/ravdess/video_speech/Video_Speech_Actor_16/Actor_16/02-01-02-02-02-01-16.mp4,1,calm,/home/tonyhe/ravdess_avfusion/external/video_face_branch/early_fusion_facial_v2/fusion_pack_5f/sequences/02-01-02-02-02-01-16.npy,5,2048,canonical_02,canonical_02,0.126103,0.261545,0.132913,0.09264,0.086799,0.109662,0.092978,0.09736,0.03350889720022678,0.8786201238632202,0.011249104887247086,0.016237732581794263,0.015512375347316264,0.01309062521904707,0.01735115721821785,0.014429970830678939
01-02-02-02-02-01,train,1,1,calm,02,02,02,02,03-01-02-02-02-02-01,data/raw/ravdess/audio_speech/Audio_Speech_Actors_01-24/Actor_01/03-01-02-02-02-02-01.wav,1,calm,/home/tonyhe/ravdess_avfusion/external/audio_ser_speechbrain/speechbrain-develop-main/outputs/embeddings_ECAPA/train/03-01-02-02-02-02-01.npy,96,02-01-02-02-02-02-01,data/raw/ravdess/video_speech/Video_Speech_Actor_01/Actor_01/02-01-02-02-02-02-01.mp4,1,calm,/home/tonyhe/ravdess_avfusion/external/video_face_branch/early_fusion_facial_v2/fusion_pack_5f/sequences/02-01-02-02-02-02-01.npy,5,2048,canonical_02,canonical_02,0.105856,0.228466,0.153345,0.103324,0.115137,0.093187,0.129651,0.071033,0.022058338299393652,0.9034734249114991,0.010247329622507096,0.011253368388861418,0.012081853020936251,0.010496793314814568,0.014048493653535842,0.01634041266515851
01-02-02-02-02-02,train,2,1,calm,02,02,02,02,03-01-02-02-02-02-02,data/raw/ravdess/audio_speech/Audio_Speech_Actors_01-24/Actor_02/03-01-02-02-02-02-02.wav,1,calm,/home/tonyhe/ravdess_avfusion/external/audio_ser_speechbrain/speechbrain-develop-main/outputs/embeddings_ECAPA/train/03-01-02-02-02-02-02.npy,96,02-01-02-02-02-02-02,data/raw/ravdess/video_speech/Video_Speech_Actor_02/Actor_02/02-01-02-02-02-02-02.mp4,1,calm,/home/tonyhe/ravdess_avfusion/external/video_face_branch/early_fusion_facial_v2/fusion_pack_5f/sequences/02-01-02-02-02-02-02.npy,5,2048,canonical_02,canonical_02,0.120675,0.256759,0.101567,0.091811,0.089206,0.130829,0.111998,0.097153,0.188065080717206,0.7490564167499543,0.009064230788499116,0.009235919546335935,0.00959083866328001,0.00983791584149003,0.01242697685956955,0.012722612917423248
01-02-02-02-02-03,train,3,1,calm,02,02,02,02,03-01-02-02-02-02-03,data/raw/ravdess/audio_speech/Audio_Speech_Actors_01-24/Actor_03/03-01-02-02-02-02-03.wav,1,calm,/home/tonyhe/ravdess_avfusion/external/audio_ser_speechbrain/speechbrain-develop-main/outputs/embeddings_ECAPA/train/03-01-02-02-02-02-03.npy,96,02-01-02-02-02-02-03,data/raw/ravdess/video_speech/Video_Speech_Actor_03/Actor_03/02-01-02-02-02-02-03.mp4,1,calm,/home/tonyhe/ravdess_avfusion/external/video_face_branch/early_fusion_facial_v2/fusion_pack_5f/sequences/02-01-02-02-02-02-03.npy,5,2048,canonical_02,canonical_02,0.107023,0.257075,0.130537,0.111382,0.089283,0.092963,0.098567,0.11317,0.02590339221060276,0.8889239430427551,0.013881903700530529,0.014859304763376713,0.01126189660280943,0.01214615572243929,0.018133333697915078,0.014890064671635627
01-02-02-02-02-04,train,4,1,calm,02,02,02,02,03-01-02-02-02-02-04,data/raw/ravdess/audio_speech/Audio_Speech_Actors_01-24/Actor_04/03-01-02-02-02-02-04.wav,1,calm,/home/tonyhe/ravdess_avfusion/external/audio_ser_speechbrain/speechbrain-develop-main/outputs/embeddings_ECAPA/train/03-01-02-02-02-02-04.npy,96,02-01-02-02-02-02-04,data/raw/ravdess/video_speech/Video_Speech_Actor_04/Actor_04/02-01-02-02-02-02-04.mp4,1,calm,/home/tonyhe/ravdess_avfusion/external/video_face_branch/early_fusion_facial_v2/fusion_pack_5f/sequences/02-01-02-02-02-02-04.npy,5,2048,canonical_02,canonical_02,0.11417,0.256361,0.126676,0.123604,0.109989,0.081302,0.109169,0.078728,0.035675376281142236,0.875482702255249,0.012787910550832749,0.016295904107391835,0.01443954575806856,0.012014079093933105,0.01503403503447771,0.018270421028137206
01-02-02-02-02-05,train,5,1,calm,02,02,02,02,03-01-02-02-02-02-05,data/raw/ravdess/audio_speech/Audio_Speech_Actors_01-24/Actor_05/03-01-02-02-02-02-05.wav,1,calm,/home/tonyhe/ravdess_avfusion/external/audio_ser_speechbrain/speechbrain-develop-main/outputs/embeddings_ECAPA/train/03-01-02-02-02-02-05.npy,96,02-01-02-02-02-02-05,data/raw/ravdess/video_speech/Video_Speech_Actor_05/Actor_05/02-01-02-02-02-02-05.mp4,1,calm,/home/tonyhe/ravdess_avfusion/external/video_face_branch/early_fusion_facial_v2/fusion_pack_5f/sequences/02-01-02-02-02-02-05.npy,5,2048,canonical_02,canonical_02,0.128617,0.276493,0.101195,0.113362,0.100019,0.096594,0.095073,0.088649,0.02508164383471012,0.9076850652694702,0.009404959902167321,0.009786973986774684,0.009030604176223278,0.01261598002165556,0.014876851253211499,0.011517887376248837
01-02-02-02-02-06,train,6,1,calm,02,02,02,02,03-01-02-02-02-02-06,data/raw/ravdess/audio_speech/Audio_Speech_Actors_01-24/Actor_06/03-01-02-02-02-02-06.wav,1,calm,/home/tonyhe/ravdess_avfusion/external/audio_ser_speechbrain/speechbrain-develop-main/outputs/embeddings_ECAPA/train/03-01-02-02-02-02-06.npy,96,02-01-02-02-02-02-06,data/raw/ravdess/video_speech/Video_Speech_Actor_06/Actor_06/02-01-02-02-02-02-06.mp4,1,calm,/home/tonyhe/ravdess_avfusion/external/video_face_branch/early_fusion_facial_v2/fusion_pack_5f/sequences/02-01-02-02-02-02-06.npy,5,2048,canonical_02,canonical_02,0.12215,0.252244,0.135431,0.108701,0.096696,0.110636,0.106267,0.067876,0.026696605235338212,0.883110785484314,0.013095343858003617,0.016624823957681657,0.012879437953233718,0.01567655522376299,0.017705309391021728,0.014211154356598855
01-02-02-02-02-07,train,7,1,calm,02,02,02,02,03-01-02-02-02-02-07,data/raw/ravdess/audio_speech/Audio_Speech_Actors_01-24/Actor_07/03-01-02-02-02-02-07.wav,1,calm,/home/tonyhe/ravdess_avfusion/external/audio_ser_speechbrain/speechbrain-develop-main/outputs/embeddings_ECAPA/train/03-01-02-02-02-02-07.npy,96,02-01-02-02-02-02-07,data/raw/ravdess/video_speech/Video_Speech_Actor_07/Actor_07/02-01-02-02-02-02-07.mp4,1,calm,/home/tonyhe/ravdess_avfusion/external/video_face_branch/early_fusion_facial_v2/fusion_pack_5f/sequences/02-01-02-02-02-02-07.npy,5,2048,canonical_02,canonical_02,0.123115,0.266079,0.112838,0.129686,0.105587,0.102298,0.084798,0.0756,0.02869611568748951,0.8642274856567382,0.03443840425461531,0.015350120700895786,0.012129455432295799,0.013845291547477245,0.013016551919281482,0.018296599946916105
01-02-02-02-02-08,train,8,1,calm,02,02,02,02,03-01-02-02-02-02-08,data/raw/ravdess/audio_speech/Audio_Speech_Actors_01-24/Actor_08/03-01-02-02-02-02-08.wav,1,calm,/home/tonyhe/ravdess_avfusion/external/audio_ser_speechbrain/speechbrain-develop-main/outputs/embeddings_ECAPA/train/03-01-02-02-02-02-08.npy,96,02-01-02-02-02-02-08,data/raw/ravdess/video_speech/Video_Speech_Actor_08/Actor_08/02-01-02-02-02-02-08.mp4,1,calm,/home/tonyhe/ravdess_avfusion/external/video_face_branch/early_fusion_facial_v2/fusion_pack_5f/sequences/02-01-02-02-02-02-08.npy,5,2048,canonical_02,canonical_02,0.09551,0.254719,0.104469,0.12754,0.10095,0.114043,0.113638,0.08913,0.029060760512948036,0.8896423220634461,0.016216688603162766,0.012604840844869614,0.012152631580829621,0.011774824932217598,0.013589696772396565,0.014958247356116772
01-02-02-02-02-09,train,9,1,calm,02,02,02,02,03-01-02-02-02-02-09,data/raw/ravdess/audio_speech/Audio_Speech_Actors_01-24/Actor_09/03-01-02-02-02-02-09.wav,1,calm,/home/tonyhe/ravdess_avfusion/external/audio_ser_speechbrain/speechbrain-develop-main/outputs/embeddings_ECAPA/train/03-01-02-02-02-02-09.npy,96,02-01-02-02-02-02-09,data/raw/ravdess/video_speech/Video_Speech_Actor_09/Actor_09/02-01-02-02-02-02-09.mp4,1,calm,/home/tonyhe/ravdess_avfusion/external/video_face_branch/early_fusion_facial_v2/fusion_pack_5f/sequences/02-01-02-02-02-02-09.npy,5,2048,canonical_02,canonical_02,0.155934,0.237098,0.123318,0.082679,0.120443,0.074976,0.104824,0.100726,0.03186292052268982,0.8807525157928466,0.012636519968509674,0.01683897115290165,0.01336138416081667,0.013981113024055958,0.01731584910303354,0.013250707648694515
01-02-02-02-02-10,train,10,1,calm,02,02,02,02,03-01-02-02-02-02-10,data/raw/ravdess/audio_speech/Audio_Speech_Actors_01-24/Actor_10/03-01-02-02-02-02-10.wav,1,calm,/home/tonyhe/ravdess_avfusion/external/audio_ser_speechbrain/speechbrain-develop-main/outputs/embeddings_ECAPA/train/03-01-02-02-02-02-10.npy,96,02-01-02-02-02-02-10,data/raw/ravdess/video_speech/Video_Speech_Actor_10/Actor_10/02-01-02-02-02-02-10.mp4,1,calm,/home/tonyhe/ravdess_avfusion/external/video_face_branch/early_fusion_facial_v2/fusion_pack_5f/sequences/02-01-02-02-02-02-10.npy,5,2048,canonical_02,canonical_02,0.141026,0.256215,0.094655,0.091949,0.095107,0.107681,0.090241,0.123127,0.25928968749940395,0.6268575474619865,0.0349527508020401,0.0194249140098691,0.006396562093868852,0.011095015332102776,0.02033273335546255,0.021650845557451247
01-02-02-02-02-11,train,11,1,calm,02,02,02,02,03-01-02-02-02-02-11,data/raw/ravdess/audio_speech/Audio_Speech_Actors_01-24/Actor_11/03-01-02-02-02-02-11.wav,1,calm,/home/tonyhe/ravdess_avfusion/external/audio_ser_speechbrain/speechbrain-develop-main/outputs/embeddings_ECAPA/train/03-01-02-02-02-02-11.npy,96,02-01-02-02-02-02-11,data/raw/ravdess/video_speech/Video_Speech_Actor_11/Actor_11/02-01-02-02-02-02-11.mp4,1,calm,/home/tonyhe/ravdess_avfusion/external/video_face_branch/early_fusion_facial_v2/fusion_pack_5f/sequences/02-01-02-02-02-02-11.npy,5,2048,canonical_02,canonical_02,0.123412,0.274172,0.127664,0.100015,0.096733,0.104517,0.093085,0.080404,0.022926796972751618,0.9056746959686279,0.012150093913078308,0.0122774051502347,0.011811446864157915,0.011169099807739257,0.012916244566440582,0.011074220575392247
01-02-02-02-02-12,train,12,1,calm,02,02,02,02,03-01-02-02-02-02-12,data/raw/ravdess/audio_speech/Audio_Speech_Actors_01-24/Actor_12/03-01-02-02-02-02-12.wav,1,calm,/home/tonyhe/ravdess_avfusion/external/audio_ser_speechbrain/speechbrain-develop-main/outputs/embeddings_ECAPA/train/03-01-02-02-02-02-12.npy,96,02-01-02-02-02-02-12,data/raw/ravdess/video_speech/Video_Speech_Actor_12/Actor_12/02-01-02-02-02-02-12.mp4,1,calm,/home/tonyhe/ravdess_avfusion/external/video_face_branch/early_fusion_facial_v2/fusion_pack_5f/sequences/02-01-02-02-02-02-12.npy,5,2048,canonical_02,canonical_02,0.096939,0.258382,0.109689,0.096649,0.119816,0.086898,0.117464,0.114162,0.12736160568892957,0.8011955857276917,0.010313077829778194,0.012562601268291474,0.010030422825366259,0.011849138047546148,0.013970810733735562,0.012716753035783767
01-02-02-02-02-13,train,13,1,calm,02,02,02,02,03-01-02-02-02-02-13,data/raw/ravdess/audio_speech/Audio_Speech_Actors_01-24/Actor_13/03-01-02-02-02-02-13.wav,1,calm,/home/tonyhe/ravdess_avfusion/external/audio_ser_speechbrain/speechbrain-develop-main/outputs/embeddings_ECAPA/train/03-01-02-02-02-02-13.npy,96,02-01-02-02-02-02-13,data/raw/ravdess/video_speech/Video_Speech_Actor_13/Actor_13/02-01-02-02-02-02-13.mp4,1,calm,/home/tonyhe/ravdess_avfusion/external/video_face_branch/early_fusion_facial_v2/fusion_pack_5f/sequences/02-01-02-02-02-02-13.npy,5,2048,canonical_02,canonical_02,0.146781,0.251276,0.128432,0.083035,0.106286,0.083212,0.09409,0.106889,0.022810010239481926,0.8763882756233216,0.041968727670609954,0.011069251596927643,0.014207608439028263,0.010944640357047319,0.013145269453525543,0.009466183837503195
01-02-02-02-02-14,train,14,1,calm,02,02,02,02,03-01-02-02-02-02-14,data/raw/ravdess/audio_speech/Audio_Speech_Actors_01-24/Actor_14/03-01-02-02-02-02-14.wav,1,calm,/home/tonyhe/ravdess_avfusion/external/audio_ser_speechbrain/speechbrain-develop-main/outputs/embeddings_ECAPA/train/03-01-02-02-02-02-14.npy,96,02-01-02-02-02-02-14,data/raw/ravdess/video_speech/Video_Speech_Actor_14/Actor_14/02-01-02-02-02-02-14.mp4,1,calm,/home/tonyhe/ravdess_avfusion/external/video_face_branch/early_fusion_facial_v2/fusion_pack_5f/sequences/02-01-02-02-02-02-14.npy,5,2048,canonical_02,canonical_02,0.099606,0.250371,0.114975,0.090819,0.095194,0.111776,0.125379,0.111881,0.026897354796528817,0.9099895358085632,0.007643969543278217,0.009446029830724002,0.011266858968883752,0.009631138946861028,0.011686344258487224,0.013438758719712496
01-02-02-02-02-15,train,15,1,calm,02,02,02,02,03-01-02-02-02-02-15,data/raw/ravdess/audio_speech/Audio_Speech_Actors_01-24/Actor_15/03-01-02-02-02-02-15.wav,1,calm,/home/tonyhe/ravdess_avfusion/external/audio_ser_speechbrain/speechbrain-develop-main/outputs/embeddings_ECAPA/train/03-01-02-02-02-02-15.npy,96,02-01-02-02-02-02-15,data/raw/ravdess/video_speech/Video_Speech_Actor_15/Actor_15/02-01-02-02-02-02-15.mp4,1,calm,/home/tonyhe/ravdess_avfusion/data/processed/video/backfill_actor15/sequence_embeddings_5f/train/02-01-02-02-02-02-15.npy,5,2048,backfill_actor15,backfill_actor15,0.14212,0.252048,0.085501,0.095099,0.109917,0.092818,0.130123,0.092375,0.15628767013549805,0.6445716619491577,0.04508369415998459,0.05976630374789238,0.01618346758186817,0.013519858941435814,0.028229523450136185,0.0363578274846077
01-02-02-02-02-16,train,16,1,calm,02,02,02,02,03-01-02-02-02-02-16,data/raw/ravdess/audio_speech/Audio_Speech_Actors_01-24/Actor_16/03-01-02-02-02-02-16.wav,1,calm,/home/tonyhe/ravdess_avfusion/external/audio_ser_speechbrain/speechbrain-develop-main/outputs/embeddings_ECAPA/train/03-01-02-02-02-02-16.npy,96,02-01-02-02-02-02-16,data/raw/ravdess/video_speech/Video_Speech_Actor_16/Actor_16/02-01-02-02-02-02-16.mp4,1,calm,/home/tonyhe/ravdess_avfusion/external/video_face_branch/early_fusion_facial_v2/fusion_pack_5f/sequences/02-01-02-02-02-02-16.npy,5,2048,canonical_02,canonical_02,0.129083,0.269167,0.125945,0.087325,0.096668,0.099327,0.096591,0.095894,0.024869305640459062,0.887514853477478,0.011568671930581332,0.024023466184735297,0.013849516585469245,0.011231635510921479,0.01522311232984066,0.011719421669840812
01-03-01-01-01-01,train,1,2,happy,03,01,01,01,03-01-03-01-01-01-01,data/raw/ravdess/audio_speech/Audio_Speech_Actors_01-24/Actor_01/03-01-03-01-01-01-01.wav,2,happy,/home/tonyhe/ravdess_avfusion/external/audio_ser_speechbrain/speechbrain-develop-main/outputs/embeddings_ECAPA/train/03-01-03-01-01-01-01.npy,96,02-01-03-01-01-01-01,data/raw/ravdess/video_speech/Video_Speech_Actor_01/Actor_01/02-01-03-01-01-01-01.mp4,2,happy,/home/tonyhe/ravdess_avfusion/external/video_face_branch/early_fusion_facial_v2/fusion_pack_5f/sequences/02-01-03-01-01-01-01.npy,5,2048,canonical_02,canonical_02,0.11512,0.111367,0.23343,0.082536,0.084515,0.104264,0.110989,0.157779,0.020265616476535797,0.06876732632517815,0.8523751616477966,0.012188010104000568,0.01126122297719121,0.010867936257272958,0.010907979402691125,0.013366766832768917
01-03-01-01-01-02,train,2,2,happy,03,01,01,01,03-01-03-01-01-01-02,data/raw/ravdess/audio_speech/Audio_Speech_Actors_01-24/Actor_02/03-01-03-01-01-01-02.wav,2,happy,/home/tonyhe/ravdess_avfusion/external/audio_ser_speechbrain/speechbrain-develop-main/outputs/embeddings_ECAPA/train/03-01-03-01-01-01-02.npy,96,02-01-03-01-01-01-02,data/raw/ravdess/video_speech/Video_Speech_Actor_02/Actor_02/02-01-03-01-01-01-02.mp4,2,happy,/home/tonyhe/ravdess_avfusion/external/video_face_branch/early_fusion_facial_v2/fusion_pack_5f/sequences/02-01-03-01-01-01-02.npy,5,2048,canonical_02,canonical_02,0.136798,0.109784,0.238449,0.086478,0.102279,0.105191,0.092862,0.128159,0.023170968890190123,0.012741191498935222,0.9121723175048828,0.009543439745903015,0.00927469301968813,0.00949397385120392,0.012496330589056016,0.011107144132256507
01-03-01-01-01-03,train,3,2,happy,03,01,01,01,03-01-03-01-01-01-03,data/raw/ravdess/audio_speech/Audio_Speech_Actors_01-24/Actor_03/03-01-03-01-01-01-03.wav,2,happy,/home/tonyhe/ravdess_avfusion/external/audio_ser_speechbrain/speechbrain-develop-main/outputs/embeddings_ECAPA/train/03-01-03-01-01-01-03.npy,96,02-01-03-01-01-01-03,data/raw/ravdess/video_speech/Video_Speech_Actor_03/Actor_03/02-01-03-01-01-01-03.mp4,2,happy,/home/tonyhe/ravdess_avfusion/external/video_face_branch/early_fusion_facial_v2/fusion_pack_5f/sequences/02-01-03-01-01-01-03.npy,5,2048,canonical_02,canonical_02,0.118973,0.103422,0.265402,0.117612,0.098426,0.099455,0.088051,0.108658,0.019828930869698523,0.008153940271586179,0.9206399321556091,0.010158742871135473,0.009252573084086179,0.009449098072946072,0.010742890276014804,0.011773912236094475
01-03-01-01-01-04,train,4,2,happy,03,01,01,01,03-01-03-01-01-01-04,data/raw/ravdess/audio_speech/Audio_Speech_Actors_01-24/Actor_04/03-01-03-01-01-01-04.wav,2,happy,/home/tonyhe/ravdess_avfusion/external/audio_ser_speechbrain/speechbrain-develop-main/outputs/embeddings_ECAPA/train/03-01-03-01-01-01-04.npy,96,02-01-03-01-01-01-04,data/raw/ravdess/video_speech/Video_Speech_Actor_04/Actor_04/02-01-03-01-01-01-04.mp4,2,happy,/home/tonyhe/ravdess_avfusion/external/video_face_branch/early_fusion_facial_v2/fusion_pack_5f/sequences/02-01-03-01-01-01-04.npy,5,2048,canonical_02,canonical_02,0.12406,0.111585,0.220506,0.108544,0.084802,0.070149,0.125252,0.155104,0.030752063542604447,0.43371696174144747,0.45891078263521196,0.015044221747666597,0.01484560165554285,0.014259909093379975,0.017859423346817494,0.0146110525354743
01-03-01-01-01-05,train,5,2,happy,03,01,01,01,03-01-03-01-01-01-05,data/raw/ravdess/audio_speech/Audio_Speech_Actors_01-24/Actor_05/03-01-03-01-01-01-05.wav,2,happy,/home/tonyhe/ravdess_avfusion/external/audio_ser_speechbrain/speechbrain-develop-main/outputs/embeddings_ECAPA/train/03-01-03-01-01-01-05.npy,96,02-01-03-01-01-01-05,data/raw/ravdess/video_speech/Video_Speech_Actor_05/Actor_05/02-01-03-01-01-01-05.mp4,2,happy,/home/tonyhe/ravdess_avfusion/external/video_face_branch/early_fusion_facial_v2/fusion_pack_5f/sequences/02-01-03-01-01-01-05.npy,5,2048,canonical_02,canonical_02,0.117347,0.135521,0.253402,0.106293,0.104327,0.081829,0.092694,0.108586,0.027129060961306094,0.014222888834774494,0.8986210465431214,0.010844238568097353,0.013454320281744004,0.011151513271033763,0.011880990862846375,0.012695965357124805
01-03-01-01-01-06,train,6,2,happy,03,01,01,01,03-01-03-01-01-01-06,data/raw/ravdess/audio_speech/Audio_Speech_Actors_01-24/Actor_06/03-01-03-01-01-01-06.wav,2,happy,/home/tonyhe/ravdess_avfusion/external/audio_ser_speechbrain/speechbrain-develop-main/outputs/embeddings_ECAPA/train/03-01-03-01-01-01-06.npy,96,02-01-03-01-01-01-06,data/raw/ravdess/video_speech/Video_Speech_Actor_06/Actor_06/02-01-03-01-01-01-06.mp4,2,happy,/home/tonyhe/ravdess_avfusion/external/video_face_branch/early_fusion_facial_v2/fusion_pack_5f/sequences/02-01-03-01-01-01-06.npy,5,2048,canonical_02,canonical_02,0.13195,0.112438,0.249189,0.117794,0.086241,0.117237,0.09756,0.087592,0.021418609097599982,0.01914309896528721,0.8996286273002625,0.011673311144113541,0.014523296989500523,0.012072953023016452,0.010832944698631764,0.010707174241542817
01-03-01-01-01-07,train,7,2,happy,03,01,01,01,03-01-03-01-01-01-07,data/raw/ravdess/audio_speech/Audio_Speech_Actors_01-24/Actor_07/03-01-03-01-01-01-07.wav,2,happy,/home/tonyhe/ravdess_avfusion/external/audio_ser_speechbrain/speechbrain-develop-main/outputs/embeddings_ECAPA/train/03-01-03-01-01-01-07.npy,96,02-01-03-01-01-01-07,data/raw/ravdess/video_speech/Video_Speech_Actor_07/Actor_07/02-01-03-01-01-01-07.mp4,2,happy,/home/tonyhe/ravdess_avfusion/external/video_face_branch/early_fusion_facial_v2/fusion_pack_5f/sequences/02-01-03-01-01-01-07.npy,5,2048,canonical_02,canonical_02,0.17486,0.126661,0.221178,0.115404,0.097955,0.088415,0.096816,0.07871,0.021355951577425,0.021213475428521634,0.9073610186576844,0.009847367648035288,0.009321605600416661,0.009214607998728752,0.012943045236170292,0.008742938935756683
01-03-01-01-01-08,train,8,2,happy,03,01,01,01,03-01-03-01-01-01-08,data/raw/ravdess/audio_speech/Audio_Speech_Actors_01-24/Actor_08/03-01-03-01-01-01-08.wav,2,happy,/home/tonyhe/ravdess_avfusion/external/audio_ser_speechbrain/speechbrain-develop-main/outputs/embeddings_ECAPA/train/03-01-03-01-01-01-08.npy,96,02-01-03-01-01-01-08,data/raw/ravdess/video_speech/Video_Speech_Actor_08/Actor_08/02-01-03-01-01-01-08.mp4,2,happy,/home/tonyhe/ravdess_avfusion/external/video_face_branch/early_fusion_facial_v2/fusion_pack_5f/sequences/02-01-03-01-01-01-08.npy,5,2048,canonical_02,canonical_02,0.140909,0.114415,0.210499,0.086831,0.08117,0.079371,0.139038,0.147767,0.02101367525756359,0.013797248899936675,0.9151094079017639,0.00820277612656355,0.009932183101773262,0.010136628523468971,0.011871036328375339,0.009937001764774323
01-03-01-01-01-09,train,9,2,happy,03,01,01,01,03-01-03-01-01-01-09,data/raw/ravdess/audio_speech/Audio_Speech_Actors_01-24/Actor_09/03-01-03-01-01-01-09.wav,2,happy,/home/tonyhe/ravdess_avfusion/external/audio_ser_speechbrain/speechbrain-develop-main/outputs/embeddings_ECAPA/train/03-01-03-01-01-01-09.npy,96,02-01-03-01-01-01-09,data/raw/ravdess/video_speech/Video_Speech_Actor_09/Actor_09/02-01-03-01-01-01-09.mp4,2,happy,/home/tonyhe/ravdess_avfusion/external/video_face_branch/early_fusion_facial_v2/fusion_pack_5f/sequences/02-01-03-01-01-01-09.npy,5,2048,canonical_02,canonical_02,0.148933,0.151767,0.2245,0.110326,0.090589,0.074822,0.112415,0.086647,0.019995431043207647,0.010944170877337456,0.9139366745948792,0.009927366301417351,0.012105233687907457,0.0091065620072186,0.013028575852513314,0.010955981351435185
01-03-01-01-01-10,train,10,2,happy,03,01,01,01,03-01-03-01-01-01-10,data/raw/ravdess/audio_speech/Audio_Speech_Actors_01-24/Actor_10/03-01-03-01-01-01-10.wav,2,happy,/home/tonyhe/ravdess_avfusion/external/audio_ser_speechbrain/speechbrain-develop-main/outputs/embeddings_ECAPA/train/03-01-03-01-01-01-10.npy,96,02-01-03-01-01-01-10,data/raw/ravdess/video_speech/Video_Speech_Actor_10/Actor_10/02-01-03-01-01-01-10.mp4,2,happy,/home/tonyhe/ravdess_avfusion/external/video_face_branch/early_fusion_facial_v2/fusion_pack_5f/sequences/02-01-03-01-01-01-10.npy,5,2048,canonical_02,canonical_02,0.09301,0.107798,0.249782,0.114194,0.099981,0.081875,0.113019,0.140342,0.021478032507002354,0.0108209528028965,0.9151890993118286,0.010796899534761905,0.009597910381853581,0.009856262151151896,0.011178259458392858,0.011082597076892853
01-03-01-01-01-11,train,11,2,happy,03,01,01,01,03-01-03-01-01-01-11,data/raw/ravdess/audio_speech/Audio_Speech_Actors_01-24/Actor_11/03-01-03-01-01-01-11.wav,2,happy,/home/tonyhe/ravdess_avfusion/external/audio_ser_speechbrain/speechbrain-develop-main/outputs/embeddings_ECAPA/train/03-01-03-01-01-01-11.npy,96,02-01-03-01-01-01-11,data/raw/ravdess/video_speech/Video_Speech_Actor_11/Actor_11/02-01-03-01-01-01-11.mp4,2,happy,/home/tonyhe/ravdess_avfusion/external/video_face_branch/early_fusion_facial_v2/fusion_pack_5f/sequences/02-01-03-01-01-01-11.npy,5,2048,canonical_02,canonical_02,0.130462,0.115175,0.236289,0.101356,0.068328,0.112588,0.099641,0.136162,0.016727232187986375,0.014164253417402507,0.9157182931900024,0.011532300617545843,0.009347425680607558,0.007110598869621754,0.009093301091343164,0.016306611243635416
01-03-01-01-01-12,train,12,2,happy,03,01,01,01,03-01-03-01-01-01-12,data/raw/ravdess/audio_speech/Audio_Speech_Actors_01-24/Actor_12/03-01-03-01-01-01-12.wav,2,happy,/home/tonyhe/ravdess_avfusion/external/audio_ser_speechbrain/speechbrain-develop-main/outputs/embeddings_ECAPA/train/03-01-03-01-01-01-12.npy,96,02-01-03-01-01-01-12,data/raw/ravdess/video_speech/Video_Speech_Actor_12/Actor_12/02-01-03-01-01-01-12.mp4,2,happy,/home/tonyhe/ravdess_avfusion/external/video_face_branch/early_fusion_facial_v2/fusion_pack_5f/sequences/02-01-03-01-01-01-12.npy,5,2048,canonical_02,canonical_02,0.127948,0.107817,0.25258,0.140091,0.079173,0.098218,0.09762,0.096554,0.017518529295921327,0.012428188789635896,0.9082801938056946,0.019005081802606582,0.0093347760848701,0.009586175624281167,0.010905008297413588,0.012942004762589932
01-03-01-01-01-13,train,13,2,happy,03,01,01,01,03-01-03-01-01-01-13,data/raw/ravdess/audio_speech/Audio_Speech_Actors_01-24/Actor_13/03-01-03-01-01-01-13.wav,2,happy,/home/tonyhe/ravdess_avfusion/external/audio_ser_speechbrain/speechbrain-develop-main/outputs/embeddings_ECAPA/train/03-01-03-01-01-01-13.npy,96,02-01-03-01-01-01-13,data/raw/ravdess/video_speech/Video_Speech_Actor_13/Actor_13/02-01-03-01-01-01-13.mp4,2,happy,/home/tonyhe/ravdess_avfusion/external/video_face_branch/early_fusion_facial_v2/fusion_pack_5f/sequences/02-01-03-01-01-01-13.npy,5,2048,canonical_02,canonical_02,0.128884,0.12254,0.228334,0.102912,0.090518,0.083672,0.095026,0.148114,0.019324455969035627,0.008924552239477634,0.9214613556861877,0.009374900348484516,0.011768869496881962,0.009673984348773956,0.009273872803896665,0.010198042821139097
01-03-01-01-01-14,train,14,2,happy,03,01,01,01,03-01-03-01-01-01-14,data/raw/ravdess/audio_speech/Audio_Speech_Actors_01-24/Actor_14/03-01-03-01-01-01-14.wav,2,happy,/home/tonyhe/ravdess_avfusion/external/audio_ser_speechbrain/speechbrain-develop-main/outputs/embeddings_ECAPA/train/03-01-03-01-01-01-14.npy,96,02-01-03-01-01-01-14,data/raw/ravdess/video_speech/Video_Speech_Actor_14/Actor_14/02-01-03-01-01-01-14.mp4,2,happy,/home/tonyhe/ravdess_avfusion/external/video_face_branch/early_fusion_facial_v2/fusion_pack_5f/sequences/02-01-03-01-01-01-14.npy,5,2048,canonical_02,canonical_02,0.086562,0.107456,0.256211,0.131791,0.080459,0.125424,0.100744,0.111353,0.01698999535292387,0.01574118062853813,0.9200825691223145,0.006387164536863566,0.008897608704864978,0.008321016374975444,0.010672328434884549,0.012908160872757434
01-03-01-01-01-15,train,15,2,happy,03,01,01,01,03-01-03-01-01-01-15,data/raw/ravdess/audio_speech/Audio_Speech_Actors_01-24/Actor_15/03-01-03-01-01-01-15.wav,2,happy,/home/tonyhe/ravdess_avfusion/external/audio_ser_speechbrain/speechbrain-develop-main/outputs/embeddings_ECAPA/train/03-01-03-01-01-01-15.npy,96,02-01-03-01-01-01-15,data/raw/ravdess/video_speech/Video_Speech_Actor_15/Actor_15/02-01-03-01-01-01-15.mp4,2,happy,/home/tonyhe/ravdess_avfusion/data/processed/video/backfill_actor15/sequence_embeddings_5f/train/02-01-03-01-01-01-15.npy,5,2048,backfill_actor15,backfill_actor15,0.13804,0.114446,0.230735,0.099826,0.08565,0.085252,0.099407,0.146644,0.05772353336215019,0.07509496808052063,0.536268413066864,0.24747183918952942,0.022817391902208328,0.008249940350651741,0.03140402212738991,0.020969916135072708
01-03-01-01-01-16,train,16,2,happy,03,01,01,01,03-01-03-01-01-01-16,data/raw/ravdess/audio_speech/Audio_Speech_Actors_01-24/Actor_16/03-01-03-01-01-01-16.wav,2,happy,/home/tonyhe/ravdess_avfusion/external/audio_ser_speechbrain/speechbrain-develop-main/outputs/embeddings_ECAPA/train/03-01-03-01-01-01-16.npy,96,02-01-03-01-01-01-16,data/raw/ravdess/video_speech/Video_Speech_Actor_16/Actor_16/02-01-03-01-01-01-16.mp4,2,happy,/home/tonyhe/ravdess_avfusion/external/video_face_branch/early_fusion_facial_v2/fusion_pack_5f/sequences/02-01-03-01-01-01-16.npy,5,2048,canonical_02,canonical_02,0.115578,0.123548,0.238696,0.081492,0.103658,0.099464,0.094743,0.142822,0.020936853624880312,0.032775364071130755,0.8943601369857788,0.01102017629891634,0.00864551980048418,0.010500033665448428,0.012363049015402795,0.009398858528584242
01-03-01-01-02-01,train,1,2,happy,03,01,01,02,03-01-03-01-01-02-01,data/raw/ravdess/audio_speech/Audio_Speech_Actors_01-24/Actor_01/03-01-03-01-01-02-01.wav,2,happy,/home/tonyhe/ravdess_avfusion/external/audio_ser_speechbrain/speechbrain-develop-main/outputs/embeddings_ECAPA/train/03-01-03-01-01-02-01.npy,96,02-01-03-01-01-02-01,data/raw/ravdess/video_speech/Video_Speech_Actor_01/Actor_01/02-01-03-01-01-02-01.mp4,2,happy,/home/tonyhe/ravdess_avfusion/external/video_face_branch/early_fusion_facial_v2/fusion_pack_5f/sequences/02-01-03-01-01-02-01.npy,5,2048,canonical_02,canonical_02,0.124224,0.106244,0.250233,0.112501,0.080356,0.098517,0.095589,0.132336,0.021782178431749344,0.023890944942831994,0.8976454973220825,0.010640239715576172,0.0111780172213912,0.009922229312360286,0.013424042612314224,0.011516835540533066
01-03-01-01-02-02,train,2,2,happy,03,01,01,02,03-01-03-01-01-02-02,data/raw/ravdess/audio_speech/Audio_Speech_Actors_01-24/Actor_02/03-01-03-01-01-02-02.wav,2,happy,/home/tonyhe/ravdess_avfusion/external/audio_ser_speechbrain/speechbrain-develop-main/outputs/embeddings_ECAPA/train/03-01-03-01-01-02-02.npy,96,02-01-03-01-01-02-02,data/raw/ravdess/video_speech/Video_Speech_Actor_02/Actor_02/02-01-03-01-01-02-02.mp4,2,happy,/home/tonyhe/ravdess_avfusion/external/video_face_branch/early_fusion_facial_v2/fusion_pack_5f/sequences/02-01-03-01-01-02-02.npy,5,2048,canonical_02,canonical_02,0.128516,0.086859,0.245716,0.113027,0.096072,0.086132,0.122097,0.121582,0.025219213217496872,0.02169730830937624,0.8956783175468445,0.009566999226808547,0.010671950690448285,0.01097933780401945,0.013882093876600266,0.012304750084877015
01-03-01-01-02-03,train,3,2,happy,03,01,01,02,03-01-03-01-01-02-03,data/raw/ravdess/audio_speech/Audio_Speech_Actors_01-24/Actor_03/03-01-03-01-01-02-03.wav,2,happy,/home/tonyhe/ravdess_avfusion/external/audio_ser_speechbrain/speechbrain-develop-main/outputs/embeddings_ECAPA/train/03-01-03-01-01-02-03.npy,96,02-01-03-01-01-02-03,data/raw/ravdess/video_speech/Video_Speech_Actor_03/Actor_03/02-01-03-01-01-02-03.mp4,2,happy,/home/tonyhe/ravdess_avfusion/external/video_face_branch/early_fusion_facial_v2/fusion_pack_5f/sequences/02-01-03-01-01-02-03.npy,5,2048,canonical_02,canonical_02,0.125105,0.098895,0.266738,0.100623,0.09826,0.100025,0.101419,0.108935,0.022785776853561403,0.007803194411098957,0.9094045400619507,0.012522276304662228,0.012607813253998757,0.011622309312224388,0.012109586969017982,0.01114455908536911
01-03-01-01-02-04,train,4,2,happy,03,01,01,02,03-01-03-01-01-02-04,data/raw/ravdess/audio_speech/Audio_Speech_Actors_01-24/Actor_04/03-01-03-01-01-02-04.wav,2,happy,/home/tonyhe/ravdess_avfusion/external/audio_ser_speechbrain/speechbrain-develop-main/outputs/embeddings_ECAPA/train/03-01-03-01-01-02-04.npy,96,02-01-03-01-01-02-04,data/raw/ravdess/video_speech/Video_Speech_Actor_04/Actor_04/02-01-03-01-01-02-04.mp4,2,happy,/home/tonyhe/ravdess_avfusion/external/video_face_branch/early_fusion_facial_v2/fusion_pack_5f/sequences/02-01-03-01-01-02-04.npy,5,2048,canonical_02,canonical_02,0.104365,0.103415,0.236317,0.132594,0.082316,0.079159,0.111001,0.150832,0.027059991657733918,0.23493447843939066,0.6635168381035328,0.012551927007734776,0.010262280609458685,0.011757692508399486,0.014837437495589256,0.025079356133937837
01-03-01-01-02-05,train,5,2,happy,03,01,01,02,03-01-03-01-01-02-05,data/raw/ravdess/audio_speech/Audio_Speech_Actors_01-24/Actor_05/03-01-03-01-01-02-05.wav,2,happy,/home/tonyhe/ravdess_avfusion/external/audio_ser_speechbrain/speechbrain-develop-main/outputs/embeddings_ECAPA/train/03-01-03-01-01-02-05.npy,96,02-01-03-01-01-02-05,data/raw/ravdess/video_speech/Video_Speech_Actor_05/Actor_05/02-01-03-01-01-02-05.mp4,2,happy,/home/tonyhe/ravdess_avfusion/external/video_face_branch/early_fusion_facial_v2/fusion_pack_5f/sequences/02-01-03-01-01-02-05.npy,5,2048,canonical_02,canonical_02,0.133867,0.128809,0.249348,0.10668,0.106261,0.088808,0.081905,0.104322,0.026653581112623215,0.012494822219014167,0.901535964012146,0.010042686387896538,0.012026948854327202,0.010505570843815804,0.016487907990813254,0.010252505633980035
01-03-01-01-02-06,train,6,2,happy,03,01,01,02,03-01-03-01-01-02-06,data/raw/ravdess/audio_speech/Audio_Speech_Actors_01-24/Actor_06/03-01-03-01-01-02-06.wav,2,happy,/home/tonyhe/ravdess_avfusion/external/audio_ser_speechbrain/speechbrain-develop-main/outputs/embeddings_ECAPA/train/03-01-03-01-01-02-06.npy,96,02-01-03-01-01-02-06,data/raw/ravdess/video_speech/Video_Speech_Actor_06/Actor_06/02-01-03-01-01-02-06.mp4,2,happy,/home/tonyhe/ravdess_avfusion/external/video_face_branch/early_fusion_facial_v2/fusion_pack_5f/sequences/02-01-03-01-01-02-06.npy,5,2048,canonical_02,canonical_02,0.130771,0.114445,0.248901,0.127862,0.098381,0.102045,0.093169,0.084425,0.02200411632657051,0.013189535215497017,0.9132413387298584,0.01035202220082283,0.00982331708073616,0.01050592064857483,0.009666676074266434,0.011217068508267402
01-03-01-01-02-07,train,7,2,happy,03,01,01,02,03-01-03-01-01-02-07,data/raw/ravdess/audio_speech/Audio_Speech_Actors_01-24/Actor_07/03-01-03-01-01-02-07.wav,2,happy,/home/tonyhe/ravdess_avfusion/external/audio_ser_speechbrain/speechbrain-develop-main/outputs/embeddings_ECAPA/train/03-01-03-01-01-02-07.npy,96,02-01-03-01-01-02-07,data/raw/ravdess/video_speech/Video_Speech_Actor_07/Actor_07/02-01-03-01-01-02-07.mp4,2,happy,/home/tonyhe/ravdess_avfusion/external/video_face_branch/early_fusion_facial_v2/fusion_pack_5f/sequences/02-01-03-01-01-02-07.npy,5,2048,canonical_02,canonical_02,0.106877,0.124162,0.246289,0.082192,0.08236,0.108051,0.110079,0.13999,0.09198676645755768,0.02279254626482725,0.8185134768486023,0.011270918417721987,0.016776751168072222,0.010429158248007298,0.011504108272492885,0.016726288199424743
01-03-01-01-02-08,train,8,2,happy,03,01,01,02,03-01-03-01-01-02-08,data/raw/ravdess/audio_speech/Audio_Speech_Actors_01-24/Actor_08/03-01-03-01-01-02-08.wav,2,happy,/home/tonyhe/ravdess_avfusion/external/audio_ser_speechbrain/speechbrain-develop-main/outputs/embeddings_ECAPA/train/03-01-03-01-01-02-08.npy,96,02-01-03-01-01-02-08,data/raw/ravdess/video_speech/Video_Speech_Actor_08/Actor_08/02-01-03-01-01-02-08.mp4,2,happy,/home/tonyhe/ravdess_avfusion/external/video_face_branch/early_fusion_facial_v2/fusion_pack_5f/sequences/02-01-03-01-01-02-08.npy,5,2048,canonical_02,canonical_02,0.115248,0.139774,0.252838,0.106295,0.085818,0.083834,0.112629,0.103564,0.022822413593530655,0.01745042633265257,0.912114953994751,0.008601268287748098,0.00984991854056716,0.009330638404935598,0.009921270422637463,0.009909122623503209
01-03-01-01-02-09,train,9,2,happy,03,01,01,02,03-01-03-01-01-02-09,data/raw/ravdess/audio_speech/Audio_Speech_Actors_01-24/Actor_09/03-01-03-01-01-02-09.wav,2,happy,/home/tonyhe/ravdess_avfusion/external/audio_ser_speechbrain/speechbrain-develop-main/outputs/embeddings_ECAPA/train/03-01-03-01-01-02-09.npy,96,02-01-03-01-01-02-09,data/raw/ravdess/video_speech/Video_Speech_Actor_09/Actor_09/02-01-03-01-01-02-09.mp4,2,happy,/home/tonyhe/ravdess_avfusion/external/video_face_branch/early_fusion_facial_v2/fusion_pack_5f/sequences/02-01-03-01-01-02-09.npy,5,2048,canonical_02,canonical_02,0.095157,0.115922,0.258954,0.085917,0.080636,0.115498,0.11049,0.137426,0.017636552825570105,0.011258929222822189,0.9152108788490295,0.010176868550479412,0.009963632933795452,0.00949877705425024,0.013046411424875259,0.013207978196442127
01-03-01-01-02-10,train,10,2,happy,03,01,01,02,03-01-03-01-01-02-10,data/raw/ravdess/audio_speech/Audio_Speech_Actors_01-24/Actor_10/03-01-03-01-01-02-10.wav,2,happy,/home/tonyhe/ravdess_avfusion/external/audio_ser_speechbrain/speechbrain-develop-main/outputs/embeddings_ECAPA/train/03-01-03-01-01-02-10.npy,96,02-01-03-01-01-02-10,data/raw/ravdess/video_speech/Video_Speech_Actor_10/Actor_10/02-01-03-01-01-02-10.mp4,2,happy,/home/tonyhe/ravdess_avfusion/external/video_face_branch/early_fusion_facial_v2/fusion_pack_5f/sequences/02-01-03-01-01-02-10.npy,5,2048,canonical_02,canonical_02,0.092629,0.082182,0.244989,0.114924,0.076588,0.104326,0.141304,0.143059,0.022584527358412744,0.010236276499927043,0.90746910572052,0.011534438654780387,0.010188250150531531,0.012863157875835895,0.011632690764963627,0.013491592183709145
01-03-01-01-02-11,train,11,2,happy,03,01,01,02,03-01-03-01-01-02-11,data/raw/ravdess/audio_speech/Audio_Speech_Actors_01-24/Actor_11/03-01-03-01-01-02-11.wav,2,happy,/home/tonyhe/ravdess_avfusion/external/audio_ser_speechbrain/speechbrain-develop-main/outputs/embeddings_ECAPA/train/03-01-03-01-01-02-11.npy,96,02-01-03-01-01-02-11,data/raw/ravdess/video_speech/Video_Speech_Actor_11/Actor_11/02-01-03-01-01-02-11.mp4,2,happy,/home/tonyhe/ravdess_avfusion/external/video_face_branch/early_fusion_facial_v2/fusion_pack_5f/sequences/02-01-03-01-01-02-11.npy,5,2048,canonical_02,canonical_02,0.135283,0.118239,0.246115,0.091265,0.084211,0.099987,0.096154,0.128745,0.02567855827510357,0.01006261184811592,0.9019987940788269,0.01303397435694933,0.011672224476933479,0.010436843335628509,0.015842432901263238,0.011274559795856476
01-03-01-01-02-12,train,12,2,happy,03,01,01,02,03-01-03-01-01-02-12,data/raw/ravdess/audio_speech/Audio_Speech_Actors_01-24/Actor_12/03-01-03-01-01-02-12.wav,2,happy,/home/tonyhe/ravdess_avfusion/external/audio_ser_speechbrain/speechbrain-develop-main/outputs/embeddings_ECAPA/train/03-01-03-01-01-02-12.npy,96,02-01-03-01-01-02-12,data/raw/ravdess/video_speech/Video_Speech_Actor_12/Actor_12/02-01-03-01-01-02-12.mp4,2,happy,/home/tonyhe/ravdess_avfusion/external/video_face_branch/early_fusion_facial_v2/fusion_pack_5f/sequences/02-01-03-01-01-02-12.npy,5,2048,canonical_02,canonical_02,0.114019,0.118612,0.260618,0.131145,0.084418,0.110557,0.089049,0.091582,0.023834018409252165,0.013031606003642083,0.9031584739685059,0.013193391636013985,0.01316162832081318,0.010400793422013522,0.012188850529491901,0.01103127095848322
01-03-01-01-02-13,train,13,2,happy,03,01,01,02,03-01-03-01-01-02-13,data/raw/ravdess/audio_speech/Audio_Speech_Actors_01-24/Actor_13/03-01-03-01-01-02-13.wav,2,happy,/home/tonyhe/ravdess_avfusion/external/audio_ser_speechbrain/speechbrain-develop-main/outputs/embeddings_ECAPA/train/03-01-03-01-01-02-13.npy,96,02-01-03-01-01-02-13,data/raw/ravdess/video_speech/Video_Speech_Actor_13/Actor_13/02-01-03-01-01-02-13.mp4,2,happy,/home/tonyhe/ravdess_avfusion/external/video_face_branch/early_fusion_facial_v2/fusion_pack_5f/sequences/02-01-03-01-01-02-13.npy,5,2048,canonical_02,canonical_02,0.118193,0.128243,0.235253,0.106755,0.087094,0.088663,0.089905,0.145894,0.021876357682049274,0.015941128320991992,0.9097907423973084,0.00944890473037958,0.01104572657495737,0.010805903188884258,0.009356439672410488,0.011734794639050961
01-03-01-01-02-14,train,14,2,happy,03,01,01,02,03-01-03-01-01-02-14,data/raw/ravdess/audio_speech/Audio_Speech_Actors_01-24/Actor_14/03-01-03-01-01-02-14.wav,2,happy,/home/tonyhe/ravdess_avfusion/external/audio_ser_speechbrain/speechbrain-develop-main/outputs/embeddings_ECAPA/train/03-01-03-01-01-02-14.npy,96,02-01-03-01-01-02-14,data/raw/ravdess/video_speech/Video_Speech_Actor_14/Actor_14/02-01-03-01-01-02-14.mp4,2,happy,/home/tonyhe/ravdess_avfusion/external/video_face_branch/early_fusion_facial_v2/fusion_pack_5f/sequences/02-01-03-01-01-02-14.npy,5,2048,canonical_02,canonical_02,0.07836,0.116954,0.218427,0.111785,0.102725,0.088302,0.111783,0.171665,0.018580080941319466,0.01117374114692211,0.9241471529006958,0.006928587332367897,0.008828014228492975,0.008528856374323369,0.010678957216441631,0.01113464217633009
01-03-01-01-02-15,train,15,2,happy,03,01,01,02,03-01-03-01-01-02-15,data/raw/ravdess/audio_speech/Audio_Speech_Actors_01-24/Actor_15/03-01-03-01-01-02-15.wav,2,happy,/home/tonyhe/ravdess_avfusion/external/audio_ser_speechbrain/speechbrain-develop-main/outputs/embeddings_ECAPA/train/03-01-03-01-01-02-15.npy,96,02-01-03-01-01-02-15,data/raw/ravdess/video_speech/Video_Speech_Actor_15/Actor_15/02-01-03-01-01-02-15.mp4,2,happy,/home/tonyhe/ravdess_avfusion/data/processed/video/backfill_actor15/sequence_embeddings_5f/train/02-01-03-01-01-02-15.npy,5,2048,backfill_actor15,backfill_actor15,0.148639,0.126203,0.233112,0.132214,0.081898,0.084865,0.090931,0.102138,0.056760139763355255,0.19501110911369324,0.535054624080658,0.12384160608053207,0.02075188234448433,0.009784760884940624,0.038082100450992584,0.02071375399827957
01-03-01-01-02-16,train,16,2,happy,03,01,01,02,03-01-03-01-01-02-16,data/raw/ravdess/audio_speech/Audio_Speech_Actors_01-24/Actor_16/03-01-03-01-01-02-16.wav,2,happy,/home/tonyhe/ravdess_avfusion/external/audio_ser_speechbrain/speechbrain-develop-main/outputs/embeddings_ECAPA/train/03-01-03-01-01-02-16.npy,96,02-01-03-01-01-02-16,data/raw/ravdess/video_speech/Video_Speech_Actor_16/Actor_16/02-01-03-01-01-02-16.mp4,2,happy,/home/tonyhe/ravdess_avfusion/external/video_face_branch/early_fusion_facial_v2/fusion_pack_5f/sequences/02-01-03-01-01-02-16.npy,5,2048,canonical_02,canonical_02,0.108578,0.127965,0.243283,0.09619,0.086728,0.095117,0.10275,0.13939,0.019976054877042772,0.20319172479212283,0.7266619570553303,0.009937270171940326,0.007923726551234722,0.010839620605111122,0.011393023654818535,0.010076645761728287
01-03-01-02-01-01,train,1,2,happy,03,01,02,01,03-01-03-01-02-01-01,data/raw/ravdess/audio_speech/Audio_Speech_Actors_01-24/Actor_01/03-01-03-01-02-01-01.wav,2,happy,/home/tonyhe/ravdess_avfusion/external/audio_ser_speechbrain/speechbrain-develop-main/outputs/embeddings_ECAPA/train/03-01-03-01-02-01-01.npy,96,02-01-03-01-02-01-01,data/raw/ravdess/video_speech/Video_Speech_Actor_01/Actor_01/02-01-03-01-02-01-01.mp4,2,happy,/home/tonyhe/ravdess_avfusion/external/video_face_branch/early_fusion_facial_v2/fusion_pack_5f/sequences/02-01-03-01-02-01-01.npy,5,2048,canonical_02,canonical_02,0.114007,0.105989,0.251856,0.104301,0.075486,0.089202,0.135571,0.123589,0.019121865369379522,0.026420537009835245,0.8840511083602905,0.013900849781930447,0.013082598894834518,0.00953179383650422,0.014764128532260657,0.01912713758647442
01-03-01-02-01-02,train,2,2,happy,03,01,02,01,03-01-03-01-02-01-02,data/raw/ravdess/audio_speech/Audio_Speech_Actors_01-24/Actor_02/03-01-03-01-02-01-02.wav,2,happy,/home/tonyhe/ravdess_avfusion/external/audio_ser_speechbrain/speechbrain-develop-main/outputs/embeddings_ECAPA/train/03-01-03-01-02-01-02.npy,96,02-01-03-01-02-01-02,data/raw/ravdess/video_speech/Video_Speech_Actor_02/Actor_02/02-01-03-01-02-01-02.mp4,2,happy,/home/tonyhe/ravdess_avfusion/external/video_face_branch/early_fusion_facial_v2/fusion_pack_5f/sequences/02-01-03-01-02-01-02.npy,5,2048,canonical_02,canonical_02,0.13711,0.09647,0.238729,0.132517,0.082696,0.07634,0.128821,0.107316,0.02189658060669899,0.014836167730391026,0.9102397441864014,0.00958170583471656,0.00890284227207303,0.010203569568693638,0.012211438082158566,0.012127924896776675
01-03-01-02-01-03,train,3,2,happy,03,01,02,01,03-01-03-01-02-01-03,data/raw/ravdess/audio_speech/Audio_Speech_Actors_01-24/Actor_03/03-01-03-01-02-01-03.wav,2,happy,/home/tonyhe/ravdess_avfusion/external/audio_ser_speechbrain/speechbrain-develop-main/outputs/embeddings_ECAPA/train/03-01-03-01-02-01-03.npy,96,02-01-03-01-02-01-03,data/raw/ravdess/video_speech/Video_Speech_Actor_03/Actor_03/02-01-03-01-02-01-03.mp4,2,happy,/home/tonyhe/ravdess_avfusion/external/video_face_branch/early_fusion_facial_v2/fusion_pack_5f/sequences/02-01-03-01-02-01-03.npy,5,2048,canonical_02,canonical_02,0.10845,0.133137,0.252597,0.100409,0.076835,0.087696,0.114411,0.126464,0.023715123534202576,0.010790435038506985,0.9036204814910889,0.012269850634038449,0.012290889024734497,0.011004189401865006,0.01360319871455431,0.012705789133906364
01-03-01-02-01-04,train,4,2,happy,03,01,02,01,03-01-03-01-02-01-04,data/raw/ravdess/audio_speech/Audio_Speech_Actors_01-24/Actor_04/03-01-03-01-02-01-04.wav,2,happy,/home/tonyhe/ravdess_avfusion/external/audio_ser_speechbrain/speechbrain-develop-main/outputs/embeddings_ECAPA/train/03-01-03-01-02-01-04.npy,96,02-01-03-01-02-01-04,data/raw/ravdess/video_speech/Video_Speech_Actor_04/Actor_04/02-01-03-01-02-01-04.mp4,2,happy,/home/tonyhe/ravdess_avfusion/external/video_face_branch/early_fusion_facial_v2/fusion_pack_5f/sequences/02-01-03-01-02-01-04.npy,5,2048,canonical_02,canonical_02,0.11378,0.11806,0.253621,0.106416,0.08623,0.086638,0.102992,0.132264,0.024034600146114825,0.40621739560738207,0.4966253474354744,0.013306426256895066,0.015598805621266365,0.011672360263764859,0.019687249138951302,0.012857782375067472
01-03-01-02-01-05,train,5,2,happy,03,01,02,01,03-01-03-01-02-01-05,data/raw/ravdess/audio_speech/Audio_Speech_Actors_01-24/Actor_05/03-01-03-01-02-01-05.wav,2,happy,/home/tonyhe/ravdess_avfusion/external/audio_ser_speechbrain/speechbrain-develop-main/outputs/embeddings_ECAPA/train/03-01-03-01-02-01-05.npy,96,02-01-03-01-02-01-05,data/raw/ravdess/video_speech/Video_Speech_Actor_05/Actor_05/02-01-03-01-02-01-05.mp4,2,happy,/home/tonyhe/ravdess_avfusion/external/video_face_branch/early_fusion_facial_v2/fusion_pack_5f/sequences/02-01-03-01-02-01-05.npy,5,2048,canonical_02,canonical_02,0.121644,0.134879,0.253927,0.103216,0.092006,0.111509,0.091264,0.091555,0.025175295025110244,0.011514073982834817,0.9116861581802368,0.00969503577798605,0.012051830999553204,0.009323278442025185,0.010372789017856121,0.010181557573378085
01-03-01-02-01-06,train,6,2,happy,03,01,02,01,03-01-03-01-02-01-06,data/raw/ravdess/audio_speech/Audio_Speech_Actors_01-24/Actor_06/03-01-03-01-02-01-06.wav,2,happy,/home/tonyhe/ravdess_avfusion/external/audio_ser_speechbrain/speechbrain-develop-main/outputs/embeddings_ECAPA/train/03-01-03-01-02-01-06.npy,96,02-01-03-01-02-01-06,data/raw/ravdess/video_speech/Video_Speech_Actor_06/Actor_06/02-01-03-01-02-01-06.mp4,2,happy,/home/tonyhe/ravdess_avfusion/external/video_face_branch/early_fusion_facial_v2/fusion_pack_5f/sequences/02-01-03-01-02-01-06.npy,5,2048,canonical_02,canonical_02,0.119313,0.076872,0.233275,0.143588,0.077794,0.139054,0.103128,0.106976,0.02650972604751587,0.01751466542482376,0.8912532329559326,0.014043997973203659,0.011692978627979755,0.012773161754012108,0.012178782373666763,0.014033424854278564
01-03-01-02-01-07,train,7,2,happy,03,01,02,01,03-01-03-01-02-01-07,data/raw/ravdess/audio_speech/Audio_Speech_Actors_01-24/Actor_07/03-01-03-01-02-01-07.wav,2,happy,/home/tonyhe/ravdess_avfusion/external/audio_ser_speechbrain/speechbrain-develop-main/outputs/embeddings_ECAPA/train/03-01-03-01-02-01-07.npy,96,02-01-03-01-02-01-07,data/raw/ravdess/video_speech/Video_Speech_Actor_07/Actor_07/02-01-03-01-02-01-07.mp4,2,happy,/home/tonyhe/ravdess_avfusion/external/video_face_branch/early_fusion_facial_v2/fusion_pack_5f/sequences/02-01-03-01-02-01-07.npy,5,2048,canonical_02,canonical_02,0.153155,0.102744,0.242023,0.091968,0.088479,0.108358,0.104717,0.108557,0.02084202170372009,0.01722457930445671,0.9150107145309448,0.009453494474291802,0.009651386365294456,0.00875380951911211,0.00922867963090539,0.009835311491042376
01-03-01-02-01-08,train,8,2,happy,03,01,02,01,03-01-03-01-02-01-08,data/raw/ravdess/audio_speech/Audio_Speech_Actors_01-24/Actor_08/03-01-03-01-02-01-08.wav,2,happy,/home/tonyhe/ravdess_avfusion/external/audio_ser_speechbrain/speechbrain-develop-main/outputs/embeddings_ECAPA/train/03-01-03-01-02-01-08.npy,96,02-01-03-01-02-01-08,data/raw/ravdess/video_speech/Video_Speech_Actor_08/Actor_08/02-01-03-01-02-01-08.mp4,2,happy,/home/tonyhe/ravdess_avfusion/external/video_face_branch/early_fusion_facial_v2/fusion_pack_5f/sequences/02-01-03-01-02-01-08.npy,5,2048,canonical_02,canonical_02,0.119001,0.123972,0.260892,0.113478,0.077453,0.091851,0.10799,0.105363,0.021723832190036773,0.020557665079832078,0.9093178153038025,0.00836924510076642,0.010825528297573328,0.009419810120016336,0.01034136163070798,0.009444794617593288
01-03-01-02-01-09,train,9,2,happy,03,01,02,01,03-01-03-01-02-01-09,data/raw/ravdess/audio_speech/Audio_Speech_Actors_01-24/Actor_09/03-01-03-01-02-01-09.wav,2,happy,/home/tonyhe/ravdess_avfusion/external/audio_ser_speechbrain/speechbrain-develop-main/outputs/embeddings_ECAPA/train/03-01-03-01-02-01-09.npy,96,02-01-03-01-02-01-09,data/raw/ravdess/video_speech/Video_Speech_Actor_09/Actor_09/02-01-03-01-02-01-09.mp4,2,happy,/home/tonyhe/ravdess_avfusion/external/video_face_branch/early_fusion_facial_v2/fusion_pack_5f/sequences/02-01-03-01-02-01-09.npy,5,2048,canonical_02,canonical_02,0.113144,0.13244,0.23252,0.081056,0.102233,0.085673,0.108744,0.144189,0.016889283433556557,0.011241691745817661,0.9126453518867492,0.012672782689332963,0.010384713299572468,0.01088727731257677,0.012557965517044068,0.012720911204814911
01-03-01-02-01-10,train,10,2,happy,03,01,02,01,03-01-03-01-02-01-10,data/raw/ravdess/audio_speech/Audio_Speech_Actors_01-24/Actor_10/03-01-03-01-02-01-10.wav,2,happy,/home/tonyhe/ravdess_avfusion/external/audio_ser_speechbrain/speechbrain-develop-main/outputs/embeddings_ECAPA/train/03-01-03-01-02-01-10.npy,96,02-01-03-01-02-01-10,data/raw/ravdess/video_speech/Video_Speech_Actor_10/Actor_10/02-01-03-01-02-01-10.mp4,2,happy,/home/tonyhe/ravdess_avfusion/external/video_face_branch/early_fusion_facial_v2/fusion_pack_5f/sequences/02-01-03-01-02-01-10.npy,5,2048,canonical_02,canonical_02,0.09811,0.086372,0.210047,0.11724,0.059098,0.138208,0.137595,0.153329,0.02218760959804058,0.009847174771130085,0.9146910190582276,0.010381242539733649,0.010904096066951752,0.00991606218740344,0.012185443565249443,0.009887361247092486
01-03-01-02-01-11,train,11,2,happy,03,01,02,01,03-01-03-01-02-01-11,data/raw/ravdess/audio_speech/Audio_Speech_Actors_01-24/Actor_11/03-01-03-01-02-01-11.wav,2,happy,/home/tonyhe/ravdess_avfusion/external/audio_ser_speechbrain/speechbrain-develop-main/outputs/embeddings_ECAPA/train/03-01-03-01-02-01-11.npy,96,02-01-03-01-02-01-11,data/raw/ravdess/video_speech/Video_Speech_Actor_11/Actor_11/02-01-03-01-02-01-11.mp4,2,happy,/home/tonyhe/ravdess_avfusion/external/video_face_branch/early_fusion_facial_v2/fusion_pack_5f/sequences/02-01-03-01-02-01-11.npy,5,2048,canonical_02,canonical_02,0.135784,0.112535,0.251414,0.089213,0.086679,0.102689,0.104222,0.117463,0.022682620957493783,0.009995419811457396,0.9095540046691895,0.011673199757933617,0.010371089540421962,0.00964281945489347,0.013015993312001229,0.013064856268465519
01-03-01-02-01-12,train,12,2,happy,03,01,02,01,03-01-03-01-02-01-12,data/raw/ravdess/audio_speech/Audio_Speech_Actors_01-24/Actor_12/03-01-03-01-02-01-12.wav,2,happy,/home/tonyhe/ravdess_avfusion/external/audio_ser_speechbrain/speechbrain-develop-main/outputs/embeddings_ECAPA/train/03-01-03-01-02-01-12.npy,96,02-01-03-01-02-01-12,data/raw/ravdess/video_speech/Video_Speech_Actor_12/Actor_12/02-01-03-01-02-01-12.mp4,2,happy,/home/tonyhe/ravdess_avfusion/external/video_face_branch/early_fusion_facial_v2/fusion_pack_5f/sequences/02-01-03-01-02-01-12.npy,5,2048,canonical_02,canonical_02,0.125273,0.094906,0.248088,0.092959,0.089168,0.119718,0.099539,0.130349,0.022174631245434284,0.01968113649636507,0.9018657684326172,0.012959907576441766,0.011307289637625218,0.010507561359554529,0.011276956647634506,0.010226726252585649
01-03-01-02-01-13,train,13,2,happy,03,01,02,01,03-01-03-01-02-01-13,data/raw/ravdess/audio_speech/Audio_Speech_Actors_01-24/Actor_13/03-01-03-01-02-01-13.wav,2,happy,/home/tonyhe/ravdess_avfusion/external/audio_ser_speechbrain/speechbrain-develop-main/outputs/embeddings_ECAPA/train/03-01-03-01-02-01-13.npy,96,02-01-03-01-02-01-13,data/raw/ravdess/video_speech/Video_Speech_Actor_13/Actor_13/02-01-03-01-02-01-13.mp4,2,happy,/home/tonyhe/ravdess_avfusion/external/video_face_branch/early_fusion_facial_v2/fusion_pack_5f/sequences/02-01-03-01-02-01-13.npy,5,2048,canonical_02,canonical_02,0.11294,0.122423,0.238655,0.085638,0.102481,0.097428,0.101277,0.139157,0.02448529191315174,0.010009538568556308,0.9092578649520874,0.009417957626283169,0.013288550451397896,0.01088704988360405,0.01042715199291706,0.012226601131260395
01-03-01-02-01-14,train,14,2,happy,03,01,02,01,03-01-03-01-02-01-14,data/raw/ravdess/audio_speech/Audio_Speech_Actors_01-24/Actor_14/03-01-03-01-02-01-14.wav,2,happy,/home/tonyhe/ravdess_avfusion/external/audio_ser_speechbrain/speechbrain-develop-main/outputs/embeddings_ECAPA/train/03-01-03-01-02-01-14.npy,96,02-01-03-01-02-01-14,data/raw/ravdess/video_speech/Video_Speech_Actor_14/Actor_14/02-01-03-01-02-01-14.mp4,2,happy,/home/tonyhe/ravdess_avfusion/external/video_face_branch/early_fusion_facial_v2/fusion_pack_5f/sequences/02-01-03-01-02-01-14.npy,5,2048,canonical_02,canonical_02,0.076667,0.097931,0.244583,0.116155,0.074764,0.145934,0.111054,0.132912,0.024775024875998496,0.16237729769200088,0.7051177009940147,0.008985967561602592,0.017665902525186537,0.014778723567724228,0.018083471804857254,0.048215918242931366
01-03-01-02-01-15,train,15,2,happy,03,01,02,01,03-01-03-01-02-01-15,data/raw/ravdess/audio_speech/Audio_Speech_Actors_01-24/Actor_15/03-01-03-01-02-01-15.wav,2,happy,/home/tonyhe/ravdess_avfusion/external/audio_ser_speechbrain/speechbrain-develop-main/outputs/embeddings_ECAPA/train/03-01-03-01-02-01-15.npy,96,02-01-03-01-02-01-15,data/raw/ravdess/video_speech/Video_Speech_Actor_15/Actor_15/02-01-03-01-02-01-15.mp4,2,happy,/home/tonyhe/ravdess_avfusion/data/processed/video/backfill_actor15/sequence_embeddings_5f/train/02-01-03-01-02-01-15.npy,5,2048,backfill_actor15,backfill_actor15,0.124297,0.114108,0.218606,0.110946,0.078152,0.071561,0.141981,0.14035,0.18097078800201416,0.2249477654695511,0.41635507345199585,0.08289915323257446,0.01905805990099907,0.009827150031924248,0.041080575436353683,0.024861425161361694
01-03-01-02-01-16,train,16,2,happy,03,01,02,01,03-01-03-01-02-01-16,data/raw/ravdess/audio_speech/Audio_Speech_Actors_01-24/Actor_16/03-01-03-01-02-01-16.wav,2,happy,/home/tonyhe/ravdess_avfusion/external/audio_ser_speechbrain/speechbrain-develop-main/outputs/embeddings_ECAPA/train/03-01-03-01-02-01-16.npy,96,02-01-03-01-02-01-16,data/raw/ravdess/video_speech/Video_Speech_Actor_16/Actor_16/02-01-03-01-02-01-16.mp4,2,happy,/home/tonyhe/ravdess_avfusion/external/video_face_branch/early_fusion_facial_v2/fusion_pack_5f/sequences/02-01-03-01-02-01-16.npy,5,2048,canonical_02,canonical_02,0.129853,0.133387,0.249627,0.111252,0.080605,0.088086,0.099457,0.107734,0.022628193907439708,0.0811344662681222,0.8429543375968933,0.011248491797596216,0.00960838282480836,0.009662020485848188,0.01256412211805582,0.010199963860213757
01-03-01-02-02-01,train,1,2,happy,03,01,02,02,03-01-03-01-02-02-01,data/raw/ravdess/audio_speech/Audio_Speech_Actors_01-24/Actor_01/03-01-03-01-02-02-01.wav,2,happy,/home/tonyhe/ravdess_avfusion/external/audio_ser_speechbrain/speechbrain-develop-main/outputs/embeddings_ECAPA/train/03-01-03-01-02-02-01.npy,96,02-01-03-01-02-02-01,data/raw/ravdess/video_speech/Video_Speech_Actor_01/Actor_01/02-01-03-01-02-02-01.mp4,2,happy,/home/tonyhe/ravdess_avfusion/external/video_face_branch/early_fusion_facial_v2/fusion_pack_5f/sequences/02-01-03-01-02-02-01.npy,5,2048,canonical_02,canonical_02,0.134932,0.102844,0.24328,0.092525,0.103824,0.083831,0.120622,0.118141,0.023492830246686934,0.06605621967464685,0.8491081357002258,0.011443153396248818,0.01318444348871708,0.01173509806394577,0.012139207683503628,0.01284088846296072
01-03-01-02-02-02,train,2,2,happy,03,01,02,02,03-01-03-01-02-02-02,data/raw/ravdess/audio_speech/Audio_Speech_Actors_01-24/Actor_02/03-01-03-01-02-02-02.wav,2,happy,/home/tonyhe/ravdess_avfusion/external/audio_ser_speechbrain/speechbrain-develop-main/outputs/embeddings_ECAPA/train/03-01-03-01-02-02-02.npy,96,02-01-03-01-02-02-02,data/raw/ravdess/video_speech/Video_Speech_Actor_02/Actor_02/02-01-03-01-02-02-02.mp4,2,happy,/home/tonyhe/ravdess_avfusion/external/video_face_branch/early_fusion_facial_v2/fusion_pack_5f/sequences/02-01-03-01-02-02-02.npy,5,2048,canonical_02,canonical_02,0.139795,0.104833,0.253486,0.113762,0.095194,0.083515,0.104544,0.104872,0.027013005688786507,0.017895498126745225,0.8962770104408264,0.011100695282220841,0.010662569478154183,0.011623532325029374,0.013404381833970547,0.012023302353918552
01-03-01-02-02-03,train,3,2,happy,03,01,02,02,03-01-03-01-02-02-03,data/raw/ravdess/audio_speech/Audio_Speech_Actors_01-24/Actor_03/03-01-03-01-02-02-03.wav,2,happy,/home/tonyhe/ravdess_avfusion/external/audio_ser_speechbrain/speechbrain-develop-main/outputs/embeddings_ECAPA/train/03-01-03-01-02-02-03.npy,96,02-01-03-01-02-02-03,data/raw/ravdess/video_speech/Video_Speech_Actor_03/Actor_03/02-01-03-01-02-02-03.mp4,2,happy,/home/tonyhe/ravdess_avfusion/external/video_face_branch/early_fusion_facial_v2/fusion_pack_5f/sequences/02-01-03-01-02-02-03.npy,5,2048,canonical_02,canonical_02,0.138126,0.121993,0.238842,0.082218,0.085759,0.103414,0.110522,0.119126,0.022855212539434434,0.009720456786453724,0.9115224599838256,0.01192303616553545,0.010567537136375904,0.009853161312639714,0.011164752207696438,0.012393366172909736
01-03-01-02-02-04,train,4,2,happy,03,01,02,02,03-01-03-01-02-02-04,data/raw/ravdess/audio_speech/Audio_Speech_Actors_01-24/Actor_04/03-01-03-01-02-02-04.wav,2,happy,/home/tonyhe/ravdess_avfusion/external/audio_ser_speechbrain/speechbrain-develop-main/outputs/embeddings_ECAPA/train/03-01-03-01-02-02-04.npy,96,02-01-03-01-02-02-04,data/raw/ravdess/video_speech/Video_Speech_Actor_04/Actor_04/02-01-03-01-02-02-04.mp4,2,happy,/home/tonyhe/ravdess_avfusion/external/video_face_branch/early_fusion_facial_v2/fusion_pack_5f/sequences/02-01-03-01-02-02-04.npy,5,2048,canonical_02,canonical_02,0.127044,0.097951,0.225076,0.133311,0.084471,0.079394,0.097253,0.155499,0.029098056629300116,0.3598990337923169,0.5400442592799664,0.014798602275550365,0.013984745182096959,0.011948923021554947,0.016586963087320328,0.013639430794864894
01-03-01-02-02-05,train,5,2,happy,03,01,02,02,03-01-03-01-02-02-05,data/raw/ravdess/audio_speech/Audio_Speech_Actors_01-24/Actor_05/03-01-03-01-02-02-05.wav,2,happy,/home/tonyhe/ravdess_avfusion/external/audio_ser_speechbrain/speechbrain-develop-main/outputs/embeddings_ECAPA/train/03-01-03-01-02-02-05.npy,96,02-01-03-01-02-02-05,data/raw/ravdess/video_speech/Video_Speech_Actor_05/Actor_05/02-01-03-01-02-02-05.mp4,2,happy,/home/tonyhe/ravdess_avfusion/external/video_face_branch/early_fusion_facial_v2/fusion_pack_5f/sequences/02-01-03-01-02-02-05.npy,5,2048,canonical_02,canonical_02,0.107966,0.139098,0.259485,0.107958,0.10237,0.084832,0.09986,0.098431,0.025109655410051345,0.012205955851823092,0.9101501107215881,0.009673514775931836,0.01116540115326643,0.010188654344528914,0.0110881881788373,0.010418485011905431
01-03-01-02-02-06,train,6,2,happy,03,01,02,02,03-01-03-01-02-02-06,data/raw/ravdess/audio_speech/Audio_Speech_Actors_01-24/Actor_06/03-01-03-01-02-02-06.wav,2,happy,/home/tonyhe/ravdess_avfusion/external/audio_ser_speechbrain/speechbrain-develop-main/outputs/embeddings_ECAPA/train/03-01-03-01-02-02-06.npy,96,02-01-03-01-02-02-06,data/raw/ravdess/video_speech/Video_Speech_Actor_06/Actor_06/02-01-03-01-02-02-06.mp4,2,happy,/home/tonyhe/ravdess_avfusion/external/video_face_branch/early_fusion_facial_v2/fusion_pack_5f/sequences/02-01-03-01-02-02-06.npy,5,2048,canonical_02,canonical_02,0.144388,0.085153,0.214163,0.136922,0.088646,0.146093,0.084117,0.100518,0.022348980605602264,0.017700488306581975,0.9066853761672974,0.0112028107047081,0.010571748763322831,0.009870676696300507,0.010721155814826489,0.010898750089108945
01-03-01-02-02-07,train,7,2,happy,03,01,02,02,03-01-03-01-02-02-07,data/raw/ravdess/audio_speech/Audio_Speech_Actors_01-24/Actor_07/03-01-03-01-02-02-07.wav,2,happy,/home/tonyhe/ravdess_avfusion/external/audio_ser_speechbrain/speechbrain-develop-main/outputs/embeddings_ECAPA/train/03-01-03-01-02-02-07.npy,96,02-01-03-01-02-02-07,data/raw/ravdess/video_speech/Video_Speech_Actor_07/Actor_07/02-01-03-01-02-02-07.mp4,2,happy,/home/tonyhe/ravdess_avfusion/external/video_face_branch/early_fusion_facial_v2/fusion_pack_5f/sequences/02-01-03-01-02-02-07.npy,5,2048,canonical_02,canonical_02,0.153155,0.102744,0.242023,0.091968,0.088479,0.108358,0.104717,0.108557,0.023159687966108324,0.017297964729368686,0.9091118812561035,0.009924805164337159,0.010641699843108653,0.009608975797891616,0.010180571489036084,0.010074382368475198
01-03-01-02-02-08,train,8,2,happy,03,01,02,02,03-01-03-01-02-02-08,data/raw/ravdess/audio_speech/Audio_Speech_Actors_01-24/Actor_08/03-01-03-01-02-02-08.wav,2,happy,/home/tonyhe/ravdess_avfusion/external/audio_ser_speechbrain/speechbrain-develop-main/outputs/embeddings_ECAPA/train/03-01-03-01-02-02-08.npy,96,02-01-03-01-02-02-08,data/raw/ravdess/video_speech/Video_Speech_Actor_08/Actor_08/02-01-03-01-02-02-08.mp4,2,happy,/home/tonyhe/ravdess_avfusion/external/video_face_branch/early_fusion_facial_v2/fusion_pack_5f/sequences/02-01-03-01-02-02-08.npy,5,2048,canonical_02,canonical_02,0.09758,0.114464,0.271121,0.108149,0.073152,0.107074,0.117079,0.111381,0.023181020468473434,0.012567633576691151,0.9069284677505494,0.01090027391910553,0.012815175950527192,0.010614698939025401,0.011092660017311573,0.011900022812187671
01-03-01-02-02-09,train,9,2,happy,03,01,02,02,03-01-03-01-02-02-09,data/raw/ravdess/audio_speech/Audio_Speech_Actors_01-24/Actor_09/03-01-03-01-02-02-09.wav,2,happy,/home/tonyhe/ravdess_avfusion/external/audio_ser_speechbrain/speechbrain-develop-main/outputs/embeddings_ECAPA/train/03-01-03-01-02-02-09.npy,96,02-01-03-01-02-02-09,data/raw/ravdess/video_speech/Video_Speech_Actor_09/Actor_09/02-01-03-01-02-02-09.mp4,2,happy,/home/tonyhe/ravdess_avfusion/external/video_face_branch/early_fusion_facial_v2/fusion_pack_5f/sequences/02-01-03-01-02-02-09.npy,5,2048,canonical_02,canonical_02,0.103255,0.130975,0.258517,0.091389,0.095298,0.085952,0.10977,0.124843,0.01756073608994484,0.012637157365679741,0.9134032011032105,0.01043100394308567,0.010672718472778796,0.010281863808631896,0.011447503231465816,0.013565824925899505
01-03-01-02-02-10,train,10,2,happy,03,01,02,02,03-01-03-01-02-02-10,data/raw/ravdess/audio_speech/Audio_Speech_Actors_01-24/Actor_10/03-01-03-01-02-02-10.wav,2,happy,/home/tonyhe/ravdess_avfusion/external/audio_ser_speechbrain/speechbrain-develop-main/outputs/embeddings_ECAPA/train/03-01-03-01-02-02-10.npy,96,02-01-03-01-02-02-10,data/raw/ravdess/video_speech/Video_Speech_Actor_10/Actor_10/02-01-03-01-02-02-10.mp4,2,happy,/home/tonyhe/ravdess_avfusion/external/video_face_branch/early_fusion_facial_v2/fusion_pack_5f/sequences/02-01-03-01-02-02-10.npy,5,2048,canonical_02,canonical_02,0.106892,0.119141,0.2455,0.085081,0.089155,0.121927,0.097018,0.135285,0.10166407264769077,0.017830172926187514,0.8105693638324738,0.010965895745903254,0.006541078165173531,0.00764511227607727,0.01115345349535346,0.03363084457814693
01-03-01-02-02-11,train,11,2,happy,03,01,02,02,03-01-03-01-02-02-11,data/raw/ravdess/audio_speech/Audio_Speech_Actors_01-24/Actor_11/03-01-03-01-02-02-11.wav,2,happy,/home/tonyhe/ravdess_avfusion/external/audio_ser_speechbrain/speechbrain-develop-main/outputs/embeddings_ECAPA/train/03-01-03-01-02-02-11.npy,96,02-01-03-01-02-02-11,data/raw/ravdess/video_speech/Video_Speech_Actor_11/Actor_11/02-01-03-01-02-02-11.mp4,2,happy,/home/tonyhe/ravdess_avfusion/external/video_face_branch/early_fusion_facial_v2/fusion_pack_5f/sequences/02-01-03-01-02-02-11.npy,5,2048,canonical_02,canonical_02,0.124608,0.114072,0.247241,0.089477,0.080664,0.09848,0.108773,0.136685,0.022022027149796487,0.009424374997615814,0.914519202709198,0.01098993793129921,0.01023721732199192,0.009770815633237362,0.01150386556982994,0.011532582901418209
01-03-01-02-02-12,train,12,2,happy,03,01,02,02,03-01-03-01-02-02-12,data/raw/ravdess/audio_speech/Audio_Speech_Actors_01-24/Actor_12/03-01-03-01-02-02-12.wav,2,happy,/home/tonyhe/ravdess_avfusion/external/audio_ser_speechbrain/speechbrain-develop-main/outputs/embeddings_ECAPA/train/03-01-03-01-02-02-12.npy,96,02-01-03-01-02-02-12,data/raw/ravdess/video_speech/Video_Speech_Actor_12/Actor_12/02-01-03-01-02-02-12.mp4,2,happy,/home/tonyhe/ravdess_avfusion/external/video_face_branch/early_fusion_facial_v2/fusion_pack_5f/sequences/02-01-03-01-02-02-12.npy,5,2048,canonical_02,canonical_02,0.119397,0.106821,0.264023,0.108511,0.10193,0.090348,0.098136,0.110834,0.02452558632940054,0.01306187491863966,0.8903898239135742,0.01458588382229209,0.02128932559862733,0.011722924746572971,0.012322727777063846,0.012101810704916716
01-03-01-02-02-13,train,13,2,happy,03,01,02,02,03-01-03-01-02-02-13,data/raw/ravdess/audio_speech/Audio_Speech_Actors_01-24/Actor_13/03-01-03-01-02-02-13.wav,2,happy,/home/tonyhe/ravdess_avfusion/external/audio_ser_speechbrain/speechbrain-develop-main/outputs/embeddings_ECAPA/train/03-01-03-01-02-02-13.npy,96,02-01-03-01-02-02-13,data/raw/ravdess/video_speech/Video_Speech_Actor_13/Actor_13/02-01-03-01-02-02-13.mp4,2,happy,/home/tonyhe/ravdess_avfusion/external/video_face_branch/early_fusion_facial_v2/fusion_pack_5f/sequences/02-01-03-01-02-02-13.npy,5,2048,canonical_02,canonical_02,0.108511,0.130178,0.2593,0.098192,0.07643,0.104557,0.106901,0.115931,0.023105818405747415,0.014566793106496334,0.9062248349189759,0.00836692601442337,0.01151816239580512,0.010198925528675318,0.011386065371334552,0.014632450230419636
01-03-01-02-02-14,train,14,2,happy,03,01,02,02,03-01-03-01-02-02-14,data/raw/ravdess/audio_speech/Audio_Speech_Actors_01-24/Actor_14/03-01-03-01-02-02-14.wav,2,happy,/home/tonyhe/ravdess_avfusion/external/audio_ser_speechbrain/speechbrain-develop-main/outputs/embeddings_ECAPA/train/03-01-03-01-02-02-14.npy,96,02-01-03-01-02-02-14,data/raw/ravdess/video_speech/Video_Speech_Actor_14/Actor_14/02-01-03-01-02-02-14.mp4,2,happy,/home/tonyhe/ravdess_avfusion/external/video_face_branch/early_fusion_facial_v2/fusion_pack_5f/sequences/02-01-03-01-02-02-14.npy,5,2048,canonical_02,canonical_02,0.081035,0.106257,0.255064,0.114029,0.09162,0.100639,0.11651,0.134846,0.018742120824754238,0.011328488029539585,0.9190346717834472,0.007545390632003546,0.010023584216833114,0.00949312662705779,0.012656572833657264,0.011176016367971896
01-03-01-02-02-15,train,15,2,happy,03,01,02,02,03-01-03-01-02-02-15,data/raw/ravdess/audio_speech/Audio_Speech_Actors_01-24/Actor_15/03-01-03-01-02-02-15.wav,2,happy,/home/tonyhe/ravdess_avfusion/external/audio_ser_speechbrain/speechbrain-develop-main/outputs/embeddings_ECAPA/train/03-01-03-01-02-02-15.npy,96,02-01-03-01-02-02-15,data/raw/ravdess/video_speech/Video_Speech_Actor_15/Actor_15/02-01-03-01-02-02-15.mp4,2,happy,/home/tonyhe/ravdess_avfusion/data/processed/video/backfill_actor15/sequence_embeddings_5f/train/02-01-03-01-02-02-15.npy,5,2048,backfill_actor15,backfill_actor15,0.110051,0.10111,0.251289,0.117935,0.079259,0.092085,0.108517,0.139753,0.035003844648599625,0.1381598263978958,0.5803106427192688,0.16974608600139618,0.02357667312026024,0.008644386194646358,0.028114575892686844,0.01644393615424633
01-03-01-02-02-16,train,16,2,happy,03,01,02,02,03-01-03-01-02-02-16,data/raw/ravdess/audio_speech/Audio_Speech_Actors_01-24/Actor_16/03-01-03-01-02-02-16.wav,2,happy,/home/tonyhe/ravdess_avfusion/external/audio_ser_speechbrain/speechbrain-develop-main/outputs/embeddings_ECAPA/train/03-01-03-01-02-02-16.npy,96,02-01-03-01-02-02-16,data/raw/ravdess/video_speech/Video_Speech_Actor_16/Actor_16/02-01-03-01-02-02-16.mp4,2,happy,/home/tonyhe/ravdess_avfusion/external/video_face_branch/early_fusion_facial_v2/fusion_pack_5f/sequences/02-01-03-01-02-02-16.npy,5,2048,canonical_02,canonical_02,0.129112,0.114534,0.247428,0.117508,0.080662,0.103413,0.087716,0.119626,0.02105642780661583,0.037588540464639664,0.8851062893867493,0.011972991656512022,0.009414133802056312,0.011413033027201891,0.01151316175237298,0.011935439426451921
01-03-02-01-01-01,train,1,2,happy,03,02,01,01,03-01-03-02-01-01-01,data/raw/ravdess/audio_speech/Audio_Speech_Actors_01-24/Actor_01/03-01-03-02-01-01-01.wav,2,happy,/home/tonyhe/ravdess_avfusion/external/audio_ser_speechbrain/speechbrain-develop-main/outputs/embeddings_ECAPA/train/03-01-03-02-01-01-01.npy,96,02-01-03-02-01-01-01,data/raw/ravdess/video_speech/Video_Speech_Actor_01/Actor_01/02-01-03-02-01-01-01.mp4,2,happy,/home/tonyhe/ravdess_avfusion/external/video_face_branch/early_fusion_facial_v2/fusion_pack_5f/sequences/02-01-03-02-01-01-01.npy,5,2048,canonical_02,canonical_02,0.0988,0.117638,0.246868,0.082772,0.106583,0.090152,0.113905,0.143282,0.017184099927544595,0.011314875539392233,0.924920403957367,0.010450357757508754,0.008877858892083168,0.00918132159858942,0.009504362009465694,0.008566721621900798
01-03-02-01-01-02,train,2,2,happy,03,02,01,01,03-01-03-02-01-01-02,data/raw/ravdess/audio_speech/Audio_Speech_Actors_01-24/Actor_02/03-01-03-02-01-01-02.wav,2,happy,/home/tonyhe/ravdess_avfusion/external/audio_ser_speechbrain/speechbrain-develop-main/outputs/embeddings_ECAPA/train/03-01-03-02-01-01-02.npy,96,02-01-03-02-01-01-02,data/raw/ravdess/video_speech/Video_Speech_Actor_02/Actor_02/02-01-03-02-01-01-02.mp4,2,happy,/home/tonyhe/ravdess_avfusion/external/video_face_branch/early_fusion_facial_v2/fusion_pack_5f/sequences/02-01-03-02-01-01-02.npy,5,2048,canonical_02,canonical_02,0.097978,0.102105,0.258967,0.129303,0.081568,0.103946,0.125497,0.100634,0.02295674793422222,0.012756322696805,0.9104530692100525,0.00906592160463333,0.009614129923284054,0.010589309222996234,0.012846537493169307,0.011717931926250457
01-03-02-01-01-03,train,3,2,happy,03,02,01,01,03-01-03-02-01-01-03,data/raw/ravdess/audio_speech/Audio_Speech_Actors_01-24/Actor_03/03-01-03-02-01-01-03.wav,2,happy,/home/tonyhe/ravdess_avfusion/external/audio_ser_speechbrain/speechbrain-develop-main/outputs/embeddings_ECAPA/train/03-01-03-02-01-01-03.npy,96,02-01-03-02-01-01-03,data/raw/ravdess/video_speech/Video_Speech_Actor_03/Actor_03/02-01-03-02-01-01-03.mp4,2,happy,/home/tonyhe/ravdess_avfusion/external/video_face_branch/early_fusion_facial_v2/fusion_pack_5f/sequences/02-01-03-02-01-01-03.npy,5,2048,canonical_02,canonical_02,0.104279,0.112332,0.267866,0.088615,0.101856,0.090789,0.116365,0.117899,0.022376780211925507,0.009332841075956822,0.9162406921386719,0.010561760142445564,0.010278952680528164,0.010136048682034016,0.012446601502597332,0.008626319374889136
01-03-02-01-01-04,train,4,2,happy,03,02,01,01,03-01-03-02-01-01-04,data/raw/ravdess/audio_speech/Audio_Speech_Actors_01-24/Actor_04/03-01-03-02-01-01-04.wav,2,happy,/home/tonyhe/ravdess_avfusion/external/audio_ser_speechbrain/speechbrain-develop-main/outputs/embeddings_ECAPA/train/03-01-03-02-01-01-04.npy,96,02-01-03-02-01-01-04,data/raw/ravdess/video_speech/Video_Speech_Actor_04/Actor_04/02-01-03-02-01-01-04.mp4,2,happy,/home/tonyhe/ravdess_avfusion/external/video_face_branch/early_fusion_facial_v2/fusion_pack_5f/sequences/02-01-03-02-01-01-04.npy,5,2048,canonical_02,canonical_02,0.093359,0.102989,0.257671,0.132402,0.078098,0.103906,0.107295,0.12428,0.018399587832391262,0.20621363781392574,0.7053057312965393,0.011350997909903526,0.008664610795676708,0.01579255620017648,0.014421314932405949,0.01985152028501034
01-03-02-01-01-05,train,5,2,happy,03,02,01,01,03-01-03-02-01-01-05,data/raw/ravdess/audio_speech/Audio_Speech_Actors_01-24/Actor_05/03-01-03-02-01-01-05.wav,2,happy,/home/tonyhe/ravdess_avfusion/external/audio_ser_speechbrain/speechbrain-develop-main/outputs/embeddings_ECAPA/train/03-01-03-02-01-01-05.npy,96,02-01-03-02-01-01-05,data/raw/ravdess/video_speech/Video_Speech_Actor_05/Actor_05/02-01-03-02-01-01-05.mp4,2,happy,/home/tonyhe/ravdess_avfusion/external/video_face_branch/early_fusion_facial_v2/fusion_pack_5f/sequences/02-01-03-02-01-01-05.npy,5,2048,canonical_02,canonical_02,0.101402,0.090831,0.261096,0.098203,0.082991,0.101188,0.132401,0.13189,0.024818608537316322,0.012646460346877575,0.9055643916130066,0.010717283189296722,0.011727549135684967,0.01105523519217968,0.011151728592813015,0.01231877189129591
01-03-02-01-01-06,train,6,2,happy,03,02,01,01,03-01-03-02-01-01-06,data/raw/ravdess/audio_speech/Audio_Speech_Actors_01-24/Actor_06/03-01-03-02-01-01-06.wav,2,happy,/home/tonyhe/ravdess_avfusion/external/audio_ser_speechbrain/speechbrain-develop-main/outputs/embeddings_ECAPA/train/03-01-03-02-01-01-06.npy,96,02-01-03-02-01-01-06,data/raw/ravdess/video_speech/Video_Speech_Actor_06/Actor_06/02-01-03-02-01-01-06.mp4,2,happy,/home/tonyhe/ravdess_avfusion/external/video_face_branch/early_fusion_facial_v2/fusion_pack_5f/sequences/02-01-03-02-01-01-06.npy,5,2048,canonical_02,canonical_02,0.117347,0.0807,0.239817,0.110834,0.100038,0.14791,0.100321,0.103033,0.0232443667948246,0.012613161653280257,0.9049561858177185,0.0107107138261199,0.011941434629261494,0.012948751635849475,0.010705195181071759,0.012880198284983635
01-03-02-01-01-07,train,7,2,happy,03,02,01,01,03-01-03-02-01-01-07,data/raw/ravdess/audio_speech/Audio_Speech_Actors_01-24/Actor_07/03-01-03-02-01-01-07.wav,2,happy,/home/tonyhe/ravdess_avfusion/external/audio_ser_speechbrain/speechbrain-develop-main/outputs/embeddings_ECAPA/train/03-01-03-02-01-01-07.npy,96,02-01-03-02-01-01-07,data/raw/ravdess/video_speech/Video_Speech_Actor_07/Actor_07/02-01-03-02-01-01-07.mp4,2,happy,/home/tonyhe/ravdess_avfusion/external/video_face_branch/early_fusion_facial_v2/fusion_pack_5f/sequences/02-01-03-02-01-01-07.npy,5,2048,canonical_02,canonical_02,0.073052,0.095419,0.245554,0.129636,0.113806,0.102308,0.115181,0.125044,0.019014652445912363,0.0089856063015759,0.9203947067260743,0.011172064580023289,0.009380976669490337,0.009298892039805651,0.011250891722738743,0.010502210259437561
01-03-02-01-01-08,train,8,2,happy,03,02,01,01,03-01-03-02-01-01-08,data/raw/ravdess/audio_speech/Audio_Speech_Actors_01-24/Actor_08/03-01-03-02-01-01-08.wav,2,happy,/home/tonyhe/ravdess_avfusion/external/audio_ser_speechbrain/speechbrain-develop-main/outputs/embeddings_ECAPA/train/03-01-03-02-01-01-08.npy,96,02-01-03-02-01-01-08,data/raw/ravdess/video_speech/Video_Speech_Actor_08/Actor_08/02-01-03-02-01-01-08.mp4,2,happy,/home/tonyhe/ravdess_avfusion/external/video_face_branch/early_fusion_facial_v2/fusion_pack_5f/sequences/02-01-03-02-01-01-08.npy,5,2048,canonical_02,canonical_02,0.09666,0.112219,0.244007,0.100874,0.070388,0.119265,0.105291,0.151296,0.025696465745568275,0.01229046806693077,0.8899250745773315,0.014369138702750205,0.01827573888003826,0.014929997548460961,0.012356525659561158,0.012156596779823304
01-03-02-01-01-09,train,9,2,happy,03,02,01,01,03-01-03-02-01-01-09,data/raw/ravdess/audio_speech/Audio_Speech_Actors_01-24/Actor_09/03-01-03-02-01-01-09.wav,2,happy,/home/tonyhe/ravdess_avfusion/external/audio_ser_speechbrain/speechbrain-develop-main/outputs/embeddings_ECAPA/train/03-01-03-02-01-01-09.npy,96,02-01-03-02-01-01-09,data/raw/ravdess/video_speech/Video_Speech_Actor_09/Actor_09/02-01-03-02-01-01-09.mp4,2,happy,/home/tonyhe/ravdess_avfusion/external/video_face_branch/early_fusion_facial_v2/fusion_pack_5f/sequences/02-01-03-02-01-01-09.npy,5,2048,canonical_02,canonical_02,0.111906,0.137373,0.254788,0.11772,0.098539,0.116851,0.090402,0.072421,0.01823516208678484,0.01650563217699528,0.912382173538208,0.009822031483054161,0.009436099790036678,0.008678503427654504,0.01175688561052084,0.013183503597974777
01-03-02-01-01-10,train,10,2,happy,03,02,01,01,03-01-03-02-01-01-10,data/raw/ravdess/audio_speech/Audio_Speech_Actors_01-24/Actor_10/03-01-03-02-01-01-10.wav,2,happy,/home/tonyhe/ravdess_avfusion/external/audio_ser_speechbrain/speechbrain-develop-main/outputs/embeddings_ECAPA/train/03-01-03-02-01-01-10.npy,96,02-01-03-02-01-01-10,data/raw/ravdess/video_speech/Video_Speech_Actor_10/Actor_10/02-01-03-02-01-01-10.mp4,2,happy,/home/tonyhe/ravdess_avfusion/external/video_face_branch/early_fusion_facial_v2/fusion_pack_5f/sequences/02-01-03-02-01-01-10.npy,5,2048,canonical_02,canonical_02,0.123765,0.097583,0.234644,0.147159,0.078273,0.114021,0.095069,0.109485,0.02181742787361145,0.010285712964832782,0.9112797260284424,0.010803074575960636,0.00996011421084404,0.011708291433751582,0.01271460261195898,0.011431055888533593
01-03-02-01-01-11,train,11,2,happy,03,02,01,01,03-01-03-02-01-01-11,data/raw/ravdess/audio_speech/Audio_Speech_Actors_01-24/Actor_11/03-01-03-02-01-01-11.wav,2,happy,/home/tonyhe/ravdess_avfusion/external/audio_ser_speechbrain/speechbrain-develop-main/outputs/embeddings_ECAPA/train/03-01-03-02-01-01-11.npy,96,02-01-03-02-01-01-11,data/raw/ravdess/video_speech/Video_Speech_Actor_11/Actor_11/02-01-03-02-01-01-11.mp4,2,happy,/home/tonyhe/ravdess_avfusion/external/video_face_branch/early_fusion_facial_v2/fusion_pack_5f/sequences/02-01-03-02-01-01-11.npy,5,2048,canonical_02,canonical_02,0.104388,0.09329,0.251058,0.086836,0.106875,0.089826,0.12363,0.144096,0.01954782158136368,0.008553610276430845,0.9164871215820313,0.011711457930505275,0.00959728453308344,0.010537916794419289,0.012961028143763542,0.010603794455528259
01-03-02-01-01-12,train,12,2,happy,03,02,01,01,03-01-03-02-01-01-12,data/raw/ravdess/audio_speech/Audio_Speech_Actors_01-24/Actor_12/03-01-03-02-01-01-12.wav,2,happy,/home/tonyhe/ravdess_avfusion/external/audio_ser_speechbrain/speechbrain-develop-main/outputs/embeddings_ECAPA/train/03-01-03-02-01-01-12.npy,96,02-01-03-02-01-01-12,data/raw/ravdess/video_speech/Video_Speech_Actor_12/Actor_12/02-01-03-02-01-01-12.mp4,2,happy,/home/tonyhe/ravdess_avfusion/external/video_face_branch/early_fusion_facial_v2/fusion_pack_5f/sequences/02-01-03-02-01-01-12.npy,5,2048,canonical_02,canonical_02,0.11217,0.09725,0.23276,0.15554,0.118001,0.094824,0.079209,0.110246,0.01932404385879636,0.007905430812388658,0.9321162104606628,0.006403018394485116,0.008929514419287443,0.008931775577366352,0.00762472259812057,0.008765250630676746
01-03-02-01-01-13,train,13,2,happy,03,02,01,01,03-01-03-02-01-01-13,data/raw/ravdess/audio_speech/Audio_Speech_Actors_01-24/Actor_13/03-01-03-02-01-01-13.wav,2,happy,/home/tonyhe/ravdess_avfusion/external/audio_ser_speechbrain/speechbrain-develop-main/outputs/embeddings_ECAPA/train/03-01-03-02-01-01-13.npy,96,02-01-03-02-01-01-13,data/raw/ravdess/video_speech/Video_Speech_Actor_13/Actor_13/02-01-03-02-01-01-13.mp4,2,happy,/home/tonyhe/ravdess_avfusion/external/video_face_branch/early_fusion_facial_v2/fusion_pack_5f/sequences/02-01-03-02-01-01-13.npy,5,2048,canonical_02,canonical_02,0.119075,0.102707,0.258683,0.128959,0.09393,0.092053,0.099712,0.104881,0.023746488615870476,0.010077683255076408,0.9079281330108643,0.01038844371214509,0.010916654020547867,0.009553430043160916,0.011793675273656845,0.015595472790300846
01-03-02-01-01-14,train,14,2,happy,03,02,01,01,03-01-03-02-01-01-14,data/raw/ravdess/audio_speech/Audio_Speech_Actors_01-24/Actor_14/03-01-03-02-01-01-14.wav,2,happy,/home/tonyhe/ravdess_avfusion/external/audio_ser_speechbrain/speechbrain-develop-main/outputs/embeddings_ECAPA/train/03-01-03-02-01-01-14.npy,96,02-01-03-02-01-01-14,data/raw/ravdess/video_speech/Video_Speech_Actor_14/Actor_14/02-01-03-02-01-01-14.mp4,2,happy,/home/tonyhe/ravdess_avfusion/external/video_face_branch/early_fusion_facial_v2/fusion_pack_5f/sequences/02-01-03-02-01-01-14.npy,5,2048,canonical_02,canonical_02,0.10464,0.135995,0.236129,0.11173,0.102571,0.092099,0.098108,0.118728,0.01753770001232624,0.010188087727874518,0.9244623780250549,0.007822731882333756,0.009296357445418835,0.00869426792487502,0.01283259503543377,0.009165913425385952
01-03-02-01-01-15,train,15,2,happy,03,02,01,01,03-01-03-02-01-01-15,data/raw/ravdess/audio_speech/Audio_Speech_Actors_01-24/Actor_15/03-01-03-02-01-01-15.wav,2,happy,/home/tonyhe/ravdess_avfusion/external/audio_ser_speechbrain/speechbrain-develop-main/outputs/embeddings_ECAPA/train/03-01-03-02-01-01-15.npy,96,02-01-03-02-01-01-15,data/raw/ravdess/video_speech/Video_Speech_Actor_15/Actor_15/02-01-03-02-01-01-15.mp4,3,sad,/home/tonyhe/ravdess_avfusion/data/processed/video/backfill_actor15/sequence_embeddings_5f/train/02-01-03-02-01-01-15.npy,5,2048,backfill_actor15,backfill_actor15,0.121056,0.127105,0.232436,0.117301,0.107554,0.087165,0.080876,0.126507,0.04297956824302673,0.0739751011133194,0.39496782422065735,0.4029504656791687,0.023162709549069405,0.009042756631970406,0.032480351626873016,0.020441217347979546
01-03-02-01-01-16,train,16,2,happy,03,02,01,01,03-01-03-02-01-01-16,data/raw/ravdess/audio_speech/Audio_Speech_Actors_01-24/Actor_16/03-01-03-02-01-01-16.wav,2,happy,/home/tonyhe/ravdess_avfusion/external/audio_ser_speechbrain/speechbrain-develop-main/outputs/embeddings_ECAPA/train/03-01-03-02-01-01-16.npy,96,02-01-03-02-01-01-16,data/raw/ravdess/video_speech/Video_Speech_Actor_16/Actor_16/02-01-03-02-01-01-16.mp4,2,happy,/home/tonyhe/ravdess_avfusion/external/video_face_branch/early_fusion_facial_v2/fusion_pack_5f/sequences/02-01-03-02-01-01-16.npy,5,2048,canonical_02,canonical_02,0.099196,0.108522,0.250343,0.084083,0.096767,0.124031,0.094493,0.142566,0.02206723056733608,0.01941869705915451,0.9069531202316284,0.010283406171947718,0.009898408688604832,0.010453838296234608,0.01120542585849762,0.009719922207295895
01-03-02-01-02-01,train,1,2,happy,03,02,01,02,03-01-03-02-01-02-01,data/raw/ravdess/audio_speech/Audio_Speech_Actors_01-24/Actor_01/03-01-03-02-01-02-01.wav,2,happy,/home/tonyhe/ravdess_avfusion/external/audio_ser_speechbrain/speechbrain-develop-main/outputs/embeddings_ECAPA/train/03-01-03-02-01-02-01.npy,96,02-01-03-02-01-02-01,data/raw/ravdess/video_speech/Video_Speech_Actor_01/Actor_01/02-01-03-02-01-02-01.mp4,2,happy,/home/tonyhe/ravdess_avfusion/external/video_face_branch/early_fusion_facial_v2/fusion_pack_5f/sequences/02-01-03-02-01-02-01.npy,5,2048,canonical_02,canonical_02,0.102356,0.126816,0.256594,0.088827,0.113165,0.12358,0.086917,0.101746,0.01668021623045206,0.01177524756640196,0.9223567962646484,0.009762757550925016,0.008455956913530826,0.009781351312994957,0.010246814601123333,0.010940822213888169
01-03-02-01-02-02,train,2,2,happy,03,02,01,02,03-01-03-02-01-02-02,data/raw/ravdess/audio_speech/Audio_Speech_Actors_01-24/Actor_02/03-01-03-02-01-02-02.wav,2,happy,/home/tonyhe/ravdess_avfusion/external/audio_ser_speechbrain/speechbrain-develop-main/outputs/embeddings_ECAPA/train/03-01-03-02-01-02-02.npy,96,02-01-03-02-01-02-02,data/raw/ravdess/video_speech/Video_Speech_Actor_02/Actor_02/02-01-03-02-01-02-02.mp4,2,happy,/home/tonyhe/ravdess_avfusion/external/video_face_branch/early_fusion_facial_v2/fusion_pack_5f/sequences/02-01-03-02-01-02-02.npy,5,2048,canonical_02,canonical_02,0.104757,0.110223,0.261889,0.106894,0.08522,0.101847,0.134094,0.095077,0.02425876148045063,0.021168038621544837,0.900147545337677,0.009625046513974667,0.009633440896868706,0.010675143636763095,0.0131693284958601,0.011322714574635028
01-03-02-01-02-03,train,3,2,happy,03,02,01,02,03-01-03-02-01-02-03,data/raw/ravdess/audio_speech/Audio_Speech_Actors_01-24/Actor_03/03-01-03-02-01-02-03.wav,2,happy,/home/tonyhe/ravdess_avfusion/external/audio_ser_speechbrain/speechbrain-develop-main/outputs/embeddings_ECAPA/train/03-01-03-02-01-02-03.npy,96,02-01-03-02-01-02-03,data/raw/ravdess/video_speech/Video_Speech_Actor_03/Actor_03/02-01-03-02-01-02-03.mp4,2,happy,/home/tonyhe/ravdess_avfusion/external/video_face_branch/early_fusion_facial_v2/fusion_pack_5f/sequences/02-01-03-02-01-02-03.npy,5,2048,canonical_02,canonical_02,0.11849,0.112982,0.257302,0.123185,0.111627,0.080781,0.100869,0.094764,0.024193520471453667,0.010138745326548815,0.908650279045105,0.01193888708949089,0.011440661922097205,0.010189770720899105,0.013991650193929672,0.00945645421743393
01-03-02-01-02-04,train,4,2,happy,03,02,01,02,03-01-03-02-01-02-04,data/raw/ravdess/audio_speech/Audio_Speech_Actors_01-24/Actor_04/03-01-03-02-01-02-04.wav,2,happy,/home/tonyhe/ravdess_avfusion/external/audio_ser_speechbrain/speechbrain-develop-main/outputs/embeddings_ECAPA/train/03-01-03-02-01-02-04.npy,96,02-01-03-02-01-02-04,data/raw/ravdess/video_speech/Video_Speech_Actor_04/Actor_04/02-01-03-02-01-02-04.mp4,2,happy,/home/tonyhe/ravdess_avfusion/external/video_face_branch/early_fusion_facial_v2/fusion_pack_5f/sequences/02-01-03-02-01-02-04.npy,5,2048,canonical_02,canonical_02,0.101443,0.105221,0.224547,0.108104,0.11105,0.10323,0.08539,0.161014,0.013112401589751244,0.011816632933914661,0.9318380236625672,0.008270433824509382,0.007013152725994587,0.006820225203409791,0.009409261867403984,0.011719840764999389
01-03-02-01-02-05,train,5,2,happy,03,02,01,02,03-01-03-02-01-02-05,data/raw/ravdess/audio_speech/Audio_Speech_Actors_01-24/Actor_05/03-01-03-02-01-02-05.wav,2,happy,/home/tonyhe/ravdess_avfusion/external/audio_ser_speechbrain/speechbrain-develop-main/outputs/embeddings_ECAPA/train/03-01-03-02-01-02-05.npy,96,02-01-03-02-01-02-05,data/raw/ravdess/video_speech/Video_Speech_Actor_05/Actor_05/02-01-03-02-01-02-05.mp4,2,happy,/home/tonyhe/ravdess_avfusion/external/video_face_branch/early_fusion_facial_v2/fusion_pack_5f/sequences/02-01-03-02-01-02-05.npy,5,2048,canonical_02,canonical_02,0.119885,0.097317,0.243218,0.108871,0.128706,0.081638,0.09817,0.122195,0.023853306844830512,0.011002080328762532,0.907542622089386,0.010513565689325332,0.01236927006393671,0.0109483290463686,0.010996155068278312,0.012774630077183246
01-03-02-01-02-06,train,6,2,happy,03,02,01,02,03-01-03-02-01-02-06,data/raw/ravdess/audio_speech/Audio_Speech_Actors_01-24/Actor_06/03-01-03-02-01-02-06.wav,2,happy,/home/tonyhe/ravdess_avfusion/external/audio_ser_speechbrain/speechbrain-develop-main/outputs/embeddings_ECAPA/train/03-01-03-02-01-02-06.npy,96,02-01-03-02-01-02-06,data/raw/ravdess/video_speech/Video_Speech_Actor_06/Actor_06/02-01-03-02-01-02-06.mp4,2,happy,/home/tonyhe/ravdess_avfusion/external/video_face_branch/early_fusion_facial_v2/fusion_pack_5f/sequences/02-01-03-02-01-02-06.npy,5,2048,canonical_02,canonical_02,0.123199,0.099444,0.246783,0.120576,0.097976,0.121584,0.083946,0.106492,0.022182798758149148,0.013275352865457534,0.8973350644111633,0.011806607991456986,0.017582696676254273,0.013837089389562606,0.011689702421426773,0.012290706299245358
01-03-02-01-02-07,train,7,2,happy,03,02,01,02,03-01-03-02-01-02-07,data/raw/ravdess/audio_speech/Audio_Speech_Actors_01-24/Actor_07/03-01-03-02-01-02-07.wav,2,happy,/home/tonyhe/ravdess_avfusion/external/audio_ser_speechbrain/speechbrain-develop-main/outputs/embeddings_ECAPA/train/03-01-03-02-01-02-07.npy,96,02-01-03-02-01-02-07,data/raw/ravdess/video_speech/Video_Speech_Actor_07/Actor_07/02-01-03-02-01-02-07.mp4,2,happy,/home/tonyhe/ravdess_avfusion/external/video_face_branch/early_fusion_facial_v2/fusion_pack_5f/sequences/02-01-03-02-01-02-07.npy,5,2048,canonical_02,canonical_02,0.179881,0.102767,0.203569,0.096587,0.115625,0.095848,0.127511,0.078212,0.02081218920648098,0.00883232718333602,0.8697547078132629,0.04973438885062933,0.009772376529872418,0.011167042143642902,0.01486232914030552,0.01506466679275036
01-03-02-01-02-08,train,8,2,happy,03,02,01,02,03-01-03-02-01-02-08,data/raw/ravdess/audio_speech/Audio_Speech_Actors_01-24/Actor_08/03-01-03-02-01-02-08.wav,2,happy,/home/tonyhe/ravdess_avfusion/external/audio_ser_speechbrain/speechbrain-develop-main/outputs/embeddings_ECAPA/train/03-01-03-02-01-02-08.npy,96,02-01-03-02-01-02-08,data/raw/ravdess/video_speech/Video_Speech_Actor_08/Actor_08/02-01-03-02-01-02-08.mp4,2,happy,/home/tonyhe/ravdess_avfusion/external/video_face_branch/early_fusion_facial_v2/fusion_pack_5f/sequences/02-01-03-02-01-02-08.npy,5,2048,canonical_02,canonical_02,0.102522,0.101791,0.266657,0.113471,0.075435,0.108708,0.110101,0.121314,0.0220005389302969,0.012754203379154205,0.9110814332962036,0.009533455409109593,0.011571854166686536,0.01045203348621726,0.011860951036214828,0.010745513252913952
01-03-02-01-02-09,train,9,2,happy,03,02,01,02,03-01-03-02-01-02-09,data/raw/ravdess/audio_speech/Audio_Speech_Actors_01-24/Actor_09/03-01-03-02-01-02-09.wav,2,happy,/home/tonyhe/ravdess_avfusion/external/audio_ser_speechbrain/speechbrain-develop-main/outputs/embeddings_ECAPA/train/03-01-03-02-01-02-09.npy,96,02-01-03-02-01-02-09,data/raw/ravdess/video_speech/Video_Speech_Actor_09/Actor_09/02-01-03-02-01-02-09.mp4,2,happy,/home/tonyhe/ravdess_avfusion/external/video_face_branch/early_fusion_facial_v2/fusion_pack_5f/sequences/02-01-03-02-01-02-09.npy,5,2048,canonical_02,canonical_02,0.119826,0.139741,0.243268,0.128731,0.085772,0.109161,0.102551,0.07095,0.01892516054213047,0.013112577423453332,0.9147037625312805,0.009643135033547879,0.011107300035655498,0.009528936631977559,0.011367760971188546,0.011611348576843738
01-03-02-01-02-10,train,10,2,happy,03,02,01,02,03-01-03-02-01-02-10,data/raw/ravdess/audio_speech/Audio_Speech_Actors_01-24/Actor_10/03-01-03-02-01-02-10.wav,2,happy,/home/tonyhe/ravdess_avfusion/external/audio_ser_speechbrain/speechbrain-develop-main/outputs/embeddings_ECAPA/train/03-01-03-02-01-02-10.npy,96,02-01-03-02-01-02-10,data/raw/ravdess/video_speech/Video_Speech_Actor_10/Actor_10/02-01-03-02-01-02-10.mp4,2,happy,/home/tonyhe/ravdess_avfusion/external/video_face_branch/early_fusion_facial_v2/fusion_pack_5f/sequences/02-01-03-02-01-02-10.npy,5,2048,canonical_02,canonical_02,0.120978,0.093636,0.246992,0.123804,0.077795,0.139517,0.094643,0.102636,0.020954635739326478,0.009631823003292083,0.9202307105064392,0.010034859087318182,0.008101701736450195,0.010041111521422863,0.009994713496416808,0.01101044863462448
01-03-02-01-02-11,train,11,2,happy,03,02,01,02,03-01-03-02-01-02-11,data/raw/ravdess/audio_speech/Audio_Speech_Actors_01-24/Actor_11/03-01-03-02-01-02-11.wav,2,happy,/home/tonyhe/ravdess_avfusion/external/audio_ser_speechbrain/speechbrain-develop-main/outputs/embeddings_ECAPA/train/03-01-03-02-01-02-11.npy,96,02-01-03-02-01-02-11,data/raw/ravdess/video_speech/Video_Speech_Actor_11/Actor_11/02-01-03-02-01-02-11.mp4,2,happy,/home/tonyhe/ravdess_avfusion/external/video_face_branch/early_fusion_facial_v2/fusion_pack_5f/sequences/02-01-03-02-01-02-11.npy,5,2048,canonical_02,canonical_02,0.089269,0.122126,0.260248,0.086308,0.11689,0.113057,0.100079,0.112022,0.02046475000679493,0.01091989390552044,0.9007660150527954,0.012258662469685077,0.009966711327433587,0.011362988129258155,0.012954199314117431,0.021306794509291647
01-03-02-01-02-12,train,12,2,happy,03,02,01,02,03-01-03-02-01-02-12,data/raw/ravdess/audio_speech/Audio_Speech_Actors_01-24/Actor_12/03-01-03-02-01-02-12.wav,2,happy,/home/tonyhe/ravdess_avfusion/external/audio_ser_speechbrain/speechbrain-develop-main/outputs/embeddings_ECAPA/train/03-01-03-02-01-02-12.npy,96,02-01-03-02-01-02-12,data/raw/ravdess/video_speech/Video_Speech_Actor_12/Actor_12/02-01-03-02-01-02-12.mp4,2,happy,/home/tonyhe/ravdess_avfusion/external/video_face_branch/early_fusion_facial_v2/fusion_pack_5f/sequences/02-01-03-02-01-02-12.npy,5,2048,canonical_02,canonical_02,0.102275,0.091553,0.248504,0.139828,0.119723,0.094563,0.092003,0.111551,0.018596093403175473,0.006142695131711662,0.9237680792808532,0.007246489683166146,0.007698048790916801,0.016390257887542246,0.007255839928984642,0.01290252823382616
01-03-02-01-02-13,train,13,2,happy,03,02,01,02,03-01-03-02-01-02-13,data/raw/ravdess/audio_speech/Audio_Speech_Actors_01-24/Actor_13/03-01-03-02-01-02-13.wav,2,happy,/home/tonyhe/ravdess_avfusion/external/audio_ser_speechbrain/speechbrain-develop-main/outputs/embeddings_ECAPA/train/03-01-03-02-01-02-13.npy,96,02-01-03-02-01-02-13,data/raw/ravdess/video_speech/Video_Speech_Actor_13/Actor_13/02-01-03-02-01-02-13.mp4,2,happy,/home/tonyhe/ravdess_avfusion/external/video_face_branch/early_fusion_facial_v2/fusion_pack_5f/sequences/02-01-03-02-01-02-13.npy,5,2048,canonical_02,canonical_02,0.101105,0.090833,0.265629,0.095457,0.101529,0.099503,0.134783,0.11116,0.02004479393362999,0.007667064853012562,0.9206702947616577,0.0105251369997859,0.01062221135944128,0.010143155232071877,0.009262919239699841,0.011064458079636097
01-03-02-01-02-14,train,14,2,happy,03,02,01,02,03-01-03-02-01-02-14,data/raw/ravdess/audio_speech/Audio_Speech_Actors_01-24/Actor_14/03-01-03-02-01-02-14.wav,2,happy,/home/tonyhe/ravdess_avfusion/external/audio_ser_speechbrain/speechbrain-develop-main/outputs/embeddings_ECAPA/train/03-01-03-02-01-02-14.npy,96,02-01-03-02-01-02-14,data/raw/ravdess/video_speech/Video_Speech_Actor_14/Actor_14/02-01-03-02-01-02-14.mp4,2,happy,/home/tonyhe/ravdess_avfusion/external/video_face_branch/early_fusion_facial_v2/fusion_pack_5f/sequences/02-01-03-02-01-02-14.npy,5,2048,canonical_02,canonical_02,0.092015,0.104153,0.256641,0.111911,0.106203,0.130874,0.107314,0.090889,0.02289031520485878,0.016416357643902302,0.9068631052970886,0.008724446687847377,0.00978468470275402,0.009634041041135789,0.014324276894330978,0.011362748406827449
01-03-02-01-02-15,train,15,2,happy,03,02,01,02,03-01-03-02-01-02-15,data/raw/ravdess/audio_speech/Audio_Speech_Actors_01-24/Actor_15/03-01-03-02-01-02-15.wav,2,happy,/home/tonyhe/ravdess_avfusion/external/audio_ser_speechbrain/speechbrain-develop-main/outputs/embeddings_ECAPA/train/03-01-03-02-01-02-15.npy,96,02-01-03-02-01-02-15,data/raw/ravdess/video_speech/Video_Speech_Actor_15/Actor_15/02-01-03-02-01-02-15.mp4,2,happy,/home/tonyhe/ravdess_avfusion/data/processed/video/backfill_actor15/sequence_embeddings_5f/train/02-01-03-02-01-02-15.npy,5,2048,backfill_actor15,backfill_actor15,0.094609,0.115076,0.240526,0.115251,0.113195,0.084015,0.089267,0.148061,0.030260775238275528,0.04139439016580582,0.7728831171989441,0.08924651145935059,0.02101987972855568,0.008924463763833046,0.022107888013124466,0.014162957668304443
01-03-02-01-02-16,train,16,2,happy,03,02,01,02,03-01-03-02-01-02-16,data/raw/ravdess/audio_speech/Audio_Speech_Actors_01-24/Actor_16/03-01-03-02-01-02-16.wav,2,happy,/home/tonyhe/ravdess_avfusion/external/audio_ser_speechbrain/speechbrain-develop-main/outputs/embeddings_ECAPA/train/03-01-03-02-01-02-16.npy,96,02-01-03-02-01-02-16,data/raw/ravdess/video_speech/Video_Speech_Actor_16/Actor_16/02-01-03-02-01-02-16.mp4,2,happy,/home/tonyhe/ravdess_avfusion/external/video_face_branch/early_fusion_facial_v2/fusion_pack_5f/sequences/02-01-03-02-01-02-16.npy,5,2048,canonical_02,canonical_02,0.107139,0.126364,0.253162,0.099635,0.107522,0.111463,0.082325,0.11239,0.020184829831123352,0.012539258040487767,0.9102428317070007,0.009401754848659039,0.010104262921959161,0.01130702681839466,0.01553171370178461,0.01068832352757454
01-03-02-02-01-01,train,1,2,happy,03,02,02,01,03-01-03-02-02-01-01,data/raw/ravdess/audio_speech/Audio_Speech_Actors_01-24/Actor_01/03-01-03-02-02-01-01.wav,2,happy,/home/tonyhe/ravdess_avfusion/external/audio_ser_speechbrain/speechbrain-develop-main/outputs/embeddings_ECAPA/train/03-01-03-02-02-01-01.npy,96,02-01-03-02-02-01-01,data/raw/ravdess/video_speech/Video_Speech_Actor_01/Actor_01/02-01-03-02-02-01-01.mp4,2,happy,/home/tonyhe/ravdess_avfusion/external/video_face_branch/early_fusion_facial_v2/fusion_pack_5f/sequences/02-01-03-02-02-01-01.npy,5,2048,canonical_02,canonical_02,0.108879,0.118465,0.264483,0.098704,0.095512,0.122961,0.105587,0.085411,0.016695306263864042,0.011608010251075029,0.9230292677879334,0.009216979704797268,0.008344000950455666,0.008566425275057554,0.010624304600059985,0.011915686912834645
01-03-02-02-01-02,train,2,2,happy,03,02,02,01,03-01-03-02-02-01-02,data/raw/ravdess/audio_speech/Audio_Speech_Actors_01-24/Actor_02/03-01-03-02-02-01-02.wav,2,happy,/home/tonyhe/ravdess_avfusion/external/audio_ser_speechbrain/speechbrain-develop-main/outputs/embeddings_ECAPA/train/03-01-03-02-02-01-02.npy,96,02-01-03-02-02-01-02,data/raw/ravdess/video_speech/Video_Speech_Actor_02/Actor_02/02-01-03-02-02-01-02.mp4,2,happy,/home/tonyhe/ravdess_avfusion/external/video_face_branch/early_fusion_facial_v2/fusion_pack_5f/sequences/02-01-03-02-02-01-02.npy,5,2048,canonical_02,canonical_02,0.102645,0.091503,0.256451,0.115514,0.075794,0.104758,0.1123,0.141036,0.0221177913248539,0.012616599909961224,0.9134893774986267,0.009212333522737027,0.008999285381287336,0.010289654694497585,0.012403103895485402,0.010871843993663787
01-03-02-02-01-03,train,3,2,happy,03,02,02,01,03-01-03-02-02-01-03,data/raw/ravdess/audio_speech/Audio_Speech_Actors_01-24/Actor_03/03-01-03-02-02-01-03.wav,2,happy,/home/tonyhe/ravdess_avfusion/external/audio_ser_speechbrain/speechbrain-develop-main/outputs/embeddings_ECAPA/train/03-01-03-02-02-01-03.npy,96,02-01-03-02-02-01-03,data/raw/ravdess/video_speech/Video_Speech_Actor_03/Actor_03/02-01-03-02-02-01-03.mp4,2,happy,/home/tonyhe/ravdess_avfusion/external/video_face_branch/early_fusion_facial_v2/fusion_pack_5f/sequences/02-01-03-02-02-01-03.npy,5,2048,canonical_02,canonical_02,0.084865,0.09032,0.232158,0.141651,0.080378,0.095305,0.132956,0.142367,0.01990044228732586,0.007869662623852492,0.9184679985046387,0.009723741095513105,0.010776699054986238,0.011402523703873157,0.012224500440061093,0.009634416736662387
01-03-02-02-01-04,train,4,2,happy,03,02,02,01,03-01-03-02-02-01-04,data/raw/ravdess/audio_speech/Audio_Speech_Actors_01-24/Actor_04/03-01-03-02-02-01-04.wav,2,happy,/home/tonyhe/ravdess_avfusion/external/audio_ser_speechbrain/speechbrain-develop-main/outputs/embeddings_ECAPA/train/03-01-03-02-02-01-04.npy,96,02-01-03-02-02-01-04,data/raw/ravdess/video_speech/Video_Speech_Actor_04/Actor_04/02-01-03-02-02-01-04.mp4,2,happy,/home/tonyhe/ravdess_avfusion/external/video_face_branch/early_fusion_facial_v2/fusion_pack_5f/sequences/02-01-03-02-02-01-04.npy,5,2048,canonical_02,canonical_02,0.092437,0.108478,0.231631,0.133934,0.07919,0.087336,0.119852,0.147142,0.019744610227644444,0.02691796366125345,0.8964181780815125,0.010919668152928353,0.010900341626256704,0.009602363593876362,0.01465353388339281,0.010843324847519398
01-03-02-02-01-05,train,5,2,happy,03,02,02,01,03-01-03-02-02-01-05,data/raw/ravdess/audio_speech/Audio_Speech_Actors_01-24/Actor_05/03-01-03-02-02-01-05.wav,2,happy,/home/tonyhe/ravdess_avfusion/external/audio_ser_speechbrain/speechbrain-develop-main/outputs/embeddings_ECAPA/train/03-01-03-02-02-01-05.npy,96,02-01-03-02-02-01-05,data/raw/ravdess/video_speech/Video_Speech_Actor_05/Actor_05/02-01-03-02-02-01-05.mp4,2,happy,/home/tonyhe/ravdess_avfusion/external/video_face_branch/early_fusion_facial_v2/fusion_pack_5f/sequences/02-01-03-02-02-01-05.npy,5,2048,canonical_02,canonical_02,0.115784,0.146828,0.245039,0.09219,0.124421,0.09853,0.099691,0.077516,0.021806381829082965,0.011297981068491936,0.9069059610366821,0.012986021302640437,0.012174922414124012,0.011446601618081332,0.011539804004132747,0.01184234293177724
01-03-02-02-01-06,train,6,2,happy,03,02,02,01,03-01-03-02-02-01-06,data/raw/ravdess/audio_speech/Audio_Speech_Actors_01-24/Actor_06/03-01-03-02-02-01-06.wav,2,happy,/home/tonyhe/ravdess_avfusion/external/audio_ser_speechbrain/speechbrain-develop-main/outputs/embeddings_ECAPA/train/03-01-03-02-02-01-06.npy,96,02-01-03-02-02-01-06,data/raw/ravdess/video_speech/Video_Speech_Actor_06/Actor_06/02-01-03-02-02-01-06.mp4,2,happy,/home/tonyhe/ravdess_avfusion/external/video_face_branch/early_fusion_facial_v2/fusion_pack_5f/sequences/02-01-03-02-02-01-06.npy,5,2048,canonical_02,canonical_02,0.08974,0.111407,0.25001,0.128069,0.111242,0.130535,0.091742,0.087255,0.019608352705836295,0.01217456664890051,0.912327790260315,0.010810690000653267,0.013145963661372662,0.011248746514320373,0.010996116138994694,0.00968780629336834
01-03-02-02-01-07,train,7,2,happy,03,02,02,01,03-01-03-02-02-01-07,data/raw/ravdess/audio_speech/Audio_Speech_Actors_01-24/Actor_07/03-01-03-02-02-01-07.wav,2,happy,/home/tonyhe/ravdess_avfusion/external/audio_ser_speechbrain/speechbrain-develop-main/outputs/embeddings_ECAPA/train/03-01-03-02-02-01-07.npy,96,02-01-03-02-02-01-07,data/raw/ravdess/video_speech/Video_Speech_Actor_07/Actor_07/02-01-03-02-02-01-07.mp4,2,happy,/home/tonyhe/ravdess_avfusion/external/video_face_branch/early_fusion_facial_v2/fusion_pack_5f/sequences/02-01-03-02-02-01-07.npy,5,2048,canonical_02,canonical_02,0.086586,0.133304,0.239603,0.139467,0.093002,0.1258,0.104348,0.077889,0.018987515568733217,0.010052565298974515,0.9185494780540466,0.011019996739923954,0.009134950581938028,0.01064859088510275,0.011047507636249065,0.010559421312063933
01-03-02-02-01-08,train,8,2,happy,03,02,02,01,03-01-03-02-02-01-08,data/raw/ravdess/audio_speech/Audio_Speech_Actors_01-24/Actor_08/03-01-03-02-02-01-08.wav,2,happy,/home/tonyhe/ravdess_avfusion/external/audio_ser_speechbrain/speechbrain-develop-main/outputs/embeddings_ECAPA/train/03-01-03-02-02-01-08.npy,96,02-01-03-02-02-01-08,data/raw/ravdess/video_speech/Video_Speech_Actor_08/Actor_08/02-01-03-02-02-01-08.mp4,2,happy,/home/tonyhe/ravdess_avfusion/external/video_face_branch/early_fusion_facial_v2/fusion_pack_5f/sequences/02-01-03-02-02-01-08.npy,5,2048,canonical_02,canonical_02,0.084491,0.123666,0.236371,0.158842,0.076523,0.10613,0.113614,0.100364,0.019934726879000664,0.010222646221518517,0.9201530575752258,0.008617225289344787,0.01008902844041586,0.010762430168688298,0.009598068706691266,0.010622827522456645
01-03-02-02-01-09,train,9,2,happy,03,02,02,01,03-01-03-02-02-01-09,data/raw/ravdess/audio_speech/Audio_Speech_Actors_01-24/Actor_09/03-01-03-02-02-01-09.wav,2,happy,/home/tonyhe/ravdess_avfusion/external/audio_ser_speechbrain/speechbrain-develop-main/outputs/embeddings_ECAPA/train/03-01-03-02-02-01-09.npy,96,02-01-03-02-02-01-09,data/raw/ravdess/video_speech/Video_Speech_Actor_09/Actor_09/02-01-03-02-02-01-09.mp4,2,happy,/home/tonyhe/ravdess_avfusion/external/video_face_branch/early_fusion_facial_v2/fusion_pack_5f/sequences/02-01-03-02-02-01-09.npy,5,2048,canonical_02,canonical_02,0.102625,0.089309,0.263826,0.106759,0.099397,0.112016,0.10316,0.122908,0.018032483756542206,0.012173784151673316,0.9161727547645568,0.010282518900930881,0.009533629845827818,0.010282917879521847,0.011937212385237216,0.011584680899977684
01-03-02-02-01-10,train,10,2,happy,03,02,02,01,03-01-03-02-02-01-10,data/raw/ravdess/audio_speech/Audio_Speech_Actors_01-24/Actor_10/03-01-03-02-02-01-10.wav,2,happy,/home/tonyhe/ravdess_avfusion/external/audio_ser_speechbrain/speechbrain-develop-main/outputs/embeddings_ECAPA/train/03-01-03-02-02-01-10.npy,96,02-01-03-02-02-01-10,data/raw/ravdess/video_speech/Video_Speech_Actor_10/Actor_10/02-01-03-02-02-01-10.mp4,2,happy,/home/tonyhe/ravdess_avfusion/external/video_face_branch/early_fusion_facial_v2/fusion_pack_5f/sequences/02-01-03-02-02-01-10.npy,5,2048,canonical_02,canonical_02,0.122811,0.128097,0.231159,0.140835,0.092106,0.117734,0.085954,0.081304,0.02326987385749817,0.0071567874401807785,0.9095115423202514,0.011597087234258651,0.010717104002833367,0.0142029395326972,0.011211212165653706,0.012333427369594575
01-03-02-02-01-11,train,11,2,happy,03,02,02,01,03-01-03-02-02-01-11,data/raw/ravdess/audio_speech/Audio_Speech_Actors_01-24/Actor_11/03-01-03-02-02-01-11.wav,2,happy,/home/tonyhe/ravdess_avfusion/external/audio_ser_speechbrain/speechbrain-develop-main/outputs/embeddings_ECAPA/train/03-01-03-02-02-01-11.npy,96,02-01-03-02-02-01-11,data/raw/ravdess/video_speech/Video_Speech_Actor_11/Actor_11/02-01-03-02-02-01-11.mp4,2,happy,/home/tonyhe/ravdess_avfusion/external/video_face_branch/early_fusion_facial_v2/fusion_pack_5f/sequences/02-01-03-02-02-01-11.npy,5,2048,canonical_02,canonical_02,0.096041,0.119052,0.255631,0.0726,0.118322,0.120872,0.113672,0.103809,0.02143270503729582,0.010687685199081897,0.9079775929450988,0.013548541814088821,0.009253257233649493,0.011839814484119415,0.014383221231400966,0.010877181123942137
01-03-02-02-01-12,train,12,2,happy,03,02,02,01,03-01-03-02-02-01-12,data/raw/ravdess/audio_speech/Audio_Speech_Actors_01-24/Actor_12/03-01-03-02-02-01-12.wav,2,happy,/home/tonyhe/ravdess_avfusion/external/audio_ser_speechbrain/speechbrain-develop-main/outputs/embeddings_ECAPA/train/03-01-03-02-02-01-12.npy,96,02-01-03-02-02-01-12,data/raw/ravdess/video_speech/Video_Speech_Actor_12/Actor_12/02-01-03-02-02-01-12.mp4,2,happy,/home/tonyhe/ravdess_avfusion/external/video_face_branch/early_fusion_facial_v2/fusion_pack_5f/sequences/02-01-03-02-02-01-12.npy,5,2048,canonical_02,canonical_02,0.098201,0.098751,0.253062,0.125748,0.095564,0.082271,0.109283,0.13712,0.019681825861334802,0.013413674850016832,0.9212746977806091,0.00958511051721871,0.008398220781236887,0.009029991645365953,0.00984659930691123,0.008769891783595085
01-03-02-02-01-13,train,13,2,happy,03,02,02,01,03-01-03-02-02-01-13,data/raw/ravdess/audio_speech/Audio_Speech_Actors_01-24/Actor_13/03-01-03-02-02-01-13.wav,2,happy,/home/tonyhe/ravdess_avfusion/external/audio_ser_speechbrain/speechbrain-develop-main/outputs/embeddings_ECAPA/train/03-01-03-02-02-01-13.npy,96,02-01-03-02-02-01-13,data/raw/ravdess/video_speech/Video_Speech_Actor_13/Actor_13/02-01-03-02-02-01-13.mp4,2,happy,/home/tonyhe/ravdess_avfusion/external/video_face_branch/early_fusion_facial_v2/fusion_pack_5f/sequences/02-01-03-02-02-01-13.npy,5,2048,canonical_02,canonical_02,0.105351,0.098238,0.248603,0.101477,0.101493,0.10176,0.092794,0.150285,0.02209395207464695,0.007872234378010035,0.9011231660842896,0.009557342529296875,0.012069831043481827,0.012518035992980004,0.011787163652479648,0.022978305630385876
01-03-02-02-01-14,train,14,2,happy,03,02,02,01,03-01-03-02-02-01-14,data/raw/ravdess/audio_speech/Audio_Speech_Actors_01-24/Actor_14/03-01-03-02-02-01-14.wav,2,happy,/home/tonyhe/ravdess_avfusion/external/audio_ser_speechbrain/speechbrain-develop-main/outputs/embeddings_ECAPA/train/03-01-03-02-02-01-14.npy,96,02-01-03-02-02-01-14,data/raw/ravdess/video_speech/Video_Speech_Actor_14/Actor_14/02-01-03-02-02-01-14.mp4,2,happy,/home/tonyhe/ravdess_avfusion/external/video_face_branch/early_fusion_facial_v2/fusion_pack_5f/sequences/02-01-03-02-02-01-14.npy,5,2048,canonical_02,canonical_02,0.103774,0.089197,0.252146,0.140388,0.099372,0.108077,0.098487,0.108558,0.026408785581588747,0.02672729380428791,0.8739175915718078,0.010472274199128152,0.013529104553163052,0.01192040741443634,0.025628847256302833,0.011395698972046375
01-03-02-02-01-15,train,15,2,happy,03,02,02,01,03-01-03-02-02-01-15,data/raw/ravdess/audio_speech/Audio_Speech_Actors_01-24/Actor_15/03-01-03-02-02-01-15.wav,2,happy,/home/tonyhe/ravdess_avfusion/external/audio_ser_speechbrain/speechbrain-develop-main/outputs/embeddings_ECAPA/train/03-01-03-02-02-01-15.npy,96,02-01-03-02-02-01-15,data/raw/ravdess/video_speech/Video_Speech_Actor_15/Actor_15/02-01-03-02-02-01-15.mp4,2,happy,/home/tonyhe/ravdess_avfusion/data/processed/video/backfill_actor15/sequence_embeddings_5f/train/02-01-03-02-02-01-15.npy,5,2048,backfill_actor15,backfill_actor15,0.090326,0.098268,0.231245,0.13914,0.119276,0.073663,0.128401,0.119681,0.03263283148407936,0.18175286054611206,0.5718715786933899,0.14113956689834595,0.01705530658364296,0.00918168667703867,0.03170355409383774,0.014662666246294975
01-03-02-02-01-16,train,16,2,happy,03,02,02,01,03-01-03-02-02-01-16,data/raw/ravdess/audio_speech/Audio_Speech_Actors_01-24/Actor_16/03-01-03-02-02-01-16.wav,2,happy,/home/tonyhe/ravdess_avfusion/external/audio_ser_speechbrain/speechbrain-develop-main/outputs/embeddings_ECAPA/train/03-01-03-02-02-01-16.npy,96,02-01-03-02-02-01-16,data/raw/ravdess/video_speech/Video_Speech_Actor_16/Actor_16/02-01-03-02-02-01-16.mp4,2,happy,/home/tonyhe/ravdess_avfusion/external/video_face_branch/early_fusion_facial_v2/fusion_pack_5f/sequences/02-01-03-02-02-01-16.npy,5,2048,canonical_02,canonical_02,0.098354,0.100056,0.260475,0.105527,0.084915,0.090862,0.127407,0.132404,0.021986559219658374,0.023484879266470672,0.8999218583106995,0.011483325436711312,0.01050521433353424,0.011534315533936024,0.011465206742286682,0.00961863324046135
01-03-02-02-02-01,train,1,2,happy,03,02,02,02,03-01-03-02-02-02-01,data/raw/ravdess/audio_speech/Audio_Speech_Actors_01-24/Actor_01/03-01-03-02-02-02-01.wav,2,happy,/home/tonyhe/ravdess_avfusion/external/audio_ser_speechbrain/speechbrain-develop-main/outputs/embeddings_ECAPA/train/03-01-03-02-02-02-01.npy,96,02-01-03-02-02-02-01,data/raw/ravdess/video_speech/Video_Speech_Actor_01/Actor_01/02-01-03-02-02-02-01.mp4,2,happy,/home/tonyhe/ravdess_avfusion/external/video_face_branch/early_fusion_facial_v2/fusion_pack_5f/sequences/02-01-03-02-02-02-01.npy,5,2048,canonical_02,canonical_02,0.092177,0.104095,0.252628,0.119121,0.105294,0.108395,0.092612,0.125678,0.01719575859606266,0.009574853349477053,0.9170441031455994,0.007661721762269735,0.009336191043257714,0.014784229919314384,0.010774530097842216,0.01362864039838314
01-03-02-02-02-02,train,2,2,happy,03,02,02,02,03-01-03-02-02-02-02,data/raw/ravdess/audio_speech/Audio_Speech_Actors_01-24/Actor_02/03-01-03-02-02-02-02.wav,2,happy,/home/tonyhe/ravdess_avfusion/external/audio_ser_speechbrain/speechbrain-develop-main/outputs/embeddings_ECAPA/train/03-01-03-02-02-02-02.npy,96,02-01-03-02-02-02-02,data/raw/ravdess/video_speech/Video_Speech_Actor_02/Actor_02/02-01-03-02-02-02-02.mp4,2,happy,/home/tonyhe/ravdess_avfusion/external/video_face_branch/early_fusion_facial_v2/fusion_pack_5f/sequences/02-01-03-02-02-02-02.npy,5,2048,canonical_02,canonical_02,0.089286,0.096593,0.276644,0.107108,0.089653,0.115399,0.114268,0.11105,0.023197323828935624,0.01294380109757185,0.9130658030509948,0.009401796851307154,0.008228794299066066,0.009839331079274417,0.012229147925972938,0.01109402123838663
01-03-02-02-02-03,train,3,2,happy,03,02,02,02,03-01-03-02-02-02-03,data/raw/ravdess/audio_speech/Audio_Speech_Actors_01-24/Actor_03/03-01-03-02-02-02-03.wav,2,happy,/home/tonyhe/ravdess_avfusion/external/audio_ser_speechbrain/speechbrain-develop-main/outputs/embeddings_ECAPA/train/03-01-03-02-02-02-03.npy,96,02-01-03-02-02-02-03,data/raw/ravdess/video_speech/Video_Speech_Actor_03/Actor_03/02-01-03-02-02-02-03.mp4,2,happy,/home/tonyhe/ravdess_avfusion/external/video_face_branch/early_fusion_facial_v2/fusion_pack_5f/sequences/02-01-03-02-02-02-03.npy,5,2048,canonical_02,canonical_02,0.106709,0.121441,0.268617,0.106022,0.0903,0.106664,0.086996,0.113251,0.02431064024567604,0.009946236666291953,0.9101449370384216,0.01067932341247797,0.011424356885254384,0.010990248806774617,0.012359412387013435,0.01014482993632555
01-03-02-02-02-04,train,4,2,happy,03,02,02,02,03-01-03-02-02-02-04,data/raw/ravdess/audio_speech/Audio_Speech_Actors_01-24/Actor_04/03-01-03-02-02-02-04.wav,2,happy,/home/tonyhe/ravdess_avfusion/external/audio_ser_speechbrain/speechbrain-develop-main/outputs/embeddings_ECAPA/train/03-01-03-02-02-02-04.npy,96,02-01-03-02-02-02-04,data/raw/ravdess/video_speech/Video_Speech_Actor_04/Actor_04/02-01-03-02-02-02-04.mp4,2,happy,/home/tonyhe/ravdess_avfusion/external/video_face_branch/early_fusion_facial_v2/fusion_pack_5f/sequences/02-01-03-02-02-02-04.npy,5,2048,canonical_02,canonical_02,0.078877,0.09361,0.231312,0.1339,0.073352,0.144756,0.131402,0.112791,0.020684316009283065,0.12337178084999323,0.8006312608718872,0.009541051089763641,0.009713116288185119,0.010265869926661253,0.01290307529270649,0.012889509461820126
01-03-02-02-02-05,train,5,2,happy,03,02,02,02,03-01-03-02-02-02-05,data/raw/ravdess/audio_speech/Audio_Speech_Actors_01-24/Actor_05/03-01-03-02-02-02-05.wav,2,happy,/home/tonyhe/ravdess_avfusion/external/audio_ser_speechbrain/speechbrain-develop-main/outputs/embeddings_ECAPA/train/03-01-03-02-02-02-05.npy,96,02-01-03-02-02-02-05,data/raw/ravdess/video_speech/Video_Speech_Actor_05/Actor_05/02-01-03-02-02-02-05.mp4,2,happy,/home/tonyhe/ravdess_avfusion/external/video_face_branch/early_fusion_facial_v2/fusion_pack_5f/sequences/02-01-03-02-02-02-05.npy,5,2048,canonical_02,canonical_02,0.115155,0.111155,0.261834,0.090179,0.114914,0.090565,0.105719,0.110479,0.027398233115673066,0.011756616085767746,0.8818376421928406,0.014366908743977547,0.017902907729148865,0.014056036807596683,0.013583308272063731,0.019098347797989846
01-03-02-02-02-06,train,6,2,happy,03,02,02,02,03-01-03-02-02-02-06,data/raw/ravdess/audio_speech/Audio_Speech_Actors_01-24/Actor_06/03-01-03-02-02-02-06.wav,2,happy,/home/tonyhe/ravdess_avfusion/external/audio_ser_speechbrain/speechbrain-develop-main/outputs/embeddings_ECAPA/train/03-01-03-02-02-02-06.npy,96,02-01-03-02-02-02-06,data/raw/ravdess/video_speech/Video_Speech_Actor_06/Actor_06/02-01-03-02-02-02-06.mp4,2,happy,/home/tonyhe/ravdess_avfusion/external/video_face_branch/early_fusion_facial_v2/fusion_pack_5f/sequences/02-01-03-02-02-02-06.npy,5,2048,canonical_02,canonical_02,0.099084,0.118622,0.24231,0.128203,0.10511,0.12998,0.097209,0.07948,0.024466784298419954,0.016549282893538474,0.8965950608253479,0.01177479662001133,0.012404264137148856,0.013556943275034428,0.011659464053809642,0.012993432767689227
01-03-02-02-02-07,train,7,2,happy,03,02,02,02,03-01-03-02-02-02-07,data/raw/ravdess/audio_speech/Audio_Speech_Actors_01-24/Actor_07/03-01-03-02-02-02-07.wav,2,happy,/home/tonyhe/ravdess_avfusion/external/audio_ser_speechbrain/speechbrain-develop-main/outputs/embeddings_ECAPA/train/03-01-03-02-02-02-07.npy,96,02-01-03-02-02-02-07,data/raw/ravdess/video_speech/Video_Speech_Actor_07/Actor_07/02-01-03-02-02-02-07.mp4,2,happy,/home/tonyhe/ravdess_avfusion/external/video_face_branch/early_fusion_facial_v2/fusion_pack_5f/sequences/02-01-03-02-02-02-07.npy,5,2048,canonical_02,canonical_02,0.078723,0.100751,0.252755,0.125915,0.074715,0.129354,0.12414,0.113647,0.01889939233660698,0.00966668576002121,0.9228025197982788,0.010395231284201145,0.008551665861159564,0.00897027887403965,0.010890066251158714,0.009824149776250124
01-03-02-02-02-08,train,8,2,happy,03,02,02,02,03-01-03-02-02-02-08,data/raw/ravdess/audio_speech/Audio_Speech_Actors_01-24/Actor_08/03-01-03-02-02-02-08.wav,2,happy,/home/tonyhe/ravdess_avfusion/external/audio_ser_speechbrain/speechbrain-develop-main/outputs/embeddings_ECAPA/train/03-01-03-02-02-02-08.npy,96,02-01-03-02-02-02-08,data/raw/ravdess/video_speech/Video_Speech_Actor_08/Actor_08/02-01-03-02-02-02-08.mp4,2,happy,/home/tonyhe/ravdess_avfusion/external/video_face_branch/early_fusion_facial_v2/fusion_pack_5f/sequences/02-01-03-02-02-02-08.npy,5,2048,canonical_02,canonical_02,0.08665,0.119643,0.218449,0.145856,0.060805,0.125126,0.128029,0.115442,0.023012078925967218,0.010891450941562653,0.9108708381652832,0.0093455258756876,0.012075228244066238,0.010854159668087959,0.011053976975381375,0.01189677808433771
01-03-02-02-02-09,train,9,2,happy,03,02,02,02,03-01-03-02-02-02-09,data/raw/ravdess/audio_speech/Audio_Speech_Actors_01-24/Actor_09/03-01-03-02-02-02-09.wav,2,happy,/home/tonyhe/ravdess_avfusion/external/audio_ser_speechbrain/speechbrain-develop-main/outputs/embeddings_ECAPA/train/03-01-03-02-02-02-09.npy,96,02-01-03-02-02-02-09,data/raw/ravdess/video_speech/Video_Speech_Actor_09/Actor_09/02-01-03-02-02-02-09.mp4,2,happy,/home/tonyhe/ravdess_avfusion/external/video_face_branch/early_fusion_facial_v2/fusion_pack_5f/sequences/02-01-03-02-02-02-09.npy,5,2048,canonical_02,canonical_02,0.107406,0.153129,0.255087,0.108937,0.093197,0.10614,0.095318,0.080786,0.019779909402132034,0.013016951270401478,0.9102090716361999,0.010436432063579559,0.01086758989840746,0.010684190317988396,0.013074598461389541,0.011931312456727027
01-03-02-02-02-10,train,10,2,happy,03,02,02,02,03-01-03-02-02-02-10,data/raw/ravdess/audio_speech/Audio_Speech_Actors_01-24/Actor_10/03-01-03-02-02-02-10.wav,2,happy,/home/tonyhe/ravdess_avfusion/external/audio_ser_speechbrain/speechbrain-develop-main/outputs/embeddings_ECAPA/train/03-01-03-02-02-02-10.npy,96,02-01-03-02-02-02-10,data/raw/ravdess/video_speech/Video_Speech_Actor_10/Actor_10/02-01-03-02-02-02-10.mp4,2,happy,/home/tonyhe/ravdess_avfusion/external/video_face_branch/early_fusion_facial_v2/fusion_pack_5f/sequences/02-01-03-02-02-02-10.npy,5,2048,canonical_02,canonical_02,0.110865,0.126244,0.222828,0.167408,0.083365,0.124871,0.076411,0.088008,0.02281816117465496,0.008794676419347525,0.9072849750518799,0.01153261326253414,0.010868574306368829,0.012486448884010315,0.012668029591441154,0.013546549715101719
01-03-02-02-02-11,train,11,2,happy,03,02,02,02,03-01-03-02-02-02-11,data/raw/ravdess/audio_speech/Audio_Speech_Actors_01-24/Actor_11/03-01-03-02-02-02-11.wav,2,happy,/home/tonyhe/ravdess_avfusion/external/audio_ser_speechbrain/speechbrain-develop-main/outputs/embeddings_ECAPA/train/03-01-03-02-02-02-11.npy,96,02-01-03-02-02-02-11,data/raw/ravdess/video_speech/Video_Speech_Actor_11/Actor_11/02-01-03-02-02-02-11.mp4,2,happy,/home/tonyhe/ravdess_avfusion/external/video_face_branch/early_fusion_facial_v2/fusion_pack_5f/sequences/02-01-03-02-02-02-11.npy,5,2048,canonical_02,canonical_02,0.102945,0.117314,0.241887,0.098209,0.097048,0.087754,0.09823,0.156613,0.02134139947593212,0.008662815112620592,0.9113642334938049,0.011383082158863545,0.009012279193848371,0.009796367399394513,0.012901212461292744,0.015538581274449825
01-03-02-02-02-12,train,12,2,happy,03,02,02,02,03-01-03-02-02-02-12,data/raw/ravdess/audio_speech/Audio_Speech_Actors_01-24/Actor_12/03-01-03-02-02-02-12.wav,2,happy,/home/tonyhe/ravdess_avfusion/external/audio_ser_speechbrain/speechbrain-develop-main/outputs/embeddings_ECAPA/train/03-01-03-02-02-02-12.npy,96,02-01-03-02-02-02-12,data/raw/ravdess/video_speech/Video_Speech_Actor_12/Actor_12/02-01-03-02-02-02-12.mp4,2,happy,/home/tonyhe/ravdess_avfusion/external/video_face_branch/early_fusion_facial_v2/fusion_pack_5f/sequences/02-01-03-02-02-02-12.npy,5,2048,canonical_02,canonical_02,0.099099,0.126615,0.253108,0.137912,0.096851,0.095552,0.106017,0.084845,0.03055931031703949,0.011517194099724293,0.8950393676757813,0.012557388748973608,0.011308578215539456,0.012504921853542328,0.011605837102979421,0.01490742526948452
01-03-02-02-02-13,train,13,2,happy,03,02,02,02,03-01-03-02-02-02-13,data/raw/ravdess/audio_speech/Audio_Speech_Actors_01-24/Actor_13/03-01-03-02-02-02-13.wav,2,happy,/home/tonyhe/ravdess_avfusion/external/audio_ser_speechbrain/speechbrain-develop-main/outputs/embeddings_ECAPA/train/03-01-03-02-02-02-13.npy,96,02-01-03-02-02-02-13,data/raw/ravdess/video_speech/Video_Speech_Actor_13/Actor_13/02-01-03-02-02-02-13.mp4,2,happy,/home/tonyhe/ravdess_avfusion/external/video_face_branch/early_fusion_facial_v2/fusion_pack_5f/sequences/02-01-03-02-02-02-13.npy,5,2048,canonical_02,canonical_02,0.103264,0.086886,0.246452,0.109132,0.090204,0.098428,0.111259,0.154375,0.023207517713308333,0.008434893283993005,0.8478557705879212,0.009185328241437673,0.012606895714998245,0.012892377562820911,0.01173182725906372,0.0740853875875473
01-03-02-02-02-14,train,14,2,happy,03,02,02,02,03-01-03-02-02-02-14,data/raw/ravdess/audio_speech/Audio_Speech_Actors_01-24/Actor_14/03-01-03-02-02-02-14.wav,2,happy,/home/tonyhe/ravdess_avfusion/external/audio_ser_speechbrain/speechbrain-develop-main/outputs/embeddings_ECAPA/train/03-01-03-02-02-02-14.npy,96,02-01-03-02-02-02-14,data/raw/ravdess/video_speech/Video_Speech_Actor_14/Actor_14/02-01-03-02-02-02-14.mp4,2,happy,/home/tonyhe/ravdess_avfusion/external/video_face_branch/early_fusion_facial_v2/fusion_pack_5f/sequences/02-01-03-02-02-02-14.npy,5,2048,canonical_02,canonical_02,0.110276,0.096194,0.242702,0.117835,0.085698,0.125847,0.097112,0.124337,0.022098394483327864,0.016164372116327284,0.8996668696403504,0.009688880108296872,0.009846626780927181,0.00916223106905818,0.01533320862799883,0.018039476685225965
01-03-02-02-02-15,train,15,2,happy,03,02,02,02,03-01-03-02-02-02-15,data/raw/ravdess/audio_speech/Audio_Speech_Actors_01-24/Actor_15/03-01-03-02-02-02-15.wav,2,happy,/home/tonyhe/ravdess_avfusion/external/audio_ser_speechbrain/speechbrain-develop-main/outputs/embeddings_ECAPA/train/03-01-03-02-02-02-15.npy,96,02-01-03-02-02-02-15,data/raw/ravdess/video_speech/Video_Speech_Actor_15/Actor_15/02-01-03-02-02-02-15.mp4,2,happy,/home/tonyhe/ravdess_avfusion/data/processed/video/backfill_actor15/sequence_embeddings_5f/train/02-01-03-02-02-02-15.npy,5,2048,backfill_actor15,backfill_actor15,0.104056,0.097253,0.238145,0.101289,0.096106,0.093414,0.104032,0.165706,0.053891949355602264,0.023044053465127945,0.7263162732124329,0.07389217615127563,0.02283596619963646,0.02207290567457676,0.022509878501296043,0.055436812341213226
01-03-02-02-02-16,train,16,2,happy,03,02,02,02,03-01-03-02-02-02-16,data/raw/ravdess/audio_speech/Audio_Speech_Actors_01-24/Actor_16/03-01-03-02-02-02-16.wav,2,happy,/home/tonyhe/ravdess_avfusion/external/audio_ser_speechbrain/speechbrain-develop-main/outputs/embeddings_ECAPA/train/03-01-03-02-02-02-16.npy,96,02-01-03-02-02-02-16,data/raw/ravdess/video_speech/Video_Speech_Actor_16/Actor_16/02-01-03-02-02-02-16.mp4,2,happy,/home/tonyhe/ravdess_avfusion/external/video_face_branch/early_fusion_facial_v2/fusion_pack_5f/sequences/02-01-03-02-02-02-16.npy,5,2048,canonical_02,canonical_02,0.118749,0.109983,0.260299,0.114289,0.114934,0.089067,0.101244,0.091434,0.017492956295609475,0.01242581633850932,0.9220826029777527,0.008812977466732264,0.008703624177724124,0.009224944002926349,0.011448671948164702,0.009808418061584234
01-04-01-01-01-01,train,1,3,sad,04,01,01,01,03-01-04-01-01-01-01,data/raw/ravdess/audio_speech/Audio_Speech_Actors_01-24/Actor_01/03-01-04-01-01-01-01.wav,3,sad,/home/tonyhe/ravdess_avfusion/external/audio_ser_speechbrain/speechbrain-develop-main/outputs/embeddings_ECAPA/train/03-01-04-01-01-01-01.npy,96,02-01-04-01-01-01-01,data/raw/ravdess/video_speech/Video_Speech_Actor_01/Actor_01/02-01-04-01-01-01-01.mp4,3,sad,/home/tonyhe/ravdess_avfusion/external/video_face_branch/early_fusion_facial_v2/fusion_pack_5f/sequences/02-01-04-01-01-01-01.npy,5,2048,canonical_02,canonical_02,0.135401,0.100578,0.10921,0.262645,0.087315,0.099622,0.091312,0.113917,0.01831161081790924,0.014119436126202345,0.010685048718005418,0.8069466531276703,0.025120252184569834,0.009154695738106965,0.01673632338643074,0.09892597123980522
01-04-01-01-01-02,train,2,3,sad,04,01,01,01,03-01-04-01-01-01-02,data/raw/ravdess/audio_speech/Audio_Speech_Actors_01-24/Actor_02/03-01-04-01-01-01-02.wav,3,sad,/home/tonyhe/ravdess_avfusion/external/audio_ser_speechbrain/speechbrain-develop-main/outputs/embeddings_ECAPA/train/03-01-04-01-01-01-02.npy,96,02-01-04-01-01-01-02,data/raw/ravdess/video_speech/Video_Speech_Actor_02/Actor_02/02-01-04-01-01-01-02.mp4,3,sad,/home/tonyhe/ravdess_avfusion/external/video_face_branch/early_fusion_facial_v2/fusion_pack_5f/sequences/02-01-04-01-01-01-02.npy,5,2048,canonical_02,canonical_02,0.148554,0.104445,0.09228,0.219224,0.094973,0.098313,0.123596,0.118614,0.028021840006113054,0.010035953484475613,0.012753050588071347,0.9075642824172974,0.01191487703472376,0.008022456336766482,0.010872985236346722,0.010814575850963593
01-04-01-01-01-03,train,3,3,sad,04,01,01,01,03-01-04-01-01-01-03,data/raw/ravdess/audio_speech/Audio_Speech_Actors_01-24/Actor_03/03-01-04-01-01-01-03.wav,3,sad,/home/tonyhe/ravdess_avfusion/external/audio_ser_speechbrain/speechbrain-develop-main/outputs/embeddings_ECAPA/train/03-01-04-01-01-01-03.npy,96,02-01-04-01-01-01-03,data/raw/ravdess/video_speech/Video_Speech_Actor_03/Actor_03/02-01-04-01-01-01-03.mp4,3,sad,/home/tonyhe/ravdess_avfusion/external/video_face_branch/early_fusion_facial_v2/fusion_pack_5f/sequences/02-01-04-01-01-01-03.npy,5,2048,canonical_02,canonical_02,0.13494,0.08971,0.128879,0.259027,0.087717,0.083342,0.107256,0.109129,0.018707260489463806,0.011496820673346519,0.009341456089168787,0.9151327610015869,0.010448538698256016,0.008157923351973295,0.012611797824501992,0.014103407599031925
01-04-01-01-01-04,train,4,3,sad,04,01,01,01,03-01-04-01-01-01-04,data/raw/ravdess/audio_speech/Audio_Speech_Actors_01-24/Actor_04/03-01-04-01-01-01-04.wav,3,sad,/home/tonyhe/ravdess_avfusion/external/audio_ser_speechbrain/speechbrain-develop-main/outputs/embeddings_ECAPA/train/03-01-04-01-01-01-04.npy,96,02-01-04-01-01-01-04,data/raw/ravdess/video_speech/Video_Speech_Actor_04/Actor_04/02-01-04-01-01-01-04.mp4,3,sad,/home/tonyhe/ravdess_avfusion/external/video_face_branch/early_fusion_facial_v2/fusion_pack_5f/sequences/02-01-04-01-01-01-04.npy,5,2048,canonical_02,canonical_02,0.14471,0.090439,0.093651,0.229454,0.088587,0.074632,0.128487,0.15004,0.016772122494876383,0.005257131485268474,0.00672869747504592,0.9411678791046143,0.008193029370158911,0.004852459253743291,0.007418708503246307,0.009609989542514085
01-04-01-01-01-05,train,5,3,sad,04,01,01,01,03-01-04-01-01-01-05,data/raw/ravdess/audio_speech/Audio_Speech_Actors_01-24/Actor_05/03-01-04-01-01-01-05.wav,3,sad,/home/tonyhe/ravdess_avfusion/external/audio_ser_speechbrain/speechbrain-develop-main/outputs/embeddings_ECAPA/train/03-01-04-01-01-01-05.npy,96,02-01-04-01-01-01-05,data/raw/ravdess/video_speech/Video_Speech_Actor_05/Actor_05/02-01-04-01-01-01-05.mp4,3,sad,/home/tonyhe/ravdess_avfusion/external/video_face_branch/early_fusion_facial_v2/fusion_pack_5f/sequences/02-01-04-01-01-01-05.npy,5,2048,canonical_02,canonical_02,0.162037,0.152111,0.083031,0.20591,0.071515,0.110933,0.109919,0.104543,0.021706036105751992,0.010945752263069153,0.012005358375608921,0.9075237870216369,0.009788492880761623,0.009303654637187719,0.015391796454787254,0.013335092179477214
01-04-01-01-01-06,train,6,3,sad,04,01,01,01,03-01-04-01-01-01-06,data/raw/ravdess/audio_speech/Audio_Speech_Actors_01-24/Actor_06/03-01-04-01-01-01-06.wav,3,sad,/home/tonyhe/ravdess_avfusion/external/audio_ser_speechbrain/speechbrain-develop-main/outputs/embeddings_ECAPA/train/03-01-04-01-01-01-06.npy,96,02-01-04-01-01-01-06,data/raw/ravdess/video_speech/Video_Speech_Actor_06/Actor_06/02-01-04-01-01-01-06.mp4,3,sad,/home/tonyhe/ravdess_avfusion/external/video_face_branch/early_fusion_facial_v2/fusion_pack_5f/sequences/02-01-04-01-01-01-06.npy,5,2048,canonical_02,canonical_02,0.142342,0.116367,0.108395,0.230902,0.0936,0.131828,0.079921,0.096644,0.02842257618904114,0.008961716201156378,0.011520147696137429,0.9126484751701355,0.0075311786495149136,0.009947081841528416,0.011085387971252202,0.00988345518708229
01-04-01-01-01-07,train,7,3,sad,04,01,01,01,03-01-04-01-01-01-07,data/raw/ravdess/audio_speech/Audio_Speech_Actors_01-24/Actor_07/03-01-04-01-01-01-07.wav,3,sad,/home/tonyhe/ravdess_avfusion/external/audio_ser_speechbrain/speechbrain-develop-main/outputs/embeddings_ECAPA/train/03-01-04-01-01-01-07.npy,96,02-01-04-01-01-01-07,data/raw/ravdess/video_speech/Video_Speech_Actor_07/Actor_07/02-01-04-01-01-01-07.mp4,3,sad,/home/tonyhe/ravdess_avfusion/external/video_face_branch/early_fusion_facial_v2/fusion_pack_5f/sequences/02-01-04-01-01-01-07.npy,5,2048,canonical_02,canonical_02,0.142021,0.127175,0.125152,0.243094,0.085237,0.107667,0.082756,0.086898,0.020756927877664567,0.013700323738157749,0.014240840449929237,0.9004398584365845,0.009664634894579648,0.011517798248678445,0.01770322844386101,0.011976413428783417
01-04-01-01-01-08,train,8,3,sad,04,01,01,01,03-01-04-01-01-01-08,data/raw/ravdess/audio_speech/Audio_Speech_Actors_01-24/Actor_08/03-01-04-01-01-01-08.wav,3,sad,/home/tonyhe/ravdess_avfusion/external/audio_ser_speechbrain/speechbrain-develop-main/outputs/embeddings_ECAPA/train/03-01-04-01-01-01-08.npy,96,02-01-04-01-01-01-08,data/raw/ravdess/video_speech/Video_Speech_Actor_08/Actor_08/02-01-04-01-01-01-08.mp4,3,sad,/home/tonyhe/ravdess_avfusion/external/video_face_branch/early_fusion_facial_v2/fusion_pack_5f/sequences/02-01-04-01-01-01-08.npy,5,2048,canonical_02,canonical_02,0.132059,0.104874,0.089403,0.239039,0.09005,0.089631,0.144039,0.110905,0.013788333721458912,0.00786500284448266,0.00664107408374548,0.9386761784553528,0.008874993678182364,0.0059552183374762535,0.006958951149135828,0.011240268684923648
01-04-01-01-01-09,train,9,3,sad,04,01,01,01,03-01-04-01-01-01-09,data/raw/ravdess/audio_speech/Audio_Speech_Actors_01-24/Actor_09/03-01-04-01-01-01-09.wav,3,sad,/home/tonyhe/ravdess_avfusion/external/audio_ser_speechbrain/speechbrain-develop-main/outputs/embeddings_ECAPA/train/03-01-04-01-01-01-09.npy,96,02-01-04-01-01-01-09,data/raw/ravdess/video_speech/Video_Speech_Actor_09/Actor_09/02-01-04-01-01-01-09.mp4,3,sad,/home/tonyhe/ravdess_avfusion/external/video_face_branch/early_fusion_facial_v2/fusion_pack_5f/sequences/02-01-04-01-01-01-09.npy,5,2048,canonical_02,canonical_02,0.158926,0.083216,0.098393,0.247612,0.089594,0.099127,0.11595,0.107182,0.022899601981043814,0.008968907967209816,0.009498128201812506,0.9091187238693237,0.011006773822009564,0.010590009763836861,0.013226267509162426,0.01469157300889492
01-04-01-01-01-10,train,10,3,sad,04,01,01,01,03-01-04-01-01-01-10,data/raw/ravdess/audio_speech/Audio_Speech_Actors_01-24/Actor_10/03-01-04-01-01-01-10.wav,3,sad,/home/tonyhe/ravdess_avfusion/external/audio_ser_speechbrain/speechbrain-develop-main/outputs/embeddings_ECAPA/train/03-01-04-01-01-01-10.npy,96,02-01-04-01-01-01-10,data/raw/ravdess/video_speech/Video_Speech_Actor_10/Actor_10/02-01-04-01-01-01-10.mp4,3,sad,/home/tonyhe/ravdess_avfusion/external/video_face_branch/early_fusion_facial_v2/fusion_pack_5f/sequences/02-01-04-01-01-01-10.npy,5,2048,canonical_02,canonical_02,0.133741,0.10894,0.077706,0.238643,0.084704,0.112221,0.110882,0.133162,0.019814658910036087,0.011944139003753662,0.01069148201495409,0.9079542756080627,0.009606494382023812,0.013664694875478745,0.013612175360321999,0.012712055258452893
01-04-01-01-01-11,train,11,3,sad,04,01,01,01,03-01-04-01-01-01-11,data/raw/ravdess/audio_speech/Audio_Speech_Actors_01-24/Actor_11/03-01-04-01-01-01-11.wav,3,sad,/home/tonyhe/ravdess_avfusion/external/audio_ser_speechbrain/speechbrain-develop-main/outputs/embeddings_ECAPA/train/03-01-04-01-01-01-11.npy,96,02-01-04-01-01-01-11,data/raw/ravdess/video_speech/Video_Speech_Actor_11/Actor_11/02-01-04-01-01-01-11.mp4,3,sad,/home/tonyhe/ravdess_avfusion/external/video_face_branch/early_fusion_facial_v2/fusion_pack_5f/sequences/02-01-04-01-01-01-11.npy,5,2048,canonical_02,canonical_02,0.115444,0.085969,0.13735,0.238703,0.075821,0.102759,0.106412,0.137544,0.016835156455636026,0.010057960264384746,0.009027935471385718,0.9046195149421692,0.00858039865270257,0.007525527663528919,0.01038531083613634,0.03296822421252728
01-04-01-01-01-12,train,12,3,sad,04,01,01,01,03-01-04-01-01-01-12,data/raw/ravdess/audio_speech/Audio_Speech_Actors_01-24/Actor_12/03-01-04-01-01-01-12.wav,3,sad,/home/tonyhe/ravdess_avfusion/external/audio_ser_speechbrain/speechbrain-develop-main/outputs/embeddings_ECAPA/train/03-01-04-01-01-01-12.npy,96,02-01-04-01-01-01-12,data/raw/ravdess/video_speech/Video_Speech_Actor_12/Actor_12/02-01-04-01-01-01-12.mp4,3,sad,/home/tonyhe/ravdess_avfusion/external/video_face_branch/early_fusion_facial_v2/fusion_pack_5f/sequences/02-01-04-01-01-01-12.npy,5,2048,canonical_02,canonical_02,0.143295,0.081116,0.142007,0.23989,0.094012,0.086969,0.113293,0.099418,0.031429683044552806,0.009191163815557957,0.011924063600599766,0.8978271603584289,0.013458612374961376,0.008009493164718152,0.01849633436650038,0.009663494862616062
01-04-01-01-01-13,train,13,3,sad,04,01,01,01,03-01-04-01-01-01-13,data/raw/ravdess/audio_speech/Audio_Speech_Actors_01-24/Actor_13/03-01-04-01-01-01-13.wav,3,sad,/home/tonyhe/ravdess_avfusion/external/audio_ser_speechbrain/speechbrain-develop-main/outputs/embeddings_ECAPA/train/03-01-04-01-01-01-13.npy,96,02-01-04-01-01-01-13,data/raw/ravdess/video_speech/Video_Speech_Actor_13/Actor_13/02-01-04-01-01-01-13.mp4,3,sad,/home/tonyhe/ravdess_avfusion/external/video_face_branch/early_fusion_facial_v2/fusion_pack_5f/sequences/02-01-04-01-01-01-13.npy,5,2048,canonical_02,canonical_02,0.177111,0.10793,0.085951,0.208826,0.08065,0.082946,0.151378,0.105208,0.01907959971576929,0.00981570389121771,0.010450408048927783,0.9142051458358764,0.011830727756023406,0.0098957777954638,0.012682302109897136,0.012040319666266442
01-04-01-01-01-14,train,14,3,sad,04,01,01,01,03-01-04-01-01-01-14,data/raw/ravdess/audio_speech/Audio_Speech_Actors_01-24/Actor_14/03-01-04-01-01-01-14.wav,3,sad,/home/tonyhe/ravdess_avfusion/external/audio_ser_speechbrain/speechbrain-develop-main/outputs/embeddings_ECAPA/train/03-01-04-01-01-01-14.npy,96,02-01-04-01-01-01-14,data/raw/ravdess/video_speech/Video_Speech_Actor_14/Actor_14/02-01-04-01-01-01-14.mp4,3,sad,/home/tonyhe/ravdess_avfusion/external/video_face_branch/early_fusion_facial_v2/fusion_pack_5f/sequences/02-01-04-01-01-01-14.npy,5,2048,canonical_02,canonical_02,0.143311,0.077431,0.094751,0.235663,0.079774,0.105165,0.124154,0.139752,0.020589171536266805,0.009242832567542792,0.009289762657135724,0.9218756914138794,0.012368894834071397,0.0074018117040395735,0.010912594012916088,0.008319238107651472
01-04-01-01-01-15,train,15,3,sad,04,01,01,01,03-01-04-01-01-01-15,data/raw/ravdess/audio_speech/Audio_Speech_Actors_01-24/Actor_15/03-01-04-01-01-01-15.wav,3,sad,/home/tonyhe/ravdess_avfusion/external/audio_ser_speechbrain/speechbrain-develop-main/outputs/embeddings_ECAPA/train/03-01-04-01-01-01-15.npy,96,02-01-04-01-01-01-15,data/raw/ravdess/video_speech/Video_Speech_Actor_15/Actor_15/02-01-04-01-01-01-15.mp4,3,sad,/home/tonyhe/ravdess_avfusion/data/processed/video/backfill_actor15/sequence_embeddings_5f/train/02-01-04-01-01-01-15.npy,5,2048,backfill_actor15,backfill_actor15,0.126283,0.0944,0.084646,0.244904,0.081731,0.097591,0.121852,0.148594,0.07890355587005615,0.0115505987778306,0.016057945787906647,0.8375207781791687,0.02327023819088936,0.00440126471221447,0.015415770933032036,0.012879888527095318
01-04-01-01-01-16,train,16,3,sad,04,01,01,01,03-01-04-01-01-01-16,data/raw/ravdess/audio_speech/Audio_Speech_Actors_01-24/Actor_16/03-01-04-01-01-01-16.wav,3,sad,/home/tonyhe/ravdess_avfusion/external/audio_ser_speechbrain/speechbrain-develop-main/outputs/embeddings_ECAPA/train/03-01-04-01-01-01-16.npy,96,02-01-04-01-01-01-16,data/raw/ravdess/video_speech/Video_Speech_Actor_16/Actor_16/02-01-04-01-01-01-16.mp4,3,sad,/home/tonyhe/ravdess_avfusion/external/video_face_branch/early_fusion_facial_v2/fusion_pack_5f/sequences/02-01-04-01-01-01-16.npy,5,2048,canonical_02,canonical_02,0.119599,0.096782,0.12157,0.227916,0.074266,0.080458,0.123203,0.156207,0.024403178319334983,0.013345478568226099,0.009782707318663597,0.9122553825378418,0.00895905918441713,0.007144204247742892,0.012385087460279465,0.011724897474050523
01-04-01-01-02-01,train,1,3,sad,04,01,01,02,03-01-04-01-01-02-01,data/raw/ravdess/audio_speech/Audio_Speech_Actors_01-24/Actor_01/03-01-04-01-01-02-01.wav,3,sad,/home/tonyhe/ravdess_avfusion/external/audio_ser_speechbrain/speechbrain-develop-main/outputs/embeddings_ECAPA/train/03-01-04-01-01-02-01.npy,96,02-01-04-01-01-02-01,data/raw/ravdess/video_speech/Video_Speech_Actor_01/Actor_01/02-01-04-01-01-02-01.mp4,3,sad,/home/tonyhe/ravdess_avfusion/external/video_face_branch/early_fusion_facial_v2/fusion_pack_5f/sequences/02-01-04-01-01-02-01.npy,5,2048,canonical_02,canonical_02,0.159462,0.101033,0.098596,0.224209,0.075657,0.081313,0.138241,0.121489,0.01862493623048067,0.012908302992582322,0.008985481830313802,0.9165517091751099,0.009346339851617813,0.0054900511400774125,0.012812952790409327,0.015280226152390242
01-04-01-01-02-02,train,2,3,sad,04,01,01,02,03-01-04-01-01-02-02,data/raw/ravdess/audio_speech/Audio_Speech_Actors_01-24/Actor_02/03-01-04-01-01-02-02.wav,3,sad,/home/tonyhe/ravdess_avfusion/external/audio_ser_speechbrain/speechbrain-develop-main/outputs/embeddings_ECAPA/train/03-01-04-01-01-02-02.npy,96,02-01-04-01-01-02-02,data/raw/ravdess/video_speech/Video_Speech_Actor_02/Actor_02/02-01-04-01-01-02-02.mp4,3,sad,/home/tonyhe/ravdess_avfusion/external/video_face_branch/early_fusion_facial_v2/fusion_pack_5f/sequences/02-01-04-01-01-02-02.npy,5,2048,canonical_02,canonical_02,0.150141,0.101729,0.106133,0.259863,0.094586,0.092122,0.100009,0.095418,0.024142184108495713,0.009545242786407471,0.011492841504514217,0.9133503556251525,0.010220881458371878,0.009464274160563946,0.011390629969537259,0.010393594484776258
01-04-01-01-02-03,train,3,3,sad,04,01,01,02,03-01-04-01-01-02-03,data/raw/ravdess/audio_speech/Audio_Speech_Actors_01-24/Actor_03/03-01-04-01-01-02-03.wav,3,sad,/home/tonyhe/ravdess_avfusion/external/audio_ser_speechbrain/speechbrain-develop-main/outputs/embeddings_ECAPA/train/03-01-04-01-01-02-03.npy,96,02-01-04-01-01-02-03,data/raw/ravdess/video_speech/Video_Speech_Actor_03/Actor_03/02-01-04-01-01-02-03.mp4,3,sad,/home/tonyhe/ravdess_avfusion/external/video_face_branch/early_fusion_facial_v2/fusion_pack_5f/sequences/02-01-04-01-01-02-03.npy,5,2048,canonical_02,canonical_02,0.137866,0.12253,0.084227,0.25746,0.102755,0.093816,0.105406,0.095939,0.021276994980871676,0.012718582712113857,0.011342227831482888,0.8999706983566285,0.012223352678120136,0.00858726566657424,0.015191229060292244,0.0186896251514554
01-04-01-01-02-04,train,4,3,sad,04,01,01,02,03-01-04-01-01-02-04,data/raw/ravdess/audio_speech/Audio_Speech_Actors_01-24/Actor_04/03-01-04-01-01-02-04.wav,3,sad,/home/tonyhe/ravdess_avfusion/external/audio_ser_speechbrain/speechbrain-develop-main/outputs/embeddings_ECAPA/train/03-01-04-01-01-02-04.npy,96,02-01-04-01-01-02-04,data/raw/ravdess/video_speech/Video_Speech_Actor_04/Actor_04/02-01-04-01-01-02-04.mp4,3,sad,/home/tonyhe/ravdess_avfusion/external/video_face_branch/early_fusion_facial_v2/fusion_pack_5f/sequences/02-01-04-01-01-02-04.npy,5,2048,canonical_02,canonical_02,0.128846,0.094785,0.097838,0.23334,0.099586,0.079655,0.097354,0.168597,0.017713314294815062,0.008146812580525875,0.008173980750143528,0.8665213942527771,0.008558006770908833,0.07014594096690416,0.011491878423839808,0.009248714242130519
01-04-01-01-02-05,train,5,3,sad,04,01,01,02,03-01-04-01-01-02-05,data/raw/ravdess/audio_speech/Audio_Speech_Actors_01-24/Actor_05/03-01-04-01-01-02-05.wav,3,sad,/home/tonyhe/ravdess_avfusion/external/audio_ser_speechbrain/speechbrain-develop-main/outputs/embeddings_ECAPA/train/03-01-04-01-01-02-05.npy,96,02-01-04-01-01-02-05,data/raw/ravdess/video_speech/Video_Speech_Actor_05/Actor_05/02-01-04-01-01-02-05.mp4,3,sad,/home/tonyhe/ravdess_avfusion/external/video_face_branch/early_fusion_facial_v2/fusion_pack_5f/sequences/02-01-04-01-01-02-05.npy,5,2048,canonical_02,canonical_02,0.135576,0.138839,0.076416,0.217888,0.10059,0.138019,0.113142,0.07953,0.01955549567937851,0.011629102006554603,0.010249549522995949,0.9154985666275024,0.01038755802437663,0.008829566650092602,0.013550501316785812,0.010299618169665337
01-04-01-01-02-06,train,6,3,sad,04,01,01,02,03-01-04-01-01-02-06,data/raw/ravdess/audio_speech/Audio_Speech_Actors_01-24/Actor_06/03-01-04-01-01-02-06.wav,3,sad,/home/tonyhe/ravdess_avfusion/external/audio_ser_speechbrain/speechbrain-develop-main/outputs/embeddings_ECAPA/train/03-01-04-01-01-02-06.npy,96,02-01-04-01-01-02-06,data/raw/ravdess/video_speech/Video_Speech_Actor_06/Actor_06/02-01-04-01-01-02-06.mp4,3,sad,/home/tonyhe/ravdess_avfusion/external/video_face_branch/early_fusion_facial_v2/fusion_pack_5f/sequences/02-01-04-01-01-02-06.npy,5,2048,canonical_02,canonical_02,0.154584,0.103515,0.102151,0.216661,0.117377,0.151144,0.075239,0.079329,0.024928205460309983,0.007601624820381403,0.00940132448449731,0.9068160891532898,0.00624214606359601,0.023020212911069392,0.010044489987194538,0.011945931240916252
01-04-01-01-02-07,train,7,3,sad,04,01,01,02,03-01-04-01-01-02-07,data/raw/ravdess/audio_speech/Audio_Speech_Actors_01-24/Actor_07/03-01-04-01-01-02-07.wav,3,sad,/home/tonyhe/ravdess_avfusion/external/audio_ser_speechbrain/speechbrain-develop-main/outputs/embeddings_ECAPA/train/03-01-04-01-01-02-07.npy,96,02-01-04-01-01-02-07,data/raw/ravdess/video_speech/Video_Speech_Actor_07/Actor_07/02-01-04-01-01-02-07.mp4,3,sad,/home/tonyhe/ravdess_avfusion/external/video_face_branch/early_fusion_facial_v2/fusion_pack_5f/sequences/02-01-04-01-01-02-07.npy,5,2048,canonical_02,canonical_02,0.148472,0.122359,0.102201,0.248075,0.076099,0.093855,0.092655,0.116285,0.023459998518228532,0.01087362002581358,0.01090206801891327,0.9066142678260803,0.010282712243497371,0.009738318622112274,0.01710551045835018,0.011023464985191822
01-04-01-01-02-08,train,8,3,sad,04,01,01,02,03-01-04-01-01-02-08,data/raw/ravdess/audio_speech/Audio_Speech_Actors_01-24/Actor_08/03-01-04-01-01-02-08.wav,3,sad,/home/tonyhe/ravdess_avfusion/external/audio_ser_speechbrain/speechbrain-develop-main/outputs/embeddings_ECAPA/train/03-01-04-01-01-02-08.npy,96,02-01-04-01-01-02-08,data/raw/ravdess/video_speech/Video_Speech_Actor_08/Actor_08/02-01-04-01-01-02-08.mp4,3,sad,/home/tonyhe/ravdess_avfusion/external/video_face_branch/early_fusion_facial_v2/fusion_pack_5f/sequences/02-01-04-01-01-02-08.npy,5,2048,canonical_02,canonical_02,0.149728,0.12058,0.089808,0.254011,0.086769,0.094367,0.110782,0.093954,0.020718739181756974,0.011069456487894059,0.010265340935438872,0.9133423209190369,0.014819992706179619,0.008287606481462716,0.008121953811496496,0.01337460521608591
01-04-01-01-02-09,train,9,3,sad,04,01,01,02,03-01-04-01-01-02-09,data/raw/ravdess/audio_speech/Audio_Speech_Actors_01-24/Actor_09/03-01-04-01-01-02-09.wav,3,sad,/home/tonyhe/ravdess_avfusion/external/audio_ser_speechbrain/speechbrain-develop-main/outputs/embeddings_ECAPA/train/03-01-04-01-01-02-09.npy,96,02-01-04-01-01-02-09,data/raw/ravdess/video_speech/Video_Speech_Actor_09/Actor_09/02-01-04-01-01-02-09.mp4,3,sad,/home/tonyhe/ravdess_avfusion/external/video_face_branch/early_fusion_facial_v2/fusion_pack_5f/sequences/02-01-04-01-01-02-09.npy,5,2048,canonical_02,canonical_02,0.131495,0.131012,0.110996,0.247265,0.087923,0.112985,0.074552,0.103772,0.024050940945744514,0.012312611937522889,0.01026712954044342,0.9041478037834167,0.010165306273847818,0.008436667267233133,0.01640143245458603,0.014218124933540821
01-04-01-01-02-10,train,10,3,sad,04,01,01,02,03-01-04-01-01-02-10,data/raw/ravdess/audio_speech/Audio_Speech_Actors_01-24/Actor_10/03-01-04-01-01-02-10.wav,3,sad,/home/tonyhe/ravdess_avfusion/external/audio_ser_speechbrain/speechbrain-develop-main/outputs/embeddings_ECAPA/train/03-01-04-01-01-02-10.npy,96,02-01-04-01-01-02-10,data/raw/ravdess/video_speech/Video_Speech_Actor_10/Actor_10/02-01-04-01-01-02-10.mp4,3,sad,/home/tonyhe/ravdess_avfusion/external/video_face_branch/early_fusion_facial_v2/fusion_pack_5f/sequences/02-01-04-01-01-02-10.npy,5,2048,canonical_02,canonical_02,0.113307,0.121496,0.081205,0.228968,0.103412,0.135035,0.12728,0.089297,0.024368917942047118,0.009030363894999028,0.010098492447286844,0.901345431804657,0.008500152733176947,0.024270140938460825,0.010231542028486728,0.012154965382069349
01-04-01-01-02-11,train,11,3,sad,04,01,01,02,03-01-04-01-01-02-11,data/raw/ravdess/audio_speech/Audio_Speech_Actors_01-24/Actor_11/03-01-04-01-01-02-11.wav,3,sad,/home/tonyhe/ravdess_avfusion/external/audio_ser_speechbrain/speechbrain-develop-main/outputs/embeddings_ECAPA/train/03-01-04-01-01-02-11.npy,96,02-01-04-01-01-02-11,data/raw/ravdess/video_speech/Video_Speech_Actor_11/Actor_11/02-01-04-01-01-02-11.mp4,3,sad,/home/tonyhe/ravdess_avfusion/external/video_face_branch/early_fusion_facial_v2/fusion_pack_5f/sequences/02-01-04-01-01-02-11.npy,5,2048,canonical_02,canonical_02,0.141245,0.111669,0.088731,0.235606,0.110627,0.107504,0.127831,0.076786,0.018689461052417755,0.00992757137864828,0.00881037600338459,0.924333918094635,0.007852128520607949,0.005670496542006731,0.010747803188860417,0.013968245871365071
01-04-01-01-02-12,train,12,3,sad,04,01,01,02,03-01-04-01-01-02-12,data/raw/ravdess/audio_speech/Audio_Speech_Actors_01-24/Actor_12/03-01-04-01-01-02-12.wav,3,sad,/home/tonyhe/ravdess_avfusion/external/audio_ser_speechbrain/speechbrain-develop-main/outputs/embeddings_ECAPA/train/03-01-04-01-01-02-12.npy,96,02-01-04-01-01-02-12,data/raw/ravdess/video_speech/Video_Speech_Actor_12/Actor_12/02-01-04-01-01-02-12.mp4,3,sad,/home/tonyhe/ravdess_avfusion/external/video_face_branch/early_fusion_facial_v2/fusion_pack_5f/sequences/02-01-04-01-01-02-12.npy,5,2048,canonical_02,canonical_02,0.133386,0.104616,0.115066,0.257727,0.089825,0.112429,0.09258,0.09437,0.023662051185965538,0.00849104393273592,0.009411932993680238,0.921044933795929,0.007880819868296385,0.006079355906695128,0.012364586815237999,0.011065242625772954
01-04-01-01-02-13,train,13,3,sad,04,01,01,02,03-01-04-01-01-02-13,data/raw/ravdess/audio_speech/Audio_Speech_Actors_01-24/Actor_13/03-01-04-01-01-02-13.wav,3,sad,/home/tonyhe/ravdess_avfusion/external/audio_ser_speechbrain/speechbrain-develop-main/outputs/embeddings_ECAPA/train/03-01-04-01-01-02-13.npy,96,02-01-04-01-01-02-13,data/raw/ravdess/video_speech/Video_Speech_Actor_13/Actor_13/02-01-04-01-01-02-13.mp4,3,sad,/home/tonyhe/ravdess_avfusion/external/video_face_branch/early_fusion_facial_v2/fusion_pack_5f/sequences/02-01-04-01-01-02-13.npy,5,2048,canonical_02,canonical_02,0.154368,0.096332,0.1049,0.237081,0.104738,0.10535,0.120816,0.076415,0.016204441711306573,0.010756675340235233,0.010343714524060488,0.9138237118721009,0.008818372152745724,0.015988774504512547,0.01275996770709753,0.011304347589612008
01-04-01-01-02-14,train,14,3,sad,04,01,01,02,03-01-04-01-01-02-14,data/raw/ravdess/audio_speech/Audio_Speech_Actors_01-24/Actor_14/03-01-04-01-01-02-14.wav,3,sad,/home/tonyhe/ravdess_avfusion/external/audio_ser_speechbrain/speechbrain-develop-main/outputs/embeddings_ECAPA/train/03-01-04-01-01-02-14.npy,96,02-01-04-01-01-02-14,data/raw/ravdess/video_speech/Video_Speech_Actor_14/Actor_14/02-01-04-01-01-02-14.mp4,3,sad,/home/tonyhe/ravdess_avfusion/external/video_face_branch/early_fusion_facial_v2/fusion_pack_5f/sequences/02-01-04-01-01-02-14.npy,5,2048,canonical_02,canonical_02,0.139269,0.082164,0.097944,0.24034,0.095179,0.078141,0.1168,0.150163,0.013941989466547965,0.0075143552385270596,0.007810649275779724,0.9376484632492066,0.011385366693139077,0.005156004708260298,0.009960638731718064,0.0065825332421809435
01-04-01-01-02-15,train,15,3,sad,04,01,01,02,03-01-04-01-01-02-15,data/raw/ravdess/audio_speech/Audio_Speech_Actors_01-24/Actor_15/03-01-04-01-01-02-15.wav,3,sad,/home/tonyhe/ravdess_avfusion/external/audio_ser_speechbrain/speechbrain-develop-main/outputs/embeddings_ECAPA/train/03-01-04-01-01-02-15.npy,96,02-01-04-01-01-02-15,data/raw/ravdess/video_speech/Video_Speech_Actor_15/Actor_15/02-01-04-01-01-02-15.mp4,3,sad,/home/tonyhe/ravdess_avfusion/data/processed/video/backfill_actor15/sequence_embeddings_5f/train/02-01-04-01-01-02-15.npy,5,2048,backfill_actor15,backfill_actor15,0.139692,0.109163,0.079913,0.259227,0.093052,0.11704,0.093339,0.108573,0.11082085222005844,0.017521286383271217,0.02566651441156864,0.6516889333724976,0.06715895235538483,0.026112118735909462,0.02403196692466736,0.07699944823980331
01-04-01-01-02-16,train,16,3,sad,04,01,01,02,03-01-04-01-01-02-16,data/raw/ravdess/audio_speech/Audio_Speech_Actors_01-24/Actor_16/03-01-04-01-01-02-16.wav,3,sad,/home/tonyhe/ravdess_avfusion/external/audio_ser_speechbrain/speechbrain-develop-main/outputs/embeddings_ECAPA/train/03-01-04-01-01-02-16.npy,96,02-01-04-01-01-02-16,data/raw/ravdess/video_speech/Video_Speech_Actor_16/Actor_16/02-01-04-01-01-02-16.mp4,3,sad,/home/tonyhe/ravdess_avfusion/external/video_face_branch/early_fusion_facial_v2/fusion_pack_5f/sequences/02-01-04-01-01-02-16.npy,5,2048,canonical_02,canonical_02,0.158971,0.109869,0.119898,0.241111,0.072747,0.090448,0.096147,0.110808,0.02283981889486313,0.0112742455676198,0.010819958709180354,0.9018117547035217,0.010925364680588245,0.008687460329383612,0.01486568506807089,0.01877569854259491
01-04-01-02-01-01,train,1,3,sad,04,01,02,01,03-01-04-01-02-01-01,data/raw/ravdess/audio_speech/Audio_Speech_Actors_01-24/Actor_01/03-01-04-01-02-01-01.wav,3,sad,/home/tonyhe/ravdess_avfusion/external/audio_ser_speechbrain/speechbrain-develop-main/outputs/embeddings_ECAPA/train/03-01-04-01-02-01-01.npy,96,02-01-04-01-02-01-01,data/raw/ravdess/video_speech/Video_Speech_Actor_01/Actor_01/02-01-04-01-02-01-01.mp4,3,sad,/home/tonyhe/ravdess_avfusion/external/video_face_branch/early_fusion_facial_v2/fusion_pack_5f/sequences/02-01-04-01-02-01-01.npy,5,2048,canonical_02,canonical_02,0.165314,0.143753,0.147138,0.180711,0.071282,0.07503,0.096483,0.120289,0.014763869345188141,0.007173749431967735,0.007406919170171023,0.9433400273323059,0.007667288649827242,0.00453883889131248,0.009143966902047395,0.0059653481934219595
01-04-01-02-01-02,train,2,3,sad,04,01,02,01,03-01-04-01-02-01-02,data/raw/ravdess/audio_speech/Audio_Speech_Actors_01-24/Actor_02/03-01-04-01-02-01-02.wav,3,sad,/home/tonyhe/ravdess_avfusion/external/audio_ser_speechbrain/speechbrain-develop-main/outputs/embeddings_ECAPA/train/03-01-04-01-02-01-02.npy,96,02-01-04-01-02-01-02,data/raw/ravdess/video_speech/Video_Speech_Actor_02/Actor_02/02-01-04-01-02-01-02.mp4,3,sad,/home/tonyhe/ravdess_avfusion/external/video_face_branch/early_fusion_facial_v2/fusion_pack_5f/sequences/02-01-04-01-02-01-02.npy,5,2048,canonical_02,canonical_02,0.145525,0.099369,0.122705,0.246819,0.074792,0.085325,0.104181,0.121284,0.022549636103212832,0.0076758828945457935,0.009439093619585037,0.927082633972168,0.009470268059521914,0.006896970793604851,0.008745959401130677,0.008139569964259862
01-04-01-02-01-03,train,3,3,sad,04,01,02,01,03-01-04-01-02-01-03,data/raw/ravdess/audio_speech/Audio_Speech_Actors_01-24/Actor_03/03-01-04-01-02-01-03.wav,3,sad,/home/tonyhe/ravdess_avfusion/external/audio_ser_speechbrain/speechbrain-develop-main/outputs/embeddings_ECAPA/train/03-01-04-01-02-01-03.npy,96,02-01-04-01-02-01-03,data/raw/ravdess/video_speech/Video_Speech_Actor_03/Actor_03/02-01-04-01-02-01-03.mp4,3,sad,/home/tonyhe/ravdess_avfusion/external/video_face_branch/early_fusion_facial_v2/fusion_pack_5f/sequences/02-01-04-01-02-01-03.npy,5,2048,canonical_02,canonical_02,0.102647,0.138469,0.08428,0.245719,0.104651,0.107764,0.105506,0.110965,0.022472135536372662,0.010197261348366737,0.009520783368498088,0.907958710193634,0.009922553785145283,0.008937970688566565,0.01137666841968894,0.01961392117664218
01-04-01-02-01-04,train,4,3,sad,04,01,02,01,03-01-04-01-02-01-04,data/raw/ravdess/audio_speech/Audio_Speech_Actors_01-24/Actor_04/03-01-04-01-02-01-04.wav,3,sad,/home/tonyhe/ravdess_avfusion/external/audio_ser_speechbrain/speechbrain-develop-main/outputs/embeddings_ECAPA/train/03-01-04-01-02-01-04.npy,96,02-01-04-01-02-01-04,data/raw/ravdess/video_speech/Video_Speech_Actor_04/Actor_04/02-01-04-01-02-01-04.mp4,3,sad,/home/tonyhe/ravdess_avfusion/external/video_face_branch/early_fusion_facial_v2/fusion_pack_5f/sequences/02-01-04-01-02-01-04.npy,5,2048,canonical_02,canonical_02,0.135555,0.120552,0.069724,0.232913,0.108493,0.080223,0.106907,0.145632,0.021541050262749196,0.009785947948694229,0.008436157274991274,0.9196751952171326,0.010044802445918322,0.006751174712553621,0.014006049558520316,0.00975966090336442
01-04-01-02-01-05,train,5,3,sad,04,01,02,01,03-01-04-01-02-01-05,data/raw/ravdess/audio_speech/Audio_Speech_Actors_01-24/Actor_05/03-01-04-01-02-01-05.wav,3,sad,/home/tonyhe/ravdess_avfusion/external/audio_ser_speechbrain/speechbrain-develop-main/outputs/embeddings_ECAPA/train/03-01-04-01-02-01-05.npy,96,02-01-04-01-02-01-05,data/raw/ravdess/video_speech/Video_Speech_Actor_05/Actor_05/02-01-04-01-02-01-05.mp4,3,sad,/home/tonyhe/ravdess_avfusion/external/video_face_branch/early_fusion_facial_v2/fusion_pack_5f/sequences/02-01-04-01-02-01-05.npy,5,2048,canonical_02,canonical_02,0.163437,0.103613,0.093353,0.231686,0.086437,0.123941,0.10923,0.088303,0.01493557058274746,0.010838243272155523,0.01046653389930725,0.9124276638031006,0.008384325262159108,0.0065001773647964,0.025281744077801704,0.011165725998580456
01-04-01-02-01-06,train,6,3,sad,04,01,02,01,03-01-04-01-02-01-06,data/raw/ravdess/audio_speech/Audio_Speech_Actors_01-24/Actor_06/03-01-04-01-02-01-06.wav,3,sad,/home/tonyhe/ravdess_avfusion/external/audio_ser_speechbrain/speechbrain-develop-main/outputs/embeddings_ECAPA/train/03-01-04-01-02-01-06.npy,96,02-01-04-01-02-01-06,data/raw/ravdess/video_speech/Video_Speech_Actor_06/Actor_06/02-01-04-01-02-01-06.mp4,3,sad,/home/tonyhe/ravdess_avfusion/external/video_face_branch/early_fusion_facial_v2/fusion_pack_5f/sequences/02-01-04-01-02-01-06.npy,5,2048,canonical_02,canonical_02,0.131736,0.119527,0.11023,0.253266,0.07689,0.090034,0.119269,0.099048,0.019527291133999824,0.008050286397337913,0.011068227421492337,0.9225268125534057,0.007724095974117518,0.011544459871947766,0.008842131216078996,0.010716656129807234
01-04-01-02-01-07,train,7,3,sad,04,01,02,01,03-01-04-01-02-01-07,data/raw/ravdess/audio_speech/Audio_Speech_Actors_01-24/Actor_07/03-01-04-01-02-01-07.wav,3,sad,/home/tonyhe/ravdess_avfusion/external/audio_ser_speechbrain/speechbrain-develop-main/outputs/embeddings_ECAPA/train/03-01-04-01-02-01-07.npy,96,02-01-04-01-02-01-07,data/raw/ravdess/video_speech/Video_Speech_Actor_07/Actor_07/02-01-04-01-02-01-07.mp4,3,sad,/home/tonyhe/ravdess_avfusion/external/video_face_branch/early_fusion_facial_v2/fusion_pack_5f/sequences/02-01-04-01-02-01-07.npy,5,2048,canonical_02,canonical_02,0.159484,0.122103,0.076798,0.245479,0.107951,0.077192,0.110631,0.100361,0.023237110674381257,0.008745623379945755,0.012264247611165046,0.9099426627159118,0.010806417278945445,0.008037160616368055,0.01379418969154358,0.013172596879303455
01-04-01-02-01-08,train,8,3,sad,04,01,02,01,03-01-04-01-02-01-08,data/raw/ravdess/audio_speech/Audio_Speech_Actors_01-24/Actor_08/03-01-04-01-02-01-08.wav,3,sad,/home/tonyhe/ravdess_avfusion/external/audio_ser_speechbrain/speechbrain-develop-main/outputs/embeddings_ECAPA/train/03-01-04-01-02-01-08.npy,96,02-01-04-01-02-01-08,data/raw/ravdess/video_speech/Video_Speech_Actor_08/Actor_08/02-01-04-01-02-01-08.mp4,3,sad,/home/tonyhe/ravdess_avfusion/external/video_face_branch/early_fusion_facial_v2/fusion_pack_5f/sequences/02-01-04-01-02-01-08.npy,5,2048,canonical_02,canonical_02,0.117947,0.124586,0.091617,0.25167,0.087257,0.088922,0.126788,0.111213,0.0193555423989892,0.013803493324667215,0.011157581862062216,0.9044275879859924,0.008483678754419088,0.012015347927808761,0.01279545621946454,0.017961293179541826
01-04-01-02-01-09,train,9,3,sad,04,01,02,01,03-01-04-01-02-01-09,data/raw/ravdess/audio_speech/Audio_Speech_Actors_01-24/Actor_09/03-01-04-01-02-01-09.wav,3,sad,/home/tonyhe/ravdess_avfusion/external/audio_ser_speechbrain/speechbrain-develop-main/outputs/embeddings_ECAPA/train/03-01-04-01-02-01-09.npy,96,02-01-04-01-02-01-09,data/raw/ravdess/video_speech/Video_Speech_Actor_09/Actor_09/02-01-04-01-02-01-09.mp4,3,sad,/home/tonyhe/ravdess_avfusion/external/video_face_branch/early_fusion_facial_v2/fusion_pack_5f/sequences/02-01-04-01-02-01-09.npy,5,2048,canonical_02,canonical_02,0.148646,0.098996,0.086525,0.220312,0.090854,0.082046,0.115897,0.156725,0.019183852523565293,0.009287615772336721,0.010524564981460571,0.9146099925041199,0.011214117333292962,0.01069458369165659,0.013494708947837353,0.010990562569350004
01-04-01-02-01-10,train,10,3,sad,04,01,02,01,03-01-04-01-02-01-10,data/raw/ravdess/audio_speech/Audio_Speech_Actors_01-24/Actor_10/03-01-04-01-02-01-10.wav,3,sad,/home/tonyhe/ravdess_avfusion/external/audio_ser_speechbrain/speechbrain-develop-main/outputs/embeddings_ECAPA/train/03-01-04-01-02-01-10.npy,96,02-01-04-01-02-01-10,data/raw/ravdess/video_speech/Video_Speech_Actor_10/Actor_10/02-01-04-01-02-01-10.mp4,3,sad,/home/tonyhe/ravdess_avfusion/external/video_face_branch/early_fusion_facial_v2/fusion_pack_5f/sequences/02-01-04-01-02-01-10.npy,5,2048,canonical_02,canonical_02,0.12514,0.085738,0.097002,0.256264,0.088222,0.104563,0.134579,0.108492,0.022748448699712754,0.011512200348079205,0.01206563450396061,0.9005947947502136,0.010532387159764766,0.013585716020315886,0.015566425584256648,0.013394405506551266
01-04-01-02-01-11,train,11,3,sad,04,01,02,01,03-01-04-01-02-01-11,data/raw/ravdess/audio_speech/Audio_Speech_Actors_01-24/Actor_11/03-01-04-01-02-01-11.wav,3,sad,/home/tonyhe/ravdess_avfusion/external/audio_ser_speechbrain/speechbrain-develop-main/outputs/embeddings_ECAPA/train/03-01-04-01-02-01-11.npy,96,02-01-04-01-02-01-11,data/raw/ravdess/video_speech/Video_Speech_Actor_11/Actor_11/02-01-04-01-02-01-11.mp4,3,sad,/home/tonyhe/ravdess_avfusion/external/video_face_branch/early_fusion_facial_v2/fusion_pack_5f/sequences/02-01-04-01-02-01-11.npy,5,2048,canonical_02,canonical_02,0.120337,0.10819,0.141424,0.215304,0.108162,0.102323,0.135652,0.068609,0.02081991992890835,0.010977478325366974,0.009207493998110295,0.8991020917892456,0.011621303483843803,0.01258913241326809,0.013513282127678394,0.022169299051165582
01-04-01-02-01-12,train,12,3,sad,04,01,02,01,03-01-04-01-02-01-12,data/raw/ravdess/audio_speech/Audio_Speech_Actors_01-24/Actor_12/03-01-04-01-02-01-12.wav,3,sad,/home/tonyhe/ravdess_avfusion/external/audio_ser_speechbrain/speechbrain-develop-main/outputs/embeddings_ECAPA/train/03-01-04-01-02-01-12.npy,96,02-01-04-01-02-01-12,data/raw/ravdess/video_speech/Video_Speech_Actor_12/Actor_12/02-01-04-01-02-01-12.mp4,3,sad,/home/tonyhe/ravdess_avfusion/external/video_face_branch/early_fusion_facial_v2/fusion_pack_5f/sequences/02-01-04-01-02-01-12.npy,5,2048,canonical_02,canonical_02,0.157381,0.12798,0.097736,0.236312,0.072167,0.096199,0.102461,0.109765,0.02396363392472267,0.0088105833157897,0.010777726862579584,0.9127503633499146,0.010030071903020143,0.007655445672571659,0.01577325873076916,0.010238928347826004
01-04-01-02-01-13,train,13,3,sad,04,01,02,01,03-01-04-01-02-01-13,data/raw/ravdess/audio_speech/Audio_Speech_Actors_01-24/Actor_13/03-01-04-01-02-01-13.wav,3,sad,/home/tonyhe/ravdess_avfusion/external/audio_ser_speechbrain/speechbrain-develop-main/outputs/embeddings_ECAPA/train/03-01-04-01-02-01-13.npy,96,02-01-04-01-02-01-13,data/raw/ravdess/video_speech/Video_Speech_Actor_13/Actor_13/02-01-04-01-02-01-13.mp4,3,sad,/home/tonyhe/ravdess_avfusion/external/video_face_branch/early_fusion_facial_v2/fusion_pack_5f/sequences/02-01-04-01-02-01-13.npy,5,2048,canonical_02,canonical_02,0.147971,0.13692,0.15177,0.177148,0.066219,0.072833,0.134211,0.112927,0.018974441476166247,0.008273996133357286,0.009863989055156707,0.9187164425849914,0.012575698085129261,0.010120763909071684,0.01279202289879322,0.008682674448937177
01-04-01-02-01-14,train,14,3,sad,04,01,02,01,03-01-04-01-02-01-14,data/raw/ravdess/audio_speech/Audio_Speech_Actors_01-24/Actor_14/03-01-04-01-02-01-14.wav,3,sad,/home/tonyhe/ravdess_avfusion/external/audio_ser_speechbrain/speechbrain-develop-main/outputs/embeddings_ECAPA/train/03-01-04-01-02-01-14.npy,96,02-01-04-01-02-01-14,data/raw/ravdess/video_speech/Video_Speech_Actor_14/Actor_14/02-01-04-01-02-01-14.mp4,3,sad,/home/tonyhe/ravdess_avfusion/external/video_face_branch/early_fusion_facial_v2/fusion_pack_5f/sequences/02-01-04-01-02-01-14.npy,5,2048,canonical_02,canonical_02,0.114454,0.113005,0.084992,0.243649,0.100825,0.127939,0.123769,0.091367,0.019677310436964034,0.008600126020610332,0.00915535781532526,0.9247090220451355,0.011350587289780379,0.008242265414446592,0.009450602252036333,0.008814727514982223
01-04-01-02-01-15,train,15,3,sad,04,01,02,01,03-01-04-01-02-01-15,data/raw/ravdess/audio_speech/Audio_Speech_Actors_01-24/Actor_15/03-01-04-01-02-01-15.wav,3,sad,/home/tonyhe/ravdess_avfusion/external/audio_ser_speechbrain/speechbrain-develop-main/outputs/embeddings_ECAPA/train/03-01-04-01-02-01-15.npy,96,02-01-04-01-02-01-15,data/raw/ravdess/video_speech/Video_Speech_Actor_15/Actor_15/02-01-04-01-02-01-15.mp4,3,sad,/home/tonyhe/ravdess_avfusion/data/processed/video/backfill_actor15/sequence_embeddings_5f/train/02-01-04-01-02-01-15.npy,5,2048,backfill_actor15,backfill_actor15,0.138309,0.112862,0.113708,0.250225,0.07564,0.088805,0.117975,0.102476,0.18776991963386536,0.026993373408913612,0.02082236483693123,0.6816896200180054,0.020803695544600487,0.009436278603971004,0.02501998282968998,0.02746477723121643
01-04-01-02-01-16,train,16,3,sad,04,01,02,01,03-01-04-01-02-01-16,data/raw/ravdess/audio_speech/Audio_Speech_Actors_01-24/Actor_16/03-01-04-01-02-01-16.wav,3,sad,/home/tonyhe/ravdess_avfusion/external/audio_ser_speechbrain/speechbrain-develop-main/outputs/embeddings_ECAPA/train/03-01-04-01-02-01-16.npy,96,02-01-04-01-02-01-16,data/raw/ravdess/video_speech/Video_Speech_Actor_16/Actor_16/02-01-04-01-02-01-16.mp4,3,sad,/home/tonyhe/ravdess_avfusion/external/video_face_branch/early_fusion_facial_v2/fusion_pack_5f/sequences/02-01-04-01-02-01-16.npy,5,2048,canonical_02,canonical_02,0.165523,0.103923,0.112224,0.195458,0.068261,0.095018,0.112077,0.147516,0.028844229876995087,0.032646515592932704,0.010855094343423844,0.8802701473236084,0.012259425036609173,0.006897555291652679,0.014372875727713109,0.013854199834167958
01-04-01-02-02-01,train,1,3,sad,04,01,02,02,03-01-04-01-02-02-01,data/raw/ravdess/audio_speech/Audio_Speech_Actors_01-24/Actor_01/03-01-04-01-02-02-01.wav,3,sad,/home/tonyhe/ravdess_avfusion/external/audio_ser_speechbrain/speechbrain-develop-main/outputs/embeddings_ECAPA/train/03-01-04-01-02-02-01.npy,96,02-01-04-01-02-02-01,data/raw/ravdess/video_speech/Video_Speech_Actor_01/Actor_01/02-01-04-01-02-02-01.mp4,3,sad,/home/tonyhe/ravdess_avfusion/external/video_face_branch/early_fusion_facial_v2/fusion_pack_5f/sequences/02-01-04-01-02-02-01.npy,5,2048,canonical_02,canonical_02,0.181931,0.078138,0.105183,0.218884,0.100686,0.076412,0.11179,0.126976,0.013374639675021172,0.014389929175376893,0.010373937152326106,0.9200863003730774,0.009371892455965281,0.006225141976028681,0.015352981351315974,0.010825185477733612
01-04-01-02-02-02,train,2,3,sad,04,01,02,02,03-01-04-01-02-02-02,data/raw/ravdess/audio_speech/Audio_Speech_Actors_01-24/Actor_02/03-01-04-01-02-02-02.wav,3,sad,/home/tonyhe/ravdess_avfusion/external/audio_ser_speechbrain/speechbrain-develop-main/outputs/embeddings_ECAPA/train/03-01-04-01-02-02-02.npy,96,02-01-04-01-02-02-02,data/raw/ravdess/video_speech/Video_Speech_Actor_02/Actor_02/02-01-04-01-02-02-02.mp4,3,sad,/home/tonyhe/ravdess_avfusion/external/video_face_branch/early_fusion_facial_v2/fusion_pack_5f/sequences/02-01-04-01-02-02-02.npy,5,2048,canonical_02,canonical_02,0.148272,0.12348,0.100745,0.252745,0.079558,0.081279,0.105959,0.107961,0.03239841163158417,0.00928453290835023,0.011718934401869774,0.9058067083358765,0.01399100450798869,0.007182369474321604,0.010814224183559418,0.008803787734359502
01-04-01-02-02-03,train,3,3,sad,04,01,02,02,03-01-04-01-02-02-03,data/raw/ravdess/audio_speech/Audio_Speech_Actors_01-24/Actor_03/03-01-04-01-02-02-03.wav,3,sad,/home/tonyhe/ravdess_avfusion/external/audio_ser_speechbrain/speechbrain-develop-main/outputs/embeddings_ECAPA/train/03-01-04-01-02-02-03.npy,96,02-01-04-01-02-02-03,data/raw/ravdess/video_speech/Video_Speech_Actor_03/Actor_03/02-01-04-01-02-02-03.mp4,3,sad,/home/tonyhe/ravdess_avfusion/external/video_face_branch/early_fusion_facial_v2/fusion_pack_5f/sequences/02-01-04-01-02-02-03.npy,5,2048,canonical_02,canonical_02,0.126785,0.111324,0.090186,0.248755,0.084089,0.10435,0.126849,0.107663,0.0208587309345603,0.010598967876285314,0.010191565193235875,0.9013311982154846,0.011059904843568802,0.009454091638326645,0.014710780698806047,0.02179478984326124
01-04-01-02-02-04,train,4,3,sad,04,01,02,02,03-01-04-01-02-02-04,data/raw/ravdess/audio_speech/Audio_Speech_Actors_01-24/Actor_04/03-01-04-01-02-02-04.wav,3,sad,/home/tonyhe/ravdess_avfusion/external/audio_ser_speechbrain/speechbrain-develop-main/outputs/embeddings_ECAPA/train/03-01-04-01-02-02-04.npy,96,02-01-04-01-02-02-04,data/raw/ravdess/video_speech/Video_Speech_Actor_04/Actor_04/02-01-04-01-02-02-04.mp4,3,sad,/home/tonyhe/ravdess_avfusion/external/video_face_branch/early_fusion_facial_v2/fusion_pack_5f/sequences/02-01-04-01-02-02-04.npy,5,2048,canonical_02,canonical_02,0.130916,0.123264,0.077875,0.255263,0.100652,0.086699,0.10043,0.124901,0.02486575171351433,0.010678052064031362,0.008162153884768486,0.9145588874816895,0.011850600317120551,0.008579223603010177,0.011149701476097108,0.010155603382736444
01-04-01-02-02-05,train,5,3,sad,04,01,02,02,03-01-04-01-02-02-05,data/raw/ravdess/audio_speech/Audio_Speech_Actors_01-24/Actor_05/03-01-04-01-02-02-05.wav,3,sad,/home/tonyhe/ravdess_avfusion/external/audio_ser_speechbrain/speechbrain-develop-main/outputs/embeddings_ECAPA/train/03-01-04-01-02-02-05.npy,96,02-01-04-01-02-02-05,data/raw/ravdess/video_speech/Video_Speech_Actor_05/Actor_05/02-01-04-01-02-02-05.mp4,3,sad,/home/tonyhe/ravdess_avfusion/external/video_face_branch/early_fusion_facial_v2/fusion_pack_5f/sequences/02-01-04-01-02-02-05.npy,5,2048,canonical_02,canonical_02,0.156377,0.136338,0.086352,0.216095,0.102912,0.118922,0.113679,0.069324,0.016961203143000602,0.011249772273004055,0.010379253700375558,0.9139374732971192,0.010607121139764785,0.010954222828149795,0.01606239564716816,0.00984855778515339
01-04-01-02-02-06,train,6,3,sad,04,01,02,02,03-01-04-01-02-02-06,data/raw/ravdess/audio_speech/Audio_Speech_Actors_01-24/Actor_06/03-01-04-01-02-02-06.wav,3,sad,/home/tonyhe/ravdess_avfusion/external/audio_ser_speechbrain/speechbrain-develop-main/outputs/embeddings_ECAPA/train/03-01-04-01-02-02-06.npy,96,02-01-04-01-02-02-06,data/raw/ravdess/video_speech/Video_Speech_Actor_06/Actor_06/02-01-04-01-02-02-06.mp4,3,sad,/home/tonyhe/ravdess_avfusion/external/video_face_branch/early_fusion_facial_v2/fusion_pack_5f/sequences/02-01-04-01-02-02-06.npy,5,2048,canonical_02,canonical_02,0.133213,0.123354,0.107689,0.233265,0.071047,0.089212,0.129662,0.112556,0.02289673648774624,0.00929316971451044,0.009790273569524287,0.9230564713478089,0.007232139259576798,0.008140761218965054,0.010502079501748085,0.00908835856243968
01-04-01-02-02-07,train,7,3,sad,04,01,02,02,03-01-04-01-02-02-07,data/raw/ravdess/audio_speech/Audio_Speech_Actors_01-24/Actor_07/03-01-04-01-02-02-07.wav,3,sad,/home/tonyhe/ravdess_avfusion/external/audio_ser_speechbrain/speechbrain-develop-main/outputs/embeddings_ECAPA/train/03-01-04-01-02-02-07.npy,96,02-01-04-01-02-02-07,data/raw/ravdess/video_speech/Video_Speech_Actor_07/Actor_07/02-01-04-01-02-02-07.mp4,3,sad,/home/tonyhe/ravdess_avfusion/external/video_face_branch/early_fusion_facial_v2/fusion_pack_5f/sequences/02-01-04-01-02-02-07.npy,5,2048,canonical_02,canonical_02,0.146957,0.090262,0.112825,0.255905,0.092124,0.098193,0.110887,0.092846,0.024288515001535414,0.011208647675812245,0.013574724085628986,0.9003975868225098,0.012059388868510722,0.012635394744575024,0.014761623926460743,0.01107410080730915
01-04-01-02-02-08,train,8,3,sad,04,01,02,02,03-01-04-01-02-02-08,data/raw/ravdess/audio_speech/Audio_Speech_Actors_01-24/Actor_08/03-01-04-01-02-02-08.wav,3,sad,/home/tonyhe/ravdess_avfusion/external/audio_ser_speechbrain/speechbrain-develop-main/outputs/embeddings_ECAPA/train/03-01-04-01-02-02-08.npy,96,02-01-04-01-02-02-08,data/raw/ravdess/video_speech/Video_Speech_Actor_08/Actor_08/02-01-04-01-02-02-08.mp4,3,sad,/home/tonyhe/ravdess_avfusion/external/video_face_branch/early_fusion_facial_v2/fusion_pack_5f/sequences/02-01-04-01-02-02-08.npy,5,2048,canonical_02,canonical_02,0.121639,0.1099,0.078102,0.232701,0.096336,0.132508,0.117659,0.111155,0.015453639347106219,0.007480576215311885,0.007559180445969105,0.9292367935180664,0.009273808635771274,0.009505182411521674,0.013268237467855215,0.008222576091066002
01-04-01-02-02-09,train,9,3,sad,04,01,02,02,03-01-04-01-02-02-09,data/raw/ravdess/audio_speech/Audio_Speech_Actors_01-24/Actor_09/03-01-04-01-02-02-09.wav,3,sad,/home/tonyhe/ravdess_avfusion/external/audio_ser_speechbrain/speechbrain-develop-main/outputs/embeddings_ECAPA/train/03-01-04-01-02-02-09.npy,96,02-01-04-01-02-02-09,data/raw/ravdess/video_speech/Video_Speech_Actor_09/Actor_09/02-01-04-01-02-02-09.mp4,3,sad,/home/tonyhe/ravdess_avfusion/external/video_face_branch/early_fusion_facial_v2/fusion_pack_5f/sequences/02-01-04-01-02-02-09.npy,5,2048,canonical_02,canonical_02,0.159502,0.117802,0.084112,0.221064,0.106573,0.123696,0.106325,0.080925,0.023078210651874542,0.011923686973750592,0.011630607582628728,0.8923277139663697,0.012974589131772518,0.010717878490686417,0.020289318449795247,0.017058003321290018
01-04-01-02-02-10,train,10,3,sad,04,01,02,02,03-01-04-01-02-02-10,data/raw/ravdess/audio_speech/Audio_Speech_Actors_01-24/Actor_10/03-01-04-01-02-02-10.wav,3,sad,/home/tonyhe/ravdess_avfusion/external/audio_ser_speechbrain/speechbrain-develop-main/outputs/embeddings_ECAPA/train/03-01-04-01-02-02-10.npy,96,02-01-04-01-02-02-10,data/raw/ravdess/video_speech/Video_Speech_Actor_10/Actor_10/02-01-04-01-02-02-10.mp4,3,sad,/home/tonyhe/ravdess_avfusion/external/video_face_branch/early_fusion_facial_v2/fusion_pack_5f/sequences/02-01-04-01-02-02-10.npy,5,2048,canonical_02,canonical_02,0.128337,0.101278,0.079008,0.227121,0.086447,0.110864,0.155632,0.111313,0.02022642605006695,0.009008741658180951,0.009952989500015974,0.9195868134498596,0.01001986227929592,0.010398795921355486,0.010897216387093067,0.009909202437847852
01-04-01-02-02-11,train,11,3,sad,04,01,02,02,03-01-04-01-02-02-11,data/raw/ravdess/audio_speech/Audio_Speech_Actors_01-24/Actor_11/03-01-04-01-02-02-11.wav,3,sad,/home/tonyhe/ravdess_avfusion/external/audio_ser_speechbrain/speechbrain-develop-main/outputs/embeddings_ECAPA/train/03-01-04-01-02-02-11.npy,96,02-01-04-01-02-02-11,data/raw/ravdess/video_speech/Video_Speech_Actor_11/Actor_11/02-01-04-01-02-02-11.mp4,3,sad,/home/tonyhe/ravdess_avfusion/external/video_face_branch/early_fusion_facial_v2/fusion_pack_5f/sequences/02-01-04-01-02-02-11.npy,5,2048,canonical_02,canonical_02,0.109779,0.084575,0.157782,0.21059,0.074157,0.103805,0.139997,0.119315,0.01795650627464056,0.00884177228435874,0.009809022303670645,0.921383512020111,0.010997720714658498,0.006953094992786646,0.012971926294267178,0.011086413078010083
01-04-01-02-02-12,train,12,3,sad,04,01,02,02,03-01-04-01-02-02-12,data/raw/ravdess/audio_speech/Audio_Speech_Actors_01-24/Actor_12/03-01-04-01-02-02-12.wav,3,sad,/home/tonyhe/ravdess_avfusion/external/audio_ser_speechbrain/speechbrain-develop-main/outputs/embeddings_ECAPA/train/03-01-04-01-02-02-12.npy,96,02-01-04-01-02-02-12,data/raw/ravdess/video_speech/Video_Speech_Actor_12/Actor_12/02-01-04-01-02-02-12.mp4,3,sad,/home/tonyhe/ravdess_avfusion/external/video_face_branch/early_fusion_facial_v2/fusion_pack_5f/sequences/02-01-04-01-02-02-12.npy,5,2048,canonical_02,canonical_02,0.129033,0.084896,0.120506,0.24343,0.089095,0.086515,0.1454,0.101126,0.019278350472450256,0.007370705809444189,0.008657262474298478,0.9288138747215271,0.00977397859096527,0.005545999761670828,0.012657495401799678,0.007902347203344106
01-04-01-02-02-13,train,13,3,sad,04,01,02,02,03-01-04-01-02-02-13,data/raw/ravdess/audio_speech/Audio_Speech_Actors_01-24/Actor_13/03-01-04-01-02-02-13.wav,3,sad,/home/tonyhe/ravdess_avfusion/external/audio_ser_speechbrain/speechbrain-develop-main/outputs/embeddings_ECAPA/train/03-01-04-01-02-02-13.npy,96,02-01-04-01-02-02-13,data/raw/ravdess/video_speech/Video_Speech_Actor_13/Actor_13/02-01-04-01-02-02-13.mp4,3,sad,/home/tonyhe/ravdess_avfusion/external/video_face_branch/early_fusion_facial_v2/fusion_pack_5f/sequences/02-01-04-01-02-02-13.npy,5,2048,canonical_02,canonical_02,0.156009,0.110293,0.122156,0.241284,0.077606,0.101458,0.109019,0.082175,0.01546958964318037,0.008359910547733307,0.009181406442075967,0.9231467485427857,0.009255066979676485,0.010116556473076344,0.014617420360445976,0.009853263944387436
01-04-01-02-02-14,train,14,3,sad,04,01,02,02,03-01-04-01-02-02-14,data/raw/ravdess/audio_speech/Audio_Speech_Actors_01-24/Actor_14/03-01-04-01-02-02-14.wav,3,sad,/home/tonyhe/ravdess_avfusion/external/audio_ser_speechbrain/speechbrain-develop-main/outputs/embeddings_ECAPA/train/03-01-04-01-02-02-14.npy,96,02-01-04-01-02-02-14,data/raw/ravdess/video_speech/Video_Speech_Actor_14/Actor_14/02-01-04-01-02-02-14.mp4,3,sad,/home/tonyhe/ravdess_avfusion/external/video_face_branch/early_fusion_facial_v2/fusion_pack_5f/sequences/02-01-04-01-02-02-14.npy,5,2048,canonical_02,canonical_02,0.116447,0.098261,0.120523,0.260109,0.077304,0.113096,0.108909,0.105351,0.02215624451637268,0.011838873103260993,0.01025698659941554,0.9111327648162841,0.014972504787147045,0.007429365115240216,0.012386089935898782,0.009827138110995292
01-04-01-02-02-15,train,15,3,sad,04,01,02,02,03-01-04-01-02-02-15,data/raw/ravdess/audio_speech/Audio_Speech_Actors_01-24/Actor_15/03-01-04-01-02-02-15.wav,3,sad,/home/tonyhe/ravdess_avfusion/external/audio_ser_speechbrain/speechbrain-develop-main/outputs/embeddings_ECAPA/train/03-01-04-01-02-02-15.npy,96,02-01-04-01-02-02-15,data/raw/ravdess/video_speech/Video_Speech_Actor_15/Actor_15/02-01-04-01-02-02-15.mp4,3,sad,/home/tonyhe/ravdess_avfusion/data/processed/video/backfill_actor15/sequence_embeddings_5f/train/02-01-04-01-02-02-15.npy,5,2048,backfill_actor15,backfill_actor15,0.110885,0.111871,0.083169,0.231226,0.082597,0.094626,0.129561,0.156065,0.1781194806098938,0.18857622146606445,0.016144413501024246,0.535291314125061,0.013884114101529121,0.02451036125421524,0.029172107577323914,0.0143019650131464
01-04-01-02-02-16,train,16,3,sad,04,01,02,02,03-01-04-01-02-02-16,data/raw/ravdess/audio_speech/Audio_Speech_Actors_01-24/Actor_16/03-01-04-01-02-02-16.wav,3,sad,/home/tonyhe/ravdess_avfusion/external/audio_ser_speechbrain/speechbrain-develop-main/outputs/embeddings_ECAPA/train/03-01-04-01-02-02-16.npy,96,02-01-04-01-02-02-16,data/raw/ravdess/video_speech/Video_Speech_Actor_16/Actor_16/02-01-04-01-02-02-16.mp4,3,sad,/home/tonyhe/ravdess_avfusion/external/video_face_branch/early_fusion_facial_v2/fusion_pack_5f/sequences/02-01-04-01-02-02-16.npy,5,2048,canonical_02,canonical_02,0.137456,0.124597,0.137039,0.201654,0.060216,0.097051,0.113225,0.128761,0.02270394004881382,0.010632175114005804,0.010374121740460396,0.9065783977508545,0.011492244154214858,0.01071101063862443,0.013350209034979344,0.01415792815387249
01-04-02-01-01-01,train,1,3,sad,04,02,01,01,03-01-04-02-01-01-01,data/raw/ravdess/audio_speech/Audio_Speech_Actors_01-24/Actor_01/03-01-04-02-01-01-01.wav,3,sad,/home/tonyhe/ravdess_avfusion/external/audio_ser_speechbrain/speechbrain-develop-main/outputs/embeddings_ECAPA/train/03-01-04-02-01-01-01.npy,96,02-01-04-02-01-01-01,data/raw/ravdess/video_speech/Video_Speech_Actor_01/Actor_01/02-01-04-02-01-01-01.mp4,3,sad,/home/tonyhe/ravdess_avfusion/external/video_face_branch/early_fusion_facial_v2/fusion_pack_5f/sequences/02-01-04-02-01-01-01.npy,5,2048,canonical_02,canonical_02,0.124014,0.095815,0.133237,0.238967,0.074943,0.096543,0.103398,0.133083,0.015544066205620766,0.00781131936237216,0.00743888234719634,0.9297036290168762,0.006817482598125935,0.006414436642080546,0.01584709184244275,0.010423109866678715
01-04-02-01-01-02,train,2,3,sad,04,02,01,01,03-01-04-02-01-01-02,data/raw/ravdess/audio_speech/Audio_Speech_Actors_01-24/Actor_02/03-01-04-02-01-01-02.wav,3,sad,/home/tonyhe/ravdess_avfusion/external/audio_ser_speechbrain/speechbrain-develop-main/outputs/embeddings_ECAPA/train/03-01-04-02-01-01-02.npy,96,02-01-04-02-01-01-02,data/raw/ravdess/video_speech/Video_Speech_Actor_02/Actor_02/02-01-04-02-01-01-02.mp4,3,sad,/home/tonyhe/ravdess_avfusion/external/video_face_branch/early_fusion_facial_v2/fusion_pack_5f/sequences/02-01-04-02-01-01-02.npy,5,2048,canonical_02,canonical_02,0.108094,0.094913,0.120932,0.251182,0.078723,0.139835,0.091196,0.115124,0.019632940366864204,0.00997356865555048,0.010508385207504033,0.9211803793907165,0.008082807110622526,0.009914015140384435,0.010951508674770594,0.009756433498114347
01-04-02-01-01-03,train,3,3,sad,04,02,01,01,03-01-04-02-01-01-03,data/raw/ravdess/audio_speech/Audio_Speech_Actors_01-24/Actor_03/03-01-04-02-01-01-03.wav,3,sad,/home/tonyhe/ravdess_avfusion/external/audio_ser_speechbrain/speechbrain-develop-main/outputs/embeddings_ECAPA/train/03-01-04-02-01-01-03.npy,96,02-01-04-02-01-01-03,data/raw/ravdess/video_speech/Video_Speech_Actor_03/Actor_03/02-01-04-02-01-01-03.mp4,3,sad,/home/tonyhe/ravdess_avfusion/external/video_face_branch/early_fusion_facial_v2/fusion_pack_5f/sequences/02-01-04-02-01-01-03.npy,5,2048,canonical_02,canonical_02,0.150796,0.07606,0.122057,0.237899,0.102876,0.070561,0.113555,0.126195,0.02114384211599827,0.00838846554979682,0.012815441377460957,0.9067144632339478,0.010793766565620899,0.01018291749060154,0.021108298003673552,0.008852805569767952
01-04-02-01-01-04,train,4,3,sad,04,02,01,01,03-01-04-02-01-01-04,data/raw/ravdess/audio_speech/Audio_Speech_Actors_01-24/Actor_04/03-01-04-02-01-01-04.wav,3,sad,/home/tonyhe/ravdess_avfusion/external/audio_ser_speechbrain/speechbrain-develop-main/outputs/embeddings_ECAPA/train/03-01-04-02-01-01-04.npy,96,02-01-04-02-01-01-04,data/raw/ravdess/video_speech/Video_Speech_Actor_04/Actor_04/02-01-04-02-01-01-04.mp4,3,sad,/home/tonyhe/ravdess_avfusion/external/video_face_branch/early_fusion_facial_v2/fusion_pack_5f/sequences/02-01-04-02-01-01-04.npy,5,2048,canonical_02,canonical_02,0.125904,0.099136,0.108263,0.272994,0.097825,0.103842,0.084612,0.107425,0.02548810876905918,0.01222314704209566,0.009986741561442613,0.9047529458999634,0.009561332408338785,0.00801314003765583,0.018084286153316496,0.011890288814902306
01-04-02-01-01-05,train,5,3,sad,04,02,01,01,03-01-04-02-01-01-05,data/raw/ravdess/audio_speech/Audio_Speech_Actors_01-24/Actor_05/03-01-04-02-01-01-05.wav,3,sad,/home/tonyhe/ravdess_avfusion/external/audio_ser_speechbrain/speechbrain-develop-main/outputs/embeddings_ECAPA/train/03-01-04-02-01-01-05.npy,96,02-01-04-02-01-01-05,data/raw/ravdess/video_speech/Video_Speech_Actor_05/Actor_05/02-01-04-02-01-01-05.mp4,3,sad,/home/tonyhe/ravdess_avfusion/external/video_face_branch/early_fusion_facial_v2/fusion_pack_5f/sequences/02-01-04-02-01-01-05.npy,5,2048,canonical_02,canonical_02,0.158701,0.112909,0.08946,0.247617,0.092241,0.111996,0.108035,0.07904,0.02026422843337059,0.011616390757262706,0.013035850413143635,0.9088817477226258,0.012127686478197574,0.009358231350779534,0.01335340365767479,0.011362460814416409
01-04-02-01-01-06,train,6,3,sad,04,02,01,01,03-01-04-02-01-01-06,data/raw/ravdess/audio_speech/Audio_Speech_Actors_01-24/Actor_06/03-01-04-02-01-01-06.wav,3,sad,/home/tonyhe/ravdess_avfusion/external/audio_ser_speechbrain/speechbrain-develop-main/outputs/embeddings_ECAPA/train/03-01-04-02-01-01-06.npy,96,02-01-04-02-01-01-06,data/raw/ravdess/video_speech/Video_Speech_Actor_06/Actor_06/02-01-04-02-01-01-06.mp4,3,sad,/home/tonyhe/ravdess_avfusion/external/video_face_branch/early_fusion_facial_v2/fusion_pack_5f/sequences/02-01-04-02-01-01-06.npy,5,2048,canonical_02,canonical_02,0.106621,0.126871,0.113702,0.245704,0.094839,0.115142,0.117682,0.07944,0.021456203237175942,0.011755775660276413,0.011992746591567993,0.9086385369300842,0.010223758034408092,0.011409955564886332,0.014576590619981289,0.009946438670158386
01-04-02-01-01-07,train,7,3,sad,04,02,01,01,03-01-04-02-01-01-07,data/raw/ravdess/audio_speech/Audio_Speech_Actors_01-24/Actor_07/03-01-04-02-01-01-07.wav,3,sad,/home/tonyhe/ravdess_avfusion/external/audio_ser_speechbrain/speechbrain-develop-main/outputs/embeddings_ECAPA/train/03-01-04-02-01-01-07.npy,96,02-01-04-02-01-01-07,data/raw/ravdess/video_speech/Video_Speech_Actor_07/Actor_07/02-01-04-02-01-01-07.mp4,3,sad,/home/tonyhe/ravdess_avfusion/external/video_face_branch/early_fusion_facial_v2/fusion_pack_5f/sequences/02-01-04-02-01-01-07.npy,5,2048,canonical_02,canonical_02,0.130221,0.106431,0.107565,0.256747,0.096729,0.108308,0.117373,0.076626,0.021006262674927712,0.009611689951270819,0.011509394459426402,0.8999322414398193,0.012683750689029693,0.00925366384908557,0.023897308111190795,0.012105660885572434
01-04-02-01-01-08,train,8,3,sad,04,02,01,01,03-01-04-02-01-01-08,data/raw/ravdess/audio_speech/Audio_Speech_Actors_01-24/Actor_08/03-01-04-02-01-01-08.wav,3,sad,/home/tonyhe/ravdess_avfusion/external/audio_ser_speechbrain/speechbrain-develop-main/outputs/embeddings_ECAPA/train/03-01-04-02-01-01-08.npy,96,02-01-04-02-01-01-08,data/raw/ravdess/video_speech/Video_Speech_Actor_08/Actor_08/02-01-04-02-01-01-08.mp4,3,sad,/home/tonyhe/ravdess_avfusion/external/video_face_branch/early_fusion_facial_v2/fusion_pack_5f/sequences/02-01-04-02-01-01-08.npy,5,2048,canonical_02,canonical_02,0.103021,0.105251,0.095498,0.256849,0.084983,0.135658,0.100648,0.118092,0.019435442984104156,0.006905738171190024,0.010216762870550155,0.9174887895584106,0.010714985057711601,0.013777411170303821,0.012983537651598454,0.008477316331118345
01-04-02-01-01-09,train,9,3,sad,04,02,01,01,03-01-04-02-01-01-09,data/raw/ravdess/audio_speech/Audio_Speech_Actors_01-24/Actor_09/03-01-04-02-01-01-09.wav,3,sad,/home/tonyhe/ravdess_avfusion/external/audio_ser_speechbrain/speechbrain-develop-main/outputs/embeddings_ECAPA/train/03-01-04-02-01-01-09.npy,96,02-01-04-02-01-01-09,data/raw/ravdess/video_speech/Video_Speech_Actor_09/Actor_09/02-01-04-02-01-01-09.mp4,3,sad,/home/tonyhe/ravdess_avfusion/external/video_face_branch/early_fusion_facial_v2/fusion_pack_5f/sequences/02-01-04-02-01-01-09.npy,5,2048,canonical_02,canonical_02,0.127314,0.143152,0.127734,0.213191,0.110286,0.118913,0.100251,0.059158,0.026790785044431685,0.013699453696608544,0.015291162952780723,0.8635717630386353,0.012191345542669296,0.01178386677056551,0.04422345943748951,0.012448159977793694
01-04-02-01-01-10,train,10,3,sad,04,02,01,01,03-01-04-02-01-01-10,data/raw/ravdess/audio_speech/Audio_Speech_Actors_01-24/Actor_10/03-01-04-02-01-01-10.wav,3,sad,/home/tonyhe/ravdess_avfusion/external/audio_ser_speechbrain/speechbrain-develop-main/outputs/embeddings_ECAPA/train/03-01-04-02-01-01-10.npy,96,02-01-04-02-01-01-10,data/raw/ravdess/video_speech/Video_Speech_Actor_10/Actor_10/02-01-04-02-01-01-10.mp4,3,sad,/home/tonyhe/ravdess_avfusion/external/video_face_branch/early_fusion_facial_v2/fusion_pack_5f/sequences/02-01-04-02-01-01-10.npy,5,2048,canonical_02,canonical_02,0.110886,0.108613,0.113029,0.255853,0.085512,0.140932,0.090463,0.094711,0.01545462105423212,0.008243655133992434,0.009008277021348477,0.9342674851417542,0.007632793579250574,0.008910237532109021,0.009218866005539894,0.007264050887897611
01-04-02-01-01-11,train,11,3,sad,04,02,01,01,03-01-04-02-01-01-11,data/raw/ravdess/audio_speech/Audio_Speech_Actors_01-24/Actor_11/03-01-04-02-01-01-11.wav,3,sad,/home/tonyhe/ravdess_avfusion/external/audio_ser_speechbrain/speechbrain-develop-main/outputs/embeddings_ECAPA/train/03-01-04-02-01-01-11.npy,96,02-01-04-02-01-01-11,data/raw/ravdess/video_speech/Video_Speech_Actor_11/Actor_11/02-01-04-02-01-01-11.mp4,3,sad,/home/tonyhe/ravdess_avfusion/external/video_face_branch/early_fusion_facial_v2/fusion_pack_5f/sequences/02-01-04-02-01-01-11.npy,5,2048,canonical_02,canonical_02,0.122687,0.067528,0.126896,0.230082,0.097964,0.08389,0.118456,0.152496,0.021030714735388756,0.010538031347095966,0.012627757899463177,0.907816755771637,0.010660385433584451,0.009770883433520793,0.013829188980162143,0.013726296089589595
01-04-02-01-01-12,train,12,3,sad,04,02,01,01,03-01-04-02-01-01-12,data/raw/ravdess/audio_speech/Audio_Speech_Actors_01-24/Actor_12/03-01-04-02-01-01-12.wav,3,sad,/home/tonyhe/ravdess_avfusion/external/audio_ser_speechbrain/speechbrain-develop-main/outputs/embeddings_ECAPA/train/03-01-04-02-01-01-12.npy,96,02-01-04-02-01-01-12,data/raw/ravdess/video_speech/Video_Speech_Actor_12/Actor_12/02-01-04-02-01-01-12.mp4,3,sad,/home/tonyhe/ravdess_avfusion/external/video_face_branch/early_fusion_facial_v2/fusion_pack_5f/sequences/02-01-04-02-01-01-12.npy,5,2048,canonical_02,canonical_02,0.138564,0.094429,0.114964,0.258541,0.102622,0.121432,0.091722,0.077725,0.031760993599891665,0.012084827572107316,0.014166394621133805,0.883858573436737,0.01412341119721532,0.012313554622232914,0.01767987459897995,0.014012361597269773
01-04-02-01-01-13,train,13,3,sad,04,02,01,01,03-01-04-02-01-01-13,data/raw/ravdess/audio_speech/Audio_Speech_Actors_01-24/Actor_13/03-01-04-02-01-01-13.wav,3,sad,/home/tonyhe/ravdess_avfusion/external/audio_ser_speechbrain/speechbrain-develop-main/outputs/embeddings_ECAPA/train/03-01-04-02-01-01-13.npy,96,02-01-04-02-01-01-13,data/raw/ravdess/video_speech/Video_Speech_Actor_13/Actor_13/02-01-04-02-01-01-13.mp4,3,sad,/home/tonyhe/ravdess_avfusion/external/video_face_branch/early_fusion_facial_v2/fusion_pack_5f/sequences/02-01-04-02-01-01-13.npy,5,2048,canonical_02,canonical_02,0.128813,0.090117,0.107035,0.248068,0.090318,0.121521,0.128793,0.085334,0.023794961348176002,0.013428694568574429,0.01443756241351366,0.8882945775985718,0.013164649158716202,0.009706997685134411,0.02293779347091913,0.014234778285026551
01-04-02-01-01-14,train,14,3,sad,04,02,01,01,03-01-04-02-01-01-14,data/raw/ravdess/audio_speech/Audio_Speech_Actors_01-24/Actor_14/03-01-04-02-01-01-14.wav,3,sad,/home/tonyhe/ravdess_avfusion/external/audio_ser_speechbrain/speechbrain-develop-main/outputs/embeddings_ECAPA/train/03-01-04-02-01-01-14.npy,96,02-01-04-02-01-01-14,data/raw/ravdess/video_speech/Video_Speech_Actor_14/Actor_14/02-01-04-02-01-01-14.mp4,3,sad,/home/tonyhe/ravdess_avfusion/external/video_face_branch/early_fusion_facial_v2/fusion_pack_5f/sequences/02-01-04-02-01-01-14.npy,5,2048,canonical_02,canonical_02,0.087476,0.089015,0.10071,0.236696,0.114078,0.094707,0.146885,0.130433,0.02284117117524147,0.010873100906610488,0.0133940190076828,0.9053260803222656,0.010736311599612237,0.010120171867311002,0.016115665994584562,0.0105935319326818
01-04-02-01-01-15,train,15,3,sad,04,02,01,01,03-01-04-02-01-01-15,data/raw/ravdess/audio_speech/Audio_Speech_Actors_01-24/Actor_15/03-01-04-02-01-01-15.wav,3,sad,/home/tonyhe/ravdess_avfusion/external/audio_ser_speechbrain/speechbrain-develop-main/outputs/embeddings_ECAPA/train/03-01-04-02-01-01-15.npy,96,02-01-04-02-01-01-15,data/raw/ravdess/video_speech/Video_Speech_Actor_15/Actor_15/02-01-04-02-01-01-15.mp4,1,calm,/home/tonyhe/ravdess_avfusion/data/processed/video/backfill_actor15/sequence_embeddings_5f/train/02-01-04-02-01-01-15.npy,5,2048,backfill_actor15,backfill_actor15,0.13561,0.133297,0.100985,0.253882,0.101606,0.118641,0.07067,0.085309,0.10546676069498062,0.3378892242908478,0.11411754786968231,0.26640623807907104,0.04012077674269676,0.025546247139573097,0.07101073116064072,0.039442431181669235
01-04-02-01-01-16,train,16,3,sad,04,02,01,01,03-01-04-02-01-01-16,data/raw/ravdess/audio_speech/Audio_Speech_Actors_01-24/Actor_16/03-01-04-02-01-01-16.wav,3,sad,/home/tonyhe/ravdess_avfusion/external/audio_ser_speechbrain/speechbrain-develop-main/outputs/embeddings_ECAPA/train/03-01-04-02-01-01-16.npy,96,02-01-04-02-01-01-16,data/raw/ravdess/video_speech/Video_Speech_Actor_16/Actor_16/02-01-04-02-01-01-16.mp4,3,sad,/home/tonyhe/ravdess_avfusion/external/video_face_branch/early_fusion_facial_v2/fusion_pack_5f/sequences/02-01-04-02-01-01-16.npy,5,2048,canonical_02,canonical_02,0.121335,0.115155,0.125339,0.249971,0.085248,0.122497,0.102036,0.078419,0.029247529059648513,0.01165296696126461,0.014295524917542934,0.8895996689796448,0.01333298608660698,0.010992533154785633,0.0182544419541955,0.012624346464872361
01-04-02-01-02-01,train,1,3,sad,04,02,01,02,03-01-04-02-01-02-01,data/raw/ravdess/audio_speech/Audio_Speech_Actors_01-24/Actor_01/03-01-04-02-01-02-01.wav,3,sad,/home/tonyhe/ravdess_avfusion/external/audio_ser_speechbrain/speechbrain-develop-main/outputs/embeddings_ECAPA/train/03-01-04-02-01-02-01.npy,96,02-01-04-02-01-02-01,data/raw/ravdess/video_speech/Video_Speech_Actor_01/Actor_01/02-01-04-02-01-02-01.mp4,3,sad,/home/tonyhe/ravdess_avfusion/external/video_face_branch/early_fusion_facial_v2/fusion_pack_5f/sequences/02-01-04-02-01-02-01.npy,5,2048,canonical_02,canonical_02,0.115845,0.103255,0.141742,0.220316,0.079746,0.111048,0.080279,0.147769,0.015116943791508675,0.009693515300750733,0.008735305815935134,0.9294376015663147,0.008783548790961503,0.004940216569229961,0.01209530308842659,0.01119758477434516
01-04-02-01-02-02,train,2,3,sad,04,02,01,02,03-01-04-02-01-02-02,data/raw/ravdess/audio_speech/Audio_Speech_Actors_01-24/Actor_02/03-01-04-02-01-02-02.wav,3,sad,/home/tonyhe/ravdess_avfusion/external/audio_ser_speechbrain/speechbrain-develop-main/outputs/embeddings_ECAPA/train/03-01-04-02-01-02-02.npy,96,02-01-04-02-01-02-02,data/raw/ravdess/video_speech/Video_Speech_Actor_02/Actor_02/02-01-04-02-01-02-02.mp4,3,sad,/home/tonyhe/ravdess_avfusion/external/video_face_branch/early_fusion_facial_v2/fusion_pack_5f/sequences/02-01-04-02-01-02-02.npy,5,2048,canonical_02,canonical_02,0.141055,0.081423,0.103513,0.254229,0.087226,0.084823,0.133917,0.113815,0.021907821111381055,0.009621206298470497,0.012102843075990678,0.9197691679000854,0.009511925745755434,0.007233270723372698,0.010878427792340517,0.008975315932184457
01-04-02-01-02-03,train,3,3,sad,04,02,01,02,03-01-04-02-01-02-03,data/raw/ravdess/audio_speech/Audio_Speech_Actors_01-24/Actor_03/03-01-04-02-01-02-03.wav,3,sad,/home/tonyhe/ravdess_avfusion/external/audio_ser_speechbrain/speechbrain-develop-main/outputs/embeddings_ECAPA/train/03-01-04-02-01-02-03.npy,96,02-01-04-02-01-02-03,data/raw/ravdess/video_speech/Video_Speech_Actor_03/Actor_03/02-01-04-02-01-02-03.mp4,3,sad,/home/tonyhe/ravdess_avfusion/external/video_face_branch/early_fusion_facial_v2/fusion_pack_5f/sequences/02-01-04-02-01-02-03.npy,5,2048,canonical_02,canonical_02,0.114949,0.077972,0.139232,0.247845,0.080788,0.122431,0.112009,0.104774,0.019389087706804274,0.006469935271888971,0.012524573504924775,0.9183821558952332,0.01233145259320736,0.008306561782956124,0.014127529971301556,0.008468666207045316
01-04-02-01-02-04,train,4,3,sad,04,02,01,02,03-01-04-02-01-02-04,data/raw/ravdess/audio_speech/Audio_Speech_Actors_01-24/Actor_04/03-01-04-02-01-02-04.wav,3,sad,/home/tonyhe/ravdess_avfusion/external/audio_ser_speechbrain/speechbrain-develop-main/outputs/embeddings_ECAPA/train/03-01-04-02-01-02-04.npy,96,02-01-04-02-01-02-04,data/raw/ravdess/video_speech/Video_Speech_Actor_04/Actor_04/02-01-04-02-01-02-04.mp4,3,sad,/home/tonyhe/ravdess_avfusion/external/video_face_branch/early_fusion_facial_v2/fusion_pack_5f/sequences/02-01-04-02-01-02-04.npy,5,2048,canonical_02,canonical_02,0.12317,0.102348,0.09351,0.265328,0.106776,0.081453,0.097018,0.130396,0.021402229368686677,0.010254454892128706,0.006724577117711306,0.9154020190238953,0.00951987449079752,0.008315909234806896,0.02034541144967079,0.00803550835698843
01-04-02-01-02-05,train,5,3,sad,04,02,01,02,03-01-04-02-01-02-05,data/raw/ravdess/audio_speech/Audio_Speech_Actors_01-24/Actor_05/03-01-04-02-01-02-05.wav,3,sad,/home/tonyhe/ravdess_avfusion/external/audio_ser_speechbrain/speechbrain-develop-main/outputs/embeddings_ECAPA/train/03-01-04-02-01-02-05.npy,96,02-01-04-02-01-02-05,data/raw/ravdess/video_speech/Video_Speech_Actor_05/Actor_05/02-01-04-02-01-02-05.mp4,3,sad,/home/tonyhe/ravdess_avfusion/external/video_face_branch/early_fusion_facial_v2/fusion_pack_5f/sequences/02-01-04-02-01-02-05.npy,5,2048,canonical_02,canonical_02,0.165271,0.110625,0.091971,0.233999,0.095651,0.129043,0.099058,0.074382,0.024404800310730935,0.013788895867764949,0.013302253372967244,0.8922175168991089,0.012959335185587405,0.012599184922873975,0.01819192711263895,0.012536169402301312
01-04-02-01-02-06,train,6,3,sad,04,02,01,02,03-01-04-02-01-02-06,data/raw/ravdess/audio_speech/Audio_Speech_Actors_01-24/Actor_06/03-01-04-02-01-02-06.wav,3,sad,/home/tonyhe/ravdess_avfusion/external/audio_ser_speechbrain/speechbrain-develop-main/outputs/embeddings_ECAPA/train/03-01-04-02-01-02-06.npy,96,02-01-04-02-01-02-06,data/raw/ravdess/video_speech/Video_Speech_Actor_06/Actor_06/02-01-04-02-01-02-06.mp4,3,sad,/home/tonyhe/ravdess_avfusion/external/video_face_branch/early_fusion_facial_v2/fusion_pack_5f/sequences/02-01-04-02-01-02-06.npy,5,2048,canonical_02,canonical_02,0.104473,0.10488,0.083484,0.231124,0.088521,0.117116,0.145885,0.124517,0.02211393602192402,0.014109604619443416,0.011546258628368378,0.9073359608650208,0.009582597110420466,0.00953162545338273,0.0151886235922575,0.010591379925608635
01-04-02-01-02-07,train,7,3,sad,04,02,01,02,03-01-04-02-01-02-07,data/raw/ravdess/audio_speech/Audio_Speech_Actors_01-24/Actor_07/03-01-04-02-01-02-07.wav,3,sad,/home/tonyhe/ravdess_avfusion/external/audio_ser_speechbrain/speechbrain-develop-main/outputs/embeddings_ECAPA/train/03-01-04-02-01-02-07.npy,96,02-01-04-02-01-02-07,data/raw/ravdess/video_speech/Video_Speech_Actor_07/Actor_07/02-01-04-02-01-02-07.mp4,3,sad,/home/tonyhe/ravdess_avfusion/external/video_face_branch/early_fusion_facial_v2/fusion_pack_5f/sequences/02-01-04-02-01-02-07.npy,5,2048,canonical_02,canonical_02,0.116455,0.091569,0.109769,0.26467,0.088475,0.102605,0.116918,0.109539,0.023511599749326706,0.01086424645036459,0.011326136905699969,0.8796021103858948,0.012879217229783534,0.008422036468982697,0.04014396220445633,0.013250644691288472
01-04-02-01-02-08,train,8,3,sad,04,02,01,02,03-01-04-02-01-02-08,data/raw/ravdess/audio_speech/Audio_Speech_Actors_01-24/Actor_08/03-01-04-02-01-02-08.wav,3,sad,/home/tonyhe/ravdess_avfusion/external/audio_ser_speechbrain/speechbrain-develop-main/outputs/embeddings_ECAPA/train/03-01-04-02-01-02-08.npy,96,02-01-04-02-01-02-08,data/raw/ravdess/video_speech/Video_Speech_Actor_08/Actor_08/02-01-04-02-01-02-08.mp4,3,sad,/home/tonyhe/ravdess_avfusion/external/video_face_branch/early_fusion_facial_v2/fusion_pack_5f/sequences/02-01-04-02-01-02-08.npy,5,2048,canonical_02,canonical_02,0.10525,0.114142,0.102277,0.261649,0.080386,0.111496,0.116651,0.108149,0.018332456611096858,0.0074229826219379905,0.008379154931753873,0.9278575897216796,0.008966115396469831,0.009931707195937634,0.011526411026716232,0.007583610340952873
01-04-02-01-02-09,train,9,3,sad,04,02,01,02,03-01-04-02-01-02-09,data/raw/ravdess/audio_speech/Audio_Speech_Actors_01-24/Actor_09/03-01-04-02-01-02-09.wav,3,sad,/home/tonyhe/ravdess_avfusion/external/audio_ser_speechbrain/speechbrain-develop-main/outputs/embeddings_ECAPA/train/03-01-04-02-01-02-09.npy,96,02-01-04-02-01-02-09,data/raw/ravdess/video_speech/Video_Speech_Actor_09/Actor_09/02-01-04-02-01-02-09.mp4,3,sad,/home/tonyhe/ravdess_avfusion/external/video_face_branch/early_fusion_facial_v2/fusion_pack_5f/sequences/02-01-04-02-01-02-09.npy,5,2048,canonical_02,canonical_02,0.089947,0.123879,0.124103,0.227582,0.100341,0.144559,0.112491,0.077098,0.026876936852931976,0.01458363588899374,0.013999742921441793,0.8455287098884583,0.012618325464427472,0.010687390714883805,0.06383579559624195,0.011869451589882373
01-04-02-01-02-10,train,10,3,sad,04,02,01,02,03-01-04-02-01-02-10,data/raw/ravdess/audio_speech/Audio_Speech_Actors_01-24/Actor_10/03-01-04-02-01-02-10.wav,3,sad,/home/tonyhe/ravdess_avfusion/external/audio_ser_speechbrain/speechbrain-develop-main/outputs/embeddings_ECAPA/train/03-01-04-02-01-02-10.npy,96,02-01-04-02-01-02-10,data/raw/ravdess/video_speech/Video_Speech_Actor_10/Actor_10/02-01-04-02-01-02-10.mp4,3,sad,/home/tonyhe/ravdess_avfusion/external/video_face_branch/early_fusion_facial_v2/fusion_pack_5f/sequences/02-01-04-02-01-02-10.npy,5,2048,canonical_02,canonical_02,0.104261,0.119353,0.12327,0.218342,0.111239,0.142602,0.111108,0.069825,0.0198904138058424,0.011623476073145867,0.010709231160581112,0.9096753478050232,0.0097655663266778,0.013399467244744301,0.013492032140493392,0.011444430612027646
01-04-02-01-02-11,train,11,3,sad,04,02,01,02,03-01-04-02-01-02-11,data/raw/ravdess/audio_speech/Audio_Speech_Actors_01-24/Actor_11/03-01-04-02-01-02-11.wav,3,sad,/home/tonyhe/ravdess_avfusion/external/audio_ser_speechbrain/speechbrain-develop-main/outputs/embeddings_ECAPA/train/03-01-04-02-01-02-11.npy,96,02-01-04-02-01-02-11,data/raw/ravdess/video_speech/Video_Speech_Actor_11/Actor_11/02-01-04-02-01-02-11.mp4,3,sad,/home/tonyhe/ravdess_avfusion/external/video_face_branch/early_fusion_facial_v2/fusion_pack_5f/sequences/02-01-04-02-01-02-11.npy,5,2048,canonical_02,canonical_02,0.098739,0.113599,0.114506,0.251573,0.081286,0.123333,0.120844,0.09612,0.02102502025663853,0.009519756119698287,0.015878119505941868,0.9083171844482422,0.011806840263307094,0.008079552184790373,0.016063987836241723,0.009309494867920876
01-04-02-01-02-12,train,12,3,sad,04,02,01,02,03-01-04-02-01-02-12,data/raw/ravdess/audio_speech/Audio_Speech_Actors_01-24/Actor_12/03-01-04-02-01-02-12.wav,3,sad,/home/tonyhe/ravdess_avfusion/external/audio_ser_speechbrain/speechbrain-develop-main/outputs/embeddings_ECAPA/train/03-01-04-02-01-02-12.npy,96,02-01-04-02-01-02-12,data/raw/ravdess/video_speech/Video_Speech_Actor_12/Actor_12/02-01-04-02-01-02-12.mp4,3,sad,/home/tonyhe/ravdess_avfusion/external/video_face_branch/early_fusion_facial_v2/fusion_pack_5f/sequences/02-01-04-02-01-02-12.npy,5,2048,canonical_02,canonical_02,0.128044,0.085591,0.104881,0.246581,0.078324,0.11605,0.110945,0.129583,0.028218770027160646,0.010340206883847713,0.012311565689742565,0.8971057176589966,0.01638193428516388,0.009368597064167261,0.015691241808235647,0.010581960901618004
01-04-02-01-02-13,train,13,3,sad,04,02,01,02,03-01-04-02-01-02-13,data/raw/ravdess/audio_speech/Audio_Speech_Actors_01-24/Actor_13/03-01-04-02-01-02-13.wav,3,sad,/home/tonyhe/ravdess_avfusion/external/audio_ser_speechbrain/speechbrain-develop-main/outputs/embeddings_ECAPA/train/03-01-04-02-01-02-13.npy,96,02-01-04-02-01-02-13,data/raw/ravdess/video_speech/Video_Speech_Actor_13/Actor_13/02-01-04-02-01-02-13.mp4,3,sad,/home/tonyhe/ravdess_avfusion/external/video_face_branch/early_fusion_facial_v2/fusion_pack_5f/sequences/02-01-04-02-01-02-13.npy,5,2048,canonical_02,canonical_02,0.126315,0.078576,0.098056,0.252159,0.091056,0.117851,0.121115,0.114872,0.021450532041490077,0.013651225809007883,0.012688925489783287,0.8964435935020447,0.01344789806753397,0.009606470819562674,0.02054893262684345,0.012162446975708008
01-04-02-01-02-14,train,14,3,sad,04,02,01,02,03-01-04-02-01-02-14,data/raw/ravdess/audio_speech/Audio_Speech_Actors_01-24/Actor_14/03-01-04-02-01-02-14.wav,3,sad,/home/tonyhe/ravdess_avfusion/external/audio_ser_speechbrain/speechbrain-develop-main/outputs/embeddings_ECAPA/train/03-01-04-02-01-02-14.npy,96,02-01-04-02-01-02-14,data/raw/ravdess/video_speech/Video_Speech_Actor_14/Actor_14/02-01-04-02-01-02-14.mp4,3,sad,/home/tonyhe/ravdess_avfusion/external/video_face_branch/early_fusion_facial_v2/fusion_pack_5f/sequences/02-01-04-02-01-02-14.npy,5,2048,canonical_02,canonical_02,0.096987,0.074485,0.120584,0.241794,0.082411,0.113695,0.130205,0.139839,0.020423584245145322,0.011580314114689827,0.012909018993377685,0.9066375255584717,0.010228054784238338,0.009425693564116955,0.016392851248383522,0.012402972765266895
01-04-02-01-02-15,train,15,3,sad,04,02,01,02,03-01-04-02-01-02-15,data/raw/ravdess/audio_speech/Audio_Speech_Actors_01-24/Actor_15/03-01-04-02-01-02-15.wav,3,sad,/home/tonyhe/ravdess_avfusion/external/audio_ser_speechbrain/speechbrain-develop-main/outputs/embeddings_ECAPA/train/03-01-04-02-01-02-15.npy,96,02-01-04-02-01-02-15,data/raw/ravdess/video_speech/Video_Speech_Actor_15/Actor_15/02-01-04-02-01-02-15.mp4,3,sad,/home/tonyhe/ravdess_avfusion/data/processed/video/backfill_actor15/sequence_embeddings_5f/train/02-01-04-02-01-02-15.npy,5,2048,backfill_actor15,backfill_actor15,0.121316,0.109715,0.112833,0.270923,0.092888,0.116516,0.086892,0.088917,0.1222458928823471,0.017560375854372978,0.02776094153523445,0.6776577830314636,0.014566795900464058,0.04252459853887558,0.08162768185138702,0.016055922955274582
01-04-02-01-02-16,train,16,3,sad,04,02,01,02,03-01-04-02-01-02-16,data/raw/ravdess/audio_speech/Audio_Speech_Actors_01-24/Actor_16/03-01-04-02-01-02-16.wav,3,sad,/home/tonyhe/ravdess_avfusion/external/audio_ser_speechbrain/speechbrain-develop-main/outputs/embeddings_ECAPA/train/03-01-04-02-01-02-16.npy,96,02-01-04-02-01-02-16,data/raw/ravdess/video_speech/Video_Speech_Actor_16/Actor_16/02-01-04-02-01-02-16.mp4,3,sad,/home/tonyhe/ravdess_avfusion/external/video_face_branch/early_fusion_facial_v2/fusion_pack_5f/sequences/02-01-04-02-01-02-16.npy,5,2048,canonical_02,canonical_02,0.112584,0.105981,0.09838,0.243451,0.080051,0.133061,0.128,0.098492,0.025197285413742065,0.010118101537227631,0.011519912071526051,0.9019002079963684,0.013146326504647731,0.010324434749782086,0.01533717904239893,0.01245653945952654
01-04-02-02-01-01,train,1,3,sad,04,02,02,01,03-01-04-02-02-01-01,data/raw/ravdess/audio_speech/Audio_Speech_Actors_01-24/Actor_01/03-01-04-02-02-01-01.wav,3,sad,/home/tonyhe/ravdess_avfusion/external/audio_ser_speechbrain/speechbrain-develop-main/outputs/embeddings_ECAPA/train/03-01-04-02-02-01-01.npy,96,02-01-04-02-02-01-01,data/raw/ravdess/video_speech/Video_Speech_Actor_01/Actor_01/02-01-04-02-02-01-01.mp4,3,sad,/home/tonyhe/ravdess_avfusion/external/video_face_branch/early_fusion_facial_v2/fusion_pack_5f/sequences/02-01-04-02-02-01-01.npy,5,2048,canonical_02,canonical_02,0.127677,0.0663,0.13588,0.234293,0.093235,0.108573,0.102928,0.131115,0.01591994669288397,0.010827710758894682,0.009331113658845425,0.9193642735481262,0.011030894331634044,0.005332437995821238,0.01120371064171195,0.01698990473523736
01-04-02-02-01-02,train,2,3,sad,04,02,02,01,03-01-04-02-02-01-02,data/raw/ravdess/audio_speech/Audio_Speech_Actors_01-24/Actor_02/03-01-04-02-02-01-02.wav,3,sad,/home/tonyhe/ravdess_avfusion/external/audio_ser_speechbrain/speechbrain-develop-main/outputs/embeddings_ECAPA/train/03-01-04-02-02-01-02.npy,96,02-01-04-02-02-01-02,data/raw/ravdess/video_speech/Video_Speech_Actor_02/Actor_02/02-01-04-02-02-01-02.mp4,3,sad,/home/tonyhe/ravdess_avfusion/external/video_face_branch/early_fusion_facial_v2/fusion_pack_5f/sequences/02-01-04-02-02-01-02.npy,5,2048,canonical_02,canonical_02,0.132788,0.089845,0.125653,0.241755,0.072457,0.079482,0.123657,0.134364,0.019124070554971694,0.009973674546927214,0.010578328743577003,0.9210182309150696,0.008543623704463243,0.010091324336826801,0.01137031838297844,0.00930039007216692
01-04-02-02-01-03,train,3,3,sad,04,02,02,01,03-01-04-02-02-01-03,data/raw/ravdess/audio_speech/Audio_Speech_Actors_01-24/Actor_03/03-01-04-02-02-01-03.wav,3,sad,/home/tonyhe/ravdess_avfusion/external/audio_ser_speechbrain/speechbrain-develop-main/outputs/embeddings_ECAPA/train/03-01-04-02-02-01-03.npy,96,02-01-04-02-02-01-03,data/raw/ravdess/video_speech/Video_Speech_Actor_03/Actor_03/02-01-04-02-02-01-03.mp4,3,sad,/home/tonyhe/ravdess_avfusion/external/video_face_branch/early_fusion_facial_v2/fusion_pack_5f/sequences/02-01-04-02-02-01-03.npy,5,2048,canonical_02,canonical_02,0.112195,0.105115,0.112327,0.257093,0.097334,0.12331,0.110261,0.082366,0.022233520075678824,0.009224437735974788,0.014743150770664215,0.9023056387901306,0.014357556402683259,0.010530493967235089,0.01658623814582825,0.010018999967724086
01-04-02-02-01-04,train,4,3,sad,04,02,02,01,03-01-04-02-02-01-04,data/raw/ravdess/audio_speech/Audio_Speech_Actors_01-24/Actor_04/03-01-04-02-02-01-04.wav,3,sad,/home/tonyhe/ravdess_avfusion/external/audio_ser_speechbrain/speechbrain-develop-main/outputs/embeddings_ECAPA/train/03-01-04-02-02-01-04.npy,96,02-01-04-02-02-01-04,data/raw/ravdess/video_speech/Video_Speech_Actor_04/Actor_04/02-01-04-02-02-01-04.mp4,3,sad,/home/tonyhe/ravdess_avfusion/external/video_face_branch/early_fusion_facial_v2/fusion_pack_5f/sequences/02-01-04-02-02-01-04.npy,5,2048,canonical_02,canonical_02,0.112953,0.138112,0.09189,0.245012,0.107424,0.129265,0.086657,0.088688,0.022024977765977383,0.011690928321331739,0.011682426277548074,0.8902262091636658,0.010301580373197793,0.01102533722296357,0.032230001967400314,0.010818527918308974
01-04-02-02-01-05,train,5,3,sad,04,02,02,01,03-01-04-02-02-01-05,data/raw/ravdess/audio_speech/Audio_Speech_Actors_01-24/Actor_05/03-01-04-02-02-01-05.wav,3,sad,/home/tonyhe/ravdess_avfusion/external/audio_ser_speechbrain/speechbrain-develop-main/outputs/embeddings_ECAPA/train/03-01-04-02-02-01-05.npy,96,02-01-04-02-02-01-05,data/raw/ravdess/video_speech/Video_Speech_Actor_05/Actor_05/02-01-04-02-02-01-05.mp4,3,sad,/home/tonyhe/ravdess_avfusion/external/video_face_branch/early_fusion_facial_v2/fusion_pack_5f/sequences/02-01-04-02-02-01-05.npy,5,2048,canonical_02,canonical_02,0.144818,0.097666,0.103208,0.253377,0.078868,0.126149,0.091696,0.104219,0.018568157404661178,0.01109453421086073,0.010233570635318757,0.9136223673820496,0.01281930934637785,0.010517244599759579,0.014103956706821918,0.009040901530534029
01-04-02-02-01-06,train,6,3,sad,04,02,02,01,03-01-04-02-02-01-06,data/raw/ravdess/audio_speech/Audio_Speech_Actors_01-24/Actor_06/03-01-04-02-02-01-06.wav,3,sad,/home/tonyhe/ravdess_avfusion/external/audio_ser_speechbrain/speechbrain-develop-main/outputs/embeddings_ECAPA/train/03-01-04-02-02-01-06.npy,96,02-01-04-02-02-01-06,data/raw/ravdess/video_speech/Video_Speech_Actor_06/Actor_06/02-01-04-02-02-01-06.mp4,3,sad,/home/tonyhe/ravdess_avfusion/external/video_face_branch/early_fusion_facial_v2/fusion_pack_5f/sequences/02-01-04-02-02-01-06.npy,5,2048,canonical_02,canonical_02,0.094386,0.131811,0.103739,0.243943,0.102455,0.100922,0.124729,0.098017,0.019661099836230277,0.009632376581430435,0.011500126495957375,0.9120604753494262,0.010553999990224838,0.01333031989634037,0.015036378055810928,0.00822519538924098
01-04-02-02-01-07,train,7,3,sad,04,02,02,01,03-01-04-02-02-01-07,data/raw/ravdess/audio_speech/Audio_Speech_Actors_01-24/Actor_07/03-01-04-02-02-01-07.wav,3,sad,/home/tonyhe/ravdess_avfusion/external/audio_ser_speechbrain/speechbrain-develop-main/outputs/embeddings_ECAPA/train/03-01-04-02-02-01-07.npy,96,02-01-04-02-02-01-07,data/raw/ravdess/video_speech/Video_Speech_Actor_07/Actor_07/02-01-04-02-02-01-07.mp4,3,sad,/home/tonyhe/ravdess_avfusion/external/video_face_branch/early_fusion_facial_v2/fusion_pack_5f/sequences/02-01-04-02-02-01-07.npy,5,2048,canonical_02,canonical_02,0.105694,0.122545,0.114079,0.245316,0.091817,0.120606,0.120075,0.079868,0.025093213096261023,0.012690511532127857,0.01366159189492464,0.8629848599433899,0.012375746667385102,0.008891484420746564,0.056162412837147714,0.008140193484723567
01-04-02-02-01-08,train,8,3,sad,04,02,02,01,03-01-04-02-02-01-08,data/raw/ravdess/audio_speech/Audio_Speech_Actors_01-24/Actor_08/03-01-04-02-02-01-08.wav,3,sad,/home/tonyhe/ravdess_avfusion/external/audio_ser_speechbrain/speechbrain-develop-main/outputs/embeddings_ECAPA/train/03-01-04-02-02-01-08.npy,96,02-01-04-02-02-01-08,data/raw/ravdess/video_speech/Video_Speech_Actor_08/Actor_08/02-01-04-02-02-01-08.mp4,3,sad,/home/tonyhe/ravdess_avfusion/external/video_face_branch/early_fusion_facial_v2/fusion_pack_5f/sequences/02-01-04-02-02-01-08.npy,5,2048,canonical_02,canonical_02,0.103873,0.116114,0.115514,0.242107,0.069471,0.109732,0.129404,0.113786,0.017041889764368535,0.006527119036763907,0.00827983533963561,0.9294498920440674,0.008464374020695687,0.00838901549577713,0.014604943245649338,0.007242964673787355
01-04-02-02-01-09,train,9,3,sad,04,02,02,01,03-01-04-02-02-01-09,data/raw/ravdess/audio_speech/Audio_Speech_Actors_01-24/Actor_09/03-01-04-02-02-01-09.wav,3,sad,/home/tonyhe/ravdess_avfusion/external/audio_ser_speechbrain/speechbrain-develop-main/outputs/embeddings_ECAPA/train/03-01-04-02-02-01-09.npy,96,02-01-04-02-02-01-09,data/raw/ravdess/video_speech/Video_Speech_Actor_09/Actor_09/02-01-04-02-02-01-09.mp4,3,sad,/home/tonyhe/ravdess_avfusion/external/video_face_branch/early_fusion_facial_v2/fusion_pack_5f/sequences/02-01-04-02-02-01-09.npy,5,2048,canonical_02,canonical_02,0.127225,0.151137,0.10109,0.223795,0.114824,0.119544,0.099147,0.063237,0.024288184940814972,0.01322065070271492,0.011116059683263301,0.8838578939437867,0.01225733682513237,0.010839239321649074,0.03424860164523125,0.010172023251652718
01-04-02-02-01-10,train,10,3,sad,04,02,02,01,03-01-04-02-02-01-10,data/raw/ravdess/audio_speech/Audio_Speech_Actors_01-24/Actor_10/03-01-04-02-02-01-10.wav,3,sad,/home/tonyhe/ravdess_avfusion/external/audio_ser_speechbrain/speechbrain-develop-main/outputs/embeddings_ECAPA/train/03-01-04-02-02-01-10.npy,96,02-01-04-02-02-01-10,data/raw/ravdess/video_speech/Video_Speech_Actor_10/Actor_10/02-01-04-02-02-01-10.mp4,3,sad,/home/tonyhe/ravdess_avfusion/external/video_face_branch/early_fusion_facial_v2/fusion_pack_5f/sequences/02-01-04-02-02-01-10.npy,5,2048,canonical_02,canonical_02,0.121783,0.117099,0.073616,0.239048,0.113695,0.123022,0.107365,0.104372,0.022236083261668683,0.011187897250056266,0.012588880024850368,0.9026838302612304,0.012821048870682717,0.012355552241206168,0.013140498101711274,0.012986201513558625
01-04-02-02-01-11,train,11,3,sad,04,02,02,01,03-01-04-02-02-01-11,data/raw/ravdess/audio_speech/Audio_Speech_Actors_01-24/Actor_11/03-01-04-02-02-01-11.wav,3,sad,/home/tonyhe/ravdess_avfusion/external/audio_ser_speechbrain/speechbrain-develop-main/outputs/embeddings_ECAPA/train/03-01-04-02-02-01-11.npy,96,02-01-04-02-02-01-11,data/raw/ravdess/video_speech/Video_Speech_Actor_11/Actor_11/02-01-04-02-02-01-11.mp4,3,sad,/home/tonyhe/ravdess_avfusion/external/video_face_branch/early_fusion_facial_v2/fusion_pack_5f/sequences/02-01-04-02-02-01-11.npy,5,2048,canonical_02,canonical_02,0.137119,0.064371,0.12228,0.235378,0.102631,0.09773,0.125574,0.114917,0.02184758223593235,0.008461960684508085,0.011093256436288357,0.9133347511291504,0.011597583070397377,0.009086396545171738,0.013961539417505265,0.010616970807313919
01-04-02-02-01-12,train,12,3,sad,04,02,02,01,03-01-04-02-02-01-12,data/raw/ravdess/audio_speech/Audio_Speech_Actors_01-24/Actor_12/03-01-04-02-02-01-12.wav,3,sad,/home/tonyhe/ravdess_avfusion/external/audio_ser_speechbrain/speechbrain-develop-main/outputs/embeddings_ECAPA/train/03-01-04-02-02-01-12.npy,96,02-01-04-02-02-01-12,data/raw/ravdess/video_speech/Video_Speech_Actor_12/Actor_12/02-01-04-02-02-01-12.mp4,3,sad,/home/tonyhe/ravdess_avfusion/external/video_face_branch/early_fusion_facial_v2/fusion_pack_5f/sequences/02-01-04-02-02-01-12.npy,5,2048,canonical_02,canonical_02,0.117867,0.098327,0.104278,0.265838,0.091238,0.11241,0.111455,0.098587,0.019142121076583862,0.009721494000405072,0.011637066304683686,0.9177538633346558,0.01059234207496047,0.006944955047219992,0.012453076988458633,0.011755101755261422
01-04-02-02-01-13,train,13,3,sad,04,02,02,01,03-01-04-02-02-01-13,data/raw/ravdess/audio_speech/Audio_Speech_Actors_01-24/Actor_13/03-01-04-02-02-01-13.wav,3,sad,/home/tonyhe/ravdess_avfusion/external/audio_ser_speechbrain/speechbrain-develop-main/outputs/embeddings_ECAPA/train/03-01-04-02-02-01-13.npy,96,02-01-04-02-02-01-13,data/raw/ravdess/video_speech/Video_Speech_Actor_13/Actor_13/02-01-04-02-02-01-13.mp4,3,sad,/home/tonyhe/ravdess_avfusion/external/video_face_branch/early_fusion_facial_v2/fusion_pack_5f/sequences/02-01-04-02-02-01-13.npy,5,2048,canonical_02,canonical_02,0.124362,0.115974,0.130167,0.222671,0.077849,0.082487,0.14861,0.09788,0.01961171831935644,0.011852761544287205,0.01214183084666729,0.9070561170578003,0.01079160962253809,0.009048626571893693,0.016977341659367085,0.012520009465515614
01-04-02-02-01-14,train,14,3,sad,04,02,02,01,03-01-04-02-02-01-14,data/raw/ravdess/audio_speech/Audio_Speech_Actors_01-24/Actor_14/03-01-04-02-02-01-14.wav,3,sad,/home/tonyhe/ravdess_avfusion/external/audio_ser_speechbrain/speechbrain-develop-main/outputs/embeddings_ECAPA/train/03-01-04-02-02-01-14.npy,96,02-01-04-02-02-01-14,data/raw/ravdess/video_speech/Video_Speech_Actor_14/Actor_14/02-01-04-02-02-01-14.mp4,3,sad,/home/tonyhe/ravdess_avfusion/external/video_face_branch/early_fusion_facial_v2/fusion_pack_5f/sequences/02-01-04-02-02-01-14.npy,5,2048,canonical_02,canonical_02,0.111321,0.085697,0.12339,0.254158,0.082821,0.11088,0.126086,0.105646,0.01650912333279848,0.008171806856989861,0.009984949231147766,0.9232433676719666,0.011679568327963352,0.00775828342884779,0.014145060069859028,0.008507838286459447
01-04-02-02-01-15,train,15,3,sad,04,02,02,01,03-01-04-02-02-01-15,data/raw/ravdess/audio_speech/Audio_Speech_Actors_01-24/Actor_15/03-01-04-02-02-01-15.wav,3,sad,/home/tonyhe/ravdess_avfusion/external/audio_ser_speechbrain/speechbrain-develop-main/outputs/embeddings_ECAPA/train/03-01-04-02-02-01-15.npy,96,02-01-04-02-02-01-15,data/raw/ravdess/video_speech/Video_Speech_Actor_15/Actor_15/02-01-04-02-02-01-15.mp4,3,sad,/home/tonyhe/ravdess_avfusion/data/processed/video/backfill_actor15/sequence_embeddings_5f/train/02-01-04-02-02-01-15.npy,5,2048,backfill_actor15,backfill_actor15,0.114369,0.101145,0.101506,0.27135,0.097244,0.093286,0.117721,0.10338,0.027099881321191788,0.02967819571495056,0.01400882937014103,0.814822793006897,0.006705671548843384,0.07983817905187607,0.015005631372332573,0.012840943410992622
01-04-02-02-01-16,train,16,3,sad,04,02,02,01,03-01-04-02-02-01-16,data/raw/ravdess/audio_speech/Audio_Speech_Actors_01-24/Actor_16/03-01-04-02-02-01-16.wav,3,sad,/home/tonyhe/ravdess_avfusion/external/audio_ser_speechbrain/speechbrain-develop-main/outputs/embeddings_ECAPA/train/03-01-04-02-02-01-16.npy,96,02-01-04-02-02-01-16,data/raw/ravdess/video_speech/Video_Speech_Actor_16/Actor_16/02-01-04-02-02-01-16.mp4,3,sad,/home/tonyhe/ravdess_avfusion/external/video_face_branch/early_fusion_facial_v2/fusion_pack_5f/sequences/02-01-04-02-02-01-16.npy,5,2048,canonical_02,canonical_02,0.130283,0.100768,0.126088,0.256932,0.07567,0.091062,0.117874,0.101323,0.02394389994442463,0.009594951570034028,0.01155065130442381,0.9104817390441895,0.011924345046281815,0.007633279077708721,0.012547263689339162,0.012323860824108124
01-04-02-02-02-01,train,1,3,sad,04,02,02,02,03-01-04-02-02-02-01,data/raw/ravdess/audio_speech/Audio_Speech_Actors_01-24/Actor_01/03-01-04-02-02-02-01.wav,3,sad,/home/tonyhe/ravdess_avfusion/external/audio_ser_speechbrain/speechbrain-develop-main/outputs/embeddings_ECAPA/train/03-01-04-02-02-02-01.npy,96,02-01-04-02-02-02-01,data/raw/ravdess/video_speech/Video_Speech_Actor_01/Actor_01/02-01-04-02-02-02-01.mp4,3,sad,/home/tonyhe/ravdess_avfusion/external/video_face_branch/early_fusion_facial_v2/fusion_pack_5f/sequences/02-01-04-02-02-02-01.npy,5,2048,canonical_02,canonical_02,0.129322,0.070014,0.144813,0.214215,0.112648,0.100343,0.08938,0.139266,0.01345875859260559,0.00901198321953416,0.009215275757014751,0.9375162720680237,0.008366814255714417,0.006681440118700266,0.007669810950756073,0.008079618215560913
01-04-02-02-02-02,train,2,3,sad,04,02,02,02,03-01-04-02-02-02-02,data/raw/ravdess/audio_speech/Audio_Speech_Actors_01-24/Actor_02/03-01-04-02-02-02-02.wav,3,sad,/home/tonyhe/ravdess_avfusion/external/audio_ser_speechbrain/speechbrain-develop-main/outputs/embeddings_ECAPA/train/03-01-04-02-02-02-02.npy,96,02-01-04-02-02-02-02,data/raw/ravdess/video_speech/Video_Speech_Actor_02/Actor_02/02-01-04-02-02-02-02.mp4,3,sad,/home/tonyhe/ravdess_avfusion/external/video_face_branch/early_fusion_facial_v2/fusion_pack_5f/sequences/02-01-04-02-02-02-02.npy,5,2048,canonical_02,canonical_02,0.140337,0.085151,0.095832,0.236359,0.071542,0.102037,0.118923,0.149819,0.021919307857751848,0.012559010088443756,0.011682670935988427,0.9088373422622681,0.010135624464601279,0.011665650084614754,0.013733680173754693,0.009466677717864514
01-04-02-02-02-03,train,3,3,sad,04,02,02,02,03-01-04-02-02-02-03,data/raw/ravdess/audio_speech/Audio_Speech_Actors_01-24/Actor_03/03-01-04-02-02-02-03.wav,3,sad,/home/tonyhe/ravdess_avfusion/external/audio_ser_speechbrain/speechbrain-develop-main/outputs/embeddings_ECAPA/train/03-01-04-02-02-02-03.npy,96,02-01-04-02-02-02-03,data/raw/ravdess/video_speech/Video_Speech_Actor_03/Actor_03/02-01-04-02-02-02-03.mp4,3,sad,/home/tonyhe/ravdess_avfusion/external/video_face_branch/early_fusion_facial_v2/fusion_pack_5f/sequences/02-01-04-02-02-02-03.npy,5,2048,canonical_02,canonical_02,0.10831,0.105058,0.120907,0.246308,0.089406,0.112779,0.12878,0.088451,0.02427643947303295,0.00789080122485757,0.014997628331184388,0.8993815898895263,0.012479603290557861,0.009106926340609788,0.022788915038108825,0.009078129194676876
01-04-02-02-02-04,train,4,3,sad,04,02,02,02,03-01-04-02-02-02-04,data/raw/ravdess/audio_speech/Audio_Speech_Actors_01-24/Actor_04/03-01-04-02-02-02-04.wav,3,sad,/home/tonyhe/ravdess_avfusion/external/audio_ser_speechbrain/speechbrain-develop-main/outputs/embeddings_ECAPA/train/03-01-04-02-02-02-04.npy,96,02-01-04-02-02-02-04,data/raw/ravdess/video_speech/Video_Speech_Actor_04/Actor_04/02-01-04-02-02-02-04.mp4,3,sad,/home/tonyhe/ravdess_avfusion/external/video_face_branch/early_fusion_facial_v2/fusion_pack_5f/sequences/02-01-04-02-02-02-04.npy,5,2048,canonical_02,canonical_02,0.100416,0.116982,0.11203,0.265617,0.090382,0.103317,0.096556,0.1147,0.02537610977888107,0.012318749725818635,0.014041454531252384,0.8842005252838134,0.01209808811545372,0.010101810470223427,0.026171813905239105,0.01569144781678915
01-04-02-02-02-05,train,5,3,sad,04,02,02,02,03-01-04-02-02-02-05,data/raw/ravdess/audio_speech/Audio_Speech_Actors_01-24/Actor_05/03-01-04-02-02-02-05.wav,3,sad,/home/tonyhe/ravdess_avfusion/external/audio_ser_speechbrain/speechbrain-develop-main/outputs/embeddings_ECAPA/train/03-01-04-02-02-02-05.npy,96,02-01-04-02-02-02-05,data/raw/ravdess/video_speech/Video_Speech_Actor_05/Actor_05/02-01-04-02-02-02-05.mp4,3,sad,/home/tonyhe/ravdess_avfusion/external/video_face_branch/early_fusion_facial_v2/fusion_pack_5f/sequences/02-01-04-02-02-02-05.npy,5,2048,canonical_02,canonical_02,0.159321,0.137076,0.111689,0.22587,0.079368,0.116889,0.074847,0.094939,0.020314838737249374,0.01138616744428873,0.009766012150794267,0.9156906723976135,0.011333338357508183,0.007940372638404369,0.014110309816896916,0.00945834768936038
01-04-02-02-02-06,train,6,3,sad,04,02,02,02,03-01-04-02-02-02-06,data/raw/ravdess/audio_speech/Audio_Speech_Actors_01-24/Actor_06/03-01-04-02-02-02-06.wav,3,sad,/home/tonyhe/ravdess_avfusion/external/audio_ser_speechbrain/speechbrain-develop-main/outputs/embeddings_ECAPA/train/03-01-04-02-02-02-06.npy,96,02-01-04-02-02-02-06,data/raw/ravdess/video_speech/Video_Speech_Actor_06/Actor_06/02-01-04-02-02-02-06.mp4,3,sad,/home/tonyhe/ravdess_avfusion/external/video_face_branch/early_fusion_facial_v2/fusion_pack_5f/sequences/02-01-04-02-02-02-06.npy,5,2048,canonical_02,canonical_02,0.104516,0.117385,0.097882,0.242525,0.091592,0.154359,0.095259,0.096482,0.02198845036327839,0.015539400093257428,0.011673006787896156,0.8934753894805908,0.010416230652481318,0.014032093808054924,0.018744666129350662,0.014130748063325881
01-04-02-02-02-07,train,7,3,sad,04,02,02,02,03-01-04-02-02-02-07,data/raw/ravdess/audio_speech/Audio_Speech_Actors_01-24/Actor_07/03-01-04-02-02-02-07.wav,3,sad,/home/tonyhe/ravdess_avfusion/external/audio_ser_speechbrain/speechbrain-develop-main/outputs/embeddings_ECAPA/train/03-01-04-02-02-02-07.npy,96,02-01-04-02-02-02-07,data/raw/ravdess/video_speech/Video_Speech_Actor_07/Actor_07/02-01-04-02-02-02-07.mp4,3,sad,/home/tonyhe/ravdess_avfusion/external/video_face_branch/early_fusion_facial_v2/fusion_pack_5f/sequences/02-01-04-02-02-02-07.npy,5,2048,canonical_02,canonical_02,0.131087,0.109978,0.124805,0.268856,0.097795,0.091497,0.095263,0.080719,0.025064794719219206,0.009362348541617393,0.014640606939792633,0.8992766380310059,0.011680428870022297,0.00801464170217514,0.023944076150655746,0.00801644348539412
01-04-02-02-02-08,train,8,3,sad,04,02,02,02,03-01-04-02-02-02-08,data/raw/ravdess/audio_speech/Audio_Speech_Actors_01-24/Actor_08/03-01-04-02-02-02-08.wav,3,sad,/home/tonyhe/ravdess_avfusion/external/audio_ser_speechbrain/speechbrain-develop-main/outputs/embeddings_ECAPA/train/03-01-04-02-02-02-08.npy,96,02-01-04-02-02-02-08,data/raw/ravdess/video_speech/Video_Speech_Actor_08/Actor_08/02-01-04-02-02-02-08.mp4,3,sad,/home/tonyhe/ravdess_avfusion/external/video_face_branch/early_fusion_facial_v2/fusion_pack_5f/sequences/02-01-04-02-02-02-08.npy,5,2048,canonical_02,canonical_02,0.099069,0.121197,0.110219,0.248783,0.082459,0.130718,0.110043,0.097512,0.017164152674376966,0.0071550238411873576,0.009936266113072634,0.9197038769721985,0.009580072481185198,0.010165215469896793,0.01787955816835165,0.008415793627500534
01-04-02-02-02-09,train,9,3,sad,04,02,02,02,03-01-04-02-02-02-09,data/raw/ravdess/audio_speech/Audio_Speech_Actors_01-24/Actor_09/03-01-04-02-02-02-09.wav,3,sad,/home/tonyhe/ravdess_avfusion/external/audio_ser_speechbrain/speechbrain-develop-main/outputs/embeddings_ECAPA/train/03-01-04-02-02-02-09.npy,96,02-01-04-02-02-02-09,data/raw/ravdess/video_speech/Video_Speech_Actor_09/Actor_09/02-01-04-02-02-02-09.mp4,3,sad,/home/tonyhe/ravdess_avfusion/external/video_face_branch/early_fusion_facial_v2/fusion_pack_5f/sequences/02-01-04-02-02-02-09.npy,5,2048,canonical_02,canonical_02,0.113901,0.1411,0.112195,0.253285,0.090055,0.11473,0.093852,0.080884,0.01840788535773754,0.011027848906815052,0.008851274847984314,0.9137672901153564,0.010618032328784466,0.00735100144520402,0.020717108249664308,0.00925961323082447
01-04-02-02-02-10,train,10,3,sad,04,02,02,02,03-01-04-02-02-02-10,data/raw/ravdess/audio_speech/Audio_Speech_Actors_01-24/Actor_10/03-01-04-02-02-02-10.wav,3,sad,/home/tonyhe/ravdess_avfusion/external/audio_ser_speechbrain/speechbrain-develop-main/outputs/embeddings_ECAPA/train/03-01-04-02-02-02-10.npy,96,02-01-04-02-02-02-10,data/raw/ravdess/video_speech/Video_Speech_Actor_10/Actor_10/02-01-04-02-02-02-10.mp4,3,sad,/home/tonyhe/ravdess_avfusion/external/video_face_branch/early_fusion_facial_v2/fusion_pack_5f/sequences/02-01-04-02-02-02-10.npy,5,2048,canonical_02,canonical_02,0.111439,0.12529,0.095381,0.227445,0.074644,0.098475,0.141967,0.125359,0.01907534711062908,0.009264917392283679,0.012323340214788914,0.915060305595398,0.010325539950281381,0.012828236073255539,0.012081471644341946,0.00904082702472806
01-04-02-02-02-11,train,11,3,sad,04,02,02,02,03-01-04-02-02-02-11,data/raw/ravdess/audio_speech/Audio_Speech_Actors_01-24/Actor_11/03-01-04-02-02-02-11.wav,3,sad,/home/tonyhe/ravdess_avfusion/external/audio_ser_speechbrain/speechbrain-develop-main/outputs/embeddings_ECAPA/train/03-01-04-02-02-02-11.npy,96,02-01-04-02-02-02-11,data/raw/ravdess/video_speech/Video_Speech_Actor_11/Actor_11/02-01-04-02-02-02-11.mp4,3,sad,/home/tonyhe/ravdess_avfusion/external/video_face_branch/early_fusion_facial_v2/fusion_pack_5f/sequences/02-01-04-02-02-02-11.npy,5,2048,canonical_02,canonical_02,0.119638,0.095063,0.097221,0.235102,0.083431,0.08172,0.151608,0.136218,0.02193937562406063,0.008446240797638893,0.012343677319586277,0.9023363828659058,0.013842160068452358,0.007104971818625927,0.02492791637778282,0.00905922157689929
01-04-02-02-02-12,train,12,3,sad,04,02,02,02,03-01-04-02-02-02-12,data/raw/ravdess/audio_speech/Audio_Speech_Actors_01-24/Actor_12/03-01-04-02-02-02-12.wav,3,sad,/home/tonyhe/ravdess_avfusion/external/audio_ser_speechbrain/speechbrain-develop-main/outputs/embeddings_ECAPA/train/03-01-04-02-02-02-12.npy,96,02-01-04-02-02-02-12,data/raw/ravdess/video_speech/Video_Speech_Actor_12/Actor_12/02-01-04-02-02-02-12.mp4,3,sad,/home/tonyhe/ravdess_avfusion/external/video_face_branch/early_fusion_facial_v2/fusion_pack_5f/sequences/02-01-04-02-02-02-12.npy,5,2048,canonical_02,canonical_02,0.12998,0.129127,0.1029,0.260174,0.107014,0.113943,0.07498,0.081882,0.024110439606010912,0.008737803809344769,0.012085890211164952,0.8998114466667175,0.018171006720513104,0.009962991625070573,0.016618277132511138,0.010502167604863643
01-04-02-02-02-13,train,13,3,sad,04,02,02,02,03-01-04-02-02-02-13,data/raw/ravdess/audio_speech/Audio_Speech_Actors_01-24/Actor_13/03-01-04-02-02-02-13.wav,3,sad,/home/tonyhe/ravdess_avfusion/external/audio_ser_speechbrain/speechbrain-develop-main/outputs/embeddings_ECAPA/train/03-01-04-02-02-02-13.npy,96,02-01-04-02-02-02-13,data/raw/ravdess/video_speech/Video_Speech_Actor_13/Actor_13/02-01-04-02-02-02-13.mp4,3,sad,/home/tonyhe/ravdess_avfusion/external/video_face_branch/early_fusion_facial_v2/fusion_pack_5f/sequences/02-01-04-02-02-02-13.npy,5,2048,canonical_02,canonical_02,0.145678,0.106278,0.132555,0.222155,0.06578,0.109437,0.11564,0.102476,0.018551552109420298,0.008815163187682629,0.008592136949300767,0.9248071074485779,0.009335476346313954,0.007937442138791084,0.012079424597322941,0.009881650470197201
01-04-02-02-02-14,train,14,3,sad,04,02,02,02,03-01-04-02-02-02-14,data/raw/ravdess/audio_speech/Audio_Speech_Actors_01-24/Actor_14/03-01-04-02-02-02-14.wav,3,sad,/home/tonyhe/ravdess_avfusion/external/audio_ser_speechbrain/speechbrain-develop-main/outputs/embeddings_ECAPA/train/03-01-04-02-02-02-14.npy,96,02-01-04-02-02-02-14,data/raw/ravdess/video_speech/Video_Speech_Actor_14/Actor_14/02-01-04-02-02-02-14.mp4,3,sad,/home/tonyhe/ravdess_avfusion/external/video_face_branch/early_fusion_facial_v2/fusion_pack_5f/sequences/02-01-04-02-02-02-14.npy,5,2048,canonical_02,canonical_02,0.107383,0.089009,0.102713,0.267945,0.104268,0.117113,0.111325,0.100243,0.017943361215293406,0.008990500122308731,0.010661719739437104,0.924368953704834,0.00906569892540574,0.008447503577917815,0.011700321547687053,0.00882195346057415
01-04-02-02-02-15,train,15,3,sad,04,02,02,02,03-01-04-02-02-02-15,data/raw/ravdess/audio_speech/Audio_Speech_Actors_01-24/Actor_15/03-01-04-02-02-02-15.wav,3,sad,/home/tonyhe/ravdess_avfusion/external/audio_ser_speechbrain/speechbrain-develop-main/outputs/embeddings_ECAPA/train/03-01-04-02-02-02-15.npy,96,02-01-04-02-02-02-15,data/raw/ravdess/video_speech/Video_Speech_Actor_15/Actor_15/02-01-04-02-02-02-15.mp4,0,neutral,/home/tonyhe/ravdess_avfusion/data/processed/video/backfill_actor15/sequence_embeddings_5f/train/02-01-04-02-02-02-15.npy,5,2048,backfill_actor15,backfill_actor15,0.103176,0.106558,0.110273,0.235526,0.088686,0.129511,0.137011,0.08926,0.3493611514568329,0.08599565923213959,0.049058154225349426,0.3277216851711273,0.015540624968707561,0.1205696240067482,0.039025794714689255,0.012727255001664162
01-04-02-02-02-16,train,16,3,sad,04,02,02,02,03-01-04-02-02-02-16,data/raw/ravdess/audio_speech/Audio_Speech_Actors_01-24/Actor_16/03-01-04-02-02-02-16.wav,3,sad,/home/tonyhe/ravdess_avfusion/external/audio_ser_speechbrain/speechbrain-develop-main/outputs/embeddings_ECAPA/train/03-01-04-02-02-02-16.npy,96,02-01-04-02-02-02-16,data/raw/ravdess/video_speech/Video_Speech_Actor_16/Actor_16/02-01-04-02-02-02-16.mp4,3,sad,/home/tonyhe/ravdess_avfusion/external/video_face_branch/early_fusion_facial_v2/fusion_pack_5f/sequences/02-01-04-02-02-02-16.npy,5,2048,canonical_02,canonical_02,0.117525,0.110048,0.122637,0.246473,0.075956,0.123166,0.116183,0.088011,0.025747748091816902,0.012154189497232437,0.012733836192637682,0.8994518399238587,0.012986172363162041,0.009167808014899493,0.016527800634503365,0.011230637412518263
01-05-01-01-01-01,train,1,4,angry,05,01,01,01,03-01-05-01-01-01-01,data/raw/ravdess/audio_speech/Audio_Speech_Actors_01-24/Actor_01/03-01-05-01-01-01-01.wav,4,angry,/home/tonyhe/ravdess_avfusion/external/audio_ser_speechbrain/speechbrain-develop-main/outputs/embeddings_ECAPA/train/03-01-05-01-01-01-01.npy,96,02-01-05-01-01-01-01,data/raw/ravdess/video_speech/Video_Speech_Actor_01/Actor_01/02-01-05-01-01-01-01.mp4,4,angry,/home/tonyhe/ravdess_avfusion/external/video_face_branch/early_fusion_facial_v2/fusion_pack_5f/sequences/02-01-05-01-01-01-01.npy,5,2048,canonical_02,canonical_02,0.108952,0.101111,0.125472,0.084939,0.245285,0.093524,0.10296,0.137757,0.02374238856136799,0.010421572718769312,0.010788545664399862,0.014239112939685583,0.9011272549629211,0.02254007486626506,0.010521074291318655,0.006619966169819236
01-05-01-01-01-02,train,2,4,angry,05,01,01,01,03-01-05-01-01-01-02,data/raw/ravdess/audio_speech/Audio_Speech_Actors_01-24/Actor_02/03-01-05-01-01-01-02.wav,4,angry,/home/tonyhe/ravdess_avfusion/external/audio_ser_speechbrain/speechbrain-develop-main/outputs/embeddings_ECAPA/train/03-01-05-01-01-01-02.npy,96,02-01-05-01-01-01-02,data/raw/ravdess/video_speech/Video_Speech_Actor_02/Actor_02/02-01-05-01-01-01-02.mp4,4,angry,/home/tonyhe/ravdess_avfusion/external/video_face_branch/early_fusion_facial_v2/fusion_pack_5f/sequences/02-01-05-01-01-01-02.npy,5,2048,canonical_02,canonical_02,0.11282,0.084325,0.096928,0.130427,0.235082,0.094863,0.09655,0.149005,0.04584030844271183,0.011042859591543674,0.012304861471056939,0.1108887642621994,0.7768385291099549,0.007539980811998248,0.02678898349404335,0.008755723107606172
01-05-01-01-01-03,train,3,4,angry,05,01,01,01,03-01-05-01-01-01-03,data/raw/ravdess/audio_speech/Audio_Speech_Actors_01-24/Actor_03/03-01-05-01-01-01-03.wav,4,angry,/home/tonyhe/ravdess_avfusion/external/audio_ser_speechbrain/speechbrain-develop-main/outputs/embeddings_ECAPA/train/03-01-05-01-01-01-03.npy,96,02-01-05-01-01-01-03,data/raw/ravdess/video_speech/Video_Speech_Actor_03/Actor_03/02-01-05-01-01-01-03.mp4,4,angry,/home/tonyhe/ravdess_avfusion/external/video_face_branch/early_fusion_facial_v2/fusion_pack_5f/sequences/02-01-05-01-01-01-03.npy,5,2048,canonical_02,canonical_02,0.099607,0.116618,0.091523,0.105537,0.241996,0.129482,0.135388,0.079848,0.020610608533024787,0.011168761923909188,0.00812740484252572,0.009151840582489967,0.9174689531326294,0.010775358602404594,0.012528733350336552,0.010168357565999032
01-05-01-01-01-04,train,4,4,angry,05,01,01,01,03-01-05-01-01-01-04,data/raw/ravdess/audio_speech/Audio_Speech_Actors_01-24/Actor_04/03-01-05-01-01-01-04.wav,4,angry,/home/tonyhe/ravdess_avfusion/external/audio_ser_speechbrain/speechbrain-develop-main/outputs/embeddings_ECAPA/train/03-01-05-01-01-01-04.npy,96,02-01-05-01-01-01-04,data/raw/ravdess/video_speech/Video_Speech_Actor_04/Actor_04/02-01-05-01-01-01-04.mp4,4,angry,/home/tonyhe/ravdess_avfusion/external/video_face_branch/early_fusion_facial_v2/fusion_pack_5f/sequences/02-01-05-01-01-01-04.npy,5,2048,canonical_02,canonical_02,0.124048,0.101031,0.118985,0.107796,0.222481,0.066743,0.118453,0.140462,0.02373998425900936,0.011894557997584343,0.008629887364804745,0.00953642139211297,0.9215776324272156,0.007657885644584894,0.009640690125524997,0.007322899624705314
01-05-01-01-01-05,train,5,4,angry,05,01,01,01,03-01-05-01-01-01-05,data/raw/ravdess/audio_speech/Audio_Speech_Actors_01-24/Actor_05/03-01-05-01-01-01-05.wav,4,angry,/home/tonyhe/ravdess_avfusion/external/audio_ser_speechbrain/speechbrain-develop-main/outputs/embeddings_ECAPA/train/03-01-05-01-01-01-05.npy,96,02-01-05-01-01-01-05,data/raw/ravdess/video_speech/Video_Speech_Actor_05/Actor_05/02-01-05-01-01-01-05.mp4,4,angry,/home/tonyhe/ravdess_avfusion/external/video_face_branch/early_fusion_facial_v2/fusion_pack_5f/sequences/02-01-05-01-01-01-05.npy,5,2048,canonical_02,canonical_02,0.156049,0.098249,0.125098,0.096561,0.216782,0.080151,0.096118,0.130993,0.01945461332798004,0.00996740609407425,0.007757630664855242,0.010963580384850503,0.9268093824386596,0.0062204614281654354,0.010535132139921188,0.008291799947619439
01-05-01-01-01-06,train,6,4,angry,05,01,01,01,03-01-05-01-01-01-06,data/raw/ravdess/audio_speech/Audio_Speech_Actors_01-24/Actor_06/03-01-05-01-01-01-06.wav,4,angry,/home/tonyhe/ravdess_avfusion/external/audio_ser_speechbrain/speechbrain-develop-main/outputs/embeddings_ECAPA/train/03-01-05-01-01-01-06.npy,96,02-01-05-01-01-01-06,data/raw/ravdess/video_speech/Video_Speech_Actor_06/Actor_06/02-01-05-01-01-01-06.mp4,4,angry,/home/tonyhe/ravdess_avfusion/external/video_face_branch/early_fusion_facial_v2/fusion_pack_5f/sequences/02-01-05-01-01-01-06.npy,5,2048,canonical_02,canonical_02,0.145784,0.096378,0.096054,0.09679,0.251245,0.114056,0.093063,0.106631,0.021858979389071463,0.01084901038557291,0.009661000221967697,0.00888286679983139,0.9183471322059631,0.009243635274469853,0.01190269347280264,0.009254715498536825
01-05-01-01-01-07,train,7,4,angry,05,01,01,01,03-01-05-01-01-01-07,data/raw/ravdess/audio_speech/Audio_Speech_Actors_01-24/Actor_07/03-01-05-01-01-01-07.wav,4,angry,/home/tonyhe/ravdess_avfusion/external/audio_ser_speechbrain/speechbrain-develop-main/outputs/embeddings_ECAPA/train/03-01-05-01-01-01-07.npy,96,02-01-05-01-01-01-07,data/raw/ravdess/video_speech/Video_Speech_Actor_07/Actor_07/02-01-05-01-01-01-07.mp4,4,angry,/home/tonyhe/ravdess_avfusion/external/video_face_branch/early_fusion_facial_v2/fusion_pack_5f/sequences/02-01-05-01-01-01-07.npy,5,2048,canonical_02,canonical_02,0.103266,0.105323,0.077322,0.090259,0.247303,0.121779,0.135228,0.11952,0.023035817220807074,0.011126565281301737,0.008313939720392228,0.010022790357470512,0.9166256427764893,0.00758092813193798,0.014224892109632492,0.009069406427443027
01-05-01-01-01-08,train,8,4,angry,05,01,01,01,03-01-05-01-01-01-08,data/raw/ravdess/audio_speech/Audio_Speech_Actors_01-24/Actor_08/03-01-05-01-01-01-08.wav,4,angry,/home/tonyhe/ravdess_avfusion/external/audio_ser_speechbrain/speechbrain-develop-main/outputs/embeddings_ECAPA/train/03-01-05-01-01-01-08.npy,96,02-01-05-01-01-01-08,data/raw/ravdess/video_speech/Video_Speech_Actor_08/Actor_08/02-01-05-01-01-01-08.mp4,4,angry,/home/tonyhe/ravdess_avfusion/external/video_face_branch/early_fusion_facial_v2/fusion_pack_5f/sequences/02-01-05-01-01-01-08.npy,5,2048,canonical_02,canonical_02,0.126345,0.096482,0.117869,0.098374,0.220863,0.082536,0.097417,0.160113,0.02218731790781021,0.009866696968674659,0.010251968167722225,0.014065578952431679,0.916298246383667,0.008072675950825215,0.011772273667156696,0.007485232641920447
01-05-01-01-01-09,train,9,4,angry,05,01,01,01,03-01-05-01-01-01-09,data/raw/ravdess/audio_speech/Audio_Speech_Actors_01-24/Actor_09/03-01-05-01-01-01-09.wav,4,angry,/home/tonyhe/ravdess_avfusion/external/audio_ser_speechbrain/speechbrain-develop-main/outputs/embeddings_ECAPA/train/03-01-05-01-01-01-09.npy,96,02-01-05-01-01-01-09,data/raw/ravdess/video_speech/Video_Speech_Actor_09/Actor_09/02-01-05-01-01-01-09.mp4,4,angry,/home/tonyhe/ravdess_avfusion/external/video_face_branch/early_fusion_facial_v2/fusion_pack_5f/sequences/02-01-05-01-01-01-09.npy,5,2048,canonical_02,canonical_02,0.122878,0.100548,0.135512,0.090648,0.22915,0.082796,0.114215,0.124253,0.02226458564400673,0.011872545070946216,0.0123991833999753,0.009624915942549706,0.9132068037986756,0.009731568675488234,0.011136861331760884,0.009763559978455304
01-05-01-01-01-10,train,10,4,angry,05,01,01,01,03-01-05-01-01-01-10,data/raw/ravdess/audio_speech/Audio_Speech_Actors_01-24/Actor_10/03-01-05-01-01-01-10.wav,4,angry,/home/tonyhe/ravdess_avfusion/external/audio_ser_speechbrain/speechbrain-develop-main/outputs/embeddings_ECAPA/train/03-01-05-01-01-01-10.npy,96,02-01-05-01-01-01-10,data/raw/ravdess/video_speech/Video_Speech_Actor_10/Actor_10/02-01-05-01-01-01-10.mp4,4,angry,/home/tonyhe/ravdess_avfusion/external/video_face_branch/early_fusion_facial_v2/fusion_pack_5f/sequences/02-01-05-01-01-01-10.npy,5,2048,canonical_02,canonical_02,0.121285,0.13725,0.097237,0.089002,0.255288,0.087291,0.121761,0.090887,0.11117340372875333,0.009659258462488652,0.008693469129502774,0.01850039679557085,0.8169718682765961,0.012910443544387817,0.00785352298989892,0.014237638632766902
01-05-01-01-01-11,train,11,4,angry,05,01,01,01,03-01-05-01-01-01-11,data/raw/ravdess/audio_speech/Audio_Speech_Actors_01-24/Actor_11/03-01-05-01-01-01-11.wav,4,angry,/home/tonyhe/ravdess_avfusion/external/audio_ser_speechbrain/speechbrain-develop-main/outputs/embeddings_ECAPA/train/03-01-05-01-01-01-11.npy,96,02-01-05-01-01-01-11,data/raw/ravdess/video_speech/Video_Speech_Actor_11/Actor_11/02-01-05-01-01-01-11.mp4,4,angry,/home/tonyhe/ravdess_avfusion/external/video_face_branch/early_fusion_facial_v2/fusion_pack_5f/sequences/02-01-05-01-01-01-11.npy,5,2048,canonical_02,canonical_02,0.107306,0.103107,0.119523,0.080622,0.225634,0.077999,0.150605,0.135204,0.021569475159049036,0.012181352823972702,0.012362058088183404,0.014084606431424618,0.9132842421531677,0.008303016237914563,0.011495543643832207,0.006719700898975134
01-05-01-01-01-12,train,12,4,angry,05,01,01,01,03-01-05-01-01-01-12,data/raw/ravdess/audio_speech/Audio_Speech_Actors_01-24/Actor_12/03-01-05-01-01-01-12.wav,4,angry,/home/tonyhe/ravdess_avfusion/external/audio_ser_speechbrain/speechbrain-develop-main/outputs/embeddings_ECAPA/train/03-01-05-01-01-01-12.npy,96,02-01-05-01-01-01-12,data/raw/ravdess/video_speech/Video_Speech_Actor_12/Actor_12/02-01-05-01-01-01-12.mp4,4,angry,/home/tonyhe/ravdess_avfusion/external/video_face_branch/early_fusion_facial_v2/fusion_pack_5f/sequences/02-01-05-01-01-01-12.npy,5,2048,canonical_02,canonical_02,0.132831,0.103327,0.097931,0.120061,0.246298,0.069921,0.124535,0.105095,0.022607945650815964,0.010726134572178126,0.016942314617335797,0.1009866668842733,0.8147029757499695,0.010918097291141748,0.011482526641339063,0.011633343715220689
01-05-01-01-01-13,train,13,4,angry,05,01,01,01,03-01-05-01-01-01-13,data/raw/ravdess/audio_speech/Audio_Speech_Actors_01-24/Actor_13/03-01-05-01-01-01-13.wav,4,angry,/home/tonyhe/ravdess_avfusion/external/audio_ser_speechbrain/speechbrain-develop-main/outputs/embeddings_ECAPA/train/03-01-05-01-01-01-13.npy,96,02-01-05-01-01-01-13,data/raw/ravdess/video_speech/Video_Speech_Actor_13/Actor_13/02-01-05-01-01-01-13.mp4,4,angry,/home/tonyhe/ravdess_avfusion/external/video_face_branch/early_fusion_facial_v2/fusion_pack_5f/sequences/02-01-05-01-01-01-13.npy,5,2048,canonical_02,canonical_02,0.10836,0.09054,0.091991,0.100453,0.252931,0.099396,0.120693,0.135636,0.020707844570279122,0.00951369497925043,0.00895895678550005,0.009138691332191229,0.919652783870697,0.007342500705271959,0.015355762466788292,0.009329735767096281
01-05-01-01-01-14,train,14,4,angry,05,01,01,01,03-01-05-01-01-01-14,data/raw/ravdess/audio_speech/Audio_Speech_Actors_01-24/Actor_14/03-01-05-01-01-01-14.wav,4,angry,/home/tonyhe/ravdess_avfusion/external/audio_ser_speechbrain/speechbrain-develop-main/outputs/embeddings_ECAPA/train/03-01-05-01-01-01-14.npy,96,02-01-05-01-01-01-14,data/raw/ravdess/video_speech/Video_Speech_Actor_14/Actor_14/02-01-05-01-01-01-14.mp4,4,angry,/home/tonyhe/ravdess_avfusion/external/video_face_branch/early_fusion_facial_v2/fusion_pack_5f/sequences/02-01-05-01-01-01-14.npy,5,2048,canonical_02,canonical_02,0.11196,0.09465,0.094463,0.103465,0.252624,0.120126,0.093845,0.128867,0.023759889230132104,0.011858552135527134,0.006970459688454866,0.012260888516902924,0.9204682350158692,0.0056232335977256295,0.009039630088955164,0.010019166488200426
01-05-01-01-01-15,train,15,4,angry,05,01,01,01,03-01-05-01-01-01-15,data/raw/ravdess/audio_speech/Audio_Speech_Actors_01-24/Actor_15/03-01-05-01-01-01-15.wav,4,angry,/home/tonyhe/ravdess_avfusion/external/audio_ser_speechbrain/speechbrain-develop-main/outputs/embeddings_ECAPA/train/03-01-05-01-01-01-15.npy,96,02-01-05-01-01-01-15,data/raw/ravdess/video_speech/Video_Speech_Actor_15/Actor_15/02-01-05-01-01-01-15.mp4,3,sad,/home/tonyhe/ravdess_avfusion/data/processed/video/backfill_actor15/sequence_embeddings_5f/train/02-01-05-01-01-01-15.npy,5,2048,backfill_actor15,backfill_actor15,0.140145,0.128303,0.086472,0.0882,0.228479,0.070978,0.12347,0.133952,0.14508359134197235,0.00985404010862112,0.01957852393388748,0.5343298316001892,0.1862829327583313,0.030428484082221985,0.02381192333996296,0.05063067749142647
01-05-01-01-01-16,train,16,4,angry,05,01,01,01,03-01-05-01-01-01-16,data/raw/ravdess/audio_speech/Audio_Speech_Actors_01-24/Actor_16/03-01-05-01-01-01-16.wav,4,angry,/home/tonyhe/ravdess_avfusion/external/audio_ser_speechbrain/speechbrain-develop-main/outputs/embeddings_ECAPA/train/03-01-05-01-01-01-16.npy,96,02-01-05-01-01-01-16,data/raw/ravdess/video_speech/Video_Speech_Actor_16/Actor_16/02-01-05-01-01-01-16.mp4,4,angry,/home/tonyhe/ravdess_avfusion/external/video_face_branch/early_fusion_facial_v2/fusion_pack_5f/sequences/02-01-05-01-01-01-16.npy,5,2048,canonical_02,canonical_02,0.116503,0.083519,0.097607,0.097744,0.244448,0.097779,0.131054,0.131345,0.026553733833134176,0.010101592913269997,0.009093266632407903,0.005906595569103956,0.9242105841636657,0.007709965575486422,0.007613023882731796,0.008811254147440195
01-05-01-01-02-01,train,1,4,angry,05,01,01,02,03-01-05-01-01-02-01,data/raw/ravdess/audio_speech/Audio_Speech_Actors_01-24/Actor_01/03-01-05-01-01-02-01.wav,4,angry,/home/tonyhe/ravdess_avfusion/external/audio_ser_speechbrain/speechbrain-develop-main/outputs/embeddings_ECAPA/train/03-01-05-01-01-02-01.npy,96,02-01-05-01-01-02-01,data/raw/ravdess/video_speech/Video_Speech_Actor_01/Actor_01/02-01-05-01-01-02-01.mp4,4,angry,/home/tonyhe/ravdess_avfusion/external/video_face_branch/early_fusion_facial_v2/fusion_pack_5f/sequences/02-01-05-01-01-02-01.npy,5,2048,canonical_02,canonical_02,0.096855,0.095336,0.113603,0.081313,0.237316,0.093506,0.126667,0.155404,0.02011816706508398,0.008479373063892126,0.008513893373310566,0.012964745983481407,0.9201153516769409,0.015004760446026921,0.008291483111679553,0.006512235174886883
01-05-01-01-02-02,train,2,4,angry,05,01,01,02,03-01-05-01-01-02-02,data/raw/ravdess/audio_speech/Audio_Speech_Actors_01-24/Actor_02/03-01-05-01-01-02-02.wav,4,angry,/home/tonyhe/ravdess_avfusion/external/audio_ser_speechbrain/speechbrain-develop-main/outputs/embeddings_ECAPA/train/03-01-05-01-01-02-02.npy,96,02-01-05-01-01-02-02,data/raw/ravdess/video_speech/Video_Speech_Actor_02/Actor_02/02-01-05-01-01-02-02.mp4,4,angry,/home/tonyhe/ravdess_avfusion/external/video_face_branch/early_fusion_facial_v2/fusion_pack_5f/sequences/02-01-05-01-01-02-02.npy,5,2048,canonical_02,canonical_02,0.111247,0.08547,0.084203,0.12031,0.252549,0.108784,0.115305,0.122132,0.038730813190340996,0.012745723966509104,0.015135751292109489,0.2663674819283187,0.6328660011291504,0.009048202075064182,0.01552048809826374,0.009585519134998322
01-05-01-01-02-03,train,3,4,angry,05,01,01,02,03-01-05-01-01-02-03,data/raw/ravdess/audio_speech/Audio_Speech_Actors_01-24/Actor_03/03-01-05-01-01-02-03.wav,4,angry,/home/tonyhe/ravdess_avfusion/external/audio_ser_speechbrain/speechbrain-develop-main/outputs/embeddings_ECAPA/train/03-01-05-01-01-02-03.npy,96,02-01-05-01-01-02-03,data/raw/ravdess/video_speech/Video_Speech_Actor_03/Actor_03/02-01-05-01-01-02-03.mp4,4,angry,/home/tonyhe/ravdess_avfusion/external/video_face_branch/early_fusion_facial_v2/fusion_pack_5f/sequences/02-01-05-01-01-02-03.npy,5,2048,canonical_02,canonical_02,0.103944,0.090111,0.115114,0.08681,0.240055,0.099761,0.149753,0.114452,0.022637780383229257,0.012710163462907076,0.009551352076232433,0.009752355609089136,0.9115181565284729,0.01250413954257965,0.011609154846519231,0.009716888144612312
01-05-01-01-02-04,train,4,4,angry,05,01,01,02,03-01-05-01-01-02-04,data/raw/ravdess/audio_speech/Audio_Speech_Actors_01-24/Actor_04/03-01-05-01-01-02-04.wav,4,angry,/home/tonyhe/ravdess_avfusion/external/audio_ser_speechbrain/speechbrain-develop-main/outputs/embeddings_ECAPA/train/03-01-05-01-01-02-04.npy,96,02-01-05-01-01-02-04,data/raw/ravdess/video_speech/Video_Speech_Actor_04/Actor_04/02-01-05-01-01-02-04.mp4,4,angry,/home/tonyhe/ravdess_avfusion/external/video_face_branch/early_fusion_facial_v2/fusion_pack_5f/sequences/02-01-05-01-01-02-04.npy,5,2048,canonical_02,canonical_02,0.127078,0.097241,0.105451,0.089741,0.229695,0.0875,0.104722,0.158572,0.022198554128408432,0.009448477812111378,0.008983583934605122,0.01335353534668684,0.8956961274147034,0.027429128438234328,0.01550755575299263,0.007383014820516109
01-05-01-01-02-05,train,5,4,angry,05,01,01,02,03-01-05-01-01-02-05,data/raw/ravdess/audio_speech/Audio_Speech_Actors_01-24/Actor_05/03-01-05-01-01-02-05.wav,4,angry,/home/tonyhe/ravdess_avfusion/external/audio_ser_speechbrain/speechbrain-develop-main/outputs/embeddings_ECAPA/train/03-01-05-01-01-02-05.npy,96,02-01-05-01-01-02-05,data/raw/ravdess/video_speech/Video_Speech_Actor_05/Actor_05/02-01-05-01-01-02-05.mp4,4,angry,/home/tonyhe/ravdess_avfusion/external/video_face_branch/early_fusion_facial_v2/fusion_pack_5f/sequences/02-01-05-01-01-02-05.npy,5,2048,canonical_02,canonical_02,0.134544,0.084438,0.11782,0.1125,0.236267,0.088519,0.12293,0.102982,0.019509578123688698,0.010010980069637299,0.009288069885224104,0.009837756864726543,0.920943558216095,0.009499009232968092,0.009659822005778551,0.011251195147633553
01-05-01-01-02-06,train,6,4,angry,05,01,01,02,03-01-05-01-01-02-06,data/raw/ravdess/audio_speech/Audio_Speech_Actors_01-24/Actor_06/03-01-05-01-01-02-06.wav,4,angry,/home/tonyhe/ravdess_avfusion/external/audio_ser_speechbrain/speechbrain-develop-main/outputs/embeddings_ECAPA/train/03-01-05-01-01-02-06.npy,96,02-01-05-01-01-02-06,data/raw/ravdess/video_speech/Video_Speech_Actor_06/Actor_06/02-01-05-01-01-02-06.mp4,4,angry,/home/tonyhe/ravdess_avfusion/external/video_face_branch/early_fusion_facial_v2/fusion_pack_5f/sequences/02-01-05-01-01-02-06.npy,5,2048,canonical_02,canonical_02,0.12091,0.098643,0.073408,0.107789,0.251633,0.099784,0.132818,0.115015,0.13211909495294094,0.010855763964354993,0.011203688755631446,0.010741007793694735,0.7822255432605744,0.010436185169965029,0.011853630188852549,0.030565130710601806
01-05-01-01-02-07,train,7,4,angry,05,01,01,02,03-01-05-01-01-02-07,data/raw/ravdess/audio_speech/Audio_Speech_Actors_01-24/Actor_07/03-01-05-01-01-02-07.wav,4,angry,/home/tonyhe/ravdess_avfusion/external/audio_ser_speechbrain/speechbrain-develop-main/outputs/embeddings_ECAPA/train/03-01-05-01-01-02-07.npy,96,02-01-05-01-01-02-07,data/raw/ravdess/video_speech/Video_Speech_Actor_07/Actor_07/02-01-05-01-01-02-07.mp4,4,angry,/home/tonyhe/ravdess_avfusion/external/video_face_branch/early_fusion_facial_v2/fusion_pack_5f/sequences/02-01-05-01-01-02-07.npy,5,2048,canonical_02,canonical_02,0.086598,0.135808,0.103004,0.091317,0.24933,0.101272,0.108325,0.124347,0.022306929901242258,0.012423835135996342,0.008516319375485183,0.009938483871519566,0.9148520827293396,0.008353341370821,0.012828927859663964,0.010780044179409743
01-05-01-01-02-08,train,8,4,angry,05,01,01,02,03-01-05-01-01-02-08,data/raw/ravdess/audio_speech/Audio_Speech_Actors_01-24/Actor_08/03-01-05-01-01-02-08.wav,4,angry,/home/tonyhe/ravdess_avfusion/external/audio_ser_speechbrain/speechbrain-develop-main/outputs/embeddings_ECAPA/train/03-01-05-01-01-02-08.npy,96,02-01-05-01-01-02-08,data/raw/ravdess/video_speech/Video_Speech_Actor_08/Actor_08/02-01-05-01-01-02-08.mp4,4,angry,/home/tonyhe/ravdess_avfusion/external/video_face_branch/early_fusion_facial_v2/fusion_pack_5f/sequences/02-01-05-01-01-02-08.npy,5,2048,canonical_02,canonical_02,0.121343,0.094964,0.098121,0.114876,0.233918,0.082681,0.098371,0.155725,0.024229932203888895,0.009091484360396862,0.007623784150928259,0.014089270681142806,0.9202253818511963,0.006909844651818276,0.010654444340616465,0.00717586912214756
01-05-01-01-02-09,train,9,4,angry,05,01,01,02,03-01-05-01-01-02-09,data/raw/ravdess/audio_speech/Audio_Speech_Actors_01-24/Actor_09/03-01-05-01-01-02-09.wav,4,angry,/home/tonyhe/ravdess_avfusion/external/audio_ser_speechbrain/speechbrain-develop-main/outputs/embeddings_ECAPA/train/03-01-05-01-01-02-09.npy,96,02-01-05-01-01-02-09,data/raw/ravdess/video_speech/Video_Speech_Actor_09/Actor_09/02-01-05-01-01-02-09.mp4,4,angry,/home/tonyhe/ravdess_avfusion/external/video_face_branch/early_fusion_facial_v2/fusion_pack_5f/sequences/02-01-05-01-01-02-09.npy,5,2048,canonical_02,canonical_02,0.133357,0.086703,0.11154,0.105107,0.245319,0.08852,0.116609,0.112844,0.021704940497875212,0.011682894825935364,0.010659739747643471,0.011202782578766345,0.9147849917411804,0.010578957945108413,0.011638879589736462,0.007746799569576979
01-05-01-01-02-10,train,10,4,angry,05,01,01,02,03-01-05-01-01-02-10,data/raw/ravdess/audio_speech/Audio_Speech_Actors_01-24/Actor_10/03-01-05-01-01-02-10.wav,4,angry,/home/tonyhe/ravdess_avfusion/external/audio_ser_speechbrain/speechbrain-develop-main/outputs/embeddings_ECAPA/train/03-01-05-01-01-02-10.npy,96,02-01-05-01-01-02-10,data/raw/ravdess/video_speech/Video_Speech_Actor_10/Actor_10/02-01-05-01-01-02-10.mp4,4,angry,/home/tonyhe/ravdess_avfusion/external/video_face_branch/early_fusion_facial_v2/fusion_pack_5f/sequences/02-01-05-01-01-02-10.npy,5,2048,canonical_02,canonical_02,0.123168,0.124723,0.096931,0.089511,0.251786,0.076891,0.116484,0.120506,0.1408965714275837,0.010143848415464164,0.016182451322674752,0.011045708786696196,0.6754837691783905,0.09991714926436543,0.00813032016158104,0.03820015862584114
01-05-01-01-02-11,train,11,4,angry,05,01,01,02,03-01-05-01-01-02-11,data/raw/ravdess/audio_speech/Audio_Speech_Actors_01-24/Actor_11/03-01-05-01-01-02-11.wav,4,angry,/home/tonyhe/ravdess_avfusion/external/audio_ser_speechbrain/speechbrain-develop-main/outputs/embeddings_ECAPA/train/03-01-05-01-01-02-11.npy,96,02-01-05-01-01-02-11,data/raw/ravdess/video_speech/Video_Speech_Actor_11/Actor_11/02-01-05-01-01-02-11.mp4,4,angry,/home/tonyhe/ravdess_avfusion/external/video_face_branch/early_fusion_facial_v2/fusion_pack_5f/sequences/02-01-05-01-01-02-11.npy,5,2048,canonical_02,canonical_02,0.107295,0.094113,0.110866,0.08658,0.241247,0.08312,0.140068,0.136711,0.020235443860292433,0.01227950192987919,0.009458017442375422,0.009236961137503386,0.9165636539459229,0.008509133104234934,0.012428764440119266,0.011288518086075783
01-05-01-01-02-12,train,12,4,angry,05,01,01,02,03-01-05-01-01-02-12,data/raw/ravdess/audio_speech/Audio_Speech_Actors_01-24/Actor_12/03-01-05-01-01-02-12.wav,4,angry,/home/tonyhe/ravdess_avfusion/external/audio_ser_speechbrain/speechbrain-develop-main/outputs/embeddings_ECAPA/train/03-01-05-01-01-02-12.npy,96,02-01-05-01-01-02-12,data/raw/ravdess/video_speech/Video_Speech_Actor_12/Actor_12/02-01-05-01-01-02-12.mp4,4,angry,/home/tonyhe/ravdess_avfusion/external/video_face_branch/early_fusion_facial_v2/fusion_pack_5f/sequences/02-01-05-01-01-02-12.npy,5,2048,canonical_02,canonical_02,0.142848,0.086375,0.101132,0.102259,0.226953,0.078193,0.153003,0.109237,0.016871953569352626,0.0071128541603684425,0.008980726543813943,0.01628964804112911,0.9326822519302368,0.0052129490301013,0.007927062548696994,0.004922529635950923
01-05-01-01-02-13,train,13,4,angry,05,01,01,02,03-01-05-01-01-02-13,data/raw/ravdess/audio_speech/Audio_Speech_Actors_01-24/Actor_13/03-01-05-01-01-02-13.wav,4,angry,/home/tonyhe/ravdess_avfusion/external/audio_ser_speechbrain/speechbrain-develop-main/outputs/embeddings_ECAPA/train/03-01-05-01-01-02-13.npy,96,02-01-05-01-01-02-13,data/raw/ravdess/video_speech/Video_Speech_Actor_13/Actor_13/02-01-05-01-01-02-13.mp4,4,angry,/home/tonyhe/ravdess_avfusion/external/video_face_branch/early_fusion_facial_v2/fusion_pack_5f/sequences/02-01-05-01-01-02-13.npy,5,2048,canonical_02,canonical_02,0.109195,0.092077,0.079556,0.114489,0.252185,0.120665,0.10328,0.128554,0.02383073531091213,0.010351750999689102,0.010454808175563813,0.011087835300713778,0.9091086983680725,0.009234831016510726,0.016203884221613406,0.009727514255791903
01-05-01-01-02-14,train,14,4,angry,05,01,01,02,03-01-05-01-01-02-14,data/raw/ravdess/audio_speech/Audio_Speech_Actors_01-24/Actor_14/03-01-05-01-01-02-14.wav,4,angry,/home/tonyhe/ravdess_avfusion/external/audio_ser_speechbrain/speechbrain-develop-main/outputs/embeddings_ECAPA/train/03-01-05-01-01-02-14.npy,96,02-01-05-01-01-02-14,data/raw/ravdess/video_speech/Video_Speech_Actor_14/Actor_14/02-01-05-01-01-02-14.mp4,4,angry,/home/tonyhe/ravdess_avfusion/external/video_face_branch/early_fusion_facial_v2/fusion_pack_5f/sequences/02-01-05-01-01-02-14.npy,5,2048,canonical_02,canonical_02,0.124913,0.111764,0.083273,0.102439,0.24975,0.088614,0.098246,0.141,0.032521375082433225,0.020966414688155056,0.008357532415539026,0.017458863183856012,0.8917207717895508,0.011340244766324758,0.010287465713918208,0.007347333896905184
01-05-01-01-02-15,train,15,4,angry,05,01,01,02,03-01-05-01-01-02-15,data/raw/ravdess/audio_speech/Audio_Speech_Actors_01-24/Actor_15/03-01-05-01-01-02-15.wav,4,angry,/home/tonyhe/ravdess_avfusion/external/audio_ser_speechbrain/speechbrain-develop-main/outputs/embeddings_ECAPA/train/03-01-05-01-01-02-15.npy,96,02-01-05-01-01-02-15,data/raw/ravdess/video_speech/Video_Speech_Actor_15/Actor_15/02-01-05-01-01-02-15.mp4,4,angry,/home/tonyhe/ravdess_avfusion/data/processed/video/backfill_actor15/sequence_embeddings_5f/train/02-01-05-01-01-02-15.npy,5,2048,backfill_actor15,backfill_actor15,0.110547,0.134041,0.08276,0.095292,0.255374,0.086178,0.107543,0.128264,0.39728546142578125,0.006428764667361975,0.014870652928948402,0.02808370627462864,0.49854645133018494,0.03468561917543411,0.012257566675543785,0.00784174632281065
01-05-01-01-02-16,train,16,4,angry,05,01,01,02,03-01-05-01-01-02-16,data/raw/ravdess/audio_speech/Audio_Speech_Actors_01-24/Actor_16/03-01-05-01-01-02-16.wav,4,angry,/home/tonyhe/ravdess_avfusion/external/audio_ser_speechbrain/speechbrain-develop-main/outputs/embeddings_ECAPA/train/03-01-05-01-01-02-16.npy,96,02-01-05-01-01-02-16,data/raw/ravdess/video_speech/Video_Speech_Actor_16/Actor_16/02-01-05-01-01-02-16.mp4,4,angry,/home/tonyhe/ravdess_avfusion/external/video_face_branch/early_fusion_facial_v2/fusion_pack_5f/sequences/02-01-05-01-01-02-16.npy,5,2048,canonical_02,canonical_02,0.122702,0.103314,0.083737,0.109808,0.258613,0.09308,0.11164,0.117105,0.036525880172848704,0.011824355646967887,0.011310636438429356,0.008784567005932331,0.9034029006958008,0.008943329192698002,0.010293488018214702,0.008914871886372567
01-05-01-02-01-01,train,1,4,angry,05,01,02,01,03-01-05-01-02-01-01,data/raw/ravdess/audio_speech/Audio_Speech_Actors_01-24/Actor_01/03-01-05-01-02-01-01.wav,4,angry,/home/tonyhe/ravdess_avfusion/external/audio_ser_speechbrain/speechbrain-develop-main/outputs/embeddings_ECAPA/train/03-01-05-01-02-01-01.npy,96,02-01-05-01-02-01-01,data/raw/ravdess/video_speech/Video_Speech_Actor_01/Actor_01/02-01-05-01-02-01-01.mp4,4,angry,/home/tonyhe/ravdess_avfusion/external/video_face_branch/early_fusion_facial_v2/fusion_pack_5f/sequences/02-01-05-01-02-01-01.npy,5,2048,canonical_02,canonical_02,0.106267,0.105392,0.126946,0.081274,0.238498,0.099154,0.111146,0.131323,0.01728434432297945,0.009951325412839652,0.011122146807610988,0.013939380180090666,0.9189690828323365,0.007445802818983794,0.014791002497076988,0.006496865721419454
01-05-01-02-01-02,train,2,4,angry,05,01,02,01,03-01-05-01-02-01-02,data/raw/ravdess/audio_speech/Audio_Speech_Actors_01-24/Actor_02/03-01-05-01-02-01-02.wav,4,angry,/home/tonyhe/ravdess_avfusion/external/audio_ser_speechbrain/speechbrain-develop-main/outputs/embeddings_ECAPA/train/03-01-05-01-02-01-02.npy,96,02-01-05-01-02-01-02,data/raw/ravdess/video_speech/Video_Speech_Actor_02/Actor_02/02-01-05-01-02-01-02.mp4,4,angry,/home/tonyhe/ravdess_avfusion/external/video_face_branch/early_fusion_facial_v2/fusion_pack_5f/sequences/02-01-05-01-02-01-02.npy,5,2048,canonical_02,canonical_02,0.130548,0.085018,0.097264,0.103073,0.235745,0.089331,0.122727,0.136294,0.028437844663858413,0.013115698471665382,0.01249344227835536,0.15148907443508505,0.7560407757759094,0.01063649021089077,0.019723781011998655,0.008062921091914177
01-05-01-02-01-03,train,3,4,angry,05,01,02,01,03-01-05-01-02-01-03,data/raw/ravdess/audio_speech/Audio_Speech_Actors_01-24/Actor_03/03-01-05-01-02-01-03.wav,4,angry,/home/tonyhe/ravdess_avfusion/external/audio_ser_speechbrain/speechbrain-develop-main/outputs/embeddings_ECAPA/train/03-01-05-01-02-01-03.npy,96,02-01-05-01-02-01-03,data/raw/ravdess/video_speech/Video_Speech_Actor_03/Actor_03/02-01-05-01-02-01-03.mp4,4,angry,/home/tonyhe/ravdess_avfusion/external/video_face_branch/early_fusion_facial_v2/fusion_pack_5f/sequences/02-01-05-01-02-01-03.npy,5,2048,canonical_02,canonical_02,0.134962,0.103231,0.111533,0.087854,0.234354,0.134323,0.112789,0.080955,0.08075598664581776,0.010300473310053349,0.008823284041136503,0.010594646167010068,0.85906822681427,0.010262981429696083,0.00934318983927369,0.010851209051907063
01-05-01-02-01-04,train,4,4,angry,05,01,02,01,03-01-05-01-02-01-04,data/raw/ravdess/audio_speech/Audio_Speech_Actors_01-24/Actor_04/03-01-05-01-02-01-04.wav,4,angry,/home/tonyhe/ravdess_avfusion/external/audio_ser_speechbrain/speechbrain-develop-main/outputs/embeddings_ECAPA/train/03-01-05-01-02-01-04.npy,96,02-01-05-01-02-01-04,data/raw/ravdess/video_speech/Video_Speech_Actor_04/Actor_04/02-01-05-01-02-01-04.mp4,4,angry,/home/tonyhe/ravdess_avfusion/external/video_face_branch/early_fusion_facial_v2/fusion_pack_5f/sequences/02-01-05-01-02-01-04.npy,5,2048,canonical_02,canonical_02,0.114054,0.104371,0.10372,0.125032,0.235183,0.077347,0.107007,0.133286,0.020626992359757422,0.011861754767596721,0.0097909533418715,0.01646222546696663,0.9116866111755371,0.011314178816974163,0.010820499714463949,0.007436780538409948
01-05-01-02-01-05,train,5,4,angry,05,01,02,01,03-01-05-01-02-01-05,data/raw/ravdess/audio_speech/Audio_Speech_Actors_01-24/Actor_05/03-01-05-01-02-01-05.wav,4,angry,/home/tonyhe/ravdess_avfusion/external/audio_ser_speechbrain/speechbrain-develop-main/outputs/embeddings_ECAPA/train/03-01-05-01-02-01-05.npy,96,02-01-05-01-02-01-05,data/raw/ravdess/video_speech/Video_Speech_Actor_05/Actor_05/02-01-05-01-02-01-05.mp4,4,angry,/home/tonyhe/ravdess_avfusion/external/video_face_branch/early_fusion_facial_v2/fusion_pack_5f/sequences/02-01-05-01-02-01-05.npy,5,2048,canonical_02,canonical_02,0.162869,0.112182,0.091818,0.090364,0.224008,0.116655,0.124056,0.078047,0.024210049584507943,0.010007384046912194,0.00941421315073967,0.011991438642144202,0.9158687472343445,0.0067771850153803825,0.013893290981650352,0.007837703824043274
01-05-01-02-01-06,train,6,4,angry,05,01,02,01,03-01-05-01-02-01-06,data/raw/ravdess/audio_speech/Audio_Speech_Actors_01-24/Actor_06/03-01-05-01-02-01-06.wav,4,angry,/home/tonyhe/ravdess_avfusion/external/audio_ser_speechbrain/speechbrain-develop-main/outputs/embeddings_ECAPA/train/03-01-05-01-02-01-06.npy,96,02-01-05-01-02-01-06,data/raw/ravdess/video_speech/Video_Speech_Actor_06/Actor_06/02-01-05-01-02-01-06.mp4,4,angry,/home/tonyhe/ravdess_avfusion/external/video_face_branch/early_fusion_facial_v2/fusion_pack_5f/sequences/02-01-05-01-02-01-06.npy,5,2048,canonical_02,canonical_02,0.137116,0.109308,0.085771,0.099197,0.259035,0.106254,0.10701,0.096308,0.026585029810667037,0.015498468093574047,0.01038561793975532,0.011206581909209489,0.884115743637085,0.02362756049260497,0.01042110649868846,0.018159909639507532
01-05-01-02-01-07,train,7,4,angry,05,01,02,01,03-01-05-01-02-01-07,data/raw/ravdess/audio_speech/Audio_Speech_Actors_01-24/Actor_07/03-01-05-01-02-01-07.wav,4,angry,/home/tonyhe/ravdess_avfusion/external/audio_ser_speechbrain/speechbrain-develop-main/outputs/embeddings_ECAPA/train/03-01-05-01-02-01-07.npy,96,02-01-05-01-02-01-07,data/raw/ravdess/video_speech/Video_Speech_Actor_07/Actor_07/02-01-05-01-02-01-07.mp4,4,angry,/home/tonyhe/ravdess_avfusion/external/video_face_branch/early_fusion_facial_v2/fusion_pack_5f/sequences/02-01-05-01-02-01-07.npy,5,2048,canonical_02,canonical_02,0.121112,0.08142,0.075175,0.132131,0.225421,0.105646,0.14455,0.114545,0.024548638239502908,0.01283471342176199,0.010466742515563964,0.009381487779319287,0.8981450796127319,0.00854690782725811,0.027003246545791625,0.009073209203779697
01-05-01-02-01-08,train,8,4,angry,05,01,02,01,03-01-05-01-02-01-08,data/raw/ravdess/audio_speech/Audio_Speech_Actors_01-24/Actor_08/03-01-05-01-02-01-08.wav,4,angry,/home/tonyhe/ravdess_avfusion/external/audio_ser_speechbrain/speechbrain-develop-main/outputs/embeddings_ECAPA/train/03-01-05-01-02-01-08.npy,96,02-01-05-01-02-01-08,data/raw/ravdess/video_speech/Video_Speech_Actor_08/Actor_08/02-01-05-01-02-01-08.mp4,4,angry,/home/tonyhe/ravdess_avfusion/external/video_face_branch/early_fusion_facial_v2/fusion_pack_5f/sequences/02-01-05-01-02-01-08.npy,5,2048,canonical_02,canonical_02,0.120771,0.081873,0.079394,0.097866,0.213274,0.103989,0.129534,0.173299,0.02645253427326679,0.009854893106967211,0.008742224704474211,0.009963652212172746,0.9208471417427063,0.007886685989797115,0.009502881485968829,0.006749973818659783
01-05-01-02-01-09,train,9,4,angry,05,01,02,01,03-01-05-01-02-01-09,data/raw/ravdess/audio_speech/Audio_Speech_Actors_01-24/Actor_09/03-01-05-01-02-01-09.wav,4,angry,/home/tonyhe/ravdess_avfusion/external/audio_ser_speechbrain/speechbrain-develop-main/outputs/embeddings_ECAPA/train/03-01-05-01-02-01-09.npy,96,02-01-05-01-02-01-09,data/raw/ravdess/video_speech/Video_Speech_Actor_09/Actor_09/02-01-05-01-02-01-09.mp4,4,angry,/home/tonyhe/ravdess_avfusion/external/video_face_branch/early_fusion_facial_v2/fusion_pack_5f/sequences/02-01-05-01-02-01-09.npy,5,2048,canonical_02,canonical_02,0.116963,0.085414,0.13429,0.096451,0.230535,0.093536,0.105368,0.137444,0.022190604731440543,0.012116337660700083,0.013709394820034504,0.009444548841565847,0.9067033410072327,0.011736312881112099,0.01075698398053646,0.013342434074729681
01-05-01-02-01-10,train,10,4,angry,05,01,02,01,03-01-05-01-02-01-10,data/raw/ravdess/audio_speech/Audio_Speech_Actors_01-24/Actor_10/03-01-05-01-02-01-10.wav,4,angry,/home/tonyhe/ravdess_avfusion/external/audio_ser_speechbrain/speechbrain-develop-main/outputs/embeddings_ECAPA/train/03-01-05-01-02-01-10.npy,96,02-01-05-01-02-01-10,data/raw/ravdess/video_speech/Video_Speech_Actor_10/Actor_10/02-01-05-01-02-01-10.mp4,4,angry,/home/tonyhe/ravdess_avfusion/external/video_face_branch/early_fusion_facial_v2/fusion_pack_5f/sequences/02-01-05-01-02-01-10.npy,5,2048,canonical_02,canonical_02,0.130933,0.120299,0.064776,0.100028,0.230434,0.099676,0.139271,0.114583,0.02388139385730028,0.007616612315177918,0.007502535218372941,0.010527683328837157,0.9246710062026977,0.009063096391037107,0.008131803618744016,0.008605838008224963
01-05-01-02-01-11,train,11,4,angry,05,01,02,01,03-01-05-01-02-01-11,data/raw/ravdess/audio_speech/Audio_Speech_Actors_01-24/Actor_11/03-01-05-01-02-01-11.wav,4,angry,/home/tonyhe/ravdess_avfusion/external/audio_ser_speechbrain/speechbrain-develop-main/outputs/embeddings_ECAPA/train/03-01-05-01-02-01-11.npy,96,02-01-05-01-02-01-11,data/raw/ravdess/video_speech/Video_Speech_Actor_11/Actor_11/02-01-05-01-02-01-11.mp4,4,angry,/home/tonyhe/ravdess_avfusion/external/video_face_branch/early_fusion_facial_v2/fusion_pack_5f/sequences/02-01-05-01-02-01-11.npy,5,2048,canonical_02,canonical_02,0.135407,0.10917,0.116844,0.072596,0.220258,0.084341,0.12978,0.131604,0.020081302523612975,0.011816923879086972,0.009832515846937895,0.00983386319130659,0.9214184880256653,0.007617264427244664,0.011154229193925858,0.008245398011058568
01-05-01-02-01-12,train,12,4,angry,05,01,02,01,03-01-05-01-02-01-12,data/raw/ravdess/audio_speech/Audio_Speech_Actors_01-24/Actor_12/03-01-05-01-02-01-12.wav,4,angry,/home/tonyhe/ravdess_avfusion/external/audio_ser_speechbrain/speechbrain-develop-main/outputs/embeddings_ECAPA/train/03-01-05-01-02-01-12.npy,96,02-01-05-01-02-01-12,data/raw/ravdess/video_speech/Video_Speech_Actor_12/Actor_12/02-01-05-01-02-01-12.mp4,4,angry,/home/tonyhe/ravdess_avfusion/external/video_face_branch/early_fusion_facial_v2/fusion_pack_5f/sequences/02-01-05-01-02-01-12.npy,5,2048,canonical_02,canonical_02,0.107627,0.110572,0.096181,0.099568,0.20716,0.067664,0.16366,0.147568,0.03328656405210495,0.007717050611972809,0.014925498981028795,0.10117116407491267,0.7629182517528534,0.06015386348590255,0.013291787076741456,0.00653581004589796
01-05-01-02-01-13,train,13,4,angry,05,01,02,01,03-01-05-01-02-01-13,data/raw/ravdess/audio_speech/Audio_Speech_Actors_01-24/Actor_13/03-01-05-01-02-01-13.wav,4,angry,/home/tonyhe/ravdess_avfusion/external/audio_ser_speechbrain/speechbrain-develop-main/outputs/embeddings_ECAPA/train/03-01-05-01-02-01-13.npy,96,02-01-05-01-02-01-13,data/raw/ravdess/video_speech/Video_Speech_Actor_13/Actor_13/02-01-05-01-02-01-13.mp4,4,angry,/home/tonyhe/ravdess_avfusion/external/video_face_branch/early_fusion_facial_v2/fusion_pack_5f/sequences/02-01-05-01-02-01-13.npy,5,2048,canonical_02,canonical_02,0.103995,0.089959,0.091777,0.117946,0.23604,0.114795,0.147943,0.097546,0.02552721053361893,0.011173969134688377,0.00933840125799179,0.009669132344424725,0.9152748107910156,0.008376846369355918,0.011594225652515888,0.009045396000146866
01-05-01-02-01-14,train,14,4,angry,05,01,02,01,03-01-05-01-02-01-14,data/raw/ravdess/audio_speech/Audio_Speech_Actors_01-24/Actor_14/03-01-05-01-02-01-14.wav,4,angry,/home/tonyhe/ravdess_avfusion/external/audio_ser_speechbrain/speechbrain-develop-main/outputs/embeddings_ECAPA/train/03-01-05-01-02-01-14.npy,96,02-01-05-01-02-01-14,data/raw/ravdess/video_speech/Video_Speech_Actor_14/Actor_14/02-01-05-01-02-01-14.mp4,4,angry,/home/tonyhe/ravdess_avfusion/external/video_face_branch/early_fusion_facial_v2/fusion_pack_5f/sequences/02-01-05-01-02-01-14.npy,5,2048,canonical_02,canonical_02,0.135997,0.083755,0.096114,0.136057,0.233152,0.11205,0.089929,0.112946,0.05351600628346205,0.008813140355050564,0.007955516688525677,0.014462842512875796,0.8915777206420898,0.00786760998889804,0.008458482101559639,0.007348679192364216
01-05-01-02-01-15,train,15,4,angry,05,01,02,01,03-01-05-01-02-01-15,data/raw/ravdess/audio_speech/Audio_Speech_Actors_01-24/Actor_15/03-01-05-01-02-01-15.wav,4,angry,/home/tonyhe/ravdess_avfusion/external/audio_ser_speechbrain/speechbrain-develop-main/outputs/embeddings_ECAPA/train/03-01-05-01-02-01-15.npy,96,02-01-05-01-02-01-15,data/raw/ravdess/video_speech/Video_Speech_Actor_15/Actor_15/02-01-05-01-02-01-15.mp4,4,angry,/home/tonyhe/ravdess_avfusion/data/processed/video/backfill_actor15/sequence_embeddings_5f/train/02-01-05-01-02-01-15.npy,5,2048,backfill_actor15,backfill_actor15,0.096847,0.088087,0.083898,0.128783,0.220458,0.099226,0.157303,0.125398,0.24137918651103973,0.01446235179901123,0.031068459153175354,0.17198634147644043,0.36728501319885254,0.07756392657756805,0.03670351579785347,0.05955120176076889
01-05-01-02-01-16,train,16,4,angry,05,01,02,01,03-01-05-01-02-01-16,data/raw/ravdess/audio_speech/Audio_Speech_Actors_01-24/Actor_16/03-01-05-01-02-01-16.wav,4,angry,/home/tonyhe/ravdess_avfusion/external/audio_ser_speechbrain/speechbrain-develop-main/outputs/embeddings_ECAPA/train/03-01-05-01-02-01-16.npy,96,02-01-05-01-02-01-16,data/raw/ravdess/video_speech/Video_Speech_Actor_16/Actor_16/02-01-05-01-02-01-16.mp4,4,angry,/home/tonyhe/ravdess_avfusion/external/video_face_branch/early_fusion_facial_v2/fusion_pack_5f/sequences/02-01-05-01-02-01-16.npy,5,2048,canonical_02,canonical_02,0.136773,0.085079,0.114167,0.117348,0.22465,0.07289,0.137911,0.111182,0.018071613274514675,0.00982113815844059,0.008240333292633295,0.008491000533103943,0.9274882435798645,0.009184110444039106,0.010615844652056694,0.00808776430785656
01-05-01-02-02-01,train,1,4,angry,05,01,02,02,03-01-05-01-02-02-01,data/raw/ravdess/audio_speech/Audio_Speech_Actors_01-24/Actor_01/03-01-05-01-02-02-01.wav,4,angry,/home/tonyhe/ravdess_avfusion/external/audio_ser_speechbrain/speechbrain-develop-main/outputs/embeddings_ECAPA/train/03-01-05-01-02-02-01.npy,96,02-01-05-01-02-02-01,data/raw/ravdess/video_speech/Video_Speech_Actor_01/Actor_01/02-01-05-01-02-02-01.mp4,4,angry,/home/tonyhe/ravdess_avfusion/external/video_face_branch/early_fusion_facial_v2/fusion_pack_5f/sequences/02-01-05-01-02-02-01.npy,5,2048,canonical_02,canonical_02,0.110619,0.124648,0.121727,0.082594,0.242813,0.08438,0.117697,0.115522,0.01310836598277092,0.006653817556798458,0.007189651392400265,0.008782573323696852,0.9478575944900512,0.005713399825617671,0.006641482003033161,0.0040530946105718614
01-05-01-02-02-02,train,2,4,angry,05,01,02,02,03-01-05-01-02-02-02,data/raw/ravdess/audio_speech/Audio_Speech_Actors_01-24/Actor_02/03-01-05-01-02-02-02.wav,4,angry,/home/tonyhe/ravdess_avfusion/external/audio_ser_speechbrain/speechbrain-develop-main/outputs/embeddings_ECAPA/train/03-01-05-01-02-02-02.npy,96,02-01-05-01-02-02-02,data/raw/ravdess/video_speech/Video_Speech_Actor_02/Actor_02/02-01-05-01-02-02-02.mp4,4,angry,/home/tonyhe/ravdess_avfusion/external/video_face_branch/early_fusion_facial_v2/fusion_pack_5f/sequences/02-01-05-01-02-02-02.npy,5,2048,canonical_02,canonical_02,0.12237,0.107413,0.096978,0.088642,0.250132,0.108781,0.129637,0.096048,0.031064126268029214,0.011892393231391907,0.010235648602247238,0.043314665416255595,0.8750447511672974,0.008638675417751073,0.012499595154076814,0.007310156803578138
01-05-01-02-02-03,train,3,4,angry,05,01,02,02,03-01-05-01-02-02-03,data/raw/ravdess/audio_speech/Audio_Speech_Actors_01-24/Actor_03/03-01-05-01-02-02-03.wav,4,angry,/home/tonyhe/ravdess_avfusion/external/audio_ser_speechbrain/speechbrain-develop-main/outputs/embeddings_ECAPA/train/03-01-05-01-02-02-03.npy,96,02-01-05-01-02-02-03,data/raw/ravdess/video_speech/Video_Speech_Actor_03/Actor_03/02-01-05-01-02-02-03.mp4,4,angry,/home/tonyhe/ravdess_avfusion/external/video_face_branch/early_fusion_facial_v2/fusion_pack_5f/sequences/02-01-05-01-02-02-03.npy,5,2048,canonical_02,canonical_02,0.112248,0.109318,0.101269,0.07748,0.24258,0.111856,0.13082,0.11443,0.021462681889533996,0.010841042082756758,0.009373708721250295,0.019753254484385252,0.8514907121658325,0.06459719520062208,0.012381546851247548,0.010099801514297724
01-05-01-02-02-04,train,4,4,angry,05,01,02,02,03-01-05-01-02-02-04,data/raw/ravdess/audio_speech/Audio_Speech_Actors_01-24/Actor_04/03-01-05-01-02-02-04.wav,4,angry,/home/tonyhe/ravdess_avfusion/external/audio_ser_speechbrain/speechbrain-develop-main/outputs/embeddings_ECAPA/train/03-01-05-01-02-02-04.npy,96,02-01-05-01-02-02-04,data/raw/ravdess/video_speech/Video_Speech_Actor_04/Actor_04/02-01-05-01-02-02-04.mp4,4,angry,/home/tonyhe/ravdess_avfusion/external/video_face_branch/early_fusion_facial_v2/fusion_pack_5f/sequences/02-01-05-01-02-02-04.npy,5,2048,canonical_02,canonical_02,0.128418,0.106836,0.084487,0.114102,0.241767,0.075303,0.129082,0.120005,0.022450552508234977,0.011734159663319588,0.01054270677268505,0.013594678044319153,0.9127937912940979,0.010486256424337625,0.010269783437252045,0.008128013368695975
01-05-01-02-02-05,train,5,4,angry,05,01,02,02,03-01-05-01-02-02-05,data/raw/ravdess/audio_speech/Audio_Speech_Actors_01-24/Actor_05/03-01-05-01-02-02-05.wav,4,angry,/home/tonyhe/ravdess_avfusion/external/audio_ser_speechbrain/speechbrain-develop-main/outputs/embeddings_ECAPA/train/03-01-05-01-02-02-05.npy,96,02-01-05-01-02-02-05,data/raw/ravdess/video_speech/Video_Speech_Actor_05/Actor_05/02-01-05-01-02-02-05.mp4,4,angry,/home/tonyhe/ravdess_avfusion/external/video_face_branch/early_fusion_facial_v2/fusion_pack_5f/sequences/02-01-05-01-02-02-05.npy,5,2048,canonical_02,canonical_02,0.128965,0.121304,0.104806,0.089888,0.229863,0.09293,0.150613,0.081631,0.020143642276525497,0.011782516166567803,0.00959531981498003,0.011940369196236134,0.917138648033142,0.008169080130755901,0.012172256037592888,0.009058146737515926
01-05-01-02-02-06,train,6,4,angry,05,01,02,02,03-01-05-01-02-02-06,data/raw/ravdess/audio_speech/Audio_Speech_Actors_01-24/Actor_06/03-01-05-01-02-02-06.wav,4,angry,/home/tonyhe/ravdess_avfusion/external/audio_ser_speechbrain/speechbrain-develop-main/outputs/embeddings_ECAPA/train/03-01-05-01-02-02-06.npy,96,02-01-05-01-02-02-06,data/raw/ravdess/video_speech/Video_Speech_Actor_06/Actor_06/02-01-05-01-02-02-06.mp4,4,angry,/home/tonyhe/ravdess_avfusion/external/video_face_branch/early_fusion_facial_v2/fusion_pack_5f/sequences/02-01-05-01-02-02-06.npy,5,2048,canonical_02,canonical_02,0.132628,0.111698,0.092134,0.096141,0.264032,0.098543,0.107948,0.096877,0.023220789059996604,0.010769593715667724,0.009954403806477784,0.008617804665118457,0.9170865774154663,0.009811787959188223,0.010927679389715195,0.009611342195421457
01-05-01-02-02-07,train,7,4,angry,05,01,02,02,03-01-05-01-02-02-07,data/raw/ravdess/audio_speech/Audio_Speech_Actors_01-24/Actor_07/03-01-05-01-02-02-07.wav,4,angry,/home/tonyhe/ravdess_avfusion/external/audio_ser_speechbrain/speechbrain-develop-main/outputs/embeddings_ECAPA/train/03-01-05-01-02-02-07.npy,96,02-01-05-01-02-02-07,data/raw/ravdess/video_speech/Video_Speech_Actor_07/Actor_07/02-01-05-01-02-02-07.mp4,4,angry,/home/tonyhe/ravdess_avfusion/external/video_face_branch/early_fusion_facial_v2/fusion_pack_5f/sequences/02-01-05-01-02-02-07.npy,5,2048,canonical_02,canonical_02,0.103773,0.087329,0.085343,0.090204,0.218628,0.092253,0.155062,0.167407,0.021348989009857176,0.010496164672076702,0.008130163047462701,0.008511431328952313,0.9235469818115234,0.00752501655369997,0.011311665084213019,0.009129602462053299
01-05-01-02-02-08,train,8,4,angry,05,01,02,02,03-01-05-01-02-02-08,data/raw/ravdess/audio_speech/Audio_Speech_Actors_01-24/Actor_08/03-01-05-01-02-02-08.wav,4,angry,/home/tonyhe/ravdess_avfusion/external/audio_ser_speechbrain/speechbrain-develop-main/outputs/embeddings_ECAPA/train/03-01-05-01-02-02-08.npy,96,02-01-05-01-02-02-08,data/raw/ravdess/video_speech/Video_Speech_Actor_08/Actor_08/02-01-05-01-02-02-08.mp4,4,angry,/home/tonyhe/ravdess_avfusion/external/video_face_branch/early_fusion_facial_v2/fusion_pack_5f/sequences/02-01-05-01-02-02-08.npy,5,2048,canonical_02,canonical_02,0.115675,0.103729,0.09508,0.087203,0.228007,0.083925,0.130589,0.155791,0.019919631816446782,0.00930466242134571,0.008230907190591098,0.010732113104313611,0.9281790733337403,0.006356065161526203,0.009870622307062149,0.0074069096706807615
01-05-01-02-02-09,train,9,4,angry,05,01,02,02,03-01-05-01-02-02-09,data/raw/ravdess/audio_speech/Audio_Speech_Actors_01-24/Actor_09/03-01-05-01-02-02-09.wav,4,angry,/home/tonyhe/ravdess_avfusion/external/audio_ser_speechbrain/speechbrain-develop-main/outputs/embeddings_ECAPA/train/03-01-05-01-02-02-09.npy,96,02-01-05-01-02-02-09,data/raw/ravdess/video_speech/Video_Speech_Actor_09/Actor_09/02-01-05-01-02-02-09.mp4,4,angry,/home/tonyhe/ravdess_avfusion/external/video_face_branch/early_fusion_facial_v2/fusion_pack_5f/sequences/02-01-05-01-02-02-09.npy,5,2048,canonical_02,canonical_02,0.13296,0.080154,0.130195,0.108083,0.226296,0.081983,0.12181,0.118519,0.02337631806731224,0.011161843873560428,0.010111527517437935,0.010255540627986193,0.9150219678878784,0.010224777646362782,0.010395106673240662,0.009452944528311491
01-05-01-02-02-10,train,10,4,angry,05,01,02,02,03-01-05-01-02-02-10,data/raw/ravdess/audio_speech/Audio_Speech_Actors_01-24/Actor_10/03-01-05-01-02-02-10.wav,4,angry,/home/tonyhe/ravdess_avfusion/external/audio_ser_speechbrain/speechbrain-develop-main/outputs/embeddings_ECAPA/train/03-01-05-01-02-02-10.npy,96,02-01-05-01-02-02-10,data/raw/ravdess/video_speech/Video_Speech_Actor_10/Actor_10/02-01-05-01-02-02-10.mp4,4,angry,/home/tonyhe/ravdess_avfusion/external/video_face_branch/early_fusion_facial_v2/fusion_pack_5f/sequences/02-01-05-01-02-02-10.npy,5,2048,canonical_02,canonical_02,0.124567,0.125342,0.077022,0.06784,0.20325,0.103653,0.150524,0.147803,0.01773053836077452,0.009450926445424557,0.007492538914084435,0.0102908568456769,0.9222593426704406,0.012641001027077436,0.010508817248046398,0.009625972807407379
01-05-01-02-02-11,train,11,4,angry,05,01,02,02,03-01-05-01-02-02-11,data/raw/ravdess/audio_speech/Audio_Speech_Actors_01-24/Actor_11/03-01-05-01-02-02-11.wav,4,angry,/home/tonyhe/ravdess_avfusion/external/audio_ser_speechbrain/speechbrain-develop-main/outputs/embeddings_ECAPA/train/03-01-05-01-02-02-11.npy,96,02-01-05-01-02-02-11,data/raw/ravdess/video_speech/Video_Speech_Actor_11/Actor_11/02-01-05-01-02-02-11.mp4,4,angry,/home/tonyhe/ravdess_avfusion/external/video_face_branch/early_fusion_facial_v2/fusion_pack_5f/sequences/02-01-05-01-02-02-11.npy,5,2048,canonical_02,canonical_02,0.118951,0.113558,0.106492,0.091108,0.253538,0.085302,0.136973,0.094078,0.023161781206727027,0.013144521974027157,0.00963002685457468,0.010624321363866328,0.915380847454071,0.008015176095068455,0.011963493935763837,0.008079865016043186
01-05-01-02-02-12,train,12,4,angry,05,01,02,02,03-01-05-01-02-02-12,data/raw/ravdess/audio_speech/Audio_Speech_Actors_01-24/Actor_12/03-01-05-01-02-02-12.wav,4,angry,/home/tonyhe/ravdess_avfusion/external/audio_ser_speechbrain/speechbrain-develop-main/outputs/embeddings_ECAPA/train/03-01-05-01-02-02-12.npy,96,02-01-05-01-02-02-12,data/raw/ravdess/video_speech/Video_Speech_Actor_12/Actor_12/02-01-05-01-02-02-12.mp4,4,angry,/home/tonyhe/ravdess_avfusion/external/video_face_branch/early_fusion_facial_v2/fusion_pack_5f/sequences/02-01-05-01-02-02-12.npy,5,2048,canonical_02,canonical_02,0.123824,0.081614,0.110914,0.108169,0.205087,0.07603,0.152369,0.141993,0.023963032849133016,0.007593685388565063,0.011882654950022697,0.019299293309450148,0.9138662457466126,0.007010942790657282,0.008886453416198491,0.0074977193027734755
01-05-01-02-02-13,train,13,4,angry,05,01,02,02,03-01-05-01-02-02-13,data/raw/ravdess/audio_speech/Audio_Speech_Actors_01-24/Actor_13/03-01-05-01-02-02-13.wav,4,angry,/home/tonyhe/ravdess_avfusion/external/audio_ser_speechbrain/speechbrain-develop-main/outputs/embeddings_ECAPA/train/03-01-05-01-02-02-13.npy,96,02-01-05-01-02-02-13,data/raw/ravdess/video_speech/Video_Speech_Actor_13/Actor_13/02-01-05-01-02-02-13.mp4,4,angry,/home/tonyhe/ravdess_avfusion/external/video_face_branch/early_fusion_facial_v2/fusion_pack_5f/sequences/02-01-05-01-02-02-13.npy,5,2048,canonical_02,canonical_02,0.121314,0.097761,0.081831,0.126258,0.245931,0.094048,0.127633,0.105224,0.02434092592447996,0.012059118691831827,0.009859662782400847,0.011619361396878958,0.9119945526123047,0.009276739228516817,0.012371601909399033,0.008478020410984754
01-05-01-02-02-14,train,14,4,angry,05,01,02,02,03-01-05-01-02-02-14,data/raw/ravdess/audio_speech/Audio_Speech_Actors_01-24/Actor_14/03-01-05-01-02-02-14.wav,4,angry,/home/tonyhe/ravdess_avfusion/external/audio_ser_speechbrain/speechbrain-develop-main/outputs/embeddings_ECAPA/train/03-01-05-01-02-02-14.npy,96,02-01-05-01-02-02-14,data/raw/ravdess/video_speech/Video_Speech_Actor_14/Actor_14/02-01-05-01-02-02-14.mp4,4,angry,/home/tonyhe/ravdess_avfusion/external/video_face_branch/early_fusion_facial_v2/fusion_pack_5f/sequences/02-01-05-01-02-02-14.npy,5,2048,canonical_02,canonical_02,0.129412,0.09542,0.102836,0.108364,0.247999,0.092428,0.101694,0.121848,0.025034710206091403,0.014506072830408811,0.008966348692774772,0.009579524863511324,0.9151165723800659,0.00895994044840336,0.009292840491980314,0.00854398375377059
01-05-01-02-02-15,train,15,4,angry,05,01,02,02,03-01-05-01-02-02-15,data/raw/ravdess/audio_speech/Audio_Speech_Actors_01-24/Actor_15/03-01-05-01-02-02-15.wav,4,angry,/home/tonyhe/ravdess_avfusion/external/audio_ser_speechbrain/speechbrain-develop-main/outputs/embeddings_ECAPA/train/03-01-05-01-02-02-15.npy,96,02-01-05-01-02-02-15,data/raw/ravdess/video_speech/Video_Speech_Actor_15/Actor_15/02-01-05-01-02-02-15.mp4,4,angry,/home/tonyhe/ravdess_avfusion/data/processed/video/backfill_actor15/sequence_embeddings_5f/train/02-01-05-01-02-02-15.npy,5,2048,backfill_actor15,backfill_actor15,0.122724,0.102873,0.094005,0.108126,0.250016,0.08618,0.092957,0.143119,0.31433039903640747,0.019015023484826088,0.02432985231280327,0.05160633474588394,0.4464007019996643,0.040029920637607574,0.023287374526262283,0.08100037276744843
01-05-01-02-02-16,train,16,4,angry,05,01,02,02,03-01-05-01-02-02-16,data/raw/ravdess/audio_speech/Audio_Speech_Actors_01-24/Actor_16/03-01-05-01-02-02-16.wav,4,angry,/home/tonyhe/ravdess_avfusion/external/audio_ser_speechbrain/speechbrain-develop-main/outputs/embeddings_ECAPA/train/03-01-05-01-02-02-16.npy,96,02-01-05-01-02-02-16,data/raw/ravdess/video_speech/Video_Speech_Actor_16/Actor_16/02-01-05-01-02-02-16.mp4,4,angry,/home/tonyhe/ravdess_avfusion/external/video_face_branch/early_fusion_facial_v2/fusion_pack_5f/sequences/02-01-05-01-02-02-16.npy,5,2048,canonical_02,canonical_02,0.137439,0.079355,0.109097,0.104018,0.234396,0.105924,0.132865,0.096906,0.024419512972235678,0.013821133319288493,0.011430332530289888,0.008168121101334691,0.9120613694190979,0.009512920957058668,0.010752728302031755,0.009833861142396927
01-05-02-01-01-01,train,1,4,angry,05,02,01,01,03-01-05-02-01-01-01,data/raw/ravdess/audio_speech/Audio_Speech_Actors_01-24/Actor_01/03-01-05-02-01-01-01.wav,4,angry,/home/tonyhe/ravdess_avfusion/external/audio_ser_speechbrain/speechbrain-develop-main/outputs/embeddings_ECAPA/train/03-01-05-02-01-01-01.npy,96,02-01-05-02-01-01-01,data/raw/ravdess/video_speech/Video_Speech_Actor_01/Actor_01/02-01-05-02-01-01-01.mp4,4,angry,/home/tonyhe/ravdess_avfusion/external/video_face_branch/early_fusion_facial_v2/fusion_pack_5f/sequences/02-01-05-02-01-01-01.npy,5,2048,canonical_02,canonical_02,0.122554,0.088276,0.106639,0.101095,0.249505,0.119134,0.117241,0.095555,0.02178110182285309,0.015606619231402875,0.00997176142409444,0.017063989117741585,0.8302407383918762,0.049261610768735406,0.01684068962931633,0.03923347499221563
01-05-02-01-01-02,train,2,4,angry,05,02,01,01,03-01-05-02-01-01-02,data/raw/ravdess/audio_speech/Audio_Speech_Actors_01-24/Actor_02/03-01-05-02-01-01-02.wav,4,angry,/home/tonyhe/ravdess_avfusion/external/audio_ser_speechbrain/speechbrain-develop-main/outputs/embeddings_ECAPA/train/03-01-05-02-01-01-02.npy,96,02-01-05-02-01-01-02,data/raw/ravdess/video_speech/Video_Speech_Actor_02/Actor_02/02-01-05-02-01-01-02.mp4,4,angry,/home/tonyhe/ravdess_avfusion/external/video_face_branch/early_fusion_facial_v2/fusion_pack_5f/sequences/02-01-05-02-01-01-02.npy,5,2048,canonical_02,canonical_02,0.109798,0.107639,0.099808,0.082788,0.247292,0.097007,0.111069,0.144598,0.10654412638396024,0.008801102451980115,0.008583748899400234,0.018749243393540383,0.8300878524780273,0.008345786342397332,0.012144725397229194,0.006743454886600375
01-05-02-01-01-03,train,3,4,angry,05,02,01,01,03-01-05-02-01-01-03,data/raw/ravdess/audio_speech/Audio_Speech_Actors_01-24/Actor_03/03-01-05-02-01-01-03.wav,4,angry,/home/tonyhe/ravdess_avfusion/external/audio_ser_speechbrain/speechbrain-develop-main/outputs/embeddings_ECAPA/train/03-01-05-02-01-01-03.npy,96,02-01-05-02-01-01-03,data/raw/ravdess/video_speech/Video_Speech_Actor_03/Actor_03/02-01-05-02-01-01-03.mp4,4,angry,/home/tonyhe/ravdess_avfusion/external/video_face_branch/early_fusion_facial_v2/fusion_pack_5f/sequences/02-01-05-02-01-01-03.npy,5,2048,canonical_02,canonical_02,0.13151,0.104765,0.089989,0.1083,0.236979,0.115882,0.130893,0.081682,0.016276105679571627,0.010511252470314503,0.010966793820261955,0.008200086187571287,0.916870379447937,0.016224830225110055,0.012786572985351085,0.008163946541026234
01-05-02-01-01-04,train,4,4,angry,05,02,01,01,03-01-05-02-01-01-04,data/raw/ravdess/audio_speech/Audio_Speech_Actors_01-24/Actor_04/03-01-05-02-01-01-04.wav,4,angry,/home/tonyhe/ravdess_avfusion/external/audio_ser_speechbrain/speechbrain-develop-main/outputs/embeddings_ECAPA/train/03-01-05-02-01-01-04.npy,96,02-01-05-02-01-01-04,data/raw/ravdess/video_speech/Video_Speech_Actor_04/Actor_04/02-01-05-02-01-01-04.mp4,4,angry,/home/tonyhe/ravdess_avfusion/external/video_face_branch/early_fusion_facial_v2/fusion_pack_5f/sequences/02-01-05-02-01-01-04.npy,5,2048,canonical_02,canonical_02,0.10128,0.111987,0.085275,0.097136,0.251496,0.119776,0.090914,0.142136,0.02151264399290085,0.009975063987076283,0.009931761585175992,0.009672251529991627,0.9217124819755554,0.009972744155675173,0.0095600844360888,0.007662990316748619
01-05-02-01-01-05,train,5,4,angry,05,02,01,01,03-01-05-02-01-01-05,data/raw/ravdess/audio_speech/Audio_Speech_Actors_01-24/Actor_05/03-01-05-02-01-01-05.wav,4,angry,/home/tonyhe/ravdess_avfusion/external/audio_ser_speechbrain/speechbrain-develop-main/outputs/embeddings_ECAPA/train/03-01-05-02-01-01-05.npy,96,02-01-05-02-01-01-05,data/raw/ravdess/video_speech/Video_Speech_Actor_05/Actor_05/02-01-05-02-01-01-05.mp4,4,angry,/home/tonyhe/ravdess_avfusion/external/video_face_branch/early_fusion_facial_v2/fusion_pack_5f/sequences/02-01-05-02-01-01-05.npy,5,2048,canonical_02,canonical_02,0.134438,0.113579,0.103647,0.089851,0.238245,0.119758,0.079532,0.120951,0.018877747654914855,0.012207817099988461,0.010018814355134964,0.010931959934532642,0.912368631362915,0.013262165244668722,0.013503333739936351,0.00882957661524415
01-05-02-01-01-06,train,6,4,angry,05,02,01,01,03-01-05-02-01-01-06,data/raw/ravdess/audio_speech/Audio_Speech_Actors_01-24/Actor_06/03-01-05-02-01-01-06.wav,4,angry,/home/tonyhe/ravdess_avfusion/external/audio_ser_speechbrain/speechbrain-develop-main/outputs/embeddings_ECAPA/train/03-01-05-02-01-01-06.npy,96,02-01-05-02-01-01-06,data/raw/ravdess/video_speech/Video_Speech_Actor_06/Actor_06/02-01-05-02-01-01-06.mp4,4,angry,/home/tonyhe/ravdess_avfusion/external/video_face_branch/early_fusion_facial_v2/fusion_pack_5f/sequences/02-01-05-02-01-01-06.npy,5,2048,canonical_02,canonical_02,0.11245,0.109874,0.099464,0.089204,0.256171,0.137544,0.094417,0.100876,0.019560645520687103,0.01128297634422779,0.009839049447327853,0.00897322166711092,0.9205329060554505,0.011508425883948802,0.010085910372436047,0.008216818515211343
01-05-02-01-01-07,train,7,4,angry,05,02,01,01,03-01-05-02-01-01-07,data/raw/ravdess/audio_speech/Audio_Speech_Actors_01-24/Actor_07/03-01-05-02-01-01-07.wav,4,angry,/home/tonyhe/ravdess_avfusion/external/audio_ser_speechbrain/speechbrain-develop-main/outputs/embeddings_ECAPA/train/03-01-05-02-01-01-07.npy,96,02-01-05-02-01-01-07,data/raw/ravdess/video_speech/Video_Speech_Actor_07/Actor_07/02-01-05-02-01-01-07.mp4,4,angry,/home/tonyhe/ravdess_avfusion/external/video_face_branch/early_fusion_facial_v2/fusion_pack_5f/sequences/02-01-05-02-01-01-07.npy,5,2048,canonical_02,canonical_02,0.114096,0.10881,0.098255,0.113674,0.263728,0.088893,0.100416,0.112127,0.02156338468194008,0.011017397604882717,0.00833396501839161,0.008916550315916538,0.9186910510063171,0.008807310182601214,0.012068967148661614,0.01060139648616314
01-05-02-01-01-08,train,8,4,angry,05,02,01,01,03-01-05-02-01-01-08,data/raw/ravdess/audio_speech/Audio_Speech_Actors_01-24/Actor_08/03-01-05-02-01-01-08.wav,4,angry,/home/tonyhe/ravdess_avfusion/external/audio_ser_speechbrain/speechbrain-develop-main/outputs/embeddings_ECAPA/train/03-01-05-02-01-01-08.npy,96,02-01-05-02-01-01-08,data/raw/ravdess/video_speech/Video_Speech_Actor_08/Actor_08/02-01-05-02-01-01-08.mp4,4,angry,/home/tonyhe/ravdess_avfusion/external/video_face_branch/early_fusion_facial_v2/fusion_pack_5f/sequences/02-01-05-02-01-01-08.npy,5,2048,canonical_02,canonical_02,0.124185,0.125647,0.085117,0.092811,0.263129,0.087975,0.108309,0.112825,0.02679484002292156,0.00997212240472436,0.008894601510837674,0.011499113030731678,0.9083042860031127,0.007147790584713221,0.011541260499507188,0.015845982590690255
01-05-02-01-01-09,train,9,4,angry,05,02,01,01,03-01-05-02-01-01-09,data/raw/ravdess/audio_speech/Audio_Speech_Actors_01-24/Actor_09/03-01-05-02-01-01-09.wav,4,angry,/home/tonyhe/ravdess_avfusion/external/audio_ser_speechbrain/speechbrain-develop-main/outputs/embeddings_ECAPA/train/03-01-05-02-01-01-09.npy,96,02-01-05-02-01-01-09,data/raw/ravdess/video_speech/Video_Speech_Actor_09/Actor_09/02-01-05-02-01-01-09.mp4,4,angry,/home/tonyhe/ravdess_avfusion/external/video_face_branch/early_fusion_facial_v2/fusion_pack_5f/sequences/02-01-05-02-01-01-09.npy,5,2048,canonical_02,canonical_02,0.106946,0.090158,0.101531,0.116976,0.257334,0.094575,0.10654,0.12594,0.015091824717819691,0.010070609394460917,0.009418886341154575,0.009367728047072888,0.9229028820991516,0.01018920512869954,0.012470892816781997,0.010487999394536018
01-05-02-01-01-10,train,10,4,angry,05,02,01,01,03-01-05-02-01-01-10,data/raw/ravdess/audio_speech/Audio_Speech_Actors_01-24/Actor_10/03-01-05-02-01-01-10.wav,4,angry,/home/tonyhe/ravdess_avfusion/external/audio_ser_speechbrain/speechbrain-develop-main/outputs/embeddings_ECAPA/train/03-01-05-02-01-01-10.npy,96,02-01-05-02-01-01-10,data/raw/ravdess/video_speech/Video_Speech_Actor_10/Actor_10/02-01-05-02-01-01-10.mp4,4,angry,/home/tonyhe/ravdess_avfusion/external/video_face_branch/early_fusion_facial_v2/fusion_pack_5f/sequences/02-01-05-02-01-01-10.npy,5,2048,canonical_02,canonical_02,0.097716,0.110723,0.132974,0.079197,0.235777,0.094374,0.10991,0.139328,0.01769002303481102,0.006257721036672592,0.008098217938095332,0.006885521207004785,0.9353999137878418,0.008826978038996458,0.007209265977144242,0.009632362984120846
01-05-02-01-01-11,train,11,4,angry,05,02,01,01,03-01-05-02-01-01-11,data/raw/ravdess/audio_speech/Audio_Speech_Actors_01-24/Actor_11/03-01-05-02-01-01-11.wav,4,angry,/home/tonyhe/ravdess_avfusion/external/audio_ser_speechbrain/speechbrain-develop-main/outputs/embeddings_ECAPA/train/03-01-05-02-01-01-11.npy,96,02-01-05-02-01-01-11,data/raw/ravdess/video_speech/Video_Speech_Actor_11/Actor_11/02-01-05-02-01-01-11.mp4,4,angry,/home/tonyhe/ravdess_avfusion/external/video_face_branch/early_fusion_facial_v2/fusion_pack_5f/sequences/02-01-05-02-01-01-11.npy,5,2048,canonical_02,canonical_02,0.092785,0.105597,0.094882,0.082704,0.25122,0.107973,0.135961,0.128878,0.02218750976026058,0.012994024530053138,0.011771777644753456,0.011998984031379223,0.9046494245529175,0.013788239285349845,0.013078080490231514,0.009531941264867783
01-05-02-01-01-12,train,12,4,angry,05,02,01,01,03-01-05-02-01-01-12,data/raw/ravdess/audio_speech/Audio_Speech_Actors_01-24/Actor_12/03-01-05-02-01-01-12.wav,4,angry,/home/tonyhe/ravdess_avfusion/external/audio_ser_speechbrain/speechbrain-develop-main/outputs/embeddings_ECAPA/train/03-01-05-02-01-01-12.npy,96,02-01-05-02-01-01-12,data/raw/ravdess/video_speech/Video_Speech_Actor_12/Actor_12/02-01-05-02-01-01-12.mp4,4,angry,/home/tonyhe/ravdess_avfusion/external/video_face_branch/early_fusion_facial_v2/fusion_pack_5f/sequences/02-01-05-02-01-01-12.npy,5,2048,canonical_02,canonical_02,0.112992,0.120939,0.111518,0.101568,0.254081,0.083297,0.101055,0.114549,0.018496496975421904,0.008629399165511132,0.007926300913095475,0.01959467977285385,0.9157275795936585,0.012994831148535013,0.011118223238736392,0.0055124970152974125
01-05-02-01-01-13,train,13,4,angry,05,02,01,01,03-01-05-02-01-01-13,data/raw/ravdess/audio_speech/Audio_Speech_Actors_01-24/Actor_13/03-01-05-02-01-01-13.wav,4,angry,/home/tonyhe/ravdess_avfusion/external/audio_ser_speechbrain/speechbrain-develop-main/outputs/embeddings_ECAPA/train/03-01-05-02-01-01-13.npy,96,02-01-05-02-01-01-13,data/raw/ravdess/video_speech/Video_Speech_Actor_13/Actor_13/02-01-05-02-01-01-13.mp4,4,angry,/home/tonyhe/ravdess_avfusion/external/video_face_branch/early_fusion_facial_v2/fusion_pack_5f/sequences/02-01-05-02-01-01-13.npy,5,2048,canonical_02,canonical_02,0.096729,0.119066,0.098701,0.108966,0.265878,0.114854,0.087537,0.108268,0.022624704241752624,0.012153407745063304,0.011324173212051392,0.011163046211004257,0.9097717523574829,0.009329000022262335,0.013438249565660953,0.01019566562026739
01-05-02-01-01-14,train,14,4,angry,05,02,01,01,03-01-05-02-01-01-14,data/raw/ravdess/audio_speech/Audio_Speech_Actors_01-24/Actor_14/03-01-05-02-01-01-14.wav,4,angry,/home/tonyhe/ravdess_avfusion/external/audio_ser_speechbrain/speechbrain-develop-main/outputs/embeddings_ECAPA/train/03-01-05-02-01-01-14.npy,96,02-01-05-02-01-01-14,data/raw/ravdess/video_speech/Video_Speech_Actor_14/Actor_14/02-01-05-02-01-01-14.mp4,4,angry,/home/tonyhe/ravdess_avfusion/external/video_face_branch/early_fusion_facial_v2/fusion_pack_5f/sequences/02-01-05-02-01-01-14.npy,5,2048,canonical_02,canonical_02,0.145167,0.094035,0.105717,0.13424,0.237788,0.096958,0.083729,0.102367,0.0181958531960845,0.009325178526341914,0.010272012930363417,0.011496532708406448,0.9116522908210755,0.022111137956380846,0.009347358345985412,0.00759964445605874
01-05-02-01-01-15,train,15,4,angry,05,02,01,01,03-01-05-02-01-01-15,data/raw/ravdess/audio_speech/Audio_Speech_Actors_01-24/Actor_15/03-01-05-02-01-01-15.wav,4,angry,/home/tonyhe/ravdess_avfusion/external/audio_ser_speechbrain/speechbrain-develop-main/outputs/embeddings_ECAPA/train/03-01-05-02-01-01-15.npy,96,02-01-05-02-01-01-15,data/raw/ravdess/video_speech/Video_Speech_Actor_15/Actor_15/02-01-05-02-01-01-15.mp4,0,neutral,/home/tonyhe/ravdess_avfusion/data/processed/video/backfill_actor15/sequence_embeddings_5f/train/02-01-05-02-01-01-15.npy,5,2048,backfill_actor15,backfill_actor15,0.11021,0.103415,0.109045,0.099151,0.246561,0.082539,0.103038,0.146042,0.4895046651363373,0.010926873423159122,0.020328108221292496,0.05509261041879654,0.38456296920776367,0.011799624189734459,0.018064117059111595,0.009720972739160061
01-05-02-01-01-16,train,16,4,angry,05,02,01,01,03-01-05-02-01-01-16,data/raw/ravdess/audio_speech/Audio_Speech_Actors_01-24/Actor_16/03-01-05-02-01-01-16.wav,4,angry,/home/tonyhe/ravdess_avfusion/external/audio_ser_speechbrain/speechbrain-develop-main/outputs/embeddings_ECAPA/train/03-01-05-02-01-01-16.npy,96,02-01-05-02-01-01-16,data/raw/ravdess/video_speech/Video_Speech_Actor_16/Actor_16/02-01-05-02-01-01-16.mp4,4,angry,/home/tonyhe/ravdess_avfusion/external/video_face_branch/early_fusion_facial_v2/fusion_pack_5f/sequences/02-01-05-02-01-01-16.npy,5,2048,canonical_02,canonical_02,0.104422,0.098605,0.095472,0.089823,0.266732,0.107166,0.116624,0.121156,0.02365778423845768,0.012023244239389896,0.011493531428277493,0.009289164282381534,0.9159438133239746,0.007527779508382082,0.010809284634888172,0.009255423117429018
01-05-02-01-02-01,train,1,4,angry,05,02,01,02,03-01-05-02-01-02-01,data/raw/ravdess/audio_speech/Audio_Speech_Actors_01-24/Actor_01/03-01-05-02-01-02-01.wav,4,angry,/home/tonyhe/ravdess_avfusion/external/audio_ser_speechbrain/speechbrain-develop-main/outputs/embeddings_ECAPA/train/03-01-05-02-01-02-01.npy,96,02-01-05-02-01-02-01,data/raw/ravdess/video_speech/Video_Speech_Actor_01/Actor_01/02-01-05-02-01-02-01.mp4,4,angry,/home/tonyhe/ravdess_avfusion/external/video_face_branch/early_fusion_facial_v2/fusion_pack_5f/sequences/02-01-05-02-01-02-01.npy,5,2048,canonical_02,canonical_02,0.100743,0.128439,0.10976,0.098203,0.262732,0.104858,0.110664,0.084602,0.021724372170865536,0.010694283805787564,0.009136312082409859,0.009259372297674418,0.913860273361206,0.010034987423568963,0.013881423603743314,0.011409001424908638
01-05-02-01-02-02,train,2,4,angry,05,02,01,02,03-01-05-02-01-02-02,data/raw/ravdess/audio_speech/Audio_Speech_Actors_01-24/Actor_02/03-01-05-02-01-02-02.wav,4,angry,/home/tonyhe/ravdess_avfusion/external/audio_ser_speechbrain/speechbrain-develop-main/outputs/embeddings_ECAPA/train/03-01-05-02-01-02-02.npy,96,02-01-05-02-01-02-02,data/raw/ravdess/video_speech/Video_Speech_Actor_02/Actor_02/02-01-05-02-01-02-02.mp4,4,angry,/home/tonyhe/ravdess_avfusion/external/video_face_branch/early_fusion_facial_v2/fusion_pack_5f/sequences/02-01-05-02-01-02-02.npy,5,2048,canonical_02,canonical_02,0.107836,0.100723,0.096631,0.087158,0.255161,0.100294,0.114784,0.137413,0.10406858753412962,0.01165950447320938,0.012411124631762504,0.053065893985331056,0.7838130474090577,0.01434014867991209,0.01185700176283717,0.008784693107008934
01-05-02-01-02-03,train,3,4,angry,05,02,01,02,03-01-05-02-01-02-03,data/raw/ravdess/audio_speech/Audio_Speech_Actors_01-24/Actor_03/03-01-05-02-01-02-03.wav,4,angry,/home/tonyhe/ravdess_avfusion/external/audio_ser_speechbrain/speechbrain-develop-main/outputs/embeddings_ECAPA/train/03-01-05-02-01-02-03.npy,96,02-01-05-02-01-02-03,data/raw/ravdess/video_speech/Video_Speech_Actor_03/Actor_03/02-01-05-02-01-02-03.mp4,4,angry,/home/tonyhe/ravdess_avfusion/external/video_face_branch/early_fusion_facial_v2/fusion_pack_5f/sequences/02-01-05-02-01-02-03.npy,5,2048,canonical_02,canonical_02,0.127169,0.106534,0.090965,0.102843,0.243285,0.114249,0.13618,0.078775,0.01971936207264662,0.011403441615402698,0.010421002469956874,0.009036444127559662,0.8557408928871155,0.07125531062483788,0.014060863479971885,0.008362679556012154
01-05-02-01-02-04,train,4,4,angry,05,02,01,02,03-01-05-02-01-02-04,data/raw/ravdess/audio_speech/Audio_Speech_Actors_01-24/Actor_04/03-01-05-02-01-02-04.wav,4,angry,/home/tonyhe/ravdess_avfusion/external/audio_ser_speechbrain/speechbrain-develop-main/outputs/embeddings_ECAPA/train/03-01-05-02-01-02-04.npy,96,02-01-05-02-01-02-04,data/raw/ravdess/video_speech/Video_Speech_Actor_04/Actor_04/02-01-05-02-01-02-04.mp4,4,angry,/home/tonyhe/ravdess_avfusion/external/video_face_branch/early_fusion_facial_v2/fusion_pack_5f/sequences/02-01-05-02-01-02-04.npy,5,2048,canonical_02,canonical_02,0.102847,0.111526,0.095907,0.085335,0.265632,0.103947,0.110067,0.124739,0.015165109746158123,0.00919896075502038,0.007823887467384338,0.007707752101123333,0.932060182094574,0.009867905359715223,0.008344095759093761,0.009832084365189075
01-05-02-01-02-05,train,5,4,angry,05,02,01,02,03-01-05-02-01-02-05,data/raw/ravdess/audio_speech/Audio_Speech_Actors_01-24/Actor_05/03-01-05-02-01-02-05.wav,4,angry,/home/tonyhe/ravdess_avfusion/external/audio_ser_speechbrain/speechbrain-develop-main/outputs/embeddings_ECAPA/train/03-01-05-02-01-02-05.npy,96,02-01-05-02-01-02-05,data/raw/ravdess/video_speech/Video_Speech_Actor_05/Actor_05/02-01-05-02-01-02-05.mp4,4,angry,/home/tonyhe/ravdess_avfusion/external/video_face_branch/early_fusion_facial_v2/fusion_pack_5f/sequences/02-01-05-02-01-02-05.npy,5,2048,canonical_02,canonical_02,0.117951,0.09262,0.09005,0.108306,0.264468,0.111737,0.105824,0.109043,0.018905919790267945,0.011976087838411332,0.00942418873310089,0.011772471852600575,0.9174419164657592,0.01223140638321638,0.011789303831756115,0.006458699703216553
01-05-02-01-02-06,train,6,4,angry,05,02,01,02,03-01-05-02-01-02-06,data/raw/ravdess/audio_speech/Audio_Speech_Actors_01-24/Actor_06/03-01-05-02-01-02-06.wav,4,angry,/home/tonyhe/ravdess_avfusion/external/audio_ser_speechbrain/speechbrain-develop-main/outputs/embeddings_ECAPA/train/03-01-05-02-01-02-06.npy,96,02-01-05-02-01-02-06,data/raw/ravdess/video_speech/Video_Speech_Actor_06/Actor_06/02-01-05-02-01-02-06.mp4,4,angry,/home/tonyhe/ravdess_avfusion/external/video_face_branch/early_fusion_facial_v2/fusion_pack_5f/sequences/02-01-05-02-01-02-06.npy,5,2048,canonical_02,canonical_02,0.114113,0.105343,0.12791,0.090355,0.250133,0.116126,0.101786,0.094234,0.024100931361317635,0.012429069355130195,0.01161328013986349,0.00938130021095276,0.9086587190628052,0.011406968347728252,0.011468730308115483,0.010941008385270835
01-05-02-01-02-07,train,7,4,angry,05,02,01,02,03-01-05-02-01-02-07,data/raw/ravdess/audio_speech/Audio_Speech_Actors_01-24/Actor_07/03-01-05-02-01-02-07.wav,4,angry,/home/tonyhe/ravdess_avfusion/external/audio_ser_speechbrain/speechbrain-develop-main/outputs/embeddings_ECAPA/train/03-01-05-02-01-02-07.npy,96,02-01-05-02-01-02-07,data/raw/ravdess/video_speech/Video_Speech_Actor_07/Actor_07/02-01-05-02-01-02-07.mp4,4,angry,/home/tonyhe/ravdess_avfusion/external/video_face_branch/early_fusion_facial_v2/fusion_pack_5f/sequences/02-01-05-02-01-02-07.npy,5,2048,canonical_02,canonical_02,0.109663,0.126063,0.108118,0.125119,0.249425,0.079099,0.102534,0.099979,0.022333788871765136,0.012886234372854233,0.010032177437096834,0.011394920013844966,0.9098371148109436,0.0094906035810709,0.013372693583369255,0.010652473382651805
01-05-02-01-02-08,train,8,4,angry,05,02,01,02,03-01-05-02-01-02-08,data/raw/ravdess/audio_speech/Audio_Speech_Actors_01-24/Actor_08/03-01-05-02-01-02-08.wav,4,angry,/home/tonyhe/ravdess_avfusion/external/audio_ser_speechbrain/speechbrain-develop-main/outputs/embeddings_ECAPA/train/03-01-05-02-01-02-08.npy,96,02-01-05-02-01-02-08,data/raw/ravdess/video_speech/Video_Speech_Actor_08/Actor_08/02-01-05-02-01-02-08.mp4,4,angry,/home/tonyhe/ravdess_avfusion/external/video_face_branch/early_fusion_facial_v2/fusion_pack_5f/sequences/02-01-05-02-01-02-08.npy,5,2048,canonical_02,canonical_02,0.120016,0.107292,0.107417,0.102471,0.229603,0.087967,0.088231,0.157003,0.01724194474518299,0.008750358410179616,0.009531059395521879,0.007246733456850052,0.9302362561225891,0.006327873561531305,0.011537335813045502,0.009128430392593145
01-05-02-01-02-09,train,9,4,angry,05,02,01,02,03-01-05-02-01-02-09,data/raw/ravdess/audio_speech/Audio_Speech_Actors_01-24/Actor_09/03-01-05-02-01-02-09.wav,4,angry,/home/tonyhe/ravdess_avfusion/external/audio_ser_speechbrain/speechbrain-develop-main/outputs/embeddings_ECAPA/train/03-01-05-02-01-02-09.npy,96,02-01-05-02-01-02-09,data/raw/ravdess/video_speech/Video_Speech_Actor_09/Actor_09/02-01-05-02-01-02-09.mp4,4,angry,/home/tonyhe/ravdess_avfusion/external/video_face_branch/early_fusion_facial_v2/fusion_pack_5f/sequences/02-01-05-02-01-02-09.npy,5,2048,canonical_02,canonical_02,0.117515,0.098442,0.113175,0.086723,0.254219,0.112813,0.104117,0.112998,0.0196981817483902,0.013976138830184937,0.014804764464497567,0.010746656078845262,0.9038665413856506,0.00949252573773265,0.014223381504416465,0.013191813509911299
01-05-02-01-02-10,train,10,4,angry,05,02,01,02,03-01-05-02-01-02-10,data/raw/ravdess/audio_speech/Audio_Speech_Actors_01-24/Actor_10/03-01-05-02-01-02-10.wav,4,angry,/home/tonyhe/ravdess_avfusion/external/audio_ser_speechbrain/speechbrain-develop-main/outputs/embeddings_ECAPA/train/03-01-05-02-01-02-10.npy,96,02-01-05-02-01-02-10,data/raw/ravdess/video_speech/Video_Speech_Actor_10/Actor_10/02-01-05-02-01-02-10.mp4,4,angry,/home/tonyhe/ravdess_avfusion/external/video_face_branch/early_fusion_facial_v2/fusion_pack_5f/sequences/02-01-05-02-01-02-10.npy,5,2048,canonical_02,canonical_02,0.108899,0.124571,0.121036,0.090076,0.242983,0.086436,0.094559,0.131441,0.02104487270116806,0.00935142943635583,0.012155896238982677,0.010385100450366735,0.813754540681839,0.01316606136970222,0.010780654195696116,0.109361463598907
01-05-02-01-02-11,train,11,4,angry,05,02,01,02,03-01-05-02-01-02-11,data/raw/ravdess/audio_speech/Audio_Speech_Actors_01-24/Actor_11/03-01-05-02-01-02-11.wav,4,angry,/home/tonyhe/ravdess_avfusion/external/audio_ser_speechbrain/speechbrain-develop-main/outputs/embeddings_ECAPA/train/03-01-05-02-01-02-11.npy,96,02-01-05-02-01-02-11,data/raw/ravdess/video_speech/Video_Speech_Actor_11/Actor_11/02-01-05-02-01-02-11.mp4,4,angry,/home/tonyhe/ravdess_avfusion/external/video_face_branch/early_fusion_facial_v2/fusion_pack_5f/sequences/02-01-05-02-01-02-11.npy,5,2048,canonical_02,canonical_02,0.098785,0.104299,0.111729,0.083152,0.244137,0.086261,0.137538,0.1341,0.024048566818237305,0.013992847129702567,0.013162011653184891,0.010956593044102191,0.9018076419830322,0.01329934149980545,0.013661750406026841,0.009071241598576307
01-05-02-01-02-12,train,12,4,angry,05,02,01,02,03-01-05-02-01-02-12,data/raw/ravdess/audio_speech/Audio_Speech_Actors_01-24/Actor_12/03-01-05-02-01-02-12.wav,4,angry,/home/tonyhe/ravdess_avfusion/external/audio_ser_speechbrain/speechbrain-develop-main/outputs/embeddings_ECAPA/train/03-01-05-02-01-02-12.npy,96,02-01-05-02-01-02-12,data/raw/ravdess/video_speech/Video_Speech_Actor_12/Actor_12/02-01-05-02-01-02-12.mp4,4,angry,/home/tonyhe/ravdess_avfusion/external/video_face_branch/early_fusion_facial_v2/fusion_pack_5f/sequences/02-01-05-02-01-02-12.npy,5,2048,canonical_02,canonical_02,0.101923,0.125205,0.084373,0.109239,0.253683,0.111359,0.121248,0.09297,0.0229556443169713,0.008850409742444753,0.008367716241627932,0.017806086130440234,0.9176739454269409,0.00817854329943657,0.009942444041371346,0.006225224304944277
01-05-02-01-02-13,train,13,4,angry,05,02,01,02,03-01-05-02-01-02-13,data/raw/ravdess/audio_speech/Audio_Speech_Actors_01-24/Actor_13/03-01-05-02-01-02-13.wav,4,angry,/home/tonyhe/ravdess_avfusion/external/audio_ser_speechbrain/speechbrain-develop-main/outputs/embeddings_ECAPA/train/03-01-05-02-01-02-13.npy,96,02-01-05-02-01-02-13,data/raw/ravdess/video_speech/Video_Speech_Actor_13/Actor_13/02-01-05-02-01-02-13.mp4,4,angry,/home/tonyhe/ravdess_avfusion/external/video_face_branch/early_fusion_facial_v2/fusion_pack_5f/sequences/02-01-05-02-01-02-13.npy,5,2048,canonical_02,canonical_02,0.102806,0.096892,0.096717,0.099577,0.261584,0.11055,0.121307,0.110566,0.021897494047880172,0.011474884673953056,0.011658088769763708,0.010120812803506851,0.9142239332199097,0.0101862957701087,0.011823002807796001,0.008615490328520537
01-05-02-01-02-14,train,14,4,angry,05,02,01,02,03-01-05-02-01-02-14,data/raw/ravdess/audio_speech/Audio_Speech_Actors_01-24/Actor_14/03-01-05-02-01-02-14.wav,4,angry,/home/tonyhe/ravdess_avfusion/external/audio_ser_speechbrain/speechbrain-develop-main/outputs/embeddings_ECAPA/train/03-01-05-02-01-02-14.npy,96,02-01-05-02-01-02-14,data/raw/ravdess/video_speech/Video_Speech_Actor_14/Actor_14/02-01-05-02-01-02-14.mp4,4,angry,/home/tonyhe/ravdess_avfusion/external/video_face_branch/early_fusion_facial_v2/fusion_pack_5f/sequences/02-01-05-02-01-02-14.npy,5,2048,canonical_02,canonical_02,0.120971,0.094543,0.090146,0.120467,0.252733,0.119024,0.092389,0.109728,0.019068627431988717,0.01169497836381197,0.012216006219387055,0.04830180108547211,0.8709152340888977,0.009149458818137645,0.016264004446566106,0.012389875389635563
01-05-02-01-02-15,train,15,4,angry,05,02,01,02,03-01-05-02-01-02-15,data/raw/ravdess/audio_speech/Audio_Speech_Actors_01-24/Actor_15/03-01-05-02-01-02-15.wav,4,angry,/home/tonyhe/ravdess_avfusion/external/audio_ser_speechbrain/speechbrain-develop-main/outputs/embeddings_ECAPA/train/03-01-05-02-01-02-15.npy,96,02-01-05-02-01-02-15,data/raw/ravdess/video_speech/Video_Speech_Actor_15/Actor_15/02-01-05-02-01-02-15.mp4,0,neutral,/home/tonyhe/ravdess_avfusion/data/processed/video/backfill_actor15/sequence_embeddings_5f/train/02-01-05-02-01-02-15.npy,5,2048,backfill_actor15,backfill_actor15,0.111295,0.128578,0.100105,0.10574,0.254159,0.0752,0.105311,0.119611,0.30319494009017944,0.03350794315338135,0.020935675129294395,0.21813789010047913,0.26427292823791504,0.10680749267339706,0.02852967381477356,0.024613484740257263
01-05-02-01-02-16,train,16,4,angry,05,02,01,02,03-01-05-02-01-02-16,data/raw/ravdess/audio_speech/Audio_Speech_Actors_01-24/Actor_16/03-01-05-02-01-02-16.wav,4,angry,/home/tonyhe/ravdess_avfusion/external/audio_ser_speechbrain/speechbrain-develop-main/outputs/embeddings_ECAPA/train/03-01-05-02-01-02-16.npy,96,02-01-05-02-01-02-16,data/raw/ravdess/video_speech/Video_Speech_Actor_16/Actor_16/02-01-05-02-01-02-16.mp4,4,angry,/home/tonyhe/ravdess_avfusion/external/video_face_branch/early_fusion_facial_v2/fusion_pack_5f/sequences/02-01-05-02-01-02-16.npy,5,2048,canonical_02,canonical_02,0.120945,0.122999,0.121247,0.100508,0.250209,0.082775,0.094083,0.107234,0.028842873498797418,0.014567225053906441,0.013970373757183551,0.01055813580751419,0.89538654088974,0.011866709962487221,0.014765392430126667,0.010042758472263814
01-05-02-02-01-01,train,1,4,angry,05,02,02,01,03-01-05-02-02-01-01,data/raw/ravdess/audio_speech/Audio_Speech_Actors_01-24/Actor_01/03-01-05-02-02-01-01.wav,4,angry,/home/tonyhe/ravdess_avfusion/external/audio_ser_speechbrain/speechbrain-develop-main/outputs/embeddings_ECAPA/train/03-01-05-02-02-01-01.npy,96,02-01-05-02-02-01-01,data/raw/ravdess/video_speech/Video_Speech_Actor_01/Actor_01/02-01-05-02-02-01-01.mp4,4,angry,/home/tonyhe/ravdess_avfusion/external/video_face_branch/early_fusion_facial_v2/fusion_pack_5f/sequences/02-01-05-02-02-01-01.npy,5,2048,canonical_02,canonical_02,0.105447,0.091774,0.106936,0.087542,0.238223,0.138785,0.134134,0.09716,0.02072810009121895,0.009586913883686066,0.009909780696034431,0.00908484673127532,0.9153010964393615,0.01071630958467722,0.012712123803794384,0.011960807628929615
01-05-02-02-01-02,train,2,4,angry,05,02,02,01,03-01-05-02-02-01-02,data/raw/ravdess/audio_speech/Audio_Speech_Actors_01-24/Actor_02/03-01-05-02-02-01-02.wav,4,angry,/home/tonyhe/ravdess_avfusion/external/audio_ser_speechbrain/speechbrain-develop-main/outputs/embeddings_ECAPA/train/03-01-05-02-02-01-02.npy,96,02-01-05-02-02-01-02,data/raw/ravdess/video_speech/Video_Speech_Actor_02/Actor_02/02-01-05-02-02-01-02.mp4,4,angry,/home/tonyhe/ravdess_avfusion/external/video_face_branch/early_fusion_facial_v2/fusion_pack_5f/sequences/02-01-05-02-02-01-02.npy,5,2048,canonical_02,canonical_02,0.100198,0.09585,0.117178,0.089244,0.247052,0.102385,0.12817,0.119923,0.14534681458026172,0.01005943724885583,0.010674678906798362,0.056989004276692866,0.7476873457431793,0.008574281213805079,0.009690762870013714,0.010977690853178502
01-05-02-02-01-03,train,3,4,angry,05,02,02,01,03-01-05-02-02-01-03,data/raw/ravdess/audio_speech/Audio_Speech_Actors_01-24/Actor_03/03-01-05-02-02-01-03.wav,4,angry,/home/tonyhe/ravdess_avfusion/external/audio_ser_speechbrain/speechbrain-develop-main/outputs/embeddings_ECAPA/train/03-01-05-02-02-01-03.npy,96,02-01-05-02-02-01-03,data/raw/ravdess/video_speech/Video_Speech_Actor_03/Actor_03/02-01-05-02-02-01-03.mp4,4,angry,/home/tonyhe/ravdess_avfusion/external/video_face_branch/early_fusion_facial_v2/fusion_pack_5f/sequences/02-01-05-02-02-01-03.npy,5,2048,canonical_02,canonical_02,0.109285,0.090608,0.105212,0.09723,0.246623,0.120077,0.138321,0.092642,0.021148205921053886,0.013595872931182385,0.010862699057906867,0.01260873693972826,0.8734801411628723,0.04124861117452383,0.016396462544798852,0.01065928153693676
01-05-02-02-01-04,train,4,4,angry,05,02,02,01,03-01-05-02-02-01-04,data/raw/ravdess/audio_speech/Audio_Speech_Actors_01-24/Actor_04/03-01-05-02-02-01-04.wav,4,angry,/home/tonyhe/ravdess_avfusion/external/audio_ser_speechbrain/speechbrain-develop-main/outputs/embeddings_ECAPA/train/03-01-05-02-02-01-04.npy,96,02-01-05-02-02-01-04,data/raw/ravdess/video_speech/Video_Speech_Actor_04/Actor_04/02-01-05-02-02-01-04.mp4,4,angry,/home/tonyhe/ravdess_avfusion/external/video_face_branch/early_fusion_facial_v2/fusion_pack_5f/sequences/02-01-05-02-02-01-04.npy,5,2048,canonical_02,canonical_02,0.098562,0.116183,0.098799,0.13537,0.234077,0.134732,0.099509,0.082767,0.017662977054715156,0.01013188874348998,0.010900063905864954,0.010220644250512122,0.9249481797218323,0.008306572400033473,0.009492020774632692,0.008337647002190352
01-05-02-02-01-05,train,5,4,angry,05,02,02,01,03-01-05-02-02-01-05,data/raw/ravdess/audio_speech/Audio_Speech_Actors_01-24/Actor_05/03-01-05-02-02-01-05.wav,4,angry,/home/tonyhe/ravdess_avfusion/external/audio_ser_speechbrain/speechbrain-develop-main/outputs/embeddings_ECAPA/train/03-01-05-02-02-01-05.npy,96,02-01-05-02-02-01-05,data/raw/ravdess/video_speech/Video_Speech_Actor_05/Actor_05/02-01-05-02-02-01-05.mp4,4,angry,/home/tonyhe/ravdess_avfusion/external/video_face_branch/early_fusion_facial_v2/fusion_pack_5f/sequences/02-01-05-02-02-01-05.npy,5,2048,canonical_02,canonical_02,0.110279,0.099521,0.119217,0.088429,0.24548,0.093092,0.119328,0.124653,0.02136445641517639,0.011975758895277976,0.009177409205585718,0.010332049056887626,0.915389358997345,0.010264883004128932,0.011889121495187283,0.009606974013149739
01-05-02-02-01-06,train,6,4,angry,05,02,02,01,03-01-05-02-02-01-06,data/raw/ravdess/audio_speech/Audio_Speech_Actors_01-24/Actor_06/03-01-05-02-02-01-06.wav,4,angry,/home/tonyhe/ravdess_avfusion/external/audio_ser_speechbrain/speechbrain-develop-main/outputs/embeddings_ECAPA/train/03-01-05-02-02-01-06.npy,96,02-01-05-02-02-01-06,data/raw/ravdess/video_speech/Video_Speech_Actor_06/Actor_06/02-01-05-02-02-01-06.mp4,4,angry,/home/tonyhe/ravdess_avfusion/external/video_face_branch/early_fusion_facial_v2/fusion_pack_5f/sequences/02-01-05-02-02-01-06.npy,5,2048,canonical_02,canonical_02,0.127842,0.121013,0.099153,0.100392,0.259758,0.089937,0.115906,0.085999,0.02133547067642212,0.012583015114068985,0.011739351786673069,0.009697362966835498,0.9107545375823974,0.009282972756773233,0.014876051433384418,0.009731260687112808
01-05-02-02-01-07,train,7,4,angry,05,02,02,01,03-01-05-02-02-01-07,data/raw/ravdess/audio_speech/Audio_Speech_Actors_01-24/Actor_07/03-01-05-02-02-01-07.wav,4,angry,/home/tonyhe/ravdess_avfusion/external/audio_ser_speechbrain/speechbrain-develop-main/outputs/embeddings_ECAPA/train/03-01-05-02-02-01-07.npy,96,02-01-05-02-02-01-07,data/raw/ravdess/video_speech/Video_Speech_Actor_07/Actor_07/02-01-05-02-02-01-07.mp4,4,angry,/home/tonyhe/ravdess_avfusion/external/video_face_branch/early_fusion_facial_v2/fusion_pack_5f/sequences/02-01-05-02-02-01-07.npy,5,2048,canonical_02,canonical_02,0.097101,0.104212,0.094279,0.154485,0.242042,0.108287,0.086406,0.113189,0.023238026723265647,0.013732165470719338,0.011574451252818108,0.009842544049024581,0.9028830766677857,0.00878401966765523,0.01415312271565199,0.01579258907586336
01-05-02-02-01-08,train,8,4,angry,05,02,02,01,03-01-05-02-02-01-08,data/raw/ravdess/audio_speech/Audio_Speech_Actors_01-24/Actor_08/03-01-05-02-02-01-08.wav,4,angry,/home/tonyhe/ravdess_avfusion/external/audio_ser_speechbrain/speechbrain-develop-main/outputs/embeddings_ECAPA/train/03-01-05-02-02-01-08.npy,96,02-01-05-02-02-01-08,data/raw/ravdess/video_speech/Video_Speech_Actor_08/Actor_08/02-01-05-02-02-01-08.mp4,4,angry,/home/tonyhe/ravdess_avfusion/external/video_face_branch/early_fusion_facial_v2/fusion_pack_5f/sequences/02-01-05-02-02-01-08.npy,5,2048,canonical_02,canonical_02,0.109853,0.106241,0.098112,0.08739,0.24167,0.105215,0.098876,0.152643,0.019805721007287502,0.011608251184225083,0.010301657393574715,0.008866477152332663,0.9186723470687866,0.007509075477719307,0.011842624936252832,0.011393812112510204
01-05-02-02-01-09,train,9,4,angry,05,02,02,01,03-01-05-02-02-01-09,data/raw/ravdess/audio_speech/Audio_Speech_Actors_01-24/Actor_09/03-01-05-02-02-01-09.wav,4,angry,/home/tonyhe/ravdess_avfusion/external/audio_ser_speechbrain/speechbrain-develop-main/outputs/embeddings_ECAPA/train/03-01-05-02-02-01-09.npy,96,02-01-05-02-02-01-09,data/raw/ravdess/video_speech/Video_Speech_Actor_09/Actor_09/02-01-05-02-02-01-09.mp4,4,angry,/home/tonyhe/ravdess_avfusion/external/video_face_branch/early_fusion_facial_v2/fusion_pack_5f/sequences/02-01-05-02-02-01-09.npy,5,2048,canonical_02,canonical_02,0.10231,0.097458,0.115846,0.07878,0.238089,0.139696,0.111668,0.116152,0.01804427560418844,0.010445002838969231,0.009835238382220269,0.008192132413387298,0.9260527133941651,0.007312928885221481,0.011190136708319188,0.008927572704851627
01-05-02-02-01-10,train,10,4,angry,05,02,02,01,03-01-05-02-02-01-10,data/raw/ravdess/audio_speech/Audio_Speech_Actors_01-24/Actor_10/03-01-05-02-02-01-10.wav,4,angry,/home/tonyhe/ravdess_avfusion/external/audio_ser_speechbrain/speechbrain-develop-main/outputs/embeddings_ECAPA/train/03-01-05-02-02-01-10.npy,96,02-01-05-02-02-01-10,data/raw/ravdess/video_speech/Video_Speech_Actor_10/Actor_10/02-01-05-02-02-01-10.mp4,4,angry,/home/tonyhe/ravdess_avfusion/external/video_face_branch/early_fusion_facial_v2/fusion_pack_5f/sequences/02-01-05-02-02-01-10.npy,5,2048,canonical_02,canonical_02,0.136856,0.11273,0.105426,0.091721,0.237416,0.075577,0.10384,0.136434,0.07327522151172161,0.014030939526855945,0.008920804876834155,0.007880653720349073,0.864362382888794,0.011378108616918325,0.009090085048228502,0.011061787791550159
01-05-02-02-01-11,train,11,4,angry,05,02,02,01,03-01-05-02-02-01-11,data/raw/ravdess/audio_speech/Audio_Speech_Actors_01-24/Actor_11/03-01-05-02-02-01-11.wav,4,angry,/home/tonyhe/ravdess_avfusion/external/audio_ser_speechbrain/speechbrain-develop-main/outputs/embeddings_ECAPA/train/03-01-05-02-02-01-11.npy,96,02-01-05-02-02-01-11,data/raw/ravdess/video_speech/Video_Speech_Actor_11/Actor_11/02-01-05-02-02-01-11.mp4,4,angry,/home/tonyhe/ravdess_avfusion/external/video_face_branch/early_fusion_facial_v2/fusion_pack_5f/sequences/02-01-05-02-02-01-11.npy,5,2048,canonical_02,canonical_02,0.112347,0.100835,0.091537,0.094014,0.258724,0.093523,0.132302,0.116719,0.023058590665459632,0.012053506448864937,0.011018459312617778,0.010636741295456886,0.910684859752655,0.011557139828801155,0.010735108517110348,0.010255602188408375
01-05-02-02-01-12,train,12,4,angry,05,02,02,01,03-01-05-02-02-01-12,data/raw/ravdess/audio_speech/Audio_Speech_Actors_01-24/Actor_12/03-01-05-02-02-01-12.wav,4,angry,/home/tonyhe/ravdess_avfusion/external/audio_ser_speechbrain/speechbrain-develop-main/outputs/embeddings_ECAPA/train/03-01-05-02-02-01-12.npy,96,02-01-05-02-02-01-12,data/raw/ravdess/video_speech/Video_Speech_Actor_12/Actor_12/02-01-05-02-02-01-12.mp4,4,angry,/home/tonyhe/ravdess_avfusion/external/video_face_branch/early_fusion_facial_v2/fusion_pack_5f/sequences/02-01-05-02-02-01-12.npy,5,2048,canonical_02,canonical_02,0.101019,0.112944,0.119646,0.117563,0.244517,0.077872,0.105628,0.120809,0.01699620820581913,0.008903432916849852,0.008708871249109507,0.018092949595302343,0.9169327616691589,0.010469174757599831,0.012811925821006298,0.007084687473252416
01-05-02-02-01-13,train,13,4,angry,05,02,02,01,03-01-05-02-02-01-13,data/raw/ravdess/audio_speech/Audio_Speech_Actors_01-24/Actor_13/03-01-05-02-02-01-13.wav,4,angry,/home/tonyhe/ravdess_avfusion/external/audio_ser_speechbrain/speechbrain-develop-main/outputs/embeddings_ECAPA/train/03-01-05-02-02-01-13.npy,96,02-01-05-02-02-01-13,data/raw/ravdess/video_speech/Video_Speech_Actor_13/Actor_13/02-01-05-02-02-01-13.mp4,4,angry,/home/tonyhe/ravdess_avfusion/external/video_face_branch/early_fusion_facial_v2/fusion_pack_5f/sequences/02-01-05-02-02-01-13.npy,5,2048,canonical_02,canonical_02,0.097802,0.112721,0.091773,0.08416,0.257447,0.11384,0.11541,0.126848,0.026520267874002457,0.010117005556821823,0.00929153561592102,0.008849864872172476,0.9155564665794372,0.009640272427350282,0.010100977309048177,0.009923623129725456
01-05-02-02-01-14,train,14,4,angry,05,02,02,01,03-01-05-02-02-01-14,data/raw/ravdess/audio_speech/Audio_Speech_Actors_01-24/Actor_14/03-01-05-02-02-01-14.wav,4,angry,/home/tonyhe/ravdess_avfusion/external/audio_ser_speechbrain/speechbrain-develop-main/outputs/embeddings_ECAPA/train/03-01-05-02-02-01-14.npy,96,02-01-05-02-02-01-14,data/raw/ravdess/video_speech/Video_Speech_Actor_14/Actor_14/02-01-05-02-02-01-14.mp4,4,angry,/home/tonyhe/ravdess_avfusion/external/video_face_branch/early_fusion_facial_v2/fusion_pack_5f/sequences/02-01-05-02-02-01-14.npy,5,2048,canonical_02,canonical_02,0.123708,0.110255,0.113894,0.100157,0.243,0.114058,0.096153,0.098777,0.019158989377319812,0.009873050544410945,0.00816865749657154,0.010759062506258488,0.9146754026412964,0.01663703443482518,0.011570940446108579,0.009156823065131903
01-05-02-02-01-15,train,15,4,angry,05,02,02,01,03-01-05-02-02-01-15,data/raw/ravdess/audio_speech/Audio_Speech_Actors_01-24/Actor_15/03-01-05-02-02-01-15.wav,4,angry,/home/tonyhe/ravdess_avfusion/external/audio_ser_speechbrain/speechbrain-develop-main/outputs/embeddings_ECAPA/train/03-01-05-02-02-01-15.npy,96,02-01-05-02-02-01-15,data/raw/ravdess/video_speech/Video_Speech_Actor_15/Actor_15/02-01-05-02-02-01-15.mp4,4,angry,/home/tonyhe/ravdess_avfusion/data/processed/video/backfill_actor15/sequence_embeddings_5f/train/02-01-05-02-02-01-15.npy,5,2048,backfill_actor15,backfill_actor15,0.127956,0.087549,0.079615,0.132038,0.24409,0.084816,0.125637,0.118297,0.22097904980182648,0.013043309561908245,0.023546893149614334,0.11903800070285797,0.4740106165409088,0.09512799978256226,0.03915143013000488,0.01510276086628437
01-05-02-02-01-16,train,16,4,angry,05,02,02,01,03-01-05-02-02-01-16,data/raw/ravdess/audio_speech/Audio_Speech_Actors_01-24/Actor_16/03-01-05-02-02-01-16.wav,4,angry,/home/tonyhe/ravdess_avfusion/external/audio_ser_speechbrain/speechbrain-develop-main/outputs/embeddings_ECAPA/train/03-01-05-02-02-01-16.npy,96,02-01-05-02-02-01-16,data/raw/ravdess/video_speech/Video_Speech_Actor_16/Actor_16/02-01-05-02-02-01-16.mp4,4,angry,/home/tonyhe/ravdess_avfusion/external/video_face_branch/early_fusion_facial_v2/fusion_pack_5f/sequences/02-01-05-02-02-01-16.npy,5,2048,canonical_02,canonical_02,0.106682,0.087625,0.092955,0.115937,0.255117,0.090919,0.115928,0.134837,0.018061200343072414,0.009850454237312078,0.008649595640599727,0.007063654251396656,0.932894515991211,0.008851833594962954,0.008051353227347135,0.006577383168041706
01-05-02-02-02-01,train,1,4,angry,05,02,02,02,03-01-05-02-02-02-01,data/raw/ravdess/audio_speech/Audio_Speech_Actors_01-24/Actor_01/03-01-05-02-02-02-01.wav,4,angry,/home/tonyhe/ravdess_avfusion/external/audio_ser_speechbrain/speechbrain-develop-main/outputs/embeddings_ECAPA/train/03-01-05-02-02-02-01.npy,96,02-01-05-02-02-02-01,data/raw/ravdess/video_speech/Video_Speech_Actor_01/Actor_01/02-01-05-02-02-02-01.mp4,4,angry,/home/tonyhe/ravdess_avfusion/external/video_face_branch/early_fusion_facial_v2/fusion_pack_5f/sequences/02-01-05-02-02-02-01.npy,5,2048,canonical_02,canonical_02,0.091044,0.102385,0.108742,0.092537,0.235212,0.113713,0.146832,0.109535,0.016932189650833606,0.010796055477112532,0.008643295988440514,0.008589411899447442,0.9270159482955933,0.009375956933945417,0.010832869634032249,0.007814288418740035
01-05-02-02-02-02,train,2,4,angry,05,02,02,02,03-01-05-02-02-02-02,data/raw/ravdess/audio_speech/Audio_Speech_Actors_01-24/Actor_02/03-01-05-02-02-02-02.wav,4,angry,/home/tonyhe/ravdess_avfusion/external/audio_ser_speechbrain/speechbrain-develop-main/outputs/embeddings_ECAPA/train/03-01-05-02-02-02-02.npy,96,02-01-05-02-02-02-02,data/raw/ravdess/video_speech/Video_Speech_Actor_02/Actor_02/02-01-05-02-02-02-02.mp4,4,angry,/home/tonyhe/ravdess_avfusion/external/video_face_branch/early_fusion_facial_v2/fusion_pack_5f/sequences/02-01-05-02-02-02-02.npy,5,2048,canonical_02,canonical_02,0.117935,0.095004,0.107547,0.088539,0.241933,0.093439,0.112504,0.143101,0.02490280233323574,0.012559858616441488,0.012480849120765924,0.013603599835187196,0.7741617679595947,0.1401615551672876,0.012408580537885428,0.00972099364735186
01-05-02-02-02-03,train,3,4,angry,05,02,02,02,03-01-05-02-02-02-03,data/raw/ravdess/audio_speech/Audio_Speech_Actors_01-24/Actor_03/03-01-05-02-02-02-03.wav,4,angry,/home/tonyhe/ravdess_avfusion/external/audio_ser_speechbrain/speechbrain-develop-main/outputs/embeddings_ECAPA/train/03-01-05-02-02-02-03.npy,96,02-01-05-02-02-02-03,data/raw/ravdess/video_speech/Video_Speech_Actor_03/Actor_03/02-01-05-02-02-02-03.mp4,4,angry,/home/tonyhe/ravdess_avfusion/external/video_face_branch/early_fusion_facial_v2/fusion_pack_5f/sequences/02-01-05-02-02-02-03.npy,5,2048,canonical_02,canonical_02,0.115557,0.10737,0.118382,0.084644,0.242454,0.115181,0.134049,0.082361,0.022078090719878672,0.010887903161346912,0.012309815175831318,0.008805974572896957,0.7980035483837128,0.12612182004377245,0.0115661034360528,0.010226737055927516
01-05-02-02-02-04,train,4,4,angry,05,02,02,02,03-01-05-02-02-02-04,data/raw/ravdess/audio_speech/Audio_Speech_Actors_01-24/Actor_04/03-01-05-02-02-02-04.wav,4,angry,/home/tonyhe/ravdess_avfusion/external/audio_ser_speechbrain/speechbrain-develop-main/outputs/embeddings_ECAPA/train/03-01-05-02-02-02-04.npy,96,02-01-05-02-02-02-04,data/raw/ravdess/video_speech/Video_Speech_Actor_04/Actor_04/02-01-05-02-02-02-04.mp4,4,angry,/home/tonyhe/ravdess_avfusion/external/video_face_branch/early_fusion_facial_v2/fusion_pack_5f/sequences/02-01-05-02-02-02-04.npy,5,2048,canonical_02,canonical_02,0.090304,0.126247,0.08121,0.117315,0.238641,0.089134,0.104892,0.152256,0.01670999117195606,0.008114686142653227,0.009303698688745499,0.006742141023278236,0.9271500110626221,0.014358384162187576,0.011071170307695865,0.006549940723925829
01-05-02-02-02-05,train,5,4,angry,05,02,02,02,03-01-05-02-02-02-05,data/raw/ravdess/audio_speech/Audio_Speech_Actors_01-24/Actor_05/03-01-05-02-02-02-05.wav,4,angry,/home/tonyhe/ravdess_avfusion/external/audio_ser_speechbrain/speechbrain-develop-main/outputs/embeddings_ECAPA/train/03-01-05-02-02-02-05.npy,96,02-01-05-02-02-02-05,data/raw/ravdess/video_speech/Video_Speech_Actor_05/Actor_05/02-01-05-02-02-02-05.mp4,4,angry,/home/tonyhe/ravdess_avfusion/external/video_face_branch/early_fusion_facial_v2/fusion_pack_5f/sequences/02-01-05-02-02-02-05.npy,5,2048,canonical_02,canonical_02,0.109768,0.106185,0.096036,0.096369,0.269944,0.110454,0.108378,0.102867,0.02209660317748785,0.013333426602184773,0.00906544951722026,0.011551664303988218,0.9134161353111268,0.009684125799685717,0.012231035716831684,0.008621534518897533
01-05-02-02-02-06,train,6,4,angry,05,02,02,02,03-01-05-02-02-02-06,data/raw/ravdess/audio_speech/Audio_Speech_Actors_01-24/Actor_06/03-01-05-02-02-02-06.wav,4,angry,/home/tonyhe/ravdess_avfusion/external/audio_ser_speechbrain/speechbrain-develop-main/outputs/embeddings_ECAPA/train/03-01-05-02-02-02-06.npy,96,02-01-05-02-02-02-06,data/raw/ravdess/video_speech/Video_Speech_Actor_06/Actor_06/02-01-05-02-02-02-06.mp4,4,angry,/home/tonyhe/ravdess_avfusion/external/video_face_branch/early_fusion_facial_v2/fusion_pack_5f/sequences/02-01-05-02-02-02-06.npy,5,2048,canonical_02,canonical_02,0.119416,0.111698,0.114787,0.116926,0.249719,0.105311,0.109093,0.07305,0.022879733890295028,0.011565008433535695,0.011175440391525626,0.008442540746182203,0.914859938621521,0.009700732678174973,0.01121076215058565,0.010165802016854287
01-05-02-02-02-07,train,7,4,angry,05,02,02,02,03-01-05-02-02-02-07,data/raw/ravdess/audio_speech/Audio_Speech_Actors_01-24/Actor_07/03-01-05-02-02-02-07.wav,4,angry,/home/tonyhe/ravdess_avfusion/external/audio_ser_speechbrain/speechbrain-develop-main/outputs/embeddings_ECAPA/train/03-01-05-02-02-02-07.npy,96,02-01-05-02-02-02-07,data/raw/ravdess/video_speech/Video_Speech_Actor_07/Actor_07/02-01-05-02-02-02-07.mp4,4,angry,/home/tonyhe/ravdess_avfusion/external/video_face_branch/early_fusion_facial_v2/fusion_pack_5f/sequences/02-01-05-02-02-02-07.npy,5,2048,canonical_02,canonical_02,0.113854,0.109524,0.095661,0.131187,0.257334,0.088404,0.104755,0.099281,0.02184980660676956,0.01306980922818184,0.010864612460136414,0.01068508941680193,0.9134315133094788,0.00783108901232481,0.012496202811598777,0.00977186458185315
01-05-02-02-02-08,train,8,4,angry,05,02,02,02,03-01-05-02-02-02-08,data/raw/ravdess/audio_speech/Audio_Speech_Actors_01-24/Actor_08/03-01-05-02-02-02-08.wav,4,angry,/home/tonyhe/ravdess_avfusion/external/audio_ser_speechbrain/speechbrain-develop-main/outputs/embeddings_ECAPA/train/03-01-05-02-02-02-08.npy,96,02-01-05-02-02-02-08,data/raw/ravdess/video_speech/Video_Speech_Actor_08/Actor_08/02-01-05-02-02-02-08.mp4,4,angry,/home/tonyhe/ravdess_avfusion/external/video_face_branch/early_fusion_facial_v2/fusion_pack_5f/sequences/02-01-05-02-02-02-08.npy,5,2048,canonical_02,canonical_02,0.119619,0.090647,0.077935,0.117022,0.222763,0.109114,0.096163,0.166738,0.02330971397459507,0.011363523453474045,0.012541834078729153,0.010520438477396966,0.9095539450645447,0.010738920606672763,0.011511072330176831,0.010460579395294189
01-05-02-02-02-09,train,9,4,angry,05,02,02,02,03-01-05-02-02-02-09,data/raw/ravdess/audio_speech/Audio_Speech_Actors_01-24/Actor_09/03-01-05-02-02-02-09.wav,4,angry,/home/tonyhe/ravdess_avfusion/external/audio_ser_speechbrain/speechbrain-develop-main/outputs/embeddings_ECAPA/train/03-01-05-02-02-02-09.npy,96,02-01-05-02-02-02-09,data/raw/ravdess/video_speech/Video_Speech_Actor_09/Actor_09/02-01-05-02-02-02-09.mp4,4,angry,/home/tonyhe/ravdess_avfusion/external/video_face_branch/early_fusion_facial_v2/fusion_pack_5f/sequences/02-01-05-02-02-02-09.npy,5,2048,canonical_02,canonical_02,0.127426,0.106037,0.086763,0.08328,0.247343,0.104872,0.126844,0.117434,0.02278427630662918,0.015604432113468647,0.01343325488269329,0.010891586542129517,0.8977378249168396,0.010286698397248984,0.01574518661946058,0.013516739383339882
01-05-02-02-02-10,train,10,4,angry,05,02,02,02,03-01-05-02-02-02-10,data/raw/ravdess/audio_speech/Audio_Speech_Actors_01-24/Actor_10/03-01-05-02-02-02-10.wav,4,angry,/home/tonyhe/ravdess_avfusion/external/audio_ser_speechbrain/speechbrain-develop-main/outputs/embeddings_ECAPA/train/03-01-05-02-02-02-10.npy,96,02-01-05-02-02-02-10,data/raw/ravdess/video_speech/Video_Speech_Actor_10/Actor_10/02-01-05-02-02-02-10.mp4,4,angry,/home/tonyhe/ravdess_avfusion/external/video_face_branch/early_fusion_facial_v2/fusion_pack_5f/sequences/02-01-05-02-02-02-10.npy,5,2048,canonical_02,canonical_02,0.139975,0.118991,0.111614,0.098013,0.218626,0.064098,0.125809,0.122874,0.016415505111217497,0.011202460341155528,0.012655788939446211,0.009432338131591677,0.9250148415565491,0.008777941670268774,0.009505917131900788,0.006995219271630049
01-05-02-02-02-11,train,11,4,angry,05,02,02,02,03-01-05-02-02-02-11,data/raw/ravdess/audio_speech/Audio_Speech_Actors_01-24/Actor_11/03-01-05-02-02-02-11.wav,4,angry,/home/tonyhe/ravdess_avfusion/external/audio_ser_speechbrain/speechbrain-develop-main/outputs/embeddings_ECAPA/train/03-01-05-02-02-02-11.npy,96,02-01-05-02-02-02-11,data/raw/ravdess/video_speech/Video_Speech_Actor_11/Actor_11/02-01-05-02-02-02-11.mp4,4,angry,/home/tonyhe/ravdess_avfusion/external/video_face_branch/early_fusion_facial_v2/fusion_pack_5f/sequences/02-01-05-02-02-02-11.npy,5,2048,canonical_02,canonical_02,0.099449,0.100123,0.096057,0.070294,0.234198,0.135673,0.131509,0.132697,0.024239693954586982,0.015005677565932274,0.01285324413329363,0.012975652143359185,0.9007422804832459,0.01112365685403347,0.013870858773589134,0.009188894741237163
01-05-02-02-02-12,train,12,4,angry,05,02,02,02,03-01-05-02-02-02-12,data/raw/ravdess/audio_speech/Audio_Speech_Actors_01-24/Actor_12/03-01-05-02-02-02-12.wav,4,angry,/home/tonyhe/ravdess_avfusion/external/audio_ser_speechbrain/speechbrain-develop-main/outputs/embeddings_ECAPA/train/03-01-05-02-02-02-12.npy,96,02-01-05-02-02-02-12,data/raw/ravdess/video_speech/Video_Speech_Actor_12/Actor_12/02-01-05-02-02-02-12.mp4,4,angry,/home/tonyhe/ravdess_avfusion/external/video_face_branch/early_fusion_facial_v2/fusion_pack_5f/sequences/02-01-05-02-02-02-12.npy,5,2048,canonical_02,canonical_02,0.116543,0.116168,0.097301,0.111589,0.259174,0.112653,0.10775,0.078824,0.018784868344664574,0.008871332835406065,0.010221153404563666,0.01230951165780425,0.9211873531341552,0.011999814352020622,0.01002366142347455,0.006602256093174219
01-05-02-02-02-13,train,13,4,angry,05,02,02,02,03-01-05-02-02-02-13,data/raw/ravdess/audio_speech/Audio_Speech_Actors_01-24/Actor_13/03-01-05-02-02-02-13.wav,4,angry,/home/tonyhe/ravdess_avfusion/external/audio_ser_speechbrain/speechbrain-develop-main/outputs/embeddings_ECAPA/train/03-01-05-02-02-02-13.npy,96,02-01-05-02-02-02-13,data/raw/ravdess/video_speech/Video_Speech_Actor_13/Actor_13/02-01-05-02-02-02-13.mp4,4,angry,/home/tonyhe/ravdess_avfusion/external/video_face_branch/early_fusion_facial_v2/fusion_pack_5f/sequences/02-01-05-02-02-02-13.npy,5,2048,canonical_02,canonical_02,0.09315,0.142551,0.086743,0.090871,0.25088,0.108688,0.117841,0.109275,0.022831057757139207,0.013028256222605705,0.012879535183310508,0.011602135002613067,0.8991933345794678,0.015391890052706003,0.012121056579053402,0.012952747195959092
01-05-02-02-02-14,train,14,4,angry,05,02,02,02,03-01-05-02-02-02-14,data/raw/ravdess/audio_speech/Audio_Speech_Actors_01-24/Actor_14/03-01-05-02-02-02-14.wav,4,angry,/home/tonyhe/ravdess_avfusion/external/audio_ser_speechbrain/speechbrain-develop-main/outputs/embeddings_ECAPA/train/03-01-05-02-02-02-14.npy,96,02-01-05-02-02-02-14,data/raw/ravdess/video_speech/Video_Speech_Actor_14/Actor_14/02-01-05-02-02-02-14.mp4,4,angry,/home/tonyhe/ravdess_avfusion/external/video_face_branch/early_fusion_facial_v2/fusion_pack_5f/sequences/02-01-05-02-02-02-14.npy,5,2048,canonical_02,canonical_02,0.131068,0.103605,0.106865,0.124907,0.245264,0.116274,0.092224,0.079794,0.02191774807870388,0.011582000553607941,0.010756131634116173,0.020246322080492974,0.8938644051551818,0.011214948445558547,0.017082739248871805,0.013335707318037748
01-05-02-02-02-15,train,15,4,angry,05,02,02,02,03-01-05-02-02-02-15,data/raw/ravdess/audio_speech/Audio_Speech_Actors_01-24/Actor_15/03-01-05-02-02-02-15.wav,4,angry,/home/tonyhe/ravdess_avfusion/external/audio_ser_speechbrain/speechbrain-develop-main/outputs/embeddings_ECAPA/train/03-01-05-02-02-02-15.npy,96,02-01-05-02-02-02-15,data/raw/ravdess/video_speech/Video_Speech_Actor_15/Actor_15/02-01-05-02-02-02-15.mp4,4,angry,/home/tonyhe/ravdess_avfusion/data/processed/video/backfill_actor15/sequence_embeddings_5f/train/02-01-05-02-02-02-15.npy,5,2048,backfill_actor15,backfill_actor15,0.129469,0.098583,0.072711,0.146416,0.242935,0.092384,0.093485,0.124018,0.18498347699642181,0.018247190862894058,0.021490195766091347,0.02811422385275364,0.4977097511291504,0.028200184926390648,0.023320287466049194,0.19793465733528137
01-05-02-02-02-16,train,16,4,angry,05,02,02,02,03-01-05-02-02-02-16,data/raw/ravdess/audio_speech/Audio_Speech_Actors_01-24/Actor_16/03-01-05-02-02-02-16.wav,4,angry,/home/tonyhe/ravdess_avfusion/external/audio_ser_speechbrain/speechbrain-develop-main/outputs/embeddings_ECAPA/train/03-01-05-02-02-02-16.npy,96,02-01-05-02-02-02-16,data/raw/ravdess/video_speech/Video_Speech_Actor_16/Actor_16/02-01-05-02-02-02-16.mp4,4,angry,/home/tonyhe/ravdess_avfusion/external/video_face_branch/early_fusion_facial_v2/fusion_pack_5f/sequences/02-01-05-02-02-02-16.npy,5,2048,canonical_02,canonical_02,0.113047,0.074966,0.104615,0.137007,0.239167,0.094131,0.116643,0.120424,0.021011864580214024,0.009367237240076065,0.010183299612253904,0.007685358542948962,0.9243168950080871,0.0085393987596035,0.010630546137690544,0.00826537711545825
01-06-01-01-01-01,train,1,5,fearful,06,01,01,01,03-01-06-01-01-01-01,data/raw/ravdess/audio_speech/Audio_Speech_Actors_01-24/Actor_01/03-01-06-01-01-01-01.wav,5,fearful,/home/tonyhe/ravdess_avfusion/external/audio_ser_speechbrain/speechbrain-develop-main/outputs/embeddings_ECAPA/train/03-01-06-01-01-01-01.npy,96,02-01-06-01-01-01-01,data/raw/ravdess/video_speech/Video_Speech_Actor_01/Actor_01/02-01-06-01-01-01-01.mp4,5,fearful,/home/tonyhe/ravdess_avfusion/external/video_face_branch/early_fusion_facial_v2/fusion_pack_5f/sequences/02-01-06-01-01-01-01.npy,5,2048,canonical_02,canonical_02,0.09613,0.096843,0.105687,0.146492,0.092715,0.238558,0.084375,0.139201,0.01593618430197239,0.007446560077369213,0.006948909722268581,0.009270633198320865,0.005628160852938891,0.9393258690834045,0.010041905660182237,0.0054017770104110244
01-06-01-01-01-02,train,2,5,fearful,06,01,01,01,03-01-06-01-01-01-02,data/raw/ravdess/audio_speech/Audio_Speech_Actors_01-24/Actor_02/03-01-06-01-01-01-02.wav,5,fearful,/home/tonyhe/ravdess_avfusion/external/audio_ser_speechbrain/speechbrain-develop-main/outputs/embeddings_ECAPA/train/03-01-06-01-01-01-02.npy,96,02-01-06-01-01-01-02,data/raw/ravdess/video_speech/Video_Speech_Actor_02/Actor_02/02-01-06-01-01-01-02.mp4,5,fearful,/home/tonyhe/ravdess_avfusion/external/video_face_branch/early_fusion_facial_v2/fusion_pack_5f/sequences/02-01-06-01-01-01-02.npy,5,2048,canonical_02,canonical_02,0.08627,0.124428,0.119809,0.096487,0.078444,0.264178,0.11133,0.119053,0.018264011666178703,0.011441240180283785,0.008552621863782407,0.008067833073437215,0.006024419236928225,0.9313044667243957,0.007945863157510757,0.008399522444233299
01-06-01-01-01-03,train,3,5,fearful,06,01,01,01,03-01-06-01-01-01-03,data/raw/ravdess/audio_speech/Audio_Speech_Actors_01-24/Actor_03/03-01-06-01-01-01-03.wav,5,fearful,/home/tonyhe/ravdess_avfusion/external/audio_ser_speechbrain/speechbrain-develop-main/outputs/embeddings_ECAPA/train/03-01-06-01-01-01-03.npy,96,02-01-06-01-01-01-03,data/raw/ravdess/video_speech/Video_Speech_Actor_03/Actor_03/02-01-06-01-01-01-03.mp4,5,fearful,/home/tonyhe/ravdess_avfusion/external/video_face_branch/early_fusion_facial_v2/fusion_pack_5f/sequences/02-01-06-01-01-01-03.npy,5,2048,canonical_02,canonical_02,0.091557,0.095749,0.086209,0.108085,0.097127,0.266327,0.125509,0.129437,0.01911670509725809,0.010810245387256145,0.00935228131711483,0.00825389353558421,0.007497159857302904,0.9249653458595276,0.012654304504394531,0.007350028678774834
01-06-01-01-01-04,train,4,5,fearful,06,01,01,01,03-01-06-01-01-01-04,data/raw/ravdess/audio_speech/Audio_Speech_Actors_01-24/Actor_04/03-01-06-01-01-01-04.wav,5,fearful,/home/tonyhe/ravdess_avfusion/external/audio_ser_speechbrain/speechbrain-develop-main/outputs/embeddings_ECAPA/train/03-01-06-01-01-01-04.npy,96,02-01-06-01-01-01-04,data/raw/ravdess/video_speech/Video_Speech_Actor_04/Actor_04/02-01-06-01-01-01-04.mp4,5,fearful,/home/tonyhe/ravdess_avfusion/external/video_face_branch/early_fusion_facial_v2/fusion_pack_5f/sequences/02-01-06-01-01-01-04.npy,5,2048,canonical_02,canonical_02,0.08637,0.099753,0.107086,0.119942,0.078808,0.248008,0.110158,0.149874,0.01850083116441965,0.008547398075461388,0.009822843037545681,0.009505723882466555,0.01047145128250122,0.9234235167503357,0.012020348198711872,0.007707888726145029
01-06-01-01-01-05,train,5,5,fearful,06,01,01,01,03-01-06-01-01-01-05,data/raw/ravdess/audio_speech/Audio_Speech_Actors_01-24/Actor_05/03-01-06-01-01-01-05.wav,5,fearful,/home/tonyhe/ravdess_avfusion/external/audio_ser_speechbrain/speechbrain-develop-main/outputs/embeddings_ECAPA/train/03-01-06-01-01-01-05.npy,96,02-01-06-01-01-01-05,data/raw/ravdess/video_speech/Video_Speech_Actor_05/Actor_05/02-01-06-01-01-01-05.mp4,5,fearful,/home/tonyhe/ravdess_avfusion/external/video_face_branch/early_fusion_facial_v2/fusion_pack_5f/sequences/02-01-06-01-01-01-05.npy,5,2048,canonical_02,canonical_02,0.101937,0.079326,0.115809,0.080138,0.091854,0.244568,0.130175,0.156194,0.019395088776946068,0.009166896250098944,0.010236257780343294,0.013475961983203888,0.012403318844735622,0.9157403826713562,0.01128045991063118,0.008301635831594467
01-06-01-01-01-06,train,6,5,fearful,06,01,01,01,03-01-06-01-01-01-06,data/raw/ravdess/audio_speech/Audio_Speech_Actors_01-24/Actor_06/03-01-06-01-01-01-06.wav,5,fearful,/home/tonyhe/ravdess_avfusion/external/audio_ser_speechbrain/speechbrain-develop-main/outputs/embeddings_ECAPA/train/03-01-06-01-01-01-06.npy,96,02-01-06-01-01-01-06,data/raw/ravdess/video_speech/Video_Speech_Actor_06/Actor_06/02-01-06-01-01-01-06.mp4,5,fearful,/home/tonyhe/ravdess_avfusion/external/video_face_branch/early_fusion_facial_v2/fusion_pack_5f/sequences/02-01-06-01-01-01-06.npy,5,2048,canonical_02,canonical_02,0.099323,0.117146,0.091688,0.13018,0.092256,0.260457,0.099766,0.109184,0.024013454094529152,0.012135917320847511,0.012337752990424633,0.015176699310541154,0.01032031923532486,0.9048113822937012,0.012047214806079865,0.00915727587416768
01-06-01-01-01-07,train,7,5,fearful,06,01,01,01,03-01-06-01-01-01-07,data/raw/ravdess/audio_speech/Audio_Speech_Actors_01-24/Actor_07/03-01-06-01-01-01-07.wav,5,fearful,/home/tonyhe/ravdess_avfusion/external/audio_ser_speechbrain/speechbrain-develop-main/outputs/embeddings_ECAPA/train/03-01-06-01-01-01-07.npy,96,02-01-06-01-01-01-07,data/raw/ravdess/video_speech/Video_Speech_Actor_07/Actor_07/02-01-06-01-01-01-07.mp4,5,fearful,/home/tonyhe/ravdess_avfusion/external/video_face_branch/early_fusion_facial_v2/fusion_pack_5f/sequences/02-01-06-01-01-01-07.npy,5,2048,canonical_02,canonical_02,0.111653,0.097679,0.086466,0.135102,0.088246,0.248775,0.119319,0.112758,0.019541043415665628,0.011371970735490322,0.010955210961401462,0.009816719405353069,0.005489761801436543,0.9211434721946716,0.011512525845319033,0.01016926346346736
01-06-01-01-01-08,train,8,5,fearful,06,01,01,01,03-01-06-01-01-01-08,data/raw/ravdess/audio_speech/Audio_Speech_Actors_01-24/Actor_08/03-01-06-01-01-01-08.wav,5,fearful,/home/tonyhe/ravdess_avfusion/external/audio_ser_speechbrain/speechbrain-develop-main/outputs/embeddings_ECAPA/train/03-01-06-01-01-01-08.npy,96,02-01-06-01-01-01-08,data/raw/ravdess/video_speech/Video_Speech_Actor_08/Actor_08/02-01-06-01-01-01-08.mp4,5,fearful,/home/tonyhe/ravdess_avfusion/external/video_face_branch/early_fusion_facial_v2/fusion_pack_5f/sequences/02-01-06-01-01-01-08.npy,5,2048,canonical_02,canonical_02,0.089,0.114445,0.092142,0.139822,0.085278,0.248063,0.116289,0.114961,0.02101152390241623,0.00858371490612626,0.010501893237233162,0.012361371703445912,0.008335475530475377,0.9191442847251892,0.01129163708537817,0.008770133834332228
01-06-01-01-01-09,train,9,5,fearful,06,01,01,01,03-01-06-01-01-01-09,data/raw/ravdess/audio_speech/Audio_Speech_Actors_01-24/Actor_09/03-01-06-01-01-01-09.wav,5,fearful,/home/tonyhe/ravdess_avfusion/external/audio_ser_speechbrain/speechbrain-develop-main/outputs/embeddings_ECAPA/train/03-01-06-01-01-01-09.npy,96,02-01-06-01-01-01-09,data/raw/ravdess/video_speech/Video_Speech_Actor_09/Actor_09/02-01-06-01-01-01-09.mp4,5,fearful,/home/tonyhe/ravdess_avfusion/external/video_face_branch/early_fusion_facial_v2/fusion_pack_5f/sequences/02-01-06-01-01-01-09.npy,5,2048,canonical_02,canonical_02,0.101562,0.095318,0.080229,0.113759,0.130992,0.243629,0.109005,0.125507,0.020934679359197617,0.009769499860703945,0.010291695594787598,0.012970507889986039,0.017507701832801103,0.9116117119789123,0.009673555754125119,0.007240629568696022
01-06-01-01-01-10,train,10,5,fearful,06,01,01,01,03-01-06-01-01-01-10,data/raw/ravdess/audio_speech/Audio_Speech_Actors_01-24/Actor_10/03-01-06-01-01-01-10.wav,5,fearful,/home/tonyhe/ravdess_avfusion/external/audio_ser_speechbrain/speechbrain-develop-main/outputs/embeddings_ECAPA/train/03-01-06-01-01-01-10.npy,96,02-01-06-01-01-01-10,data/raw/ravdess/video_speech/Video_Speech_Actor_10/Actor_10/02-01-06-01-01-01-10.mp4,5,fearful,/home/tonyhe/ravdess_avfusion/external/video_face_branch/early_fusion_facial_v2/fusion_pack_5f/sequences/02-01-06-01-01-01-10.npy,5,2048,canonical_02,canonical_02,0.077653,0.092169,0.11882,0.107505,0.077362,0.242836,0.148579,0.135076,0.020616319589316846,0.009967630449682473,0.009796911757439375,0.10745002198964357,0.008523316588252783,0.8183942019939423,0.011688424088060857,0.013563205301761628
01-06-01-01-01-11,train,11,5,fearful,06,01,01,01,03-01-06-01-01-01-11,data/raw/ravdess/audio_speech/Audio_Speech_Actors_01-24/Actor_11/03-01-06-01-01-01-11.wav,5,fearful,/home/tonyhe/ravdess_avfusion/external/audio_ser_speechbrain/speechbrain-develop-main/outputs/embeddings_ECAPA/train/03-01-06-01-01-01-11.npy,96,02-01-06-01-01-01-11,data/raw/ravdess/video_speech/Video_Speech_Actor_11/Actor_11/02-01-06-01-01-01-11.mp4,5,fearful,/home/tonyhe/ravdess_avfusion/external/video_face_branch/early_fusion_facial_v2/fusion_pack_5f/sequences/02-01-06-01-01-01-11.npy,5,2048,canonical_02,canonical_02,0.075149,0.090026,0.133263,0.106592,0.08079,0.237978,0.158417,0.117786,0.020450857281684876,0.011834876611828804,0.010382430441677571,0.007962835766375066,0.014893128164112568,0.9110668301582336,0.01285154912620783,0.010557499900460243
01-06-01-01-01-12,train,12,5,fearful,06,01,01,01,03-01-06-01-01-01-12,data/raw/ravdess/audio_speech/Audio_Speech_Actors_01-24/Actor_12/03-01-06-01-01-01-12.wav,5,fearful,/home/tonyhe/ravdess_avfusion/external/audio_ser_speechbrain/speechbrain-develop-main/outputs/embeddings_ECAPA/train/03-01-06-01-01-01-12.npy,96,02-01-06-01-01-01-12,data/raw/ravdess/video_speech/Video_Speech_Actor_12/Actor_12/02-01-06-01-01-01-12.mp4,5,fearful,/home/tonyhe/ravdess_avfusion/external/video_face_branch/early_fusion_facial_v2/fusion_pack_5f/sequences/02-01-06-01-01-01-12.npy,5,2048,canonical_02,canonical_02,0.090437,0.116258,0.098432,0.109984,0.092501,0.272575,0.099365,0.12045,0.021626164391636848,0.008285206649452448,0.007796720787882805,0.012576067447662353,0.005867448402568698,0.9263940811157226,0.009881675988435746,0.007572592049837112
01-06-01-01-01-13,train,13,5,fearful,06,01,01,01,03-01-06-01-01-01-13,data/raw/ravdess/audio_speech/Audio_Speech_Actors_01-24/Actor_13/03-01-06-01-01-01-13.wav,5,fearful,/home/tonyhe/ravdess_avfusion/external/audio_ser_speechbrain/speechbrain-develop-main/outputs/embeddings_ECAPA/train/03-01-06-01-01-01-13.npy,96,02-01-06-01-01-01-13,data/raw/ravdess/video_speech/Video_Speech_Actor_13/Actor_13/02-01-06-01-01-01-13.mp4,5,fearful,/home/tonyhe/ravdess_avfusion/external/video_face_branch/early_fusion_facial_v2/fusion_pack_5f/sequences/02-01-06-01-01-01-13.npy,5,2048,canonical_02,canonical_02,0.112904,0.072411,0.141424,0.087227,0.08202,0.194779,0.138879,0.170357,0.024010321497917174,0.010487771220505237,0.011010987777262926,0.01358138732612133,0.007740761060267687,0.9116119623184205,0.012524613551795483,0.00903217950835824
01-06-01-01-01-14,train,14,5,fearful,06,01,01,01,03-01-06-01-01-01-14,data/raw/ravdess/audio_speech/Audio_Speech_Actors_01-24/Actor_14/03-01-06-01-01-01-14.wav,5,fearful,/home/tonyhe/ravdess_avfusion/external/audio_ser_speechbrain/speechbrain-develop-main/outputs/embeddings_ECAPA/train/03-01-06-01-01-01-14.npy,96,02-01-06-01-01-01-14,data/raw/ravdess/video_speech/Video_Speech_Actor_14/Actor_14/02-01-06-01-01-01-14.mp4,5,fearful,/home/tonyhe/ravdess_avfusion/external/video_face_branch/early_fusion_facial_v2/fusion_pack_5f/sequences/02-01-06-01-01-01-14.npy,5,2048,canonical_02,canonical_02,0.100834,0.096811,0.091147,0.125368,0.106391,0.264203,0.116253,0.098993,0.018931480683386327,0.008262476697564126,0.009291469492018223,0.019149359315633774,0.0118352634832263,0.9160367488861084,0.009747482649981976,0.006745747895911336
01-06-01-01-01-15,train,15,5,fearful,06,01,01,01,03-01-06-01-01-01-15,data/raw/ravdess/audio_speech/Audio_Speech_Actors_01-24/Actor_15/03-01-06-01-01-01-15.wav,5,fearful,/home/tonyhe/ravdess_avfusion/external/audio_ser_speechbrain/speechbrain-develop-main/outputs/embeddings_ECAPA/train/03-01-06-01-01-01-15.npy,96,02-01-06-01-01-01-15,data/raw/ravdess/video_speech/Video_Speech_Actor_15/Actor_15/02-01-06-01-01-01-15.mp4,4,angry,/home/tonyhe/ravdess_avfusion/data/processed/video/backfill_actor15/sequence_embeddings_5f/train/02-01-06-01-01-01-15.npy,5,2048,backfill_actor15,backfill_actor15,0.098581,0.131436,0.074083,0.121544,0.114084,0.24575,0.113138,0.101384,0.2419685423374176,0.018318256363272667,0.0349600613117218,0.10874058306217194,0.27797040343284607,0.19312821328639984,0.03061678446829319,0.09429715573787689
01-06-01-01-01-16,train,16,5,fearful,06,01,01,01,03-01-06-01-01-01-16,data/raw/ravdess/audio_speech/Audio_Speech_Actors_01-24/Actor_16/03-01-06-01-01-01-16.wav,5,fearful,/home/tonyhe/ravdess_avfusion/external/audio_ser_speechbrain/speechbrain-develop-main/outputs/embeddings_ECAPA/train/03-01-06-01-01-01-16.npy,96,02-01-06-01-01-01-16,data/raw/ravdess/video_speech/Video_Speech_Actor_16/Actor_16/02-01-06-01-01-01-16.mp4,5,fearful,/home/tonyhe/ravdess_avfusion/external/video_face_branch/early_fusion_facial_v2/fusion_pack_5f/sequences/02-01-06-01-01-01-16.npy,5,2048,canonical_02,canonical_02,0.09475,0.095442,0.122975,0.112843,0.094283,0.279397,0.101918,0.098391,0.02071261256933212,0.008502624277025462,0.007905504293739795,0.025367173552513122,0.00787932500243187,0.9024441123008728,0.012677356973290444,0.01451128041371703
01-06-01-01-02-01,train,1,5,fearful,06,01,01,02,03-01-06-01-01-02-01,data/raw/ravdess/audio_speech/Audio_Speech_Actors_01-24/Actor_01/03-01-06-01-01-02-01.wav,5,fearful,/home/tonyhe/ravdess_avfusion/external/audio_ser_speechbrain/speechbrain-develop-main/outputs/embeddings_ECAPA/train/03-01-06-01-01-02-01.npy,96,02-01-06-01-01-02-01,data/raw/ravdess/video_speech/Video_Speech_Actor_01/Actor_01/02-01-06-01-01-02-01.mp4,5,fearful,/home/tonyhe/ravdess_avfusion/external/video_face_branch/early_fusion_facial_v2/fusion_pack_5f/sequences/02-01-06-01-01-02-01.npy,5,2048,canonical_02,canonical_02,0.083919,0.090525,0.103014,0.096679,0.108594,0.270598,0.115595,0.131076,0.013422977924346925,0.008871861174702645,0.008191321045160294,0.014320868626236915,0.005721192900091409,0.9374997854232788,0.007548048626631498,0.004423983534798026
01-06-01-01-02-02,train,2,5,fearful,06,01,01,02,03-01-06-01-01-02-02,data/raw/ravdess/audio_speech/Audio_Speech_Actors_01-24/Actor_02/03-01-06-01-01-02-02.wav,5,fearful,/home/tonyhe/ravdess_avfusion/external/audio_ser_speechbrain/speechbrain-develop-main/outputs/embeddings_ECAPA/train/03-01-06-01-01-02-02.npy,96,02-01-06-01-01-02-02,data/raw/ravdess/video_speech/Video_Speech_Actor_02/Actor_02/02-01-06-01-01-02-02.mp4,5,fearful,/home/tonyhe/ravdess_avfusion/external/video_face_branch/early_fusion_facial_v2/fusion_pack_5f/sequences/02-01-06-01-01-02-02.npy,5,2048,canonical_02,canonical_02,0.094691,0.107841,0.125498,0.105314,0.077924,0.263289,0.097095,0.128347,0.02125070132315159,0.009950963035225868,0.011383065208792686,0.009103089477866888,0.008129359595477581,0.9169555902481079,0.013968870602548122,0.00925832223147154
01-06-01-01-02-03,train,3,5,fearful,06,01,01,02,03-01-06-01-01-02-03,data/raw/ravdess/audio_speech/Audio_Speech_Actors_01-24/Actor_03/03-01-06-01-01-02-03.wav,5,fearful,/home/tonyhe/ravdess_avfusion/external/audio_ser_speechbrain/speechbrain-develop-main/outputs/embeddings_ECAPA/train/03-01-06-01-01-02-03.npy,96,02-01-06-01-01-02-03,data/raw/ravdess/video_speech/Video_Speech_Actor_03/Actor_03/02-01-06-01-01-02-03.mp4,5,fearful,/home/tonyhe/ravdess_avfusion/external/video_face_branch/early_fusion_facial_v2/fusion_pack_5f/sequences/02-01-06-01-01-02-03.npy,5,2048,canonical_02,canonical_02,0.092754,0.092522,0.091235,0.106266,0.118725,0.260782,0.134597,0.10312,0.018075981736183168,0.00964310197159648,0.008634489215910434,0.00872751222923398,0.006889483984559774,0.9253700971603394,0.013297818042337895,0.009361514914780855
01-06-01-01-02-04,train,4,5,fearful,06,01,01,02,03-01-06-01-01-02-04,data/raw/ravdess/audio_speech/Audio_Speech_Actors_01-24/Actor_04/03-01-06-01-01-02-04.wav,5,fearful,/home/tonyhe/ravdess_avfusion/external/audio_ser_speechbrain/speechbrain-develop-main/outputs/embeddings_ECAPA/train/03-01-06-01-01-02-04.npy,96,02-01-06-01-01-02-04,data/raw/ravdess/video_speech/Video_Speech_Actor_04/Actor_04/02-01-06-01-01-02-04.mp4,5,fearful,/home/tonyhe/ravdess_avfusion/external/video_face_branch/early_fusion_facial_v2/fusion_pack_5f/sequences/02-01-06-01-01-02-04.npy,5,2048,canonical_02,canonical_02,0.09369,0.098613,0.098403,0.109129,0.087248,0.261643,0.109379,0.141894,0.01924746073782444,0.00914429547265172,0.009262195974588393,0.021865370590239762,0.009096090216189623,0.9095764279365539,0.012192483153194189,0.00961568420752883
01-06-01-01-02-05,train,5,5,fearful,06,01,01,02,03-01-06-01-01-02-05,data/raw/ravdess/audio_speech/Audio_Speech_Actors_01-24/Actor_05/03-01-06-01-01-02-05.wav,5,fearful,/home/tonyhe/ravdess_avfusion/external/audio_ser_speechbrain/speechbrain-develop-main/outputs/embeddings_ECAPA/train/03-01-06-01-01-02-05.npy,96,02-01-06-01-01-02-05,data/raw/ravdess/video_speech/Video_Speech_Actor_05/Actor_05/02-01-06-01-01-02-05.mp4,5,fearful,/home/tonyhe/ravdess_avfusion/external/video_face_branch/early_fusion_facial_v2/fusion_pack_5f/sequences/02-01-06-01-01-02-05.npy,5,2048,canonical_02,canonical_02,0.133874,0.067517,0.101224,0.098696,0.108112,0.222571,0.123082,0.144924,0.019291990250349045,0.009723643213510514,0.009836556389927864,0.011338861100375653,0.009895861428231002,0.9213272571563721,0.010242764092981815,0.008343103528022765
01-06-01-01-02-06,train,6,5,fearful,06,01,01,02,03-01-06-01-01-02-06,data/raw/ravdess/audio_speech/Audio_Speech_Actors_01-24/Actor_06/03-01-06-01-01-02-06.wav,5,fearful,/home/tonyhe/ravdess_avfusion/external/audio_ser_speechbrain/speechbrain-develop-main/outputs/embeddings_ECAPA/train/03-01-06-01-01-02-06.npy,96,02-01-06-01-01-02-06,data/raw/ravdess/video_speech/Video_Speech_Actor_06/Actor_06/02-01-06-01-01-02-06.mp4,5,fearful,/home/tonyhe/ravdess_avfusion/external/video_face_branch/early_fusion_facial_v2/fusion_pack_5f/sequences/02-01-06-01-01-02-06.npy,5,2048,canonical_02,canonical_02,0.097623,0.109097,0.104268,0.110387,0.094655,0.283377,0.099213,0.10138,0.0181423319503665,0.011478486377745867,0.009670054819434882,0.013584247697144747,0.006868045777082443,0.9224350214004516,0.010338216833770276,0.00748360063880682
01-06-01-01-02-07,train,7,5,fearful,06,01,01,02,03-01-06-01-01-02-07,data/raw/ravdess/audio_speech/Audio_Speech_Actors_01-24/Actor_07/03-01-06-01-01-02-07.wav,5,fearful,/home/tonyhe/ravdess_avfusion/external/audio_ser_speechbrain/speechbrain-develop-main/outputs/embeddings_ECAPA/train/03-01-06-01-01-02-07.npy,96,02-01-06-01-01-02-07,data/raw/ravdess/video_speech/Video_Speech_Actor_07/Actor_07/02-01-06-01-01-02-07.mp4,5,fearful,/home/tonyhe/ravdess_avfusion/external/video_face_branch/early_fusion_facial_v2/fusion_pack_5f/sequences/02-01-06-01-01-02-07.npy,5,2048,canonical_02,canonical_02,0.103608,0.076982,0.118066,0.105125,0.08299,0.247849,0.133824,0.131555,0.02262798547744751,0.012788203358650208,0.013294592499732971,0.015196765959262847,0.006991466321051121,0.907935905456543,0.013209093548357486,0.007955987192690372
01-06-01-01-02-08,train,8,5,fearful,06,01,01,02,03-01-06-01-01-02-08,data/raw/ravdess/audio_speech/Audio_Speech_Actors_01-24/Actor_08/03-01-06-01-01-02-08.wav,5,fearful,/home/tonyhe/ravdess_avfusion/external/audio_ser_speechbrain/speechbrain-develop-main/outputs/embeddings_ECAPA/train/03-01-06-01-01-02-08.npy,96,02-01-06-01-01-02-08,data/raw/ravdess/video_speech/Video_Speech_Actor_08/Actor_08/02-01-06-01-01-02-08.mp4,5,fearful,/home/tonyhe/ravdess_avfusion/external/video_face_branch/early_fusion_facial_v2/fusion_pack_5f/sequences/02-01-06-01-01-02-08.npy,5,2048,canonical_02,canonical_02,0.092664,0.114314,0.085378,0.119466,0.092729,0.257066,0.108515,0.129869,0.018952079489827155,0.009322027768939733,0.00973146352916956,0.06626975275576115,0.009447272028774023,0.8685198783874511,0.010207285918295384,0.007550270762294531
01-06-01-01-02-09,train,9,5,fearful,06,01,01,02,03-01-06-01-01-02-09,data/raw/ravdess/audio_speech/Audio_Speech_Actors_01-24/Actor_09/03-01-06-01-01-02-09.wav,5,fearful,/home/tonyhe/ravdess_avfusion/external/audio_ser_speechbrain/speechbrain-develop-main/outputs/embeddings_ECAPA/train/03-01-06-01-01-02-09.npy,96,02-01-06-01-01-02-09,data/raw/ravdess/video_speech/Video_Speech_Actor_09/Actor_09/02-01-06-01-01-02-09.mp4,5,fearful,/home/tonyhe/ravdess_avfusion/external/video_face_branch/early_fusion_facial_v2/fusion_pack_5f/sequences/02-01-06-01-01-02-09.npy,5,2048,canonical_02,canonical_02,0.099151,0.099641,0.102715,0.099012,0.123312,0.251843,0.114842,0.109485,0.01718263663351536,0.008858902100473642,0.008142326213419437,0.0073716497048735615,0.009108232613652945,0.9326611876487731,0.00993076516315341,0.006744310539215803
01-06-01-01-02-10,train,10,5,fearful,06,01,01,02,03-01-06-01-01-02-10,data/raw/ravdess/audio_speech/Audio_Speech_Actors_01-24/Actor_10/03-01-06-01-01-02-10.wav,5,fearful,/home/tonyhe/ravdess_avfusion/external/audio_ser_speechbrain/speechbrain-develop-main/outputs/embeddings_ECAPA/train/03-01-06-01-01-02-10.npy,96,02-01-06-01-01-02-10,data/raw/ravdess/video_speech/Video_Speech_Actor_10/Actor_10/02-01-06-01-01-02-10.mp4,5,fearful,/home/tonyhe/ravdess_avfusion/external/video_face_branch/early_fusion_facial_v2/fusion_pack_5f/sequences/02-01-06-01-01-02-10.npy,5,2048,canonical_02,canonical_02,0.097173,0.127803,0.074301,0.107249,0.089304,0.226419,0.130764,0.146986,0.018040834367275237,0.007857916783541441,0.00791982738301158,0.019259863812476397,0.007140412367880345,0.9171817064285278,0.010927838459610938,0.011671576462686063
01-06-01-01-02-11,train,11,5,fearful,06,01,01,02,03-01-06-01-01-02-11,data/raw/ravdess/audio_speech/Audio_Speech_Actors_01-24/Actor_11/03-01-06-01-01-02-11.wav,5,fearful,/home/tonyhe/ravdess_avfusion/external/audio_ser_speechbrain/speechbrain-develop-main/outputs/embeddings_ECAPA/train/03-01-06-01-01-02-11.npy,96,02-01-06-01-01-02-11,data/raw/ravdess/video_speech/Video_Speech_Actor_11/Actor_11/02-01-06-01-01-02-11.mp4,5,fearful,/home/tonyhe/ravdess_avfusion/external/video_face_branch/early_fusion_facial_v2/fusion_pack_5f/sequences/02-01-06-01-01-02-11.npy,5,2048,canonical_02,canonical_02,0.073027,0.082771,0.155971,0.08978,0.07619,0.209306,0.153835,0.15912,0.01851576566696167,0.010759225860238076,0.011461998056620359,0.008372792415320874,0.010128232836723327,0.9202009439468384,0.013309313356876374,0.007251731771975756
01-06-01-01-02-12,train,12,5,fearful,06,01,01,02,03-01-06-01-01-02-12,data/raw/ravdess/audio_speech/Audio_Speech_Actors_01-24/Actor_12/03-01-06-01-01-02-12.wav,5,fearful,/home/tonyhe/ravdess_avfusion/external/audio_ser_speechbrain/speechbrain-develop-main/outputs/embeddings_ECAPA/train/03-01-06-01-01-02-12.npy,96,02-01-06-01-01-02-12,data/raw/ravdess/video_speech/Video_Speech_Actor_12/Actor_12/02-01-06-01-01-02-12.mp4,5,fearful,/home/tonyhe/ravdess_avfusion/external/video_face_branch/early_fusion_facial_v2/fusion_pack_5f/sequences/02-01-06-01-01-02-12.npy,5,2048,canonical_02,canonical_02,0.084575,0.078924,0.121481,0.134713,0.08549,0.255843,0.119538,0.119436,0.017946344800293446,0.007915946375578641,0.008564281370490789,0.01004929831251502,0.0054932624567300085,0.9326283812522889,0.010830020159482956,0.006572484876960516
01-06-01-01-02-13,train,13,5,fearful,06,01,01,02,03-01-06-01-01-02-13,data/raw/ravdess/audio_speech/Audio_Speech_Actors_01-24/Actor_13/03-01-06-01-01-02-13.wav,5,fearful,/home/tonyhe/ravdess_avfusion/external/audio_ser_speechbrain/speechbrain-develop-main/outputs/embeddings_ECAPA/train/03-01-06-01-01-02-13.npy,96,02-01-06-01-01-02-13,data/raw/ravdess/video_speech/Video_Speech_Actor_13/Actor_13/02-01-06-01-01-02-13.mp4,5,fearful,/home/tonyhe/ravdess_avfusion/external/video_face_branch/early_fusion_facial_v2/fusion_pack_5f/sequences/02-01-06-01-01-02-13.npy,5,2048,canonical_02,canonical_02,0.08537,0.075406,0.101827,0.110776,0.093943,0.239643,0.155997,0.137038,0.02207326553761959,0.010551887191832065,0.011145702190697193,0.011176083423197269,0.00749733168631792,0.916197407245636,0.013178984262049198,0.008179334457963705
01-06-01-01-02-14,train,14,5,fearful,06,01,01,02,03-01-06-01-01-02-14,data/raw/ravdess/audio_speech/Audio_Speech_Actors_01-24/Actor_14/03-01-06-01-01-02-14.wav,5,fearful,/home/tonyhe/ravdess_avfusion/external/audio_ser_speechbrain/speechbrain-develop-main/outputs/embeddings_ECAPA/train/03-01-06-01-01-02-14.npy,96,02-01-06-01-01-02-14,data/raw/ravdess/video_speech/Video_Speech_Actor_14/Actor_14/02-01-06-01-01-02-14.mp4,5,fearful,/home/tonyhe/ravdess_avfusion/external/video_face_branch/early_fusion_facial_v2/fusion_pack_5f/sequences/02-01-06-01-01-02-14.npy,5,2048,canonical_02,canonical_02,0.085105,0.109992,0.083804,0.101662,0.10568,0.266506,0.117287,0.129964,0.02146555930376053,0.011511652637273074,0.009483940433710814,0.012684104032814503,0.0198030399158597,0.8980693340301513,0.013967792689800262,0.013014553301036357
01-06-01-01-02-15,train,15,5,fearful,06,01,01,02,03-01-06-01-01-02-15,data/raw/ravdess/audio_speech/Audio_Speech_Actors_01-24/Actor_15/03-01-06-01-01-02-15.wav,5,fearful,/home/tonyhe/ravdess_avfusion/external/audio_ser_speechbrain/speechbrain-develop-main/outputs/embeddings_ECAPA/train/03-01-06-01-01-02-15.npy,96,02-01-06-01-01-02-15,data/raw/ravdess/video_speech/Video_Speech_Actor_15/Actor_15/02-01-06-01-01-02-15.mp4,5,fearful,/home/tonyhe/ravdess_avfusion/data/processed/video/backfill_actor15/sequence_embeddings_5f/train/02-01-06-01-01-02-15.npy,5,2048,backfill_actor15,backfill_actor15,0.079105,0.097975,0.087569,0.121128,0.089303,0.223873,0.167254,0.133793,0.03865784406661987,0.015678901225328445,0.02189074084162712,0.06165527552366257,0.0774386078119278,0.747632622718811,0.02642705664038658,0.010618906468153
01-06-01-01-02-16,train,16,5,fearful,06,01,01,02,03-01-06-01-01-02-16,data/raw/ravdess/audio_speech/Audio_Speech_Actors_01-24/Actor_16/03-01-06-01-01-02-16.wav,5,fearful,/home/tonyhe/ravdess_avfusion/external/audio_ser_speechbrain/speechbrain-develop-main/outputs/embeddings_ECAPA/train/03-01-06-01-01-02-16.npy,96,02-01-06-01-01-02-16,data/raw/ravdess/video_speech/Video_Speech_Actor_16/Actor_16/02-01-06-01-01-02-16.mp4,5,fearful,/home/tonyhe/ravdess_avfusion/external/video_face_branch/early_fusion_facial_v2/fusion_pack_5f/sequences/02-01-06-01-01-02-16.npy,5,2048,canonical_02,canonical_02,0.083776,0.08506,0.124657,0.142679,0.086766,0.250005,0.114011,0.113046,0.02089794259518385,0.010224599950015545,0.009026560187339782,0.009217048436403275,0.018583948910236358,0.9142876267433167,0.011017873883247375,0.006744390353560448
01-06-01-02-01-01,train,1,5,fearful,06,01,02,01,03-01-06-01-02-01-01,data/raw/ravdess/audio_speech/Audio_Speech_Actors_01-24/Actor_01/03-01-06-01-02-01-01.wav,5,fearful,/home/tonyhe/ravdess_avfusion/external/audio_ser_speechbrain/speechbrain-develop-main/outputs/embeddings_ECAPA/train/03-01-06-01-02-01-01.npy,96,02-01-06-01-02-01-01,data/raw/ravdess/video_speech/Video_Speech_Actor_01/Actor_01/02-01-06-01-02-01-01.mp4,5,fearful,/home/tonyhe/ravdess_avfusion/external/video_face_branch/early_fusion_facial_v2/fusion_pack_5f/sequences/02-01-06-01-02-01-01.npy,5,2048,canonical_02,canonical_02,0.108672,0.07099,0.13262,0.115864,0.100681,0.234116,0.104081,0.132977,0.01561534870415926,0.007964216638356447,0.00606581075116992,0.00616490077227354,0.007150351535528898,0.9433816313743592,0.0073868812993168834,0.006270832382142544
01-06-01-02-01-02,train,2,5,fearful,06,01,02,01,03-01-06-01-02-01-02,data/raw/ravdess/audio_speech/Audio_Speech_Actors_01-24/Actor_02/03-01-06-01-02-01-02.wav,5,fearful,/home/tonyhe/ravdess_avfusion/external/audio_ser_speechbrain/speechbrain-develop-main/outputs/embeddings_ECAPA/train/03-01-06-01-02-01-02.npy,96,02-01-06-01-02-01-02,data/raw/ravdess/video_speech/Video_Speech_Actor_02/Actor_02/02-01-06-01-02-01-02.mp4,5,fearful,/home/tonyhe/ravdess_avfusion/external/video_face_branch/early_fusion_facial_v2/fusion_pack_5f/sequences/02-01-06-01-02-01-02.npy,5,2048,canonical_02,canonical_02,0.088635,0.112905,0.122709,0.131791,0.074589,0.253706,0.105114,0.110551,0.02143988534808159,0.011220021918416024,0.011721282079815865,0.03535307515412569,0.008292288985103369,0.8913355708122254,0.012098888121545314,0.008538971282541752
01-06-01-02-01-03,train,3,5,fearful,06,01,02,01,03-01-06-01-02-01-03,data/raw/ravdess/audio_speech/Audio_Speech_Actors_01-24/Actor_03/03-01-06-01-02-01-03.wav,5,fearful,/home/tonyhe/ravdess_avfusion/external/audio_ser_speechbrain/speechbrain-develop-main/outputs/embeddings_ECAPA/train/03-01-06-01-02-01-03.npy,96,02-01-06-01-02-01-03,data/raw/ravdess/video_speech/Video_Speech_Actor_03/Actor_03/02-01-06-01-02-01-03.mp4,5,fearful,/home/tonyhe/ravdess_avfusion/external/video_face_branch/early_fusion_facial_v2/fusion_pack_5f/sequences/02-01-06-01-02-01-03.npy,5,2048,canonical_02,canonical_02,0.084279,0.082507,0.103669,0.101592,0.092925,0.2493,0.127843,0.157884,0.022341157495975494,0.011468414217233658,0.010314144007861615,0.008851093985140324,0.007765509933233261,0.9173166036605835,0.01326601356267929,0.00867709582671523
01-06-01-02-01-04,train,4,5,fearful,06,01,02,01,03-01-06-01-02-01-04,data/raw/ravdess/audio_speech/Audio_Speech_Actors_01-24/Actor_04/03-01-06-01-02-01-04.wav,5,fearful,/home/tonyhe/ravdess_avfusion/external/audio_ser_speechbrain/speechbrain-develop-main/outputs/embeddings_ECAPA/train/03-01-06-01-02-01-04.npy,96,02-01-06-01-02-01-04,data/raw/ravdess/video_speech/Video_Speech_Actor_04/Actor_04/02-01-06-01-02-01-04.mp4,5,fearful,/home/tonyhe/ravdess_avfusion/external/video_face_branch/early_fusion_facial_v2/fusion_pack_5f/sequences/02-01-06-01-02-01-04.npy,5,2048,canonical_02,canonical_02,0.091456,0.101295,0.118372,0.132352,0.071164,0.240891,0.116878,0.127592,0.04150345847010613,0.015024647861719132,0.009748494438827037,0.012089608050882817,0.024210603907704353,0.8752516388893128,0.014479468390345574,0.007692096661776305
01-06-01-02-01-05,train,5,5,fearful,06,01,02,01,03-01-06-01-02-01-05,data/raw/ravdess/audio_speech/Audio_Speech_Actors_01-24/Actor_05/03-01-06-01-02-01-05.wav,5,fearful,/home/tonyhe/ravdess_avfusion/external/audio_ser_speechbrain/speechbrain-develop-main/outputs/embeddings_ECAPA/train/03-01-06-01-02-01-05.npy,96,02-01-06-01-02-01-05,data/raw/ravdess/video_speech/Video_Speech_Actor_05/Actor_05/02-01-06-01-02-01-05.mp4,5,fearful,/home/tonyhe/ravdess_avfusion/external/video_face_branch/early_fusion_facial_v2/fusion_pack_5f/sequences/02-01-06-01-02-01-05.npy,5,2048,canonical_02,canonical_02,0.126158,0.092954,0.125566,0.097303,0.073998,0.228142,0.111011,0.144869,0.02253732122480869,0.00984211526811123,0.010455636866390705,0.011135221552103758,0.010264407377690077,0.9142495274543763,0.011605321615934371,0.009910422377288342
01-06-01-02-01-06,train,6,5,fearful,06,01,02,01,03-01-06-01-02-01-06,data/raw/ravdess/audio_speech/Audio_Speech_Actors_01-24/Actor_06/03-01-06-01-02-01-06.wav,5,fearful,/home/tonyhe/ravdess_avfusion/external/audio_ser_speechbrain/speechbrain-develop-main/outputs/embeddings_ECAPA/train/03-01-06-01-02-01-06.npy,96,02-01-06-01-02-01-06,data/raw/ravdess/video_speech/Video_Speech_Actor_06/Actor_06/02-01-06-01-02-01-06.mp4,5,fearful,/home/tonyhe/ravdess_avfusion/external/video_face_branch/early_fusion_facial_v2/fusion_pack_5f/sequences/02-01-06-01-02-01-06.npy,5,2048,canonical_02,canonical_02,0.104316,0.121201,0.110529,0.149245,0.071586,0.230083,0.109778,0.103262,0.022541913948953152,0.01086458656936884,0.010766247659921646,0.030554693005979062,0.007584408763796091,0.8982098340988159,0.010053363163024187,0.009424950927495956
01-06-01-02-01-07,train,7,5,fearful,06,01,02,01,03-01-06-01-02-01-07,data/raw/ravdess/audio_speech/Audio_Speech_Actors_01-24/Actor_07/03-01-06-01-02-01-07.wav,5,fearful,/home/tonyhe/ravdess_avfusion/external/audio_ser_speechbrain/speechbrain-develop-main/outputs/embeddings_ECAPA/train/03-01-06-01-02-01-07.npy,96,02-01-06-01-02-01-07,data/raw/ravdess/video_speech/Video_Speech_Actor_07/Actor_07/02-01-06-01-02-01-07.mp4,5,fearful,/home/tonyhe/ravdess_avfusion/external/video_face_branch/early_fusion_facial_v2/fusion_pack_5f/sequences/02-01-06-01-02-01-07.npy,5,2048,canonical_02,canonical_02,0.108195,0.077763,0.107797,0.110534,0.082182,0.242958,0.149949,0.120622,0.02180437557399273,0.012272747978568078,0.013168678060173989,0.020649649575352667,0.006573617551475763,0.9024772763252258,0.014412963576614857,0.008640683908015489
01-06-01-02-01-08,train,8,5,fearful,06,01,02,01,03-01-06-01-02-01-08,data/raw/ravdess/audio_speech/Audio_Speech_Actors_01-24/Actor_08/03-01-06-01-02-01-08.wav,5,fearful,/home/tonyhe/ravdess_avfusion/external/audio_ser_speechbrain/speechbrain-develop-main/outputs/embeddings_ECAPA/train/03-01-06-01-02-01-08.npy,96,02-01-06-01-02-01-08,data/raw/ravdess/video_speech/Video_Speech_Actor_08/Actor_08/02-01-06-01-02-01-08.mp4,5,fearful,/home/tonyhe/ravdess_avfusion/external/video_face_branch/early_fusion_facial_v2/fusion_pack_5f/sequences/02-01-06-01-02-01-08.npy,5,2048,canonical_02,canonical_02,0.120097,0.101494,0.085126,0.139459,0.116518,0.241189,0.089509,0.106608,0.020542269758880138,0.007839419785887003,0.013915394805371762,0.012100691348314286,0.0106765141710639,0.9159028053283691,0.011044981889426708,0.007977921748533845
01-06-01-02-01-09,train,9,5,fearful,06,01,02,01,03-01-06-01-02-01-09,data/raw/ravdess/audio_speech/Audio_Speech_Actors_01-24/Actor_09/03-01-06-01-02-01-09.wav,5,fearful,/home/tonyhe/ravdess_avfusion/external/audio_ser_speechbrain/speechbrain-develop-main/outputs/embeddings_ECAPA/train/03-01-06-01-02-01-09.npy,96,02-01-06-01-02-01-09,data/raw/ravdess/video_speech/Video_Speech_Actor_09/Actor_09/02-01-06-01-02-01-09.mp4,5,fearful,/home/tonyhe/ravdess_avfusion/external/video_face_branch/early_fusion_facial_v2/fusion_pack_5f/sequences/02-01-06-01-02-01-09.npy,5,2048,canonical_02,canonical_02,0.118572,0.123985,0.074262,0.106813,0.111286,0.241653,0.113554,0.109875,0.022776608914136888,0.009406753815710545,0.008420209772884846,0.009185172151774168,0.008543349709361792,0.9253344535827637,0.009417768009006977,0.006915684696286917
01-06-01-02-01-10,train,10,5,fearful,06,01,02,01,03-01-06-01-02-01-10,data/raw/ravdess/audio_speech/Audio_Speech_Actors_01-24/Actor_10/03-01-06-01-02-01-10.wav,5,fearful,/home/tonyhe/ravdess_avfusion/external/audio_ser_speechbrain/speechbrain-develop-main/outputs/embeddings_ECAPA/train/03-01-06-01-02-01-10.npy,96,02-01-06-01-02-01-10,data/raw/ravdess/video_speech/Video_Speech_Actor_10/Actor_10/02-01-06-01-02-01-10.mp4,5,fearful,/home/tonyhe/ravdess_avfusion/external/video_face_branch/early_fusion_facial_v2/fusion_pack_5f/sequences/02-01-06-01-02-01-10.npy,5,2048,canonical_02,canonical_02,0.094795,0.112367,0.086231,0.095712,0.088514,0.229615,0.154461,0.138306,0.022370031848549844,0.011208240687847138,0.01020592162385583,0.011539475619792938,0.008112888038158416,0.9141997933387757,0.011478039249777795,0.01088555920869112
01-06-01-02-01-11,train,11,5,fearful,06,01,02,01,03-01-06-01-02-01-11,data/raw/ravdess/audio_speech/Audio_Speech_Actors_01-24/Actor_11/03-01-06-01-02-01-11.wav,5,fearful,/home/tonyhe/ravdess_avfusion/external/audio_ser_speechbrain/speechbrain-develop-main/outputs/embeddings_ECAPA/train/03-01-06-01-02-01-11.npy,96,02-01-06-01-02-01-11,data/raw/ravdess/video_speech/Video_Speech_Actor_11/Actor_11/02-01-06-01-02-01-11.mp4,5,fearful,/home/tonyhe/ravdess_avfusion/external/video_face_branch/early_fusion_facial_v2/fusion_pack_5f/sequences/02-01-06-01-02-01-11.npy,5,2048,canonical_02,canonical_02,0.107334,0.0729,0.121624,0.125777,0.069843,0.211248,0.130184,0.161089,0.022402238473296164,0.011236766539514064,0.011720402166247368,0.008978307340294122,0.012314540334045887,0.9090014696121216,0.015524156019091606,0.00882208663970232
01-06-01-02-01-12,train,12,5,fearful,06,01,02,01,03-01-06-01-02-01-12,data/raw/ravdess/audio_speech/Audio_Speech_Actors_01-24/Actor_12/03-01-06-01-02-01-12.wav,5,fearful,/home/tonyhe/ravdess_avfusion/external/audio_ser_speechbrain/speechbrain-develop-main/outputs/embeddings_ECAPA/train/03-01-06-01-02-01-12.npy,96,02-01-06-01-02-01-12,data/raw/ravdess/video_speech/Video_Speech_Actor_12/Actor_12/02-01-06-01-02-01-12.mp4,5,fearful,/home/tonyhe/ravdess_avfusion/external/video_face_branch/early_fusion_facial_v2/fusion_pack_5f/sequences/02-01-06-01-02-01-12.npy,5,2048,canonical_02,canonical_02,0.097774,0.083979,0.088991,0.153929,0.087756,0.232946,0.121724,0.132901,0.025515197962522506,0.010025979485362768,0.011809853836894035,0.014860097505152225,0.008195531088858843,0.9108918666839599,0.010250463709235191,0.008450993243604899
01-06-01-02-01-13,train,13,5,fearful,06,01,02,01,03-01-06-01-02-01-13,data/raw/ravdess/audio_speech/Audio_Speech_Actors_01-24/Actor_13/03-01-06-01-02-01-13.wav,5,fearful,/home/tonyhe/ravdess_avfusion/external/audio_ser_speechbrain/speechbrain-develop-main/outputs/embeddings_ECAPA/train/03-01-06-01-02-01-13.npy,96,02-01-06-01-02-01-13,data/raw/ravdess/video_speech/Video_Speech_Actor_13/Actor_13/02-01-06-01-02-01-13.mp4,5,fearful,/home/tonyhe/ravdess_avfusion/external/video_face_branch/early_fusion_facial_v2/fusion_pack_5f/sequences/02-01-06-01-02-01-13.npy,5,2048,canonical_02,canonical_02,0.093363,0.073767,0.117456,0.107279,0.096534,0.254234,0.141797,0.11557,0.020466321893036366,0.010212532244622707,0.009617030899971724,0.009028615988790989,0.006282338500022888,0.9272529006004333,0.010397490952163935,0.006742762587964535
01-06-01-02-01-14,train,14,5,fearful,06,01,02,01,03-01-06-01-02-01-14,data/raw/ravdess/audio_speech/Audio_Speech_Actors_01-24/Actor_14/03-01-06-01-02-01-14.wav,5,fearful,/home/tonyhe/ravdess_avfusion/external/audio_ser_speechbrain/speechbrain-develop-main/outputs/embeddings_ECAPA/train/03-01-06-01-02-01-14.npy,96,02-01-06-01-02-01-14,data/raw/ravdess/video_speech/Video_Speech_Actor_14/Actor_14/02-01-06-01-02-01-14.mp4,5,fearful,/home/tonyhe/ravdess_avfusion/external/video_face_branch/early_fusion_facial_v2/fusion_pack_5f/sequences/02-01-06-01-02-01-14.npy,5,2048,canonical_02,canonical_02,0.080535,0.095003,0.104559,0.119036,0.080879,0.225098,0.12299,0.1719,0.01807944756001234,0.007062499597668648,0.007998182345181704,0.02092587072402239,0.026390248723328114,0.906117606163025,0.007629729434847831,0.00579639794304967
01-06-01-02-01-15,train,15,5,fearful,06,01,02,01,03-01-06-01-02-01-15,data/raw/ravdess/audio_speech/Audio_Speech_Actors_01-24/Actor_15/03-01-06-01-02-01-15.wav,5,fearful,/home/tonyhe/ravdess_avfusion/external/audio_ser_speechbrain/speechbrain-develop-main/outputs/embeddings_ECAPA/train/03-01-06-01-02-01-15.npy,96,02-01-06-01-02-01-15,data/raw/ravdess/video_speech/Video_Speech_Actor_15/Actor_15/02-01-06-01-02-01-15.mp4,5,fearful,/home/tonyhe/ravdess_avfusion/data/processed/video/backfill_actor15/sequence_embeddings_5f/train/02-01-06-01-02-01-15.npy,5,2048,backfill_actor15,backfill_actor15,0.087509,0.098133,0.084172,0.109566,0.084336,0.216237,0.182328,0.137718,0.02183866873383522,0.01634420081973076,0.017692221328616142,0.10056798160076141,0.04536615312099457,0.6969975233078003,0.029866013675928116,0.07132725417613983
01-06-01-02-01-16,train,16,5,fearful,06,01,02,01,03-01-06-01-02-01-16,data/raw/ravdess/audio_speech/Audio_Speech_Actors_01-24/Actor_16/03-01-06-01-02-01-16.wav,5,fearful,/home/tonyhe/ravdess_avfusion/external/audio_ser_speechbrain/speechbrain-develop-main/outputs/embeddings_ECAPA/train/03-01-06-01-02-01-16.npy,96,02-01-06-01-02-01-16,data/raw/ravdess/video_speech/Video_Speech_Actor_16/Actor_16/02-01-06-01-02-01-16.mp4,5,fearful,/home/tonyhe/ravdess_avfusion/external/video_face_branch/early_fusion_facial_v2/fusion_pack_5f/sequences/02-01-06-01-02-01-16.npy,5,2048,canonical_02,canonical_02,0.098433,0.083002,0.128727,0.121649,0.086917,0.264667,0.112313,0.104292,0.02308129332959652,0.009061981923878193,0.008917107060551644,0.012558163702487945,0.010978731326758862,0.9183890223503113,0.00977334138005972,0.0072403536178171635
01-06-01-02-02-01,train,1,5,fearful,06,01,02,02,03-01-06-01-02-02-01,data/raw/ravdess/audio_speech/Audio_Speech_Actors_01-24/Actor_01/03-01-06-01-02-02-01.wav,5,fearful,/home/tonyhe/ravdess_avfusion/external/audio_ser_speechbrain/speechbrain-develop-main/outputs/embeddings_ECAPA/train/03-01-06-01-02-02-01.npy,96,02-01-06-01-02-02-01,data/raw/ravdess/video_speech/Video_Speech_Actor_01/Actor_01/02-01-06-01-02-02-01.mp4,5,fearful,/home/tonyhe/ravdess_avfusion/external/video_face_branch/early_fusion_facial_v2/fusion_pack_5f/sequences/02-01-06-01-02-02-01.npy,5,2048,canonical_02,canonical_02,0.075645,0.088052,0.135004,0.109647,0.0875,0.250955,0.113674,0.139523,0.023225318640470505,0.010741611383855343,0.010046494007110596,0.018662587366998197,0.01013496732339263,0.9071798205375672,0.011079171299934387,0.008930044993758202
01-06-01-02-02-02,train,2,5,fearful,06,01,02,02,03-01-06-01-02-02-02,data/raw/ravdess/audio_speech/Audio_Speech_Actors_01-24/Actor_02/03-01-06-01-02-02-02.wav,5,fearful,/home/tonyhe/ravdess_avfusion/external/audio_ser_speechbrain/speechbrain-develop-main/outputs/embeddings_ECAPA/train/03-01-06-01-02-02-02.npy,96,02-01-06-01-02-02-02,data/raw/ravdess/video_speech/Video_Speech_Actor_02/Actor_02/02-01-06-01-02-02-02.mp4,5,fearful,/home/tonyhe/ravdess_avfusion/external/video_face_branch/early_fusion_facial_v2/fusion_pack_5f/sequences/02-01-06-01-02-02-02.npy,5,2048,canonical_02,canonical_02,0.093689,0.110621,0.11304,0.103899,0.073285,0.260996,0.125634,0.118836,0.01969014871865511,0.0086722151376307,0.014437382388859988,0.012027815915644169,0.006818045908585191,0.9180609464645386,0.00960151171311736,0.010691938735544682
01-06-01-02-02-03,train,3,5,fearful,06,01,02,02,03-01-06-01-02-02-03,data/raw/ravdess/audio_speech/Audio_Speech_Actors_01-24/Actor_03/03-01-06-01-02-02-03.wav,5,fearful,/home/tonyhe/ravdess_avfusion/external/audio_ser_speechbrain/speechbrain-develop-main/outputs/embeddings_ECAPA/train/03-01-06-01-02-02-03.npy,96,02-01-06-01-02-02-03,data/raw/ravdess/video_speech/Video_Speech_Actor_03/Actor_03/02-01-06-01-02-02-03.mp4,5,fearful,/home/tonyhe/ravdess_avfusion/external/video_face_branch/early_fusion_facial_v2/fusion_pack_5f/sequences/02-01-06-01-02-02-03.npy,5,2048,canonical_02,canonical_02,0.10708,0.090039,0.121217,0.110068,0.086035,0.267785,0.101042,0.116735,0.029259473085403442,0.015123366750776768,0.013750997185707093,0.010975481197237968,0.010932960174977779,0.8920272827148438,0.014561208710074425,0.013369264267385005
01-06-01-02-02-04,train,4,5,fearful,06,01,02,02,03-01-06-01-02-02-04,data/raw/ravdess/audio_speech/Audio_Speech_Actors_01-24/Actor_04/03-01-06-01-02-02-04.wav,5,fearful,/home/tonyhe/ravdess_avfusion/external/audio_ser_speechbrain/speechbrain-develop-main/outputs/embeddings_ECAPA/train/03-01-06-01-02-02-04.npy,96,02-01-06-01-02-02-04,data/raw/ravdess/video_speech/Video_Speech_Actor_04/Actor_04/02-01-06-01-02-02-04.mp4,5,fearful,/home/tonyhe/ravdess_avfusion/external/video_face_branch/early_fusion_facial_v2/fusion_pack_5f/sequences/02-01-06-01-02-02-04.npy,5,2048,canonical_02,canonical_02,0.081368,0.099081,0.136635,0.133747,0.079668,0.244996,0.110166,0.114338,0.0161659087985754,0.008006500359624625,0.00804120795801282,0.008757493644952773,0.007637805584818125,0.9343954682350158,0.010522617772221566,0.006473024003207683
01-06-01-02-02-05,train,5,5,fearful,06,01,02,02,03-01-06-01-02-02-05,data/raw/ravdess/audio_speech/Audio_Speech_Actors_01-24/Actor_05/03-01-06-01-02-02-05.wav,5,fearful,/home/tonyhe/ravdess_avfusion/external/audio_ser_speechbrain/speechbrain-develop-main/outputs/embeddings_ECAPA/train/03-01-06-01-02-02-05.npy,96,02-01-06-01-02-02-05,data/raw/ravdess/video_speech/Video_Speech_Actor_05/Actor_05/02-01-06-01-02-02-05.mp4,5,fearful,/home/tonyhe/ravdess_avfusion/external/video_face_branch/early_fusion_facial_v2/fusion_pack_5f/sequences/02-01-06-01-02-02-05.npy,5,2048,canonical_02,canonical_02,0.123286,0.074829,0.143934,0.088891,0.09848,0.213669,0.102719,0.154192,0.02020946517586708,0.010551009699702263,0.01000776132568717,0.013278402760624886,0.010312226228415966,0.9166989326477051,0.011504881829023362,0.007437296584248543
01-06-01-02-02-06,train,6,5,fearful,06,01,02,02,03-01-06-01-02-02-06,data/raw/ravdess/audio_speech/Audio_Speech_Actors_01-24/Actor_06/03-01-06-01-02-02-06.wav,5,fearful,/home/tonyhe/ravdess_avfusion/external/audio_ser_speechbrain/speechbrain-develop-main/outputs/embeddings_ECAPA/train/03-01-06-01-02-02-06.npy,96,02-01-06-01-02-02-06,data/raw/ravdess/video_speech/Video_Speech_Actor_06/Actor_06/02-01-06-01-02-02-06.mp4,5,fearful,/home/tonyhe/ravdess_avfusion/external/video_face_branch/early_fusion_facial_v2/fusion_pack_5f/sequences/02-01-06-01-02-02-06.npy,5,2048,canonical_02,canonical_02,0.107891,0.109802,0.095125,0.112588,0.118028,0.268367,0.090906,0.097293,0.017146664299070837,0.01217248048633337,0.006707843719050288,0.009289297368377447,0.0067870438564568755,0.9245859742164612,0.0065680491272360085,0.01674261726438999
01-06-01-02-02-07,train,7,5,fearful,06,01,02,02,03-01-06-01-02-02-07,data/raw/ravdess/audio_speech/Audio_Speech_Actors_01-24/Actor_07/03-01-06-01-02-02-07.wav,5,fearful,/home/tonyhe/ravdess_avfusion/external/audio_ser_speechbrain/speechbrain-develop-main/outputs/embeddings_ECAPA/train/03-01-06-01-02-02-07.npy,96,02-01-06-01-02-02-07,data/raw/ravdess/video_speech/Video_Speech_Actor_07/Actor_07/02-01-06-01-02-02-07.mp4,5,fearful,/home/tonyhe/ravdess_avfusion/external/video_face_branch/early_fusion_facial_v2/fusion_pack_5f/sequences/02-01-06-01-02-02-07.npy,5,2048,canonical_02,canonical_02,0.129309,0.080225,0.096158,0.129579,0.083886,0.227787,0.114763,0.138294,0.019821179285645484,0.010649384930729866,0.010894310101866722,0.01133409533649683,0.006412119325250387,0.9213985443115235,0.011196772195398807,0.008293579146265984
01-06-01-02-02-08,train,8,5,fearful,06,01,02,02,03-01-06-01-02-02-08,data/raw/ravdess/audio_speech/Audio_Speech_Actors_01-24/Actor_08/03-01-06-01-02-02-08.wav,5,fearful,/home/tonyhe/ravdess_avfusion/external/audio_ser_speechbrain/speechbrain-develop-main/outputs/embeddings_ECAPA/train/03-01-06-01-02-02-08.npy,96,02-01-06-01-02-02-08,data/raw/ravdess/video_speech/Video_Speech_Actor_08/Actor_08/02-01-06-01-02-02-08.mp4,5,fearful,/home/tonyhe/ravdess_avfusion/external/video_face_branch/early_fusion_facial_v2/fusion_pack_5f/sequences/02-01-06-01-02-02-08.npy,5,2048,canonical_02,canonical_02,0.097473,0.085062,0.089327,0.154532,0.085555,0.210473,0.157343,0.120235,0.01855237130075693,0.007853936590254306,0.009136989805847406,0.018404443003237247,0.007976837549358606,0.9207404375076294,0.010867979563772678,0.0064669968094676735
01-06-01-02-02-09,train,9,5,fearful,06,01,02,02,03-01-06-01-02-02-09,data/raw/ravdess/audio_speech/Audio_Speech_Actors_01-24/Actor_09/03-01-06-01-02-02-09.wav,5,fearful,/home/tonyhe/ravdess_avfusion/external/audio_ser_speechbrain/speechbrain-develop-main/outputs/embeddings_ECAPA/train/03-01-06-01-02-02-09.npy,96,02-01-06-01-02-02-09,data/raw/ravdess/video_speech/Video_Speech_Actor_09/Actor_09/02-01-06-01-02-02-09.mp4,5,fearful,/home/tonyhe/ravdess_avfusion/external/video_face_branch/early_fusion_facial_v2/fusion_pack_5f/sequences/02-01-06-01-02-02-09.npy,5,2048,canonical_02,canonical_02,0.09497,0.110159,0.096635,0.105885,0.124934,0.243668,0.103021,0.120728,0.023202962055802346,0.010487750917673112,0.009511716291308403,0.010143520124256612,0.007724243775010109,0.9188783407211304,0.010483160614967346,0.009568364545702934
01-06-01-02-02-10,train,10,5,fearful,06,01,02,02,03-01-06-01-02-02-10,data/raw/ravdess/audio_speech/Audio_Speech_Actors_01-24/Actor_10/03-01-06-01-02-02-10.wav,5,fearful,/home/tonyhe/ravdess_avfusion/external/audio_ser_speechbrain/speechbrain-develop-main/outputs/embeddings_ECAPA/train/03-01-06-01-02-02-10.npy,96,02-01-06-01-02-02-10,data/raw/ravdess/video_speech/Video_Speech_Actor_10/Actor_10/02-01-06-01-02-02-10.mp4,5,fearful,/home/tonyhe/ravdess_avfusion/external/video_face_branch/early_fusion_facial_v2/fusion_pack_5f/sequences/02-01-06-01-02-02-10.npy,5,2048,canonical_02,canonical_02,0.090551,0.109962,0.093126,0.113087,0.084909,0.247405,0.13499,0.125971,0.020560411177575587,0.007718352228403091,0.009532386623322963,0.01277903961017728,0.006443808600306511,0.9148401975631714,0.008278150670230388,0.019847649801522493
01-06-01-02-02-11,train,11,5,fearful,06,01,02,02,03-01-06-01-02-02-11,data/raw/ravdess/audio_speech/Audio_Speech_Actors_01-24/Actor_11/03-01-06-01-02-02-11.wav,5,fearful,/home/tonyhe/ravdess_avfusion/external/audio_ser_speechbrain/speechbrain-develop-main/outputs/embeddings_ECAPA/train/03-01-06-01-02-02-11.npy,96,02-01-06-01-02-02-11,data/raw/ravdess/video_speech/Video_Speech_Actor_11/Actor_11/02-01-06-01-02-02-11.mp4,5,fearful,/home/tonyhe/ravdess_avfusion/external/video_face_branch/early_fusion_facial_v2/fusion_pack_5f/sequences/02-01-06-01-02-02-11.npy,5,2048,canonical_02,canonical_02,0.101189,0.072946,0.12623,0.110318,0.07086,0.203813,0.134966,0.179679,0.02262747697532177,0.011904714070260525,0.010674302093684673,0.009134411253035069,0.010796992853283883,0.889179813861847,0.03658962678164244,0.00909265959635377
01-06-01-02-02-12,train,12,5,fearful,06,01,02,02,03-01-06-01-02-02-12,data/raw/ravdess/audio_speech/Audio_Speech_Actors_01-24/Actor_12/03-01-06-01-02-02-12.wav,5,fearful,/home/tonyhe/ravdess_avfusion/external/audio_ser_speechbrain/speechbrain-develop-main/outputs/embeddings_ECAPA/train/03-01-06-01-02-02-12.npy,96,02-01-06-01-02-02-12,data/raw/ravdess/video_speech/Video_Speech_Actor_12/Actor_12/02-01-06-01-02-02-12.mp4,5,fearful,/home/tonyhe/ravdess_avfusion/external/video_face_branch/early_fusion_facial_v2/fusion_pack_5f/sequences/02-01-06-01-02-02-12.npy,5,2048,canonical_02,canonical_02,0.08897,0.094067,0.083408,0.128097,0.088601,0.241458,0.135018,0.140381,0.02003147341310978,0.007995474338531493,0.009185081534087657,0.013274488504976034,0.006513321306556463,0.9260079503059387,0.010605797916650773,0.0063864289782941345
01-06-01-02-02-13,train,13,5,fearful,06,01,02,02,03-01-06-01-02-02-13,data/raw/ravdess/audio_speech/Audio_Speech_Actors_01-24/Actor_13/03-01-06-01-02-02-13.wav,5,fearful,/home/tonyhe/ravdess_avfusion/external/audio_ser_speechbrain/speechbrain-develop-main/outputs/embeddings_ECAPA/train/03-01-06-01-02-02-13.npy,96,02-01-06-01-02-02-13,data/raw/ravdess/video_speech/Video_Speech_Actor_13/Actor_13/02-01-06-01-02-02-13.mp4,5,fearful,/home/tonyhe/ravdess_avfusion/external/video_face_branch/early_fusion_facial_v2/fusion_pack_5f/sequences/02-01-06-01-02-02-13.npy,5,2048,canonical_02,canonical_02,0.106583,0.080443,0.100297,0.081509,0.125092,0.256437,0.136488,0.113151,0.02018883116543293,0.009698324091732501,0.009725470654666423,0.017531323060393334,0.006493410468101502,0.9166643142700195,0.012619368173182011,0.007078985217958689
01-06-01-02-02-14,train,14,5,fearful,06,01,02,02,03-01-06-01-02-02-14,data/raw/ravdess/audio_speech/Audio_Speech_Actors_01-24/Actor_14/03-01-06-01-02-02-14.wav,5,fearful,/home/tonyhe/ravdess_avfusion/external/audio_ser_speechbrain/speechbrain-develop-main/outputs/embeddings_ECAPA/train/03-01-06-01-02-02-14.npy,96,02-01-06-01-02-02-14,data/raw/ravdess/video_speech/Video_Speech_Actor_14/Actor_14/02-01-06-01-02-02-14.mp4,5,fearful,/home/tonyhe/ravdess_avfusion/external/video_face_branch/early_fusion_facial_v2/fusion_pack_5f/sequences/02-01-06-01-02-02-14.npy,5,2048,canonical_02,canonical_02,0.09766,0.094446,0.125849,0.099267,0.077356,0.263019,0.122715,0.119687,0.020947916619479656,0.00974782658740878,0.008837379049509764,0.021133730188012123,0.0117531418800354,0.7933690965175628,0.10720937419682741,0.02700160280801356
01-06-01-02-02-15,train,15,5,fearful,06,01,02,02,03-01-06-01-02-02-15,data/raw/ravdess/audio_speech/Audio_Speech_Actors_01-24/Actor_15/03-01-06-01-02-02-15.wav,5,fearful,/home/tonyhe/ravdess_avfusion/external/audio_ser_speechbrain/speechbrain-develop-main/outputs/embeddings_ECAPA/train/03-01-06-01-02-02-15.npy,96,02-01-06-01-02-02-15,data/raw/ravdess/video_speech/Video_Speech_Actor_15/Actor_15/02-01-06-01-02-02-15.mp4,5,fearful,/home/tonyhe/ravdess_avfusion/data/processed/video/backfill_actor15/sequence_embeddings_5f/train/02-01-06-01-02-02-15.npy,5,2048,backfill_actor15,backfill_actor15,0.109649,0.118122,0.07772,0.127386,0.105808,0.229645,0.144424,0.087246,0.022311225533485413,0.130670964717865,0.018845340237021446,0.03934871032834053,0.04436786472797394,0.7081547975540161,0.025962237268686295,0.01033882237970829
01-06-01-02-02-16,train,16,5,fearful,06,01,02,02,03-01-06-01-02-02-16,data/raw/ravdess/audio_speech/Audio_Speech_Actors_01-24/Actor_16/03-01-06-01-02-02-16.wav,5,fearful,/home/tonyhe/ravdess_avfusion/external/audio_ser_speechbrain/speechbrain-develop-main/outputs/embeddings_ECAPA/train/03-01-06-01-02-02-16.npy,96,02-01-06-01-02-02-16,data/raw/ravdess/video_speech/Video_Speech_Actor_16/Actor_16/02-01-06-01-02-02-16.mp4,5,fearful,/home/tonyhe/ravdess_avfusion/external/video_face_branch/early_fusion_facial_v2/fusion_pack_5f/sequences/02-01-06-01-02-02-16.npy,5,2048,canonical_02,canonical_02,0.091313,0.088252,0.106642,0.145578,0.094463,0.253194,0.123158,0.0974,0.019448712468147278,0.008708667661994695,0.00809120163321495,0.01020701378583908,0.008442931436002254,0.9285412192344665,0.010313036479055881,0.006247206311672926
01-06-02-01-01-01,train,1,5,fearful,06,02,01,01,03-01-06-02-01-01-01,data/raw/ravdess/audio_speech/Audio_Speech_Actors_01-24/Actor_01/03-01-06-02-01-01-01.wav,5,fearful,/home/tonyhe/ravdess_avfusion/external/audio_ser_speechbrain/speechbrain-develop-main/outputs/embeddings_ECAPA/train/03-01-06-02-01-01-01.npy,96,02-01-06-02-01-01-01,data/raw/ravdess/video_speech/Video_Speech_Actor_01/Actor_01/02-01-06-02-01-01-01.mp4,5,fearful,/home/tonyhe/ravdess_avfusion/external/video_face_branch/early_fusion_facial_v2/fusion_pack_5f/sequences/02-01-06-02-01-01-01.npy,5,2048,canonical_02,canonical_02,0.100668,0.089093,0.114217,0.103823,0.099781,0.281773,0.108959,0.101686,0.013902222923934459,0.006113099679350853,0.006296557933092117,0.015460249548777939,0.004621594399213791,0.9376750469207764,0.008191348519176245,0.007739917328581214
01-06-02-01-01-02,train,2,5,fearful,06,02,01,01,03-01-06-02-01-01-02,data/raw/ravdess/audio_speech/Audio_Speech_Actors_01-24/Actor_02/03-01-06-02-01-01-02.wav,5,fearful,/home/tonyhe/ravdess_avfusion/external/audio_ser_speechbrain/speechbrain-develop-main/outputs/embeddings_ECAPA/train/03-01-06-02-01-01-02.npy,96,02-01-06-02-01-01-02,data/raw/ravdess/video_speech/Video_Speech_Actor_02/Actor_02/02-01-06-02-01-01-02.mp4,5,fearful,/home/tonyhe/ravdess_avfusion/external/video_face_branch/early_fusion_facial_v2/fusion_pack_5f/sequences/02-01-06-02-01-01-02.npy,5,2048,canonical_02,canonical_02,0.102271,0.114165,0.122202,0.098907,0.078977,0.268243,0.114458,0.100777,0.02113790400326252,0.009389605466276407,0.011212795320898295,0.01573732905089855,0.008781588077545166,0.9146313786506652,0.011465299874544144,0.0076440912671387196
01-06-02-01-01-03,train,3,5,fearful,06,02,01,01,03-01-06-02-01-01-03,data/raw/ravdess/audio_speech/Audio_Speech_Actors_01-24/Actor_03/03-01-06-02-01-01-03.wav,5,fearful,/home/tonyhe/ravdess_avfusion/external/audio_ser_speechbrain/speechbrain-develop-main/outputs/embeddings_ECAPA/train/03-01-06-02-01-01-03.npy,96,02-01-06-02-01-01-03,data/raw/ravdess/video_speech/Video_Speech_Actor_03/Actor_03/02-01-06-02-01-01-03.mp4,5,fearful,/home/tonyhe/ravdess_avfusion/external/video_face_branch/early_fusion_facial_v2/fusion_pack_5f/sequences/02-01-06-02-01-01-03.npy,5,2048,canonical_02,canonical_02,0.087699,0.092946,0.101961,0.128563,0.110994,0.267268,0.113212,0.097358,0.022873963788151742,0.010644788667559624,0.014121773466467858,0.010491291992366314,0.009458844363689423,0.9102015614509582,0.011893985606729985,0.010313788801431656
01-06-02-01-01-04,train,4,5,fearful,06,02,01,01,03-01-06-02-01-01-04,data/raw/ravdess/audio_speech/Audio_Speech_Actors_01-24/Actor_04/03-01-06-02-01-01-04.wav,5,fearful,/home/tonyhe/ravdess_avfusion/external/audio_ser_speechbrain/speechbrain-develop-main/outputs/embeddings_ECAPA/train/03-01-06-02-01-01-04.npy,96,02-01-06-02-01-01-04,data/raw/ravdess/video_speech/Video_Speech_Actor_04/Actor_04/02-01-06-02-01-01-04.mp4,5,fearful,/home/tonyhe/ravdess_avfusion/external/video_face_branch/early_fusion_facial_v2/fusion_pack_5f/sequences/02-01-06-02-01-01-04.npy,5,2048,canonical_02,canonical_02,0.089385,0.095926,0.098627,0.145243,0.091288,0.248725,0.117675,0.113132,0.023001294955611228,0.01047259159386158,0.009625553712248802,0.04886739999055863,0.009804140962660312,0.8741247177124023,0.016271407529711724,0.007832841947674751
01-06-02-01-01-05,train,5,5,fearful,06,02,01,01,03-01-06-02-01-01-05,data/raw/ravdess/audio_speech/Audio_Speech_Actors_01-24/Actor_05/03-01-06-02-01-01-05.wav,5,fearful,/home/tonyhe/ravdess_avfusion/external/audio_ser_speechbrain/speechbrain-develop-main/outputs/embeddings_ECAPA/train/03-01-06-02-01-01-05.npy,96,02-01-06-02-01-01-05,data/raw/ravdess/video_speech/Video_Speech_Actor_05/Actor_05/02-01-06-02-01-01-05.mp4,5,fearful,/home/tonyhe/ravdess_avfusion/external/video_face_branch/early_fusion_facial_v2/fusion_pack_5f/sequences/02-01-06-02-01-01-05.npy,5,2048,canonical_02,canonical_02,0.098804,0.078571,0.08778,0.139259,0.118027,0.231526,0.119952,0.126082,0.019255823269486428,0.011679289024323225,0.011894621793180704,0.009127661027014256,0.010974851716309787,0.9122538208961487,0.01323483306914568,0.011579081509262323
01-06-02-01-01-06,train,6,5,fearful,06,02,01,01,03-01-06-02-01-01-06,data/raw/ravdess/audio_speech/Audio_Speech_Actors_01-24/Actor_06/03-01-06-02-01-01-06.wav,5,fearful,/home/tonyhe/ravdess_avfusion/external/audio_ser_speechbrain/speechbrain-develop-main/outputs/embeddings_ECAPA/train/03-01-06-02-01-01-06.npy,96,02-01-06-02-01-01-06,data/raw/ravdess/video_speech/Video_Speech_Actor_06/Actor_06/02-01-06-02-01-01-06.mp4,5,fearful,/home/tonyhe/ravdess_avfusion/external/video_face_branch/early_fusion_facial_v2/fusion_pack_5f/sequences/02-01-06-02-01-01-06.npy,5,2048,canonical_02,canonical_02,0.114301,0.092293,0.121734,0.096685,0.098593,0.260755,0.106383,0.109254,0.01571885384619236,0.010251924023032188,0.010553285479545593,0.006147243408486247,0.004642220726236701,0.9344548583030701,0.012631057389080524,0.00560057982802391
01-06-02-01-01-07,train,7,5,fearful,06,02,01,01,03-01-06-02-01-01-07,data/raw/ravdess/audio_speech/Audio_Speech_Actors_01-24/Actor_07/03-01-06-02-01-01-07.wav,5,fearful,/home/tonyhe/ravdess_avfusion/external/audio_ser_speechbrain/speechbrain-develop-main/outputs/embeddings_ECAPA/train/03-01-06-02-01-01-07.npy,96,02-01-06-02-01-01-07,data/raw/ravdess/video_speech/Video_Speech_Actor_07/Actor_07/02-01-06-02-01-01-07.mp4,5,fearful,/home/tonyhe/ravdess_avfusion/external/video_face_branch/early_fusion_facial_v2/fusion_pack_5f/sequences/02-01-06-02-01-01-07.npy,5,2048,canonical_02,canonical_02,0.077848,0.084515,0.097971,0.1147,0.107841,0.257839,0.126083,0.133202,0.02052801214158535,0.00962122082710266,0.012248335406184196,0.014086364582180978,0.006678644940257073,0.9164038062095642,0.011827990598976611,0.008605661895126104
01-06-02-01-01-08,train,8,5,fearful,06,02,01,01,03-01-06-02-01-01-08,data/raw/ravdess/audio_speech/Audio_Speech_Actors_01-24/Actor_08/03-01-06-02-01-01-08.wav,5,fearful,/home/tonyhe/ravdess_avfusion/external/audio_ser_speechbrain/speechbrain-develop-main/outputs/embeddings_ECAPA/train/03-01-06-02-01-01-08.npy,96,02-01-06-02-01-01-08,data/raw/ravdess/video_speech/Video_Speech_Actor_08/Actor_08/02-01-06-02-01-01-08.mp4,5,fearful,/home/tonyhe/ravdess_avfusion/external/video_face_branch/early_fusion_facial_v2/fusion_pack_5f/sequences/02-01-06-02-01-01-08.npy,5,2048,canonical_02,canonical_02,0.101095,0.087163,0.112997,0.113304,0.109812,0.27495,0.093534,0.107145,0.01945359893143177,0.007666649855673313,0.011007272358983754,0.01372909527271986,0.009905232675373554,0.9197035431861877,0.010871797427535057,0.007662795670330525
01-06-02-01-01-09,train,9,5,fearful,06,02,01,01,03-01-06-02-01-01-09,data/raw/ravdess/audio_speech/Audio_Speech_Actors_01-24/Actor_09/03-01-06-02-01-01-09.wav,5,fearful,/home/tonyhe/ravdess_avfusion/external/audio_ser_speechbrain/speechbrain-develop-main/outputs/embeddings_ECAPA/train/03-01-06-02-01-01-09.npy,96,02-01-06-02-01-01-09,data/raw/ravdess/video_speech/Video_Speech_Actor_09/Actor_09/02-01-06-02-01-01-09.mp4,5,fearful,/home/tonyhe/ravdess_avfusion/external/video_face_branch/early_fusion_facial_v2/fusion_pack_5f/sequences/02-01-06-02-01-01-09.npy,5,2048,canonical_02,canonical_02,0.123642,0.105913,0.106689,0.129241,0.090418,0.25406,0.107391,0.082646,0.022718996182084082,0.010207251086831093,0.009475168492645025,0.00994312036782503,0.007463915180414915,0.9226484060287475,0.009022139478474855,0.008520988840609789
01-06-02-01-01-10,train,10,5,fearful,06,02,01,01,03-01-06-02-01-01-10,data/raw/ravdess/audio_speech/Audio_Speech_Actors_01-24/Actor_10/03-01-06-02-01-01-10.wav,5,fearful,/home/tonyhe/ravdess_avfusion/external/audio_ser_speechbrain/speechbrain-develop-main/outputs/embeddings_ECAPA/train/03-01-06-02-01-01-10.npy,96,02-01-06-02-01-01-10,data/raw/ravdess/video_speech/Video_Speech_Actor_10/Actor_10/02-01-06-02-01-01-10.mp4,5,fearful,/home/tonyhe/ravdess_avfusion/external/video_face_branch/early_fusion_facial_v2/fusion_pack_5f/sequences/02-01-06-02-01-01-10.npy,5,2048,canonical_02,canonical_02,0.085164,0.125144,0.118456,0.108549,0.110568,0.27448,0.09401,0.08363,0.019116120412945747,0.008711275644600391,0.008475811779499054,0.022535385005176066,0.010316100437194109,0.9086983680725098,0.00997919775545597,0.012167729996144771
01-06-02-01-01-11,train,11,5,fearful,06,02,01,01,03-01-06-02-01-01-11,data/raw/ravdess/audio_speech/Audio_Speech_Actors_01-24/Actor_11/03-01-06-02-01-01-11.wav,5,fearful,/home/tonyhe/ravdess_avfusion/external/audio_ser_speechbrain/speechbrain-develop-main/outputs/embeddings_ECAPA/train/03-01-06-02-01-01-11.npy,96,02-01-06-02-01-01-11,data/raw/ravdess/video_speech/Video_Speech_Actor_11/Actor_11/02-01-06-02-01-01-11.mp4,5,fearful,/home/tonyhe/ravdess_avfusion/external/video_face_branch/early_fusion_facial_v2/fusion_pack_5f/sequences/02-01-06-02-01-01-11.npy,5,2048,canonical_02,canonical_02,0.097799,0.07695,0.124588,0.109165,0.102686,0.225076,0.089109,0.174628,0.02302298992872238,0.010172859951853751,0.010621745511889458,0.009614603407680989,0.010213782265782356,0.9162047386169434,0.010705960169434547,0.009443308413028716
01-06-02-01-01-12,train,12,5,fearful,06,02,01,01,03-01-06-02-01-01-12,data/raw/ravdess/audio_speech/Audio_Speech_Actors_01-24/Actor_12/03-01-06-02-01-01-12.wav,5,fearful,/home/tonyhe/ravdess_avfusion/external/audio_ser_speechbrain/speechbrain-develop-main/outputs/embeddings_ECAPA/train/03-01-06-02-01-01-12.npy,96,02-01-06-02-01-01-12,data/raw/ravdess/video_speech/Video_Speech_Actor_12/Actor_12/02-01-06-02-01-01-12.mp4,5,fearful,/home/tonyhe/ravdess_avfusion/external/video_face_branch/early_fusion_facial_v2/fusion_pack_5f/sequences/02-01-06-02-01-01-12.npy,5,2048,canonical_02,canonical_02,0.100808,0.093979,0.123152,0.094205,0.07622,0.258418,0.130099,0.123119,0.019612231478095054,0.00763231567107141,0.009443105198442936,0.013711705058813094,0.008038128912448882,0.9204791426658631,0.00944326277822256,0.011640084348618985
01-06-02-01-01-13,train,13,5,fearful,06,02,01,01,03-01-06-02-01-01-13,data/raw/ravdess/audio_speech/Audio_Speech_Actors_01-24/Actor_13/03-01-06-02-01-01-13.wav,5,fearful,/home/tonyhe/ravdess_avfusion/external/audio_ser_speechbrain/speechbrain-develop-main/outputs/embeddings_ECAPA/train/03-01-06-02-01-01-13.npy,96,02-01-06-02-01-01-13,data/raw/ravdess/video_speech/Video_Speech_Actor_13/Actor_13/02-01-06-02-01-01-13.mp4,5,fearful,/home/tonyhe/ravdess_avfusion/external/video_face_branch/early_fusion_facial_v2/fusion_pack_5f/sequences/02-01-06-02-01-01-13.npy,5,2048,canonical_02,canonical_02,0.093783,0.067686,0.101901,0.103084,0.116888,0.232523,0.158011,0.126123,0.01631635017693043,0.008783944975584745,0.009125113859772683,0.009173083631321789,0.005112780630588532,0.9335665464401245,0.01021465314552188,0.007707491796463728
01-06-02-01-01-14,train,14,5,fearful,06,02,01,01,03-01-06-02-01-01-14,data/raw/ravdess/audio_speech/Audio_Speech_Actors_01-24/Actor_14/03-01-06-02-01-01-14.wav,5,fearful,/home/tonyhe/ravdess_avfusion/external/audio_ser_speechbrain/speechbrain-develop-main/outputs/embeddings_ECAPA/train/03-01-06-02-01-01-14.npy,96,02-01-06-02-01-01-14,data/raw/ravdess/video_speech/Video_Speech_Actor_14/Actor_14/02-01-06-02-01-01-14.mp4,5,fearful,/home/tonyhe/ravdess_avfusion/external/video_face_branch/early_fusion_facial_v2/fusion_pack_5f/sequences/02-01-06-02-01-01-14.npy,5,2048,canonical_02,canonical_02,0.116638,0.10394,0.098039,0.089088,0.110678,0.271509,0.106457,0.103651,0.028373506665229798,0.012460656091570854,0.012060616537928582,0.19440053440630436,0.015495560597628355,0.7148167431354523,0.013826191052794456,0.008566186018288135
01-06-02-01-01-15,train,15,5,fearful,06,02,01,01,03-01-06-02-01-01-15,data/raw/ravdess/audio_speech/Audio_Speech_Actors_01-24/Actor_15/03-01-06-02-01-01-15.wav,5,fearful,/home/tonyhe/ravdess_avfusion/external/audio_ser_speechbrain/speechbrain-develop-main/outputs/embeddings_ECAPA/train/03-01-06-02-01-01-15.npy,96,02-01-06-02-01-01-15,data/raw/ravdess/video_speech/Video_Speech_Actor_15/Actor_15/02-01-06-02-01-01-15.mp4,5,fearful,/home/tonyhe/ravdess_avfusion/data/processed/video/backfill_actor15/sequence_embeddings_5f/train/02-01-06-02-01-01-15.npy,5,2048,backfill_actor15,backfill_actor15,0.082692,0.083337,0.086614,0.126022,0.111693,0.252691,0.126241,0.130712,0.044130682945251465,0.015546627342700958,0.017156170681118965,0.31322765350341797,0.047146108001470566,0.5104814767837524,0.021075302734971046,0.03123602643609047
01-06-02-01-01-16,train,16,5,fearful,06,02,01,01,03-01-06-02-01-01-16,data/raw/ravdess/audio_speech/Audio_Speech_Actors_01-24/Actor_16/03-01-06-02-01-01-16.wav,5,fearful,/home/tonyhe/ravdess_avfusion/external/audio_ser_speechbrain/speechbrain-develop-main/outputs/embeddings_ECAPA/train/03-01-06-02-01-01-16.npy,96,02-01-06-02-01-01-16,data/raw/ravdess/video_speech/Video_Speech_Actor_16/Actor_16/02-01-06-02-01-01-16.mp4,5,fearful,/home/tonyhe/ravdess_avfusion/external/video_face_branch/early_fusion_facial_v2/fusion_pack_5f/sequences/02-01-06-02-01-01-16.npy,5,2048,canonical_02,canonical_02,0.100914,0.127042,0.117335,0.105958,0.096667,0.265776,0.106448,0.079859,0.01904907412827015,0.008271272480487823,0.007301859930157662,0.011266820132732391,0.0074516813270747665,0.9262943625450134,0.015340948663651943,0.005023971293121576
01-06-02-01-02-01,train,1,5,fearful,06,02,01,02,03-01-06-02-01-02-01,data/raw/ravdess/audio_speech/Audio_Speech_Actors_01-24/Actor_01/03-01-06-02-01-02-01.wav,5,fearful,/home/tonyhe/ravdess_avfusion/external/audio_ser_speechbrain/speechbrain-develop-main/outputs/embeddings_ECAPA/train/03-01-06-02-01-02-01.npy,96,02-01-06-02-01-02-01,data/raw/ravdess/video_speech/Video_Speech_Actor_01/Actor_01/02-01-06-02-01-02-01.mp4,5,fearful,/home/tonyhe/ravdess_avfusion/external/video_face_branch/early_fusion_facial_v2/fusion_pack_5f/sequences/02-01-06-02-01-02-01.npy,5,2048,canonical_02,canonical_02,0.096933,0.10613,0.117867,0.130108,0.102547,0.264938,0.098185,0.08329,0.014469433575868607,0.006390331871807575,0.007412866409868002,0.005660753417760134,0.014319843100383877,0.9365245819091796,0.008904397394508124,0.0063177847769111395
01-06-02-01-02-02,train,2,5,fearful,06,02,01,02,03-01-06-02-01-02-02,data/raw/ravdess/audio_speech/Audio_Speech_Actors_01-24/Actor_02/03-01-06-02-01-02-02.wav,5,fearful,/home/tonyhe/ravdess_avfusion/external/audio_ser_speechbrain/speechbrain-develop-main/outputs/embeddings_ECAPA/train/03-01-06-02-01-02-02.npy,96,02-01-06-02-01-02-02,data/raw/ravdess/video_speech/Video_Speech_Actor_02/Actor_02/02-01-06-02-01-02-02.mp4,5,fearful,/home/tonyhe/ravdess_avfusion/external/video_face_branch/early_fusion_facial_v2/fusion_pack_5f/sequences/02-01-06-02-01-02-02.npy,5,2048,canonical_02,canonical_02,0.112928,0.102491,0.123543,0.108244,0.088258,0.270644,0.103665,0.090227,0.02153649590909481,0.010807943157851696,0.01002558907493949,0.011733637563884259,0.007506351172924042,0.9182744026184082,0.011384835839271546,0.008730773534625768
01-06-02-01-02-03,train,3,5,fearful,06,02,01,02,03-01-06-02-01-02-03,data/raw/ravdess/audio_speech/Audio_Speech_Actors_01-24/Actor_03/03-01-06-02-01-02-03.wav,5,fearful,/home/tonyhe/ravdess_avfusion/external/audio_ser_speechbrain/speechbrain-develop-main/outputs/embeddings_ECAPA/train/03-01-06-02-01-02-03.npy,96,02-01-06-02-01-02-03,data/raw/ravdess/video_speech/Video_Speech_Actor_03/Actor_03/02-01-06-02-01-02-03.mp4,5,fearful,/home/tonyhe/ravdess_avfusion/external/video_face_branch/early_fusion_facial_v2/fusion_pack_5f/sequences/02-01-06-02-01-02-03.npy,5,2048,canonical_02,canonical_02,0.093052,0.084318,0.119703,0.13397,0.104129,0.259076,0.115407,0.090346,0.016136673651635645,0.006681863404810429,0.014141870476305485,0.013916049897670747,0.006398206576704979,0.9214042663574219,0.015128292236477136,0.00619277535006404
01-06-02-01-02-04,train,4,5,fearful,06,02,01,02,03-01-06-02-01-02-04,data/raw/ravdess/audio_speech/Audio_Speech_Actors_01-24/Actor_04/03-01-06-02-01-02-04.wav,5,fearful,/home/tonyhe/ravdess_avfusion/external/audio_ser_speechbrain/speechbrain-develop-main/outputs/embeddings_ECAPA/train/03-01-06-02-01-02-04.npy,96,02-01-06-02-01-02-04,data/raw/ravdess/video_speech/Video_Speech_Actor_04/Actor_04/02-01-06-02-01-02-04.mp4,5,fearful,/home/tonyhe/ravdess_avfusion/external/video_face_branch/early_fusion_facial_v2/fusion_pack_5f/sequences/02-01-06-02-01-02-04.npy,5,2048,canonical_02,canonical_02,0.101245,0.087442,0.097301,0.114971,0.096487,0.262691,0.117242,0.122621,0.023020827397704124,0.011192027293145657,0.01110585443675518,0.009080458246171475,0.01741952169686556,0.9024815440177918,0.01535949856042862,0.01034026574343443
01-06-02-01-02-05,train,5,5,fearful,06,02,01,02,03-01-06-02-01-02-05,data/raw/ravdess/audio_speech/Audio_Speech_Actors_01-24/Actor_05/03-01-06-02-01-02-05.wav,5,fearful,/home/tonyhe/ravdess_avfusion/external/audio_ser_speechbrain/speechbrain-develop-main/outputs/embeddings_ECAPA/train/03-01-06-02-01-02-05.npy,96,02-01-06-02-01-02-05,data/raw/ravdess/video_speech/Video_Speech_Actor_05/Actor_05/02-01-06-02-01-02-05.mp4,5,fearful,/home/tonyhe/ravdess_avfusion/external/video_face_branch/early_fusion_facial_v2/fusion_pack_5f/sequences/02-01-06-02-01-02-05.npy,5,2048,canonical_02,canonical_02,0.117785,0.09473,0.111577,0.096254,0.124183,0.25895,0.107166,0.089356,0.019053455069661142,0.010258804075419903,0.010084339044988155,0.010354596469551326,0.008781607076525689,0.9206357002258301,0.013136667758226394,0.007694792654365301
01-06-02-01-02-06,train,6,5,fearful,06,02,01,02,03-01-06-02-01-02-06,data/raw/ravdess/audio_speech/Audio_Speech_Actors_01-24/Actor_06/03-01-06-02-01-02-06.wav,5,fearful,/home/tonyhe/ravdess_avfusion/external/audio_ser_speechbrain/speechbrain-develop-main/outputs/embeddings_ECAPA/train/03-01-06-02-01-02-06.npy,96,02-01-06-02-01-02-06,data/raw/ravdess/video_speech/Video_Speech_Actor_06/Actor_06/02-01-06-02-01-02-06.mp4,5,fearful,/home/tonyhe/ravdess_avfusion/external/video_face_branch/early_fusion_facial_v2/fusion_pack_5f/sequences/02-01-06-02-01-02-06.npy,5,2048,canonical_02,canonical_02,0.092386,0.100694,0.109334,0.111125,0.088081,0.242622,0.13387,0.121888,0.023899651318788528,0.01177691351622343,0.013868692889809608,0.010310191661119461,0.013335800124332308,0.9056190371513366,0.012595772929489612,0.008593925554305316
01-06-02-01-02-07,train,7,5,fearful,06,02,01,02,03-01-06-02-01-02-07,data/raw/ravdess/audio_speech/Audio_Speech_Actors_01-24/Actor_07/03-01-06-02-01-02-07.wav,5,fearful,/home/tonyhe/ravdess_avfusion/external/audio_ser_speechbrain/speechbrain-develop-main/outputs/embeddings_ECAPA/train/03-01-06-02-01-02-07.npy,96,02-01-06-02-01-02-07,data/raw/ravdess/video_speech/Video_Speech_Actor_07/Actor_07/02-01-06-02-01-02-07.mp4,5,fearful,/home/tonyhe/ravdess_avfusion/external/video_face_branch/early_fusion_facial_v2/fusion_pack_5f/sequences/02-01-06-02-01-02-07.npy,5,2048,canonical_02,canonical_02,0.096096,0.09163,0.100242,0.122172,0.102033,0.250872,0.115682,0.121272,0.02321493849158287,0.01032374482601881,0.010768960695713758,0.011941351741552354,0.006877221586182714,0.9108194947242737,0.01429375922307372,0.011760545521974563
01-06-02-01-02-08,train,8,5,fearful,06,02,01,02,03-01-06-02-01-02-08,data/raw/ravdess/audio_speech/Audio_Speech_Actors_01-24/Actor_08/03-01-06-02-01-02-08.wav,5,fearful,/home/tonyhe/ravdess_avfusion/external/audio_ser_speechbrain/speechbrain-develop-main/outputs/embeddings_ECAPA/train/03-01-06-02-01-02-08.npy,96,02-01-06-02-01-02-08,data/raw/ravdess/video_speech/Video_Speech_Actor_08/Actor_08/02-01-06-02-01-02-08.mp4,5,fearful,/home/tonyhe/ravdess_avfusion/external/video_face_branch/early_fusion_facial_v2/fusion_pack_5f/sequences/02-01-06-02-01-02-08.npy,5,2048,canonical_02,canonical_02,0.0917,0.098453,0.125068,0.111259,0.091799,0.27592,0.090996,0.114806,0.021739403158426283,0.010030008666217328,0.011740819551050663,0.011663230508565903,0.008875318244099617,0.9144740581512452,0.013631115294992923,0.007846030127257108
01-06-02-01-02-09,train,9,5,fearful,06,02,01,02,03-01-06-02-01-02-09,data/raw/ravdess/audio_speech/Audio_Speech_Actors_01-24/Actor_09/03-01-06-02-01-02-09.wav,5,fearful,/home/tonyhe/ravdess_avfusion/external/audio_ser_speechbrain/speechbrain-develop-main/outputs/embeddings_ECAPA/train/03-01-06-02-01-02-09.npy,96,02-01-06-02-01-02-09,data/raw/ravdess/video_speech/Video_Speech_Actor_09/Actor_09/02-01-06-02-01-02-09.mp4,5,fearful,/home/tonyhe/ravdess_avfusion/external/video_face_branch/early_fusion_facial_v2/fusion_pack_5f/sequences/02-01-06-02-01-02-09.npy,5,2048,canonical_02,canonical_02,0.104371,0.09953,0.093878,0.088521,0.096547,0.266681,0.116669,0.133804,0.02232888787984848,0.011690033134073019,0.010094803478568792,0.007896578684449197,0.009370379149913788,0.9190498113632202,0.009386840090155602,0.010182629246264696
01-06-02-01-02-10,train,10,5,fearful,06,02,01,02,03-01-06-02-01-02-10,data/raw/ravdess/audio_speech/Audio_Speech_Actors_01-24/Actor_10/03-01-06-02-01-02-10.wav,5,fearful,/home/tonyhe/ravdess_avfusion/external/audio_ser_speechbrain/speechbrain-develop-main/outputs/embeddings_ECAPA/train/03-01-06-02-01-02-10.npy,96,02-01-06-02-01-02-10,data/raw/ravdess/video_speech/Video_Speech_Actor_10/Actor_10/02-01-06-02-01-02-10.mp4,5,fearful,/home/tonyhe/ravdess_avfusion/external/video_face_branch/early_fusion_facial_v2/fusion_pack_5f/sequences/02-01-06-02-01-02-10.npy,5,2048,canonical_02,canonical_02,0.076834,0.116319,0.116068,0.111048,0.106365,0.273554,0.108191,0.091622,0.020128104835748672,0.009462953452020884,0.009257120825350285,0.00897495411336422,0.007662405446171761,0.9234715342521668,0.010428188741207123,0.010614781640470028
01-06-02-01-02-11,train,11,5,fearful,06,02,01,02,03-01-06-02-01-02-11,data/raw/ravdess/audio_speech/Audio_Speech_Actors_01-24/Actor_11/03-01-06-02-01-02-11.wav,5,fearful,/home/tonyhe/ravdess_avfusion/external/audio_ser_speechbrain/speechbrain-develop-main/outputs/embeddings_ECAPA/train/03-01-06-02-01-02-11.npy,96,02-01-06-02-01-02-11,data/raw/ravdess/video_speech/Video_Speech_Actor_11/Actor_11/02-01-06-02-01-02-11.mp4,5,fearful,/home/tonyhe/ravdess_avfusion/external/video_face_branch/early_fusion_facial_v2/fusion_pack_5f/sequences/02-01-06-02-01-02-11.npy,5,2048,canonical_02,canonical_02,0.093869,0.089526,0.139081,0.094409,0.087815,0.265164,0.099108,0.131027,0.024728716164827347,0.011645759269595147,0.014143986068665982,0.009890476986765862,0.010944744665175676,0.9029284477233886,0.013960904441773891,0.011756966449320316
01-06-02-01-02-12,train,12,5,fearful,06,02,01,02,03-01-06-02-01-02-12,data/raw/ravdess/audio_speech/Audio_Speech_Actors_01-24/Actor_12/03-01-06-02-01-02-12.wav,5,fearful,/home/tonyhe/ravdess_avfusion/external/audio_ser_speechbrain/speechbrain-develop-main/outputs/embeddings_ECAPA/train/03-01-06-02-01-02-12.npy,96,02-01-06-02-01-02-12,data/raw/ravdess/video_speech/Video_Speech_Actor_12/Actor_12/02-01-06-02-01-02-12.mp4,5,fearful,/home/tonyhe/ravdess_avfusion/external/video_face_branch/early_fusion_facial_v2/fusion_pack_5f/sequences/02-01-06-02-01-02-12.npy,5,2048,canonical_02,canonical_02,0.092648,0.103099,0.106491,0.101121,0.095401,0.272977,0.123295,0.104966,0.022830066084861756,0.009610626474022865,0.009873400814831257,0.02086174935102463,0.0092962178401649,0.9059298038482666,0.011196545790880919,0.010401614475995302
01-06-02-01-02-13,train,13,5,fearful,06,02,01,02,03-01-06-02-01-02-13,data/raw/ravdess/audio_speech/Audio_Speech_Actors_01-24/Actor_13/03-01-06-02-01-02-13.wav,5,fearful,/home/tonyhe/ravdess_avfusion/external/audio_ser_speechbrain/speechbrain-develop-main/outputs/embeddings_ECAPA/train/03-01-06-02-01-02-13.npy,96,02-01-06-02-01-02-13,data/raw/ravdess/video_speech/Video_Speech_Actor_13/Actor_13/02-01-06-02-01-02-13.mp4,5,fearful,/home/tonyhe/ravdess_avfusion/external/video_face_branch/early_fusion_facial_v2/fusion_pack_5f/sequences/02-01-06-02-01-02-13.npy,5,2048,canonical_02,canonical_02,0.076873,0.097812,0.104125,0.097338,0.120992,0.243198,0.095143,0.164519,0.02068202253431082,0.009617589693516494,0.010323468130081892,0.010346337966620923,0.00707348519936204,0.9239603400230407,0.01090756393969059,0.007089206762611866
01-06-02-01-02-14,train,14,5,fearful,06,02,01,02,03-01-06-02-01-02-14,data/raw/ravdess/audio_speech/Audio_Speech_Actors_01-24/Actor_14/03-01-06-02-01-02-14.wav,5,fearful,/home/tonyhe/ravdess_avfusion/external/audio_ser_speechbrain/speechbrain-develop-main/outputs/embeddings_ECAPA/train/03-01-06-02-01-02-14.npy,96,02-01-06-02-01-02-14,data/raw/ravdess/video_speech/Video_Speech_Actor_14/Actor_14/02-01-06-02-01-02-14.mp4,5,fearful,/home/tonyhe/ravdess_avfusion/external/video_face_branch/early_fusion_facial_v2/fusion_pack_5f/sequences/02-01-06-02-01-02-14.npy,5,2048,canonical_02,canonical_02,0.118175,0.100107,0.114762,0.120687,0.090909,0.260197,0.091083,0.104081,0.017410599254071714,0.008226105663925409,0.008270141296088695,0.027706332597881557,0.009413040895015,0.9127617835998535,0.009197417460381985,0.007014553435146809
01-06-02-01-02-15,train,15,5,fearful,06,02,01,02,03-01-06-02-01-02-15,data/raw/ravdess/audio_speech/Audio_Speech_Actors_01-24/Actor_15/03-01-06-02-01-02-15.wav,5,fearful,/home/tonyhe/ravdess_avfusion/external/audio_ser_speechbrain/speechbrain-develop-main/outputs/embeddings_ECAPA/train/03-01-06-02-01-02-15.npy,96,02-01-06-02-01-02-15,data/raw/ravdess/video_speech/Video_Speech_Actor_15/Actor_15/02-01-06-02-01-02-15.mp4,5,fearful,/home/tonyhe/ravdess_avfusion/data/processed/video/backfill_actor15/sequence_embeddings_5f/train/02-01-06-02-01-02-15.npy,5,2048,backfill_actor15,backfill_actor15,0.093218,0.075101,0.127662,0.102492,0.101599,0.26837,0.12502,0.106539,0.028951862826943398,0.01193607971072197,0.015838775783777237,0.04912744089961052,0.05715516209602356,0.798970639705658,0.024538401514291763,0.013481584377586842
01-06-02-01-02-16,train,16,5,fearful,06,02,01,02,03-01-06-02-01-02-16,data/raw/ravdess/audio_speech/Audio_Speech_Actors_01-24/Actor_16/03-01-06-02-01-02-16.wav,5,fearful,/home/tonyhe/ravdess_avfusion/external/audio_ser_speechbrain/speechbrain-develop-main/outputs/embeddings_ECAPA/train/03-01-06-02-01-02-16.npy,96,02-01-06-02-01-02-16,data/raw/ravdess/video_speech/Video_Speech_Actor_16/Actor_16/02-01-06-02-01-02-16.mp4,5,fearful,/home/tonyhe/ravdess_avfusion/external/video_face_branch/early_fusion_facial_v2/fusion_pack_5f/sequences/02-01-06-02-01-02-16.npy,5,2048,canonical_02,canonical_02,0.102266,0.115577,0.128923,0.106233,0.079428,0.24899,0.125695,0.092887,0.01360211856663227,0.006795988790690899,0.0056496923323720695,0.006122754514217376,0.0043626728933304545,0.9409827589988708,0.01787377558648586,0.004610220668837428
01-06-02-02-01-01,train,1,5,fearful,06,02,02,01,03-01-06-02-02-01-01,data/raw/ravdess/audio_speech/Audio_Speech_Actors_01-24/Actor_01/03-01-06-02-02-01-01.wav,5,fearful,/home/tonyhe/ravdess_avfusion/external/audio_ser_speechbrain/speechbrain-develop-main/outputs/embeddings_ECAPA/train/03-01-06-02-02-01-01.npy,96,02-01-06-02-02-01-01,data/raw/ravdess/video_speech/Video_Speech_Actor_01/Actor_01/02-01-06-02-02-01-01.mp4,5,fearful,/home/tonyhe/ravdess_avfusion/external/video_face_branch/early_fusion_facial_v2/fusion_pack_5f/sequences/02-01-06-02-02-01-01.npy,5,2048,canonical_02,canonical_02,0.125677,0.094288,0.118442,0.095679,0.109004,0.25826,0.114494,0.084156,0.014320224337279797,0.0069307942874729635,0.006505897361785173,0.005138498917222023,0.006759713217616081,0.9467474937438964,0.007153716124594212,0.006443668156862259
01-06-02-02-01-02,train,2,5,fearful,06,02,02,01,03-01-06-02-02-01-02,data/raw/ravdess/audio_speech/Audio_Speech_Actors_01-24/Actor_02/03-01-06-02-02-01-02.wav,5,fearful,/home/tonyhe/ravdess_avfusion/external/audio_ser_speechbrain/speechbrain-develop-main/outputs/embeddings_ECAPA/train/03-01-06-02-02-01-02.npy,96,02-01-06-02-02-01-02,data/raw/ravdess/video_speech/Video_Speech_Actor_02/Actor_02/02-01-06-02-02-01-02.mp4,5,fearful,/home/tonyhe/ravdess_avfusion/external/video_face_branch/early_fusion_facial_v2/fusion_pack_5f/sequences/02-01-06-02-02-01-02.npy,5,2048,canonical_02,canonical_02,0.107082,0.126553,0.108408,0.138628,0.0785,0.246158,0.096196,0.098474,0.025116272643208502,0.009716338478028774,0.01101779043674469,0.14970868714153768,0.009795168228447438,0.7743961155414582,0.011699678935110569,0.008549985568970441
01-06-02-02-01-03,train,3,5,fearful,06,02,02,01,03-01-06-02-02-01-03,data/raw/ravdess/audio_speech/Audio_Speech_Actors_01-24/Actor_03/03-01-06-02-02-01-03.wav,5,fearful,/home/tonyhe/ravdess_avfusion/external/audio_ser_speechbrain/speechbrain-develop-main/outputs/embeddings_ECAPA/train/03-01-06-02-02-01-03.npy,96,02-01-06-02-02-01-03,data/raw/ravdess/video_speech/Video_Speech_Actor_03/Actor_03/02-01-06-02-02-01-03.mp4,5,fearful,/home/tonyhe/ravdess_avfusion/external/video_face_branch/early_fusion_facial_v2/fusion_pack_5f/sequences/02-01-06-02-02-01-03.npy,5,2048,canonical_02,canonical_02,0.103556,0.082737,0.086853,0.139248,0.109886,0.247708,0.122992,0.107019,0.025758876651525497,0.013203192874789238,0.01604110300540924,0.01266532763838768,0.013415690511465073,0.8964146852493287,0.01167942937463522,0.010821672808378934
01-06-02-02-01-04,train,4,5,fearful,06,02,02,01,03-01-06-02-02-01-04,data/raw/ravdess/audio_speech/Audio_Speech_Actors_01-24/Actor_04/03-01-06-02-02-01-04.wav,5,fearful,/home/tonyhe/ravdess_avfusion/external/audio_ser_speechbrain/speechbrain-develop-main/outputs/embeddings_ECAPA/train/03-01-06-02-02-01-04.npy,96,02-01-06-02-02-01-04,data/raw/ravdess/video_speech/Video_Speech_Actor_04/Actor_04/02-01-06-02-02-01-04.mp4,5,fearful,/home/tonyhe/ravdess_avfusion/external/video_face_branch/early_fusion_facial_v2/fusion_pack_5f/sequences/02-01-06-02-02-01-04.npy,5,2048,canonical_02,canonical_02,0.106606,0.086063,0.087347,0.114428,0.113879,0.259576,0.115262,0.11684,0.02459233980625868,0.010377869196236133,0.011328969895839692,0.00940797831863165,0.03704145085066557,0.8836300492286682,0.01488448791205883,0.008736841939389705
01-06-02-02-01-05,train,5,5,fearful,06,02,02,01,03-01-06-02-02-01-05,data/raw/ravdess/audio_speech/Audio_Speech_Actors_01-24/Actor_05/03-01-06-02-02-01-05.wav,5,fearful,/home/tonyhe/ravdess_avfusion/external/audio_ser_speechbrain/speechbrain-develop-main/outputs/embeddings_ECAPA/train/03-01-06-02-02-01-05.npy,96,02-01-06-02-02-01-05,data/raw/ravdess/video_speech/Video_Speech_Actor_05/Actor_05/02-01-06-02-02-01-05.mp4,5,fearful,/home/tonyhe/ravdess_avfusion/external/video_face_branch/early_fusion_facial_v2/fusion_pack_5f/sequences/02-01-06-02-02-01-05.npy,5,2048,canonical_02,canonical_02,0.116048,0.071064,0.086504,0.156677,0.104454,0.190893,0.142861,0.131498,0.02234698459506035,0.010994747839868068,0.0106094341725111,0.011585823632776738,0.011138616874814034,0.9100775957107544,0.014429885521531105,0.008816932793706656
01-06-02-02-01-06,train,6,5,fearful,06,02,02,01,03-01-06-02-02-01-06,data/raw/ravdess/audio_speech/Audio_Speech_Actors_01-24/Actor_06/03-01-06-02-02-01-06.wav,5,fearful,/home/tonyhe/ravdess_avfusion/external/audio_ser_speechbrain/speechbrain-develop-main/outputs/embeddings_ECAPA/train/03-01-06-02-02-01-06.npy,96,02-01-06-02-02-01-06,data/raw/ravdess/video_speech/Video_Speech_Actor_06/Actor_06/02-01-06-02-02-01-06.mp4,5,fearful,/home/tonyhe/ravdess_avfusion/external/video_face_branch/early_fusion_facial_v2/fusion_pack_5f/sequences/02-01-06-02-02-01-06.npy,5,2048,canonical_02,canonical_02,0.109524,0.107851,0.119032,0.105592,0.104759,0.267552,0.092298,0.09339,0.026209484785795212,0.014536935277283192,0.014722422510385514,0.011224479414522648,0.015220830403268337,0.8948978066444397,0.013956926017999648,0.009231129847466945
01-06-02-02-01-07,train,7,5,fearful,06,02,02,01,03-01-06-02-02-01-07,data/raw/ravdess/audio_speech/Audio_Speech_Actors_01-24/Actor_07/03-01-06-02-02-01-07.wav,5,fearful,/home/tonyhe/ravdess_avfusion/external/audio_ser_speechbrain/speechbrain-develop-main/outputs/embeddings_ECAPA/train/03-01-06-02-02-01-07.npy,96,02-01-06-02-02-01-07,data/raw/ravdess/video_speech/Video_Speech_Actor_07/Actor_07/02-01-06-02-02-01-07.mp4,5,fearful,/home/tonyhe/ravdess_avfusion/external/video_face_branch/early_fusion_facial_v2/fusion_pack_5f/sequences/02-01-06-02-02-01-07.npy,5,2048,canonical_02,canonical_02,0.087401,0.108968,0.102528,0.118714,0.091402,0.263302,0.0975,0.130183,0.021928415820002555,0.01146937683224678,0.012330201268196107,0.013784020394086837,0.008498501870781184,0.9090209007263184,0.011960290744900704,0.011008282750844955
01-06-02-02-01-08,train,8,5,fearful,06,02,02,01,03-01-06-02-02-01-08,data/raw/ravdess/audio_speech/Audio_Speech_Actors_01-24/Actor_08/03-01-06-02-02-01-08.wav,5,fearful,/home/tonyhe/ravdess_avfusion/external/audio_ser_speechbrain/speechbrain-develop-main/outputs/embeddings_ECAPA/train/03-01-06-02-02-01-08.npy,96,02-01-06-02-02-01-08,data/raw/ravdess/video_speech/Video_Speech_Actor_08/Actor_08/02-01-06-02-02-01-08.mp4,5,fearful,/home/tonyhe/ravdess_avfusion/external/video_face_branch/early_fusion_facial_v2/fusion_pack_5f/sequences/02-01-06-02-02-01-08.npy,5,2048,canonical_02,canonical_02,0.10755,0.081732,0.105587,0.098236,0.093033,0.255448,0.115205,0.143209,0.023806318268179895,0.011315001919865609,0.0104311378672719,0.012771033495664597,0.008558102231472731,0.9108761548995972,0.013909348659217358,0.008332906011492013
01-06-02-02-01-09,train,9,5,fearful,06,02,02,01,03-01-06-02-02-01-09,data/raw/ravdess/audio_speech/Audio_Speech_Actors_01-24/Actor_09/03-01-06-02-02-01-09.wav,5,fearful,/home/tonyhe/ravdess_avfusion/external/audio_ser_speechbrain/speechbrain-develop-main/outputs/embeddings_ECAPA/train/03-01-06-02-02-01-09.npy,96,02-01-06-02-02-01-09,data/raw/ravdess/video_speech/Video_Speech_Actor_09/Actor_09/02-01-06-02-02-01-09.mp4,5,fearful,/home/tonyhe/ravdess_avfusion/external/video_face_branch/early_fusion_facial_v2/fusion_pack_5f/sequences/02-01-06-02-02-01-09.npy,5,2048,canonical_02,canonical_02,0.095619,0.098011,0.130245,0.093323,0.095795,0.271612,0.095845,0.11955,0.01852341089397669,0.009475999511778355,0.008208128344267606,0.005303482851013541,0.006401458848267793,0.9368080854415893,0.00787246199324727,0.00740699665620923
01-06-02-02-01-10,train,10,5,fearful,06,02,02,01,03-01-06-02-02-01-10,data/raw/ravdess/audio_speech/Audio_Speech_Actors_01-24/Actor_10/03-01-06-02-02-01-10.wav,5,fearful,/home/tonyhe/ravdess_avfusion/external/audio_ser_speechbrain/speechbrain-develop-main/outputs/embeddings_ECAPA/train/03-01-06-02-02-01-10.npy,96,02-01-06-02-02-01-10,data/raw/ravdess/video_speech/Video_Speech_Actor_10/Actor_10/02-01-06-02-02-01-10.mp4,5,fearful,/home/tonyhe/ravdess_avfusion/external/video_face_branch/early_fusion_facial_v2/fusion_pack_5f/sequences/02-01-06-02-02-01-10.npy,5,2048,canonical_02,canonical_02,0.088046,0.097837,0.124902,0.111071,0.108812,0.265465,0.124324,0.079544,0.019168804213404656,0.008475852385163306,0.009316556435078383,0.007523052021861076,0.007581331394612789,0.9289360046386719,0.010206723771989345,0.008791684452444316
01-06-02-02-01-11,train,11,5,fearful,06,02,02,01,03-01-06-02-02-01-11,data/raw/ravdess/audio_speech/Audio_Speech_Actors_01-24/Actor_11/03-01-06-02-02-01-11.wav,5,fearful,/home/tonyhe/ravdess_avfusion/external/audio_ser_speechbrain/speechbrain-develop-main/outputs/embeddings_ECAPA/train/03-01-06-02-02-01-11.npy,96,02-01-06-02-02-01-11,data/raw/ravdess/video_speech/Video_Speech_Actor_11/Actor_11/02-01-06-02-02-01-11.mp4,5,fearful,/home/tonyhe/ravdess_avfusion/external/video_face_branch/early_fusion_facial_v2/fusion_pack_5f/sequences/02-01-06-02-02-01-11.npy,5,2048,canonical_02,canonical_02,0.107554,0.079832,0.092497,0.119396,0.107528,0.224314,0.095859,0.173022,0.019558087363839148,0.009438941068947316,0.011190709844231605,0.00730681223794818,0.009871093835681678,0.9205738663673401,0.013755763694643975,0.008304700348526239
01-06-02-02-01-12,train,12,5,fearful,06,02,02,01,03-01-06-02-02-01-12,data/raw/ravdess/audio_speech/Audio_Speech_Actors_01-24/Actor_12/03-01-06-02-02-01-12.wav,5,fearful,/home/tonyhe/ravdess_avfusion/external/audio_ser_speechbrain/speechbrain-develop-main/outputs/embeddings_ECAPA/train/03-01-06-02-02-01-12.npy,96,02-01-06-02-02-01-12,data/raw/ravdess/video_speech/Video_Speech_Actor_12/Actor_12/02-01-06-02-02-01-12.mp4,5,fearful,/home/tonyhe/ravdess_avfusion/external/video_face_branch/early_fusion_facial_v2/fusion_pack_5f/sequences/02-01-06-02-02-01-12.npy,5,2048,canonical_02,canonical_02,0.103058,0.118001,0.128925,0.097714,0.080373,0.257324,0.110548,0.104058,0.02058650031685829,0.007883066684007645,0.010506405681371688,0.01034766910597682,0.006950763333588838,0.9263023853302002,0.009911476541310549,0.007511733844876289
01-06-02-02-01-13,train,13,5,fearful,06,02,02,01,03-01-06-02-02-01-13,data/raw/ravdess/audio_speech/Audio_Speech_Actors_01-24/Actor_13/03-01-06-02-02-01-13.wav,5,fearful,/home/tonyhe/ravdess_avfusion/external/audio_ser_speechbrain/speechbrain-develop-main/outputs/embeddings_ECAPA/train/03-01-06-02-02-01-13.npy,96,02-01-06-02-02-01-13,data/raw/ravdess/video_speech/Video_Speech_Actor_13/Actor_13/02-01-06-02-02-01-13.mp4,5,fearful,/home/tonyhe/ravdess_avfusion/external/video_face_branch/early_fusion_facial_v2/fusion_pack_5f/sequences/02-01-06-02-02-01-13.npy,5,2048,canonical_02,canonical_02,0.07709,0.102274,0.098279,0.077127,0.163135,0.202455,0.147028,0.132612,0.018251272104680537,0.008924136124551296,0.009187453612685203,0.007518516667187214,0.007075471244752407,0.9320409893989563,0.009756948798894882,0.007245240407064557
01-06-02-02-01-14,train,14,5,fearful,06,02,02,01,03-01-06-02-02-01-14,data/raw/ravdess/audio_speech/Audio_Speech_Actors_01-24/Actor_14/03-01-06-02-02-01-14.wav,5,fearful,/home/tonyhe/ravdess_avfusion/external/audio_ser_speechbrain/speechbrain-develop-main/outputs/embeddings_ECAPA/train/03-01-06-02-02-01-14.npy,96,02-01-06-02-02-01-14,data/raw/ravdess/video_speech/Video_Speech_Actor_14/Actor_14/02-01-06-02-02-01-14.mp4,5,fearful,/home/tonyhe/ravdess_avfusion/external/video_face_branch/early_fusion_facial_v2/fusion_pack_5f/sequences/02-01-06-02-02-01-14.npy,5,2048,canonical_02,canonical_02,0.101069,0.102303,0.123864,0.10522,0.082119,0.27098,0.108269,0.106176,0.01656104177236557,0.008221355546265841,0.010197361931204796,0.03367973230779171,0.007194066978991031,0.9012306451797485,0.013791878335177898,0.00912388851866126
01-06-02-02-01-15,train,15,5,fearful,06,02,02,01,03-01-06-02-02-01-15,data/raw/ravdess/audio_speech/Audio_Speech_Actors_01-24/Actor_15/03-01-06-02-02-01-15.wav,5,fearful,/home/tonyhe/ravdess_avfusion/external/audio_ser_speechbrain/speechbrain-develop-main/outputs/embeddings_ECAPA/train/03-01-06-02-02-01-15.npy,96,02-01-06-02-02-01-15,data/raw/ravdess/video_speech/Video_Speech_Actor_15/Actor_15/02-01-06-02-02-01-15.mp4,5,fearful,/home/tonyhe/ravdess_avfusion/data/processed/video/backfill_actor15/sequence_embeddings_5f/train/02-01-06-02-02-01-15.npy,5,2048,backfill_actor15,backfill_actor15,0.100475,0.074185,0.08454,0.132547,0.100706,0.223894,0.151577,0.132077,0.07774949073791504,0.022164132446050644,0.02236895263195038,0.18359141051769257,0.14657559990882874,0.4950787425041199,0.03918910399079323,0.013282549567520618
01-06-02-02-01-16,train,16,5,fearful,06,02,02,01,03-01-06-02-02-01-16,data/raw/ravdess/audio_speech/Audio_Speech_Actors_01-24/Actor_16/03-01-06-02-02-01-16.wav,5,fearful,/home/tonyhe/ravdess_avfusion/external/audio_ser_speechbrain/speechbrain-develop-main/outputs/embeddings_ECAPA/train/03-01-06-02-02-01-16.npy,96,02-01-06-02-02-01-16,data/raw/ravdess/video_speech/Video_Speech_Actor_16/Actor_16/02-01-06-02-02-01-16.mp4,5,fearful,/home/tonyhe/ravdess_avfusion/external/video_face_branch/early_fusion_facial_v2/fusion_pack_5f/sequences/02-01-06-02-02-01-16.npy,5,2048,canonical_02,canonical_02,0.112753,0.105019,0.106087,0.140193,0.107276,0.245841,0.105332,0.077499,0.01656541619449854,0.007514219451695681,0.006916999537497759,0.008508125878870487,0.005139204207807779,0.9334356188774109,0.01683071944862604,0.005089681642130017
01-06-02-02-02-01,train,1,5,fearful,06,02,02,02,03-01-06-02-02-02-01,data/raw/ravdess/audio_speech/Audio_Speech_Actors_01-24/Actor_01/03-01-06-02-02-02-01.wav,5,fearful,/home/tonyhe/ravdess_avfusion/external/audio_ser_speechbrain/speechbrain-develop-main/outputs/embeddings_ECAPA/train/03-01-06-02-02-02-01.npy,96,02-01-06-02-02-02-01,data/raw/ravdess/video_speech/Video_Speech_Actor_01/Actor_01/02-01-06-02-02-02-01.mp4,5,fearful,/home/tonyhe/ravdess_avfusion/external/video_face_branch/early_fusion_facial_v2/fusion_pack_5f/sequences/02-01-06-02-02-02-01.npy,5,2048,canonical_02,canonical_02,0.108001,0.092119,0.107435,0.116635,0.089168,0.263677,0.105029,0.117936,0.017495020199567078,0.00966887203976512,0.009522187709808349,0.008490372495725752,0.007037069834768772,0.9305405259132385,0.009377249982208014,0.007868722872808575
01-06-02-02-02-02,train,2,5,fearful,06,02,02,02,03-01-06-02-02-02-02,data/raw/ravdess/audio_speech/Audio_Speech_Actors_01-24/Actor_02/03-01-06-02-02-02-02.wav,5,fearful,/home/tonyhe/ravdess_avfusion/external/audio_ser_speechbrain/speechbrain-develop-main/outputs/embeddings_ECAPA/train/03-01-06-02-02-02-02.npy,96,02-01-06-02-02-02-02,data/raw/ravdess/video_speech/Video_Speech_Actor_02/Actor_02/02-01-06-02-02-02-02.mp4,5,fearful,/home/tonyhe/ravdess_avfusion/external/video_face_branch/early_fusion_facial_v2/fusion_pack_5f/sequences/02-01-06-02-02-02-02.npy,5,2048,canonical_02,canonical_02,0.101745,0.117306,0.112484,0.112121,0.090933,0.271201,0.109568,0.084641,0.02199254874140024,0.01104523716494441,0.014103898219764233,0.02173787634819746,0.008647652436047792,0.8992542624473572,0.013713784143328666,0.009504723735153675
01-06-02-02-02-03,train,3,5,fearful,06,02,02,02,03-01-06-02-02-02-03,data/raw/ravdess/audio_speech/Audio_Speech_Actors_01-24/Actor_03/03-01-06-02-02-02-03.wav,5,fearful,/home/tonyhe/ravdess_avfusion/external/audio_ser_speechbrain/speechbrain-develop-main/outputs/embeddings_ECAPA/train/03-01-06-02-02-02-03.npy,96,02-01-06-02-02-02-03,data/raw/ravdess/video_speech/Video_Speech_Actor_03/Actor_03/02-01-06-02-02-02-03.mp4,5,fearful,/home/tonyhe/ravdess_avfusion/external/video_face_branch/early_fusion_facial_v2/fusion_pack_5f/sequences/02-01-06-02-02-02-03.npy,5,2048,canonical_02,canonical_02,0.099403,0.081671,0.090908,0.14039,0.112112,0.234673,0.140874,0.099968,0.020047195628285407,0.0088391849771142,0.015880364924669266,0.008921992033720016,0.009665477275848388,0.9165156006813049,0.011280631273984909,0.008849588595330716
01-06-02-02-02-04,train,4,5,fearful,06,02,02,02,03-01-06-02-02-02-04,data/raw/ravdess/audio_speech/Audio_Speech_Actors_01-24/Actor_04/03-01-06-02-02-02-04.wav,5,fearful,/home/tonyhe/ravdess_avfusion/external/audio_ser_speechbrain/speechbrain-develop-main/outputs/embeddings_ECAPA/train/03-01-06-02-02-02-04.npy,96,02-01-06-02-02-02-04,data/raw/ravdess/video_speech/Video_Speech_Actor_04/Actor_04/02-01-06-02-02-02-04.mp4,5,fearful,/home/tonyhe/ravdess_avfusion/external/video_face_branch/early_fusion_facial_v2/fusion_pack_5f/sequences/02-01-06-02-02-02-04.npy,5,2048,canonical_02,canonical_02,0.099287,0.091794,0.120212,0.104057,0.12493,0.244018,0.101696,0.114006,0.019852913171052932,0.00960107184946537,0.009450023155659437,0.008788350317627192,0.00882491199299693,0.924124026298523,0.013135895878076554,0.006222816277295351
01-06-02-02-02-05,train,5,5,fearful,06,02,02,02,03-01-06-02-02-02-05,data/raw/ravdess/audio_speech/Audio_Speech_Actors_01-24/Actor_05/03-01-06-02-02-02-05.wav,5,fearful,/home/tonyhe/ravdess_avfusion/external/audio_ser_speechbrain/speechbrain-develop-main/outputs/embeddings_ECAPA/train/03-01-06-02-02-02-05.npy,96,02-01-06-02-02-02-05,data/raw/ravdess/video_speech/Video_Speech_Actor_05/Actor_05/02-01-06-02-02-02-05.mp4,5,fearful,/home/tonyhe/ravdess_avfusion/external/video_face_branch/early_fusion_facial_v2/fusion_pack_5f/sequences/02-01-06-02-02-02-05.npy,5,2048,canonical_02,canonical_02,0.114953,0.097982,0.101195,0.128702,0.104481,0.241474,0.117033,0.094178,0.019657133892178536,0.010068911034613848,0.010017610806971788,0.009530601277947425,0.009051316138356923,0.9196669578552246,0.013322090171277523,0.00868533980101347
01-06-02-02-02-06,train,6,5,fearful,06,02,02,02,03-01-06-02-02-02-06,data/raw/ravdess/audio_speech/Audio_Speech_Actors_01-24/Actor_06/03-01-06-02-02-02-06.wav,5,fearful,/home/tonyhe/ravdess_avfusion/external/audio_ser_speechbrain/speechbrain-develop-main/outputs/embeddings_ECAPA/train/03-01-06-02-02-02-06.npy,96,02-01-06-02-02-02-06,data/raw/ravdess/video_speech/Video_Speech_Actor_06/Actor_06/02-01-06-02-02-02-06.mp4,5,fearful,/home/tonyhe/ravdess_avfusion/external/video_face_branch/early_fusion_facial_v2/fusion_pack_5f/sequences/02-01-06-02-02-02-06.npy,5,2048,canonical_02,canonical_02,0.10269,0.11273,0.119488,0.077312,0.106187,0.26095,0.108779,0.111864,0.02377140857279301,0.01514061912894249,0.011658714525401593,0.03655854379758239,0.01273975931107998,0.8793930292129517,0.012009102664887906,0.008728789910674096
01-06-02-02-02-07,train,7,5,fearful,06,02,02,02,03-01-06-02-02-02-07,data/raw/ravdess/audio_speech/Audio_Speech_Actors_01-24/Actor_07/03-01-06-02-02-02-07.wav,5,fearful,/home/tonyhe/ravdess_avfusion/external/audio_ser_speechbrain/speechbrain-develop-main/outputs/embeddings_ECAPA/train/03-01-06-02-02-02-07.npy,96,02-01-06-02-02-02-07,data/raw/ravdess/video_speech/Video_Speech_Actor_07/Actor_07/02-01-06-02-02-02-07.mp4,5,fearful,/home/tonyhe/ravdess_avfusion/external/video_face_branch/early_fusion_facial_v2/fusion_pack_5f/sequences/02-01-06-02-02-02-07.npy,5,2048,canonical_02,canonical_02,0.077249,0.095353,0.107834,0.125139,0.111396,0.242681,0.090362,0.149986,0.020566964894533156,0.010962833091616631,0.010171555913984776,0.009141007997095585,0.007268045004457236,0.9212951183319091,0.012451045401394367,0.008143469877541065
01-06-02-02-02-08,train,8,5,fearful,06,02,02,02,03-01-06-02-02-02-08,data/raw/ravdess/audio_speech/Audio_Speech_Actors_01-24/Actor_08/03-01-06-02-02-02-08.wav,5,fearful,/home/tonyhe/ravdess_avfusion/external/audio_ser_speechbrain/speechbrain-develop-main/outputs/embeddings_ECAPA/train/03-01-06-02-02-02-08.npy,96,02-01-06-02-02-02-08,data/raw/ravdess/video_speech/Video_Speech_Actor_08/Actor_08/02-01-06-02-02-02-08.mp4,5,fearful,/home/tonyhe/ravdess_avfusion/external/video_face_branch/early_fusion_facial_v2/fusion_pack_5f/sequences/02-01-06-02-02-02-08.npy,5,2048,canonical_02,canonical_02,0.092631,0.084069,0.095286,0.084238,0.10065,0.250793,0.156895,0.135437,0.01904869843274355,0.00843288330361247,0.008330560382455587,0.014543639682233333,0.013172318506985903,0.9177393674850464,0.011044995952397585,0.007687557581812143
01-06-02-02-02-09,train,9,5,fearful,06,02,02,02,03-01-06-02-02-02-09,data/raw/ravdess/audio_speech/Audio_Speech_Actors_01-24/Actor_09/03-01-06-02-02-02-09.wav,5,fearful,/home/tonyhe/ravdess_avfusion/external/audio_ser_speechbrain/speechbrain-develop-main/outputs/embeddings_ECAPA/train/03-01-06-02-02-02-09.npy,96,02-01-06-02-02-02-09,data/raw/ravdess/video_speech/Video_Speech_Actor_09/Actor_09/02-01-06-02-02-02-09.mp4,5,fearful,/home/tonyhe/ravdess_avfusion/external/video_face_branch/early_fusion_facial_v2/fusion_pack_5f/sequences/02-01-06-02-02-02-09.npy,5,2048,canonical_02,canonical_02,0.105837,0.112436,0.12887,0.091919,0.094191,0.26606,0.097486,0.1032,0.023689425364136697,0.011481673642992973,0.009814623463898896,0.007656792365014553,0.007164759188890457,0.9208117842674255,0.010242076218128204,0.009138913452625274
01-06-02-02-02-10,train,10,5,fearful,06,02,02,02,03-01-06-02-02-02-10,data/raw/ravdess/audio_speech/Audio_Speech_Actors_01-24/Actor_10/03-01-06-02-02-02-10.wav,5,fearful,/home/tonyhe/ravdess_avfusion/external/audio_ser_speechbrain/speechbrain-develop-main/outputs/embeddings_ECAPA/train/03-01-06-02-02-02-10.npy,96,02-01-06-02-02-02-10,data/raw/ravdess/video_speech/Video_Speech_Actor_10/Actor_10/02-01-06-02-02-02-10.mp4,5,fearful,/home/tonyhe/ravdess_avfusion/external/video_face_branch/early_fusion_facial_v2/fusion_pack_5f/sequences/02-01-06-02-02-02-10.npy,5,2048,canonical_02,canonical_02,0.095008,0.08427,0.102571,0.113053,0.104177,0.273856,0.118396,0.108669,0.02281525582075119,0.010701743327081204,0.013119012303650378,0.06999242659658193,0.008510238770395518,0.8407676100730896,0.02029665820300579,0.013797043263912201
01-06-02-02-02-11,train,11,5,fearful,06,02,02,02,03-01-06-02-02-02-11,data/raw/ravdess/audio_speech/Audio_Speech_Actors_01-24/Actor_11/03-01-06-02-02-02-11.wav,5,fearful,/home/tonyhe/ravdess_avfusion/external/audio_ser_speechbrain/speechbrain-develop-main/outputs/embeddings_ECAPA/train/03-01-06-02-02-02-11.npy,96,02-01-06-02-02-02-11,data/raw/ravdess/video_speech/Video_Speech_Actor_11/Actor_11/02-01-06-02-02-02-11.mp4,5,fearful,/home/tonyhe/ravdess_avfusion/external/video_face_branch/early_fusion_facial_v2/fusion_pack_5f/sequences/02-01-06-02-02-02-11.npy,5,2048,canonical_02,canonical_02,0.099482,0.086172,0.108213,0.088859,0.100871,0.272459,0.108011,0.135933,0.022657372616231443,0.010785797797143459,0.011933054681867361,0.009626221843063831,0.008834349969401956,0.9149672508239746,0.0116536233574152,0.009542305581271648
01-06-02-02-02-12,train,12,5,fearful,06,02,02,02,03-01-06-02-02-02-12,data/raw/ravdess/audio_speech/Audio_Speech_Actors_01-24/Actor_12/03-01-06-02-02-02-12.wav,5,fearful,/home/tonyhe/ravdess_avfusion/external/audio_ser_speechbrain/speechbrain-develop-main/outputs/embeddings_ECAPA/train/03-01-06-02-02-02-12.npy,96,02-01-06-02-02-02-12,data/raw/ravdess/video_speech/Video_Speech_Actor_12/Actor_12/02-01-06-02-02-02-12.mp4,5,fearful,/home/tonyhe/ravdess_avfusion/external/video_face_branch/early_fusion_facial_v2/fusion_pack_5f/sequences/02-01-06-02-02-02-12.npy,5,2048,canonical_02,canonical_02,0.095084,0.113295,0.112993,0.10128,0.102452,0.277195,0.108401,0.089301,0.020682048052549362,0.008968014735728502,0.010400141216814518,0.012430425081402064,0.006949419435113668,0.9196533918380737,0.010725166089832783,0.01019135843962431
01-06-02-02-02-13,train,13,5,fearful,06,02,02,02,03-01-06-02-02-02-13,data/raw/ravdess/audio_speech/Audio_Speech_Actors_01-24/Actor_13/03-01-06-02-02-02-13.wav,5,fearful,/home/tonyhe/ravdess_avfusion/external/audio_ser_speechbrain/speechbrain-develop-main/outputs/embeddings_ECAPA/train/03-01-06-02-02-02-13.npy,96,02-01-06-02-02-02-13,data/raw/ravdess/video_speech/Video_Speech_Actor_13/Actor_13/02-01-06-02-02-02-13.mp4,5,fearful,/home/tonyhe/ravdess_avfusion/external/video_face_branch/early_fusion_facial_v2/fusion_pack_5f/sequences/02-01-06-02-02-02-13.npy,5,2048,canonical_02,canonical_02,0.079079,0.086174,0.124277,0.093962,0.100547,0.259223,0.14864,0.108098,0.015532267838716507,0.008350760210305452,0.007079906016588211,0.0063120022416114805,0.004024379909969867,0.9243913888931274,0.021387776359915733,0.012921506259590387
01-06-02-02-02-14,train,14,5,fearful,06,02,02,02,03-01-06-02-02-02-14,data/raw/ravdess/audio_speech/Audio_Speech_Actors_01-24/Actor_14/03-01-06-02-02-02-14.wav,5,fearful,/home/tonyhe/ravdess_avfusion/external/audio_ser_speechbrain/speechbrain-develop-main/outputs/embeddings_ECAPA/train/03-01-06-02-02-02-14.npy,96,02-01-06-02-02-02-14,data/raw/ravdess/video_speech/Video_Speech_Actor_14/Actor_14/02-01-06-02-02-02-14.mp4,5,fearful,/home/tonyhe/ravdess_avfusion/external/video_face_branch/early_fusion_facial_v2/fusion_pack_5f/sequences/02-01-06-02-02-02-14.npy,5,2048,canonical_02,canonical_02,0.102946,0.107534,0.119314,0.105541,0.084567,0.271336,0.102637,0.106124,0.01776980925351381,0.00961607862263918,0.009790802374482155,0.018007457628846167,0.014001142233610153,0.9109226584434509,0.011326663941144944,0.008565464057028294
01-06-02-02-02-15,train,15,5,fearful,06,02,02,02,03-01-06-02-02-02-15,data/raw/ravdess/audio_speech/Audio_Speech_Actors_01-24/Actor_15/03-01-06-02-02-02-15.wav,5,fearful,/home/tonyhe/ravdess_avfusion/external/audio_ser_speechbrain/speechbrain-develop-main/outputs/embeddings_ECAPA/train/03-01-06-02-02-02-15.npy,96,02-01-06-02-02-02-15,data/raw/ravdess/video_speech/Video_Speech_Actor_15/Actor_15/02-01-06-02-02-02-15.mp4,5,fearful,/home/tonyhe/ravdess_avfusion/data/processed/video/backfill_actor15/sequence_embeddings_5f/train/02-01-06-02-02-02-15.npy,5,2048,backfill_actor15,backfill_actor15,0.10863,0.070027,0.095274,0.097188,0.113803,0.236842,0.132581,0.145655,0.06021767854690552,0.030039260163903236,0.029755353927612305,0.08088748157024384,0.1537756323814392,0.489865243434906,0.03278536722064018,0.12267398834228516
01-06-02-02-02-16,train,16,5,fearful,06,02,02,02,03-01-06-02-02-02-16,data/raw/ravdess/audio_speech/Audio_Speech_Actors_01-24/Actor_16/03-01-06-02-02-02-16.wav,5,fearful,/home/tonyhe/ravdess_avfusion/external/audio_ser_speechbrain/speechbrain-develop-main/outputs/embeddings_ECAPA/train/03-01-06-02-02-02-16.npy,96,02-01-06-02-02-02-16,data/raw/ravdess/video_speech/Video_Speech_Actor_16/Actor_16/02-01-06-02-02-02-16.mp4,5,fearful,/home/tonyhe/ravdess_avfusion/external/video_face_branch/early_fusion_facial_v2/fusion_pack_5f/sequences/02-01-06-02-02-02-16.npy,5,2048,canonical_02,canonical_02,0.132074,0.104119,0.115506,0.104664,0.105666,0.251789,0.108438,0.077745,0.022293827310204507,0.0098366167396307,0.00927334064617753,0.009431873634457588,0.009005274530500174,0.9191098809242249,0.013201696053147315,0.00784745765849948
01-07-01-01-01-01,train,1,6,disgust,07,01,01,01,03-01-07-01-01-01-01,data/raw/ravdess/audio_speech/Audio_Speech_Actors_01-24/Actor_01/03-01-07-01-01-01-01.wav,6,disgust,/home/tonyhe/ravdess_avfusion/external/audio_ser_speechbrain/speechbrain-develop-main/outputs/embeddings_ECAPA/train/03-01-07-01-01-01-01.npy,96,02-01-07-01-01-01-01,data/raw/ravdess/video_speech/Video_Speech_Actor_01/Actor_01/02-01-07-01-01-01-01.mp4,6,disgust,/home/tonyhe/ravdess_avfusion/external/video_face_branch/early_fusion_facial_v2/fusion_pack_5f/sequences/02-01-07-01-01-01-01.npy,5,2048,canonical_02,canonical_02,0.111167,0.104485,0.129407,0.084901,0.147553,0.083099,0.238227,0.101161,0.014784124679863453,0.01151836309581995,0.006682819686830044,0.007477858103811741,0.0067680953070521355,0.006572721619158983,0.9374684929847718,0.008727542590349913
01-07-01-01-01-02,train,2,6,disgust,07,01,01,01,03-01-07-01-01-01-02,data/raw/ravdess/audio_speech/Audio_Speech_Actors_01-24/Actor_02/03-01-07-01-01-01-02.wav,6,disgust,/home/tonyhe/ravdess_avfusion/external/audio_ser_speechbrain/speechbrain-develop-main/outputs/embeddings_ECAPA/train/03-01-07-01-01-01-02.npy,96,02-01-07-01-01-01-02,data/raw/ravdess/video_speech/Video_Speech_Actor_02/Actor_02/02-01-07-01-01-01-02.mp4,6,disgust,/home/tonyhe/ravdess_avfusion/external/video_face_branch/early_fusion_facial_v2/fusion_pack_5f/sequences/02-01-07-01-01-01-02.npy,5,2048,canonical_02,canonical_02,0.114105,0.089024,0.103223,0.103344,0.09369,0.101608,0.271598,0.123408,0.016822585836052895,0.007511728815734387,0.007148243859410286,0.008504381310194731,0.009187288954854012,0.007495420612394809,0.937199878692627,0.006130475737154484
01-07-01-01-01-03,train,3,6,disgust,07,01,01,01,03-01-07-01-01-01-03,data/raw/ravdess/audio_speech/Audio_Speech_Actors_01-24/Actor_03/03-01-07-01-01-01-03.wav,6,disgust,/home/tonyhe/ravdess_avfusion/external/audio_ser_speechbrain/speechbrain-develop-main/outputs/embeddings_ECAPA/train/03-01-07-01-01-01-03.npy,96,02-01-07-01-01-01-03,data/raw/ravdess/video_speech/Video_Speech_Actor_03/Actor_03/02-01-07-01-01-01-03.mp4,6,disgust,/home/tonyhe/ravdess_avfusion/external/video_face_branch/early_fusion_facial_v2/fusion_pack_5f/sequences/02-01-07-01-01-01-03.npy,5,2048,canonical_02,canonical_02,0.095801,0.076216,0.105971,0.091645,0.107303,0.127759,0.268197,0.127109,0.017635588347911835,0.008294408861547708,0.007744581997394561,0.009233260527253151,0.008539001271128655,0.008689205348491668,0.9282928943634033,0.0115711010992527
01-07-01-01-01-04,train,4,6,disgust,07,01,01,01,03-01-07-01-01-01-04,data/raw/ravdess/audio_speech/Audio_Speech_Actors_01-24/Actor_04/03-01-07-01-01-01-04.wav,6,disgust,/home/tonyhe/ravdess_avfusion/external/audio_ser_speechbrain/speechbrain-develop-main/outputs/embeddings_ECAPA/train/03-01-07-01-01-01-04.npy,96,02-01-07-01-01-01-04,data/raw/ravdess/video_speech/Video_Speech_Actor_04/Actor_04/02-01-07-01-01-01-04.mp4,6,disgust,/home/tonyhe/ravdess_avfusion/external/video_face_branch/early_fusion_facial_v2/fusion_pack_5f/sequences/02-01-07-01-01-01-04.npy,5,2048,canonical_02,canonical_02,0.08998,0.096537,0.093811,0.109426,0.135287,0.082683,0.240111,0.152166,0.01683912202715874,0.00927694896236062,0.00800310424529016,0.00817082468420267,0.008863287698477506,0.008073990326374769,0.9323610067367554,0.008411735855042934
01-07-01-01-01-05,train,5,6,disgust,07,01,01,01,03-01-07-01-01-01-05,data/raw/ravdess/audio_speech/Audio_Speech_Actors_01-24/Actor_05/03-01-07-01-01-01-05.wav,6,disgust,/home/tonyhe/ravdess_avfusion/external/audio_ser_speechbrain/speechbrain-develop-main/outputs/embeddings_ECAPA/train/03-01-07-01-01-01-05.npy,96,02-01-07-01-01-01-05,data/raw/ravdess/video_speech/Video_Speech_Actor_05/Actor_05/02-01-07-01-01-01-05.mp4,6,disgust,/home/tonyhe/ravdess_avfusion/external/video_face_branch/early_fusion_facial_v2/fusion_pack_5f/sequences/02-01-07-01-01-01-05.npy,5,2048,canonical_02,canonical_02,0.148583,0.134879,0.079453,0.084084,0.122538,0.091596,0.229561,0.109307,0.022144755721092223,0.012035849690437316,0.009117572382092477,0.0083969010040164,0.008445855136960745,0.009764116164296866,0.919739043712616,0.010355933010578156
01-07-01-01-01-06,train,6,6,disgust,07,01,01,01,03-01-07-01-01-01-06,data/raw/ravdess/audio_speech/Audio_Speech_Actors_01-24/Actor_06/03-01-07-01-01-01-06.wav,6,disgust,/home/tonyhe/ravdess_avfusion/external/audio_ser_speechbrain/speechbrain-develop-main/outputs/embeddings_ECAPA/train/03-01-07-01-01-01-06.npy,96,02-01-07-01-01-01-06,data/raw/ravdess/video_speech/Video_Speech_Actor_06/Actor_06/02-01-07-01-01-01-06.mp4,6,disgust,/home/tonyhe/ravdess_avfusion/external/video_face_branch/early_fusion_facial_v2/fusion_pack_5f/sequences/02-01-07-01-01-01-06.npy,5,2048,canonical_02,canonical_02,0.092038,0.145949,0.085862,0.107061,0.10615,0.114562,0.235957,0.11242,0.016584253683686257,0.009374115336686372,0.007097163796424865,0.01059086611494422,0.0066400433890521525,0.007153614144772291,0.9346434593200683,0.007916485611349344
01-07-01-01-01-07,train,7,6,disgust,07,01,01,01,03-01-07-01-01-01-07,data/raw/ravdess/audio_speech/Audio_Speech_Actors_01-24/Actor_07/03-01-07-01-01-01-07.wav,6,disgust,/home/tonyhe/ravdess_avfusion/external/audio_ser_speechbrain/speechbrain-develop-main/outputs/embeddings_ECAPA/train/03-01-07-01-01-01-07.npy,96,02-01-07-01-01-01-07,data/raw/ravdess/video_speech/Video_Speech_Actor_07/Actor_07/02-01-07-01-01-01-07.mp4,6,disgust,/home/tonyhe/ravdess_avfusion/external/video_face_branch/early_fusion_facial_v2/fusion_pack_5f/sequences/02-01-07-01-01-01-07.npy,5,2048,canonical_02,canonical_02,0.086484,0.10847,0.097403,0.094267,0.11973,0.09705,0.2475,0.149096,0.01807049922645092,0.010929657891392709,0.00888254577293992,0.00952925644814968,0.00968739204108715,0.008399196900427341,0.9229995965957641,0.011501803249120712
01-07-01-01-01-08,train,8,6,disgust,07,01,01,01,03-01-07-01-01-01-08,data/raw/ravdess/audio_speech/Audio_Speech_Actors_01-24/Actor_08/03-01-07-01-01-01-08.wav,6,disgust,/home/tonyhe/ravdess_avfusion/external/audio_ser_speechbrain/speechbrain-develop-main/outputs/embeddings_ECAPA/train/03-01-07-01-01-01-08.npy,96,02-01-07-01-01-01-08,data/raw/ravdess/video_speech/Video_Speech_Actor_08/Actor_08/02-01-07-01-01-01-08.mp4,6,disgust,/home/tonyhe/ravdess_avfusion/external/video_face_branch/early_fusion_facial_v2/fusion_pack_5f/sequences/02-01-07-01-01-01-08.npy,5,2048,canonical_02,canonical_02,0.118729,0.091017,0.104115,0.089412,0.103982,0.076854,0.252096,0.163794,0.01839681789278984,0.008621217869222163,0.007573228143155575,0.012716501764953137,0.009769917279481889,0.008253929670900106,0.926568615436554,0.008099764864891768
01-07-01-01-01-09,train,9,6,disgust,07,01,01,01,03-01-07-01-01-01-09,data/raw/ravdess/audio_speech/Audio_Speech_Actors_01-24/Actor_09/03-01-07-01-01-01-09.wav,6,disgust,/home/tonyhe/ravdess_avfusion/external/audio_ser_speechbrain/speechbrain-develop-main/outputs/embeddings_ECAPA/train/03-01-07-01-01-01-09.npy,96,02-01-07-01-01-01-09,data/raw/ravdess/video_speech/Video_Speech_Actor_09/Actor_09/02-01-07-01-01-01-09.mp4,6,disgust,/home/tonyhe/ravdess_avfusion/external/video_face_branch/early_fusion_facial_v2/fusion_pack_5f/sequences/02-01-07-01-01-01-09.npy,5,2048,canonical_02,canonical_02,0.122768,0.093458,0.113825,0.106058,0.091057,0.076293,0.257671,0.138871,0.021362904086709024,0.010068065859377385,0.010805691964924336,0.00914334487169981,0.011175593174993993,0.009658312425017357,0.9179070591926575,0.009879003651440144
01-07-01-01-01-10,train,10,6,disgust,07,01,01,01,03-01-07-01-01-01-10,data/raw/ravdess/audio_speech/Audio_Speech_Actors_01-24/Actor_10/03-01-07-01-01-01-10.wav,6,disgust,/home/tonyhe/ravdess_avfusion/external/audio_ser_speechbrain/speechbrain-develop-main/outputs/embeddings_ECAPA/train/03-01-07-01-01-01-10.npy,96,02-01-07-01-01-01-10,data/raw/ravdess/video_speech/Video_Speech_Actor_10/Actor_10/02-01-07-01-01-01-10.mp4,6,disgust,/home/tonyhe/ravdess_avfusion/external/video_face_branch/early_fusion_facial_v2/fusion_pack_5f/sequences/02-01-07-01-01-01-10.npy,5,2048,canonical_02,canonical_02,0.110858,0.101122,0.083874,0.112489,0.092788,0.118093,0.261378,0.119398,0.01935455556958914,0.010067855194211005,0.00686426954343915,0.010150016751140356,0.008622353058308363,0.009089471213519574,0.9276700735092163,0.008181383274495602
01-07-01-01-01-11,train,11,6,disgust,07,01,01,01,03-01-07-01-01-01-11,data/raw/ravdess/audio_speech/Audio_Speech_Actors_01-24/Actor_11/03-01-07-01-01-01-11.wav,6,disgust,/home/tonyhe/ravdess_avfusion/external/audio_ser_speechbrain/speechbrain-develop-main/outputs/embeddings_ECAPA/train/03-01-07-01-01-01-11.npy,96,02-01-07-01-01-01-11,data/raw/ravdess/video_speech/Video_Speech_Actor_11/Actor_11/02-01-07-01-01-01-11.mp4,6,disgust,/home/tonyhe/ravdess_avfusion/external/video_face_branch/early_fusion_facial_v2/fusion_pack_5f/sequences/02-01-07-01-01-01-11.npy,5,2048,canonical_02,canonical_02,0.097568,0.099115,0.112248,0.094603,0.120786,0.087294,0.267755,0.120632,0.018566016852855683,0.008862464316189289,0.00871351445093751,0.007903845794498921,0.010961093846708536,0.007733150478452444,0.9283410549163819,0.008918865956366063
01-07-01-01-01-12,train,12,6,disgust,07,01,01,01,03-01-07-01-01-01-12,data/raw/ravdess/audio_speech/Audio_Speech_Actors_01-24/Actor_12/03-01-07-01-01-01-12.wav,6,disgust,/home/tonyhe/ravdess_avfusion/external/audio_ser_speechbrain/speechbrain-develop-main/outputs/embeddings_ECAPA/train/03-01-07-01-01-01-12.npy,96,02-01-07-01-01-01-12,data/raw/ravdess/video_speech/Video_Speech_Actor_12/Actor_12/02-01-07-01-01-01-12.mp4,6,disgust,/home/tonyhe/ravdess_avfusion/external/video_face_branch/early_fusion_facial_v2/fusion_pack_5f/sequences/02-01-07-01-01-01-12.npy,5,2048,canonical_02,canonical_02,0.105676,0.083088,0.097657,0.113699,0.08674,0.105274,0.261297,0.146571,0.02378951422870159,0.006309089483693242,0.006147036072798073,0.007992286933586001,0.005934094195254147,0.005794437788426876,0.9371333241462707,0.0069002581294626
01-07-01-01-01-13,train,13,6,disgust,07,01,01,01,03-01-07-01-01-01-13,data/raw/ravdess/audio_speech/Audio_Speech_Actors_01-24/Actor_13/03-01-07-01-01-01-13.wav,6,disgust,/home/tonyhe/ravdess_avfusion/external/audio_ser_speechbrain/speechbrain-develop-main/outputs/embeddings_ECAPA/train/03-01-07-01-01-01-13.npy,96,02-01-07-01-01-01-13,data/raw/ravdess/video_speech/Video_Speech_Actor_13/Actor_13/02-01-07-01-01-01-13.mp4,6,disgust,/home/tonyhe/ravdess_avfusion/external/video_face_branch/early_fusion_facial_v2/fusion_pack_5f/sequences/02-01-07-01-01-01-13.npy,5,2048,canonical_02,canonical_02,0.126477,0.130422,0.084898,0.091238,0.113321,0.092203,0.242867,0.118575,0.01894262321293354,0.008968477137386799,0.007883640937507153,0.007214845810085535,0.007951266039162875,0.007491348311305046,0.9321452856063843,0.009402507171034812
01-07-01-01-01-14,train,14,6,disgust,07,01,01,01,03-01-07-01-01-01-14,data/raw/ravdess/audio_speech/Audio_Speech_Actors_01-24/Actor_14/03-01-07-01-01-01-14.wav,6,disgust,/home/tonyhe/ravdess_avfusion/external/audio_ser_speechbrain/speechbrain-develop-main/outputs/embeddings_ECAPA/train/03-01-07-01-01-01-14.npy,96,02-01-07-01-01-01-14,data/raw/ravdess/video_speech/Video_Speech_Actor_14/Actor_14/02-01-07-01-01-01-14.mp4,6,disgust,/home/tonyhe/ravdess_avfusion/external/video_face_branch/early_fusion_facial_v2/fusion_pack_5f/sequences/02-01-07-01-01-01-14.npy,5,2048,canonical_02,canonical_02,0.075757,0.125052,0.119696,0.114416,0.094435,0.115478,0.235069,0.120097,0.019261657260358334,0.007130489638075233,0.00964609906077385,0.006677600229158998,0.007465911749750376,0.006517410604283213,0.9353652596473694,0.007935632020235062
01-07-01-01-01-15,train,15,6,disgust,07,01,01,01,03-01-07-01-01-01-15,data/raw/ravdess/audio_speech/Audio_Speech_Actors_01-24/Actor_15/03-01-07-01-01-01-15.wav,6,disgust,/home/tonyhe/ravdess_avfusion/external/audio_ser_speechbrain/speechbrain-develop-main/outputs/embeddings_ECAPA/train/03-01-07-01-01-01-15.npy,96,02-01-07-01-01-01-15,data/raw/ravdess/video_speech/Video_Speech_Actor_15/Actor_15/02-01-07-01-01-01-15.mp4,6,disgust,/home/tonyhe/ravdess_avfusion/data/processed/video/backfill_actor15/sequence_embeddings_5f/train/02-01-07-01-01-01-15.npy,5,2048,backfill_actor15,backfill_actor15,0.10443,0.109275,0.091029,0.099261,0.085033,0.117898,0.260687,0.132388,0.023765087127685547,0.052789945155382156,0.038654688745737076,0.19909846782684326,0.03171798959374428,0.16148242354393005,0.44251155853271484,0.04997977614402771
01-07-01-01-01-16,train,16,6,disgust,07,01,01,01,03-01-07-01-01-01-16,data/raw/ravdess/audio_speech/Audio_Speech_Actors_01-24/Actor_16/03-01-07-01-01-01-16.wav,6,disgust,/home/tonyhe/ravdess_avfusion/external/audio_ser_speechbrain/speechbrain-develop-main/outputs/embeddings_ECAPA/train/03-01-07-01-01-01-16.npy,96,02-01-07-01-01-01-16,data/raw/ravdess/video_speech/Video_Speech_Actor_16/Actor_16/02-01-07-01-01-01-16.mp4,6,disgust,/home/tonyhe/ravdess_avfusion/external/video_face_branch/early_fusion_facial_v2/fusion_pack_5f/sequences/02-01-07-01-01-01-16.npy,5,2048,canonical_02,canonical_02,0.09763,0.08289,0.114521,0.079561,0.118694,0.114986,0.267885,0.123833,0.01764519177377224,0.009150108322501183,0.007986367680132389,0.008302120305597783,0.009696134831756353,0.008787751011550427,0.9271157383918762,0.011316558718681336
01-07-01-01-02-01,train,1,6,disgust,07,01,01,02,03-01-07-01-01-02-01,data/raw/ravdess/audio_speech/Audio_Speech_Actors_01-24/Actor_01/03-01-07-01-01-02-01.wav,6,disgust,/home/tonyhe/ravdess_avfusion/external/audio_ser_speechbrain/speechbrain-develop-main/outputs/embeddings_ECAPA/train/03-01-07-01-01-02-01.npy,96,02-01-07-01-01-02-01,data/raw/ravdess/video_speech/Video_Speech_Actor_01/Actor_01/02-01-07-01-01-02-01.mp4,6,disgust,/home/tonyhe/ravdess_avfusion/external/video_face_branch/early_fusion_facial_v2/fusion_pack_5f/sequences/02-01-07-01-01-02-01.npy,5,2048,canonical_02,canonical_02,0.103365,0.110716,0.13737,0.073838,0.091364,0.10329,0.25608,0.123978,0.01809314526617527,0.009926571883261204,0.0074721891433000565,0.007101780083030462,0.007235355861485005,0.008744171913713216,0.9279853701591492,0.013441385887563228
01-07-01-01-02-02,train,2,6,disgust,07,01,01,02,03-01-07-01-01-02-02,data/raw/ravdess/audio_speech/Audio_Speech_Actors_01-24/Actor_02/03-01-07-01-01-02-02.wav,6,disgust,/home/tonyhe/ravdess_avfusion/external/audio_ser_speechbrain/speechbrain-develop-main/outputs/embeddings_ECAPA/train/03-01-07-01-01-02-02.npy,96,02-01-07-01-01-02-02,data/raw/ravdess/video_speech/Video_Speech_Actor_02/Actor_02/02-01-07-01-01-02-02.mp4,6,disgust,/home/tonyhe/ravdess_avfusion/external/video_face_branch/early_fusion_facial_v2/fusion_pack_5f/sequences/02-01-07-01-01-02-02.npy,5,2048,canonical_02,canonical_02,0.124226,0.081428,0.114499,0.104615,0.087154,0.11026,0.260922,0.116896,0.01956399865448475,0.007684231828898191,0.009556252416223288,0.01808246932923794,0.007263936847448349,0.007498584361746908,0.9230129599571228,0.007337532145902515
01-07-01-01-02-03,train,3,6,disgust,07,01,01,02,03-01-07-01-01-02-03,data/raw/ravdess/audio_speech/Audio_Speech_Actors_01-24/Actor_03/03-01-07-01-01-02-03.wav,6,disgust,/home/tonyhe/ravdess_avfusion/external/audio_ser_speechbrain/speechbrain-develop-main/outputs/embeddings_ECAPA/train/03-01-07-01-01-02-03.npy,96,02-01-07-01-01-02-03,data/raw/ravdess/video_speech/Video_Speech_Actor_03/Actor_03/02-01-07-01-01-02-03.mp4,6,disgust,/home/tonyhe/ravdess_avfusion/external/video_face_branch/early_fusion_facial_v2/fusion_pack_5f/sequences/02-01-07-01-01-02-03.npy,5,2048,canonical_02,canonical_02,0.102528,0.080672,0.092963,0.085127,0.146155,0.119707,0.248803,0.124046,0.018865544348955154,0.00976256262511015,0.008936316892504691,0.009832046926021576,0.009764062706381083,0.010765873547643422,0.9193638086318969,0.012709791585803033
01-07-01-01-02-04,train,4,6,disgust,07,01,01,02,03-01-07-01-01-02-04,data/raw/ravdess/audio_speech/Audio_Speech_Actors_01-24/Actor_04/03-01-07-01-01-02-04.wav,6,disgust,/home/tonyhe/ravdess_avfusion/external/audio_ser_speechbrain/speechbrain-develop-main/outputs/embeddings_ECAPA/train/03-01-07-01-01-02-04.npy,96,02-01-07-01-01-02-04,data/raw/ravdess/video_speech/Video_Speech_Actor_04/Actor_04/02-01-07-01-01-02-04.mp4,6,disgust,/home/tonyhe/ravdess_avfusion/external/video_face_branch/early_fusion_facial_v2/fusion_pack_5f/sequences/02-01-07-01-01-02-04.npy,5,2048,canonical_02,canonical_02,0.088122,0.078709,0.11234,0.108418,0.101708,0.098407,0.26435,0.147947,0.021046274900436403,0.013823812082409858,0.010440153628587722,0.009970825538039208,0.009092796407639981,0.008106571435928345,0.9157091498374939,0.011810390464961528
01-07-01-01-02-05,train,5,6,disgust,07,01,01,02,03-01-07-01-01-02-05,data/raw/ravdess/audio_speech/Audio_Speech_Actors_01-24/Actor_05/03-01-07-01-01-02-05.wav,6,disgust,/home/tonyhe/ravdess_avfusion/external/audio_ser_speechbrain/speechbrain-develop-main/outputs/embeddings_ECAPA/train/03-01-07-01-01-02-05.npy,96,02-01-07-01-01-02-05,data/raw/ravdess/video_speech/Video_Speech_Actor_05/Actor_05/02-01-07-01-01-02-05.mp4,6,disgust,/home/tonyhe/ravdess_avfusion/external/video_face_branch/early_fusion_facial_v2/fusion_pack_5f/sequences/02-01-07-01-01-02-05.npy,5,2048,canonical_02,canonical_02,0.125133,0.093685,0.074719,0.086852,0.133311,0.105231,0.245348,0.135722,0.015388025250285865,0.007657539844512939,0.006405487935990095,0.006075957976281643,0.005521598923951388,0.0061149098444730045,0.9462971091270447,0.006539353216066956
01-07-01-01-02-06,train,6,6,disgust,07,01,01,02,03-01-07-01-01-02-06,data/raw/ravdess/audio_speech/Audio_Speech_Actors_01-24/Actor_06/03-01-07-01-01-02-06.wav,6,disgust,/home/tonyhe/ravdess_avfusion/external/audio_ser_speechbrain/speechbrain-develop-main/outputs/embeddings_ECAPA/train/03-01-07-01-01-02-06.npy,96,02-01-07-01-01-02-06,data/raw/ravdess/video_speech/Video_Speech_Actor_06/Actor_06/02-01-07-01-01-02-06.mp4,6,disgust,/home/tonyhe/ravdess_avfusion/external/video_face_branch/early_fusion_facial_v2/fusion_pack_5f/sequences/02-01-07-01-01-02-06.npy,5,2048,canonical_02,canonical_02,0.083754,0.135738,0.092689,0.126039,0.101953,0.134332,0.221311,0.104184,0.015852946415543558,0.009804730117321015,0.007082556001842022,0.0079176920466125,0.008539556339383126,0.0077142427675426,0.9351483225822449,0.00793996211141348
01-07-01-01-02-07,train,7,6,disgust,07,01,01,02,03-01-07-01-01-02-07,data/raw/ravdess/audio_speech/Audio_Speech_Actors_01-24/Actor_07/03-01-07-01-01-02-07.wav,6,disgust,/home/tonyhe/ravdess_avfusion/external/audio_ser_speechbrain/speechbrain-develop-main/outputs/embeddings_ECAPA/train/03-01-07-01-01-02-07.npy,96,02-01-07-01-01-02-07,data/raw/ravdess/video_speech/Video_Speech_Actor_07/Actor_07/02-01-07-01-01-02-07.mp4,6,disgust,/home/tonyhe/ravdess_avfusion/external/video_face_branch/early_fusion_facial_v2/fusion_pack_5f/sequences/02-01-07-01-01-02-07.npy,5,2048,canonical_02,canonical_02,0.097294,0.088629,0.128875,0.073807,0.108831,0.100713,0.259718,0.142133,0.019381206855177878,0.009579486586153508,0.008741643838584423,0.010026409104466439,0.009625754784792662,0.00884268069639802,0.9232925534248352,0.010510247386991977
01-07-01-01-02-08,train,8,6,disgust,07,01,01,02,03-01-07-01-01-02-08,data/raw/ravdess/audio_speech/Audio_Speech_Actors_01-24/Actor_08/03-01-07-01-01-02-08.wav,6,disgust,/home/tonyhe/ravdess_avfusion/external/audio_ser_speechbrain/speechbrain-develop-main/outputs/embeddings_ECAPA/train/03-01-07-01-01-02-08.npy,96,02-01-07-01-01-02-08,data/raw/ravdess/video_speech/Video_Speech_Actor_08/Actor_08/02-01-07-01-01-02-08.mp4,6,disgust,/home/tonyhe/ravdess_avfusion/external/video_face_branch/early_fusion_facial_v2/fusion_pack_5f/sequences/02-01-07-01-01-02-08.npy,5,2048,canonical_02,canonical_02,0.113647,0.097349,0.089407,0.118937,0.140436,0.084458,0.245875,0.109892,0.018995968997478484,0.008683879300951958,0.007885359693318605,0.012124191783368588,0.00962140243500471,0.007733075227588415,0.9260008215904236,0.008955288492143155
01-07-01-01-02-09,train,9,6,disgust,07,01,01,02,03-01-07-01-01-02-09,data/raw/ravdess/audio_speech/Audio_Speech_Actors_01-24/Actor_09/03-01-07-01-01-02-09.wav,6,disgust,/home/tonyhe/ravdess_avfusion/external/audio_ser_speechbrain/speechbrain-develop-main/outputs/embeddings_ECAPA/train/03-01-07-01-01-02-09.npy,96,02-01-07-01-01-02-09,data/raw/ravdess/video_speech/Video_Speech_Actor_09/Actor_09/02-01-07-01-01-02-09.mp4,6,disgust,/home/tonyhe/ravdess_avfusion/external/video_face_branch/early_fusion_facial_v2/fusion_pack_5f/sequences/02-01-07-01-01-02-09.npy,5,2048,canonical_02,canonical_02,0.115695,0.092623,0.094191,0.119461,0.111847,0.077697,0.251942,0.136544,0.01999449674040079,0.009856710582971573,0.008416620362550021,0.00918667959049344,0.01028484497219324,0.007867970690131187,0.9263359785079956,0.008056672010570764
01-07-01-01-02-10,train,10,6,disgust,07,01,01,02,03-01-07-01-01-02-10,data/raw/ravdess/audio_speech/Audio_Speech_Actors_01-24/Actor_10/03-01-07-01-01-02-10.wav,6,disgust,/home/tonyhe/ravdess_avfusion/external/audio_ser_speechbrain/speechbrain-develop-main/outputs/embeddings_ECAPA/train/03-01-07-01-01-02-10.npy,96,02-01-07-01-01-02-10,data/raw/ravdess/video_speech/Video_Speech_Actor_10/Actor_10/02-01-07-01-01-02-10.mp4,6,disgust,/home/tonyhe/ravdess_avfusion/external/video_face_branch/early_fusion_facial_v2/fusion_pack_5f/sequences/02-01-07-01-01-02-10.npy,5,2048,canonical_02,canonical_02,0.121276,0.106452,0.091639,0.108418,0.082038,0.107876,0.258611,0.123689,0.022610141709446908,0.013674811646342277,0.010021542757749557,0.09790063053369522,0.009890313725918531,0.013776179775595665,0.8240308046340943,0.008095559570938349
01-07-01-01-02-11,train,11,6,disgust,07,01,01,02,03-01-07-01-01-02-11,data/raw/ravdess/audio_speech/Audio_Speech_Actors_01-24/Actor_11/03-01-07-01-01-02-11.wav,6,disgust,/home/tonyhe/ravdess_avfusion/external/audio_ser_speechbrain/speechbrain-develop-main/outputs/embeddings_ECAPA/train/03-01-07-01-01-02-11.npy,96,02-01-07-01-01-02-11,data/raw/ravdess/video_speech/Video_Speech_Actor_11/Actor_11/02-01-07-01-01-02-11.mp4,6,disgust,/home/tonyhe/ravdess_avfusion/external/video_face_branch/early_fusion_facial_v2/fusion_pack_5f/sequences/02-01-07-01-01-02-11.npy,5,2048,canonical_02,canonical_02,0.107321,0.09615,0.121262,0.097294,0.111977,0.080744,0.266706,0.118546,0.015602410212159157,0.0075923331081867215,0.0071707963943481445,0.007489350484684109,0.008565551694482565,0.007005868013948202,0.9383263945579529,0.008247273415327072
01-07-01-01-02-12,train,12,6,disgust,07,01,01,02,03-01-07-01-01-02-12,data/raw/ravdess/audio_speech/Audio_Speech_Actors_01-24/Actor_12/03-01-07-01-01-02-12.wav,6,disgust,/home/tonyhe/ravdess_avfusion/external/audio_ser_speechbrain/speechbrain-develop-main/outputs/embeddings_ECAPA/train/03-01-07-01-01-02-12.npy,96,02-01-07-01-01-02-12,data/raw/ravdess/video_speech/Video_Speech_Actor_12/Actor_12/02-01-07-01-01-02-12.mp4,6,disgust,/home/tonyhe/ravdess_avfusion/external/video_face_branch/early_fusion_facial_v2/fusion_pack_5f/sequences/02-01-07-01-01-02-12.npy,5,2048,canonical_02,canonical_02,0.126607,0.096999,0.101707,0.133982,0.09333,0.106883,0.243721,0.096771,0.014328416250646115,0.007313499273732304,0.0066314327996224165,0.008742092736065387,0.008790760952979326,0.008138497266918421,0.9398433566093445,0.00621195207349956
01-07-01-01-02-13,train,13,6,disgust,07,01,01,02,03-01-07-01-01-02-13,data/raw/ravdess/audio_speech/Audio_Speech_Actors_01-24/Actor_13/03-01-07-01-01-02-13.wav,6,disgust,/home/tonyhe/ravdess_avfusion/external/audio_ser_speechbrain/speechbrain-develop-main/outputs/embeddings_ECAPA/train/03-01-07-01-01-02-13.npy,96,02-01-07-01-01-02-13,data/raw/ravdess/video_speech/Video_Speech_Actor_13/Actor_13/02-01-07-01-01-02-13.mp4,6,disgust,/home/tonyhe/ravdess_avfusion/external/video_face_branch/early_fusion_facial_v2/fusion_pack_5f/sequences/02-01-07-01-01-02-13.npy,5,2048,canonical_02,canonical_02,0.118925,0.099304,0.081513,0.095744,0.10957,0.101834,0.259176,0.133935,0.019211610406637193,0.008557428140193224,0.008215294685214758,0.007426688447594643,0.00807688208296895,0.007905254140496254,0.9324886083602906,0.00811825143173337
01-07-01-01-02-14,train,14,6,disgust,07,01,01,02,03-01-07-01-01-02-14,data/raw/ravdess/audio_speech/Audio_Speech_Actors_01-24/Actor_14/03-01-07-01-01-02-14.wav,6,disgust,/home/tonyhe/ravdess_avfusion/external/audio_ser_speechbrain/speechbrain-develop-main/outputs/embeddings_ECAPA/train/03-01-07-01-01-02-14.npy,96,02-01-07-01-01-02-14,data/raw/ravdess/video_speech/Video_Speech_Actor_14/Actor_14/02-01-07-01-01-02-14.mp4,6,disgust,/home/tonyhe/ravdess_avfusion/external/video_face_branch/early_fusion_facial_v2/fusion_pack_5f/sequences/02-01-07-01-01-02-14.npy,5,2048,canonical_02,canonical_02,0.105249,0.075875,0.123305,0.082489,0.102779,0.09346,0.236174,0.18067,0.020516828075051306,0.008232819847762585,0.008854618482291698,0.008090075571089983,0.008175540622323752,0.007766168564558029,0.9271268725395203,0.011237082444131375
01-07-01-01-02-15,train,15,6,disgust,07,01,01,02,03-01-07-01-01-02-15,data/raw/ravdess/audio_speech/Audio_Speech_Actors_01-24/Actor_15/03-01-07-01-01-02-15.wav,6,disgust,/home/tonyhe/ravdess_avfusion/external/audio_ser_speechbrain/speechbrain-develop-main/outputs/embeddings_ECAPA/train/03-01-07-01-01-02-15.npy,96,02-01-07-01-01-02-15,data/raw/ravdess/video_speech/Video_Speech_Actor_15/Actor_15/02-01-07-01-01-02-15.mp4,6,disgust,/home/tonyhe/ravdess_avfusion/data/processed/video/backfill_actor15/sequence_embeddings_5f/train/02-01-07-01-01-02-15.npy,5,2048,backfill_actor15,backfill_actor15,0.104718,0.118361,0.133523,0.121481,0.112374,0.102563,0.229016,0.077964,0.011677936650812626,0.006773115135729313,0.009375417605042458,0.02586284838616848,0.03605995699763298,0.0074652754701673985,0.8984814882278442,0.004304074682295322
01-07-01-01-02-16,train,16,6,disgust,07,01,01,02,03-01-07-01-01-02-16,data/raw/ravdess/audio_speech/Audio_Speech_Actors_01-24/Actor_16/03-01-07-01-01-02-16.wav,6,disgust,/home/tonyhe/ravdess_avfusion/external/audio_ser_speechbrain/speechbrain-develop-main/outputs/embeddings_ECAPA/train/03-01-07-01-01-02-16.npy,96,02-01-07-01-01-02-16,data/raw/ravdess/video_speech/Video_Speech_Actor_16/Actor_16/02-01-07-01-01-02-16.mp4,6,disgust,/home/tonyhe/ravdess_avfusion/external/video_face_branch/early_fusion_facial_v2/fusion_pack_5f/sequences/02-01-07-01-01-02-16.npy,5,2048,canonical_02,canonical_02,0.102572,0.06879,0.130775,0.085367,0.10383,0.105643,0.259715,0.143309,0.015271567646414042,0.007155851647257805,0.006949814036488533,0.007897970359772443,0.008810018375515937,0.008263183292001486,0.9371390223503113,0.008512551430612803
01-07-01-02-01-01,train,1,6,disgust,07,01,02,01,03-01-07-01-02-01-01,data/raw/ravdess/audio_speech/Audio_Speech_Actors_01-24/Actor_01/03-01-07-01-02-01-01.wav,6,disgust,/home/tonyhe/ravdess_avfusion/external/audio_ser_speechbrain/speechbrain-develop-main/outputs/embeddings_ECAPA/train/03-01-07-01-02-01-01.npy,96,02-01-07-01-02-01-01,data/raw/ravdess/video_speech/Video_Speech_Actor_01/Actor_01/02-01-07-01-02-01-01.mp4,6,disgust,/home/tonyhe/ravdess_avfusion/external/video_face_branch/early_fusion_facial_v2/fusion_pack_5f/sequences/02-01-07-01-02-01-01.npy,5,2048,canonical_02,canonical_02,0.114668,0.102318,0.11304,0.094826,0.103757,0.099949,0.267437,0.104005,0.018914741277694703,0.010972189903259277,0.007775349821895361,0.009143835678696633,0.007687375694513321,0.009182577580213546,0.9263498544692993,0.009974113199859858
01-07-01-02-01-02,train,2,6,disgust,07,01,02,01,03-01-07-01-02-01-02,data/raw/ravdess/audio_speech/Audio_Speech_Actors_01-24/Actor_02/03-01-07-01-02-01-02.wav,6,disgust,/home/tonyhe/ravdess_avfusion/external/audio_ser_speechbrain/speechbrain-develop-main/outputs/embeddings_ECAPA/train/03-01-07-01-02-01-02.npy,96,02-01-07-01-02-01-02,data/raw/ravdess/video_speech/Video_Speech_Actor_02/Actor_02/02-01-07-01-02-01-02.mp4,6,disgust,/home/tonyhe/ravdess_avfusion/external/video_face_branch/early_fusion_facial_v2/fusion_pack_5f/sequences/02-01-07-01-02-01-02.npy,5,2048,canonical_02,canonical_02,0.123429,0.097093,0.113819,0.112351,0.094275,0.089721,0.258852,0.11046,0.01914579849690199,0.00974186286330223,0.00856810538098216,0.010093294642865657,0.008442835696041585,0.008867599163204431,0.9257452845573425,0.009395240899175405
01-07-01-02-01-03,train,3,6,disgust,07,01,02,01,03-01-07-01-02-01-03,data/raw/ravdess/audio_speech/Audio_Speech_Actors_01-24/Actor_03/03-01-07-01-02-01-03.wav,6,disgust,/home/tonyhe/ravdess_avfusion/external/audio_ser_speechbrain/speechbrain-develop-main/outputs/embeddings_ECAPA/train/03-01-07-01-02-01-03.npy,96,02-01-07-01-02-01-03,data/raw/ravdess/video_speech/Video_Speech_Actor_03/Actor_03/02-01-07-01-02-01-03.mp4,6,disgust,/home/tonyhe/ravdess_avfusion/external/video_face_branch/early_fusion_facial_v2/fusion_pack_5f/sequences/02-01-07-01-02-01-03.npy,5,2048,canonical_02,canonical_02,0.088297,0.102328,0.096258,0.091035,0.095056,0.130955,0.259522,0.13655,0.01917921155691147,0.009980738535523415,0.007894380483776331,0.01009867824614048,0.009349940344691277,0.009643267560750245,0.9227197289466857,0.011134125478565692
01-07-01-02-01-04,train,4,6,disgust,07,01,02,01,03-01-07-01-02-01-04,data/raw/ravdess/audio_speech/Audio_Speech_Actors_01-24/Actor_04/03-01-07-01-02-01-04.wav,6,disgust,/home/tonyhe/ravdess_avfusion/external/audio_ser_speechbrain/speechbrain-develop-main/outputs/embeddings_ECAPA/train/03-01-07-01-02-01-04.npy,96,02-01-07-01-02-01-04,data/raw/ravdess/video_speech/Video_Speech_Actor_04/Actor_04/02-01-07-01-02-01-04.mp4,6,disgust,/home/tonyhe/ravdess_avfusion/external/video_face_branch/early_fusion_facial_v2/fusion_pack_5f/sequences/02-01-07-01-02-01-04.npy,5,2048,canonical_02,canonical_02,0.101691,0.091264,0.118042,0.122989,0.098858,0.081279,0.249551,0.136325,0.018735752254724503,0.012896554172039032,0.009382138587534427,0.008416908327490091,0.009035724215209484,0.0077556933276355265,0.9243245959281922,0.009452616050839423
01-07-01-02-01-05,train,5,6,disgust,07,01,02,01,03-01-07-01-02-01-05,data/raw/ravdess/audio_speech/Audio_Speech_Actors_01-24/Actor_05/03-01-07-01-02-01-05.wav,6,disgust,/home/tonyhe/ravdess_avfusion/external/audio_ser_speechbrain/speechbrain-develop-main/outputs/embeddings_ECAPA/train/03-01-07-01-02-01-05.npy,96,02-01-07-01-02-01-05,data/raw/ravdess/video_speech/Video_Speech_Actor_05/Actor_05/02-01-07-01-02-01-05.mp4,6,disgust,/home/tonyhe/ravdess_avfusion/external/video_face_branch/early_fusion_facial_v2/fusion_pack_5f/sequences/02-01-07-01-02-01-05.npy,5,2048,canonical_02,canonical_02,0.112329,0.140291,0.081874,0.101197,0.12429,0.106163,0.23311,0.100746,0.020625923946499824,0.011775337811559438,0.008447609096765517,0.008119800966233015,0.009209165070205926,0.008054825570434332,0.9242285132408142,0.009538870258256792
01-07-01-02-01-06,train,6,6,disgust,07,01,02,01,03-01-07-01-02-01-06,data/raw/ravdess/audio_speech/Audio_Speech_Actors_01-24/Actor_06/03-01-07-01-02-01-06.wav,6,disgust,/home/tonyhe/ravdess_avfusion/external/audio_ser_speechbrain/speechbrain-develop-main/outputs/embeddings_ECAPA/train/03-01-07-01-02-01-06.npy,96,02-01-07-01-02-01-06,data/raw/ravdess/video_speech/Video_Speech_Actor_06/Actor_06/02-01-07-01-02-01-06.mp4,6,disgust,/home/tonyhe/ravdess_avfusion/external/video_face_branch/early_fusion_facial_v2/fusion_pack_5f/sequences/02-01-07-01-02-01-06.npy,5,2048,canonical_02,canonical_02,0.103123,0.108772,0.09348,0.101127,0.089657,0.10285,0.256106,0.144885,0.02026066891849041,0.012905011139810085,0.008310267329216003,0.009486758522689343,0.0073087867349386215,0.009112229198217392,0.921182370185852,0.011433877050876617
01-07-01-02-01-07,train,7,6,disgust,07,01,02,01,03-01-07-01-02-01-07,data/raw/ravdess/audio_speech/Audio_Speech_Actors_01-24/Actor_07/03-01-07-01-02-01-07.wav,6,disgust,/home/tonyhe/ravdess_avfusion/external/audio_ser_speechbrain/speechbrain-develop-main/outputs/embeddings_ECAPA/train/03-01-07-01-02-01-07.npy,96,02-01-07-01-02-01-07,data/raw/ravdess/video_speech/Video_Speech_Actor_07/Actor_07/02-01-07-01-02-01-07.mp4,6,disgust,/home/tonyhe/ravdess_avfusion/external/video_face_branch/early_fusion_facial_v2/fusion_pack_5f/sequences/02-01-07-01-02-01-07.npy,5,2048,canonical_02,canonical_02,0.122569,0.106268,0.089629,0.086676,0.094081,0.092157,0.253834,0.154788,0.01706200893968344,0.00919811949133873,0.007096091657876969,0.010685814823955298,0.007327439729124308,0.007588284369558096,0.9335545897483826,0.007487669680267572
01-07-01-02-01-08,train,8,6,disgust,07,01,02,01,03-01-07-01-02-01-08,data/raw/ravdess/audio_speech/Audio_Speech_Actors_01-24/Actor_08/03-01-07-01-02-01-08.wav,6,disgust,/home/tonyhe/ravdess_avfusion/external/audio_ser_speechbrain/speechbrain-develop-main/outputs/embeddings_ECAPA/train/03-01-07-01-02-01-08.npy,96,02-01-07-01-02-01-08,data/raw/ravdess/video_speech/Video_Speech_Actor_08/Actor_08/02-01-07-01-02-01-08.mp4,6,disgust,/home/tonyhe/ravdess_avfusion/external/video_face_branch/early_fusion_facial_v2/fusion_pack_5f/sequences/02-01-07-01-02-01-08.npy,5,2048,canonical_02,canonical_02,0.118668,0.100999,0.082268,0.116809,0.106575,0.08948,0.25714,0.128061,0.0191458972170949,0.009393969736993312,0.008414734527468682,0.01001711068674922,0.009161051269620657,0.008347861748188735,0.9255136489868164,0.010005664359778167
01-07-01-02-01-09,train,9,6,disgust,07,01,02,01,03-01-07-01-02-01-09,data/raw/ravdess/audio_speech/Audio_Speech_Actors_01-24/Actor_09/03-01-07-01-02-01-09.wav,6,disgust,/home/tonyhe/ravdess_avfusion/external/audio_ser_speechbrain/speechbrain-develop-main/outputs/embeddings_ECAPA/train/03-01-07-01-02-01-09.npy,96,02-01-07-01-02-01-09,data/raw/ravdess/video_speech/Video_Speech_Actor_09/Actor_09/02-01-07-01-02-01-09.mp4,6,disgust,/home/tonyhe/ravdess_avfusion/external/video_face_branch/early_fusion_facial_v2/fusion_pack_5f/sequences/02-01-07-01-02-01-09.npy,5,2048,canonical_02,canonical_02,0.14652,0.085073,0.107857,0.095816,0.138726,0.07115,0.228374,0.126485,0.02057671919465065,0.00946958027780056,0.008916009403765201,0.010804085433483124,0.01043005995452404,0.008546213153749704,0.9222171425819397,0.00904020043089986
01-07-01-02-01-10,train,10,6,disgust,07,01,02,01,03-01-07-01-02-01-10,data/raw/ravdess/audio_speech/Audio_Speech_Actors_01-24/Actor_10/03-01-07-01-02-01-10.wav,6,disgust,/home/tonyhe/ravdess_avfusion/external/audio_ser_speechbrain/speechbrain-develop-main/outputs/embeddings_ECAPA/train/03-01-07-01-02-01-10.npy,96,02-01-07-01-02-01-10,data/raw/ravdess/video_speech/Video_Speech_Actor_10/Actor_10/02-01-07-01-02-01-10.mp4,6,disgust,/home/tonyhe/ravdess_avfusion/external/video_face_branch/early_fusion_facial_v2/fusion_pack_5f/sequences/02-01-07-01-02-01-10.npy,5,2048,canonical_02,canonical_02,0.130127,0.095298,0.075247,0.099248,0.112803,0.122343,0.250473,0.114461,0.0179966039955616,0.008435107208788395,0.0071955034509301186,0.00893988972529769,0.008574736025184392,0.007729772385209799,0.9328928232192993,0.008235567435622215
01-07-01-02-01-11,train,11,6,disgust,07,01,02,01,03-01-07-01-02-01-11,data/raw/ravdess/audio_speech/Audio_Speech_Actors_01-24/Actor_11/03-01-07-01-02-01-11.wav,6,disgust,/home/tonyhe/ravdess_avfusion/external/audio_ser_speechbrain/speechbrain-develop-main/outputs/embeddings_ECAPA/train/03-01-07-01-02-01-11.npy,96,02-01-07-01-02-01-11,data/raw/ravdess/video_speech/Video_Speech_Actor_11/Actor_11/02-01-07-01-02-01-11.mp4,6,disgust,/home/tonyhe/ravdess_avfusion/external/video_face_branch/early_fusion_facial_v2/fusion_pack_5f/sequences/02-01-07-01-02-01-11.npy,5,2048,canonical_02,canonical_02,0.120382,0.095642,0.126471,0.077671,0.098801,0.081587,0.248036,0.151412,0.018151423335075377,0.009239738620817662,0.008053646329790354,0.00860624983906746,0.009470705594867467,0.007970207743346691,0.9284782648086548,0.010029765218496323
01-07-01-02-01-12,train,12,6,disgust,07,01,02,01,03-01-07-01-02-01-12,data/raw/ravdess/audio_speech/Audio_Speech_Actors_01-24/Actor_12/03-01-07-01-02-01-12.wav,6,disgust,/home/tonyhe/ravdess_avfusion/external/audio_ser_speechbrain/speechbrain-develop-main/outputs/embeddings_ECAPA/train/03-01-07-01-02-01-12.npy,96,02-01-07-01-02-01-12,data/raw/ravdess/video_speech/Video_Speech_Actor_12/Actor_12/02-01-07-01-02-01-12.mp4,6,disgust,/home/tonyhe/ravdess_avfusion/external/video_face_branch/early_fusion_facial_v2/fusion_pack_5f/sequences/02-01-07-01-02-01-12.npy,5,2048,canonical_02,canonical_02,0.107656,0.089293,0.094569,0.097795,0.102588,0.097294,0.268901,0.141905,0.013517518434673548,0.005761610716581345,0.0055397651623934506,0.008415193669497967,0.00828219628892839,0.010429659672081471,0.9414626836776734,0.006591381272301078
01-07-01-02-01-13,train,13,6,disgust,07,01,02,01,03-01-07-01-02-01-13,data/raw/ravdess/audio_speech/Audio_Speech_Actors_01-24/Actor_13/03-01-07-01-02-01-13.wav,6,disgust,/home/tonyhe/ravdess_avfusion/external/audio_ser_speechbrain/speechbrain-develop-main/outputs/embeddings_ECAPA/train/03-01-07-01-02-01-13.npy,96,02-01-07-01-02-01-13,data/raw/ravdess/video_speech/Video_Speech_Actor_13/Actor_13/02-01-07-01-02-01-13.mp4,6,disgust,/home/tonyhe/ravdess_avfusion/external/video_face_branch/early_fusion_facial_v2/fusion_pack_5f/sequences/02-01-07-01-02-01-13.npy,5,2048,canonical_02,canonical_02,0.111638,0.10204,0.093123,0.083321,0.124994,0.090819,0.262165,0.131899,0.02271207682788372,0.010535215586423874,0.008523761294782162,0.012154550105333329,0.008296051342040301,0.011176887806504965,0.9173411369323731,0.009260313399136067
01-07-01-02-01-14,train,14,6,disgust,07,01,02,01,03-01-07-01-02-01-14,data/raw/ravdess/audio_speech/Audio_Speech_Actors_01-24/Actor_14/03-01-07-01-02-01-14.wav,6,disgust,/home/tonyhe/ravdess_avfusion/external/audio_ser_speechbrain/speechbrain-develop-main/outputs/embeddings_ECAPA/train/03-01-07-01-02-01-14.npy,96,02-01-07-01-02-01-14,data/raw/ravdess/video_speech/Video_Speech_Actor_14/Actor_14/02-01-07-01-02-01-14.mp4,6,disgust,/home/tonyhe/ravdess_avfusion/external/video_face_branch/early_fusion_facial_v2/fusion_pack_5f/sequences/02-01-07-01-02-01-14.npy,5,2048,canonical_02,canonical_02,0.10079,0.078097,0.108259,0.093605,0.123726,0.089122,0.251577,0.154824,0.016866858303546905,0.008188400231301785,0.006149515509605408,0.006109590642154217,0.008180347364395857,0.009141375683248043,0.9367564916610718,0.008607423771172762
01-07-01-02-01-15,train,15,6,disgust,07,01,02,01,03-01-07-01-02-01-15,data/raw/ravdess/audio_speech/Audio_Speech_Actors_01-24/Actor_15/03-01-07-01-02-01-15.wav,6,disgust,/home/tonyhe/ravdess_avfusion/external/audio_ser_speechbrain/speechbrain-develop-main/outputs/embeddings_ECAPA/train/03-01-07-01-02-01-15.npy,96,02-01-07-01-02-01-15,data/raw/ravdess/video_speech/Video_Speech_Actor_15/Actor_15/02-01-07-01-02-01-15.mp4,6,disgust,/home/tonyhe/ravdess_avfusion/data/processed/video/backfill_actor15/sequence_embeddings_5f/train/02-01-07-01-02-01-15.npy,5,2048,backfill_actor15,backfill_actor15,0.107788,0.086625,0.09907,0.130916,0.083522,0.096211,0.256195,0.139674,0.007228056434541941,0.006126978434622288,0.006610371172428131,0.1833638846874237,0.19462049007415771,0.00710327411070466,0.5913040637969971,0.0036428533494472504
01-07-01-02-01-16,train,16,6,disgust,07,01,02,01,03-01-07-01-02-01-16,data/raw/ravdess/audio_speech/Audio_Speech_Actors_01-24/Actor_16/03-01-07-01-02-01-16.wav,6,disgust,/home/tonyhe/ravdess_avfusion/external/audio_ser_speechbrain/speechbrain-develop-main/outputs/embeddings_ECAPA/train/03-01-07-01-02-01-16.npy,96,02-01-07-01-02-01-16,data/raw/ravdess/video_speech/Video_Speech_Actor_16/Actor_16/02-01-07-01-02-01-16.mp4,6,disgust,/home/tonyhe/ravdess_avfusion/external/video_face_branch/early_fusion_facial_v2/fusion_pack_5f/sequences/02-01-07-01-02-01-16.npy,5,2048,canonical_02,canonical_02,0.131599,0.093151,0.096152,0.093209,0.097429,0.087273,0.249777,0.15141,0.019043277762830258,0.010019529238343238,0.008429968543350697,0.010020656511187553,0.01086623203009367,0.009792360477149487,0.9211486101150512,0.010679349303245544
01-07-01-02-02-01,train,1,6,disgust,07,01,02,02,03-01-07-01-02-02-01,data/raw/ravdess/audio_speech/Audio_Speech_Actors_01-24/Actor_01/03-01-07-01-02-02-01.wav,6,disgust,/home/tonyhe/ravdess_avfusion/external/audio_ser_speechbrain/speechbrain-develop-main/outputs/embeddings_ECAPA/train/03-01-07-01-02-02-01.npy,96,02-01-07-01-02-02-01,data/raw/ravdess/video_speech/Video_Speech_Actor_01/Actor_01/02-01-07-01-02-02-01.mp4,6,disgust,/home/tonyhe/ravdess_avfusion/external/video_face_branch/early_fusion_facial_v2/fusion_pack_5f/sequences/02-01-07-01-02-02-01.npy,5,2048,canonical_02,canonical_02,0.109945,0.11858,0.136194,0.084078,0.103245,0.080789,0.244049,0.12312,0.01708452347666025,0.010745764151215554,0.007403028663247824,0.008177496213465928,0.007041418831795454,0.008669583313167094,0.9317063808441162,0.009171821735799312
01-07-01-02-02-02,train,2,6,disgust,07,01,02,02,03-01-07-01-02-02-02,data/raw/ravdess/audio_speech/Audio_Speech_Actors_01-24/Actor_02/03-01-07-01-02-02-02.wav,6,disgust,/home/tonyhe/ravdess_avfusion/external/audio_ser_speechbrain/speechbrain-develop-main/outputs/embeddings_ECAPA/train/03-01-07-01-02-02-02.npy,96,02-01-07-01-02-02-02,data/raw/ravdess/video_speech/Video_Speech_Actor_02/Actor_02/02-01-07-01-02-02-02.mp4,6,disgust,/home/tonyhe/ravdess_avfusion/external/video_face_branch/early_fusion_facial_v2/fusion_pack_5f/sequences/02-01-07-01-02-02-02.npy,5,2048,canonical_02,canonical_02,0.104038,0.085389,0.1199,0.120646,0.076038,0.106666,0.253669,0.133655,0.019058053754270075,0.008972720988094807,0.00829584114253521,0.009740009717643262,0.009201851952821017,0.008926348108798266,0.9271501421928405,0.008655006997287273
01-07-01-02-02-03,train,3,6,disgust,07,01,02,02,03-01-07-01-02-02-03,data/raw/ravdess/audio_speech/Audio_Speech_Actors_01-24/Actor_03/03-01-07-01-02-02-03.wav,6,disgust,/home/tonyhe/ravdess_avfusion/external/audio_ser_speechbrain/speechbrain-develop-main/outputs/embeddings_ECAPA/train/03-01-07-01-02-02-03.npy,96,02-01-07-01-02-02-03,data/raw/ravdess/video_speech/Video_Speech_Actor_03/Actor_03/02-01-07-01-02-02-03.mp4,6,disgust,/home/tonyhe/ravdess_avfusion/external/video_face_branch/early_fusion_facial_v2/fusion_pack_5f/sequences/02-01-07-01-02-02-03.npy,5,2048,canonical_02,canonical_02,0.109364,0.093639,0.095084,0.105841,0.135021,0.093293,0.254382,0.113376,0.017806024476885795,0.008792567625641822,0.007803789339959621,0.00964170191437006,0.008766525518149137,0.008479116018861532,0.9274168372154236,0.01129343882203102
01-07-01-02-02-04,train,4,6,disgust,07,01,02,02,03-01-07-01-02-02-04,data/raw/ravdess/audio_speech/Audio_Speech_Actors_01-24/Actor_04/03-01-07-01-02-02-04.wav,6,disgust,/home/tonyhe/ravdess_avfusion/external/audio_ser_speechbrain/speechbrain-develop-main/outputs/embeddings_ECAPA/train/03-01-07-01-02-02-04.npy,96,02-01-07-01-02-02-04,data/raw/ravdess/video_speech/Video_Speech_Actor_04/Actor_04/02-01-07-01-02-02-04.mp4,6,disgust,/home/tonyhe/ravdess_avfusion/external/video_face_branch/early_fusion_facial_v2/fusion_pack_5f/sequences/02-01-07-01-02-02-04.npy,5,2048,canonical_02,canonical_02,0.089427,0.073276,0.118509,0.111227,0.09952,0.109439,0.251544,0.147059,0.02095523998141289,0.013908283971250057,0.010849222913384438,0.011990174651145935,0.0081608597189188,0.006929518468677997,0.9175816059112549,0.009625142812728882
01-07-01-02-02-05,train,5,6,disgust,07,01,02,02,03-01-07-01-02-02-05,data/raw/ravdess/audio_speech/Audio_Speech_Actors_01-24/Actor_05/03-01-07-01-02-02-05.wav,6,disgust,/home/tonyhe/ravdess_avfusion/external/audio_ser_speechbrain/speechbrain-develop-main/outputs/embeddings_ECAPA/train/03-01-07-01-02-02-05.npy,96,02-01-07-01-02-02-05,data/raw/ravdess/video_speech/Video_Speech_Actor_05/Actor_05/02-01-07-01-02-02-05.mp4,6,disgust,/home/tonyhe/ravdess_avfusion/external/video_face_branch/early_fusion_facial_v2/fusion_pack_5f/sequences/02-01-07-01-02-02-05.npy,5,2048,canonical_02,canonical_02,0.103209,0.103263,0.110177,0.103009,0.10841,0.083908,0.265164,0.12286,0.02175750657916069,0.011313220672309398,0.009426478203386069,0.008736974000930786,0.0087574802339077,0.009821832086890936,0.9201009392738342,0.010085603035986424
01-07-01-02-02-06,train,6,6,disgust,07,01,02,02,03-01-07-01-02-02-06,data/raw/ravdess/audio_speech/Audio_Speech_Actors_01-24/Actor_06/03-01-07-01-02-02-06.wav,6,disgust,/home/tonyhe/ravdess_avfusion/external/audio_ser_speechbrain/speechbrain-develop-main/outputs/embeddings_ECAPA/train/03-01-07-01-02-02-06.npy,96,02-01-07-01-02-02-06,data/raw/ravdess/video_speech/Video_Speech_Actor_06/Actor_06/02-01-07-01-02-02-06.mp4,6,disgust,/home/tonyhe/ravdess_avfusion/external/video_face_branch/early_fusion_facial_v2/fusion_pack_5f/sequences/02-01-07-01-02-02-06.npy,5,2048,canonical_02,canonical_02,0.08649,0.114549,0.087368,0.118234,0.100188,0.133382,0.241791,0.117998,0.018294220604002476,0.010233280248939991,0.007969783525913954,0.010773739218711853,0.006807945296168327,0.007220807578414678,0.9299807667732238,0.008719457313418388
01-07-01-02-02-07,train,7,6,disgust,07,01,02,02,03-01-07-01-02-02-07,data/raw/ravdess/audio_speech/Audio_Speech_Actors_01-24/Actor_07/03-01-07-01-02-02-07.wav,6,disgust,/home/tonyhe/ravdess_avfusion/external/audio_ser_speechbrain/speechbrain-develop-main/outputs/embeddings_ECAPA/train/03-01-07-01-02-02-07.npy,96,02-01-07-01-02-02-07,data/raw/ravdess/video_speech/Video_Speech_Actor_07/Actor_07/02-01-07-01-02-02-07.mp4,6,disgust,/home/tonyhe/ravdess_avfusion/external/video_face_branch/early_fusion_facial_v2/fusion_pack_5f/sequences/02-01-07-01-02-02-07.npy,5,2048,canonical_02,canonical_02,0.098941,0.103823,0.088428,0.097318,0.123388,0.090449,0.259416,0.138237,0.01992473714053631,0.009976742789149284,0.008811939042061567,0.01004209266975522,0.011012120544910431,0.010274779424071312,0.9194944620132446,0.010463109984993935
01-07-01-02-02-08,train,8,6,disgust,07,01,02,02,03-01-07-01-02-02-08,data/raw/ravdess/audio_speech/Audio_Speech_Actors_01-24/Actor_08/03-01-07-01-02-02-08.wav,6,disgust,/home/tonyhe/ravdess_avfusion/external/audio_ser_speechbrain/speechbrain-develop-main/outputs/embeddings_ECAPA/train/03-01-07-01-02-02-08.npy,96,02-01-07-01-02-02-08,data/raw/ravdess/video_speech/Video_Speech_Actor_08/Actor_08/02-01-07-01-02-02-08.mp4,6,disgust,/home/tonyhe/ravdess_avfusion/external/video_face_branch/early_fusion_facial_v2/fusion_pack_5f/sequences/02-01-07-01-02-02-08.npy,5,2048,canonical_02,canonical_02,0.131259,0.099007,0.098881,0.098267,0.086785,0.083004,0.238037,0.16476,0.020249680802226066,0.010141776502132415,0.009833438135683537,0.010478202253580093,0.011556168273091316,0.008880604803562165,0.9183823347091675,0.010477780550718307
01-07-01-02-02-09,train,9,6,disgust,07,01,02,02,03-01-07-01-02-02-09,data/raw/ravdess/audio_speech/Audio_Speech_Actors_01-24/Actor_09/03-01-07-01-02-02-09.wav,6,disgust,/home/tonyhe/ravdess_avfusion/external/audio_ser_speechbrain/speechbrain-develop-main/outputs/embeddings_ECAPA/train/03-01-07-01-02-02-09.npy,96,02-01-07-01-02-02-09,data/raw/ravdess/video_speech/Video_Speech_Actor_09/Actor_09/02-01-07-01-02-02-09.mp4,6,disgust,/home/tonyhe/ravdess_avfusion/external/video_face_branch/early_fusion_facial_v2/fusion_pack_5f/sequences/02-01-07-01-02-02-09.npy,5,2048,canonical_02,canonical_02,0.108337,0.108237,0.095228,0.108467,0.102784,0.087651,0.257185,0.132111,0.019922075793147087,0.009702660143375397,0.007936109043657779,0.008159431908279658,0.010153434239327908,0.00870240367949009,0.9250839233398438,0.010339945647865533
01-07-01-02-02-10,train,10,6,disgust,07,01,02,02,03-01-07-01-02-02-10,data/raw/ravdess/audio_speech/Audio_Speech_Actors_01-24/Actor_10/03-01-07-01-02-02-10.wav,6,disgust,/home/tonyhe/ravdess_avfusion/external/audio_ser_speechbrain/speechbrain-develop-main/outputs/embeddings_ECAPA/train/03-01-07-01-02-02-10.npy,96,02-01-07-01-02-02-10,data/raw/ravdess/video_speech/Video_Speech_Actor_10/Actor_10/02-01-07-01-02-02-10.mp4,6,disgust,/home/tonyhe/ravdess_avfusion/external/video_face_branch/early_fusion_facial_v2/fusion_pack_5f/sequences/02-01-07-01-02-02-10.npy,5,2048,canonical_02,canonical_02,0.0938,0.107881,0.105237,0.105083,0.096738,0.125975,0.258038,0.107248,0.019671528413891793,0.008974447194486857,0.008266896475106478,0.008591227792203426,0.0067771666683256624,0.00946273673325777,0.92463219165802,0.013623842969536781
01-07-01-02-02-11,train,11,6,disgust,07,01,02,02,03-01-07-01-02-02-11,data/raw/ravdess/audio_speech/Audio_Speech_Actors_01-24/Actor_11/03-01-07-01-02-02-11.wav,6,disgust,/home/tonyhe/ravdess_avfusion/external/audio_ser_speechbrain/speechbrain-develop-main/outputs/embeddings_ECAPA/train/03-01-07-01-02-02-11.npy,96,02-01-07-01-02-02-11,data/raw/ravdess/video_speech/Video_Speech_Actor_11/Actor_11/02-01-07-01-02-02-11.mp4,6,disgust,/home/tonyhe/ravdess_avfusion/external/video_face_branch/early_fusion_facial_v2/fusion_pack_5f/sequences/02-01-07-01-02-02-11.npy,5,2048,canonical_02,canonical_02,0.132782,0.09641,0.108561,0.080477,0.111541,0.077338,0.247372,0.145519,0.020527530834078787,0.010409419797360897,0.00887769227847457,0.009564088378101587,0.010937031544744968,0.008697337098419666,0.919602370262146,0.011384495720267295
01-07-01-02-02-12,train,12,6,disgust,07,01,02,02,03-01-07-01-02-02-12,data/raw/ravdess/audio_speech/Audio_Speech_Actors_01-24/Actor_12/03-01-07-01-02-02-12.wav,6,disgust,/home/tonyhe/ravdess_avfusion/external/audio_ser_speechbrain/speechbrain-develop-main/outputs/embeddings_ECAPA/train/03-01-07-01-02-02-12.npy,96,02-01-07-01-02-02-12,data/raw/ravdess/video_speech/Video_Speech_Actor_12/Actor_12/02-01-07-01-02-02-12.mp4,6,disgust,/home/tonyhe/ravdess_avfusion/external/video_face_branch/early_fusion_facial_v2/fusion_pack_5f/sequences/02-01-07-01-02-02-12.npy,5,2048,canonical_02,canonical_02,0.102073,0.102218,0.104301,0.123664,0.106492,0.086331,0.25891,0.116011,0.04263485353440046,0.008111468330025674,0.006394542753696442,0.0076735449023544785,0.009380257967859507,0.007533146254718304,0.9115089774131775,0.0067632123827934265
01-07-01-02-02-13,train,13,6,disgust,07,01,02,02,03-01-07-01-02-02-13,data/raw/ravdess/audio_speech/Audio_Speech_Actors_01-24/Actor_13/03-01-07-01-02-02-13.wav,6,disgust,/home/tonyhe/ravdess_avfusion/external/audio_ser_speechbrain/speechbrain-develop-main/outputs/embeddings_ECAPA/train/03-01-07-01-02-02-13.npy,96,02-01-07-01-02-02-13,data/raw/ravdess/video_speech/Video_Speech_Actor_13/Actor_13/02-01-07-01-02-02-13.mp4,6,disgust,/home/tonyhe/ravdess_avfusion/external/video_face_branch/early_fusion_facial_v2/fusion_pack_5f/sequences/02-01-07-01-02-02-13.npy,5,2048,canonical_02,canonical_02,0.118389,0.08955,0.08871,0.085378,0.127962,0.097319,0.261126,0.131566,0.018270267359912395,0.009046781435608863,0.008282877132296562,0.009210077114403248,0.006773455906659365,0.009521914087235928,0.9289349555969239,0.009959722217172385
01-07-01-02-02-14,train,14,6,disgust,07,01,02,02,03-01-07-01-02-02-14,data/raw/ravdess/audio_speech/Audio_Speech_Actors_01-24/Actor_14/03-01-07-01-02-02-14.wav,6,disgust,/home/tonyhe/ravdess_avfusion/external/audio_ser_speechbrain/speechbrain-develop-main/outputs/embeddings_ECAPA/train/03-01-07-01-02-02-14.npy,96,02-01-07-01-02-02-14,data/raw/ravdess/video_speech/Video_Speech_Actor_14/Actor_14/02-01-07-01-02-02-14.mp4,6,disgust,/home/tonyhe/ravdess_avfusion/external/video_face_branch/early_fusion_facial_v2/fusion_pack_5f/sequences/02-01-07-01-02-02-14.npy,5,2048,canonical_02,canonical_02,0.095508,0.114806,0.10018,0.106065,0.118922,0.119285,0.248423,0.096811,0.018897403962910175,0.010874066036194563,0.01026268620043993,0.008729908056557179,0.011519653908908366,0.009074094519019128,0.9039295554161072,0.026712644938379528
01-07-01-02-02-15,train,15,6,disgust,07,01,02,02,03-01-07-01-02-02-15,data/raw/ravdess/audio_speech/Audio_Speech_Actors_01-24/Actor_15/03-01-07-01-02-02-15.wav,6,disgust,/home/tonyhe/ravdess_avfusion/external/audio_ser_speechbrain/speechbrain-develop-main/outputs/embeddings_ECAPA/train/03-01-07-01-02-02-15.npy,96,02-01-07-01-02-02-15,data/raw/ravdess/video_speech/Video_Speech_Actor_15/Actor_15/02-01-07-01-02-02-15.mp4,1,calm,/home/tonyhe/ravdess_avfusion/data/processed/video/backfill_actor15/sequence_embeddings_5f/train/02-01-07-01-02-02-15.npy,5,2048,backfill_actor15,backfill_actor15,0.102014,0.090399,0.10073,0.129863,0.110583,0.084221,0.254463,0.127726,0.0216330848634243,0.2266145944595337,0.023464385420084,0.1170218363404274,0.190464586019516,0.1936987340450287,0.21249182522296906,0.014610965736210346
01-07-01-02-02-16,train,16,6,disgust,07,01,02,02,03-01-07-01-02-02-16,data/raw/ravdess/audio_speech/Audio_Speech_Actors_01-24/Actor_16/03-01-07-01-02-02-16.wav,6,disgust,/home/tonyhe/ravdess_avfusion/external/audio_ser_speechbrain/speechbrain-develop-main/outputs/embeddings_ECAPA/train/03-01-07-01-02-02-16.npy,96,02-01-07-01-02-02-16,data/raw/ravdess/video_speech/Video_Speech_Actor_16/Actor_16/02-01-07-01-02-02-16.mp4,6,disgust,/home/tonyhe/ravdess_avfusion/external/video_face_branch/early_fusion_facial_v2/fusion_pack_5f/sequences/02-01-07-01-02-02-16.npy,5,2048,canonical_02,canonical_02,0.139838,0.075998,0.124094,0.097053,0.104709,0.114013,0.244795,0.0995,0.01417893059551716,0.006762576568871736,0.0066487577743828295,0.006902979779988527,0.005869767349213362,0.006877935118973255,0.9443285822868347,0.008430449943989515
01-07-02-01-01-01,train,1,6,disgust,07,02,01,01,03-01-07-02-01-01-01,data/raw/ravdess/audio_speech/Audio_Speech_Actors_01-24/Actor_01/03-01-07-02-01-01-01.wav,6,disgust,/home/tonyhe/ravdess_avfusion/external/audio_ser_speechbrain/speechbrain-develop-main/outputs/embeddings_ECAPA/train/03-01-07-02-01-01-01.npy,96,02-01-07-02-01-01-01,data/raw/ravdess/video_speech/Video_Speech_Actor_01/Actor_01/02-01-07-02-01-01-01.mp4,6,disgust,/home/tonyhe/ravdess_avfusion/external/video_face_branch/early_fusion_facial_v2/fusion_pack_5f/sequences/02-01-07-02-01-01-01.npy,5,2048,canonical_02,canonical_02,0.086252,0.080671,0.086777,0.095001,0.142239,0.118117,0.246825,0.144118,0.01507949810475111,0.007133078668266535,0.008143198490142823,0.00662740720435977,0.010310277668759226,0.009041515830904245,0.9324294090270996,0.01123566459864378
01-07-02-01-01-02,train,2,6,disgust,07,02,01,01,03-01-07-02-01-01-02,data/raw/ravdess/audio_speech/Audio_Speech_Actors_01-24/Actor_02/03-01-07-02-01-01-02.wav,6,disgust,/home/tonyhe/ravdess_avfusion/external/audio_ser_speechbrain/speechbrain-develop-main/outputs/embeddings_ECAPA/train/03-01-07-02-01-01-02.npy,96,02-01-07-02-01-01-02,data/raw/ravdess/video_speech/Video_Speech_Actor_02/Actor_02/02-01-07-02-01-01-02.mp4,6,disgust,/home/tonyhe/ravdess_avfusion/external/video_face_branch/early_fusion_facial_v2/fusion_pack_5f/sequences/02-01-07-02-01-01-02.npy,5,2048,canonical_02,canonical_02,0.080088,0.101639,0.128568,0.099043,0.093246,0.131402,0.253714,0.112299,0.018770769611001013,0.009768237080425023,0.007778238691389561,0.0116201002150774,0.007345124799758196,0.008306643553078174,0.9294805526733398,0.006930315587669611
01-07-02-01-01-03,train,3,6,disgust,07,02,01,01,03-01-07-02-01-01-03,data/raw/ravdess/audio_speech/Audio_Speech_Actors_01-24/Actor_03/03-01-07-02-01-01-03.wav,6,disgust,/home/tonyhe/ravdess_avfusion/external/audio_ser_speechbrain/speechbrain-develop-main/outputs/embeddings_ECAPA/train/03-01-07-02-01-01-03.npy,96,02-01-07-02-01-01-03,data/raw/ravdess/video_speech/Video_Speech_Actor_03/Actor_03/02-01-07-02-01-01-03.mp4,6,disgust,/home/tonyhe/ravdess_avfusion/external/video_face_branch/early_fusion_facial_v2/fusion_pack_5f/sequences/02-01-07-02-01-01-03.npy,5,2048,canonical_02,canonical_02,0.107899,0.074273,0.10064,0.102567,0.086,0.119209,0.250222,0.159191,0.01968677081167698,0.012638392671942712,0.007929663825780153,0.010194358509033918,0.008499480411410331,0.010021582897752523,0.9203197956085205,0.010709933750331403
01-07-02-01-01-04,train,4,6,disgust,07,02,01,01,03-01-07-02-01-01-04,data/raw/ravdess/audio_speech/Audio_Speech_Actors_01-24/Actor_04/03-01-07-02-01-01-04.wav,6,disgust,/home/tonyhe/ravdess_avfusion/external/audio_ser_speechbrain/speechbrain-develop-main/outputs/embeddings_ECAPA/train/03-01-07-02-01-01-04.npy,96,02-01-07-02-01-01-04,data/raw/ravdess/video_speech/Video_Speech_Actor_04/Actor_04/02-01-07-02-01-01-04.mp4,6,disgust,/home/tonyhe/ravdess_avfusion/external/video_face_branch/early_fusion_facial_v2/fusion_pack_5f/sequences/02-01-07-02-01-01-04.npy,5,2048,canonical_02,canonical_02,0.091225,0.0721,0.103722,0.122007,0.1406,0.089894,0.234855,0.145598,0.017169829457998276,0.009269398543983698,0.007496737688779831,0.008502086065709591,0.00877567045390606,0.007887401152402163,0.9323205351829529,0.008578362967818975
01-07-02-01-01-05,train,5,6,disgust,07,02,01,01,03-01-07-02-01-01-05,data/raw/ravdess/audio_speech/Audio_Speech_Actors_01-24/Actor_05/03-01-07-02-01-01-05.wav,6,disgust,/home/tonyhe/ravdess_avfusion/external/audio_ser_speechbrain/speechbrain-develop-main/outputs/embeddings_ECAPA/train/03-01-07-02-01-01-05.npy,96,02-01-07-02-01-01-05,data/raw/ravdess/video_speech/Video_Speech_Actor_05/Actor_05/02-01-07-02-01-01-05.mp4,6,disgust,/home/tonyhe/ravdess_avfusion/external/video_face_branch/early_fusion_facial_v2/fusion_pack_5f/sequences/02-01-07-02-01-01-05.npy,5,2048,canonical_02,canonical_02,0.117792,0.10495,0.095702,0.084652,0.127,0.092561,0.263376,0.113968,0.02150990404188633,0.012024160660803317,0.01210690699517727,0.008371126651763917,0.010512987524271012,0.01132642887532711,0.913856029510498,0.010292512364685535
01-07-02-01-01-06,train,6,6,disgust,07,02,01,01,03-01-07-02-01-01-06,data/raw/ravdess/audio_speech/Audio_Speech_Actors_01-24/Actor_06/03-01-07-02-01-01-06.wav,6,disgust,/home/tonyhe/ravdess_avfusion/external/audio_ser_speechbrain/speechbrain-develop-main/outputs/embeddings_ECAPA/train/03-01-07-02-01-01-06.npy,96,02-01-07-02-01-01-06,data/raw/ravdess/video_speech/Video_Speech_Actor_06/Actor_06/02-01-07-02-01-01-06.mp4,6,disgust,/home/tonyhe/ravdess_avfusion/external/video_face_branch/early_fusion_facial_v2/fusion_pack_5f/sequences/02-01-07-02-01-01-06.npy,5,2048,canonical_02,canonical_02,0.089752,0.087938,0.092037,0.098563,0.087106,0.135873,0.254901,0.153829,0.019302839413285255,0.010052825324237347,0.008440248854458331,0.011838687770068645,0.007408436294645071,0.008087830245494842,0.9265561103820801,0.008313033170998097
01-07-02-01-01-07,train,7,6,disgust,07,02,01,01,03-01-07-02-01-01-07,data/raw/ravdess/audio_speech/Audio_Speech_Actors_01-24/Actor_07/03-01-07-02-01-01-07.wav,6,disgust,/home/tonyhe/ravdess_avfusion/external/audio_ser_speechbrain/speechbrain-develop-main/outputs/embeddings_ECAPA/train/03-01-07-02-01-01-07.npy,96,02-01-07-02-01-01-07,data/raw/ravdess/video_speech/Video_Speech_Actor_07/Actor_07/02-01-07-02-01-01-07.mp4,6,disgust,/home/tonyhe/ravdess_avfusion/external/video_face_branch/early_fusion_facial_v2/fusion_pack_5f/sequences/02-01-07-02-01-01-07.npy,5,2048,canonical_02,canonical_02,0.098725,0.083871,0.098931,0.126196,0.136258,0.088419,0.244207,0.123392,0.015471862442791463,0.00811752574518323,0.0078121602535247804,0.007684711553156376,0.007026542257517576,0.007335002813488245,0.9379111647605896,0.008641010243445634
01-07-02-01-01-08,train,8,6,disgust,07,02,01,01,03-01-07-02-01-01-08,data/raw/ravdess/audio_speech/Audio_Speech_Actors_01-24/Actor_08/03-01-07-02-01-01-08.wav,6,disgust,/home/tonyhe/ravdess_avfusion/external/audio_ser_speechbrain/speechbrain-develop-main/outputs/embeddings_ECAPA/train/03-01-07-02-01-01-08.npy,96,02-01-07-02-01-01-08,data/raw/ravdess/video_speech/Video_Speech_Actor_08/Actor_08/02-01-07-02-01-01-08.mp4,6,disgust,/home/tonyhe/ravdess_avfusion/external/video_face_branch/early_fusion_facial_v2/fusion_pack_5f/sequences/02-01-07-02-01-01-08.npy,5,2048,canonical_02,canonical_02,0.087742,0.105298,0.080689,0.126262,0.11819,0.096411,0.234659,0.150749,0.021417010016739367,0.009477495029568673,0.008723423536866903,0.01062542162835598,0.009727537911385298,0.00982982674613595,0.9180893540382385,0.012109878566116094
01-07-02-01-01-09,train,9,6,disgust,07,02,01,01,03-01-07-02-01-01-09,data/raw/ravdess/audio_speech/Audio_Speech_Actors_01-24/Actor_09/03-01-07-02-01-01-09.wav,6,disgust,/home/tonyhe/ravdess_avfusion/external/audio_ser_speechbrain/speechbrain-develop-main/outputs/embeddings_ECAPA/train/03-01-07-02-01-01-09.npy,96,02-01-07-02-01-01-09,data/raw/ravdess/video_speech/Video_Speech_Actor_09/Actor_09/02-01-07-02-01-01-09.mp4,6,disgust,/home/tonyhe/ravdess_avfusion/external/video_face_branch/early_fusion_facial_v2/fusion_pack_5f/sequences/02-01-07-02-01-01-09.npy,5,2048,canonical_02,canonical_02,0.106111,0.088978,0.095559,0.086176,0.127989,0.097125,0.259814,0.138249,0.01904478818178177,0.009691032208502292,0.009536391030997038,0.008947043400257825,0.010386456735432148,0.009231293573975563,0.9220787048339844,0.0110842639580369
01-07-02-01-01-10,train,10,6,disgust,07,02,01,01,03-01-07-02-01-01-10,data/raw/ravdess/audio_speech/Audio_Speech_Actors_01-24/Actor_10/03-01-07-02-01-01-10.wav,6,disgust,/home/tonyhe/ravdess_avfusion/external/audio_ser_speechbrain/speechbrain-develop-main/outputs/embeddings_ECAPA/train/03-01-07-02-01-01-10.npy,96,02-01-07-02-01-01-10,data/raw/ravdess/video_speech/Video_Speech_Actor_10/Actor_10/02-01-07-02-01-01-10.mp4,6,disgust,/home/tonyhe/ravdess_avfusion/external/video_face_branch/early_fusion_facial_v2/fusion_pack_5f/sequences/02-01-07-02-01-01-10.npy,5,2048,canonical_02,canonical_02,0.084667,0.09394,0.124625,0.081832,0.0837,0.120389,0.259868,0.150979,0.020684978738427163,0.009356688894331455,0.009459576476365328,0.009390174690634013,0.009461660869419575,0.008029985055327416,0.9231087446212769,0.010508197546005248
01-07-02-01-01-11,train,11,6,disgust,07,02,01,01,03-01-07-02-01-01-11,data/raw/ravdess/audio_speech/Audio_Speech_Actors_01-24/Actor_11/03-01-07-02-01-01-11.wav,6,disgust,/home/tonyhe/ravdess_avfusion/external/audio_ser_speechbrain/speechbrain-develop-main/outputs/embeddings_ECAPA/train/03-01-07-02-01-01-11.npy,96,02-01-07-02-01-01-11,data/raw/ravdess/video_speech/Video_Speech_Actor_11/Actor_11/02-01-07-02-01-01-11.mp4,6,disgust,/home/tonyhe/ravdess_avfusion/external/video_face_branch/early_fusion_facial_v2/fusion_pack_5f/sequences/02-01-07-02-01-01-11.npy,5,2048,canonical_02,canonical_02,0.116971,0.094489,0.149688,0.096441,0.11641,0.073861,0.242245,0.109896,0.019357138872146608,0.010325716435909271,0.0086342784576118,0.008345801290124655,0.009412037301808595,0.009007775597274304,0.9247368812561035,0.01018033130094409
01-07-02-01-01-12,train,12,6,disgust,07,02,01,01,03-01-07-02-01-01-12,data/raw/ravdess/audio_speech/Audio_Speech_Actors_01-24/Actor_12/03-01-07-02-01-01-12.wav,6,disgust,/home/tonyhe/ravdess_avfusion/external/audio_ser_speechbrain/speechbrain-develop-main/outputs/embeddings_ECAPA/train/03-01-07-02-01-01-12.npy,96,02-01-07-02-01-01-12,data/raw/ravdess/video_speech/Video_Speech_Actor_12/Actor_12/02-01-07-02-01-01-12.mp4,6,disgust,/home/tonyhe/ravdess_avfusion/external/video_face_branch/early_fusion_facial_v2/fusion_pack_5f/sequences/02-01-07-02-01-01-12.npy,5,2048,canonical_02,canonical_02,0.085697,0.084773,0.09875,0.104071,0.115394,0.141864,0.25024,0.119211,0.0262761102989316,0.00815509557723999,0.007405002973973751,0.009047740325331687,0.006016234308481217,0.00686927461065352,0.9296991348266601,0.006531450268812478
01-07-02-01-01-13,train,13,6,disgust,07,02,01,01,03-01-07-02-01-01-13,data/raw/ravdess/audio_speech/Audio_Speech_Actors_01-24/Actor_13/03-01-07-02-01-01-13.wav,6,disgust,/home/tonyhe/ravdess_avfusion/external/audio_ser_speechbrain/speechbrain-develop-main/outputs/embeddings_ECAPA/train/03-01-07-02-01-01-13.npy,96,02-01-07-02-01-01-13,data/raw/ravdess/video_speech/Video_Speech_Actor_13/Actor_13/02-01-07-02-01-01-13.mp4,6,disgust,/home/tonyhe/ravdess_avfusion/external/video_face_branch/early_fusion_facial_v2/fusion_pack_5f/sequences/02-01-07-02-01-01-13.npy,5,2048,canonical_02,canonical_02,0.100883,0.093884,0.090747,0.095674,0.126371,0.097004,0.264044,0.131392,0.018295233324170112,0.00880867475643754,0.008352520782500506,0.007829442713409662,0.008020846080034972,0.007937417179346085,0.9319819331169128,0.008773942291736603
01-07-02-01-01-14,train,14,6,disgust,07,02,01,01,03-01-07-02-01-01-14,data/raw/ravdess/audio_speech/Audio_Speech_Actors_01-24/Actor_14/03-01-07-02-01-01-14.wav,6,disgust,/home/tonyhe/ravdess_avfusion/external/audio_ser_speechbrain/speechbrain-develop-main/outputs/embeddings_ECAPA/train/03-01-07-02-01-01-14.npy,96,02-01-07-02-01-01-14,data/raw/ravdess/video_speech/Video_Speech_Actor_14/Actor_14/02-01-07-02-01-01-14.mp4,6,disgust,/home/tonyhe/ravdess_avfusion/external/video_face_branch/early_fusion_facial_v2/fusion_pack_5f/sequences/02-01-07-02-01-01-14.npy,5,2048,canonical_02,canonical_02,0.108612,0.104729,0.107011,0.118747,0.135419,0.103434,0.235484,0.086562,0.01972067877650261,0.009078161977231502,0.0084115001372993,0.010116177052259446,0.010112096089869738,0.010249145328998566,0.922256338596344,0.010055906977504492
01-07-02-01-01-15,train,15,6,disgust,07,02,01,01,03-01-07-02-01-01-15,data/raw/ravdess/audio_speech/Audio_Speech_Actors_01-24/Actor_15/03-01-07-02-01-01-15.wav,6,disgust,/home/tonyhe/ravdess_avfusion/external/audio_ser_speechbrain/speechbrain-develop-main/outputs/embeddings_ECAPA/train/03-01-07-02-01-01-15.npy,96,02-01-07-02-01-01-15,data/raw/ravdess/video_speech/Video_Speech_Actor_15/Actor_15/02-01-07-02-01-01-15.mp4,6,disgust,/home/tonyhe/ravdess_avfusion/data/processed/video/backfill_actor15/sequence_embeddings_5f/train/02-01-07-02-01-01-15.npy,5,2048,backfill_actor15,backfill_actor15,0.13399,0.070359,0.112152,0.113551,0.105921,0.103899,0.250438,0.10969,0.017235388979315758,0.18288826942443848,0.012121730484068394,0.183926060795784,0.016473839059472084,0.18719476461410522,0.20283107459545135,0.19732894003391266
01-07-02-01-01-16,train,16,6,disgust,07,02,01,01,03-01-07-02-01-01-16,data/raw/ravdess/audio_speech/Audio_Speech_Actors_01-24/Actor_16/03-01-07-02-01-01-16.wav,6,disgust,/home/tonyhe/ravdess_avfusion/external/audio_ser_speechbrain/speechbrain-develop-main/outputs/embeddings_ECAPA/train/03-01-07-02-01-01-16.npy,96,02-01-07-02-01-01-16,data/raw/ravdess/video_speech/Video_Speech_Actor_16/Actor_16/02-01-07-02-01-01-16.mp4,6,disgust,/home/tonyhe/ravdess_avfusion/external/video_face_branch/early_fusion_facial_v2/fusion_pack_5f/sequences/02-01-07-02-01-01-16.npy,5,2048,canonical_02,canonical_02,0.110142,0.083412,0.100595,0.102485,0.116828,0.091868,0.269429,0.125241,0.014448343962430953,0.008525925502181054,0.007539613591507077,0.00804424025118351,0.005149005400016904,0.009034721553325653,0.9415634274482727,0.005694676749408245
01-07-02-01-02-01,train,1,6,disgust,07,02,01,02,03-01-07-02-01-02-01,data/raw/ravdess/audio_speech/Audio_Speech_Actors_01-24/Actor_01/03-01-07-02-01-02-01.wav,6,disgust,/home/tonyhe/ravdess_avfusion/external/audio_ser_speechbrain/speechbrain-develop-main/outputs/embeddings_ECAPA/train/03-01-07-02-01-02-01.npy,96,02-01-07-02-01-02-01,data/raw/ravdess/video_speech/Video_Speech_Actor_01/Actor_01/02-01-07-02-01-02-01.mp4,6,disgust,/home/tonyhe/ravdess_avfusion/external/video_face_branch/early_fusion_facial_v2/fusion_pack_5f/sequences/02-01-07-02-01-02-01.npy,5,2048,canonical_02,canonical_02,0.092007,0.089645,0.110471,0.085475,0.124212,0.107962,0.261659,0.128568,0.023010269924998283,0.011381105706095695,0.009670942276716232,0.009623235743492841,0.011211518570780754,0.01062957551330328,0.9118465304374694,0.012626850977540016
01-07-02-01-02-02,train,2,6,disgust,07,02,01,02,03-01-07-02-01-02-02,data/raw/ravdess/audio_speech/Audio_Speech_Actors_01-24/Actor_02/03-01-07-02-01-02-02.wav,6,disgust,/home/tonyhe/ravdess_avfusion/external/audio_ser_speechbrain/speechbrain-develop-main/outputs/embeddings_ECAPA/train/03-01-07-02-01-02-02.npy,96,02-01-07-02-01-02-02,data/raw/ravdess/video_speech/Video_Speech_Actor_02/Actor_02/02-01-07-02-01-02-02.mp4,6,disgust,/home/tonyhe/ravdess_avfusion/external/video_face_branch/early_fusion_facial_v2/fusion_pack_5f/sequences/02-01-07-02-01-02-02.npy,5,2048,canonical_02,canonical_02,0.081413,0.108704,0.108562,0.094942,0.113422,0.132911,0.253554,0.106493,0.02082313150167465,0.009896975755691529,0.009336366038769483,0.009622470196336507,0.009231161698698998,0.008284462615847588,0.9239412665367126,0.008864155411720276
01-07-02-01-02-03,train,3,6,disgust,07,02,01,02,03-01-07-02-01-02-03,data/raw/ravdess/audio_speech/Audio_Speech_Actors_01-24/Actor_03/03-01-07-02-01-02-03.wav,6,disgust,/home/tonyhe/ravdess_avfusion/external/audio_ser_speechbrain/speechbrain-develop-main/outputs/embeddings_ECAPA/train/03-01-07-02-01-02-03.npy,96,02-01-07-02-01-02-03,data/raw/ravdess/video_speech/Video_Speech_Actor_03/Actor_03/02-01-07-02-01-02-03.mp4,6,disgust,/home/tonyhe/ravdess_avfusion/external/video_face_branch/early_fusion_facial_v2/fusion_pack_5f/sequences/02-01-07-02-01-02-03.npy,5,2048,canonical_02,canonical_02,0.109722,0.097147,0.086174,0.104537,0.107056,0.13074,0.255744,0.10888,0.018927451968193055,0.009165777452290058,0.008216842729598283,0.010322237201035023,0.008858986850827932,0.010260173492133618,0.9221996068954468,0.012048928439617157
01-07-02-01-02-04,train,4,6,disgust,07,02,01,02,03-01-07-02-01-02-04,data/raw/ravdess/audio_speech/Audio_Speech_Actors_01-24/Actor_04/03-01-07-02-01-02-04.wav,6,disgust,/home/tonyhe/ravdess_avfusion/external/audio_ser_speechbrain/speechbrain-develop-main/outputs/embeddings_ECAPA/train/03-01-07-02-01-02-04.npy,96,02-01-07-02-01-02-04,data/raw/ravdess/video_speech/Video_Speech_Actor_04/Actor_04/02-01-07-02-01-02-04.mp4,6,disgust,/home/tonyhe/ravdess_avfusion/external/video_face_branch/early_fusion_facial_v2/fusion_pack_5f/sequences/02-01-07-02-01-02-04.npy,5,2048,canonical_02,canonical_02,0.094677,0.081958,0.105532,0.106019,0.126929,0.090359,0.257752,0.136774,0.017147834226489068,0.00865165889263153,0.007827372383326292,0.008541097305715084,0.008680716902017594,0.012597575038671493,0.9285011649131775,0.008052589814178645
01-07-02-01-02-05,train,5,6,disgust,07,02,01,02,03-01-07-02-01-02-05,data/raw/ravdess/audio_speech/Audio_Speech_Actors_01-24/Actor_05/03-01-07-02-01-02-05.wav,6,disgust,/home/tonyhe/ravdess_avfusion/external/audio_ser_speechbrain/speechbrain-develop-main/outputs/embeddings_ECAPA/train/03-01-07-02-01-02-05.npy,96,02-01-07-02-01-02-05,data/raw/ravdess/video_speech/Video_Speech_Actor_05/Actor_05/02-01-07-02-01-02-05.mp4,6,disgust,/home/tonyhe/ravdess_avfusion/external/video_face_branch/early_fusion_facial_v2/fusion_pack_5f/sequences/02-01-07-02-01-02-05.npy,5,2048,canonical_02,canonical_02,0.115974,0.073225,0.105114,0.125594,0.137247,0.082043,0.239913,0.12089,0.019465096667408942,0.010557189024984837,0.00752534419298172,0.007475430984050036,0.007484392635524273,0.007384406123310328,0.9317103505134583,0.00839780792593956
01-07-02-01-02-06,train,6,6,disgust,07,02,01,02,03-01-07-02-01-02-06,data/raw/ravdess/audio_speech/Audio_Speech_Actors_01-24/Actor_06/03-01-07-02-01-02-06.wav,6,disgust,/home/tonyhe/ravdess_avfusion/external/audio_ser_speechbrain/speechbrain-develop-main/outputs/embeddings_ECAPA/train/03-01-07-02-01-02-06.npy,96,02-01-07-02-01-02-06,data/raw/ravdess/video_speech/Video_Speech_Actor_06/Actor_06/02-01-07-02-01-02-06.mp4,6,disgust,/home/tonyhe/ravdess_avfusion/external/video_face_branch/early_fusion_facial_v2/fusion_pack_5f/sequences/02-01-07-02-01-02-06.npy,5,2048,canonical_02,canonical_02,0.116946,0.084003,0.100107,0.103789,0.11818,0.082233,0.250875,0.143868,0.019268864206969737,0.01061838325113058,0.008740059100091457,0.01237851958721876,0.007865041308104993,0.008226626832038165,0.9244006276130676,0.008501844573765993
01-07-02-01-02-07,train,7,6,disgust,07,02,01,02,03-01-07-02-01-02-07,data/raw/ravdess/audio_speech/Audio_Speech_Actors_01-24/Actor_07/03-01-07-02-01-02-07.wav,6,disgust,/home/tonyhe/ravdess_avfusion/external/audio_ser_speechbrain/speechbrain-develop-main/outputs/embeddings_ECAPA/train/03-01-07-02-01-02-07.npy,96,02-01-07-02-01-02-07,data/raw/ravdess/video_speech/Video_Speech_Actor_07/Actor_07/02-01-07-02-01-02-07.mp4,6,disgust,/home/tonyhe/ravdess_avfusion/external/video_face_branch/early_fusion_facial_v2/fusion_pack_5f/sequences/02-01-07-02-01-02-07.npy,5,2048,canonical_02,canonical_02,0.09327,0.085001,0.097459,0.103044,0.129237,0.090147,0.254831,0.147011,0.01611760389059782,0.007804608251899481,0.006146981194615364,0.007739384938031435,0.009362784028053284,0.007998619601130486,0.9364630579948425,0.00836696857586503
01-07-02-01-02-08,train,8,6,disgust,07,02,01,02,03-01-07-02-01-02-08,data/raw/ravdess/audio_speech/Audio_Speech_Actors_01-24/Actor_08/03-01-07-02-01-02-08.wav,6,disgust,/home/tonyhe/ravdess_avfusion/external/audio_ser_speechbrain/speechbrain-develop-main/outputs/embeddings_ECAPA/train/03-01-07-02-01-02-08.npy,96,02-01-07-02-01-02-08,data/raw/ravdess/video_speech/Video_Speech_Actor_08/Actor_08/02-01-07-02-01-02-08.mp4,6,disgust,/home/tonyhe/ravdess_avfusion/external/video_face_branch/early_fusion_facial_v2/fusion_pack_5f/sequences/02-01-07-02-01-02-08.npy,5,2048,canonical_02,canonical_02,0.128601,0.081907,0.118991,0.125045,0.090055,0.08476,0.253416,0.117225,0.017776989564299583,0.008745268359780312,0.007807850930839777,0.010785668808966874,0.009965313598513603,0.008209195639938115,0.9274845838546752,0.009225133620202542
01-07-02-01-02-09,train,9,6,disgust,07,02,01,02,03-01-07-02-01-02-09,data/raw/ravdess/audio_speech/Audio_Speech_Actors_01-24/Actor_09/03-01-07-02-01-02-09.wav,6,disgust,/home/tonyhe/ravdess_avfusion/external/audio_ser_speechbrain/speechbrain-develop-main/outputs/embeddings_ECAPA/train/03-01-07-02-01-02-09.npy,96,02-01-07-02-01-02-09,data/raw/ravdess/video_speech/Video_Speech_Actor_09/Actor_09/02-01-07-02-01-02-09.mp4,6,disgust,/home/tonyhe/ravdess_avfusion/external/video_face_branch/early_fusion_facial_v2/fusion_pack_5f/sequences/02-01-07-02-01-02-09.npy,5,2048,canonical_02,canonical_02,0.101605,0.092184,0.104736,0.133382,0.111906,0.08052,0.252872,0.122796,0.021040956676006316,0.009820838086307048,0.009300405252724886,0.008951312489807605,0.011045091971755027,0.01026313565671444,0.9181600570678711,0.011418196745216847
01-07-02-01-02-10,train,10,6,disgust,07,02,01,02,03-01-07-02-01-02-10,data/raw/ravdess/audio_speech/Audio_Speech_Actors_01-24/Actor_10/03-01-07-02-01-02-10.wav,6,disgust,/home/tonyhe/ravdess_avfusion/external/audio_ser_speechbrain/speechbrain-develop-main/outputs/embeddings_ECAPA/train/03-01-07-02-01-02-10.npy,96,02-01-07-02-01-02-10,data/raw/ravdess/video_speech/Video_Speech_Actor_10/Actor_10/02-01-07-02-01-02-10.mp4,6,disgust,/home/tonyhe/ravdess_avfusion/external/video_face_branch/early_fusion_facial_v2/fusion_pack_5f/sequences/02-01-07-02-01-02-10.npy,5,2048,canonical_02,canonical_02,0.114823,0.103064,0.11895,0.083847,0.138595,0.089457,0.250209,0.101056,0.017132705450057982,0.010145344771444798,0.006850882899016142,0.009673540201038121,0.007343425462022424,0.008945027738809586,0.9312796235084534,0.008629446756094694
01-07-02-01-02-11,train,11,6,disgust,07,02,01,02,03-01-07-02-01-02-11,data/raw/ravdess/audio_speech/Audio_Speech_Actors_01-24/Actor_11/03-01-07-02-01-02-11.wav,6,disgust,/home/tonyhe/ravdess_avfusion/external/audio_ser_speechbrain/speechbrain-develop-main/outputs/embeddings_ECAPA/train/03-01-07-02-01-02-11.npy,96,02-01-07-02-01-02-11,data/raw/ravdess/video_speech/Video_Speech_Actor_11/Actor_11/02-01-07-02-01-02-11.mp4,6,disgust,/home/tonyhe/ravdess_avfusion/external/video_face_branch/early_fusion_facial_v2/fusion_pack_5f/sequences/02-01-07-02-01-02-11.npy,5,2048,canonical_02,canonical_02,0.109501,0.11763,0.135348,0.10396,0.100562,0.1349,0.222878,0.075221,0.01796857248991728,0.009512766264379025,0.008824730571359397,0.009330133814364672,0.009530092030763626,0.009775464236736298,0.9250859498977662,0.009972235467284919
01-07-02-01-02-12,train,12,6,disgust,07,02,01,02,03-01-07-02-01-02-12,data/raw/ravdess/audio_speech/Audio_Speech_Actors_01-24/Actor_12/03-01-07-02-01-02-12.wav,6,disgust,/home/tonyhe/ravdess_avfusion/external/audio_ser_speechbrain/speechbrain-develop-main/outputs/embeddings_ECAPA/train/03-01-07-02-01-02-12.npy,96,02-01-07-02-01-02-12,data/raw/ravdess/video_speech/Video_Speech_Actor_12/Actor_12/02-01-07-02-01-02-12.mp4,6,disgust,/home/tonyhe/ravdess_avfusion/external/video_face_branch/early_fusion_facial_v2/fusion_pack_5f/sequences/02-01-07-02-01-02-12.npy,5,2048,canonical_02,canonical_02,0.095871,0.091764,0.115929,0.084781,0.106515,0.10623,0.275843,0.123068,0.013185191061347723,0.008095768513157964,0.00705359191633761,0.00879356823861599,0.0068143308628350495,0.006813075765967369,0.9416589498519897,0.007585537387058139
01-07-02-01-02-13,train,13,6,disgust,07,02,01,02,03-01-07-02-01-02-13,data/raw/ravdess/audio_speech/Audio_Speech_Actors_01-24/Actor_13/03-01-07-02-01-02-13.wav,6,disgust,/home/tonyhe/ravdess_avfusion/external/audio_ser_speechbrain/speechbrain-develop-main/outputs/embeddings_ECAPA/train/03-01-07-02-01-02-13.npy,96,02-01-07-02-01-02-13,data/raw/ravdess/video_speech/Video_Speech_Actor_13/Actor_13/02-01-07-02-01-02-13.mp4,6,disgust,/home/tonyhe/ravdess_avfusion/external/video_face_branch/early_fusion_facial_v2/fusion_pack_5f/sequences/02-01-07-02-01-02-13.npy,5,2048,canonical_02,canonical_02,0.098542,0.071473,0.099225,0.111671,0.104245,0.098923,0.254425,0.161497,0.020575687289237976,0.00998646318912506,0.009375902265310288,0.008593327924609184,0.008169712871313095,0.011794407851994038,0.9192739725112915,0.012230505235493183
01-07-02-01-02-14,train,14,6,disgust,07,02,01,02,03-01-07-02-01-02-14,data/raw/ravdess/audio_speech/Audio_Speech_Actors_01-24/Actor_14/03-01-07-02-01-02-14.wav,6,disgust,/home/tonyhe/ravdess_avfusion/external/audio_ser_speechbrain/speechbrain-develop-main/outputs/embeddings_ECAPA/train/03-01-07-02-01-02-14.npy,96,02-01-07-02-01-02-14,data/raw/ravdess/video_speech/Video_Speech_Actor_14/Actor_14/02-01-07-02-01-02-14.mp4,6,disgust,/home/tonyhe/ravdess_avfusion/external/video_face_branch/early_fusion_facial_v2/fusion_pack_5f/sequences/02-01-07-02-01-02-14.npy,5,2048,canonical_02,canonical_02,0.093482,0.087428,0.104124,0.095989,0.078315,0.133714,0.245195,0.161754,0.021895624324679376,0.01072973720729351,0.007822263240814208,0.010297086462378502,0.010184817295521498,0.01188688138499856,0.9150491833686829,0.012134409882128239
01-07-02-01-02-15,train,15,6,disgust,07,02,01,02,03-01-07-02-01-02-15,data/raw/ravdess/audio_speech/Audio_Speech_Actors_01-24/Actor_15/03-01-07-02-01-02-15.wav,6,disgust,/home/tonyhe/ravdess_avfusion/external/audio_ser_speechbrain/speechbrain-develop-main/outputs/embeddings_ECAPA/train/03-01-07-02-01-02-15.npy,96,02-01-07-02-01-02-15,data/raw/ravdess/video_speech/Video_Speech_Actor_15/Actor_15/02-01-07-02-01-02-15.mp4,6,disgust,/home/tonyhe/ravdess_avfusion/data/processed/video/backfill_actor15/sequence_embeddings_5f/train/02-01-07-02-01-02-15.npy,5,2048,backfill_actor15,backfill_actor15,0.101377,0.098995,0.098334,0.140663,0.085968,0.097537,0.247537,0.129588,0.04068403318524361,0.06369274854660034,0.04569368436932564,0.13276079297065735,0.2442200928926468,0.04816444590687752,0.40011700987815857,0.02466718479990959
01-07-02-01-02-16,train,16,6,disgust,07,02,01,02,03-01-07-02-01-02-16,data/raw/ravdess/audio_speech/Audio_Speech_Actors_01-24/Actor_16/03-01-07-02-01-02-16.wav,6,disgust,/home/tonyhe/ravdess_avfusion/external/audio_ser_speechbrain/speechbrain-develop-main/outputs/embeddings_ECAPA/train/03-01-07-02-01-02-16.npy,96,02-01-07-02-01-02-16,data/raw/ravdess/video_speech/Video_Speech_Actor_16/Actor_16/02-01-07-02-01-02-16.mp4,6,disgust,/home/tonyhe/ravdess_avfusion/external/video_face_branch/early_fusion_facial_v2/fusion_pack_5f/sequences/02-01-07-02-01-02-16.npy,5,2048,canonical_02,canonical_02,0.101461,0.112312,0.105694,0.087953,0.109422,0.088835,0.261823,0.132499,0.017648595571517944,0.009149642288684845,0.006575968954712153,0.007822692673653365,0.008126808889210224,0.007889326196163893,0.9364086508750915,0.00637831399217248
01-07-02-02-01-01,train,1,6,disgust,07,02,02,01,03-01-07-02-02-01-01,data/raw/ravdess/audio_speech/Audio_Speech_Actors_01-24/Actor_01/03-01-07-02-02-01-01.wav,6,disgust,/home/tonyhe/ravdess_avfusion/external/audio_ser_speechbrain/speechbrain-develop-main/outputs/embeddings_ECAPA/train/03-01-07-02-02-01-01.npy,96,02-01-07-02-02-01-01,data/raw/ravdess/video_speech/Video_Speech_Actor_01/Actor_01/02-01-07-02-02-01-01.mp4,6,disgust,/home/tonyhe/ravdess_avfusion/external/video_face_branch/early_fusion_facial_v2/fusion_pack_5f/sequences/02-01-07-02-02-01-01.npy,5,2048,canonical_02,canonical_02,0.112421,0.081809,0.088918,0.096117,0.131585,0.09643,0.258499,0.134221,0.01845639795064926,0.01127749914303422,0.009584193583577871,0.009762668702751397,0.010706635285168886,0.009181681182235479,0.9175898671150208,0.013441087678074837
01-07-02-02-01-02,train,2,6,disgust,07,02,02,01,03-01-07-02-02-01-02,data/raw/ravdess/audio_speech/Audio_Speech_Actors_01-24/Actor_02/03-01-07-02-02-01-02.wav,6,disgust,/home/tonyhe/ravdess_avfusion/external/audio_ser_speechbrain/speechbrain-develop-main/outputs/embeddings_ECAPA/train/03-01-07-02-02-01-02.npy,96,02-01-07-02-02-01-02,data/raw/ravdess/video_speech/Video_Speech_Actor_02/Actor_02/02-01-07-02-02-01-02.mp4,6,disgust,/home/tonyhe/ravdess_avfusion/external/video_face_branch/early_fusion_facial_v2/fusion_pack_5f/sequences/02-01-07-02-02-01-02.npy,5,2048,canonical_02,canonical_02,0.096978,0.095261,0.134383,0.094789,0.085179,0.129462,0.254999,0.108948,0.01866819281131029,0.01071128211915493,0.007864279486238957,0.007903488259762526,0.009912481158971786,0.008006789069622756,0.9285918474197388,0.008341641630977392
01-07-02-02-01-03,train,3,6,disgust,07,02,02,01,03-01-07-02-02-01-03,data/raw/ravdess/audio_speech/Audio_Speech_Actors_01-24/Actor_03/03-01-07-02-02-01-03.wav,6,disgust,/home/tonyhe/ravdess_avfusion/external/audio_ser_speechbrain/speechbrain-develop-main/outputs/embeddings_ECAPA/train/03-01-07-02-02-01-03.npy,96,02-01-07-02-02-01-03,data/raw/ravdess/video_speech/Video_Speech_Actor_03/Actor_03/02-01-07-02-02-01-03.mp4,6,disgust,/home/tonyhe/ravdess_avfusion/external/video_face_branch/early_fusion_facial_v2/fusion_pack_5f/sequences/02-01-07-02-02-01-03.npy,5,2048,canonical_02,canonical_02,0.123356,0.086796,0.092041,0.104518,0.141103,0.07439,0.239735,0.138062,0.017600320838391782,0.0073765434324741365,0.007857857644557953,0.008364875521510839,0.008241541963070632,0.010308632627129555,0.930295979976654,0.009954257030040025
01-07-02-02-01-04,train,4,6,disgust,07,02,02,01,03-01-07-02-02-01-04,data/raw/ravdess/audio_speech/Audio_Speech_Actors_01-24/Actor_04/03-01-07-02-02-01-04.wav,6,disgust,/home/tonyhe/ravdess_avfusion/external/audio_ser_speechbrain/speechbrain-develop-main/outputs/embeddings_ECAPA/train/03-01-07-02-02-01-04.npy,96,02-01-07-02-02-01-04,data/raw/ravdess/video_speech/Video_Speech_Actor_04/Actor_04/02-01-07-02-02-01-04.mp4,6,disgust,/home/tonyhe/ravdess_avfusion/external/video_face_branch/early_fusion_facial_v2/fusion_pack_5f/sequences/02-01-07-02-02-01-04.npy,5,2048,canonical_02,canonical_02,0.112361,0.090825,0.101623,0.111475,0.099489,0.118749,0.258116,0.107362,0.018670977279543876,0.011288058664649724,0.008096844237297774,0.00900209667161107,0.009398798551410436,0.008662241976708174,0.9250707507133484,0.009810226503759623
01-07-02-02-01-05,train,5,6,disgust,07,02,02,01,03-01-07-02-02-01-05,data/raw/ravdess/audio_speech/Audio_Speech_Actors_01-24/Actor_05/03-01-07-02-02-01-05.wav,6,disgust,/home/tonyhe/ravdess_avfusion/external/audio_ser_speechbrain/speechbrain-develop-main/outputs/embeddings_ECAPA/train/03-01-07-02-02-01-05.npy,96,02-01-07-02-02-01-05,data/raw/ravdess/video_speech/Video_Speech_Actor_05/Actor_05/02-01-07-02-02-01-05.mp4,6,disgust,/home/tonyhe/ravdess_avfusion/external/video_face_branch/early_fusion_facial_v2/fusion_pack_5f/sequences/02-01-07-02-02-01-05.npy,5,2048,canonical_02,canonical_02,0.101325,0.103529,0.100298,0.091786,0.141277,0.107056,0.255037,0.099693,0.022034835070371628,0.01133969910442829,0.009692233428359032,0.010337648913264275,0.010067061521112919,0.009895404428243637,0.9138925194740295,0.012740583159029484
01-07-02-02-01-06,train,6,6,disgust,07,02,02,01,03-01-07-02-02-01-06,data/raw/ravdess/audio_speech/Audio_Speech_Actors_01-24/Actor_06/03-01-07-02-02-01-06.wav,6,disgust,/home/tonyhe/ravdess_avfusion/external/audio_ser_speechbrain/speechbrain-develop-main/outputs/embeddings_ECAPA/train/03-01-07-02-02-01-06.npy,96,02-01-07-02-02-01-06,data/raw/ravdess/video_speech/Video_Speech_Actor_06/Actor_06/02-01-07-02-02-01-06.mp4,6,disgust,/home/tonyhe/ravdess_avfusion/external/video_face_branch/early_fusion_facial_v2/fusion_pack_5f/sequences/02-01-07-02-02-01-06.npy,5,2048,canonical_02,canonical_02,0.133462,0.103644,0.094154,0.078347,0.113298,0.098884,0.258563,0.119649,0.014989718608558179,0.008448697533458472,0.0071645652875304226,0.008779648412019014,0.007507752254605293,0.007587741687893867,0.9375754952430725,0.007946363929659129
01-07-02-02-01-07,train,7,6,disgust,07,02,02,01,03-01-07-02-02-01-07,data/raw/ravdess/audio_speech/Audio_Speech_Actors_01-24/Actor_07/03-01-07-02-02-01-07.wav,6,disgust,/home/tonyhe/ravdess_avfusion/external/audio_ser_speechbrain/speechbrain-develop-main/outputs/embeddings_ECAPA/train/03-01-07-02-02-01-07.npy,96,02-01-07-02-02-01-07,data/raw/ravdess/video_speech/Video_Speech_Actor_07/Actor_07/02-01-07-02-02-01-07.mp4,6,disgust,/home/tonyhe/ravdess_avfusion/external/video_face_branch/early_fusion_facial_v2/fusion_pack_5f/sequences/02-01-07-02-02-01-07.npy,5,2048,canonical_02,canonical_02,0.107139,0.089983,0.104847,0.14352,0.095788,0.080752,0.238151,0.139821,0.018351388350129127,0.00978365670889616,0.008001548796892166,0.010631181113421918,0.008352364785969258,0.008643992152065039,0.9262538433074952,0.00998199786990881
01-07-02-02-01-08,train,8,6,disgust,07,02,02,01,03-01-07-02-02-01-08,data/raw/ravdess/audio_speech/Audio_Speech_Actors_01-24/Actor_08/03-01-07-02-02-01-08.wav,6,disgust,/home/tonyhe/ravdess_avfusion/external/audio_ser_speechbrain/speechbrain-develop-main/outputs/embeddings_ECAPA/train/03-01-07-02-02-01-08.npy,96,02-01-07-02-02-01-08,data/raw/ravdess/video_speech/Video_Speech_Actor_08/Actor_08/02-01-07-02-02-01-08.mp4,6,disgust,/home/tonyhe/ravdess_avfusion/external/video_face_branch/early_fusion_facial_v2/fusion_pack_5f/sequences/02-01-07-02-02-01-08.npy,5,2048,canonical_02,canonical_02,0.11314,0.082382,0.092294,0.112989,0.107814,0.095456,0.261502,0.134423,0.02337322533130646,0.010479618795216084,0.009984725527465344,0.010718296095728875,0.010616296902298927,0.010954351723194122,0.9100688815116882,0.013804638385772705
01-07-02-02-01-09,train,9,6,disgust,07,02,02,01,03-01-07-02-02-01-09,data/raw/ravdess/audio_speech/Audio_Speech_Actors_01-24/Actor_09/03-01-07-02-02-01-09.wav,6,disgust,/home/tonyhe/ravdess_avfusion/external/audio_ser_speechbrain/speechbrain-develop-main/outputs/embeddings_ECAPA/train/03-01-07-02-02-01-09.npy,96,02-01-07-02-02-01-09,data/raw/ravdess/video_speech/Video_Speech_Actor_09/Actor_09/02-01-07-02-02-01-09.mp4,6,disgust,/home/tonyhe/ravdess_avfusion/external/video_face_branch/early_fusion_facial_v2/fusion_pack_5f/sequences/02-01-07-02-02-01-09.npy,5,2048,canonical_02,canonical_02,0.12119,0.078829,0.101234,0.104259,0.132727,0.074945,0.247488,0.139327,0.020990575104951857,0.010274872370064258,0.00948153119534254,0.009318158589303493,0.011751722544431686,0.011703193746507167,0.9149040341377258,0.011575896106660367
01-07-02-02-01-10,train,10,6,disgust,07,02,02,01,03-01-07-02-02-01-10,data/raw/ravdess/audio_speech/Audio_Speech_Actors_01-24/Actor_10/03-01-07-02-02-01-10.wav,6,disgust,/home/tonyhe/ravdess_avfusion/external/audio_ser_speechbrain/speechbrain-develop-main/outputs/embeddings_ECAPA/train/03-01-07-02-02-01-10.npy,96,02-01-07-02-02-01-10,data/raw/ravdess/video_speech/Video_Speech_Actor_10/Actor_10/02-01-07-02-02-01-10.mp4,6,disgust,/home/tonyhe/ravdess_avfusion/external/video_face_branch/early_fusion_facial_v2/fusion_pack_5f/sequences/02-01-07-02-02-01-10.npy,5,2048,canonical_02,canonical_02,0.088865,0.112861,0.121716,0.095112,0.081684,0.111562,0.257193,0.131006,0.018258402496576308,0.008036671951413155,0.007901593390852214,0.006977624166756869,0.008178084809333085,0.007966042216867208,0.935107159614563,0.007574427686631679
01-07-02-02-01-11,train,11,6,disgust,07,02,02,01,03-01-07-02-02-01-11,data/raw/ravdess/audio_speech/Audio_Speech_Actors_01-24/Actor_11/03-01-07-02-02-01-11.wav,6,disgust,/home/tonyhe/ravdess_avfusion/external/audio_ser_speechbrain/speechbrain-develop-main/outputs/embeddings_ECAPA/train/03-01-07-02-02-01-11.npy,96,02-01-07-02-02-01-11,data/raw/ravdess/video_speech/Video_Speech_Actor_11/Actor_11/02-01-07-02-02-01-11.mp4,6,disgust,/home/tonyhe/ravdess_avfusion/external/video_face_branch/early_fusion_facial_v2/fusion_pack_5f/sequences/02-01-07-02-02-01-11.npy,5,2048,canonical_02,canonical_02,0.087693,0.10155,0.132693,0.10076,0.10531,0.121749,0.254918,0.095327,0.015788131579756736,0.008012955542653799,0.008590146992355585,0.007703570555895567,0.007856766134500504,0.007217185758054257,0.9363232135772706,0.008508002385497093
01-07-02-02-01-12,train,12,6,disgust,07,02,02,01,03-01-07-02-02-01-12,data/raw/ravdess/audio_speech/Audio_Speech_Actors_01-24/Actor_12/03-01-07-02-02-01-12.wav,6,disgust,/home/tonyhe/ravdess_avfusion/external/audio_ser_speechbrain/speechbrain-develop-main/outputs/embeddings_ECAPA/train/03-01-07-02-02-01-12.npy,96,02-01-07-02-02-01-12,data/raw/ravdess/video_speech/Video_Speech_Actor_12/Actor_12/02-01-07-02-02-01-12.mp4,6,disgust,/home/tonyhe/ravdess_avfusion/external/video_face_branch/early_fusion_facial_v2/fusion_pack_5f/sequences/02-01-07-02-02-01-12.npy,5,2048,canonical_02,canonical_02,0.099369,0.102043,0.112209,0.121828,0.108108,0.082305,0.255237,0.1189,0.015191378816962243,0.008051946572959424,0.006535932701081037,0.008656184934079648,0.007899471651762724,0.007776097021996975,0.9372100949287414,0.008678878750652074
01-07-02-02-01-13,train,13,6,disgust,07,02,02,01,03-01-07-02-02-01-13,data/raw/ravdess/audio_speech/Audio_Speech_Actors_01-24/Actor_13/03-01-07-02-02-01-13.wav,6,disgust,/home/tonyhe/ravdess_avfusion/external/audio_ser_speechbrain/speechbrain-develop-main/outputs/embeddings_ECAPA/train/03-01-07-02-02-01-13.npy,96,02-01-07-02-02-01-13,data/raw/ravdess/video_speech/Video_Speech_Actor_13/Actor_13/02-01-07-02-02-01-13.mp4,6,disgust,/home/tonyhe/ravdess_avfusion/external/video_face_branch/early_fusion_facial_v2/fusion_pack_5f/sequences/02-01-07-02-02-01-13.npy,5,2048,canonical_02,canonical_02,0.105998,0.09308,0.100735,0.088496,0.089652,0.105213,0.272499,0.144327,0.019892847537994383,0.008440346177667379,0.008284797333180905,0.008753253426402808,0.008719247952103614,0.009998062066733837,0.9265728235244751,0.009338689036667347
01-07-02-02-01-14,train,14,6,disgust,07,02,02,01,03-01-07-02-02-01-14,data/raw/ravdess/audio_speech/Audio_Speech_Actors_01-24/Actor_14/03-01-07-02-02-01-14.wav,6,disgust,/home/tonyhe/ravdess_avfusion/external/audio_ser_speechbrain/speechbrain-develop-main/outputs/embeddings_ECAPA/train/03-01-07-02-02-01-14.npy,96,02-01-07-02-02-01-14,data/raw/ravdess/video_speech/Video_Speech_Actor_14/Actor_14/02-01-07-02-02-01-14.mp4,6,disgust,/home/tonyhe/ravdess_avfusion/external/video_face_branch/early_fusion_facial_v2/fusion_pack_5f/sequences/02-01-07-02-02-01-14.npy,5,2048,canonical_02,canonical_02,0.084833,0.129856,0.091621,0.12085,0.109843,0.111293,0.235809,0.115894,0.020835948549211024,0.009135059267282485,0.007554315868765116,0.008722599688917398,0.009182182420045138,0.008714201021939516,0.9272353768348693,0.008620320074260234
01-07-02-02-01-15,train,15,6,disgust,07,02,02,01,03-01-07-02-02-01-15,data/raw/ravdess/audio_speech/Audio_Speech_Actors_01-24/Actor_15/03-01-07-02-02-01-15.wav,6,disgust,/home/tonyhe/ravdess_avfusion/external/audio_ser_speechbrain/speechbrain-develop-main/outputs/embeddings_ECAPA/train/03-01-07-02-02-01-15.npy,96,02-01-07-02-02-01-15,data/raw/ravdess/video_speech/Video_Speech_Actor_15/Actor_15/02-01-07-02-02-01-15.mp4,6,disgust,/home/tonyhe/ravdess_avfusion/data/processed/video/backfill_actor15/sequence_embeddings_5f/train/02-01-07-02-02-01-15.npy,5,2048,backfill_actor15,backfill_actor15,0.100102,0.108172,0.084574,0.114733,0.101011,0.105968,0.250378,0.135063,0.10049112886190414,0.04063733294606209,0.02780289575457573,0.2177790105342865,0.03856152296066284,0.08515425026416779,0.4574938714504242,0.03207992762327194
01-07-02-02-01-16,train,16,6,disgust,07,02,02,01,03-01-07-02-02-01-16,data/raw/ravdess/audio_speech/Audio_Speech_Actors_01-24/Actor_16/03-01-07-02-02-01-16.wav,6,disgust,/home/tonyhe/ravdess_avfusion/external/audio_ser_speechbrain/speechbrain-develop-main/outputs/embeddings_ECAPA/train/03-01-07-02-02-01-16.npy,96,02-01-07-02-02-01-16,data/raw/ravdess/video_speech/Video_Speech_Actor_16/Actor_16/02-01-07-02-02-01-16.mp4,6,disgust,/home/tonyhe/ravdess_avfusion/external/video_face_branch/early_fusion_facial_v2/fusion_pack_5f/sequences/02-01-07-02-02-01-16.npy,5,2048,canonical_02,canonical_02,0.106904,0.09083,0.090574,0.112875,0.132213,0.108332,0.251717,0.106554,0.017018425092101098,0.00865357294678688,0.007153315097093582,0.008209406584501266,0.007142824120819569,0.009857929497957229,0.9339364647865296,0.008028091304004193
01-07-02-02-02-01,train,1,6,disgust,07,02,02,02,03-01-07-02-02-02-01,data/raw/ravdess/audio_speech/Audio_Speech_Actors_01-24/Actor_01/03-01-07-02-02-02-01.wav,6,disgust,/home/tonyhe/ravdess_avfusion/external/audio_ser_speechbrain/speechbrain-develop-main/outputs/embeddings_ECAPA/train/03-01-07-02-02-02-01.npy,96,02-01-07-02-02-02-01,data/raw/ravdess/video_speech/Video_Speech_Actor_01/Actor_01/02-01-07-02-02-02-01.mp4,6,disgust,/home/tonyhe/ravdess_avfusion/external/video_face_branch/early_fusion_facial_v2/fusion_pack_5f/sequences/02-01-07-02-02-02-01.npy,5,2048,canonical_02,canonical_02,0.083474,0.104026,0.123744,0.088552,0.096193,0.100313,0.26223,0.141468,0.014960643276572228,0.007767950836569071,0.006873606331646442,0.006690561398863792,0.008541528414934874,0.0078722907230258,0.9381455898284912,0.009147838316857814
01-07-02-02-02-02,train,2,6,disgust,07,02,02,02,03-01-07-02-02-02-02,data/raw/ravdess/audio_speech/Audio_Speech_Actors_01-24/Actor_02/03-01-07-02-02-02-02.wav,6,disgust,/home/tonyhe/ravdess_avfusion/external/audio_ser_speechbrain/speechbrain-develop-main/outputs/embeddings_ECAPA/train/03-01-07-02-02-02-02.npy,96,02-01-07-02-02-02-02,data/raw/ravdess/video_speech/Video_Speech_Actor_02/Actor_02/02-01-07-02-02-02-02.mp4,6,disgust,/home/tonyhe/ravdess_avfusion/external/video_face_branch/early_fusion_facial_v2/fusion_pack_5f/sequences/02-01-07-02-02-02-02.npy,5,2048,canonical_02,canonical_02,0.09433,0.088494,0.138764,0.107783,0.099878,0.105325,0.259974,0.105453,0.020234951749444008,0.011090020649135113,0.009839955996721984,0.009989491757005453,0.00869153132662177,0.007843390572816133,0.9232220768928527,0.009088540077209472
01-07-02-02-02-03,train,3,6,disgust,07,02,02,02,03-01-07-02-02-02-03,data/raw/ravdess/audio_speech/Audio_Speech_Actors_01-24/Actor_03/03-01-07-02-02-02-03.wav,6,disgust,/home/tonyhe/ravdess_avfusion/external/audio_ser_speechbrain/speechbrain-develop-main/outputs/embeddings_ECAPA/train/03-01-07-02-02-02-03.npy,96,02-01-07-02-02-02-03,data/raw/ravdess/video_speech/Video_Speech_Actor_03/Actor_03/02-01-07-02-02-02-03.mp4,6,disgust,/home/tonyhe/ravdess_avfusion/external/video_face_branch/early_fusion_facial_v2/fusion_pack_5f/sequences/02-01-07-02-02-02-03.npy,5,2048,canonical_02,canonical_02,0.094274,0.078225,0.101063,0.099596,0.123761,0.114734,0.263415,0.124932,0.017840716801583768,0.008525705989450216,0.009696496836841106,0.01010687779635191,0.009471936151385307,0.009425880014896392,0.9242576479911804,0.010674749780446292
01-07-02-02-02-04,train,4,6,disgust,07,02,02,02,03-01-07-02-02-02-04,data/raw/ravdess/audio_speech/Audio_Speech_Actors_01-24/Actor_04/03-01-07-02-02-02-04.wav,6,disgust,/home/tonyhe/ravdess_avfusion/external/audio_ser_speechbrain/speechbrain-develop-main/outputs/embeddings_ECAPA/train/03-01-07-02-02-02-04.npy,96,02-01-07-02-02-02-04,data/raw/ravdess/video_speech/Video_Speech_Actor_04/Actor_04/02-01-07-02-02-02-04.mp4,6,disgust,/home/tonyhe/ravdess_avfusion/external/video_face_branch/early_fusion_facial_v2/fusion_pack_5f/sequences/02-01-07-02-02-02-04.npy,5,2048,canonical_02,canonical_02,0.082773,0.09657,0.127135,0.09765,0.129543,0.103504,0.248604,0.114221,0.02133524138480425,0.012696996331214905,0.009556598402559758,0.009758440684527159,0.008747984003275634,0.007758975960314274,0.9198921084403991,0.010253657959401608
01-07-02-02-02-05,train,5,6,disgust,07,02,02,02,03-01-07-02-02-02-05,data/raw/ravdess/audio_speech/Audio_Speech_Actors_01-24/Actor_05/03-01-07-02-02-02-05.wav,6,disgust,/home/tonyhe/ravdess_avfusion/external/audio_ser_speechbrain/speechbrain-develop-main/outputs/embeddings_ECAPA/train/03-01-07-02-02-02-05.npy,96,02-01-07-02-02-02-05,data/raw/ravdess/video_speech/Video_Speech_Actor_05/Actor_05/02-01-07-02-02-02-05.mp4,6,disgust,/home/tonyhe/ravdess_avfusion/external/video_face_branch/early_fusion_facial_v2/fusion_pack_5f/sequences/02-01-07-02-02-02-05.npy,5,2048,canonical_02,canonical_02,0.102256,0.125654,0.117381,0.117561,0.11761,0.106819,0.233038,0.079682,0.021270978450775146,0.013799672573804855,0.010653432831168175,0.009462055657058955,0.010233660601079464,0.009909787960350514,0.9138882875442504,0.010782135091722012
01-07-02-02-02-06,train,6,6,disgust,07,02,02,02,03-01-07-02-02-02-06,data/raw/ravdess/audio_speech/Audio_Speech_Actors_01-24/Actor_06/03-01-07-02-02-02-06.wav,6,disgust,/home/tonyhe/ravdess_avfusion/external/audio_ser_speechbrain/speechbrain-develop-main/outputs/embeddings_ECAPA/train/03-01-07-02-02-02-06.npy,96,02-01-07-02-02-02-06,data/raw/ravdess/video_speech/Video_Speech_Actor_06/Actor_06/02-01-07-02-02-02-06.mp4,6,disgust,/home/tonyhe/ravdess_avfusion/external/video_face_branch/early_fusion_facial_v2/fusion_pack_5f/sequences/02-01-07-02-02-02-06.npy,5,2048,canonical_02,canonical_02,0.122615,0.087367,0.082615,0.136868,0.100334,0.094509,0.249485,0.126208,0.022263781726360322,0.011654089577496052,0.007842785585671664,0.010836952924728393,0.008202710654586554,0.007650023885071277,0.919624674320221,0.011924950405955315
01-07-02-02-02-07,train,7,6,disgust,07,02,02,02,03-01-07-02-02-02-07,data/raw/ravdess/audio_speech/Audio_Speech_Actors_01-24/Actor_07/03-01-07-02-02-02-07.wav,6,disgust,/home/tonyhe/ravdess_avfusion/external/audio_ser_speechbrain/speechbrain-develop-main/outputs/embeddings_ECAPA/train/03-01-07-02-02-02-07.npy,96,02-01-07-02-02-02-07,data/raw/ravdess/video_speech/Video_Speech_Actor_07/Actor_07/02-01-07-02-02-02-07.mp4,6,disgust,/home/tonyhe/ravdess_avfusion/external/video_face_branch/early_fusion_facial_v2/fusion_pack_5f/sequences/02-01-07-02-02-02-07.npy,5,2048,canonical_02,canonical_02,0.098333,0.100651,0.075463,0.119373,0.118688,0.102621,0.244651,0.140222,0.019106826186180113,0.0087006863206625,0.006970582064241171,0.009735787473618984,0.008441140130162238,0.007644792832434177,0.9283525347709656,0.011047659628093242
01-07-02-02-02-08,train,8,6,disgust,07,02,02,02,03-01-07-02-02-02-08,data/raw/ravdess/audio_speech/Audio_Speech_Actors_01-24/Actor_08/03-01-07-02-02-02-08.wav,6,disgust,/home/tonyhe/ravdess_avfusion/external/audio_ser_speechbrain/speechbrain-develop-main/outputs/embeddings_ECAPA/train/03-01-07-02-02-02-08.npy,96,02-01-07-02-02-02-08,data/raw/ravdess/video_speech/Video_Speech_Actor_08/Actor_08/02-01-07-02-02-02-08.mp4,6,disgust,/home/tonyhe/ravdess_avfusion/external/video_face_branch/early_fusion_facial_v2/fusion_pack_5f/sequences/02-01-07-02-02-02-08.npy,5,2048,canonical_02,canonical_02,0.127663,0.08378,0.083618,0.090133,0.105653,0.095311,0.241951,0.171891,0.01914026290178299,0.00915800891816616,0.008675678353756665,0.009617330878973008,0.00968895647674799,0.009238205943256616,0.9231116294860839,0.011369957402348519
01-07-02-02-02-09,train,9,6,disgust,07,02,02,02,03-01-07-02-02-02-09,data/raw/ravdess/audio_speech/Audio_Speech_Actors_01-24/Actor_09/03-01-07-02-02-02-09.wav,6,disgust,/home/tonyhe/ravdess_avfusion/external/audio_ser_speechbrain/speechbrain-develop-main/outputs/embeddings_ECAPA/train/03-01-07-02-02-02-09.npy,96,02-01-07-02-02-02-09,data/raw/ravdess/video_speech/Video_Speech_Actor_09/Actor_09/02-01-07-02-02-02-09.mp4,6,disgust,/home/tonyhe/ravdess_avfusion/external/video_face_branch/early_fusion_facial_v2/fusion_pack_5f/sequences/02-01-07-02-02-02-09.npy,5,2048,canonical_02,canonical_02,0.147871,0.086777,0.116396,0.113229,0.122457,0.073861,0.234441,0.104968,0.01957606039941311,0.009815574996173382,0.00889364555478096,0.008863420132547617,0.010554747190326452,0.009988256264477968,0.9214461803436279,0.010862149205058813
01-07-02-02-02-10,train,10,6,disgust,07,02,02,02,03-01-07-02-02-02-10,data/raw/ravdess/audio_speech/Audio_Speech_Actors_01-24/Actor_10/03-01-07-02-02-02-10.wav,6,disgust,/home/tonyhe/ravdess_avfusion/external/audio_ser_speechbrain/speechbrain-develop-main/outputs/embeddings_ECAPA/train/03-01-07-02-02-02-10.npy,96,02-01-07-02-02-02-10,data/raw/ravdess/video_speech/Video_Speech_Actor_10/Actor_10/02-01-07-02-02-02-10.mp4,6,disgust,/home/tonyhe/ravdess_avfusion/external/video_face_branch/early_fusion_facial_v2/fusion_pack_5f/sequences/02-01-07-02-02-02-10.npy,5,2048,canonical_02,canonical_02,0.108826,0.106133,0.118449,0.084949,0.102019,0.094514,0.267734,0.117375,0.02048676013946533,0.010738568753004074,0.008517712447792291,0.00959566431120038,0.009128496563062072,0.009396340418606996,0.919731879234314,0.01240458469837904
01-07-02-02-02-11,train,11,6,disgust,07,02,02,02,03-01-07-02-02-02-11,data/raw/ravdess/audio_speech/Audio_Speech_Actors_01-24/Actor_11/03-01-07-02-02-02-11.wav,6,disgust,/home/tonyhe/ravdess_avfusion/external/audio_ser_speechbrain/speechbrain-develop-main/outputs/embeddings_ECAPA/train/03-01-07-02-02-02-11.npy,96,02-01-07-02-02-02-11,data/raw/ravdess/video_speech/Video_Speech_Actor_11/Actor_11/02-01-07-02-02-02-11.mp4,6,disgust,/home/tonyhe/ravdess_avfusion/external/video_face_branch/early_fusion_facial_v2/fusion_pack_5f/sequences/02-01-07-02-02-02-11.npy,5,2048,canonical_02,canonical_02,0.096281,0.092461,0.12419,0.083734,0.131729,0.086028,0.255785,0.129791,0.01691879555583,0.009811082296073437,0.00807736162096262,0.007397096324712038,0.008311571832746268,0.00658276304602623,0.9343579173088074,0.008543425612151623
01-07-02-02-02-12,train,12,6,disgust,07,02,02,02,03-01-07-02-02-02-12,data/raw/ravdess/audio_speech/Audio_Speech_Actors_01-24/Actor_12/03-01-07-02-02-02-12.wav,6,disgust,/home/tonyhe/ravdess_avfusion/external/audio_ser_speechbrain/speechbrain-develop-main/outputs/embeddings_ECAPA/train/03-01-07-02-02-02-12.npy,96,02-01-07-02-02-02-12,data/raw/ravdess/video_speech/Video_Speech_Actor_12/Actor_12/02-01-07-02-02-02-12.mp4,6,disgust,/home/tonyhe/ravdess_avfusion/external/video_face_branch/early_fusion_facial_v2/fusion_pack_5f/sequences/02-01-07-02-02-02-12.npy,5,2048,canonical_02,canonical_02,0.085548,0.113944,0.118967,0.108017,0.092691,0.102095,0.255917,0.122823,0.017347052134573458,0.009739798866212368,0.007432965468615294,0.010172350890934467,0.006874439585953951,0.0075626767240464686,0.9306457877159119,0.010224906727671623
01-07-02-02-02-13,train,13,6,disgust,07,02,02,02,03-01-07-02-02-02-13,data/raw/ravdess/audio_speech/Audio_Speech_Actors_01-24/Actor_13/03-01-07-02-02-02-13.wav,6,disgust,/home/tonyhe/ravdess_avfusion/external/audio_ser_speechbrain/speechbrain-develop-main/outputs/embeddings_ECAPA/train/03-01-07-02-02-02-13.npy,96,02-01-07-02-02-02-13,data/raw/ravdess/video_speech/Video_Speech_Actor_13/Actor_13/02-01-07-02-02-02-13.mp4,6,disgust,/home/tonyhe/ravdess_avfusion/external/video_face_branch/early_fusion_facial_v2/fusion_pack_5f/sequences/02-01-07-02-02-02-13.npy,5,2048,canonical_02,canonical_02,0.113779,0.109648,0.131724,0.087654,0.110017,0.072664,0.245776,0.128738,0.019395154155790805,0.008991559129208326,0.008957851212471724,0.011128190159797668,0.007542600296437741,0.0085552797652781,0.9267779350280761,0.00865144031122327
01-07-02-02-02-14,train,14,6,disgust,07,02,02,02,03-01-07-02-02-02-14,data/raw/ravdess/audio_speech/Audio_Speech_Actors_01-24/Actor_14/03-01-07-02-02-02-14.wav,6,disgust,/home/tonyhe/ravdess_avfusion/external/audio_ser_speechbrain/speechbrain-develop-main/outputs/embeddings_ECAPA/train/03-01-07-02-02-02-14.npy,96,02-01-07-02-02-02-14,data/raw/ravdess/video_speech/Video_Speech_Actor_14/Actor_14/02-01-07-02-02-02-14.mp4,6,disgust,/home/tonyhe/ravdess_avfusion/external/video_face_branch/early_fusion_facial_v2/fusion_pack_5f/sequences/02-01-07-02-02-02-14.npy,5,2048,canonical_02,canonical_02,0.097244,0.082348,0.112651,0.115753,0.094097,0.099322,0.26032,0.138264,0.024959461018443107,0.012252584844827653,0.010630893334746361,0.010663946345448493,0.042938068695366385,0.010988050885498524,0.8757417917251586,0.011825205758213997
01-07-02-02-02-15,train,15,6,disgust,07,02,02,02,03-01-07-02-02-02-15,data/raw/ravdess/audio_speech/Audio_Speech_Actors_01-24/Actor_15/03-01-07-02-02-02-15.wav,6,disgust,/home/tonyhe/ravdess_avfusion/external/audio_ser_speechbrain/speechbrain-develop-main/outputs/embeddings_ECAPA/train/03-01-07-02-02-02-15.npy,96,02-01-07-02-02-02-15,data/raw/ravdess/video_speech/Video_Speech_Actor_15/Actor_15/02-01-07-02-02-02-15.mp4,3,sad,/home/tonyhe/ravdess_avfusion/data/processed/video/backfill_actor15/sequence_embeddings_5f/train/02-01-07-02-02-02-15.npy,5,2048,backfill_actor15,backfill_actor15,0.104379,0.079035,0.092263,0.136764,0.116266,0.109654,0.248789,0.112851,0.021135736256837845,0.013539778999984264,0.0503576286137104,0.3107675611972809,0.06479702889919281,0.2462024688720703,0.28338855504989624,0.009811243042349815
01-07-02-02-02-16,train,16,6,disgust,07,02,02,02,03-01-07-02-02-02-16,data/raw/ravdess/audio_speech/Audio_Speech_Actors_01-24/Actor_16/03-01-07-02-02-02-16.wav,6,disgust,/home/tonyhe/ravdess_avfusion/external/audio_ser_speechbrain/speechbrain-develop-main/outputs/embeddings_ECAPA/train/03-01-07-02-02-02-16.npy,96,02-01-07-02-02-02-16,data/raw/ravdess/video_speech/Video_Speech_Actor_16/Actor_16/02-01-07-02-02-02-16.mp4,6,disgust,/home/tonyhe/ravdess_avfusion/external/video_face_branch/early_fusion_facial_v2/fusion_pack_5f/sequences/02-01-07-02-02-02-16.npy,5,2048,canonical_02,canonical_02,0.105785,0.089979,0.106054,0.104323,0.125188,0.083129,0.264266,0.121276,0.016848336532711984,0.00856154104694724,0.006991608068346977,0.007965781353414058,0.00906641772016883,0.010089420899748801,0.932893717288971,0.0075831938534975055
01-08-01-01-01-01,train,1,7,surprise,08,01,01,01,03-01-08-01-01-01-01,data/raw/ravdess/audio_speech/Audio_Speech_Actors_01-24/Actor_01/03-01-08-01-01-01-01.wav,7,surprise,/home/tonyhe/ravdess_avfusion/external/audio_ser_speechbrain/speechbrain-develop-main/outputs/embeddings_ECAPA/train/03-01-08-01-01-01-01.npy,96,02-01-08-01-01-01-01,data/raw/ravdess/video_speech/Video_Speech_Actor_01/Actor_01/02-01-08-01-01-01-01.mp4,7,surprise,/home/tonyhe/ravdess_avfusion/external/video_face_branch/early_fusion_facial_v2/fusion_pack_5f/sequences/02-01-08-01-01-01-01.npy,5,2048,canonical_02,canonical_02,0.131803,0.109851,0.128184,0.100393,0.119014,0.085318,0.094006,0.231431,0.01781491469591856,0.009377957321703434,0.007371749263256788,0.012196415290236472,0.010187417082488538,0.007643750868737698,0.009202024154365062,0.9262057781219483
01-08-01-01-01-02,train,2,7,surprise,08,01,01,01,03-01-08-01-01-01-02,data/raw/ravdess/audio_speech/Audio_Speech_Actors_01-24/Actor_02/03-01-08-01-01-01-02.wav,7,surprise,/home/tonyhe/ravdess_avfusion/external/audio_ser_speechbrain/speechbrain-develop-main/outputs/embeddings_ECAPA/train/03-01-08-01-01-01-02.npy,96,02-01-08-01-01-01-02,data/raw/ravdess/video_speech/Video_Speech_Actor_02/Actor_02/02-01-08-01-01-01-02.mp4,0,neutral,/home/tonyhe/ravdess_avfusion/external/video_face_branch/early_fusion_facial_v2/fusion_pack_5f/sequences/02-01-08-01-01-01-02.npy,5,2048,canonical_02,canonical_02,0.108684,0.083978,0.114096,0.107406,0.10812,0.091076,0.119319,0.267321,0.47642609998583796,0.010344193968921899,0.011092987563461065,0.007112490478903055,0.020140170957893132,0.009437780547887086,0.008398640435189009,0.45704764910042284
01-08-01-01-01-03,train,3,7,surprise,08,01,01,01,03-01-08-01-01-01-03,data/raw/ravdess/audio_speech/Audio_Speech_Actors_01-24/Actor_03/03-01-08-01-01-01-03.wav,7,surprise,/home/tonyhe/ravdess_avfusion/external/audio_ser_speechbrain/speechbrain-develop-main/outputs/embeddings_ECAPA/train/03-01-08-01-01-01-03.npy,96,02-01-08-01-01-01-03,data/raw/ravdess/video_speech/Video_Speech_Actor_03/Actor_03/02-01-08-01-01-01-03.mp4,7,surprise,/home/tonyhe/ravdess_avfusion/external/video_face_branch/early_fusion_facial_v2/fusion_pack_5f/sequences/02-01-08-01-01-01-03.npy,5,2048,canonical_02,canonical_02,0.115348,0.081185,0.143888,0.099069,0.081058,0.123295,0.114348,0.24181,0.02722080685198307,0.012463765777647495,0.013695808872580529,0.01251527015119791,0.01184600219130516,0.011393369641155005,0.0167252741754055,0.8941396951675415
01-08-01-01-01-04,train,4,7,surprise,08,01,01,01,03-01-08-01-01-01-04,data/raw/ravdess/audio_speech/Audio_Speech_Actors_01-24/Actor_04/03-01-08-01-01-01-04.wav,7,surprise,/home/tonyhe/ravdess_avfusion/external/audio_ser_speechbrain/speechbrain-develop-main/outputs/embeddings_ECAPA/train/03-01-08-01-01-01-04.npy,96,02-01-08-01-01-01-04,data/raw/ravdess/video_speech/Video_Speech_Actor_04/Actor_04/02-01-08-01-01-01-04.mp4,7,surprise,/home/tonyhe/ravdess_avfusion/external/video_face_branch/early_fusion_facial_v2/fusion_pack_5f/sequences/02-01-08-01-01-01-04.npy,5,2048,canonical_02,canonical_02,0.118528,0.07675,0.12595,0.105611,0.098461,0.101288,0.114746,0.258666,0.024178775399923323,0.00877996850758791,0.011905049066990614,0.09793561575934291,0.009878804348409176,0.01968552004545927,0.012853728141635656,0.8147825300693512
01-08-01-01-01-05,train,5,7,surprise,08,01,01,01,03-01-08-01-01-01-05,data/raw/ravdess/audio_speech/Audio_Speech_Actors_01-24/Actor_05/03-01-08-01-01-01-05.wav,7,surprise,/home/tonyhe/ravdess_avfusion/external/audio_ser_speechbrain/speechbrain-develop-main/outputs/embeddings_ECAPA/train/03-01-08-01-01-01-05.npy,96,02-01-08-01-01-01-05,data/raw/ravdess/video_speech/Video_Speech_Actor_05/Actor_05/02-01-08-01-01-01-05.mp4,7,surprise,/home/tonyhe/ravdess_avfusion/external/video_face_branch/early_fusion_facial_v2/fusion_pack_5f/sequences/02-01-08-01-01-01-05.npy,5,2048,canonical_02,canonical_02,0.115905,0.079858,0.126624,0.087193,0.107889,0.104062,0.125345,0.253125,0.015442619659006595,0.0069470562972128395,0.006753761973232031,0.009637459833174943,0.010044530034065247,0.0083281553350389,0.007760204374790192,0.9350862622261047
01-08-01-01-01-06,train,6,7,surprise,08,01,01,01,03-01-08-01-01-01-06,data/raw/ravdess/audio_speech/Audio_Speech_Actors_01-24/Actor_06/03-01-08-01-01-01-06.wav,7,surprise,/home/tonyhe/ravdess_avfusion/external/audio_ser_speechbrain/speechbrain-develop-main/outputs/embeddings_ECAPA/train/03-01-08-01-01-01-06.npy,96,02-01-08-01-01-01-06,data/raw/ravdess/video_speech/Video_Speech_Actor_06/Actor_06/02-01-08-01-01-01-06.mp4,7,surprise,/home/tonyhe/ravdess_avfusion/external/video_face_branch/early_fusion_facial_v2/fusion_pack_5f/sequences/02-01-08-01-01-01-06.npy,5,2048,canonical_02,canonical_02,0.122782,0.107687,0.108394,0.074374,0.097899,0.102684,0.137033,0.249147,0.02270520180463791,0.009459614008665084,0.008214144594967365,0.012066725268959999,0.007640232052654028,0.012650150246918202,0.010951554030179977,0.9163123846054078
01-08-01-01-01-07,train,7,7,surprise,08,01,01,01,03-01-08-01-01-01-07,data/raw/ravdess/audio_speech/Audio_Speech_Actors_01-24/Actor_07/03-01-08-01-01-01-07.wav,7,surprise,/home/tonyhe/ravdess_avfusion/external/audio_ser_speechbrain/speechbrain-develop-main/outputs/embeddings_ECAPA/train/03-01-08-01-01-01-07.npy,96,02-01-08-01-01-01-07,data/raw/ravdess/video_speech/Video_Speech_Actor_07/Actor_07/02-01-08-01-01-01-07.mp4,7,surprise,/home/tonyhe/ravdess_avfusion/external/video_face_branch/early_fusion_facial_v2/fusion_pack_5f/sequences/02-01-08-01-01-01-07.npy,5,2048,canonical_02,canonical_02,0.105577,0.089938,0.106102,0.089998,0.100435,0.102881,0.136432,0.268637,0.01782701928168535,0.007542371656745673,0.008277489803731441,0.011453594081103802,0.008900423254817724,0.009931838139891624,0.011043829470872879,0.9250234365463257
01-08-01-01-01-08,train,8,7,surprise,08,01,01,01,03-01-08-01-01-01-08,data/raw/ravdess/audio_speech/Audio_Speech_Actors_01-24/Actor_08/03-01-08-01-01-01-08.wav,7,surprise,/home/tonyhe/ravdess_avfusion/external/audio_ser_speechbrain/speechbrain-develop-main/outputs/embeddings_ECAPA/train/03-01-08-01-01-01-08.npy,96,02-01-08-01-01-01-08,data/raw/ravdess/video_speech/Video_Speech_Actor_08/Actor_08/02-01-08-01-01-01-08.mp4,7,surprise,/home/tonyhe/ravdess_avfusion/external/video_face_branch/early_fusion_facial_v2/fusion_pack_5f/sequences/02-01-08-01-01-01-08.npy,5,2048,canonical_02,canonical_02,0.093159,0.087544,0.101623,0.104758,0.084435,0.115175,0.137967,0.275337,0.03770812600851059,0.008752710558474064,0.009514323063194751,0.022370929876342417,0.02080152668058872,0.012118062283843756,0.010849590227007867,0.8778847217559814
01-08-01-01-01-09,train,9,7,surprise,08,01,01,01,03-01-08-01-01-01-09,data/raw/ravdess/audio_speech/Audio_Speech_Actors_01-24/Actor_09/03-01-08-01-01-01-09.wav,7,surprise,/home/tonyhe/ravdess_avfusion/external/audio_ser_speechbrain/speechbrain-develop-main/outputs/embeddings_ECAPA/train/03-01-08-01-01-01-09.npy,96,02-01-08-01-01-01-09,data/raw/ravdess/video_speech/Video_Speech_Actor_09/Actor_09/02-01-08-01-01-01-09.mp4,7,surprise,/home/tonyhe/ravdess_avfusion/external/video_face_branch/early_fusion_facial_v2/fusion_pack_5f/sequences/02-01-08-01-01-01-09.npy,5,2048,canonical_02,canonical_02,0.145274,0.122194,0.106319,0.085036,0.086254,0.110023,0.116448,0.22845,0.023222291097044944,0.010054206103086471,0.009393248241394758,0.011545521765947342,0.01097931694239378,0.01007111994549632,0.01073127631098032,0.9140030741691589
01-08-01-01-01-10,train,10,7,surprise,08,01,01,01,03-01-08-01-01-01-10,data/raw/ravdess/audio_speech/Audio_Speech_Actors_01-24/Actor_10/03-01-08-01-01-01-10.wav,7,surprise,/home/tonyhe/ravdess_avfusion/external/audio_ser_speechbrain/speechbrain-develop-main/outputs/embeddings_ECAPA/train/03-01-08-01-01-01-10.npy,96,02-01-08-01-01-01-10,data/raw/ravdess/video_speech/Video_Speech_Actor_10/Actor_10/02-01-08-01-01-01-10.mp4,7,surprise,/home/tonyhe/ravdess_avfusion/external/video_face_branch/early_fusion_facial_v2/fusion_pack_5f/sequences/02-01-08-01-01-01-10.npy,5,2048,canonical_02,canonical_02,0.125853,0.085647,0.111935,0.106249,0.094001,0.103119,0.113291,0.259905,0.11099420748651027,0.010073969792574643,0.013525271415710449,0.01551911123096943,0.008836929500102998,0.014526019431650638,0.013315408863127232,0.8132090747356415
01-08-01-01-01-11,train,11,7,surprise,08,01,01,01,03-01-08-01-01-01-11,data/raw/ravdess/audio_speech/Audio_Speech_Actors_01-24/Actor_11/03-01-08-01-01-01-11.wav,7,surprise,/home/tonyhe/ravdess_avfusion/external/audio_ser_speechbrain/speechbrain-develop-main/outputs/embeddings_ECAPA/train/03-01-08-01-01-01-11.npy,96,02-01-08-01-01-01-11,data/raw/ravdess/video_speech/Video_Speech_Actor_11/Actor_11/02-01-08-01-01-01-11.mp4,7,surprise,/home/tonyhe/ravdess_avfusion/external/video_face_branch/early_fusion_facial_v2/fusion_pack_5f/sequences/02-01-08-01-01-01-11.npy,5,2048,canonical_02,canonical_02,0.112559,0.070796,0.13365,0.101167,0.085455,0.115679,0.129682,0.251012,0.017363563738763334,0.010363295767456293,0.010905565414577722,0.013205862976610661,0.0459874315187335,0.010357386153191327,0.013260632753372192,0.8785562634468078
01-08-01-01-01-12,train,12,7,surprise,08,01,01,01,03-01-08-01-01-01-12,data/raw/ravdess/audio_speech/Audio_Speech_Actors_01-24/Actor_12/03-01-08-01-01-01-12.wav,7,surprise,/home/tonyhe/ravdess_avfusion/external/audio_ser_speechbrain/speechbrain-develop-main/outputs/embeddings_ECAPA/train/03-01-08-01-01-01-12.npy,96,02-01-08-01-01-01-12,data/raw/ravdess/video_speech/Video_Speech_Actor_12/Actor_12/02-01-08-01-01-01-12.mp4,7,surprise,/home/tonyhe/ravdess_avfusion/external/video_face_branch/early_fusion_facial_v2/fusion_pack_5f/sequences/02-01-08-01-01-01-12.npy,5,2048,canonical_02,canonical_02,0.117526,0.080061,0.119717,0.11725,0.095691,0.090647,0.121913,0.257195,0.0557986231520772,0.013525237515568733,0.007205332349985838,0.009179883636534214,0.003871834650635719,0.00847305664792657,0.01322679640725255,0.8887192368507385
01-08-01-01-01-13,train,13,7,surprise,08,01,01,01,03-01-08-01-01-01-13,data/raw/ravdess/audio_speech/Audio_Speech_Actors_01-24/Actor_13/03-01-08-01-01-01-13.wav,7,surprise,/home/tonyhe/ravdess_avfusion/external/audio_ser_speechbrain/speechbrain-develop-main/outputs/embeddings_ECAPA/train/03-01-08-01-01-01-13.npy,96,02-01-08-01-01-01-13,data/raw/ravdess/video_speech/Video_Speech_Actor_13/Actor_13/02-01-08-01-01-01-13.mp4,7,surprise,/home/tonyhe/ravdess_avfusion/external/video_face_branch/early_fusion_facial_v2/fusion_pack_5f/sequences/02-01-08-01-01-01-13.npy,5,2048,canonical_02,canonical_02,0.112539,0.073095,0.140564,0.096908,0.106797,0.088482,0.139429,0.242185,0.01820683553814888,0.0067362113855779174,0.013496225606650114,0.006576762534677982,0.011354964133352042,0.00908224591985345,0.013915112614631653,0.920631718635559
01-08-01-01-01-14,train,14,7,surprise,08,01,01,01,03-01-08-01-01-01-14,data/raw/ravdess/audio_speech/Audio_Speech_Actors_01-24/Actor_14/03-01-08-01-01-01-14.wav,7,surprise,/home/tonyhe/ravdess_avfusion/external/audio_ser_speechbrain/speechbrain-develop-main/outputs/embeddings_ECAPA/train/03-01-08-01-01-01-14.npy,96,02-01-08-01-01-01-14,data/raw/ravdess/video_speech/Video_Speech_Actor_14/Actor_14/02-01-08-01-01-01-14.mp4,7,surprise,/home/tonyhe/ravdess_avfusion/external/video_face_branch/early_fusion_facial_v2/fusion_pack_5f/sequences/02-01-08-01-01-01-14.npy,5,2048,canonical_02,canonical_02,0.128992,0.098525,0.120807,0.09248,0.080869,0.097124,0.130294,0.25091,0.02023063525557518,0.010974819120019675,0.011590996477752923,0.008642985485494137,0.0103772958740592,0.005800739116966725,0.05557297132909298,0.8768095374107361
01-08-01-01-01-15,train,15,7,surprise,08,01,01,01,03-01-08-01-01-01-15,data/raw/ravdess/audio_speech/Audio_Speech_Actors_01-24/Actor_15/03-01-08-01-01-01-15.wav,7,surprise,/home/tonyhe/ravdess_avfusion/external/audio_ser_speechbrain/speechbrain-develop-main/outputs/embeddings_ECAPA/train/03-01-08-01-01-01-15.npy,96,02-01-08-01-01-01-15,data/raw/ravdess/video_speech/Video_Speech_Actor_15/Actor_15/02-01-08-01-01-01-15.mp4,2,happy,/home/tonyhe/ravdess_avfusion/data/processed/video/backfill_actor15/sequence_embeddings_5f/train/02-01-08-01-01-01-15.npy,5,2048,backfill_actor15,backfill_actor15,0.106622,0.103063,0.107977,0.122246,0.07999,0.097695,0.145457,0.236951,0.3664558231830597,0.07889138162136078,0.3897523283958435,0.08251770585775375,0.021412130445241928,0.01081078965216875,0.03355724364519119,0.01660260744392872
01-08-01-01-01-16,train,16,7,surprise,08,01,01,01,03-01-08-01-01-01-16,data/raw/ravdess/audio_speech/Audio_Speech_Actors_01-24/Actor_16/03-01-08-01-01-01-16.wav,7,surprise,/home/tonyhe/ravdess_avfusion/external/audio_ser_speechbrain/speechbrain-develop-main/outputs/embeddings_ECAPA/train/03-01-08-01-01-01-16.npy,96,02-01-08-01-01-01-16,data/raw/ravdess/video_speech/Video_Speech_Actor_16/Actor_16/02-01-08-01-01-01-16.mp4,7,surprise,/home/tonyhe/ravdess_avfusion/external/video_face_branch/early_fusion_facial_v2/fusion_pack_5f/sequences/02-01-08-01-01-01-16.npy,5,2048,canonical_02,canonical_02,0.128456,0.082635,0.153223,0.096195,0.081489,0.105662,0.121573,0.230765,0.019643247686326505,0.008743118122220039,0.009401032328605652,0.008981106057763099,0.010678505152463913,0.007152264099568128,0.008502070140093566,0.9268986821174622
01-08-01-01-02-01,train,1,7,surprise,08,01,01,02,03-01-08-01-01-02-01,data/raw/ravdess/audio_speech/Audio_Speech_Actors_01-24/Actor_01/03-01-08-01-01-02-01.wav,7,surprise,/home/tonyhe/ravdess_avfusion/external/audio_ser_speechbrain/speechbrain-develop-main/outputs/embeddings_ECAPA/train/03-01-08-01-01-02-01.npy,96,02-01-08-01-01-02-01,data/raw/ravdess/video_speech/Video_Speech_Actor_01/Actor_01/02-01-08-01-01-02-01.mp4,7,surprise,/home/tonyhe/ravdess_avfusion/external/video_face_branch/early_fusion_facial_v2/fusion_pack_5f/sequences/02-01-08-01-01-02-01.npy,5,2048,canonical_02,canonical_02,0.120913,0.09345,0.151162,0.103925,0.099982,0.088247,0.105506,0.236815,0.016980153135955335,0.009115946758538485,0.009121055342257023,0.015121751464903355,0.008226812537759542,0.005804455652832985,0.011320227105170489,0.9243096113204956
01-08-01-01-02-02,train,2,7,surprise,08,01,01,02,03-01-08-01-01-02-02,data/raw/ravdess/audio_speech/Audio_Speech_Actors_01-24/Actor_02/03-01-08-01-01-02-02.wav,7,surprise,/home/tonyhe/ravdess_avfusion/external/audio_ser_speechbrain/speechbrain-develop-main/outputs/embeddings_ECAPA/train/03-01-08-01-01-02-02.npy,96,02-01-08-01-01-02-02,data/raw/ravdess/video_speech/Video_Speech_Actor_02/Actor_02/02-01-08-01-01-02-02.mp4,7,surprise,/home/tonyhe/ravdess_avfusion/external/video_face_branch/early_fusion_facial_v2/fusion_pack_5f/sequences/02-01-08-01-01-02-02.npy,5,2048,canonical_02,canonical_02,0.115098,0.089667,0.122529,0.094327,0.097155,0.088506,0.128628,0.264089,0.17728311643004419,0.009562314208596944,0.010140715818852186,0.010516283474862576,0.02282457975670695,0.008744680415838956,0.012437172047793866,0.748491145670414
01-08-01-01-02-03,train,3,7,surprise,08,01,01,02,03-01-08-01-01-02-03,data/raw/ravdess/audio_speech/Audio_Speech_Actors_01-24/Actor_03/03-01-08-01-01-02-03.wav,7,surprise,/home/tonyhe/ravdess_avfusion/external/audio_ser_speechbrain/speechbrain-develop-main/outputs/embeddings_ECAPA/train/03-01-08-01-01-02-03.npy,96,02-01-08-01-01-02-03,data/raw/ravdess/video_speech/Video_Speech_Actor_03/Actor_03/02-01-08-01-01-02-03.mp4,7,surprise,/home/tonyhe/ravdess_avfusion/external/video_face_branch/early_fusion_facial_v2/fusion_pack_5f/sequences/02-01-08-01-01-02-03.npy,5,2048,canonical_02,canonical_02,0.111856,0.087375,0.102785,0.079247,0.093637,0.129849,0.14541,0.249842,0.021978809870779513,0.012492673471570015,0.01394233200699091,0.011312227323651313,0.01029907464981079,0.011266748234629632,0.016364317946136,0.9023437619209289
01-08-01-01-02-04,train,4,7,surprise,08,01,01,02,03-01-08-01-01-02-04,data/raw/ravdess/audio_speech/Audio_Speech_Actors_01-24/Actor_04/03-01-08-01-01-02-04.wav,7,surprise,/home/tonyhe/ravdess_avfusion/external/audio_ser_speechbrain/speechbrain-develop-main/outputs/embeddings_ECAPA/train/03-01-08-01-01-02-04.npy,96,02-01-08-01-01-02-04,data/raw/ravdess/video_speech/Video_Speech_Actor_04/Actor_04/02-01-08-01-01-02-04.mp4,7,surprise,/home/tonyhe/ravdess_avfusion/external/video_face_branch/early_fusion_facial_v2/fusion_pack_5f/sequences/02-01-08-01-01-02-04.npy,5,2048,canonical_02,canonical_02,0.118267,0.088302,0.135222,0.113028,0.09655,0.084659,0.110808,0.253163,0.03263134248554707,0.008932621497660876,0.012696557678282261,0.024996834807097912,0.042695190757513046,0.015930406656116246,0.011571289971470833,0.8505457878112793
01-08-01-01-02-05,train,5,7,surprise,08,01,01,02,03-01-08-01-01-02-05,data/raw/ravdess/audio_speech/Audio_Speech_Actors_01-24/Actor_05/03-01-08-01-01-02-05.wav,7,surprise,/home/tonyhe/ravdess_avfusion/external/audio_ser_speechbrain/speechbrain-develop-main/outputs/embeddings_ECAPA/train/03-01-08-01-01-02-05.npy,96,02-01-08-01-01-02-05,data/raw/ravdess/video_speech/Video_Speech_Actor_05/Actor_05/02-01-08-01-01-02-05.mp4,7,surprise,/home/tonyhe/ravdess_avfusion/external/video_face_branch/early_fusion_facial_v2/fusion_pack_5f/sequences/02-01-08-01-01-02-05.npy,5,2048,canonical_02,canonical_02,0.133159,0.094047,0.118492,0.098152,0.116972,0.08542,0.107206,0.246552,0.01854453645646572,0.008923471346497536,0.008528423495590687,0.01396883837878704,0.013213610649108887,0.009895615093410016,0.012167766876518726,0.9147577404975891
01-08-01-01-02-06,train,6,7,surprise,08,01,01,02,03-01-08-01-01-02-06,data/raw/ravdess/audio_speech/Audio_Speech_Actors_01-24/Actor_06/03-01-08-01-01-02-06.wav,7,surprise,/home/tonyhe/ravdess_avfusion/external/audio_ser_speechbrain/speechbrain-develop-main/outputs/embeddings_ECAPA/train/03-01-08-01-01-02-06.npy,96,02-01-08-01-01-02-06,data/raw/ravdess/video_speech/Video_Speech_Actor_06/Actor_06/02-01-08-01-01-02-06.mp4,7,surprise,/home/tonyhe/ravdess_avfusion/external/video_face_branch/early_fusion_facial_v2/fusion_pack_5f/sequences/02-01-08-01-01-02-06.npy,5,2048,canonical_02,canonical_02,0.1243,0.09462,0.114283,0.091659,0.100923,0.098004,0.117609,0.258602,0.01621225252747536,0.008012192975729703,0.007030140049755574,0.01177928652614355,0.007408208958804607,0.013987126480787992,0.011759120412170887,0.9238116860389709
01-08-01-01-02-07,train,7,7,surprise,08,01,01,02,03-01-08-01-01-02-07,data/raw/ravdess/audio_speech/Audio_Speech_Actors_01-24/Actor_07/03-01-08-01-01-02-07.wav,7,surprise,/home/tonyhe/ravdess_avfusion/external/audio_ser_speechbrain/speechbrain-develop-main/outputs/embeddings_ECAPA/train/03-01-08-01-01-02-07.npy,96,02-01-08-01-01-02-07,data/raw/ravdess/video_speech/Video_Speech_Actor_07/Actor_07/02-01-08-01-01-02-07.mp4,7,surprise,/home/tonyhe/ravdess_avfusion/external/video_face_branch/early_fusion_facial_v2/fusion_pack_5f/sequences/02-01-08-01-01-02-07.npy,5,2048,canonical_02,canonical_02,0.104029,0.090729,0.126335,0.083537,0.114273,0.093684,0.128096,0.259318,0.016942671686410903,0.008073030970990658,0.008474058844149113,0.010114105325192213,0.008922615833580495,0.007507951837033034,0.011019716411828995,0.9289458751678467
01-08-01-01-02-08,train,8,7,surprise,08,01,01,02,03-01-08-01-01-02-08,data/raw/ravdess/audio_speech/Audio_Speech_Actors_01-24/Actor_08/03-01-08-01-01-02-08.wav,7,surprise,/home/tonyhe/ravdess_avfusion/external/audio_ser_speechbrain/speechbrain-develop-main/outputs/embeddings_ECAPA/train/03-01-08-01-01-02-08.npy,96,02-01-08-01-01-02-08,data/raw/ravdess/video_speech/Video_Speech_Actor_08/Actor_08/02-01-08-01-01-02-08.mp4,7,surprise,/home/tonyhe/ravdess_avfusion/external/video_face_branch/early_fusion_facial_v2/fusion_pack_5f/sequences/02-01-08-01-01-02-08.npy,5,2048,canonical_02,canonical_02,0.110111,0.079721,0.103953,0.10277,0.09757,0.097743,0.136062,0.272071,0.02126908823847771,0.013573956117033959,0.011946972645819186,0.02537133786827326,0.022612715139985085,0.014484456274658442,0.014026262797415257,0.8767151832580566
01-08-01-01-02-09,train,9,7,surprise,08,01,01,02,03-01-08-01-01-02-09,data/raw/ravdess/audio_speech/Audio_Speech_Actors_01-24/Actor_09/03-01-08-01-01-02-09.wav,7,surprise,/home/tonyhe/ravdess_avfusion/external/audio_ser_speechbrain/speechbrain-develop-main/outputs/embeddings_ECAPA/train/03-01-08-01-01-02-09.npy,96,02-01-08-01-01-02-09,data/raw/ravdess/video_speech/Video_Speech_Actor_09/Actor_09/02-01-08-01-01-02-09.mp4,7,surprise,/home/tonyhe/ravdess_avfusion/external/video_face_branch/early_fusion_facial_v2/fusion_pack_5f/sequences/02-01-08-01-01-02-09.npy,5,2048,canonical_02,canonical_02,0.151578,0.133251,0.127928,0.085175,0.104576,0.083849,0.101466,0.212178,0.020018800906836987,0.01186310388147831,0.012637767009437084,0.011329595930874348,0.01099596656858921,0.009055127203464509,0.013119082152843475,0.9109805583953857
01-08-01-01-02-10,train,10,7,surprise,08,01,01,02,03-01-08-01-01-02-10,data/raw/ravdess/audio_speech/Audio_Speech_Actors_01-24/Actor_10/03-01-08-01-01-02-10.wav,7,surprise,/home/tonyhe/ravdess_avfusion/external/audio_ser_speechbrain/speechbrain-develop-main/outputs/embeddings_ECAPA/train/03-01-08-01-01-02-10.npy,96,02-01-08-01-01-02-10,data/raw/ravdess/video_speech/Video_Speech_Actor_10/Actor_10/02-01-08-01-01-02-10.mp4,7,surprise,/home/tonyhe/ravdess_avfusion/external/video_face_branch/early_fusion_facial_v2/fusion_pack_5f/sequences/02-01-08-01-01-02-10.npy,5,2048,canonical_02,canonical_02,0.123345,0.085684,0.111292,0.085443,0.100857,0.103192,0.132192,0.257995,0.04513375665992499,0.0072690175846219065,0.009289423003792763,0.011334855109453201,0.0078727291431278,0.008414666727185249,0.011759267933666707,0.8989263057708741
01-08-01-01-02-11,train,11,7,surprise,08,01,01,02,03-01-08-01-01-02-11,data/raw/ravdess/audio_speech/Audio_Speech_Actors_01-24/Actor_11/03-01-08-01-01-02-11.wav,7,surprise,/home/tonyhe/ravdess_avfusion/external/audio_ser_speechbrain/speechbrain-develop-main/outputs/embeddings_ECAPA/train/03-01-08-01-01-02-11.npy,96,02-01-08-01-01-02-11,data/raw/ravdess/video_speech/Video_Speech_Actor_11/Actor_11/02-01-08-01-01-02-11.mp4,7,surprise,/home/tonyhe/ravdess_avfusion/external/video_face_branch/early_fusion_facial_v2/fusion_pack_5f/sequences/02-01-08-01-01-02-11.npy,5,2048,canonical_02,canonical_02,0.098075,0.0822,0.16269,0.096291,0.086353,0.100418,0.130123,0.24385,0.0175512982532382,0.012209556624293327,0.011497372388839721,0.009605585411190987,0.012942683696746827,0.010924984328448772,0.011543279141187667,0.9137252688407898
01-08-01-01-02-12,train,12,7,surprise,08,01,01,02,03-01-08-01-01-02-12,data/raw/ravdess/audio_speech/Audio_Speech_Actors_01-24/Actor_12/03-01-08-01-01-02-12.wav,7,surprise,/home/tonyhe/ravdess_avfusion/external/audio_ser_speechbrain/speechbrain-develop-main/outputs/embeddings_ECAPA/train/03-01-08-01-01-02-12.npy,96,02-01-08-01-01-02-12,data/raw/ravdess/video_speech/Video_Speech_Actor_12/Actor_12/02-01-08-01-01-02-12.mp4,7,surprise,/home/tonyhe/ravdess_avfusion/external/video_face_branch/early_fusion_facial_v2/fusion_pack_5f/sequences/02-01-08-01-01-02-12.npy,5,2048,canonical_02,canonical_02,0.108766,0.102048,0.09464,0.110057,0.109377,0.080066,0.134021,0.261026,0.018188888765871526,0.060832596570253375,0.03604967258870602,0.020063964650034904,0.005364436097443104,0.013568997662514449,0.01583163868635893,0.8300997853279114
01-08-01-01-02-13,train,13,7,surprise,08,01,01,02,03-01-08-01-01-02-13,data/raw/ravdess/audio_speech/Audio_Speech_Actors_01-24/Actor_13/03-01-08-01-01-02-13.wav,7,surprise,/home/tonyhe/ravdess_avfusion/external/audio_ser_speechbrain/speechbrain-develop-main/outputs/embeddings_ECAPA/train/03-01-08-01-01-02-13.npy,96,02-01-08-01-01-02-13,data/raw/ravdess/video_speech/Video_Speech_Actor_13/Actor_13/02-01-08-01-01-02-13.mp4,7,surprise,/home/tonyhe/ravdess_avfusion/external/video_face_branch/early_fusion_facial_v2/fusion_pack_5f/sequences/02-01-08-01-01-02-13.npy,5,2048,canonical_02,canonical_02,0.124995,0.097358,0.129989,0.075217,0.108456,0.109955,0.11732,0.236711,0.027273353561758994,0.00986894192174077,0.012044218182563782,0.01019276725128293,0.010052748024463654,0.012945092096924782,0.01340438574552536,0.9042184948921204
01-08-01-01-02-14,train,14,7,surprise,08,01,01,02,03-01-08-01-01-02-14,data/raw/ravdess/audio_speech/Audio_Speech_Actors_01-24/Actor_14/03-01-08-01-01-02-14.wav,7,surprise,/home/tonyhe/ravdess_avfusion/external/audio_ser_speechbrain/speechbrain-develop-main/outputs/embeddings_ECAPA/train/03-01-08-01-01-02-14.npy,96,02-01-08-01-01-02-14,data/raw/ravdess/video_speech/Video_Speech_Actor_14/Actor_14/02-01-08-01-01-02-14.mp4,7,surprise,/home/tonyhe/ravdess_avfusion/external/video_face_branch/early_fusion_facial_v2/fusion_pack_5f/sequences/02-01-08-01-01-02-14.npy,5,2048,canonical_02,canonical_02,0.133339,0.087925,0.110277,0.103494,0.087499,0.097867,0.122935,0.256665,0.019307253323495387,0.009654727764427662,0.010093312710523605,0.007738951221108436,0.008623865991830825,0.006512772850692272,0.014257678389549255,0.9238114356994629
01-08-01-01-02-15,train,15,7,surprise,08,01,01,02,03-01-08-01-01-02-15,data/raw/ravdess/audio_speech/Audio_Speech_Actors_01-24/Actor_15/03-01-08-01-01-02-15.wav,7,surprise,/home/tonyhe/ravdess_avfusion/external/audio_ser_speechbrain/speechbrain-develop-main/outputs/embeddings_ECAPA/train/03-01-08-01-01-02-15.npy,96,02-01-08-01-01-02-15,data/raw/ravdess/video_speech/Video_Speech_Actor_15/Actor_15/02-01-08-01-01-02-15.mp4,1,calm,/home/tonyhe/ravdess_avfusion/data/processed/video/backfill_actor15/sequence_embeddings_5f/train/02-01-08-01-01-02-15.npy,5,2048,backfill_actor15,backfill_actor15,0.133488,0.089125,0.125991,0.099837,0.101154,0.08442,0.120091,0.245894,0.2470390349626541,0.2777554392814636,0.10555849224328995,0.25216758251190186,0.022636529058218002,0.011341901496052742,0.056574415415525436,0.026926632970571518
01-08-01-01-02-16,train,16,7,surprise,08,01,01,02,03-01-08-01-01-02-16,data/raw/ravdess/audio_speech/Audio_Speech_Actors_01-24/Actor_16/03-01-08-01-01-02-16.wav,7,surprise,/home/tonyhe/ravdess_avfusion/external/audio_ser_speechbrain/speechbrain-develop-main/outputs/embeddings_ECAPA/train/03-01-08-01-01-02-16.npy,96,02-01-08-01-01-02-16,data/raw/ravdess/video_speech/Video_Speech_Actor_16/Actor_16/02-01-08-01-01-02-16.mp4,7,surprise,/home/tonyhe/ravdess_avfusion/external/video_face_branch/early_fusion_facial_v2/fusion_pack_5f/sequences/02-01-08-01-01-02-16.npy,5,2048,canonical_02,canonical_02,0.131933,0.079181,0.13236,0.109043,0.106792,0.081868,0.118272,0.240551,0.02166981212794781,0.007921637222170829,0.0075514264404773716,0.008896201942116022,0.01002966584637761,0.0068067641928792,0.009609629306942225,0.9275148510932922
01-08-01-02-01-01,train,1,7,surprise,08,01,02,01,03-01-08-01-02-01-01,data/raw/ravdess/audio_speech/Audio_Speech_Actors_01-24/Actor_01/03-01-08-01-02-01-01.wav,7,surprise,/home/tonyhe/ravdess_avfusion/external/audio_ser_speechbrain/speechbrain-develop-main/outputs/embeddings_ECAPA/train/03-01-08-01-02-01-01.npy,96,02-01-08-01-02-01-01,data/raw/ravdess/video_speech/Video_Speech_Actor_01/Actor_01/02-01-08-01-02-01-01.mp4,7,surprise,/home/tonyhe/ravdess_avfusion/external/video_face_branch/early_fusion_facial_v2/fusion_pack_5f/sequences/02-01-08-01-02-01-01.npy,5,2048,canonical_02,canonical_02,0.104885,0.105477,0.148342,0.087162,0.107791,0.090712,0.117909,0.237722,0.019503794610500336,0.011770108528435231,0.00819105226546526,0.017121564783155917,0.008162615355104208,0.008979657385498285,0.016725707985460758,0.9095455288887024
01-08-01-02-01-02,train,2,7,surprise,08,01,02,01,03-01-08-01-02-01-02,data/raw/ravdess/audio_speech/Audio_Speech_Actors_01-24/Actor_02/03-01-08-01-02-01-02.wav,7,surprise,/home/tonyhe/ravdess_avfusion/external/audio_ser_speechbrain/speechbrain-develop-main/outputs/embeddings_ECAPA/train/03-01-08-01-02-01-02.npy,96,02-01-08-01-02-01-02,data/raw/ravdess/video_speech/Video_Speech_Actor_02/Actor_02/02-01-08-01-02-01-02.mp4,7,surprise,/home/tonyhe/ravdess_avfusion/external/video_face_branch/early_fusion_facial_v2/fusion_pack_5f/sequences/02-01-08-01-02-01-02.npy,5,2048,canonical_02,canonical_02,0.118645,0.090464,0.103425,0.108636,0.099879,0.087396,0.123179,0.268375,0.054624651186168195,0.010683030262589455,0.009982771426439285,0.0111448610201478,0.04372253231704235,0.01378929689526558,0.01241116039454937,0.8436416983604431
01-08-01-02-01-03,train,3,7,surprise,08,01,02,01,03-01-08-01-02-01-03,data/raw/ravdess/audio_speech/Audio_Speech_Actors_01-24/Actor_03/03-01-08-01-02-01-03.wav,7,surprise,/home/tonyhe/ravdess_avfusion/external/audio_ser_speechbrain/speechbrain-develop-main/outputs/embeddings_ECAPA/train/03-01-08-01-02-01-03.npy,96,02-01-08-01-02-01-03,data/raw/ravdess/video_speech/Video_Speech_Actor_03/Actor_03/02-01-08-01-02-01-03.mp4,7,surprise,/home/tonyhe/ravdess_avfusion/external/video_face_branch/early_fusion_facial_v2/fusion_pack_5f/sequences/02-01-08-01-02-01-03.npy,5,2048,canonical_02,canonical_02,0.120872,0.068624,0.113087,0.100808,0.08866,0.104993,0.159658,0.243298,0.025496851280331613,0.011147130746394396,0.014849462918937207,0.010810913890600205,0.010321821272373199,0.011501263827085495,0.014007965847849847,0.9018645763397217
01-08-01-02-01-04,train,4,7,surprise,08,01,02,01,03-01-08-01-02-01-04,data/raw/ravdess/audio_speech/Audio_Speech_Actors_01-24/Actor_04/03-01-08-01-02-01-04.wav,7,surprise,/home/tonyhe/ravdess_avfusion/external/audio_ser_speechbrain/speechbrain-develop-main/outputs/embeddings_ECAPA/train/03-01-08-01-02-01-04.npy,96,02-01-08-01-02-01-04,data/raw/ravdess/video_speech/Video_Speech_Actor_04/Actor_04/02-01-08-01-02-01-04.mp4,7,surprise,/home/tonyhe/ravdess_avfusion/external/video_face_branch/early_fusion_facial_v2/fusion_pack_5f/sequences/02-01-08-01-02-01-04.npy,5,2048,canonical_02,canonical_02,0.109181,0.099103,0.108555,0.112888,0.108135,0.078692,0.131728,0.251717,0.06220223344862461,0.008029860723763705,0.01109728030860424,0.01040386613458395,0.021241546515375374,0.016911091282963753,0.011593671608716249,0.8585204720497132
01-08-01-02-01-05,train,5,7,surprise,08,01,02,01,03-01-08-01-02-01-05,data/raw/ravdess/audio_speech/Audio_Speech_Actors_01-24/Actor_05/03-01-08-01-02-01-05.wav,7,surprise,/home/tonyhe/ravdess_avfusion/external/audio_ser_speechbrain/speechbrain-develop-main/outputs/embeddings_ECAPA/train/03-01-08-01-02-01-05.npy,96,02-01-08-01-02-01-05,data/raw/ravdess/video_speech/Video_Speech_Actor_05/Actor_05/02-01-08-01-02-01-05.mp4,7,surprise,/home/tonyhe/ravdess_avfusion/external/video_face_branch/early_fusion_facial_v2/fusion_pack_5f/sequences/02-01-08-01-02-01-05.npy,5,2048,canonical_02,canonical_02,0.146783,0.083893,0.124926,0.11045,0.094541,0.119653,0.093888,0.225866,0.01356816738843918,0.007455956190824509,0.006046046037226915,0.012480770237743855,0.008641154319047929,0.014855961222201586,0.007534139510244131,0.9294178128242493
01-08-01-02-01-06,train,6,7,surprise,08,01,02,01,03-01-08-01-02-01-06,data/raw/ravdess/audio_speech/Audio_Speech_Actors_01-24/Actor_06/03-01-08-01-02-01-06.wav,7,surprise,/home/tonyhe/ravdess_avfusion/external/audio_ser_speechbrain/speechbrain-develop-main/outputs/embeddings_ECAPA/train/03-01-08-01-02-01-06.npy,96,02-01-08-01-02-01-06,data/raw/ravdess/video_speech/Video_Speech_Actor_06/Actor_06/02-01-08-01-02-01-06.mp4,7,surprise,/home/tonyhe/ravdess_avfusion/external/video_face_branch/early_fusion_facial_v2/fusion_pack_5f/sequences/02-01-08-01-02-01-06.npy,5,2048,canonical_02,canonical_02,0.121017,0.093877,0.116828,0.114452,0.082208,0.098853,0.11641,0.256355,0.02482820376753807,0.010851242486387492,0.009767774306237698,0.014262306690216064,0.011489183455705643,0.011233998276293278,0.013825066760182381,0.9037422418594361
01-08-01-02-01-07,train,7,7,surprise,08,01,02,01,03-01-08-01-02-01-07,data/raw/ravdess/audio_speech/Audio_Speech_Actors_01-24/Actor_07/03-01-08-01-02-01-07.wav,7,surprise,/home/tonyhe/ravdess_avfusion/external/audio_ser_speechbrain/speechbrain-develop-main/outputs/embeddings_ECAPA/train/03-01-08-01-02-01-07.npy,96,02-01-08-01-02-01-07,data/raw/ravdess/video_speech/Video_Speech_Actor_07/Actor_07/02-01-08-01-02-01-07.mp4,7,surprise,/home/tonyhe/ravdess_avfusion/external/video_face_branch/early_fusion_facial_v2/fusion_pack_5f/sequences/02-01-08-01-02-01-07.npy,5,2048,canonical_02,canonical_02,0.110036,0.102474,0.091684,0.090898,0.100853,0.109205,0.127492,0.267359,0.018581509590148926,0.009768789168447256,0.009535865858197212,0.011197075247764587,0.00910458704456687,0.00768253980204463,0.014661174267530441,0.9194684267044068
01-08-01-02-01-08,train,8,7,surprise,08,01,02,01,03-01-08-01-02-01-08,data/raw/ravdess/audio_speech/Audio_Speech_Actors_01-24/Actor_08/03-01-08-01-02-01-08.wav,7,surprise,/home/tonyhe/ravdess_avfusion/external/audio_ser_speechbrain/speechbrain-develop-main/outputs/embeddings_ECAPA/train/03-01-08-01-02-01-08.npy,96,02-01-08-01-02-01-08,data/raw/ravdess/video_speech/Video_Speech_Actor_08/Actor_08/02-01-08-01-02-01-08.mp4,7,surprise,/home/tonyhe/ravdess_avfusion/external/video_face_branch/early_fusion_facial_v2/fusion_pack_5f/sequences/02-01-08-01-02-01-08.npy,5,2048,canonical_02,canonical_02,0.103873,0.101708,0.109605,0.095654,0.080267,0.119321,0.121943,0.26763,0.016879013925790786,0.014420204889029264,0.008411343302577734,0.020937534049153328,0.008681873977184295,0.008324630558490753,0.009742386918514968,0.9126030087471009
01-08-01-02-01-09,train,9,7,surprise,08,01,02,01,03-01-08-01-02-01-09,data/raw/ravdess/audio_speech/Audio_Speech_Actors_01-24/Actor_09/03-01-08-01-02-01-09.wav,7,surprise,/home/tonyhe/ravdess_avfusion/external/audio_ser_speechbrain/speechbrain-develop-main/outputs/embeddings_ECAPA/train/03-01-08-01-02-01-09.npy,96,02-01-08-01-02-01-09,data/raw/ravdess/video_speech/Video_Speech_Actor_09/Actor_09/02-01-08-01-02-01-09.mp4,7,surprise,/home/tonyhe/ravdess_avfusion/external/video_face_branch/early_fusion_facial_v2/fusion_pack_5f/sequences/02-01-08-01-02-01-09.npy,5,2048,canonical_02,canonical_02,0.146699,0.090719,0.113056,0.093211,0.096024,0.080806,0.142888,0.236597,0.019031157344579698,0.012474720925092697,0.014014828763902188,0.010223767906427383,0.01082988940179348,0.008367718290537595,0.013802451081573963,0.9112554907798767
01-08-01-02-01-10,train,10,7,surprise,08,01,02,01,03-01-08-01-02-01-10,data/raw/ravdess/audio_speech/Audio_Speech_Actors_01-24/Actor_10/03-01-08-01-02-01-10.wav,7,surprise,/home/tonyhe/ravdess_avfusion/external/audio_ser_speechbrain/speechbrain-develop-main/outputs/embeddings_ECAPA/train/03-01-08-01-02-01-10.npy,96,02-01-08-01-02-01-10,data/raw/ravdess/video_speech/Video_Speech_Actor_10/Actor_10/02-01-08-01-02-01-10.mp4,7,surprise,/home/tonyhe/ravdess_avfusion/external/video_face_branch/early_fusion_facial_v2/fusion_pack_5f/sequences/02-01-08-01-02-01-10.npy,5,2048,canonical_02,canonical_02,0.100071,0.08196,0.106953,0.115066,0.097121,0.093499,0.131416,0.273913,0.013402198068797588,0.006658418755978346,0.009093951899558306,0.008848553150892257,0.009246271708980203,0.006390050891786814,0.009954346902668476,0.9364061713218689
01-08-01-02-01-11,train,11,7,surprise,08,01,02,01,03-01-08-01-02-01-11,data/raw/ravdess/audio_speech/Audio_Speech_Actors_01-24/Actor_11/03-01-08-01-02-01-11.wav,7,surprise,/home/tonyhe/ravdess_avfusion/external/audio_ser_speechbrain/speechbrain-develop-main/outputs/embeddings_ECAPA/train/03-01-08-01-02-01-11.npy,96,02-01-08-01-02-01-11,data/raw/ravdess/video_speech/Video_Speech_Actor_11/Actor_11/02-01-08-01-02-01-11.mp4,7,surprise,/home/tonyhe/ravdess_avfusion/external/video_face_branch/early_fusion_facial_v2/fusion_pack_5f/sequences/02-01-08-01-02-01-11.npy,5,2048,canonical_02,canonical_02,0.10524,0.077346,0.130908,0.106145,0.103793,0.094559,0.119664,0.262345,0.017088274657726287,0.010367937013506889,0.011563719622790814,0.010378718003630638,0.013225665874779224,0.008647550735622645,0.012917850725352764,0.9158102989196777
01-08-01-02-01-12,train,12,7,surprise,08,01,02,01,03-01-08-01-02-01-12,data/raw/ravdess/audio_speech/Audio_Speech_Actors_01-24/Actor_12/03-01-08-01-02-01-12.wav,7,surprise,/home/tonyhe/ravdess_avfusion/external/audio_ser_speechbrain/speechbrain-develop-main/outputs/embeddings_ECAPA/train/03-01-08-01-02-01-12.npy,96,02-01-08-01-02-01-12,data/raw/ravdess/video_speech/Video_Speech_Actor_12/Actor_12/02-01-08-01-02-01-12.mp4,7,surprise,/home/tonyhe/ravdess_avfusion/external/video_face_branch/early_fusion_facial_v2/fusion_pack_5f/sequences/02-01-08-01-02-01-12.npy,5,2048,canonical_02,canonical_02,0.129864,0.086284,0.118986,0.100966,0.095808,0.088467,0.123981,0.255642,0.03004987146705389,0.007685557287186384,0.022942916490137577,0.0105208408087492,0.009148165211081504,0.010606650821864605,0.011752084270119667,0.8972939014434814
01-08-01-02-01-13,train,13,7,surprise,08,01,02,01,03-01-08-01-02-01-13,data/raw/ravdess/audio_speech/Audio_Speech_Actors_01-24/Actor_13/03-01-08-01-02-01-13.wav,7,surprise,/home/tonyhe/ravdess_avfusion/external/audio_ser_speechbrain/speechbrain-develop-main/outputs/embeddings_ECAPA/train/03-01-08-01-02-01-13.npy,96,02-01-08-01-02-01-13,data/raw/ravdess/video_speech/Video_Speech_Actor_13/Actor_13/02-01-08-01-02-01-13.mp4,7,surprise,/home/tonyhe/ravdess_avfusion/external/video_face_branch/early_fusion_facial_v2/fusion_pack_5f/sequences/02-01-08-01-02-01-13.npy,5,2048,canonical_02,canonical_02,0.11889,0.099212,0.107117,0.096853,0.095082,0.09297,0.124461,0.265414,0.018796651810407638,0.00805565332993865,0.008822621032595634,0.00921985013410449,0.00837211087346077,0.013998039625585079,0.021659461408853532,0.9110755920410156
01-08-01-02-01-14,train,14,7,surprise,08,01,02,01,03-01-08-01-02-01-14,data/raw/ravdess/audio_speech/Audio_Speech_Actors_01-24/Actor_14/03-01-08-01-02-01-14.wav,7,surprise,/home/tonyhe/ravdess_avfusion/external/audio_ser_speechbrain/speechbrain-develop-main/outputs/embeddings_ECAPA/train/03-01-08-01-02-01-14.npy,96,02-01-08-01-02-01-14,data/raw/ravdess/video_speech/Video_Speech_Actor_14/Actor_14/02-01-08-01-02-01-14.mp4,7,surprise,/home/tonyhe/ravdess_avfusion/external/video_face_branch/early_fusion_facial_v2/fusion_pack_5f/sequences/02-01-08-01-02-01-14.npy,5,2048,canonical_02,canonical_02,0.124312,0.103234,0.117639,0.102108,0.07911,0.108821,0.112261,0.252515,0.023468820750713347,0.014327320083975793,0.012829457968473434,0.012500449363142253,0.014044915325939655,0.00863940604031086,0.03870722874999046,0.8754823923110961
01-08-01-02-01-15,train,15,7,surprise,08,01,02,01,03-01-08-01-02-01-15,data/raw/ravdess/audio_speech/Audio_Speech_Actors_01-24/Actor_15/03-01-08-01-02-01-15.wav,7,surprise,/home/tonyhe/ravdess_avfusion/external/audio_ser_speechbrain/speechbrain-develop-main/outputs/embeddings_ECAPA/train/03-01-08-01-02-01-15.npy,96,02-01-08-01-02-01-15,data/raw/ravdess/video_speech/Video_Speech_Actor_15/Actor_15/02-01-08-01-02-01-15.mp4,2,happy,/home/tonyhe/ravdess_avfusion/data/processed/video/backfill_actor15/sequence_embeddings_5f/train/02-01-08-01-02-01-15.npy,5,2048,backfill_actor15,backfill_actor15,0.108849,0.117104,0.122455,0.130537,0.081761,0.078172,0.136404,0.224718,0.21323785185813904,0.15472100675106049,0.23738479614257812,0.1330430507659912,0.11574774980545044,0.017918389290571213,0.10274331271648407,0.025203850120306015
01-08-01-02-01-16,train,16,7,surprise,08,01,02,01,03-01-08-01-02-01-16,data/raw/ravdess/audio_speech/Audio_Speech_Actors_01-24/Actor_16/03-01-08-01-02-01-16.wav,7,surprise,/home/tonyhe/ravdess_avfusion/external/audio_ser_speechbrain/speechbrain-develop-main/outputs/embeddings_ECAPA/train/03-01-08-01-02-01-16.npy,96,02-01-08-01-02-01-16,data/raw/ravdess/video_speech/Video_Speech_Actor_16/Actor_16/02-01-08-01-02-01-16.mp4,7,surprise,/home/tonyhe/ravdess_avfusion/external/video_face_branch/early_fusion_facial_v2/fusion_pack_5f/sequences/02-01-08-01-02-01-16.npy,5,2048,canonical_02,canonical_02,0.1111,0.070911,0.135261,0.114577,0.090697,0.108133,0.119821,0.2495,0.02070713695138693,0.014369521290063858,0.013564432132989168,0.009259492903947831,0.010132427141070367,0.009901037346571684,0.007889693044126034,0.9141762137413025
01-08-01-02-02-01,train,1,7,surprise,08,01,02,02,03-01-08-01-02-02-01,data/raw/ravdess/audio_speech/Audio_Speech_Actors_01-24/Actor_01/03-01-08-01-02-02-01.wav,7,surprise,/home/tonyhe/ravdess_avfusion/external/audio_ser_speechbrain/speechbrain-develop-main/outputs/embeddings_ECAPA/train/03-01-08-01-02-02-01.npy,96,02-01-08-01-02-02-01,data/raw/ravdess/video_speech/Video_Speech_Actor_01/Actor_01/02-01-08-01-02-02-01.mp4,7,surprise,/home/tonyhe/ravdess_avfusion/external/video_face_branch/early_fusion_facial_v2/fusion_pack_5f/sequences/02-01-08-01-02-02-01.npy,5,2048,canonical_02,canonical_02,0.134576,0.095413,0.120421,0.090094,0.112103,0.082419,0.126991,0.237983,0.03191052302718163,0.010625153593719006,0.009566911589354276,0.010824620630592108,0.012371946685016155,0.00898576369509101,0.010376354586333037,0.905338704586029
01-08-01-02-02-02,train,2,7,surprise,08,01,02,02,03-01-08-01-02-02-02,data/raw/ravdess/audio_speech/Audio_Speech_Actors_01-24/Actor_02/03-01-08-01-02-02-02.wav,7,surprise,/home/tonyhe/ravdess_avfusion/external/audio_ser_speechbrain/speechbrain-develop-main/outputs/embeddings_ECAPA/train/03-01-08-01-02-02-02.npy,96,02-01-08-01-02-02-02,data/raw/ravdess/video_speech/Video_Speech_Actor_02/Actor_02/02-01-08-01-02-02-02.mp4,7,surprise,/home/tonyhe/ravdess_avfusion/external/video_face_branch/early_fusion_facial_v2/fusion_pack_5f/sequences/02-01-08-01-02-02-02.npy,5,2048,canonical_02,canonical_02,0.128125,0.092304,0.111021,0.105472,0.088879,0.100844,0.112328,0.261026,0.017317529208958148,0.007437262404710055,0.007848016545176506,0.007479586685076356,0.0067618899047374725,0.005765041429549455,0.008088005008175969,0.939302635192871
01-08-01-02-02-03,train,3,7,surprise,08,01,02,02,03-01-08-01-02-02-03,data/raw/ravdess/audio_speech/Audio_Speech_Actors_01-24/Actor_03/03-01-08-01-02-02-03.wav,7,surprise,/home/tonyhe/ravdess_avfusion/external/audio_ser_speechbrain/speechbrain-develop-main/outputs/embeddings_ECAPA/train/03-01-08-01-02-02-03.npy,96,02-01-08-01-02-02-03,data/raw/ravdess/video_speech/Video_Speech_Actor_03/Actor_03/02-01-08-01-02-02-03.mp4,7,surprise,/home/tonyhe/ravdess_avfusion/external/video_face_branch/early_fusion_facial_v2/fusion_pack_5f/sequences/02-01-08-01-02-02-03.npy,5,2048,canonical_02,canonical_02,0.115137,0.07825,0.144403,0.122744,0.092098,0.075472,0.137845,0.234051,0.019816666282713412,0.00956687079742551,0.010894157551229,0.01115925246849656,0.008136142510920763,0.008031316101551056,0.013976406119763852,0.9184191823005676
01-08-01-02-02-04,train,4,7,surprise,08,01,02,02,03-01-08-01-02-02-04,data/raw/ravdess/audio_speech/Audio_Speech_Actors_01-24/Actor_04/03-01-08-01-02-02-04.wav,7,surprise,/home/tonyhe/ravdess_avfusion/external/audio_ser_speechbrain/speechbrain-develop-main/outputs/embeddings_ECAPA/train/03-01-08-01-02-02-04.npy,96,02-01-08-01-02-02-04,data/raw/ravdess/video_speech/Video_Speech_Actor_04/Actor_04/02-01-08-01-02-02-04.mp4,7,surprise,/home/tonyhe/ravdess_avfusion/external/video_face_branch/early_fusion_facial_v2/fusion_pack_5f/sequences/02-01-08-01-02-02-04.npy,5,2048,canonical_02,canonical_02,0.109107,0.090027,0.111615,0.110149,0.098231,0.103769,0.111856,0.265247,0.033339012786746024,0.008776717539876699,0.011399046704173087,0.012499179691076279,0.009115232154726982,0.013204289413988591,0.010407556407153606,0.9012589454650879
01-08-01-02-02-05,train,5,7,surprise,08,01,02,02,03-01-08-01-02-02-05,data/raw/ravdess/audio_speech/Audio_Speech_Actors_01-24/Actor_05/03-01-08-01-02-02-05.wav,7,surprise,/home/tonyhe/ravdess_avfusion/external/audio_ser_speechbrain/speechbrain-develop-main/outputs/embeddings_ECAPA/train/03-01-08-01-02-02-05.npy,96,02-01-08-01-02-02-05,data/raw/ravdess/video_speech/Video_Speech_Actor_05/Actor_05/02-01-08-01-02-02-05.mp4,7,surprise,/home/tonyhe/ravdess_avfusion/external/video_face_branch/early_fusion_facial_v2/fusion_pack_5f/sequences/02-01-08-01-02-02-05.npy,5,2048,canonical_02,canonical_02,0.123149,0.078684,0.139306,0.099601,0.097345,0.102545,0.114155,0.245215,0.019588206335902213,0.009737720899283885,0.011879345402121544,0.009373097866773605,0.012746552377939225,0.008247682731598616,0.010696497373282909,0.9177309036254883
01-08-01-02-02-06,train,6,7,surprise,08,01,02,02,03-01-08-01-02-02-06,data/raw/ravdess/audio_speech/Audio_Speech_Actors_01-24/Actor_06/03-01-08-01-02-02-06.wav,7,surprise,/home/tonyhe/ravdess_avfusion/external/audio_ser_speechbrain/speechbrain-develop-main/outputs/embeddings_ECAPA/train/03-01-08-01-02-02-06.npy,96,02-01-08-01-02-02-06,data/raw/ravdess/video_speech/Video_Speech_Actor_06/Actor_06/02-01-08-01-02-02-06.mp4,7,surprise,/home/tonyhe/ravdess_avfusion/external/video_face_branch/early_fusion_facial_v2/fusion_pack_5f/sequences/02-01-08-01-02-02-06.npy,5,2048,canonical_02,canonical_02,0.122157,0.082594,0.10145,0.099011,0.091431,0.145315,0.113964,0.244079,0.023520564287900926,0.011391154117882251,0.010307889431715012,0.014791225083172321,0.009724540170282125,0.02534826211631298,0.012761817127466202,0.8921545624732972
01-08-01-02-02-07,train,7,7,surprise,08,01,02,02,03-01-08-01-02-02-07,data/raw/ravdess/audio_speech/Audio_Speech_Actors_01-24/Actor_07/03-01-08-01-02-02-07.wav,7,surprise,/home/tonyhe/ravdess_avfusion/external/audio_ser_speechbrain/speechbrain-develop-main/outputs/embeddings_ECAPA/train/03-01-08-01-02-02-07.npy,96,02-01-08-01-02-02-07,data/raw/ravdess/video_speech/Video_Speech_Actor_07/Actor_07/02-01-08-01-02-02-07.mp4,7,surprise,/home/tonyhe/ravdess_avfusion/external/video_face_branch/early_fusion_facial_v2/fusion_pack_5f/sequences/02-01-08-01-02-02-07.npy,5,2048,canonical_02,canonical_02,0.124217,0.084546,0.088895,0.0915,0.093182,0.127436,0.142633,0.247591,0.017923010513186455,0.008982367627322674,0.00975466575473547,0.011114277318120003,0.011096179112792015,0.008391985762864351,0.010872101970016956,0.9218653917312623
01-08-01-02-02-08,train,8,7,surprise,08,01,02,02,03-01-08-01-02-02-08,data/raw/ravdess/audio_speech/Audio_Speech_Actors_01-24/Actor_08/03-01-08-01-02-02-08.wav,7,surprise,/home/tonyhe/ravdess_avfusion/external/audio_ser_speechbrain/speechbrain-develop-main/outputs/embeddings_ECAPA/train/03-01-08-01-02-02-08.npy,96,02-01-08-01-02-02-08,data/raw/ravdess/video_speech/Video_Speech_Actor_08/Actor_08/02-01-08-01-02-02-08.mp4,7,surprise,/home/tonyhe/ravdess_avfusion/external/video_face_branch/early_fusion_facial_v2/fusion_pack_5f/sequences/02-01-08-01-02-02-08.npy,5,2048,canonical_02,canonical_02,0.116845,0.089433,0.096567,0.099021,0.09084,0.10116,0.135376,0.270757,0.020193625800311567,0.011530859395861626,0.007954472303390503,0.012593240384012461,0.010066225100308657,0.006545459292829037,0.01002278933301568,0.9210933685302735
01-08-01-02-02-09,train,9,7,surprise,08,01,02,02,03-01-08-01-02-02-09,data/raw/ravdess/audio_speech/Audio_Speech_Actors_01-24/Actor_09/03-01-08-01-02-02-09.wav,7,surprise,/home/tonyhe/ravdess_avfusion/external/audio_ser_speechbrain/speechbrain-develop-main/outputs/embeddings_ECAPA/train/03-01-08-01-02-02-09.npy,96,02-01-08-01-02-02-09,data/raw/ravdess/video_speech/Video_Speech_Actor_09/Actor_09/02-01-08-01-02-02-09.mp4,7,surprise,/home/tonyhe/ravdess_avfusion/external/video_face_branch/early_fusion_facial_v2/fusion_pack_5f/sequences/02-01-08-01-02-02-09.npy,5,2048,canonical_02,canonical_02,0.144831,0.106794,0.121452,0.087476,0.103228,0.075013,0.131308,0.229899,0.024470624700188636,0.014465161599218845,0.013862781412899493,0.011964171938598157,0.012217506393790245,0.011745701543986797,0.01608914081007242,0.895184862613678
01-08-01-02-02-10,train,10,7,surprise,08,01,02,02,03-01-08-01-02-02-10,data/raw/ravdess/audio_speech/Audio_Speech_Actors_01-24/Actor_10/03-01-08-01-02-02-10.wav,7,surprise,/home/tonyhe/ravdess_avfusion/external/audio_ser_speechbrain/speechbrain-develop-main/outputs/embeddings_ECAPA/train/03-01-08-01-02-02-10.npy,96,02-01-08-01-02-02-10,data/raw/ravdess/video_speech/Video_Speech_Actor_10/Actor_10/02-01-08-01-02-02-10.mp4,7,surprise,/home/tonyhe/ravdess_avfusion/external/video_face_branch/early_fusion_facial_v2/fusion_pack_5f/sequences/02-01-08-01-02-02-10.npy,5,2048,canonical_02,canonical_02,0.125373,0.081548,0.103078,0.097688,0.10618,0.102959,0.121613,0.26156,0.030349545553326605,0.010412058979272842,0.011070157680660487,0.035506997257471085,0.00957919955253601,0.03592463545501232,0.014543035067617893,0.8526143789291382
01-08-01-02-02-11,train,11,7,surprise,08,01,02,02,03-01-08-01-02-02-11,data/raw/ravdess/audio_speech/Audio_Speech_Actors_01-24/Actor_11/03-01-08-01-02-02-11.wav,7,surprise,/home/tonyhe/ravdess_avfusion/external/audio_ser_speechbrain/speechbrain-develop-main/outputs/embeddings_ECAPA/train/03-01-08-01-02-02-11.npy,96,02-01-08-01-02-02-11,data/raw/ravdess/video_speech/Video_Speech_Actor_11/Actor_11/02-01-08-01-02-02-11.mp4,7,surprise,/home/tonyhe/ravdess_avfusion/external/video_face_branch/early_fusion_facial_v2/fusion_pack_5f/sequences/02-01-08-01-02-02-11.npy,5,2048,canonical_02,canonical_02,0.108678,0.080614,0.124213,0.093169,0.079672,0.117067,0.144981,0.251606,0.013235379196703433,0.008412991929799319,0.008439488895237445,0.007875426393002271,0.010442785918712616,0.011951662600040436,0.008992685843259096,0.9306495547294616
01-08-01-02-02-12,train,12,7,surprise,08,01,02,02,03-01-08-01-02-02-12,data/raw/ravdess/audio_speech/Audio_Speech_Actors_01-24/Actor_12/03-01-08-01-02-02-12.wav,7,surprise,/home/tonyhe/ravdess_avfusion/external/audio_ser_speechbrain/speechbrain-develop-main/outputs/embeddings_ECAPA/train/03-01-08-01-02-02-12.npy,96,02-01-08-01-02-02-12,data/raw/ravdess/video_speech/Video_Speech_Actor_12/Actor_12/02-01-08-01-02-02-12.mp4,7,surprise,/home/tonyhe/ravdess_avfusion/external/video_face_branch/early_fusion_facial_v2/fusion_pack_5f/sequences/02-01-08-01-02-02-12.npy,5,2048,canonical_02,canonical_02,0.11775,0.08516,0.111952,0.106585,0.086765,0.092831,0.132126,0.266831,0.07412273585796356,0.007083238568156958,0.010664110630750656,0.011633549816906452,0.008374955598264932,0.010417508333921433,0.01506187915802002,0.8626420378684998
01-08-01-02-02-13,train,13,7,surprise,08,01,02,02,03-01-08-01-02-02-13,data/raw/ravdess/audio_speech/Audio_Speech_Actors_01-24/Actor_13/03-01-08-01-02-02-13.wav,7,surprise,/home/tonyhe/ravdess_avfusion/external/audio_ser_speechbrain/speechbrain-develop-main/outputs/embeddings_ECAPA/train/03-01-08-01-02-02-13.npy,96,02-01-08-01-02-02-13,data/raw/ravdess/video_speech/Video_Speech_Actor_13/Actor_13/02-01-08-01-02-02-13.mp4,7,surprise,/home/tonyhe/ravdess_avfusion/external/video_face_branch/early_fusion_facial_v2/fusion_pack_5f/sequences/02-01-08-01-02-02-13.npy,5,2048,canonical_02,canonical_02,0.109097,0.0978,0.114825,0.095784,0.096373,0.098081,0.116524,0.271516,0.019561408273875713,0.00965778985992074,0.012086732499301433,0.009951347392052412,0.009440561663359404,0.008185814414173365,0.017702058888971806,0.9134142637252808
01-08-01-02-02-14,train,14,7,surprise,08,01,02,02,03-01-08-01-02-02-14,data/raw/ravdess/audio_speech/Audio_Speech_Actors_01-24/Actor_14/03-01-08-01-02-02-14.wav,7,surprise,/home/tonyhe/ravdess_avfusion/external/audio_ser_speechbrain/speechbrain-develop-main/outputs/embeddings_ECAPA/train/03-01-08-01-02-02-14.npy,96,02-01-08-01-02-02-14,data/raw/ravdess/video_speech/Video_Speech_Actor_14/Actor_14/02-01-08-01-02-02-14.mp4,7,surprise,/home/tonyhe/ravdess_avfusion/external/video_face_branch/early_fusion_facial_v2/fusion_pack_5f/sequences/02-01-08-01-02-02-14.npy,5,2048,canonical_02,canonical_02,0.114875,0.102798,0.127563,0.084636,0.080226,0.107928,0.129918,0.252055,0.02535975193604827,0.06449942821636796,0.01748806182295084,0.010116230323910713,0.008952317386865615,0.009221672825515271,0.01992783360183239,0.8444347023963928
01-08-01-02-02-15,train,15,7,surprise,08,01,02,02,03-01-08-01-02-02-15,data/raw/ravdess/audio_speech/Audio_Speech_Actors_01-24/Actor_15/03-01-08-01-02-02-15.wav,7,surprise,/home/tonyhe/ravdess_avfusion/external/audio_ser_speechbrain/speechbrain-develop-main/outputs/embeddings_ECAPA/train/03-01-08-01-02-02-15.npy,96,02-01-08-01-02-02-15,data/raw/ravdess/video_speech/Video_Speech_Actor_15/Actor_15/02-01-08-01-02-02-15.mp4,3,sad,/home/tonyhe/ravdess_avfusion/data/processed/video/backfill_actor15/sequence_embeddings_5f/train/02-01-08-01-02-02-15.npy,5,2048,backfill_actor15,backfill_actor15,0.140176,0.074699,0.134441,0.123984,0.068501,0.108175,0.137035,0.212988,0.045100968331098557,0.1264602541923523,0.13319334387779236,0.5816471576690674,0.018517442047595978,0.007924331352114677,0.05284551903605461,0.034310951828956604
01-08-01-02-02-16,train,16,7,surprise,08,01,02,02,03-01-08-01-02-02-16,data/raw/ravdess/audio_speech/Audio_Speech_Actors_01-24/Actor_16/03-01-08-01-02-02-16.wav,7,surprise,/home/tonyhe/ravdess_avfusion/external/audio_ser_speechbrain/speechbrain-develop-main/outputs/embeddings_ECAPA/train/03-01-08-01-02-02-16.npy,96,02-01-08-01-02-02-16,data/raw/ravdess/video_speech/Video_Speech_Actor_16/Actor_16/02-01-08-01-02-02-16.mp4,7,surprise,/home/tonyhe/ravdess_avfusion/external/video_face_branch/early_fusion_facial_v2/fusion_pack_5f/sequences/02-01-08-01-02-02-16.npy,5,2048,canonical_02,canonical_02,0.116489,0.072436,0.099914,0.101313,0.113485,0.092545,0.148008,0.25581,0.01900029890239239,0.00818939870223403,0.011088538356125355,0.006982244970276952,0.012950248457491398,0.007626133132725954,0.010395483765751123,0.9237676739692688
01-08-02-01-01-01,train,1,7,surprise,08,02,01,01,03-01-08-02-01-01-01,data/raw/ravdess/audio_speech/Audio_Speech_Actors_01-24/Actor_01/03-01-08-02-01-01-01.wav,7,surprise,/home/tonyhe/ravdess_avfusion/external/audio_ser_speechbrain/speechbrain-develop-main/outputs/embeddings_ECAPA/train/03-01-08-02-01-01-01.npy,96,02-01-08-02-01-01-01,data/raw/ravdess/video_speech/Video_Speech_Actor_01/Actor_01/02-01-08-02-01-01-01.mp4,7,surprise,/home/tonyhe/ravdess_avfusion/external/video_face_branch/early_fusion_facial_v2/fusion_pack_5f/sequences/02-01-08-02-01-01-01.npy,5,2048,canonical_02,canonical_02,0.108297,0.087913,0.139624,0.087494,0.111865,0.092918,0.120593,0.251296,0.02304477207362652,0.011322702653706074,0.010189620964229106,0.0071332893334329125,0.009519336931407451,0.008657232858240604,0.009689007885754108,0.9204439997673035
01-08-02-01-01-02,train,2,7,surprise,08,02,01,01,03-01-08-02-01-01-02,data/raw/ravdess/audio_speech/Audio_Speech_Actors_01-24/Actor_02/03-01-08-02-01-01-02.wav,7,surprise,/home/tonyhe/ravdess_avfusion/external/audio_ser_speechbrain/speechbrain-develop-main/outputs/embeddings_ECAPA/train/03-01-08-02-01-01-02.npy,96,02-01-08-02-01-01-02,data/raw/ravdess/video_speech/Video_Speech_Actor_02/Actor_02/02-01-08-02-01-01-02.mp4,7,surprise,/home/tonyhe/ravdess_avfusion/external/video_face_branch/early_fusion_facial_v2/fusion_pack_5f/sequences/02-01-08-02-01-01-02.npy,5,2048,canonical_02,canonical_02,0.094065,0.083295,0.103875,0.098009,0.122513,0.096389,0.130855,0.270999,0.01566940136253834,0.0069139807485044,0.009355237241834402,0.0065791642293334006,0.0058855694252997635,0.01703014401718974,0.007883191388100386,0.9306833386421204
01-08-02-01-01-03,train,3,7,surprise,08,02,01,01,03-01-08-02-01-01-03,data/raw/ravdess/audio_speech/Audio_Speech_Actors_01-24/Actor_03/03-01-08-02-01-01-03.wav,7,surprise,/home/tonyhe/ravdess_avfusion/external/audio_ser_speechbrain/speechbrain-develop-main/outputs/embeddings_ECAPA/train/03-01-08-02-01-01-03.npy,96,02-01-08-02-01-01-03,data/raw/ravdess/video_speech/Video_Speech_Actor_03/Actor_03/02-01-08-02-01-01-03.mp4,7,surprise,/home/tonyhe/ravdess_avfusion/external/video_face_branch/early_fusion_facial_v2/fusion_pack_5f/sequences/02-01-08-02-01-01-03.npy,5,2048,canonical_02,canonical_02,0.114139,0.067443,0.106853,0.115648,0.092651,0.115921,0.132058,0.255286,0.02515067495405674,0.014569909311830997,0.013334416970610618,0.012689684517681599,0.0128720847889781,0.014133479818701744,0.01768401116132736,0.8895657300949097
01-08-02-01-01-04,train,4,7,surprise,08,02,01,01,03-01-08-02-01-01-04,data/raw/ravdess/audio_speech/Audio_Speech_Actors_01-24/Actor_04/03-01-08-02-01-01-04.wav,7,surprise,/home/tonyhe/ravdess_avfusion/external/audio_ser_speechbrain/speechbrain-develop-main/outputs/embeddings_ECAPA/train/03-01-08-02-01-01-04.npy,96,02-01-08-02-01-01-04,data/raw/ravdess/video_speech/Video_Speech_Actor_04/Actor_04/02-01-08-02-01-01-04.mp4,7,surprise,/home/tonyhe/ravdess_avfusion/external/video_face_branch/early_fusion_facial_v2/fusion_pack_5f/sequences/02-01-08-02-01-01-04.npy,5,2048,canonical_02,canonical_02,0.090376,0.084874,0.131853,0.102365,0.108409,0.096147,0.124023,0.261953,0.015601083263754844,0.006374740228056908,0.007781608775258064,0.0066178766079247,0.013208455592393874,0.007364017143845558,0.007497337087988854,0.9355549097061158
01-08-02-01-01-05,train,5,7,surprise,08,02,01,01,03-01-08-02-01-01-05,data/raw/ravdess/audio_speech/Audio_Speech_Actors_01-24/Actor_05/03-01-08-02-01-01-05.wav,7,surprise,/home/tonyhe/ravdess_avfusion/external/audio_ser_speechbrain/speechbrain-develop-main/outputs/embeddings_ECAPA/train/03-01-08-02-01-01-05.npy,96,02-01-08-02-01-01-05,data/raw/ravdess/video_speech/Video_Speech_Actor_05/Actor_05/02-01-08-02-01-01-05.mp4,7,surprise,/home/tonyhe/ravdess_avfusion/external/video_face_branch/early_fusion_facial_v2/fusion_pack_5f/sequences/02-01-08-02-01-01-05.npy,5,2048,canonical_02,canonical_02,0.098385,0.094409,0.116322,0.072338,0.106938,0.111775,0.141153,0.258679,0.019592669606208802,0.009374492708593607,0.0077221162617206575,0.008632720448076725,0.01251945123076439,0.010218225792050362,0.009165693633258342,0.9227746605873108
01-08-02-01-01-06,train,6,7,surprise,08,02,01,01,03-01-08-02-01-01-06,data/raw/ravdess/audio_speech/Audio_Speech_Actors_01-24/Actor_06/03-01-08-02-01-01-06.wav,7,surprise,/home/tonyhe/ravdess_avfusion/external/audio_ser_speechbrain/speechbrain-develop-main/outputs/embeddings_ECAPA/train/03-01-08-02-01-01-06.npy,96,02-01-08-02-01-01-06,data/raw/ravdess/video_speech/Video_Speech_Actor_06/Actor_06/02-01-08-02-01-01-06.mp4,7,surprise,/home/tonyhe/ravdess_avfusion/external/video_face_branch/early_fusion_facial_v2/fusion_pack_5f/sequences/02-01-08-02-01-01-06.npy,5,2048,canonical_02,canonical_02,0.104756,0.100262,0.111245,0.093777,0.080306,0.163955,0.108303,0.237397,0.06398551408201456,0.009480754937976598,0.008572686556726694,0.01157695595175028,0.008566439943388104,0.01241691578179598,0.012011184822767973,0.8733895301818848
01-08-02-01-01-07,train,7,7,surprise,08,02,01,01,03-01-08-02-01-01-07,data/raw/ravdess/audio_speech/Audio_Speech_Actors_01-24/Actor_07/03-01-08-02-01-01-07.wav,7,surprise,/home/tonyhe/ravdess_avfusion/external/audio_ser_speechbrain/speechbrain-develop-main/outputs/embeddings_ECAPA/train/03-01-08-02-01-01-07.npy,96,02-01-08-02-01-01-07,data/raw/ravdess/video_speech/Video_Speech_Actor_07/Actor_07/02-01-08-02-01-01-07.mp4,7,surprise,/home/tonyhe/ravdess_avfusion/external/video_face_branch/early_fusion_facial_v2/fusion_pack_5f/sequences/02-01-08-02-01-01-07.npy,5,2048,canonical_02,canonical_02,0.083044,0.083454,0.110716,0.112835,0.104284,0.097797,0.142998,0.264872,0.019790221005678177,0.011856139823794364,0.015818998403847217,0.010849788039922714,0.01263248808681965,0.011886611487716437,0.012969106622040271,0.904196584224701
01-08-02-01-01-08,train,8,7,surprise,08,02,01,01,03-01-08-02-01-01-08,data/raw/ravdess/audio_speech/Audio_Speech_Actors_01-24/Actor_08/03-01-08-02-01-01-08.wav,7,surprise,/home/tonyhe/ravdess_avfusion/external/audio_ser_speechbrain/speechbrain-develop-main/outputs/embeddings_ECAPA/train/03-01-08-02-01-01-08.npy,96,02-01-08-02-01-01-08,data/raw/ravdess/video_speech/Video_Speech_Actor_08/Actor_08/02-01-08-02-01-01-08.mp4,7,surprise,/home/tonyhe/ravdess_avfusion/external/video_face_branch/early_fusion_facial_v2/fusion_pack_5f/sequences/02-01-08-02-01-01-08.npy,5,2048,canonical_02,canonical_02,0.081703,0.090913,0.099746,0.091265,0.103924,0.123252,0.136637,0.272561,0.016445352882146835,0.010772353690117597,0.008529095444828272,0.018348127231001855,0.0084232316352427,0.006727895094081759,0.009633864928036927,0.9211200833320617
01-08-02-01-01-09,train,9,7,surprise,08,02,01,01,03-01-08-02-01-01-09,data/raw/ravdess/audio_speech/Audio_Speech_Actors_01-24/Actor_09/03-01-08-02-01-01-09.wav,7,surprise,/home/tonyhe/ravdess_avfusion/external/audio_ser_speechbrain/speechbrain-develop-main/outputs/embeddings_ECAPA/train/03-01-08-02-01-01-09.npy,96,02-01-08-02-01-01-09,data/raw/ravdess/video_speech/Video_Speech_Actor_09/Actor_09/02-01-08-02-01-01-09.mp4,7,surprise,/home/tonyhe/ravdess_avfusion/external/video_face_branch/early_fusion_facial_v2/fusion_pack_5f/sequences/02-01-08-02-01-01-09.npy,5,2048,canonical_02,canonical_02,0.116923,0.082193,0.138538,0.091146,0.101925,0.097133,0.124299,0.247843,0.022570455446839333,0.011587849259376526,0.010273433662950993,0.012634484097361565,0.010965590737760067,0.010651097912341357,0.015164153184741735,0.9061529397964477
01-08-02-01-01-10,train,10,7,surprise,08,02,01,01,03-01-08-02-01-01-10,data/raw/ravdess/audio_speech/Audio_Speech_Actors_01-24/Actor_10/03-01-08-02-01-01-10.wav,7,surprise,/home/tonyhe/ravdess_avfusion/external/audio_ser_speechbrain/speechbrain-develop-main/outputs/embeddings_ECAPA/train/03-01-08-02-01-01-10.npy,96,02-01-08-02-01-01-10,data/raw/ravdess/video_speech/Video_Speech_Actor_10/Actor_10/02-01-08-02-01-01-10.mp4,7,surprise,/home/tonyhe/ravdess_avfusion/external/video_face_branch/early_fusion_facial_v2/fusion_pack_5f/sequences/02-01-08-02-01-01-10.npy,5,2048,canonical_02,canonical_02,0.095765,0.10172,0.109182,0.094796,0.12873,0.101488,0.105883,0.262437,0.015809933468699456,0.008615483855828642,0.011402266379445792,0.010055859107524157,0.007162993168458342,0.009493749681860208,0.011127272993326187,0.926332414150238
01-08-02-01-01-11,train,11,7,surprise,08,02,01,01,03-01-08-02-01-01-11,data/raw/ravdess/audio_speech/Audio_Speech_Actors_01-24/Actor_11/03-01-08-02-01-01-11.wav,7,surprise,/home/tonyhe/ravdess_avfusion/external/audio_ser_speechbrain/speechbrain-develop-main/outputs/embeddings_ECAPA/train/03-01-08-02-01-01-11.npy,96,02-01-08-02-01-01-11,data/raw/ravdess/video_speech/Video_Speech_Actor_11/Actor_11/02-01-08-02-01-01-11.mp4,7,surprise,/home/tonyhe/ravdess_avfusion/external/video_face_branch/early_fusion_facial_v2/fusion_pack_5f/sequences/02-01-08-02-01-01-11.npy,5,2048,canonical_02,canonical_02,0.109217,0.079121,0.142486,0.099181,0.094739,0.100021,0.119326,0.255909,0.018301570042967796,0.010671420022845268,0.01155155673623085,0.01025460585951805,0.013968845829367638,0.00929499976336956,0.012119849771261215,0.9138371229171753
01-08-02-01-01-12,train,12,7,surprise,08,02,01,01,03-01-08-02-01-01-12,data/raw/ravdess/audio_speech/Audio_Speech_Actors_01-24/Actor_12/03-01-08-02-01-01-12.wav,7,surprise,/home/tonyhe/ravdess_avfusion/external/audio_ser_speechbrain/speechbrain-develop-main/outputs/embeddings_ECAPA/train/03-01-08-02-01-01-12.npy,96,02-01-08-02-01-01-12,data/raw/ravdess/video_speech/Video_Speech_Actor_12/Actor_12/02-01-08-02-01-01-12.mp4,7,surprise,/home/tonyhe/ravdess_avfusion/external/video_face_branch/early_fusion_facial_v2/fusion_pack_5f/sequences/02-01-08-02-01-01-12.npy,5,2048,canonical_02,canonical_02,0.09766,0.080445,0.114247,0.10223,0.097914,0.104184,0.129675,0.273644,0.024522153288125993,0.00973558984696865,0.03097983868792653,0.009676526766270399,0.006654621101915836,0.06349246287718416,0.012691859900951386,0.8422469615936279
01-08-02-01-01-13,train,13,7,surprise,08,02,01,01,03-01-08-02-01-01-13,data/raw/ravdess/audio_speech/Audio_Speech_Actors_01-24/Actor_13/03-01-08-02-01-01-13.wav,7,surprise,/home/tonyhe/ravdess_avfusion/external/audio_ser_speechbrain/speechbrain-develop-main/outputs/embeddings_ECAPA/train/03-01-08-02-01-01-13.npy,96,02-01-08-02-01-01-13,data/raw/ravdess/video_speech/Video_Speech_Actor_13/Actor_13/02-01-08-02-01-01-13.mp4,7,surprise,/home/tonyhe/ravdess_avfusion/external/video_face_branch/early_fusion_facial_v2/fusion_pack_5f/sequences/02-01-08-02-01-01-13.npy,5,2048,canonical_02,canonical_02,0.084436,0.084682,0.10956,0.103701,0.118654,0.098952,0.135544,0.264471,0.020455510541796684,0.009261986799538135,0.01093314979225397,0.010269864276051522,0.008450135588645935,0.01400580732151866,0.06130718346685171,0.8653163313865662
01-08-02-01-01-14,train,14,7,surprise,08,02,01,01,03-01-08-02-01-01-14,data/raw/ravdess/audio_speech/Audio_Speech_Actors_01-24/Actor_14/03-01-08-02-01-01-14.wav,7,surprise,/home/tonyhe/ravdess_avfusion/external/audio_ser_speechbrain/speechbrain-develop-main/outputs/embeddings_ECAPA/train/03-01-08-02-01-01-14.npy,96,02-01-08-02-01-01-14,data/raw/ravdess/video_speech/Video_Speech_Actor_14/Actor_14/02-01-08-02-01-01-14.mp4,7,surprise,/home/tonyhe/ravdess_avfusion/external/video_face_branch/early_fusion_facial_v2/fusion_pack_5f/sequences/02-01-08-02-01-01-14.npy,5,2048,canonical_02,canonical_02,0.126244,0.099324,0.108925,0.093882,0.093829,0.082179,0.140836,0.254781,0.022604844719171523,0.007248320337384939,0.006585394311696291,0.007057040091603994,0.015310399979352952,0.007419952563941479,0.01227019727230072,0.9215038180351257
01-08-02-01-01-15,train,15,7,surprise,08,02,01,01,03-01-08-02-01-01-15,data/raw/ravdess/audio_speech/Audio_Speech_Actors_01-24/Actor_15/03-01-08-02-01-01-15.wav,7,surprise,/home/tonyhe/ravdess_avfusion/external/audio_ser_speechbrain/speechbrain-develop-main/outputs/embeddings_ECAPA/train/03-01-08-02-01-01-15.npy,96,02-01-08-02-01-01-15,data/raw/ravdess/video_speech/Video_Speech_Actor_15/Actor_15/02-01-08-02-01-01-15.mp4,2,happy,/home/tonyhe/ravdess_avfusion/data/processed/video/backfill_actor15/sequence_embeddings_5f/train/02-01-08-02-01-01-15.npy,5,2048,backfill_actor15,backfill_actor15,0.106412,0.077858,0.116773,0.083226,0.10818,0.10698,0.139621,0.260949,0.20996563136577606,0.023180030286312103,0.37386438250541687,0.02142193354666233,0.02683802880346775,0.029889117926359177,0.020789915695786476,0.2940509617328644
01-08-02-01-01-16,train,16,7,surprise,08,02,01,01,03-01-08-02-01-01-16,data/raw/ravdess/audio_speech/Audio_Speech_Actors_01-24/Actor_16/03-01-08-02-01-01-16.wav,7,surprise,/home/tonyhe/ravdess_avfusion/external/audio_ser_speechbrain/speechbrain-develop-main/outputs/embeddings_ECAPA/train/03-01-08-02-01-01-16.npy,96,02-01-08-02-01-01-16,data/raw/ravdess/video_speech/Video_Speech_Actor_16/Actor_16/02-01-08-02-01-01-16.mp4,7,surprise,/home/tonyhe/ravdess_avfusion/external/video_face_branch/early_fusion_facial_v2/fusion_pack_5f/sequences/02-01-08-02-01-01-16.npy,5,2048,canonical_02,canonical_02,0.118158,0.078908,0.149551,0.103638,0.087815,0.093149,0.12477,0.244011,0.01937377415597439,0.009997139126062394,0.011318280920386314,0.00905841663479805,0.012025875225663184,0.008050522953271865,0.013599174097180367,0.9165768265724182
01-08-02-01-02-01,train,1,7,surprise,08,02,01,02,03-01-08-02-01-02-01,data/raw/ravdess/audio_speech/Audio_Speech_Actors_01-24/Actor_01/03-01-08-02-01-02-01.wav,7,surprise,/home/tonyhe/ravdess_avfusion/external/audio_ser_speechbrain/speechbrain-develop-main/outputs/embeddings_ECAPA/train/03-01-08-02-01-02-01.npy,96,02-01-08-02-01-02-01,data/raw/ravdess/video_speech/Video_Speech_Actor_01/Actor_01/02-01-08-02-01-02-01.mp4,7,surprise,/home/tonyhe/ravdess_avfusion/external/video_face_branch/early_fusion_facial_v2/fusion_pack_5f/sequences/02-01-08-02-01-02-01.npy,5,2048,canonical_02,canonical_02,0.107423,0.082709,0.122252,0.106585,0.111479,0.094078,0.115781,0.259693,0.020258587785065174,0.014681837987154722,0.009986631199717521,0.009013501461595297,0.011285497155040503,0.00967671312391758,0.009278708603233099,0.9158184885978699
01-08-02-01-02-02,train,2,7,surprise,08,02,01,02,03-01-08-02-01-02-02,data/raw/ravdess/audio_speech/Audio_Speech_Actors_01-24/Actor_02/03-01-08-02-01-02-02.wav,7,surprise,/home/tonyhe/ravdess_avfusion/external/audio_ser_speechbrain/speechbrain-develop-main/outputs/embeddings_ECAPA/train/03-01-08-02-01-02-02.npy,96,02-01-08-02-01-02-02,data/raw/ravdess/video_speech/Video_Speech_Actor_02/Actor_02/02-01-08-02-01-02-02.mp4,7,surprise,/home/tonyhe/ravdess_avfusion/external/video_face_branch/early_fusion_facial_v2/fusion_pack_5f/sequences/02-01-08-02-01-02-02.npy,5,2048,canonical_02,canonical_02,0.10847,0.074727,0.108539,0.124826,0.105,0.088565,0.128426,0.261448,0.0985698476433754,0.00924884546548128,0.010750125162303448,0.012699026241898536,0.008963388111442327,0.03688181303441525,0.012434027530252934,0.810452938079834
01-08-02-01-02-03,train,3,7,surprise,08,02,01,02,03-01-08-02-01-02-03,data/raw/ravdess/audio_speech/Audio_Speech_Actors_01-24/Actor_03/03-01-08-02-01-02-03.wav,7,surprise,/home/tonyhe/ravdess_avfusion/external/audio_ser_speechbrain/speechbrain-develop-main/outputs/embeddings_ECAPA/train/03-01-08-02-01-02-03.npy,96,02-01-08-02-01-02-03,data/raw/ravdess/video_speech/Video_Speech_Actor_03/Actor_03/02-01-08-02-01-02-03.mp4,7,surprise,/home/tonyhe/ravdess_avfusion/external/video_face_branch/early_fusion_facial_v2/fusion_pack_5f/sequences/02-01-08-02-01-02-03.npy,5,2048,canonical_02,canonical_02,0.09972,0.081332,0.113293,0.115845,0.116394,0.099029,0.109273,0.265115,0.021897667646408082,0.009721500147134066,0.009349110256880521,0.010601777490228415,0.010965405032038689,0.010681083519011736,0.013298829086124897,0.9134846448898315
01-08-02-01-02-04,train,4,7,surprise,08,02,01,02,03-01-08-02-01-02-04,data/raw/ravdess/audio_speech/Audio_Speech_Actors_01-24/Actor_04/03-01-08-02-01-02-04.wav,7,surprise,/home/tonyhe/ravdess_avfusion/external/audio_ser_speechbrain/speechbrain-develop-main/outputs/embeddings_ECAPA/train/03-01-08-02-01-02-04.npy,96,02-01-08-02-01-02-04,data/raw/ravdess/video_speech/Video_Speech_Actor_04/Actor_04/02-01-08-02-01-02-04.mp4,7,surprise,/home/tonyhe/ravdess_avfusion/external/video_face_branch/early_fusion_facial_v2/fusion_pack_5f/sequences/02-01-08-02-01-02-04.npy,5,2048,canonical_02,canonical_02,0.090233,0.083045,0.115387,0.09291,0.116169,0.109887,0.12404,0.268328,0.019356671161949633,0.009144420363008976,0.010464282147586346,0.008491463959217072,0.01438073068857193,0.013511148653924466,0.009201536420732737,0.9154497385025024
01-08-02-01-02-05,train,5,7,surprise,08,02,01,02,03-01-08-02-01-02-05,data/raw/ravdess/audio_speech/Audio_Speech_Actors_01-24/Actor_05/03-01-08-02-01-02-05.wav,7,surprise,/home/tonyhe/ravdess_avfusion/external/audio_ser_speechbrain/speechbrain-develop-main/outputs/embeddings_ECAPA/train/03-01-08-02-01-02-05.npy,96,02-01-08-02-01-02-05,data/raw/ravdess/video_speech/Video_Speech_Actor_05/Actor_05/02-01-08-02-01-02-05.mp4,7,surprise,/home/tonyhe/ravdess_avfusion/external/video_face_branch/early_fusion_facial_v2/fusion_pack_5f/sequences/02-01-08-02-01-02-05.npy,5,2048,canonical_02,canonical_02,0.112629,0.096679,0.139153,0.067652,0.119322,0.094693,0.141678,0.228194,0.021018380671739577,0.009730060677975416,0.007278210297226906,0.007295777834951877,0.013722720555961132,0.013774029724299908,0.00937421852722764,0.917806613445282
01-08-02-01-02-06,train,6,7,surprise,08,02,01,02,03-01-08-02-01-02-06,data/raw/ravdess/audio_speech/Audio_Speech_Actors_01-24/Actor_06/03-01-08-02-01-02-06.wav,7,surprise,/home/tonyhe/ravdess_avfusion/external/audio_ser_speechbrain/speechbrain-develop-main/outputs/embeddings_ECAPA/train/03-01-08-02-01-02-06.npy,96,02-01-08-02-01-02-06,data/raw/ravdess/video_speech/Video_Speech_Actor_06/Actor_06/02-01-08-02-01-02-06.mp4,7,surprise,/home/tonyhe/ravdess_avfusion/external/video_face_branch/early_fusion_facial_v2/fusion_pack_5f/sequences/02-01-08-02-01-02-06.npy,5,2048,canonical_02,canonical_02,0.124948,0.091829,0.115372,0.076519,0.125429,0.121005,0.109329,0.23557,0.014329048991203307,0.007053745537996292,0.005441022012382746,0.008024884480983019,0.007090881932526827,0.009162385901436209,0.007639574445784092,0.941258454322815
01-08-02-01-02-07,train,7,7,surprise,08,02,01,02,03-01-08-02-01-02-07,data/raw/ravdess/audio_speech/Audio_Speech_Actors_01-24/Actor_07/03-01-08-02-01-02-07.wav,7,surprise,/home/tonyhe/ravdess_avfusion/external/audio_ser_speechbrain/speechbrain-develop-main/outputs/embeddings_ECAPA/train/03-01-08-02-01-02-07.npy,96,02-01-08-02-01-02-07,data/raw/ravdess/video_speech/Video_Speech_Actor_07/Actor_07/02-01-08-02-01-02-07.mp4,7,surprise,/home/tonyhe/ravdess_avfusion/external/video_face_branch/early_fusion_facial_v2/fusion_pack_5f/sequences/02-01-08-02-01-02-07.npy,5,2048,canonical_02,canonical_02,0.087831,0.087004,0.092295,0.092427,0.114073,0.113207,0.14538,0.267781,0.01973561979830265,0.009008776862174273,0.011756660044193267,0.008917881548404694,0.007988915126770735,0.009966145176440478,0.011830117832869292,0.9207958459854126
01-08-02-01-02-08,train,8,7,surprise,08,02,01,02,03-01-08-02-01-02-08,data/raw/ravdess/audio_speech/Audio_Speech_Actors_01-24/Actor_08/03-01-08-02-01-02-08.wav,7,surprise,/home/tonyhe/ravdess_avfusion/external/audio_ser_speechbrain/speechbrain-develop-main/outputs/embeddings_ECAPA/train/03-01-08-02-01-02-08.npy,96,02-01-08-02-01-02-08,data/raw/ravdess/video_speech/Video_Speech_Actor_08/Actor_08/02-01-08-02-01-02-08.mp4,7,surprise,/home/tonyhe/ravdess_avfusion/external/video_face_branch/early_fusion_facial_v2/fusion_pack_5f/sequences/02-01-08-02-01-02-08.npy,5,2048,canonical_02,canonical_02,0.091152,0.080953,0.120615,0.087655,0.090947,0.122711,0.138457,0.26751,0.017344899103045465,0.009974911343306303,0.01052131624892354,0.01325195813551545,0.014924811758100986,0.00799374682828784,0.010076125990599394,0.9159122228622436
01-08-02-01-02-09,train,9,7,surprise,08,02,01,02,03-01-08-02-01-02-09,data/raw/ravdess/audio_speech/Audio_Speech_Actors_01-24/Actor_09/03-01-08-02-01-02-09.wav,7,surprise,/home/tonyhe/ravdess_avfusion/external/audio_ser_speechbrain/speechbrain-develop-main/outputs/embeddings_ECAPA/train/03-01-08-02-01-02-09.npy,96,02-01-08-02-01-02-09,data/raw/ravdess/video_speech/Video_Speech_Actor_09/Actor_09/02-01-08-02-01-02-09.mp4,7,surprise,/home/tonyhe/ravdess_avfusion/external/video_face_branch/early_fusion_facial_v2/fusion_pack_5f/sequences/02-01-08-02-01-02-09.npy,5,2048,canonical_02,canonical_02,0.134365,0.096959,0.124224,0.091936,0.105561,0.088824,0.113671,0.244459,0.020254198648035526,0.009900580905377866,0.010048490576446056,0.00929566314443946,0.01439061351120472,0.011169909499585629,0.011541757639497519,0.9133987665176392
01-08-02-01-02-10,train,10,7,surprise,08,02,01,02,03-01-08-02-01-02-10,data/raw/ravdess/audio_speech/Audio_Speech_Actors_01-24/Actor_10/03-01-08-02-01-02-10.wav,7,surprise,/home/tonyhe/ravdess_avfusion/external/audio_ser_speechbrain/speechbrain-develop-main/outputs/embeddings_ECAPA/train/03-01-08-02-01-02-10.npy,96,02-01-08-02-01-02-10,data/raw/ravdess/video_speech/Video_Speech_Actor_10/Actor_10/02-01-08-02-01-02-10.mp4,7,surprise,/home/tonyhe/ravdess_avfusion/external/video_face_branch/early_fusion_facial_v2/fusion_pack_5f/sequences/02-01-08-02-01-02-10.npy,5,2048,canonical_02,canonical_02,0.100411,0.094492,0.104399,0.072839,0.12002,0.122921,0.131861,0.253058,0.01614571548998356,0.009828847832977772,0.009924556221812963,0.00971970148384571,0.009220322500914336,0.0074423043057322506,0.011251962929964065,0.9264665961265564
01-08-02-01-02-11,train,11,7,surprise,08,02,01,02,03-01-08-02-01-02-11,data/raw/ravdess/audio_speech/Audio_Speech_Actors_01-24/Actor_11/03-01-08-02-01-02-11.wav,7,surprise,/home/tonyhe/ravdess_avfusion/external/audio_ser_speechbrain/speechbrain-develop-main/outputs/embeddings_ECAPA/train/03-01-08-02-01-02-11.npy,96,02-01-08-02-01-02-11,data/raw/ravdess/video_speech/Video_Speech_Actor_11/Actor_11/02-01-08-02-01-02-11.mp4,7,surprise,/home/tonyhe/ravdess_avfusion/external/video_face_branch/early_fusion_facial_v2/fusion_pack_5f/sequences/02-01-08-02-01-02-11.npy,5,2048,canonical_02,canonical_02,0.086081,0.088361,0.140832,0.087816,0.087078,0.110456,0.142509,0.256866,0.018985781632363797,0.010756422393023967,0.011258379928767681,0.009953549411147834,0.01339059416204691,0.009578387811779976,0.013019716553390025,0.9130571842193603
01-08-02-01-02-12,train,12,7,surprise,08,02,01,02,03-01-08-02-01-02-12,data/raw/ravdess/audio_speech/Audio_Speech_Actors_01-24/Actor_12/03-01-08-02-01-02-12.wav,7,surprise,/home/tonyhe/ravdess_avfusion/external/audio_ser_speechbrain/speechbrain-develop-main/outputs/embeddings_ECAPA/train/03-01-08-02-01-02-12.npy,96,02-01-08-02-01-02-12,data/raw/ravdess/video_speech/Video_Speech_Actor_12/Actor_12/02-01-08-02-01-02-12.mp4,7,surprise,/home/tonyhe/ravdess_avfusion/external/video_face_branch/early_fusion_facial_v2/fusion_pack_5f/sequences/02-01-08-02-01-02-12.npy,5,2048,canonical_02,canonical_02,0.094337,0.09283,0.129579,0.095322,0.080773,0.136888,0.116765,0.253506,0.03491224404424429,0.006379638239741326,0.007383058778941631,0.011903140600770712,0.00560750812292099,0.01639086827635765,0.009348235838115216,0.9080753326416016
01-08-02-01-02-13,train,13,7,surprise,08,02,01,02,03-01-08-02-01-02-13,data/raw/ravdess/audio_speech/Audio_Speech_Actors_01-24/Actor_13/03-01-08-02-01-02-13.wav,7,surprise,/home/tonyhe/ravdess_avfusion/external/audio_ser_speechbrain/speechbrain-develop-main/outputs/embeddings_ECAPA/train/03-01-08-02-01-02-13.npy,96,02-01-08-02-01-02-13,data/raw/ravdess/video_speech/Video_Speech_Actor_13/Actor_13/02-01-08-02-01-02-13.mp4,7,surprise,/home/tonyhe/ravdess_avfusion/external/video_face_branch/early_fusion_facial_v2/fusion_pack_5f/sequences/02-01-08-02-01-02-13.npy,5,2048,canonical_02,canonical_02,0.110214,0.080776,0.138292,0.10685,0.089492,0.090986,0.132348,0.251042,0.021697807312011718,0.009061736613512039,0.011801237054169179,0.00940314745530486,0.010666517168283462,0.01215840894728899,0.013818045519292355,0.9113930940628052
01-08-02-01-02-14,train,14,7,surprise,08,02,01,02,03-01-08-02-01-02-14,data/raw/ravdess/audio_speech/Audio_Speech_Actors_01-24/Actor_14/03-01-08-02-01-02-14.wav,7,surprise,/home/tonyhe/ravdess_avfusion/external/audio_ser_speechbrain/speechbrain-develop-main/outputs/embeddings_ECAPA/train/03-01-08-02-01-02-14.npy,96,02-01-08-02-01-02-14,data/raw/ravdess/video_speech/Video_Speech_Actor_14/Actor_14/02-01-08-02-01-02-14.mp4,7,surprise,/home/tonyhe/ravdess_avfusion/external/video_face_branch/early_fusion_facial_v2/fusion_pack_5f/sequences/02-01-08-02-01-02-14.npy,5,2048,canonical_02,canonical_02,0.120778,0.089662,0.134426,0.073633,0.114735,0.097131,0.133853,0.235782,0.0213149793446064,0.014565293863415717,0.01160508580505848,0.008067954611033202,0.009077784046530724,0.00991621259599924,0.04980633221566677,0.8756463170051575
01-08-02-01-02-15,train,15,7,surprise,08,02,01,02,03-01-08-02-01-02-15,data/raw/ravdess/audio_speech/Audio_Speech_Actors_01-24/Actor_15/03-01-08-02-01-02-15.wav,7,surprise,/home/tonyhe/ravdess_avfusion/external/audio_ser_speechbrain/speechbrain-develop-main/outputs/embeddings_ECAPA/train/03-01-08-02-01-02-15.npy,96,02-01-08-02-01-02-15,data/raw/ravdess/video_speech/Video_Speech_Actor_15/Actor_15/02-01-08-02-01-02-15.mp4,2,happy,/home/tonyhe/ravdess_avfusion/data/processed/video/backfill_actor15/sequence_embeddings_5f/train/02-01-08-02-01-02-15.npy,5,2048,backfill_actor15,backfill_actor15,0.09123,0.092458,0.161723,0.094577,0.095455,0.11664,0.10691,0.241006,0.31354671716690063,0.04219929128885269,0.4532832205295563,0.1022416204214096,0.017771387472748756,0.010452622547745705,0.02453279122710228,0.035972367972135544
01-08-02-01-02-16,train,16,7,surprise,08,02,01,02,03-01-08-02-01-02-16,data/raw/ravdess/audio_speech/Audio_Speech_Actors_01-24/Actor_16/03-01-08-02-01-02-16.wav,7,surprise,/home/tonyhe/ravdess_avfusion/external/audio_ser_speechbrain/speechbrain-develop-main/outputs/embeddings_ECAPA/train/03-01-08-02-01-02-16.npy,96,02-01-08-02-01-02-16,data/raw/ravdess/video_speech/Video_Speech_Actor_16/Actor_16/02-01-08-02-01-02-16.mp4,7,surprise,/home/tonyhe/ravdess_avfusion/external/video_face_branch/early_fusion_facial_v2/fusion_pack_5f/sequences/02-01-08-02-01-02-16.npy,5,2048,canonical_02,canonical_02,0.119036,0.075558,0.142152,0.092871,0.114043,0.091515,0.126463,0.238362,0.02742173969745636,0.017975289933383466,0.010969047714024783,0.011967290751636028,0.022689679823815822,0.012730474397540093,0.010462641343474388,0.885783851146698
01-08-02-02-01-01,train,1,7,surprise,08,02,02,01,03-01-08-02-02-01-01,data/raw/ravdess/audio_speech/Audio_Speech_Actors_01-24/Actor_01/03-01-08-02-02-01-01.wav,7,surprise,/home/tonyhe/ravdess_avfusion/external/audio_ser_speechbrain/speechbrain-develop-main/outputs/embeddings_ECAPA/train/03-01-08-02-02-01-01.npy,96,02-01-08-02-02-01-01,data/raw/ravdess/video_speech/Video_Speech_Actor_01/Actor_01/02-01-08-02-02-01-01.mp4,7,surprise,/home/tonyhe/ravdess_avfusion/external/video_face_branch/early_fusion_facial_v2/fusion_pack_5f/sequences/02-01-08-02-02-01-01.npy,5,2048,canonical_02,canonical_02,0.107478,0.088555,0.127499,0.086161,0.119491,0.104636,0.118271,0.247909,0.022515762969851492,0.01275351718068123,0.011523047834634781,0.012798302620649338,0.01469518207013607,0.011386517155915498,0.014042161777615548,0.9002855062484741
01-08-02-02-01-02,train,2,7,surprise,08,02,02,01,03-01-08-02-02-01-02,data/raw/ravdess/audio_speech/Audio_Speech_Actors_01-24/Actor_02/03-01-08-02-02-01-02.wav,7,surprise,/home/tonyhe/ravdess_avfusion/external/audio_ser_speechbrain/speechbrain-develop-main/outputs/embeddings_ECAPA/train/03-01-08-02-02-01-02.npy,96,02-01-08-02-02-01-02,data/raw/ravdess/video_speech/Video_Speech_Actor_02/Actor_02/02-01-08-02-02-01-02.mp4,7,surprise,/home/tonyhe/ravdess_avfusion/external/video_face_branch/early_fusion_facial_v2/fusion_pack_5f/sequences/02-01-08-02-02-01-02.npy,5,2048,canonical_02,canonical_02,0.121588,0.098336,0.101186,0.100107,0.122088,0.077103,0.123137,0.256454,0.13303610049188136,0.009575770702213049,0.008359271474182606,0.007556317374110222,0.006839874386787415,0.007016436010599136,0.008720680605620146,0.8188955843448639
01-08-02-02-01-03,train,3,7,surprise,08,02,02,01,03-01-08-02-02-01-03,data/raw/ravdess/audio_speech/Audio_Speech_Actors_01-24/Actor_03/03-01-08-02-02-01-03.wav,7,surprise,/home/tonyhe/ravdess_avfusion/external/audio_ser_speechbrain/speechbrain-develop-main/outputs/embeddings_ECAPA/train/03-01-08-02-02-01-03.npy,96,02-01-08-02-02-01-03,data/raw/ravdess/video_speech/Video_Speech_Actor_03/Actor_03/02-01-08-02-02-01-03.mp4,7,surprise,/home/tonyhe/ravdess_avfusion/external/video_face_branch/early_fusion_facial_v2/fusion_pack_5f/sequences/02-01-08-02-02-01-03.npy,5,2048,canonical_02,canonical_02,0.094978,0.091463,0.126052,0.099994,0.083861,0.132516,0.120075,0.251061,0.023676677048206328,0.009909213241189718,0.011257690470665693,0.008952643349766731,0.010040236450731755,0.016680742613971233,0.011656429897993804,0.9078263998031616
01-08-02-02-01-04,train,4,7,surprise,08,02,02,01,03-01-08-02-02-01-04,data/raw/ravdess/audio_speech/Audio_Speech_Actors_01-24/Actor_04/03-01-08-02-02-01-04.wav,7,surprise,/home/tonyhe/ravdess_avfusion/external/audio_ser_speechbrain/speechbrain-develop-main/outputs/embeddings_ECAPA/train/03-01-08-02-02-01-04.npy,96,02-01-08-02-02-01-04,data/raw/ravdess/video_speech/Video_Speech_Actor_04/Actor_04/02-01-08-02-02-01-04.mp4,7,surprise,/home/tonyhe/ravdess_avfusion/external/video_face_branch/early_fusion_facial_v2/fusion_pack_5f/sequences/02-01-08-02-02-01-04.npy,5,2048,canonical_02,canonical_02,0.102469,0.088926,0.115257,0.113145,0.09704,0.09182,0.120587,0.270756,0.06102880723774433,0.03510681726038456,0.022327133920043707,0.01514226794242859,0.009462298266589642,0.011690159887075424,0.014610225893557071,0.8306322693824768
01-08-02-02-01-05,train,5,7,surprise,08,02,02,01,03-01-08-02-02-01-05,data/raw/ravdess/audio_speech/Audio_Speech_Actors_01-24/Actor_05/03-01-08-02-02-01-05.wav,7,surprise,/home/tonyhe/ravdess_avfusion/external/audio_ser_speechbrain/speechbrain-develop-main/outputs/embeddings_ECAPA/train/03-01-08-02-02-01-05.npy,96,02-01-08-02-02-01-05,data/raw/ravdess/video_speech/Video_Speech_Actor_05/Actor_05/02-01-08-02-02-01-05.mp4,7,surprise,/home/tonyhe/ravdess_avfusion/external/video_face_branch/early_fusion_facial_v2/fusion_pack_5f/sequences/02-01-08-02-02-01-05.npy,5,2048,canonical_02,canonical_02,0.123036,0.10406,0.150423,0.089363,0.107943,0.07442,0.12946,0.221296,0.018890752643346786,0.0100990055128932,0.007442305516451597,0.006647324562072754,0.009262909647077322,0.008059095963835717,0.010946757532656193,0.9286518812179565
01-08-02-02-01-06,train,6,7,surprise,08,02,02,01,03-01-08-02-02-01-06,data/raw/ravdess/audio_speech/Audio_Speech_Actors_01-24/Actor_06/03-01-08-02-02-01-06.wav,7,surprise,/home/tonyhe/ravdess_avfusion/external/audio_ser_speechbrain/speechbrain-develop-main/outputs/embeddings_ECAPA/train/03-01-08-02-02-01-06.npy,96,02-01-08-02-02-01-06,data/raw/ravdess/video_speech/Video_Speech_Actor_06/Actor_06/02-01-08-02-02-01-06.mp4,7,surprise,/home/tonyhe/ravdess_avfusion/external/video_face_branch/early_fusion_facial_v2/fusion_pack_5f/sequences/02-01-08-02-02-01-06.npy,5,2048,canonical_02,canonical_02,0.112123,0.09648,0.112421,0.089253,0.092841,0.131502,0.112978,0.252402,0.01858651712536812,0.010789137985557317,0.009847008530050516,0.008329337928444147,0.010929980967193841,0.008902227133512497,0.011446591652929782,0.9211692214012146
01-08-02-02-01-07,train,7,7,surprise,08,02,02,01,03-01-08-02-02-01-07,data/raw/ravdess/audio_speech/Audio_Speech_Actors_01-24/Actor_07/03-01-08-02-02-01-07.wav,7,surprise,/home/tonyhe/ravdess_avfusion/external/audio_ser_speechbrain/speechbrain-develop-main/outputs/embeddings_ECAPA/train/03-01-08-02-02-01-07.npy,96,02-01-08-02-02-01-07,data/raw/ravdess/video_speech/Video_Speech_Actor_07/Actor_07/02-01-08-02-02-01-07.mp4,7,surprise,/home/tonyhe/ravdess_avfusion/external/video_face_branch/early_fusion_facial_v2/fusion_pack_5f/sequences/02-01-08-02-02-01-07.npy,5,2048,canonical_02,canonical_02,0.088016,0.092967,0.124702,0.080444,0.100535,0.126398,0.123503,0.263434,0.019427666254341603,0.011140595935285092,0.013425415381789207,0.010801843088120221,0.011806580051779748,0.01270940713584423,0.012893401831388474,0.9077950835227966
01-08-02-02-01-08,train,8,7,surprise,08,02,02,01,03-01-08-02-02-01-08,data/raw/ravdess/audio_speech/Audio_Speech_Actors_01-24/Actor_08/03-01-08-02-02-01-08.wav,7,surprise,/home/tonyhe/ravdess_avfusion/external/audio_ser_speechbrain/speechbrain-develop-main/outputs/embeddings_ECAPA/train/03-01-08-02-02-01-08.npy,96,02-01-08-02-02-01-08,data/raw/ravdess/video_speech/Video_Speech_Actor_08/Actor_08/02-01-08-02-02-01-08.mp4,7,surprise,/home/tonyhe/ravdess_avfusion/external/video_face_branch/early_fusion_facial_v2/fusion_pack_5f/sequences/02-01-08-02-02-01-08.npy,5,2048,canonical_02,canonical_02,0.10614,0.090426,0.101439,0.08925,0.105429,0.100914,0.132628,0.273773,0.019543494377285243,0.01174254147335887,0.012610912322998047,0.011113336682319641,0.013887769728899001,0.013804409466683865,0.01257116235792637,0.9047263264656067
01-08-02-02-01-09,train,9,7,surprise,08,02,02,01,03-01-08-02-02-01-09,data/raw/ravdess/audio_speech/Audio_Speech_Actors_01-24/Actor_09/03-01-08-02-02-01-09.wav,7,surprise,/home/tonyhe/ravdess_avfusion/external/audio_ser_speechbrain/speechbrain-develop-main/outputs/embeddings_ECAPA/train/03-01-08-02-02-01-09.npy,96,02-01-08-02-02-01-09,data/raw/ravdess/video_speech/Video_Speech_Actor_09/Actor_09/02-01-08-02-02-01-09.mp4,7,surprise,/home/tonyhe/ravdess_avfusion/external/video_face_branch/early_fusion_facial_v2/fusion_pack_5f/sequences/02-01-08-02-02-01-09.npy,5,2048,canonical_02,canonical_02,0.129343,0.088097,0.110256,0.096877,0.10649,0.08078,0.135964,0.252192,0.02256854362785816,0.01025608777999878,0.010583300329744815,0.012674499861896038,0.010051028244197369,0.011828657053411008,0.01406765952706337,0.9079702377319336
01-08-02-02-01-10,train,10,7,surprise,08,02,02,01,03-01-08-02-02-01-10,data/raw/ravdess/audio_speech/Audio_Speech_Actors_01-24/Actor_10/03-01-08-02-02-01-10.wav,7,surprise,/home/tonyhe/ravdess_avfusion/external/audio_ser_speechbrain/speechbrain-develop-main/outputs/embeddings_ECAPA/train/03-01-08-02-02-01-10.npy,96,02-01-08-02-02-01-10,data/raw/ravdess/video_speech/Video_Speech_Actor_10/Actor_10/02-01-08-02-02-01-10.mp4,7,surprise,/home/tonyhe/ravdess_avfusion/external/video_face_branch/early_fusion_facial_v2/fusion_pack_5f/sequences/02-01-08-02-02-01-10.npy,5,2048,canonical_02,canonical_02,0.110365,0.097873,0.130482,0.104307,0.091668,0.097683,0.114538,0.253085,0.012841385137289763,0.007088050758466124,0.009674241952598094,0.007987423241138459,0.005951877823099494,0.017518466291949152,0.009391343733295799,0.9295472025871276
01-08-02-02-01-11,train,11,7,surprise,08,02,02,01,03-01-08-02-02-01-11,data/raw/ravdess/audio_speech/Audio_Speech_Actors_01-24/Actor_11/03-01-08-02-02-01-11.wav,7,surprise,/home/tonyhe/ravdess_avfusion/external/audio_ser_speechbrain/speechbrain-develop-main/outputs/embeddings_ECAPA/train/03-01-08-02-02-01-11.npy,96,02-01-08-02-02-01-11,data/raw/ravdess/video_speech/Video_Speech_Actor_11/Actor_11/02-01-08-02-02-01-11.mp4,7,surprise,/home/tonyhe/ravdess_avfusion/external/video_face_branch/early_fusion_facial_v2/fusion_pack_5f/sequences/02-01-08-02-02-01-11.npy,5,2048,canonical_02,canonical_02,0.099375,0.073556,0.122181,0.101268,0.105116,0.096463,0.137203,0.26484,0.018305881693959237,0.0130788404494524,0.01040013786405325,0.010389710962772369,0.012379527930170298,0.011192397959530354,0.011010024696588516,0.9132434725761414
01-08-02-02-01-12,train,12,7,surprise,08,02,02,01,03-01-08-02-02-01-12,data/raw/ravdess/audio_speech/Audio_Speech_Actors_01-24/Actor_12/03-01-08-02-02-01-12.wav,7,surprise,/home/tonyhe/ravdess_avfusion/external/audio_ser_speechbrain/speechbrain-develop-main/outputs/embeddings_ECAPA/train/03-01-08-02-02-01-12.npy,96,02-01-08-02-02-01-12,data/raw/ravdess/video_speech/Video_Speech_Actor_12/Actor_12/02-01-08-02-02-01-12.mp4,7,surprise,/home/tonyhe/ravdess_avfusion/external/video_face_branch/early_fusion_facial_v2/fusion_pack_5f/sequences/02-01-08-02-02-01-12.npy,5,2048,canonical_02,canonical_02,0.088776,0.072774,0.107527,0.114915,0.129413,0.085204,0.163078,0.238314,0.06811583992093802,0.010331064462661743,0.043516711052507165,0.028364545572549103,0.05197486774995923,0.03700160048902035,0.01495158188045025,0.7457438111305237
01-08-02-02-01-13,train,13,7,surprise,08,02,02,01,03-01-08-02-02-01-13,data/raw/ravdess/audio_speech/Audio_Speech_Actors_01-24/Actor_13/03-01-08-02-02-01-13.wav,7,surprise,/home/tonyhe/ravdess_avfusion/external/audio_ser_speechbrain/speechbrain-develop-main/outputs/embeddings_ECAPA/train/03-01-08-02-02-01-13.npy,96,02-01-08-02-02-01-13,data/raw/ravdess/video_speech/Video_Speech_Actor_13/Actor_13/02-01-08-02-02-01-13.mp4,7,surprise,/home/tonyhe/ravdess_avfusion/external/video_face_branch/early_fusion_facial_v2/fusion_pack_5f/sequences/02-01-08-02-02-01-13.npy,5,2048,canonical_02,canonical_02,0.096625,0.071167,0.13459,0.100821,0.116054,0.093994,0.141433,0.245317,0.025732734799385072,0.016916599683463575,0.07257768027484417,0.010430626198649406,0.011977417021989822,0.020169795583933593,0.015936532244086265,0.826258659362793
01-08-02-02-01-14,train,14,7,surprise,08,02,02,01,03-01-08-02-02-01-14,data/raw/ravdess/audio_speech/Audio_Speech_Actors_01-24/Actor_14/03-01-08-02-02-01-14.wav,7,surprise,/home/tonyhe/ravdess_avfusion/external/audio_ser_speechbrain/speechbrain-develop-main/outputs/embeddings_ECAPA/train/03-01-08-02-02-01-14.npy,96,02-01-08-02-02-01-14,data/raw/ravdess/video_speech/Video_Speech_Actor_14/Actor_14/02-01-08-02-02-01-14.mp4,7,surprise,/home/tonyhe/ravdess_avfusion/external/video_face_branch/early_fusion_facial_v2/fusion_pack_5f/sequences/02-01-08-02-02-01-14.npy,5,2048,canonical_02,canonical_02,0.106973,0.090373,0.108981,0.095318,0.093615,0.103322,0.134128,0.267292,0.023326960392296314,0.0095483741723001,0.009780802298337221,0.01002032682299614,0.1507841819897294,0.013708014041185379,0.01799991950392723,0.7648314118385315
01-08-02-02-01-15,train,15,7,surprise,08,02,02,01,03-01-08-02-02-01-15,data/raw/ravdess/audio_speech/Audio_Speech_Actors_01-24/Actor_15/03-01-08-02-02-01-15.wav,7,surprise,/home/tonyhe/ravdess_avfusion/external/audio_ser_speechbrain/speechbrain-develop-main/outputs/embeddings_ECAPA/train/03-01-08-02-02-01-15.npy,96,02-01-08-02-02-01-15,data/raw/ravdess/video_speech/Video_Speech_Actor_15/Actor_15/02-01-08-02-02-01-15.mp4,0,neutral,/home/tonyhe/ravdess_avfusion/data/processed/video/backfill_actor15/sequence_embeddings_5f/train/02-01-08-02-02-01-15.npy,5,2048,backfill_actor15,backfill_actor15,0.13294,0.084769,0.099286,0.115029,0.09162,0.093745,0.12417,0.258443,0.35221925377845764,0.03928126022219658,0.2725970149040222,0.1861802637577057,0.019093334674835205,0.02136991359293461,0.03874439746141434,0.07051453739404678
01-08-02-02-01-16,train,16,7,surprise,08,02,02,01,03-01-08-02-02-01-16,data/raw/ravdess/audio_speech/Audio_Speech_Actors_01-24/Actor_16/03-01-08-02-02-01-16.wav,7,surprise,/home/tonyhe/ravdess_avfusion/external/audio_ser_speechbrain/speechbrain-develop-main/outputs/embeddings_ECAPA/train/03-01-08-02-02-01-16.npy,96,02-01-08-02-02-01-16,data/raw/ravdess/video_speech/Video_Speech_Actor_16/Actor_16/02-01-08-02-02-01-16.mp4,7,surprise,/home/tonyhe/ravdess_avfusion/external/video_face_branch/early_fusion_facial_v2/fusion_pack_5f/sequences/02-01-08-02-02-01-16.npy,5,2048,canonical_02,canonical_02,0.113507,0.067558,0.127981,0.099734,0.089661,0.107359,0.14584,0.248359,0.021794083155691625,0.009329190850257874,0.00964199062436819,0.008778902795165777,0.014576792530715466,0.011380547471344472,0.009952799882739782,0.9145456671714782
01-08-02-02-02-01,train,1,7,surprise,08,02,02,02,03-01-08-02-02-02-01,data/raw/ravdess/audio_speech/Audio_Speech_Actors_01-24/Actor_01/03-01-08-02-02-02-01.wav,7,surprise,/home/tonyhe/ravdess_avfusion/external/audio_ser_speechbrain/speechbrain-develop-main/outputs/embeddings_ECAPA/train/03-01-08-02-02-02-01.npy,96,02-01-08-02-02-02-01,data/raw/ravdess/video_speech/Video_Speech_Actor_01/Actor_01/02-01-08-02-02-02-01.mp4,7,surprise,/home/tonyhe/ravdess_avfusion/external/video_face_branch/early_fusion_facial_v2/fusion_pack_5f/sequences/02-01-08-02-02-02-01.npy,5,2048,canonical_02,canonical_02,0.110071,0.087362,0.13496,0.090881,0.098232,0.103553,0.11673,0.258211,0.019061199948191644,0.008891490567475558,0.009618234448134899,0.011442741472274065,0.009146749507635832,0.007937993668019772,0.010750513803213835,0.9231511235237122
01-08-02-02-02-02,train,2,7,surprise,08,02,02,02,03-01-08-02-02-02-02,data/raw/ravdess/audio_speech/Audio_Speech_Actors_01-24/Actor_02/03-01-08-02-02-02-02.wav,7,surprise,/home/tonyhe/ravdess_avfusion/external/audio_ser_speechbrain/speechbrain-develop-main/outputs/embeddings_ECAPA/train/03-01-08-02-02-02-02.npy,96,02-01-08-02-02-02-02,data/raw/ravdess/video_speech/Video_Speech_Actor_02/Actor_02/02-01-08-02-02-02-02.mp4,7,surprise,/home/tonyhe/ravdess_avfusion/external/video_face_branch/early_fusion_facial_v2/fusion_pack_5f/sequences/02-01-08-02-02-02-02.npy,5,2048,canonical_02,canonical_02,0.105957,0.10218,0.103089,0.093361,0.091482,0.102322,0.13282,0.268789,0.13438291866332291,0.011192539986222983,0.010601214971393347,0.009121978469192982,0.008426205068826676,0.008338234946131706,0.010364342480897903,0.8075725913047791
01-08-02-02-02-03,train,3,7,surprise,08,02,02,02,03-01-08-02-02-02-03,data/raw/ravdess/audio_speech/Audio_Speech_Actors_01-24/Actor_03/03-01-08-02-02-02-03.wav,7,surprise,/home/tonyhe/ravdess_avfusion/external/audio_ser_speechbrain/speechbrain-develop-main/outputs/embeddings_ECAPA/train/03-01-08-02-02-02-03.npy,96,02-01-08-02-02-02-03,data/raw/ravdess/video_speech/Video_Speech_Actor_03/Actor_03/02-01-08-02-02-02-03.mp4,7,surprise,/home/tonyhe/ravdess_avfusion/external/video_face_branch/early_fusion_facial_v2/fusion_pack_5f/sequences/02-01-08-02-02-02-03.npy,5,2048,canonical_02,canonical_02,0.114758,0.075528,0.117805,0.088669,0.106905,0.115622,0.12448,0.256234,0.026964712142944335,0.011859930120408535,0.012731056660413742,0.011132842674851418,0.010807263292372226,0.01603459529578686,0.013179983757436276,0.8972895860671997
01-08-02-02-02-04,train,4,7,surprise,08,02,02,02,03-01-08-02-02-02-04,data/raw/ravdess/audio_speech/Audio_Speech_Actors_01-24/Actor_04/03-01-08-02-02-02-04.wav,7,surprise,/home/tonyhe/ravdess_avfusion/external/audio_ser_speechbrain/speechbrain-develop-main/outputs/embeddings_ECAPA/train/03-01-08-02-02-02-04.npy,96,02-01-08-02-02-02-04,data/raw/ravdess/video_speech/Video_Speech_Actor_04/Actor_04/02-01-08-02-02-02-04.mp4,7,surprise,/home/tonyhe/ravdess_avfusion/external/video_face_branch/early_fusion_facial_v2/fusion_pack_5f/sequences/02-01-08-02-02-02-04.npy,5,2048,canonical_02,canonical_02,0.090959,0.075061,0.102878,0.1003,0.110528,0.111309,0.145051,0.263914,0.020105808041989803,0.01110024768859148,0.013805391825735569,0.016654619481414557,0.013038085214793682,0.014363910164684057,0.010789459757506847,0.9001425266265869
01-08-02-02-02-05,train,5,7,surprise,08,02,02,02,03-01-08-02-02-02-05,data/raw/ravdess/audio_speech/Audio_Speech_Actors_01-24/Actor_05/03-01-08-02-02-02-05.wav,7,surprise,/home/tonyhe/ravdess_avfusion/external/audio_ser_speechbrain/speechbrain-develop-main/outputs/embeddings_ECAPA/train/03-01-08-02-02-02-05.npy,96,02-01-08-02-02-02-05,data/raw/ravdess/video_speech/Video_Speech_Actor_05/Actor_05/02-01-08-02-02-02-05.mp4,7,surprise,/home/tonyhe/ravdess_avfusion/external/video_face_branch/early_fusion_facial_v2/fusion_pack_5f/sequences/02-01-08-02-02-02-05.npy,5,2048,canonical_02,canonical_02,0.122752,0.094079,0.147091,0.086491,0.088829,0.088071,0.133709,0.238977,0.020331903547048568,0.010524155013263226,0.00807416271418333,0.00802874779328704,0.01194547936320305,0.009599196258932352,0.009967972338199616,0.9215283393859863
01-08-02-02-02-06,train,6,7,surprise,08,02,02,02,03-01-08-02-02-02-06,data/raw/ravdess/audio_speech/Audio_Speech_Actors_01-24/Actor_06/03-01-08-02-02-02-06.wav,7,surprise,/home/tonyhe/ravdess_avfusion/external/audio_ser_speechbrain/speechbrain-develop-main/outputs/embeddings_ECAPA/train/03-01-08-02-02-02-06.npy,96,02-01-08-02-02-02-06,data/raw/ravdess/video_speech/Video_Speech_Actor_06/Actor_06/02-01-08-02-02-02-06.mp4,7,surprise,/home/tonyhe/ravdess_avfusion/external/video_face_branch/early_fusion_facial_v2/fusion_pack_5f/sequences/02-01-08-02-02-02-06.npy,5,2048,canonical_02,canonical_02,0.112035,0.090763,0.108746,0.076894,0.098956,0.146504,0.122897,0.243206,0.020722409524023534,0.010409969743341208,0.010644622705876827,0.009179841168224812,0.008396151755005122,0.011209397949278355,0.010550270602107049,0.9188872933387756
01-08-02-02-02-07,train,7,7,surprise,08,02,02,02,03-01-08-02-02-02-07,data/raw/ravdess/audio_speech/Audio_Speech_Actors_01-24/Actor_07/03-01-08-02-02-02-07.wav,7,surprise,/home/tonyhe/ravdess_avfusion/external/audio_ser_speechbrain/speechbrain-develop-main/outputs/embeddings_ECAPA/train/03-01-08-02-02-02-07.npy,96,02-01-08-02-02-02-07,data/raw/ravdess/video_speech/Video_Speech_Actor_07/Actor_07/02-01-08-02-02-02-07.mp4,7,surprise,/home/tonyhe/ravdess_avfusion/external/video_face_branch/early_fusion_facial_v2/fusion_pack_5f/sequences/02-01-08-02-02-02-07.npy,5,2048,canonical_02,canonical_02,0.100945,0.105333,0.11587,0.076697,0.119268,0.107607,0.11679,0.25749,0.021347450278699397,0.00982296746224165,0.01154411155730486,0.01019542310386896,0.016635548416525127,0.010917442105710506,0.012828565947711468,0.9067084670066834
01-08-02-02-02-08,train,8,7,surprise,08,02,02,02,03-01-08-02-02-02-08,data/raw/ravdess/audio_speech/Audio_Speech_Actors_01-24/Actor_08/03-01-08-02-02-02-08.wav,7,surprise,/home/tonyhe/ravdess_avfusion/external/audio_ser_speechbrain/speechbrain-develop-main/outputs/embeddings_ECAPA/train/03-01-08-02-02-02-08.npy,96,02-01-08-02-02-02-08,data/raw/ravdess/video_speech/Video_Speech_Actor_08/Actor_08/02-01-08-02-02-02-08.mp4,7,surprise,/home/tonyhe/ravdess_avfusion/external/video_face_branch/early_fusion_facial_v2/fusion_pack_5f/sequences/02-01-08-02-02-02-08.npy,5,2048,canonical_02,canonical_02,0.091339,0.089412,0.126372,0.081747,0.09425,0.106638,0.14444,0.265804,0.02028147242963314,0.011472304537892341,0.010919495113193988,0.01875018384307623,0.012448844127357006,0.0086309137288481,0.012277061864733697,0.9052196741104126
01-08-02-02-02-09,train,9,7,surprise,08,02,02,02,03-01-08-02-02-02-09,data/raw/ravdess/audio_speech/Audio_Speech_Actors_01-24/Actor_09/03-01-08-02-02-02-09.wav,7,surprise,/home/tonyhe/ravdess_avfusion/external/audio_ser_speechbrain/speechbrain-develop-main/outputs/embeddings_ECAPA/train/03-01-08-02-02-02-09.npy,96,02-01-08-02-02-02-09,data/raw/ravdess/video_speech/Video_Speech_Actor_09/Actor_09/02-01-08-02-02-02-09.mp4,7,surprise,/home/tonyhe/ravdess_avfusion/external/video_face_branch/early_fusion_facial_v2/fusion_pack_5f/sequences/02-01-08-02-02-02-09.npy,5,2048,canonical_02,canonical_02,0.139427,0.08578,0.098655,0.098334,0.126288,0.075974,0.137031,0.238511,0.020480673760175705,0.011003669165074826,0.01130949817597866,0.009887403529137372,0.008988793008029461,0.01092265909537673,0.020638774149119854,0.906768524646759
01-08-02-02-02-10,train,10,7,surprise,08,02,02,02,03-01-08-02-02-02-10,data/raw/ravdess/audio_speech/Audio_Speech_Actors_01-24/Actor_10/03-01-08-02-02-02-10.wav,7,surprise,/home/tonyhe/ravdess_avfusion/external/audio_ser_speechbrain/speechbrain-develop-main/outputs/embeddings_ECAPA/train/03-01-08-02-02-02-10.npy,96,02-01-08-02-02-02-10,data/raw/ravdess/video_speech/Video_Speech_Actor_10/Actor_10/02-01-08-02-02-02-10.mp4,7,surprise,/home/tonyhe/ravdess_avfusion/external/video_face_branch/early_fusion_facial_v2/fusion_pack_5f/sequences/02-01-08-02-02-02-10.npy,5,2048,canonical_02,canonical_02,0.097596,0.096543,0.113587,0.090476,0.09385,0.104429,0.134497,0.269022,0.014990061707794666,0.004921454703435302,0.008730620611459017,0.012942783953621983,0.032135202549397945,0.011650663614273072,0.008698222972452641,0.905931007862091
01-08-02-02-02-11,train,11,7,surprise,08,02,02,02,03-01-08-02-02-02-11,data/raw/ravdess/audio_speech/Audio_Speech_Actors_01-24/Actor_11/03-01-08-02-02-02-11.wav,7,surprise,/home/tonyhe/ravdess_avfusion/external/audio_ser_speechbrain/speechbrain-develop-main/outputs/embeddings_ECAPA/train/03-01-08-02-02-02-11.npy,96,02-01-08-02-02-02-11,data/raw/ravdess/video_speech/Video_Speech_Actor_11/Actor_11/02-01-08-02-02-02-11.mp4,7,surprise,/home/tonyhe/ravdess_avfusion/external/video_face_branch/early_fusion_facial_v2/fusion_pack_5f/sequences/02-01-08-02-02-02-11.npy,5,2048,canonical_02,canonical_02,0.091265,0.085567,0.108344,0.104932,0.100711,0.094247,0.142384,0.27255,0.015798907727003098,0.008994128461927176,0.00930686155334115,0.00875320378690958,0.009516728669404983,0.007550282124429941,0.010505552403628826,0.9295743227005004
01-08-02-02-02-12,train,12,7,surprise,08,02,02,02,03-01-08-02-02-02-12,data/raw/ravdess/audio_speech/Audio_Speech_Actors_01-24/Actor_12/03-01-08-02-02-02-12.wav,7,surprise,/home/tonyhe/ravdess_avfusion/external/audio_ser_speechbrain/speechbrain-develop-main/outputs/embeddings_ECAPA/train/03-01-08-02-02-02-12.npy,96,02-01-08-02-02-02-12,data/raw/ravdess/video_speech/Video_Speech_Actor_12/Actor_12/02-01-08-02-02-02-12.mp4,7,surprise,/home/tonyhe/ravdess_avfusion/external/video_face_branch/early_fusion_facial_v2/fusion_pack_5f/sequences/02-01-08-02-02-02-12.npy,5,2048,canonical_02,canonical_02,0.096623,0.091594,0.10736,0.100506,0.101785,0.090414,0.145265,0.266453,0.05750980339944363,0.024065152648836373,0.010669678542762994,0.014210928231477737,0.006376062333583832,0.022261002380400897,0.021149024739861487,0.8437583208084106
01-08-02-02-02-13,train,13,7,surprise,08,02,02,02,03-01-08-02-02-02-13,data/raw/ravdess/audio_speech/Audio_Speech_Actors_01-24/Actor_13/03-01-08-02-02-02-13.wav,7,surprise,/home/tonyhe/ravdess_avfusion/external/audio_ser_speechbrain/speechbrain-develop-main/outputs/embeddings_ECAPA/train/03-01-08-02-02-02-13.npy,96,02-01-08-02-02-02-13,data/raw/ravdess/video_speech/Video_Speech_Actor_13/Actor_13/02-01-08-02-02-02-13.mp4,7,surprise,/home/tonyhe/ravdess_avfusion/external/video_face_branch/early_fusion_facial_v2/fusion_pack_5f/sequences/02-01-08-02-02-02-13.npy,5,2048,canonical_02,canonical_02,0.116105,0.070795,0.144676,0.09996,0.09724,0.095478,0.135408,0.240338,0.020628643035888673,0.00925025474280119,0.013140644878149033,0.013361963536590337,0.009088745806366205,0.01139229815453291,0.011060099210590124,0.9120773673057556
01-08-02-02-02-14,train,14,7,surprise,08,02,02,02,03-01-08-02-02-02-14,data/raw/ravdess/audio_speech/Audio_Speech_Actors_01-24/Actor_14/03-01-08-02-02-02-14.wav,7,surprise,/home/tonyhe/ravdess_avfusion/external/audio_ser_speechbrain/speechbrain-develop-main/outputs/embeddings_ECAPA/train/03-01-08-02-02-02-14.npy,96,02-01-08-02-02-02-14,data/raw/ravdess/video_speech/Video_Speech_Actor_14/Actor_14/02-01-08-02-02-02-14.mp4,7,surprise,/home/tonyhe/ravdess_avfusion/external/video_face_branch/early_fusion_facial_v2/fusion_pack_5f/sequences/02-01-08-02-02-02-14.npy,5,2048,canonical_02,canonical_02,0.115785,0.096196,0.099762,0.107764,0.095353,0.096482,0.126796,0.261862,0.019676731899380684,0.009495289996266365,0.0071573518216609955,0.006668454129248857,0.01326430756598711,0.006312881875783205,0.01328862989321351,0.9241363048553467
01-08-02-02-02-15,train,15,7,surprise,08,02,02,02,03-01-08-02-02-02-15,data/raw/ravdess/audio_speech/Audio_Speech_Actors_01-24/Actor_15/03-01-08-02-02-02-15.wav,7,surprise,/home/tonyhe/ravdess_avfusion/external/audio_ser_speechbrain/speechbrain-develop-main/outputs/embeddings_ECAPA/train/03-01-08-02-02-02-15.npy,96,02-01-08-02-02-02-15,data/raw/ravdess/video_speech/Video_Speech_Actor_15/Actor_15/02-01-08-02-02-02-15.mp4,2,happy,/home/tonyhe/ravdess_avfusion/data/processed/video/backfill_actor15/sequence_embeddings_5f/train/02-01-08-02-02-02-15.npy,5,2048,backfill_actor15,backfill_actor15,0.102267,0.082663,0.132559,0.141675,0.088291,0.077713,0.132895,0.241937,0.07397386431694031,0.029435869306325912,0.4270078241825104,0.3957507610321045,0.013287286274135113,0.00953732617199421,0.02905232273042202,0.02195480465888977
01-08-02-02-02-16,train,16,7,surprise,08,02,02,02,03-01-08-02-02-02-16,data/raw/ravdess/audio_speech/Audio_Speech_Actors_01-24/Actor_16/03-01-08-02-02-02-16.wav,7,surprise,/home/tonyhe/ravdess_avfusion/external/audio_ser_speechbrain/speechbrain-develop-main/outputs/embeddings_ECAPA/train/03-01-08-02-02-02-16.npy,96,02-01-08-02-02-02-16,data/raw/ravdess/video_speech/Video_Speech_Actor_16/Actor_16/02-01-08-02-02-02-16.mp4,7,surprise,/home/tonyhe/ravdess_avfusion/external/video_face_branch/early_fusion_facial_v2/fusion_pack_5f/sequences/02-01-08-02-02-02-16.npy,5,2048,canonical_02,canonical_02,0.120073,0.078949,0.129224,0.106364,0.091387,0.096692,0.121211,0.2561,0.02429196983575821,0.009748051036149263,0.010153866466134786,0.010059877298772335,0.01081707663834095,0.008498239889740944,0.015071023255586624,0.9113599061965942
