sample_id,stem,av_key,video_path,actor_id,split,emotion_code,label_id,label_name,intensity_code,statement_code,repetition_code
02-01-01-01-01-01-01,02-01-01-01-01-01-01,01-01-01-01-01-01,data/raw/ravdess/video_speech/Video_Speech_Actor_01/Actor_01/02-01-01-01-01-01-01.mp4,1,train,01,0,neutral,01,01,01
02-01-01-01-01-02-01,02-01-01-01-01-02-01,01-01-01-01-02-01,data/raw/ravdess/video_speech/Video_Speech_Actor_01/Actor_01/02-01-01-01-01-02-01.mp4,1,train,01,0,neutral,01,01,02
02-01-01-01-02-01-01,02-01-01-01-02-01-01,01-01-01-02-01-01,data/raw/ravdess/video_speech/Video_Speech_Actor_01/Actor_01/02-01-01-01-02-01-01.mp4,1,train,01,0,neutral,01,02,01
02-01-01-01-02-02-01,02-01-01-01-02-02-01,01-01-01-02-02-01,data/raw/ravdess/video_speech/Video_Speech_Actor_01/Actor_01/02-01-01-01-02-02-01.mp4,1,train,01,0,neutral,01,02,02
02-01-02-01-01-01-01,02-01-02-01-01-01-01,01-02-01-01-01-01,data/raw/ravdess/video_speech/Video_Speech_Actor_01/Actor_01/02-01-02-01-01-01-01.mp4,1,train,02,1,calm,01,01,01
02-01-02-01-01-02-01,02-01-02-01-01-02-01,01-02-01-01-02-01,data/raw/ravdess/video_speech/Video_Speech_Actor_01/Actor_01/02-01-02-01-01-02-01.mp4,1,train,02,1,calm,01,01,02
02-01-02-01-02-01-01,02-01-02-01-02-01-01,01-02-01-02-01-01,data/raw/ravdess/video_speech/Video_Speech_Actor_01/Actor_01/02-01-02-01-02-01-01.mp4,1,train,02,1,calm,01,02,01
02-01-02-01-02-02-01,02-01-02-01-02-02-01,01-02-01-02-02-01,data/raw/ravdess/video_speech/Video_Speech_Actor_01/Actor_01/02-01-02-01-02-02-01.mp4,1,train,02,1,calm,01,02,02
02-01-02-02-01-01-01,02-01-02-02-01-01-01,01-02-02-01-01-01,data/raw/ravdess/video_speech/Video_Speech_Actor_01/Actor_01/02-01-02-02-01-01-01.mp4,1,train,02,1,calm,02,01,01
02-01-02-02-01-02-01,02-01-02-02-01-02-01,01-02-02-01-02-01,data/raw/ravdess/video_speech/Video_Speech_Actor_01/Actor_01/02-01-02-02-01-02-01.mp4,1,train,02,1,calm,02,01,02
02-01-02-02-02-01-01,02-01-02-02-02-01-01,01-02-02-02-01-01,data/raw/ravdess/video_speech/Video_Speech_Actor_01/Actor_01/02-01-02-02-02-01-01.mp4,1,train,02,1,calm,02,02,01
02-01-02-02-02-02-01,02-01-02-02-02-02-01,01-02-02-02-02-01,data/raw/ravdess/video_speech/Video_Speech_Actor_01/Actor_01/02-01-02-02-02-02-01.mp4,1,train,02,1,calm,02,02,02
02-01-03-01-01-01-01,02-01-03-01-01-01-01,01-03-01-01-01-01,data/raw/ravdess/video_speech/Video_Speech_Actor_01/Actor_01/02-01-03-01-01-01-01.mp4,1,train,03,2,happy,01,01,01
02-01-03-01-01-02-01,02-01-03-01-01-02-01,01-03-01-01-02-01,data/raw/ravdess/video_speech/Video_Speech_Actor_01/Actor_01/02-01-03-01-01-02-01.mp4,1,train,03,2,happy,01,01,02
02-01-03-01-02-01-01,02-01-03-01-02-01-01,01-03-01-02-01-01,data/raw/ravdess/video_speech/Video_Speech_Actor_01/Actor_01/02-01-03-01-02-01-01.mp4,1,train,03,2,happy,01,02,01
02-01-03-01-02-02-01,02-01-03-01-02-02-01,01-03-01-02-02-01,data/raw/ravdess/video_speech/Video_Speech_Actor_01/Actor_01/02-01-03-01-02-02-01.mp4,1,train,03,2,happy,01,02,02
02-01-03-02-01-01-01,02-01-03-02-01-01-01,01-03-02-01-01-01,data/raw/ravdess/video_speech/Video_Speech_Actor_01/Actor_01/02-01-03-02-01-01-01.mp4,1,train,03,2,happy,02,01,01
02-01-03-02-01-02-01,02-01-03-02-01-02-01,01-03-02-01-02-01,data/raw/ravdess/video_speech/Video_Speech_Actor_01/Actor_01/02-01-03-02-01-02-01.mp4,1,train,03,2,happy,02,01,02
02-01-03-02-02-01-01,02-01-03-02-02-01-01,01-03-02-02-01-01,data/raw/ravdess/video_speech/Video_Speech_Actor_01/Actor_01/02-01-03-02-02-01-01.mp4,1,train,03,2,happy,02,02,01
02-01-03-02-02-02-01,02-01-03-02-02-02-01,01-03-02-02-02-01,data/raw/ravdess/video_speech/Video_Speech_Actor_01/Actor_01/02-01-03-02-02-02-01.mp4,1,train,03,2,happy,02,02,02
02-01-04-01-01-01-01,02-01-04-01-01-01-01,01-04-01-01-01-01,data/raw/ravdess/video_speech/Video_Speech_Actor_01/Actor_01/02-01-04-01-01-01-01.mp4,1,train,04,3,sad,01,01,01
02-01-04-01-01-02-01,02-01-04-01-01-02-01,01-04-01-01-02-01,data/raw/ravdess/video_speech/Video_Speech_Actor_01/Actor_01/02-01-04-01-01-02-01.mp4,1,train,04,3,sad,01,01,02
02-01-04-01-02-01-01,02-01-04-01-02-01-01,01-04-01-02-01-01,data/raw/ravdess/video_speech/Video_Speech_Actor_01/Actor_01/02-01-04-01-02-01-01.mp4,1,train,04,3,sad,01,02,01
02-01-04-01-02-02-01,02-01-04-01-02-02-01,01-04-01-02-02-01,data/raw/ravdess/video_speech/Video_Speech_Actor_01/Actor_01/02-01-04-01-02-02-01.mp4,1,train,04,3,sad,01,02,02
02-01-04-02-01-01-01,02-01-04-02-01-01-01,01-04-02-01-01-01,data/raw/ravdess/video_speech/Video_Speech_Actor_01/Actor_01/02-01-04-02-01-01-01.mp4,1,train,04,3,sad,02,01,01
02-01-04-02-01-02-01,02-01-04-02-01-02-01,01-04-02-01-02-01,data/raw/ravdess/video_speech/Video_Speech_Actor_01/Actor_01/02-01-04-02-01-02-01.mp4,1,train,04,3,sad,02,01,02
02-01-04-02-02-01-01,02-01-04-02-02-01-01,01-04-02-02-01-01,data/raw/ravdess/video_speech/Video_Speech_Actor_01/Actor_01/02-01-04-02-02-01-01.mp4,1,train,04,3,sad,02,02,01
02-01-04-02-02-02-01,02-01-04-02-02-02-01,01-04-02-02-02-01,data/raw/ravdess/video_speech/Video_Speech_Actor_01/Actor_01/02-01-04-02-02-02-01.mp4,1,train,04,3,sad,02,02,02
02-01-05-01-01-01-01,02-01-05-01-01-01-01,01-05-01-01-01-01,data/raw/ravdess/video_speech/Video_Speech_Actor_01/Actor_01/02-01-05-01-01-01-01.mp4,1,train,05,4,angry,01,01,01
02-01-05-01-01-02-01,02-01-05-01-01-02-01,01-05-01-01-02-01,data/raw/ravdess/video_speech/Video_Speech_Actor_01/Actor_01/02-01-05-01-01-02-01.mp4,1,train,05,4,angry,01,01,02
02-01-05-01-02-01-01,02-01-05-01-02-01-01,01-05-01-02-01-01,data/raw/ravdess/video_speech/Video_Speech_Actor_01/Actor_01/02-01-05-01-02-01-01.mp4,1,train,05,4,angry,01,02,01
02-01-05-01-02-02-01,02-01-05-01-02-02-01,01-05-01-02-02-01,data/raw/ravdess/video_speech/Video_Speech_Actor_01/Actor_01/02-01-05-01-02-02-01.mp4,1,train,05,4,angry,01,02,02
02-01-05-02-01-01-01,02-01-05-02-01-01-01,01-05-02-01-01-01,data/raw/ravdess/video_speech/Video_Speech_Actor_01/Actor_01/02-01-05-02-01-01-01.mp4,1,train,05,4,angry,02,01,01
02-01-05-02-01-02-01,02-01-05-02-01-02-01,01-05-02-01-02-01,data/raw/ravdess/video_speech/Video_Speech_Actor_01/Actor_01/02-01-05-02-01-02-01.mp4,1,train,05,4,angry,02,01,02
02-01-05-02-02-01-01,02-01-05-02-02-01-01,01-05-02-02-01-01,data/raw/ravdess/video_speech/Video_Speech_Actor_01/Actor_01/02-01-05-02-02-01-01.mp4,1,train,05,4,angry,02,02,01
02-01-05-02-02-02-01,02-01-05-02-02-02-01,01-05-02-02-02-01,data/raw/ravdess/video_speech/Video_Speech_Actor_01/Actor_01/02-01-05-02-02-02-01.mp4,1,train,05,4,angry,02,02,02
02-01-06-01-01-01-01,02-01-06-01-01-01-01,01-06-01-01-01-01,data/raw/ravdess/video_speech/Video_Speech_Actor_01/Actor_01/02-01-06-01-01-01-01.mp4,1,train,06,5,fearful,01,01,01
02-01-06-01-01-02-01,02-01-06-01-01-02-01,01-06-01-01-02-01,data/raw/ravdess/video_speech/Video_Speech_Actor_01/Actor_01/02-01-06-01-01-02-01.mp4,1,train,06,5,fearful,01,01,02
02-01-06-01-02-01-01,02-01-06-01-02-01-01,01-06-01-02-01-01,data/raw/ravdess/video_speech/Video_Speech_Actor_01/Actor_01/02-01-06-01-02-01-01.mp4,1,train,06,5,fearful,01,02,01
02-01-06-01-02-02-01,02-01-06-01-02-02-01,01-06-01-02-02-01,data/raw/ravdess/video_speech/Video_Speech_Actor_01/Actor_01/02-01-06-01-02-02-01.mp4,1,train,06,5,fearful,01,02,02
02-01-06-02-01-01-01,02-01-06-02-01-01-01,01-06-02-01-01-01,data/raw/ravdess/video_speech/Video_Speech_Actor_01/Actor_01/02-01-06-02-01-01-01.mp4,1,train,06,5,fearful,02,01,01
02-01-06-02-01-02-01,02-01-06-02-01-02-01,01-06-02-01-02-01,data/raw/ravdess/video_speech/Video_Speech_Actor_01/Actor_01/02-01-06-02-01-02-01.mp4,1,train,06,5,fearful,02,01,02
02-01-06-02-02-01-01,02-01-06-02-02-01-01,01-06-02-02-01-01,data/raw/ravdess/video_speech/Video_Speech_Actor_01/Actor_01/02-01-06-02-02-01-01.mp4,1,train,06,5,fearful,02,02,01
02-01-06-02-02-02-01,02-01-06-02-02-02-01,01-06-02-02-02-01,data/raw/ravdess/video_speech/Video_Speech_Actor_01/Actor_01/02-01-06-02-02-02-01.mp4,1,train,06,5,fearful,02,02,02
02-01-07-01-01-01-01,02-01-07-01-01-01-01,01-07-01-01-01-01,data/raw/ravdess/video_speech/Video_Speech_Actor_01/Actor_01/02-01-07-01-01-01-01.mp4,1,train,07,6,disgust,01,01,01
02-01-07-01-01-02-01,02-01-07-01-01-02-01,01-07-01-01-02-01,data/raw/ravdess/video_speech/Video_Speech_Actor_01/Actor_01/02-01-07-01-01-02-01.mp4,1,train,07,6,disgust,01,01,02
02-01-07-01-02-01-01,02-01-07-01-02-01-01,01-07-01-02-01-01,data/raw/ravdess/video_speech/Video_Speech_Actor_01/Actor_01/02-01-07-01-02-01-01.mp4,1,train,07,6,disgust,01,02,01
02-01-07-01-02-02-01,02-01-07-01-02-02-01,01-07-01-02-02-01,data/raw/ravdess/video_speech/Video_Speech_Actor_01/Actor_01/02-01-07-01-02-02-01.mp4,1,train,07,6,disgust,01,02,02
02-01-07-02-01-01-01,02-01-07-02-01-01-01,01-07-02-01-01-01,data/raw/ravdess/video_speech/Video_Speech_Actor_01/Actor_01/02-01-07-02-01-01-01.mp4,1,train,07,6,disgust,02,01,01
02-01-07-02-01-02-01,02-01-07-02-01-02-01,01-07-02-01-02-01,data/raw/ravdess/video_speech/Video_Speech_Actor_01/Actor_01/02-01-07-02-01-02-01.mp4,1,train,07,6,disgust,02,01,02
02-01-07-02-02-01-01,02-01-07-02-02-01-01,01-07-02-02-01-01,data/raw/ravdess/video_speech/Video_Speech_Actor_01/Actor_01/02-01-07-02-02-01-01.mp4,1,train,07,6,disgust,02,02,01
02-01-07-02-02-02-01,02-01-07-02-02-02-01,01-07-02-02-02-01,data/raw/ravdess/video_speech/Video_Speech_Actor_01/Actor_01/02-01-07-02-02-02-01.mp4,1,train,07,6,disgust,02,02,02
02-01-08-01-01-01-01,02-01-08-01-01-01-01,01-08-01-01-01-01,data/raw/ravdess/video_speech/Video_Speech_Actor_01/Actor_01/02-01-08-01-01-01-01.mp4,1,train,08,7,surprise,01,01,01
02-01-08-01-01-02-01,02-01-08-01-01-02-01,01-08-01-01-02-01,data/raw/ravdess/video_speech/Video_Speech_Actor_01/Actor_01/02-01-08-01-01-02-01.mp4,1,train,08,7,surprise,01,01,02
02-01-08-01-02-01-01,02-01-08-01-02-01-01,01-08-01-02-01-01,data/raw/ravdess/video_speech/Video_Speech_Actor_01/Actor_01/02-01-08-01-02-01-01.mp4,1,train,08,7,surprise,01,02,01
02-01-08-01-02-02-01,02-01-08-01-02-02-01,01-08-01-02-02-01,data/raw/ravdess/video_speech/Video_Speech_Actor_01/Actor_01/02-01-08-01-02-02-01.mp4,1,train,08,7,surprise,01,02,02
02-01-08-02-01-01-01,02-01-08-02-01-01-01,01-08-02-01-01-01,data/raw/ravdess/video_speech/Video_Speech_Actor_01/Actor_01/02-01-08-02-01-01-01.mp4,1,train,08,7,surprise,02,01,01
02-01-08-02-01-02-01,02-01-08-02-01-02-01,01-08-02-01-02-01,data/raw/ravdess/video_speech/Video_Speech_Actor_01/Actor_01/02-01-08-02-01-02-01.mp4,1,train,08,7,surprise,02,01,02
02-01-08-02-02-01-01,02-01-08-02-02-01-01,01-08-02-02-01-01,data/raw/ravdess/video_speech/Video_Speech_Actor_01/Actor_01/02-01-08-02-02-01-01.mp4,1,train,08,7,surprise,02,02,01
02-01-08-02-02-02-01,02-01-08-02-02-02-01,01-08-02-02-02-01,data/raw/ravdess/video_speech/Video_Speech_Actor_01/Actor_01/02-01-08-02-02-02-01.mp4,1,train,08,7,surprise,02,02,02
02-01-01-01-01-01-02,02-01-01-01-01-01-02,01-01-01-01-01-02,data/raw/ravdess/video_speech/Video_Speech_Actor_02/Actor_02/02-01-01-01-01-01-02.mp4,2,train,01,0,neutral,01,01,01
02-01-01-01-01-02-02,02-01-01-01-01-02-02,01-01-01-01-02-02,data/raw/ravdess/video_speech/Video_Speech_Actor_02/Actor_02/02-01-01-01-01-02-02.mp4,2,train,01,0,neutral,01,01,02
02-01-01-01-02-01-02,02-01-01-01-02-01-02,01-01-01-02-01-02,data/raw/ravdess/video_speech/Video_Speech_Actor_02/Actor_02/02-01-01-01-02-01-02.mp4,2,train,01,0,neutral,01,02,01
02-01-01-01-02-02-02,02-01-01-01-02-02-02,01-01-01-02-02-02,data/raw/ravdess/video_speech/Video_Speech_Actor_02/Actor_02/02-01-01-01-02-02-02.mp4,2,train,01,0,neutral,01,02,02
02-01-02-01-01-01-02,02-01-02-01-01-01-02,01-02-01-01-01-02,data/raw/ravdess/video_speech/Video_Speech_Actor_02/Actor_02/02-01-02-01-01-01-02.mp4,2,train,02,1,calm,01,01,01
02-01-02-01-01-02-02,02-01-02-01-01-02-02,01-02-01-01-02-02,data/raw/ravdess/video_speech/Video_Speech_Actor_02/Actor_02/02-01-02-01-01-02-02.mp4,2,train,02,1,calm,01,01,02
02-01-02-01-02-01-02,02-01-02-01-02-01-02,01-02-01-02-01-02,data/raw/ravdess/video_speech/Video_Speech_Actor_02/Actor_02/02-01-02-01-02-01-02.mp4,2,train,02,1,calm,01,02,01
02-01-02-01-02-02-02,02-01-02-01-02-02-02,01-02-01-02-02-02,data/raw/ravdess/video_speech/Video_Speech_Actor_02/Actor_02/02-01-02-01-02-02-02.mp4,2,train,02,1,calm,01,02,02
02-01-02-02-01-01-02,02-01-02-02-01-01-02,01-02-02-01-01-02,data/raw/ravdess/video_speech/Video_Speech_Actor_02/Actor_02/02-01-02-02-01-01-02.mp4,2,train,02,1,calm,02,01,01
02-01-02-02-01-02-02,02-01-02-02-01-02-02,01-02-02-01-02-02,data/raw/ravdess/video_speech/Video_Speech_Actor_02/Actor_02/02-01-02-02-01-02-02.mp4,2,train,02,1,calm,02,01,02
02-01-02-02-02-01-02,02-01-02-02-02-01-02,01-02-02-02-01-02,data/raw/ravdess/video_speech/Video_Speech_Actor_02/Actor_02/02-01-02-02-02-01-02.mp4,2,train,02,1,calm,02,02,01
02-01-02-02-02-02-02,02-01-02-02-02-02-02,01-02-02-02-02-02,data/raw/ravdess/video_speech/Video_Speech_Actor_02/Actor_02/02-01-02-02-02-02-02.mp4,2,train,02,1,calm,02,02,02
02-01-03-01-01-01-02,02-01-03-01-01-01-02,01-03-01-01-01-02,data/raw/ravdess/video_speech/Video_Speech_Actor_02/Actor_02/02-01-03-01-01-01-02.mp4,2,train,03,2,happy,01,01,01
02-01-03-01-01-02-02,02-01-03-01-01-02-02,01-03-01-01-02-02,data/raw/ravdess/video_speech/Video_Speech_Actor_02/Actor_02/02-01-03-01-01-02-02.mp4,2,train,03,2,happy,01,01,02
02-01-03-01-02-01-02,02-01-03-01-02-01-02,01-03-01-02-01-02,data/raw/ravdess/video_speech/Video_Speech_Actor_02/Actor_02/02-01-03-01-02-01-02.mp4,2,train,03,2,happy,01,02,01
02-01-03-01-02-02-02,02-01-03-01-02-02-02,01-03-01-02-02-02,data/raw/ravdess/video_speech/Video_Speech_Actor_02/Actor_02/02-01-03-01-02-02-02.mp4,2,train,03,2,happy,01,02,02
02-01-03-02-01-01-02,02-01-03-02-01-01-02,01-03-02-01-01-02,data/raw/ravdess/video_speech/Video_Speech_Actor_02/Actor_02/02-01-03-02-01-01-02.mp4,2,train,03,2,happy,02,01,01
02-01-03-02-01-02-02,02-01-03-02-01-02-02,01-03-02-01-02-02,data/raw/ravdess/video_speech/Video_Speech_Actor_02/Actor_02/02-01-03-02-01-02-02.mp4,2,train,03,2,happy,02,01,02
02-01-03-02-02-01-02,02-01-03-02-02-01-02,01-03-02-02-01-02,data/raw/ravdess/video_speech/Video_Speech_Actor_02/Actor_02/02-01-03-02-02-01-02.mp4,2,train,03,2,happy,02,02,01
02-01-03-02-02-02-02,02-01-03-02-02-02-02,01-03-02-02-02-02,data/raw/ravdess/video_speech/Video_Speech_Actor_02/Actor_02/02-01-03-02-02-02-02.mp4,2,train,03,2,happy,02,02,02
02-01-04-01-01-01-02,02-01-04-01-01-01-02,01-04-01-01-01-02,data/raw/ravdess/video_speech/Video_Speech_Actor_02/Actor_02/02-01-04-01-01-01-02.mp4,2,train,04,3,sad,01,01,01
02-01-04-01-01-02-02,02-01-04-01-01-02-02,01-04-01-01-02-02,data/raw/ravdess/video_speech/Video_Speech_Actor_02/Actor_02/02-01-04-01-01-02-02.mp4,2,train,04,3,sad,01,01,02
02-01-04-01-02-01-02,02-01-04-01-02-01-02,01-04-01-02-01-02,data/raw/ravdess/video_speech/Video_Speech_Actor_02/Actor_02/02-01-04-01-02-01-02.mp4,2,train,04,3,sad,01,02,01
02-01-04-01-02-02-02,02-01-04-01-02-02-02,01-04-01-02-02-02,data/raw/ravdess/video_speech/Video_Speech_Actor_02/Actor_02/02-01-04-01-02-02-02.mp4,2,train,04,3,sad,01,02,02
02-01-04-02-01-01-02,02-01-04-02-01-01-02,01-04-02-01-01-02,data/raw/ravdess/video_speech/Video_Speech_Actor_02/Actor_02/02-01-04-02-01-01-02.mp4,2,train,04,3,sad,02,01,01
02-01-04-02-01-02-02,02-01-04-02-01-02-02,01-04-02-01-02-02,data/raw/ravdess/video_speech/Video_Speech_Actor_02/Actor_02/02-01-04-02-01-02-02.mp4,2,train,04,3,sad,02,01,02
02-01-04-02-02-01-02,02-01-04-02-02-01-02,01-04-02-02-01-02,data/raw/ravdess/video_speech/Video_Speech_Actor_02/Actor_02/02-01-04-02-02-01-02.mp4,2,train,04,3,sad,02,02,01
02-01-04-02-02-02-02,02-01-04-02-02-02-02,01-04-02-02-02-02,data/raw/ravdess/video_speech/Video_Speech_Actor_02/Actor_02/02-01-04-02-02-02-02.mp4,2,train,04,3,sad,02,02,02
02-01-05-01-01-01-02,02-01-05-01-01-01-02,01-05-01-01-01-02,data/raw/ravdess/video_speech/Video_Speech_Actor_02/Actor_02/02-01-05-01-01-01-02.mp4,2,train,05,4,angry,01,01,01
02-01-05-01-01-02-02,02-01-05-01-01-02-02,01-05-01-01-02-02,data/raw/ravdess/video_speech/Video_Speech_Actor_02/Actor_02/02-01-05-01-01-02-02.mp4,2,train,05,4,angry,01,01,02
02-01-05-01-02-01-02,02-01-05-01-02-01-02,01-05-01-02-01-02,data/raw/ravdess/video_speech/Video_Speech_Actor_02/Actor_02/02-01-05-01-02-01-02.mp4,2,train,05,4,angry,01,02,01
02-01-05-01-02-02-02,02-01-05-01-02-02-02,01-05-01-02-02-02,data/raw/ravdess/video_speech/Video_Speech_Actor_02/Actor_02/02-01-05-01-02-02-02.mp4,2,train,05,4,angry,01,02,02
02-01-05-02-01-01-02,02-01-05-02-01-01-02,01-05-02-01-01-02,data/raw/ravdess/video_speech/Video_Speech_Actor_02/Actor_02/02-01-05-02-01-01-02.mp4,2,train,05,4,angry,02,01,01
02-01-05-02-01-02-02,02-01-05-02-01-02-02,01-05-02-01-02-02,data/raw/ravdess/video_speech/Video_Speech_Actor_02/Actor_02/02-01-05-02-01-02-02.mp4,2,train,05,4,angry,02,01,02
02-01-05-02-02-01-02,02-01-05-02-02-01-02,01-05-02-02-01-02,data/raw/ravdess/video_speech/Video_Speech_Actor_02/Actor_02/02-01-05-02-02-01-02.mp4,2,train,05,4,angry,02,02,01
02-01-05-02-02-02-02,02-01-05-02-02-02-02,01-05-02-02-02-02,data/raw/ravdess/video_speech/Video_Speech_Actor_02/Actor_02/02-01-05-02-02-02-02.mp4,2,train,05,4,angry,02,02,02
02-01-06-01-01-01-02,02-01-06-01-01-01-02,01-06-01-01-01-02,data/raw/ravdess/video_speech/Video_Speech_Actor_02/Actor_02/02-01-06-01-01-01-02.mp4,2,train,06,5,fearful,01,01,01
02-01-06-01-01-02-02,02-01-06-01-01-02-02,01-06-01-01-02-02,data/raw/ravdess/video_speech/Video_Speech_Actor_02/Actor_02/02-01-06-01-01-02-02.mp4,2,train,06,5,fearful,01,01,02
02-01-06-01-02-01-02,02-01-06-01-02-01-02,01-06-01-02-01-02,data/raw/ravdess/video_speech/Video_Speech_Actor_02/Actor_02/02-01-06-01-02-01-02.mp4,2,train,06,5,fearful,01,02,01
02-01-06-01-02-02-02,02-01-06-01-02-02-02,01-06-01-02-02-02,data/raw/ravdess/video_speech/Video_Speech_Actor_02/Actor_02/02-01-06-01-02-02-02.mp4,2,train,06,5,fearful,01,02,02
02-01-06-02-01-01-02,02-01-06-02-01-01-02,01-06-02-01-01-02,data/raw/ravdess/video_speech/Video_Speech_Actor_02/Actor_02/02-01-06-02-01-01-02.mp4,2,train,06,5,fearful,02,01,01
02-01-06-02-01-02-02,02-01-06-02-01-02-02,01-06-02-01-02-02,data/raw/ravdess/video_speech/Video_Speech_Actor_02/Actor_02/02-01-06-02-01-02-02.mp4,2,train,06,5,fearful,02,01,02
02-01-06-02-02-01-02,02-01-06-02-02-01-02,01-06-02-02-01-02,data/raw/ravdess/video_speech/Video_Speech_Actor_02/Actor_02/02-01-06-02-02-01-02.mp4,2,train,06,5,fearful,02,02,01
02-01-06-02-02-02-02,02-01-06-02-02-02-02,01-06-02-02-02-02,data/raw/ravdess/video_speech/Video_Speech_Actor_02/Actor_02/02-01-06-02-02-02-02.mp4,2,train,06,5,fearful,02,02,02
02-01-07-01-01-01-02,02-01-07-01-01-01-02,01-07-01-01-01-02,data/raw/ravdess/video_speech/Video_Speech_Actor_02/Actor_02/02-01-07-01-01-01-02.mp4,2,train,07,6,disgust,01,01,01
02-01-07-01-01-02-02,02-01-07-01-01-02-02,01-07-01-01-02-02,data/raw/ravdess/video_speech/Video_Speech_Actor_02/Actor_02/02-01-07-01-01-02-02.mp4,2,train,07,6,disgust,01,01,02
02-01-07-01-02-01-02,02-01-07-01-02-01-02,01-07-01-02-01-02,data/raw/ravdess/video_speech/Video_Speech_Actor_02/Actor_02/02-01-07-01-02-01-02.mp4,2,train,07,6,disgust,01,02,01
02-01-07-01-02-02-02,02-01-07-01-02-02-02,01-07-01-02-02-02,data/raw/ravdess/video_speech/Video_Speech_Actor_02/Actor_02/02-01-07-01-02-02-02.mp4,2,train,07,6,disgust,01,02,02
02-01-07-02-01-01-02,02-01-07-02-01-01-02,01-07-02-01-01-02,data/raw/ravdess/video_speech/Video_Speech_Actor_02/Actor_02/02-01-07-02-01-01-02.mp4,2,train,07,6,disgust,02,01,01
02-01-07-02-01-02-02,02-01-07-02-01-02-02,01-07-02-01-02-02,data/raw/ravdess/video_speech/Video_Speech_Actor_02/Actor_02/02-01-07-02-01-02-02.mp4,2,train,07,6,disgust,02,01,02
02-01-07-02-02-01-02,02-01-07-02-02-01-02,01-07-02-02-01-02,data/raw/ravdess/video_speech/Video_Speech_Actor_02/Actor_02/02-01-07-02-02-01-02.mp4,2,train,07,6,disgust,02,02,01
02-01-07-02-02-02-02,02-01-07-02-02-02-02,01-07-02-02-02-02,data/raw/ravdess/video_speech/Video_Speech_Actor_02/Actor_02/02-01-07-02-02-02-02.mp4,2,train,07,6,disgust,02,02,02
02-01-08-01-01-01-02,02-01-08-01-01-01-02,01-08-01-01-01-02,data/raw/ravdess/video_speech/Video_Speech_Actor_02/Actor_02/02-01-08-01-01-01-02.mp4,2,train,08,7,surprise,01,01,01
02-01-08-01-01-02-02,02-01-08-01-01-02-02,01-08-01-01-02-02,data/raw/ravdess/video_speech/Video_Speech_Actor_02/Actor_02/02-01-08-01-01-02-02.mp4,2,train,08,7,surprise,01,01,02
02-01-08-01-02-01-02,02-01-08-01-02-01-02,01-08-01-02-01-02,data/raw/ravdess/video_speech/Video_Speech_Actor_02/Actor_02/02-01-08-01-02-01-02.mp4,2,train,08,7,surprise,01,02,01
02-01-08-01-02-02-02,02-01-08-01-02-02-02,01-08-01-02-02-02,data/raw/ravdess/video_speech/Video_Speech_Actor_02/Actor_02/02-01-08-01-02-02-02.mp4,2,train,08,7,surprise,01,02,02
02-01-08-02-01-01-02,02-01-08-02-01-01-02,01-08-02-01-01-02,data/raw/ravdess/video_speech/Video_Speech_Actor_02/Actor_02/02-01-08-02-01-01-02.mp4,2,train,08,7,surprise,02,01,01
02-01-08-02-01-02-02,02-01-08-02-01-02-02,01-08-02-01-02-02,data/raw/ravdess/video_speech/Video_Speech_Actor_02/Actor_02/02-01-08-02-01-02-02.mp4,2,train,08,7,surprise,02,01,02
02-01-08-02-02-01-02,02-01-08-02-02-01-02,01-08-02-02-01-02,data/raw/ravdess/video_speech/Video_Speech_Actor_02/Actor_02/02-01-08-02-02-01-02.mp4,2,train,08,7,surprise,02,02,01
02-01-08-02-02-02-02,02-01-08-02-02-02-02,01-08-02-02-02-02,data/raw/ravdess/video_speech/Video_Speech_Actor_02/Actor_02/02-01-08-02-02-02-02.mp4,2,train,08,7,surprise,02,02,02
02-01-01-01-01-01-03,02-01-01-01-01-01-03,01-01-01-01-01-03,data/raw/ravdess/video_speech/Video_Speech_Actor_03/Actor_03/02-01-01-01-01-01-03.mp4,3,train,01,0,neutral,01,01,01
02-01-01-01-01-02-03,02-01-01-01-01-02-03,01-01-01-01-02-03,data/raw/ravdess/video_speech/Video_Speech_Actor_03/Actor_03/02-01-01-01-01-02-03.mp4,3,train,01,0,neutral,01,01,02
02-01-01-01-02-01-03,02-01-01-01-02-01-03,01-01-01-02-01-03,data/raw/ravdess/video_speech/Video_Speech_Actor_03/Actor_03/02-01-01-01-02-01-03.mp4,3,train,01,0,neutral,01,02,01
02-01-01-01-02-02-03,02-01-01-01-02-02-03,01-01-01-02-02-03,data/raw/ravdess/video_speech/Video_Speech_Actor_03/Actor_03/02-01-01-01-02-02-03.mp4,3,train,01,0,neutral,01,02,02
02-01-02-01-01-01-03,02-01-02-01-01-01-03,01-02-01-01-01-03,data/raw/ravdess/video_speech/Video_Speech_Actor_03/Actor_03/02-01-02-01-01-01-03.mp4,3,train,02,1,calm,01,01,01
02-01-02-01-01-02-03,02-01-02-01-01-02-03,01-02-01-01-02-03,data/raw/ravdess/video_speech/Video_Speech_Actor_03/Actor_03/02-01-02-01-01-02-03.mp4,3,train,02,1,calm,01,01,02
02-01-02-01-02-01-03,02-01-02-01-02-01-03,01-02-01-02-01-03,data/raw/ravdess/video_speech/Video_Speech_Actor_03/Actor_03/02-01-02-01-02-01-03.mp4,3,train,02,1,calm,01,02,01
02-01-02-01-02-02-03,02-01-02-01-02-02-03,01-02-01-02-02-03,data/raw/ravdess/video_speech/Video_Speech_Actor_03/Actor_03/02-01-02-01-02-02-03.mp4,3,train,02,1,calm,01,02,02
02-01-02-02-01-01-03,02-01-02-02-01-01-03,01-02-02-01-01-03,data/raw/ravdess/video_speech/Video_Speech_Actor_03/Actor_03/02-01-02-02-01-01-03.mp4,3,train,02,1,calm,02,01,01
02-01-02-02-01-02-03,02-01-02-02-01-02-03,01-02-02-01-02-03,data/raw/ravdess/video_speech/Video_Speech_Actor_03/Actor_03/02-01-02-02-01-02-03.mp4,3,train,02,1,calm,02,01,02
02-01-02-02-02-01-03,02-01-02-02-02-01-03,01-02-02-02-01-03,data/raw/ravdess/video_speech/Video_Speech_Actor_03/Actor_03/02-01-02-02-02-01-03.mp4,3,train,02,1,calm,02,02,01
02-01-02-02-02-02-03,02-01-02-02-02-02-03,01-02-02-02-02-03,data/raw/ravdess/video_speech/Video_Speech_Actor_03/Actor_03/02-01-02-02-02-02-03.mp4,3,train,02,1,calm,02,02,02
02-01-03-01-01-01-03,02-01-03-01-01-01-03,01-03-01-01-01-03,data/raw/ravdess/video_speech/Video_Speech_Actor_03/Actor_03/02-01-03-01-01-01-03.mp4,3,train,03,2,happy,01,01,01
02-01-03-01-01-02-03,02-01-03-01-01-02-03,01-03-01-01-02-03,data/raw/ravdess/video_speech/Video_Speech_Actor_03/Actor_03/02-01-03-01-01-02-03.mp4,3,train,03,2,happy,01,01,02
02-01-03-01-02-01-03,02-01-03-01-02-01-03,01-03-01-02-01-03,data/raw/ravdess/video_speech/Video_Speech_Actor_03/Actor_03/02-01-03-01-02-01-03.mp4,3,train,03,2,happy,01,02,01
02-01-03-01-02-02-03,02-01-03-01-02-02-03,01-03-01-02-02-03,data/raw/ravdess/video_speech/Video_Speech_Actor_03/Actor_03/02-01-03-01-02-02-03.mp4,3,train,03,2,happy,01,02,02
02-01-03-02-01-01-03,02-01-03-02-01-01-03,01-03-02-01-01-03,data/raw/ravdess/video_speech/Video_Speech_Actor_03/Actor_03/02-01-03-02-01-01-03.mp4,3,train,03,2,happy,02,01,01
02-01-03-02-01-02-03,02-01-03-02-01-02-03,01-03-02-01-02-03,data/raw/ravdess/video_speech/Video_Speech_Actor_03/Actor_03/02-01-03-02-01-02-03.mp4,3,train,03,2,happy,02,01,02
02-01-03-02-02-01-03,02-01-03-02-02-01-03,01-03-02-02-01-03,data/raw/ravdess/video_speech/Video_Speech_Actor_03/Actor_03/02-01-03-02-02-01-03.mp4,3,train,03,2,happy,02,02,01
02-01-03-02-02-02-03,02-01-03-02-02-02-03,01-03-02-02-02-03,data/raw/ravdess/video_speech/Video_Speech_Actor_03/Actor_03/02-01-03-02-02-02-03.mp4,3,train,03,2,happy,02,02,02
02-01-04-01-01-01-03,02-01-04-01-01-01-03,01-04-01-01-01-03,data/raw/ravdess/video_speech/Video_Speech_Actor_03/Actor_03/02-01-04-01-01-01-03.mp4,3,train,04,3,sad,01,01,01
02-01-04-01-01-02-03,02-01-04-01-01-02-03,01-04-01-01-02-03,data/raw/ravdess/video_speech/Video_Speech_Actor_03/Actor_03/02-01-04-01-01-02-03.mp4,3,train,04,3,sad,01,01,02
02-01-04-01-02-01-03,02-01-04-01-02-01-03,01-04-01-02-01-03,data/raw/ravdess/video_speech/Video_Speech_Actor_03/Actor_03/02-01-04-01-02-01-03.mp4,3,train,04,3,sad,01,02,01
02-01-04-01-02-02-03,02-01-04-01-02-02-03,01-04-01-02-02-03,data/raw/ravdess/video_speech/Video_Speech_Actor_03/Actor_03/02-01-04-01-02-02-03.mp4,3,train,04,3,sad,01,02,02
02-01-04-02-01-01-03,02-01-04-02-01-01-03,01-04-02-01-01-03,data/raw/ravdess/video_speech/Video_Speech_Actor_03/Actor_03/02-01-04-02-01-01-03.mp4,3,train,04,3,sad,02,01,01
02-01-04-02-01-02-03,02-01-04-02-01-02-03,01-04-02-01-02-03,data/raw/ravdess/video_speech/Video_Speech_Actor_03/Actor_03/02-01-04-02-01-02-03.mp4,3,train,04,3,sad,02,01,02
02-01-04-02-02-01-03,02-01-04-02-02-01-03,01-04-02-02-01-03,data/raw/ravdess/video_speech/Video_Speech_Actor_03/Actor_03/02-01-04-02-02-01-03.mp4,3,train,04,3,sad,02,02,01
02-01-04-02-02-02-03,02-01-04-02-02-02-03,01-04-02-02-02-03,data/raw/ravdess/video_speech/Video_Speech_Actor_03/Actor_03/02-01-04-02-02-02-03.mp4,3,train,04,3,sad,02,02,02
02-01-05-01-01-01-03,02-01-05-01-01-01-03,01-05-01-01-01-03,data/raw/ravdess/video_speech/Video_Speech_Actor_03/Actor_03/02-01-05-01-01-01-03.mp4,3,train,05,4,angry,01,01,01
02-01-05-01-01-02-03,02-01-05-01-01-02-03,01-05-01-01-02-03,data/raw/ravdess/video_speech/Video_Speech_Actor_03/Actor_03/02-01-05-01-01-02-03.mp4,3,train,05,4,angry,01,01,02
02-01-05-01-02-01-03,02-01-05-01-02-01-03,01-05-01-02-01-03,data/raw/ravdess/video_speech/Video_Speech_Actor_03/Actor_03/02-01-05-01-02-01-03.mp4,3,train,05,4,angry,01,02,01
02-01-05-01-02-02-03,02-01-05-01-02-02-03,01-05-01-02-02-03,data/raw/ravdess/video_speech/Video_Speech_Actor_03/Actor_03/02-01-05-01-02-02-03.mp4,3,train,05,4,angry,01,02,02
02-01-05-02-01-01-03,02-01-05-02-01-01-03,01-05-02-01-01-03,data/raw/ravdess/video_speech/Video_Speech_Actor_03/Actor_03/02-01-05-02-01-01-03.mp4,3,train,05,4,angry,02,01,01
02-01-05-02-01-02-03,02-01-05-02-01-02-03,01-05-02-01-02-03,data/raw/ravdess/video_speech/Video_Speech_Actor_03/Actor_03/02-01-05-02-01-02-03.mp4,3,train,05,4,angry,02,01,02
02-01-05-02-02-01-03,02-01-05-02-02-01-03,01-05-02-02-01-03,data/raw/ravdess/video_speech/Video_Speech_Actor_03/Actor_03/02-01-05-02-02-01-03.mp4,3,train,05,4,angry,02,02,01
02-01-05-02-02-02-03,02-01-05-02-02-02-03,01-05-02-02-02-03,data/raw/ravdess/video_speech/Video_Speech_Actor_03/Actor_03/02-01-05-02-02-02-03.mp4,3,train,05,4,angry,02,02,02
02-01-06-01-01-01-03,02-01-06-01-01-01-03,01-06-01-01-01-03,data/raw/ravdess/video_speech/Video_Speech_Actor_03/Actor_03/02-01-06-01-01-01-03.mp4,3,train,06,5,fearful,01,01,01
02-01-06-01-01-02-03,02-01-06-01-01-02-03,01-06-01-01-02-03,data/raw/ravdess/video_speech/Video_Speech_Actor_03/Actor_03/02-01-06-01-01-02-03.mp4,3,train,06,5,fearful,01,01,02
02-01-06-01-02-01-03,02-01-06-01-02-01-03,01-06-01-02-01-03,data/raw/ravdess/video_speech/Video_Speech_Actor_03/Actor_03/02-01-06-01-02-01-03.mp4,3,train,06,5,fearful,01,02,01
02-01-06-01-02-02-03,02-01-06-01-02-02-03,01-06-01-02-02-03,data/raw/ravdess/video_speech/Video_Speech_Actor_03/Actor_03/02-01-06-01-02-02-03.mp4,3,train,06,5,fearful,01,02,02
02-01-06-02-01-01-03,02-01-06-02-01-01-03,01-06-02-01-01-03,data/raw/ravdess/video_speech/Video_Speech_Actor_03/Actor_03/02-01-06-02-01-01-03.mp4,3,train,06,5,fearful,02,01,01
02-01-06-02-01-02-03,02-01-06-02-01-02-03,01-06-02-01-02-03,data/raw/ravdess/video_speech/Video_Speech_Actor_03/Actor_03/02-01-06-02-01-02-03.mp4,3,train,06,5,fearful,02,01,02
02-01-06-02-02-01-03,02-01-06-02-02-01-03,01-06-02-02-01-03,data/raw/ravdess/video_speech/Video_Speech_Actor_03/Actor_03/02-01-06-02-02-01-03.mp4,3,train,06,5,fearful,02,02,01
02-01-06-02-02-02-03,02-01-06-02-02-02-03,01-06-02-02-02-03,data/raw/ravdess/video_speech/Video_Speech_Actor_03/Actor_03/02-01-06-02-02-02-03.mp4,3,train,06,5,fearful,02,02,02
02-01-07-01-01-01-03,02-01-07-01-01-01-03,01-07-01-01-01-03,data/raw/ravdess/video_speech/Video_Speech_Actor_03/Actor_03/02-01-07-01-01-01-03.mp4,3,train,07,6,disgust,01,01,01
02-01-07-01-01-02-03,02-01-07-01-01-02-03,01-07-01-01-02-03,data/raw/ravdess/video_speech/Video_Speech_Actor_03/Actor_03/02-01-07-01-01-02-03.mp4,3,train,07,6,disgust,01,01,02
02-01-07-01-02-01-03,02-01-07-01-02-01-03,01-07-01-02-01-03,data/raw/ravdess/video_speech/Video_Speech_Actor_03/Actor_03/02-01-07-01-02-01-03.mp4,3,train,07,6,disgust,01,02,01
02-01-07-01-02-02-03,02-01-07-01-02-02-03,01-07-01-02-02-03,data/raw/ravdess/video_speech/Video_Speech_Actor_03/Actor_03/02-01-07-01-02-02-03.mp4,3,train,07,6,disgust,01,02,02
02-01-07-02-01-01-03,02-01-07-02-01-01-03,01-07-02-01-01-03,data/raw/ravdess/video_speech/Video_Speech_Actor_03/Actor_03/02-01-07-02-01-01-03.mp4,3,train,07,6,disgust,02,01,01
02-01-07-02-01-02-03,02-01-07-02-01-02-03,01-07-02-01-02-03,data/raw/ravdess/video_speech/Video_Speech_Actor_03/Actor_03/02-01-07-02-01-02-03.mp4,3,train,07,6,disgust,02,01,02
02-01-07-02-02-01-03,02-01-07-02-02-01-03,01-07-02-02-01-03,data/raw/ravdess/video_speech/Video_Speech_Actor_03/Actor_03/02-01-07-02-02-01-03.mp4,3,train,07,6,disgust,02,02,01
02-01-07-02-02-02-03,02-01-07-02-02-02-03,01-07-02-02-02-03,data/raw/ravdess/video_speech/Video_Speech_Actor_03/Actor_03/02-01-07-02-02-02-03.mp4,3,train,07,6,disgust,02,02,02
02-01-08-01-01-01-03,02-01-08-01-01-01-03,01-08-01-01-01-03,data/raw/ravdess/video_speech/Video_Speech_Actor_03/Actor_03/02-01-08-01-01-01-03.mp4,3,train,08,7,surprise,01,01,01
02-01-08-01-01-02-03,02-01-08-01-01-02-03,01-08-01-01-02-03,data/raw/ravdess/video_speech/Video_Speech_Actor_03/Actor_03/02-01-08-01-01-02-03.mp4,3,train,08,7,surprise,01,01,02
02-01-08-01-02-01-03,02-01-08-01-02-01-03,01-08-01-02-01-03,data/raw/ravdess/video_speech/Video_Speech_Actor_03/Actor_03/02-01-08-01-02-01-03.mp4,3,train,08,7,surprise,01,02,01
02-01-08-01-02-02-03,02-01-08-01-02-02-03,01-08-01-02-02-03,data/raw/ravdess/video_speech/Video_Speech_Actor_03/Actor_03/02-01-08-01-02-02-03.mp4,3,train,08,7,surprise,01,02,02
02-01-08-02-01-01-03,02-01-08-02-01-01-03,01-08-02-01-01-03,data/raw/ravdess/video_speech/Video_Speech_Actor_03/Actor_03/02-01-08-02-01-01-03.mp4,3,train,08,7,surprise,02,01,01
02-01-08-02-01-02-03,02-01-08-02-01-02-03,01-08-02-01-02-03,data/raw/ravdess/video_speech/Video_Speech_Actor_03/Actor_03/02-01-08-02-01-02-03.mp4,3,train,08,7,surprise,02,01,02
02-01-08-02-02-01-03,02-01-08-02-02-01-03,01-08-02-02-01-03,data/raw/ravdess/video_speech/Video_Speech_Actor_03/Actor_03/02-01-08-02-02-01-03.mp4,3,train,08,7,surprise,02,02,01
02-01-08-02-02-02-03,02-01-08-02-02-02-03,01-08-02-02-02-03,data/raw/ravdess/video_speech/Video_Speech_Actor_03/Actor_03/02-01-08-02-02-02-03.mp4,3,train,08,7,surprise,02,02,02
02-01-01-01-01-01-04,02-01-01-01-01-01-04,01-01-01-01-01-04,data/raw/ravdess/video_speech/Video_Speech_Actor_04/Actor_04/02-01-01-01-01-01-04.mp4,4,train,01,0,neutral,01,01,01
02-01-01-01-01-02-04,02-01-01-01-01-02-04,01-01-01-01-02-04,data/raw/ravdess/video_speech/Video_Speech_Actor_04/Actor_04/02-01-01-01-01-02-04.mp4,4,train,01,0,neutral,01,01,02
02-01-01-01-02-01-04,02-01-01-01-02-01-04,01-01-01-02-01-04,data/raw/ravdess/video_speech/Video_Speech_Actor_04/Actor_04/02-01-01-01-02-01-04.mp4,4,train,01,0,neutral,01,02,01
02-01-01-01-02-02-04,02-01-01-01-02-02-04,01-01-01-02-02-04,data/raw/ravdess/video_speech/Video_Speech_Actor_04/Actor_04/02-01-01-01-02-02-04.mp4,4,train,01,0,neutral,01,02,02
02-01-02-01-01-01-04,02-01-02-01-01-01-04,01-02-01-01-01-04,data/raw/ravdess/video_speech/Video_Speech_Actor_04/Actor_04/02-01-02-01-01-01-04.mp4,4,train,02,1,calm,01,01,01
02-01-02-01-01-02-04,02-01-02-01-01-02-04,01-02-01-01-02-04,data/raw/ravdess/video_speech/Video_Speech_Actor_04/Actor_04/02-01-02-01-01-02-04.mp4,4,train,02,1,calm,01,01,02
02-01-02-01-02-01-04,02-01-02-01-02-01-04,01-02-01-02-01-04,data/raw/ravdess/video_speech/Video_Speech_Actor_04/Actor_04/02-01-02-01-02-01-04.mp4,4,train,02,1,calm,01,02,01
02-01-02-01-02-02-04,02-01-02-01-02-02-04,01-02-01-02-02-04,data/raw/ravdess/video_speech/Video_Speech_Actor_04/Actor_04/02-01-02-01-02-02-04.mp4,4,train,02,1,calm,01,02,02
02-01-02-02-01-01-04,02-01-02-02-01-01-04,01-02-02-01-01-04,data/raw/ravdess/video_speech/Video_Speech_Actor_04/Actor_04/02-01-02-02-01-01-04.mp4,4,train,02,1,calm,02,01,01
02-01-02-02-01-02-04,02-01-02-02-01-02-04,01-02-02-01-02-04,data/raw/ravdess/video_speech/Video_Speech_Actor_04/Actor_04/02-01-02-02-01-02-04.mp4,4,train,02,1,calm,02,01,02
02-01-02-02-02-01-04,02-01-02-02-02-01-04,01-02-02-02-01-04,data/raw/ravdess/video_speech/Video_Speech_Actor_04/Actor_04/02-01-02-02-02-01-04.mp4,4,train,02,1,calm,02,02,01
02-01-02-02-02-02-04,02-01-02-02-02-02-04,01-02-02-02-02-04,data/raw/ravdess/video_speech/Video_Speech_Actor_04/Actor_04/02-01-02-02-02-02-04.mp4,4,train,02,1,calm,02,02,02
02-01-03-01-01-01-04,02-01-03-01-01-01-04,01-03-01-01-01-04,data/raw/ravdess/video_speech/Video_Speech_Actor_04/Actor_04/02-01-03-01-01-01-04.mp4,4,train,03,2,happy,01,01,01
02-01-03-01-01-02-04,02-01-03-01-01-02-04,01-03-01-01-02-04,data/raw/ravdess/video_speech/Video_Speech_Actor_04/Actor_04/02-01-03-01-01-02-04.mp4,4,train,03,2,happy,01,01,02
02-01-03-01-02-01-04,02-01-03-01-02-01-04,01-03-01-02-01-04,data/raw/ravdess/video_speech/Video_Speech_Actor_04/Actor_04/02-01-03-01-02-01-04.mp4,4,train,03,2,happy,01,02,01
02-01-03-01-02-02-04,02-01-03-01-02-02-04,01-03-01-02-02-04,data/raw/ravdess/video_speech/Video_Speech_Actor_04/Actor_04/02-01-03-01-02-02-04.mp4,4,train,03,2,happy,01,02,02
02-01-03-02-01-01-04,02-01-03-02-01-01-04,01-03-02-01-01-04,data/raw/ravdess/video_speech/Video_Speech_Actor_04/Actor_04/02-01-03-02-01-01-04.mp4,4,train,03,2,happy,02,01,01
02-01-03-02-01-02-04,02-01-03-02-01-02-04,01-03-02-01-02-04,data/raw/ravdess/video_speech/Video_Speech_Actor_04/Actor_04/02-01-03-02-01-02-04.mp4,4,train,03,2,happy,02,01,02
02-01-03-02-02-01-04,02-01-03-02-02-01-04,01-03-02-02-01-04,data/raw/ravdess/video_speech/Video_Speech_Actor_04/Actor_04/02-01-03-02-02-01-04.mp4,4,train,03,2,happy,02,02,01
02-01-03-02-02-02-04,02-01-03-02-02-02-04,01-03-02-02-02-04,data/raw/ravdess/video_speech/Video_Speech_Actor_04/Actor_04/02-01-03-02-02-02-04.mp4,4,train,03,2,happy,02,02,02
02-01-04-01-01-01-04,02-01-04-01-01-01-04,01-04-01-01-01-04,data/raw/ravdess/video_speech/Video_Speech_Actor_04/Actor_04/02-01-04-01-01-01-04.mp4,4,train,04,3,sad,01,01,01
02-01-04-01-01-02-04,02-01-04-01-01-02-04,01-04-01-01-02-04,data/raw/ravdess/video_speech/Video_Speech_Actor_04/Actor_04/02-01-04-01-01-02-04.mp4,4,train,04,3,sad,01,01,02
02-01-04-01-02-01-04,02-01-04-01-02-01-04,01-04-01-02-01-04,data/raw/ravdess/video_speech/Video_Speech_Actor_04/Actor_04/02-01-04-01-02-01-04.mp4,4,train,04,3,sad,01,02,01
02-01-04-01-02-02-04,02-01-04-01-02-02-04,01-04-01-02-02-04,data/raw/ravdess/video_speech/Video_Speech_Actor_04/Actor_04/02-01-04-01-02-02-04.mp4,4,train,04,3,sad,01,02,02
02-01-04-02-01-01-04,02-01-04-02-01-01-04,01-04-02-01-01-04,data/raw/ravdess/video_speech/Video_Speech_Actor_04/Actor_04/02-01-04-02-01-01-04.mp4,4,train,04,3,sad,02,01,01
02-01-04-02-01-02-04,02-01-04-02-01-02-04,01-04-02-01-02-04,data/raw/ravdess/video_speech/Video_Speech_Actor_04/Actor_04/02-01-04-02-01-02-04.mp4,4,train,04,3,sad,02,01,02
02-01-04-02-02-01-04,02-01-04-02-02-01-04,01-04-02-02-01-04,data/raw/ravdess/video_speech/Video_Speech_Actor_04/Actor_04/02-01-04-02-02-01-04.mp4,4,train,04,3,sad,02,02,01
02-01-04-02-02-02-04,02-01-04-02-02-02-04,01-04-02-02-02-04,data/raw/ravdess/video_speech/Video_Speech_Actor_04/Actor_04/02-01-04-02-02-02-04.mp4,4,train,04,3,sad,02,02,02
02-01-05-01-01-01-04,02-01-05-01-01-01-04,01-05-01-01-01-04,data/raw/ravdess/video_speech/Video_Speech_Actor_04/Actor_04/02-01-05-01-01-01-04.mp4,4,train,05,4,angry,01,01,01
02-01-05-01-01-02-04,02-01-05-01-01-02-04,01-05-01-01-02-04,data/raw/ravdess/video_speech/Video_Speech_Actor_04/Actor_04/02-01-05-01-01-02-04.mp4,4,train,05,4,angry,01,01,02
02-01-05-01-02-01-04,02-01-05-01-02-01-04,01-05-01-02-01-04,data/raw/ravdess/video_speech/Video_Speech_Actor_04/Actor_04/02-01-05-01-02-01-04.mp4,4,train,05,4,angry,01,02,01
02-01-05-01-02-02-04,02-01-05-01-02-02-04,01-05-01-02-02-04,data/raw/ravdess/video_speech/Video_Speech_Actor_04/Actor_04/02-01-05-01-02-02-04.mp4,4,train,05,4,angry,01,02,02
02-01-05-02-01-01-04,02-01-05-02-01-01-04,01-05-02-01-01-04,data/raw/ravdess/video_speech/Video_Speech_Actor_04/Actor_04/02-01-05-02-01-01-04.mp4,4,train,05,4,angry,02,01,01
02-01-05-02-01-02-04,02-01-05-02-01-02-04,01-05-02-01-02-04,data/raw/ravdess/video_speech/Video_Speech_Actor_04/Actor_04/02-01-05-02-01-02-04.mp4,4,train,05,4,angry,02,01,02
02-01-05-02-02-01-04,02-01-05-02-02-01-04,01-05-02-02-01-04,data/raw/ravdess/video_speech/Video_Speech_Actor_04/Actor_04/02-01-05-02-02-01-04.mp4,4,train,05,4,angry,02,02,01
02-01-05-02-02-02-04,02-01-05-02-02-02-04,01-05-02-02-02-04,data/raw/ravdess/video_speech/Video_Speech_Actor_04/Actor_04/02-01-05-02-02-02-04.mp4,4,train,05,4,angry,02,02,02
02-01-06-01-01-01-04,02-01-06-01-01-01-04,01-06-01-01-01-04,data/raw/ravdess/video_speech/Video_Speech_Actor_04/Actor_04/02-01-06-01-01-01-04.mp4,4,train,06,5,fearful,01,01,01
02-01-06-01-01-02-04,02-01-06-01-01-02-04,01-06-01-01-02-04,data/raw/ravdess/video_speech/Video_Speech_Actor_04/Actor_04/02-01-06-01-01-02-04.mp4,4,train,06,5,fearful,01,01,02
02-01-06-01-02-01-04,02-01-06-01-02-01-04,01-06-01-02-01-04,data/raw/ravdess/video_speech/Video_Speech_Actor_04/Actor_04/02-01-06-01-02-01-04.mp4,4,train,06,5,fearful,01,02,01
02-01-06-01-02-02-04,02-01-06-01-02-02-04,01-06-01-02-02-04,data/raw/ravdess/video_speech/Video_Speech_Actor_04/Actor_04/02-01-06-01-02-02-04.mp4,4,train,06,5,fearful,01,02,02
02-01-06-02-01-01-04,02-01-06-02-01-01-04,01-06-02-01-01-04,data/raw/ravdess/video_speech/Video_Speech_Actor_04/Actor_04/02-01-06-02-01-01-04.mp4,4,train,06,5,fearful,02,01,01
02-01-06-02-01-02-04,02-01-06-02-01-02-04,01-06-02-01-02-04,data/raw/ravdess/video_speech/Video_Speech_Actor_04/Actor_04/02-01-06-02-01-02-04.mp4,4,train,06,5,fearful,02,01,02
02-01-06-02-02-01-04,02-01-06-02-02-01-04,01-06-02-02-01-04,data/raw/ravdess/video_speech/Video_Speech_Actor_04/Actor_04/02-01-06-02-02-01-04.mp4,4,train,06,5,fearful,02,02,01
02-01-06-02-02-02-04,02-01-06-02-02-02-04,01-06-02-02-02-04,data/raw/ravdess/video_speech/Video_Speech_Actor_04/Actor_04/02-01-06-02-02-02-04.mp4,4,train,06,5,fearful,02,02,02
02-01-07-01-01-01-04,02-01-07-01-01-01-04,01-07-01-01-01-04,data/raw/ravdess/video_speech/Video_Speech_Actor_04/Actor_04/02-01-07-01-01-01-04.mp4,4,train,07,6,disgust,01,01,01
02-01-07-01-01-02-04,02-01-07-01-01-02-04,01-07-01-01-02-04,data/raw/ravdess/video_speech/Video_Speech_Actor_04/Actor_04/02-01-07-01-01-02-04.mp4,4,train,07,6,disgust,01,01,02
02-01-07-01-02-01-04,02-01-07-01-02-01-04,01-07-01-02-01-04,data/raw/ravdess/video_speech/Video_Speech_Actor_04/Actor_04/02-01-07-01-02-01-04.mp4,4,train,07,6,disgust,01,02,01
02-01-07-01-02-02-04,02-01-07-01-02-02-04,01-07-01-02-02-04,data/raw/ravdess/video_speech/Video_Speech_Actor_04/Actor_04/02-01-07-01-02-02-04.mp4,4,train,07,6,disgust,01,02,02
02-01-07-02-01-01-04,02-01-07-02-01-01-04,01-07-02-01-01-04,data/raw/ravdess/video_speech/Video_Speech_Actor_04/Actor_04/02-01-07-02-01-01-04.mp4,4,train,07,6,disgust,02,01,01
02-01-07-02-01-02-04,02-01-07-02-01-02-04,01-07-02-01-02-04,data/raw/ravdess/video_speech/Video_Speech_Actor_04/Actor_04/02-01-07-02-01-02-04.mp4,4,train,07,6,disgust,02,01,02
02-01-07-02-02-01-04,02-01-07-02-02-01-04,01-07-02-02-01-04,data/raw/ravdess/video_speech/Video_Speech_Actor_04/Actor_04/02-01-07-02-02-01-04.mp4,4,train,07,6,disgust,02,02,01
02-01-07-02-02-02-04,02-01-07-02-02-02-04,01-07-02-02-02-04,data/raw/ravdess/video_speech/Video_Speech_Actor_04/Actor_04/02-01-07-02-02-02-04.mp4,4,train,07,6,disgust,02,02,02
02-01-08-01-01-01-04,02-01-08-01-01-01-04,01-08-01-01-01-04,data/raw/ravdess/video_speech/Video_Speech_Actor_04/Actor_04/02-01-08-01-01-01-04.mp4,4,train,08,7,surprise,01,01,01
02-01-08-01-01-02-04,02-01-08-01-01-02-04,01-08-01-01-02-04,data/raw/ravdess/video_speech/Video_Speech_Actor_04/Actor_04/02-01-08-01-01-02-04.mp4,4,train,08,7,surprise,01,01,02
02-01-08-01-02-01-04,02-01-08-01-02-01-04,01-08-01-02-01-04,data/raw/ravdess/video_speech/Video_Speech_Actor_04/Actor_04/02-01-08-01-02-01-04.mp4,4,train,08,7,surprise,01,02,01
02-01-08-01-02-02-04,02-01-08-01-02-02-04,01-08-01-02-02-04,data/raw/ravdess/video_speech/Video_Speech_Actor_04/Actor_04/02-01-08-01-02-02-04.mp4,4,train,08,7,surprise,01,02,02
02-01-08-02-01-01-04,02-01-08-02-01-01-04,01-08-02-01-01-04,data/raw/ravdess/video_speech/Video_Speech_Actor_04/Actor_04/02-01-08-02-01-01-04.mp4,4,train,08,7,surprise,02,01,01
02-01-08-02-01-02-04,02-01-08-02-01-02-04,01-08-02-01-02-04,data/raw/ravdess/video_speech/Video_Speech_Actor_04/Actor_04/02-01-08-02-01-02-04.mp4,4,train,08,7,surprise,02,01,02
02-01-08-02-02-01-04,02-01-08-02-02-01-04,01-08-02-02-01-04,data/raw/ravdess/video_speech/Video_Speech_Actor_04/Actor_04/02-01-08-02-02-01-04.mp4,4,train,08,7,surprise,02,02,01
02-01-08-02-02-02-04,02-01-08-02-02-02-04,01-08-02-02-02-04,data/raw/ravdess/video_speech/Video_Speech_Actor_04/Actor_04/02-01-08-02-02-02-04.mp4,4,train,08,7,surprise,02,02,02
02-01-01-01-01-01-05,02-01-01-01-01-01-05,01-01-01-01-01-05,data/raw/ravdess/video_speech/Video_Speech_Actor_05/Actor_05/02-01-01-01-01-01-05.mp4,5,train,01,0,neutral,01,01,01
02-01-01-01-01-02-05,02-01-01-01-01-02-05,01-01-01-01-02-05,data/raw/ravdess/video_speech/Video_Speech_Actor_05/Actor_05/02-01-01-01-01-02-05.mp4,5,train,01,0,neutral,01,01,02
02-01-01-01-02-01-05,02-01-01-01-02-01-05,01-01-01-02-01-05,data/raw/ravdess/video_speech/Video_Speech_Actor_05/Actor_05/02-01-01-01-02-01-05.mp4,5,train,01,0,neutral,01,02,01
02-01-01-01-02-02-05,02-01-01-01-02-02-05,01-01-01-02-02-05,data/raw/ravdess/video_speech/Video_Speech_Actor_05/Actor_05/02-01-01-01-02-02-05.mp4,5,train,01,0,neutral,01,02,02
02-01-02-01-01-01-05,02-01-02-01-01-01-05,01-02-01-01-01-05,data/raw/ravdess/video_speech/Video_Speech_Actor_05/Actor_05/02-01-02-01-01-01-05.mp4,5,train,02,1,calm,01,01,01
02-01-02-01-01-02-05,02-01-02-01-01-02-05,01-02-01-01-02-05,data/raw/ravdess/video_speech/Video_Speech_Actor_05/Actor_05/02-01-02-01-01-02-05.mp4,5,train,02,1,calm,01,01,02
02-01-02-01-02-01-05,02-01-02-01-02-01-05,01-02-01-02-01-05,data/raw/ravdess/video_speech/Video_Speech_Actor_05/Actor_05/02-01-02-01-02-01-05.mp4,5,train,02,1,calm,01,02,01
02-01-02-01-02-02-05,02-01-02-01-02-02-05,01-02-01-02-02-05,data/raw/ravdess/video_speech/Video_Speech_Actor_05/Actor_05/02-01-02-01-02-02-05.mp4,5,train,02,1,calm,01,02,02
02-01-02-02-01-01-05,02-01-02-02-01-01-05,01-02-02-01-01-05,data/raw/ravdess/video_speech/Video_Speech_Actor_05/Actor_05/02-01-02-02-01-01-05.mp4,5,train,02,1,calm,02,01,01
02-01-02-02-01-02-05,02-01-02-02-01-02-05,01-02-02-01-02-05,data/raw/ravdess/video_speech/Video_Speech_Actor_05/Actor_05/02-01-02-02-01-02-05.mp4,5,train,02,1,calm,02,01,02
02-01-02-02-02-01-05,02-01-02-02-02-01-05,01-02-02-02-01-05,data/raw/ravdess/video_speech/Video_Speech_Actor_05/Actor_05/02-01-02-02-02-01-05.mp4,5,train,02,1,calm,02,02,01
02-01-02-02-02-02-05,02-01-02-02-02-02-05,01-02-02-02-02-05,data/raw/ravdess/video_speech/Video_Speech_Actor_05/Actor_05/02-01-02-02-02-02-05.mp4,5,train,02,1,calm,02,02,02
02-01-03-01-01-01-05,02-01-03-01-01-01-05,01-03-01-01-01-05,data/raw/ravdess/video_speech/Video_Speech_Actor_05/Actor_05/02-01-03-01-01-01-05.mp4,5,train,03,2,happy,01,01,01
02-01-03-01-01-02-05,02-01-03-01-01-02-05,01-03-01-01-02-05,data/raw/ravdess/video_speech/Video_Speech_Actor_05/Actor_05/02-01-03-01-01-02-05.mp4,5,train,03,2,happy,01,01,02
02-01-03-01-02-01-05,02-01-03-01-02-01-05,01-03-01-02-01-05,data/raw/ravdess/video_speech/Video_Speech_Actor_05/Actor_05/02-01-03-01-02-01-05.mp4,5,train,03,2,happy,01,02,01
02-01-03-01-02-02-05,02-01-03-01-02-02-05,01-03-01-02-02-05,data/raw/ravdess/video_speech/Video_Speech_Actor_05/Actor_05/02-01-03-01-02-02-05.mp4,5,train,03,2,happy,01,02,02
02-01-03-02-01-01-05,02-01-03-02-01-01-05,01-03-02-01-01-05,data/raw/ravdess/video_speech/Video_Speech_Actor_05/Actor_05/02-01-03-02-01-01-05.mp4,5,train,03,2,happy,02,01,01
02-01-03-02-01-02-05,02-01-03-02-01-02-05,01-03-02-01-02-05,data/raw/ravdess/video_speech/Video_Speech_Actor_05/Actor_05/02-01-03-02-01-02-05.mp4,5,train,03,2,happy,02,01,02
02-01-03-02-02-01-05,02-01-03-02-02-01-05,01-03-02-02-01-05,data/raw/ravdess/video_speech/Video_Speech_Actor_05/Actor_05/02-01-03-02-02-01-05.mp4,5,train,03,2,happy,02,02,01
02-01-03-02-02-02-05,02-01-03-02-02-02-05,01-03-02-02-02-05,data/raw/ravdess/video_speech/Video_Speech_Actor_05/Actor_05/02-01-03-02-02-02-05.mp4,5,train,03,2,happy,02,02,02
02-01-04-01-01-01-05,02-01-04-01-01-01-05,01-04-01-01-01-05,data/raw/ravdess/video_speech/Video_Speech_Actor_05/Actor_05/02-01-04-01-01-01-05.mp4,5,train,04,3,sad,01,01,01
02-01-04-01-01-02-05,02-01-04-01-01-02-05,01-04-01-01-02-05,data/raw/ravdess/video_speech/Video_Speech_Actor_05/Actor_05/02-01-04-01-01-02-05.mp4,5,train,04,3,sad,01,01,02
02-01-04-01-02-01-05,02-01-04-01-02-01-05,01-04-01-02-01-05,data/raw/ravdess/video_speech/Video_Speech_Actor_05/Actor_05/02-01-04-01-02-01-05.mp4,5,train,04,3,sad,01,02,01
02-01-04-01-02-02-05,02-01-04-01-02-02-05,01-04-01-02-02-05,data/raw/ravdess/video_speech/Video_Speech_Actor_05/Actor_05/02-01-04-01-02-02-05.mp4,5,train,04,3,sad,01,02,02
02-01-04-02-01-01-05,02-01-04-02-01-01-05,01-04-02-01-01-05,data/raw/ravdess/video_speech/Video_Speech_Actor_05/Actor_05/02-01-04-02-01-01-05.mp4,5,train,04,3,sad,02,01,01
02-01-04-02-01-02-05,02-01-04-02-01-02-05,01-04-02-01-02-05,data/raw/ravdess/video_speech/Video_Speech_Actor_05/Actor_05/02-01-04-02-01-02-05.mp4,5,train,04,3,sad,02,01,02
02-01-04-02-02-01-05,02-01-04-02-02-01-05,01-04-02-02-01-05,data/raw/ravdess/video_speech/Video_Speech_Actor_05/Actor_05/02-01-04-02-02-01-05.mp4,5,train,04,3,sad,02,02,01
02-01-04-02-02-02-05,02-01-04-02-02-02-05,01-04-02-02-02-05,data/raw/ravdess/video_speech/Video_Speech_Actor_05/Actor_05/02-01-04-02-02-02-05.mp4,5,train,04,3,sad,02,02,02
02-01-05-01-01-01-05,02-01-05-01-01-01-05,01-05-01-01-01-05,data/raw/ravdess/video_speech/Video_Speech_Actor_05/Actor_05/02-01-05-01-01-01-05.mp4,5,train,05,4,angry,01,01,01
02-01-05-01-01-02-05,02-01-05-01-01-02-05,01-05-01-01-02-05,data/raw/ravdess/video_speech/Video_Speech_Actor_05/Actor_05/02-01-05-01-01-02-05.mp4,5,train,05,4,angry,01,01,02
02-01-05-01-02-01-05,02-01-05-01-02-01-05,01-05-01-02-01-05,data/raw/ravdess/video_speech/Video_Speech_Actor_05/Actor_05/02-01-05-01-02-01-05.mp4,5,train,05,4,angry,01,02,01
02-01-05-01-02-02-05,02-01-05-01-02-02-05,01-05-01-02-02-05,data/raw/ravdess/video_speech/Video_Speech_Actor_05/Actor_05/02-01-05-01-02-02-05.mp4,5,train,05,4,angry,01,02,02
02-01-05-02-01-01-05,02-01-05-02-01-01-05,01-05-02-01-01-05,data/raw/ravdess/video_speech/Video_Speech_Actor_05/Actor_05/02-01-05-02-01-01-05.mp4,5,train,05,4,angry,02,01,01
02-01-05-02-01-02-05,02-01-05-02-01-02-05,01-05-02-01-02-05,data/raw/ravdess/video_speech/Video_Speech_Actor_05/Actor_05/02-01-05-02-01-02-05.mp4,5,train,05,4,angry,02,01,02
02-01-05-02-02-01-05,02-01-05-02-02-01-05,01-05-02-02-01-05,data/raw/ravdess/video_speech/Video_Speech_Actor_05/Actor_05/02-01-05-02-02-01-05.mp4,5,train,05,4,angry,02,02,01
02-01-05-02-02-02-05,02-01-05-02-02-02-05,01-05-02-02-02-05,data/raw/ravdess/video_speech/Video_Speech_Actor_05/Actor_05/02-01-05-02-02-02-05.mp4,5,train,05,4,angry,02,02,02
02-01-06-01-01-01-05,02-01-06-01-01-01-05,01-06-01-01-01-05,data/raw/ravdess/video_speech/Video_Speech_Actor_05/Actor_05/02-01-06-01-01-01-05.mp4,5,train,06,5,fearful,01,01,01
02-01-06-01-01-02-05,02-01-06-01-01-02-05,01-06-01-01-02-05,data/raw/ravdess/video_speech/Video_Speech_Actor_05/Actor_05/02-01-06-01-01-02-05.mp4,5,train,06,5,fearful,01,01,02
02-01-06-01-02-01-05,02-01-06-01-02-01-05,01-06-01-02-01-05,data/raw/ravdess/video_speech/Video_Speech_Actor_05/Actor_05/02-01-06-01-02-01-05.mp4,5,train,06,5,fearful,01,02,01
02-01-06-01-02-02-05,02-01-06-01-02-02-05,01-06-01-02-02-05,data/raw/ravdess/video_speech/Video_Speech_Actor_05/Actor_05/02-01-06-01-02-02-05.mp4,5,train,06,5,fearful,01,02,02
02-01-06-02-01-01-05,02-01-06-02-01-01-05,01-06-02-01-01-05,data/raw/ravdess/video_speech/Video_Speech_Actor_05/Actor_05/02-01-06-02-01-01-05.mp4,5,train,06,5,fearful,02,01,01
02-01-06-02-01-02-05,02-01-06-02-01-02-05,01-06-02-01-02-05,data/raw/ravdess/video_speech/Video_Speech_Actor_05/Actor_05/02-01-06-02-01-02-05.mp4,5,train,06,5,fearful,02,01,02
02-01-06-02-02-01-05,02-01-06-02-02-01-05,01-06-02-02-01-05,data/raw/ravdess/video_speech/Video_Speech_Actor_05/Actor_05/02-01-06-02-02-01-05.mp4,5,train,06,5,fearful,02,02,01
02-01-06-02-02-02-05,02-01-06-02-02-02-05,01-06-02-02-02-05,data/raw/ravdess/video_speech/Video_Speech_Actor_05/Actor_05/02-01-06-02-02-02-05.mp4,5,train,06,5,fearful,02,02,02
02-01-07-01-01-01-05,02-01-07-01-01-01-05,01-07-01-01-01-05,data/raw/ravdess/video_speech/Video_Speech_Actor_05/Actor_05/02-01-07-01-01-01-05.mp4,5,train,07,6,disgust,01,01,01
02-01-07-01-01-02-05,02-01-07-01-01-02-05,01-07-01-01-02-05,data/raw/ravdess/video_speech/Video_Speech_Actor_05/Actor_05/02-01-07-01-01-02-05.mp4,5,train,07,6,disgust,01,01,02
02-01-07-01-02-01-05,02-01-07-01-02-01-05,01-07-01-02-01-05,data/raw/ravdess/video_speech/Video_Speech_Actor_05/Actor_05/02-01-07-01-02-01-05.mp4,5,train,07,6,disgust,01,02,01
02-01-07-01-02-02-05,02-01-07-01-02-02-05,01-07-01-02-02-05,data/raw/ravdess/video_speech/Video_Speech_Actor_05/Actor_05/02-01-07-01-02-02-05.mp4,5,train,07,6,disgust,01,02,02
02-01-07-02-01-01-05,02-01-07-02-01-01-05,01-07-02-01-01-05,data/raw/ravdess/video_speech/Video_Speech_Actor_05/Actor_05/02-01-07-02-01-01-05.mp4,5,train,07,6,disgust,02,01,01
02-01-07-02-01-02-05,02-01-07-02-01-02-05,01-07-02-01-02-05,data/raw/ravdess/video_speech/Video_Speech_Actor_05/Actor_05/02-01-07-02-01-02-05.mp4,5,train,07,6,disgust,02,01,02
02-01-07-02-02-01-05,02-01-07-02-02-01-05,01-07-02-02-01-05,data/raw/ravdess/video_speech/Video_Speech_Actor_05/Actor_05/02-01-07-02-02-01-05.mp4,5,train,07,6,disgust,02,02,01
02-01-07-02-02-02-05,02-01-07-02-02-02-05,01-07-02-02-02-05,data/raw/ravdess/video_speech/Video_Speech_Actor_05/Actor_05/02-01-07-02-02-02-05.mp4,5,train,07,6,disgust,02,02,02
02-01-08-01-01-01-05,02-01-08-01-01-01-05,01-08-01-01-01-05,data/raw/ravdess/video_speech/Video_Speech_Actor_05/Actor_05/02-01-08-01-01-01-05.mp4,5,train,08,7,surprise,01,01,01
02-01-08-01-01-02-05,02-01-08-01-01-02-05,01-08-01-01-02-05,data/raw/ravdess/video_speech/Video_Speech_Actor_05/Actor_05/02-01-08-01-01-02-05.mp4,5,train,08,7,surprise,01,01,02
02-01-08-01-02-01-05,02-01-08-01-02-01-05,01-08-01-02-01-05,data/raw/ravdess/video_speech/Video_Speech_Actor_05/Actor_05/02-01-08-01-02-01-05.mp4,5,train,08,7,surprise,01,02,01
02-01-08-01-02-02-05,02-01-08-01-02-02-05,01-08-01-02-02-05,data/raw/ravdess/video_speech/Video_Speech_Actor_05/Actor_05/02-01-08-01-02-02-05.mp4,5,train,08,7,surprise,01,02,02
02-01-08-02-01-01-05,02-01-08-02-01-01-05,01-08-02-01-01-05,data/raw/ravdess/video_speech/Video_Speech_Actor_05/Actor_05/02-01-08-02-01-01-05.mp4,5,train,08,7,surprise,02,01,01
02-01-08-02-01-02-05,02-01-08-02-01-02-05,01-08-02-01-02-05,data/raw/ravdess/video_speech/Video_Speech_Actor_05/Actor_05/02-01-08-02-01-02-05.mp4,5,train,08,7,surprise,02,01,02
02-01-08-02-02-01-05,02-01-08-02-02-01-05,01-08-02-02-01-05,data/raw/ravdess/video_speech/Video_Speech_Actor_05/Actor_05/02-01-08-02-02-01-05.mp4,5,train,08,7,surprise,02,02,01
02-01-08-02-02-02-05,02-01-08-02-02-02-05,01-08-02-02-02-05,data/raw/ravdess/video_speech/Video_Speech_Actor_05/Actor_05/02-01-08-02-02-02-05.mp4,5,train,08,7,surprise,02,02,02
02-01-01-01-01-01-06,02-01-01-01-01-01-06,01-01-01-01-01-06,data/raw/ravdess/video_speech/Video_Speech_Actor_06/Actor_06/02-01-01-01-01-01-06.mp4,6,train,01,0,neutral,01,01,01
02-01-01-01-01-02-06,02-01-01-01-01-02-06,01-01-01-01-02-06,data/raw/ravdess/video_speech/Video_Speech_Actor_06/Actor_06/02-01-01-01-01-02-06.mp4,6,train,01,0,neutral,01,01,02
02-01-01-01-02-01-06,02-01-01-01-02-01-06,01-01-01-02-01-06,data/raw/ravdess/video_speech/Video_Speech_Actor_06/Actor_06/02-01-01-01-02-01-06.mp4,6,train,01,0,neutral,01,02,01
02-01-01-01-02-02-06,02-01-01-01-02-02-06,01-01-01-02-02-06,data/raw/ravdess/video_speech/Video_Speech_Actor_06/Actor_06/02-01-01-01-02-02-06.mp4,6,train,01,0,neutral,01,02,02
02-01-02-01-01-01-06,02-01-02-01-01-01-06,01-02-01-01-01-06,data/raw/ravdess/video_speech/Video_Speech_Actor_06/Actor_06/02-01-02-01-01-01-06.mp4,6,train,02,1,calm,01,01,01
02-01-02-01-01-02-06,02-01-02-01-01-02-06,01-02-01-01-02-06,data/raw/ravdess/video_speech/Video_Speech_Actor_06/Actor_06/02-01-02-01-01-02-06.mp4,6,train,02,1,calm,01,01,02
02-01-02-01-02-01-06,02-01-02-01-02-01-06,01-02-01-02-01-06,data/raw/ravdess/video_speech/Video_Speech_Actor_06/Actor_06/02-01-02-01-02-01-06.mp4,6,train,02,1,calm,01,02,01
02-01-02-01-02-02-06,02-01-02-01-02-02-06,01-02-01-02-02-06,data/raw/ravdess/video_speech/Video_Speech_Actor_06/Actor_06/02-01-02-01-02-02-06.mp4,6,train,02,1,calm,01,02,02
02-01-02-02-01-01-06,02-01-02-02-01-01-06,01-02-02-01-01-06,data/raw/ravdess/video_speech/Video_Speech_Actor_06/Actor_06/02-01-02-02-01-01-06.mp4,6,train,02,1,calm,02,01,01
02-01-02-02-01-02-06,02-01-02-02-01-02-06,01-02-02-01-02-06,data/raw/ravdess/video_speech/Video_Speech_Actor_06/Actor_06/02-01-02-02-01-02-06.mp4,6,train,02,1,calm,02,01,02
02-01-02-02-02-01-06,02-01-02-02-02-01-06,01-02-02-02-01-06,data/raw/ravdess/video_speech/Video_Speech_Actor_06/Actor_06/02-01-02-02-02-01-06.mp4,6,train,02,1,calm,02,02,01
02-01-02-02-02-02-06,02-01-02-02-02-02-06,01-02-02-02-02-06,data/raw/ravdess/video_speech/Video_Speech_Actor_06/Actor_06/02-01-02-02-02-02-06.mp4,6,train,02,1,calm,02,02,02
02-01-03-01-01-01-06,02-01-03-01-01-01-06,01-03-01-01-01-06,data/raw/ravdess/video_speech/Video_Speech_Actor_06/Actor_06/02-01-03-01-01-01-06.mp4,6,train,03,2,happy,01,01,01
02-01-03-01-01-02-06,02-01-03-01-01-02-06,01-03-01-01-02-06,data/raw/ravdess/video_speech/Video_Speech_Actor_06/Actor_06/02-01-03-01-01-02-06.mp4,6,train,03,2,happy,01,01,02
02-01-03-01-02-01-06,02-01-03-01-02-01-06,01-03-01-02-01-06,data/raw/ravdess/video_speech/Video_Speech_Actor_06/Actor_06/02-01-03-01-02-01-06.mp4,6,train,03,2,happy,01,02,01
02-01-03-01-02-02-06,02-01-03-01-02-02-06,01-03-01-02-02-06,data/raw/ravdess/video_speech/Video_Speech_Actor_06/Actor_06/02-01-03-01-02-02-06.mp4,6,train,03,2,happy,01,02,02
02-01-03-02-01-01-06,02-01-03-02-01-01-06,01-03-02-01-01-06,data/raw/ravdess/video_speech/Video_Speech_Actor_06/Actor_06/02-01-03-02-01-01-06.mp4,6,train,03,2,happy,02,01,01
02-01-03-02-01-02-06,02-01-03-02-01-02-06,01-03-02-01-02-06,data/raw/ravdess/video_speech/Video_Speech_Actor_06/Actor_06/02-01-03-02-01-02-06.mp4,6,train,03,2,happy,02,01,02
02-01-03-02-02-01-06,02-01-03-02-02-01-06,01-03-02-02-01-06,data/raw/ravdess/video_speech/Video_Speech_Actor_06/Actor_06/02-01-03-02-02-01-06.mp4,6,train,03,2,happy,02,02,01
02-01-03-02-02-02-06,02-01-03-02-02-02-06,01-03-02-02-02-06,data/raw/ravdess/video_speech/Video_Speech_Actor_06/Actor_06/02-01-03-02-02-02-06.mp4,6,train,03,2,happy,02,02,02
02-01-04-01-01-01-06,02-01-04-01-01-01-06,01-04-01-01-01-06,data/raw/ravdess/video_speech/Video_Speech_Actor_06/Actor_06/02-01-04-01-01-01-06.mp4,6,train,04,3,sad,01,01,01
02-01-04-01-01-02-06,02-01-04-01-01-02-06,01-04-01-01-02-06,data/raw/ravdess/video_speech/Video_Speech_Actor_06/Actor_06/02-01-04-01-01-02-06.mp4,6,train,04,3,sad,01,01,02
02-01-04-01-02-01-06,02-01-04-01-02-01-06,01-04-01-02-01-06,data/raw/ravdess/video_speech/Video_Speech_Actor_06/Actor_06/02-01-04-01-02-01-06.mp4,6,train,04,3,sad,01,02,01
02-01-04-01-02-02-06,02-01-04-01-02-02-06,01-04-01-02-02-06,data/raw/ravdess/video_speech/Video_Speech_Actor_06/Actor_06/02-01-04-01-02-02-06.mp4,6,train,04,3,sad,01,02,02
02-01-04-02-01-01-06,02-01-04-02-01-01-06,01-04-02-01-01-06,data/raw/ravdess/video_speech/Video_Speech_Actor_06/Actor_06/02-01-04-02-01-01-06.mp4,6,train,04,3,sad,02,01,01
02-01-04-02-01-02-06,02-01-04-02-01-02-06,01-04-02-01-02-06,data/raw/ravdess/video_speech/Video_Speech_Actor_06/Actor_06/02-01-04-02-01-02-06.mp4,6,train,04,3,sad,02,01,02
02-01-04-02-02-01-06,02-01-04-02-02-01-06,01-04-02-02-01-06,data/raw/ravdess/video_speech/Video_Speech_Actor_06/Actor_06/02-01-04-02-02-01-06.mp4,6,train,04,3,sad,02,02,01
02-01-04-02-02-02-06,02-01-04-02-02-02-06,01-04-02-02-02-06,data/raw/ravdess/video_speech/Video_Speech_Actor_06/Actor_06/02-01-04-02-02-02-06.mp4,6,train,04,3,sad,02,02,02
02-01-05-01-01-01-06,02-01-05-01-01-01-06,01-05-01-01-01-06,data/raw/ravdess/video_speech/Video_Speech_Actor_06/Actor_06/02-01-05-01-01-01-06.mp4,6,train,05,4,angry,01,01,01
02-01-05-01-01-02-06,02-01-05-01-01-02-06,01-05-01-01-02-06,data/raw/ravdess/video_speech/Video_Speech_Actor_06/Actor_06/02-01-05-01-01-02-06.mp4,6,train,05,4,angry,01,01,02
02-01-05-01-02-01-06,02-01-05-01-02-01-06,01-05-01-02-01-06,data/raw/ravdess/video_speech/Video_Speech_Actor_06/Actor_06/02-01-05-01-02-01-06.mp4,6,train,05,4,angry,01,02,01
02-01-05-01-02-02-06,02-01-05-01-02-02-06,01-05-01-02-02-06,data/raw/ravdess/video_speech/Video_Speech_Actor_06/Actor_06/02-01-05-01-02-02-06.mp4,6,train,05,4,angry,01,02,02
02-01-05-02-01-01-06,02-01-05-02-01-01-06,01-05-02-01-01-06,data/raw/ravdess/video_speech/Video_Speech_Actor_06/Actor_06/02-01-05-02-01-01-06.mp4,6,train,05,4,angry,02,01,01
02-01-05-02-01-02-06,02-01-05-02-01-02-06,01-05-02-01-02-06,data/raw/ravdess/video_speech/Video_Speech_Actor_06/Actor_06/02-01-05-02-01-02-06.mp4,6,train,05,4,angry,02,01,02
02-01-05-02-02-01-06,02-01-05-02-02-01-06,01-05-02-02-01-06,data/raw/ravdess/video_speech/Video_Speech_Actor_06/Actor_06/02-01-05-02-02-01-06.mp4,6,train,05,4,angry,02,02,01
02-01-05-02-02-02-06,02-01-05-02-02-02-06,01-05-02-02-02-06,data/raw/ravdess/video_speech/Video_Speech_Actor_06/Actor_06/02-01-05-02-02-02-06.mp4,6,train,05,4,angry,02,02,02
02-01-06-01-01-01-06,02-01-06-01-01-01-06,01-06-01-01-01-06,data/raw/ravdess/video_speech/Video_Speech_Actor_06/Actor_06/02-01-06-01-01-01-06.mp4,6,train,06,5,fearful,01,01,01
02-01-06-01-01-02-06,02-01-06-01-01-02-06,01-06-01-01-02-06,data/raw/ravdess/video_speech/Video_Speech_Actor_06/Actor_06/02-01-06-01-01-02-06.mp4,6,train,06,5,fearful,01,01,02
02-01-06-01-02-01-06,02-01-06-01-02-01-06,01-06-01-02-01-06,data/raw/ravdess/video_speech/Video_Speech_Actor_06/Actor_06/02-01-06-01-02-01-06.mp4,6,train,06,5,fearful,01,02,01
02-01-06-01-02-02-06,02-01-06-01-02-02-06,01-06-01-02-02-06,data/raw/ravdess/video_speech/Video_Speech_Actor_06/Actor_06/02-01-06-01-02-02-06.mp4,6,train,06,5,fearful,01,02,02
02-01-06-02-01-01-06,02-01-06-02-01-01-06,01-06-02-01-01-06,data/raw/ravdess/video_speech/Video_Speech_Actor_06/Actor_06/02-01-06-02-01-01-06.mp4,6,train,06,5,fearful,02,01,01
02-01-06-02-01-02-06,02-01-06-02-01-02-06,01-06-02-01-02-06,data/raw/ravdess/video_speech/Video_Speech_Actor_06/Actor_06/02-01-06-02-01-02-06.mp4,6,train,06,5,fearful,02,01,02
02-01-06-02-02-01-06,02-01-06-02-02-01-06,01-06-02-02-01-06,data/raw/ravdess/video_speech/Video_Speech_Actor_06/Actor_06/02-01-06-02-02-01-06.mp4,6,train,06,5,fearful,02,02,01
02-01-06-02-02-02-06,02-01-06-02-02-02-06,01-06-02-02-02-06,data/raw/ravdess/video_speech/Video_Speech_Actor_06/Actor_06/02-01-06-02-02-02-06.mp4,6,train,06,5,fearful,02,02,02
02-01-07-01-01-01-06,02-01-07-01-01-01-06,01-07-01-01-01-06,data/raw/ravdess/video_speech/Video_Speech_Actor_06/Actor_06/02-01-07-01-01-01-06.mp4,6,train,07,6,disgust,01,01,01
02-01-07-01-01-02-06,02-01-07-01-01-02-06,01-07-01-01-02-06,data/raw/ravdess/video_speech/Video_Speech_Actor_06/Actor_06/02-01-07-01-01-02-06.mp4,6,train,07,6,disgust,01,01,02
02-01-07-01-02-01-06,02-01-07-01-02-01-06,01-07-01-02-01-06,data/raw/ravdess/video_speech/Video_Speech_Actor_06/Actor_06/02-01-07-01-02-01-06.mp4,6,train,07,6,disgust,01,02,01
02-01-07-01-02-02-06,02-01-07-01-02-02-06,01-07-01-02-02-06,data/raw/ravdess/video_speech/Video_Speech_Actor_06/Actor_06/02-01-07-01-02-02-06.mp4,6,train,07,6,disgust,01,02,02
02-01-07-02-01-01-06,02-01-07-02-01-01-06,01-07-02-01-01-06,data/raw/ravdess/video_speech/Video_Speech_Actor_06/Actor_06/02-01-07-02-01-01-06.mp4,6,train,07,6,disgust,02,01,01
02-01-07-02-01-02-06,02-01-07-02-01-02-06,01-07-02-01-02-06,data/raw/ravdess/video_speech/Video_Speech_Actor_06/Actor_06/02-01-07-02-01-02-06.mp4,6,train,07,6,disgust,02,01,02
02-01-07-02-02-01-06,02-01-07-02-02-01-06,01-07-02-02-01-06,data/raw/ravdess/video_speech/Video_Speech_Actor_06/Actor_06/02-01-07-02-02-01-06.mp4,6,train,07,6,disgust,02,02,01
02-01-07-02-02-02-06,02-01-07-02-02-02-06,01-07-02-02-02-06,data/raw/ravdess/video_speech/Video_Speech_Actor_06/Actor_06/02-01-07-02-02-02-06.mp4,6,train,07,6,disgust,02,02,02
02-01-08-01-01-01-06,02-01-08-01-01-01-06,01-08-01-01-01-06,data/raw/ravdess/video_speech/Video_Speech_Actor_06/Actor_06/02-01-08-01-01-01-06.mp4,6,train,08,7,surprise,01,01,01
02-01-08-01-01-02-06,02-01-08-01-01-02-06,01-08-01-01-02-06,data/raw/ravdess/video_speech/Video_Speech_Actor_06/Actor_06/02-01-08-01-01-02-06.mp4,6,train,08,7,surprise,01,01,02
02-01-08-01-02-01-06,02-01-08-01-02-01-06,01-08-01-02-01-06,data/raw/ravdess/video_speech/Video_Speech_Actor_06/Actor_06/02-01-08-01-02-01-06.mp4,6,train,08,7,surprise,01,02,01
02-01-08-01-02-02-06,02-01-08-01-02-02-06,01-08-01-02-02-06,data/raw/ravdess/video_speech/Video_Speech_Actor_06/Actor_06/02-01-08-01-02-02-06.mp4,6,train,08,7,surprise,01,02,02
02-01-08-02-01-01-06,02-01-08-02-01-01-06,01-08-02-01-01-06,data/raw/ravdess/video_speech/Video_Speech_Actor_06/Actor_06/02-01-08-02-01-01-06.mp4,6,train,08,7,surprise,02,01,01
02-01-08-02-01-02-06,02-01-08-02-01-02-06,01-08-02-01-02-06,data/raw/ravdess/video_speech/Video_Speech_Actor_06/Actor_06/02-01-08-02-01-02-06.mp4,6,train,08,7,surprise,02,01,02
02-01-08-02-02-01-06,02-01-08-02-02-01-06,01-08-02-02-01-06,data/raw/ravdess/video_speech/Video_Speech_Actor_06/Actor_06/02-01-08-02-02-01-06.mp4,6,train,08,7,surprise,02,02,01
02-01-08-02-02-02-06,02-01-08-02-02-02-06,01-08-02-02-02-06,data/raw/ravdess/video_speech/Video_Speech_Actor_06/Actor_06/02-01-08-02-02-02-06.mp4,6,train,08,7,surprise,02,02,02
02-01-01-01-01-01-07,02-01-01-01-01-01-07,01-01-01-01-01-07,data/raw/ravdess/video_speech/Video_Speech_Actor_07/Actor_07/02-01-01-01-01-01-07.mp4,7,train,01,0,neutral,01,01,01
02-01-01-01-01-02-07,02-01-01-01-01-02-07,01-01-01-01-02-07,data/raw/ravdess/video_speech/Video_Speech_Actor_07/Actor_07/02-01-01-01-01-02-07.mp4,7,train,01,0,neutral,01,01,02
02-01-01-01-02-01-07,02-01-01-01-02-01-07,01-01-01-02-01-07,data/raw/ravdess/video_speech/Video_Speech_Actor_07/Actor_07/02-01-01-01-02-01-07.mp4,7,train,01,0,neutral,01,02,01
02-01-01-01-02-02-07,02-01-01-01-02-02-07,01-01-01-02-02-07,data/raw/ravdess/video_speech/Video_Speech_Actor_07/Actor_07/02-01-01-01-02-02-07.mp4,7,train,01,0,neutral,01,02,02
02-01-02-01-01-01-07,02-01-02-01-01-01-07,01-02-01-01-01-07,data/raw/ravdess/video_speech/Video_Speech_Actor_07/Actor_07/02-01-02-01-01-01-07.mp4,7,train,02,1,calm,01,01,01
02-01-02-01-01-02-07,02-01-02-01-01-02-07,01-02-01-01-02-07,data/raw/ravdess/video_speech/Video_Speech_Actor_07/Actor_07/02-01-02-01-01-02-07.mp4,7,train,02,1,calm,01,01,02
02-01-02-01-02-01-07,02-01-02-01-02-01-07,01-02-01-02-01-07,data/raw/ravdess/video_speech/Video_Speech_Actor_07/Actor_07/02-01-02-01-02-01-07.mp4,7,train,02,1,calm,01,02,01
02-01-02-01-02-02-07,02-01-02-01-02-02-07,01-02-01-02-02-07,data/raw/ravdess/video_speech/Video_Speech_Actor_07/Actor_07/02-01-02-01-02-02-07.mp4,7,train,02,1,calm,01,02,02
02-01-02-02-01-01-07,02-01-02-02-01-01-07,01-02-02-01-01-07,data/raw/ravdess/video_speech/Video_Speech_Actor_07/Actor_07/02-01-02-02-01-01-07.mp4,7,train,02,1,calm,02,01,01
02-01-02-02-01-02-07,02-01-02-02-01-02-07,01-02-02-01-02-07,data/raw/ravdess/video_speech/Video_Speech_Actor_07/Actor_07/02-01-02-02-01-02-07.mp4,7,train,02,1,calm,02,01,02
02-01-02-02-02-01-07,02-01-02-02-02-01-07,01-02-02-02-01-07,data/raw/ravdess/video_speech/Video_Speech_Actor_07/Actor_07/02-01-02-02-02-01-07.mp4,7,train,02,1,calm,02,02,01
02-01-02-02-02-02-07,02-01-02-02-02-02-07,01-02-02-02-02-07,data/raw/ravdess/video_speech/Video_Speech_Actor_07/Actor_07/02-01-02-02-02-02-07.mp4,7,train,02,1,calm,02,02,02
02-01-03-01-01-01-07,02-01-03-01-01-01-07,01-03-01-01-01-07,data/raw/ravdess/video_speech/Video_Speech_Actor_07/Actor_07/02-01-03-01-01-01-07.mp4,7,train,03,2,happy,01,01,01
02-01-03-01-01-02-07,02-01-03-01-01-02-07,01-03-01-01-02-07,data/raw/ravdess/video_speech/Video_Speech_Actor_07/Actor_07/02-01-03-01-01-02-07.mp4,7,train,03,2,happy,01,01,02
02-01-03-01-02-01-07,02-01-03-01-02-01-07,01-03-01-02-01-07,data/raw/ravdess/video_speech/Video_Speech_Actor_07/Actor_07/02-01-03-01-02-01-07.mp4,7,train,03,2,happy,01,02,01
02-01-03-01-02-02-07,02-01-03-01-02-02-07,01-03-01-02-02-07,data/raw/ravdess/video_speech/Video_Speech_Actor_07/Actor_07/02-01-03-01-02-02-07.mp4,7,train,03,2,happy,01,02,02
02-01-03-02-01-01-07,02-01-03-02-01-01-07,01-03-02-01-01-07,data/raw/ravdess/video_speech/Video_Speech_Actor_07/Actor_07/02-01-03-02-01-01-07.mp4,7,train,03,2,happy,02,01,01
02-01-03-02-01-02-07,02-01-03-02-01-02-07,01-03-02-01-02-07,data/raw/ravdess/video_speech/Video_Speech_Actor_07/Actor_07/02-01-03-02-01-02-07.mp4,7,train,03,2,happy,02,01,02
02-01-03-02-02-01-07,02-01-03-02-02-01-07,01-03-02-02-01-07,data/raw/ravdess/video_speech/Video_Speech_Actor_07/Actor_07/02-01-03-02-02-01-07.mp4,7,train,03,2,happy,02,02,01
02-01-03-02-02-02-07,02-01-03-02-02-02-07,01-03-02-02-02-07,data/raw/ravdess/video_speech/Video_Speech_Actor_07/Actor_07/02-01-03-02-02-02-07.mp4,7,train,03,2,happy,02,02,02
02-01-04-01-01-01-07,02-01-04-01-01-01-07,01-04-01-01-01-07,data/raw/ravdess/video_speech/Video_Speech_Actor_07/Actor_07/02-01-04-01-01-01-07.mp4,7,train,04,3,sad,01,01,01
02-01-04-01-01-02-07,02-01-04-01-01-02-07,01-04-01-01-02-07,data/raw/ravdess/video_speech/Video_Speech_Actor_07/Actor_07/02-01-04-01-01-02-07.mp4,7,train,04,3,sad,01,01,02
02-01-04-01-02-01-07,02-01-04-01-02-01-07,01-04-01-02-01-07,data/raw/ravdess/video_speech/Video_Speech_Actor_07/Actor_07/02-01-04-01-02-01-07.mp4,7,train,04,3,sad,01,02,01
02-01-04-01-02-02-07,02-01-04-01-02-02-07,01-04-01-02-02-07,data/raw/ravdess/video_speech/Video_Speech_Actor_07/Actor_07/02-01-04-01-02-02-07.mp4,7,train,04,3,sad,01,02,02
02-01-04-02-01-01-07,02-01-04-02-01-01-07,01-04-02-01-01-07,data/raw/ravdess/video_speech/Video_Speech_Actor_07/Actor_07/02-01-04-02-01-01-07.mp4,7,train,04,3,sad,02,01,01
02-01-04-02-01-02-07,02-01-04-02-01-02-07,01-04-02-01-02-07,data/raw/ravdess/video_speech/Video_Speech_Actor_07/Actor_07/02-01-04-02-01-02-07.mp4,7,train,04,3,sad,02,01,02
02-01-04-02-02-01-07,02-01-04-02-02-01-07,01-04-02-02-01-07,data/raw/ravdess/video_speech/Video_Speech_Actor_07/Actor_07/02-01-04-02-02-01-07.mp4,7,train,04,3,sad,02,02,01
02-01-04-02-02-02-07,02-01-04-02-02-02-07,01-04-02-02-02-07,data/raw/ravdess/video_speech/Video_Speech_Actor_07/Actor_07/02-01-04-02-02-02-07.mp4,7,train,04,3,sad,02,02,02
02-01-05-01-01-01-07,02-01-05-01-01-01-07,01-05-01-01-01-07,data/raw/ravdess/video_speech/Video_Speech_Actor_07/Actor_07/02-01-05-01-01-01-07.mp4,7,train,05,4,angry,01,01,01
02-01-05-01-01-02-07,02-01-05-01-01-02-07,01-05-01-01-02-07,data/raw/ravdess/video_speech/Video_Speech_Actor_07/Actor_07/02-01-05-01-01-02-07.mp4,7,train,05,4,angry,01,01,02
02-01-05-01-02-01-07,02-01-05-01-02-01-07,01-05-01-02-01-07,data/raw/ravdess/video_speech/Video_Speech_Actor_07/Actor_07/02-01-05-01-02-01-07.mp4,7,train,05,4,angry,01,02,01
02-01-05-01-02-02-07,02-01-05-01-02-02-07,01-05-01-02-02-07,data/raw/ravdess/video_speech/Video_Speech_Actor_07/Actor_07/02-01-05-01-02-02-07.mp4,7,train,05,4,angry,01,02,02
02-01-05-02-01-01-07,02-01-05-02-01-01-07,01-05-02-01-01-07,data/raw/ravdess/video_speech/Video_Speech_Actor_07/Actor_07/02-01-05-02-01-01-07.mp4,7,train,05,4,angry,02,01,01
02-01-05-02-01-02-07,02-01-05-02-01-02-07,01-05-02-01-02-07,data/raw/ravdess/video_speech/Video_Speech_Actor_07/Actor_07/02-01-05-02-01-02-07.mp4,7,train,05,4,angry,02,01,02
02-01-05-02-02-01-07,02-01-05-02-02-01-07,01-05-02-02-01-07,data/raw/ravdess/video_speech/Video_Speech_Actor_07/Actor_07/02-01-05-02-02-01-07.mp4,7,train,05,4,angry,02,02,01
02-01-05-02-02-02-07,02-01-05-02-02-02-07,01-05-02-02-02-07,data/raw/ravdess/video_speech/Video_Speech_Actor_07/Actor_07/02-01-05-02-02-02-07.mp4,7,train,05,4,angry,02,02,02
02-01-06-01-01-01-07,02-01-06-01-01-01-07,01-06-01-01-01-07,data/raw/ravdess/video_speech/Video_Speech_Actor_07/Actor_07/02-01-06-01-01-01-07.mp4,7,train,06,5,fearful,01,01,01
02-01-06-01-01-02-07,02-01-06-01-01-02-07,01-06-01-01-02-07,data/raw/ravdess/video_speech/Video_Speech_Actor_07/Actor_07/02-01-06-01-01-02-07.mp4,7,train,06,5,fearful,01,01,02
02-01-06-01-02-01-07,02-01-06-01-02-01-07,01-06-01-02-01-07,data/raw/ravdess/video_speech/Video_Speech_Actor_07/Actor_07/02-01-06-01-02-01-07.mp4,7,train,06,5,fearful,01,02,01
02-01-06-01-02-02-07,02-01-06-01-02-02-07,01-06-01-02-02-07,data/raw/ravdess/video_speech/Video_Speech_Actor_07/Actor_07/02-01-06-01-02-02-07.mp4,7,train,06,5,fearful,01,02,02
02-01-06-02-01-01-07,02-01-06-02-01-01-07,01-06-02-01-01-07,data/raw/ravdess/video_speech/Video_Speech_Actor_07/Actor_07/02-01-06-02-01-01-07.mp4,7,train,06,5,fearful,02,01,01
02-01-06-02-01-02-07,02-01-06-02-01-02-07,01-06-02-01-02-07,data/raw/ravdess/video_speech/Video_Speech_Actor_07/Actor_07/02-01-06-02-01-02-07.mp4,7,train,06,5,fearful,02,01,02
02-01-06-02-02-01-07,02-01-06-02-02-01-07,01-06-02-02-01-07,data/raw/ravdess/video_speech/Video_Speech_Actor_07/Actor_07/02-01-06-02-02-01-07.mp4,7,train,06,5,fearful,02,02,01
02-01-06-02-02-02-07,02-01-06-02-02-02-07,01-06-02-02-02-07,data/raw/ravdess/video_speech/Video_Speech_Actor_07/Actor_07/02-01-06-02-02-02-07.mp4,7,train,06,5,fearful,02,02,02
02-01-07-01-01-01-07,02-01-07-01-01-01-07,01-07-01-01-01-07,data/raw/ravdess/video_speech/Video_Speech_Actor_07/Actor_07/02-01-07-01-01-01-07.mp4,7,train,07,6,disgust,01,01,01
02-01-07-01-01-02-07,02-01-07-01-01-02-07,01-07-01-01-02-07,data/raw/ravdess/video_speech/Video_Speech_Actor_07/Actor_07/02-01-07-01-01-02-07.mp4,7,train,07,6,disgust,01,01,02
02-01-07-01-02-01-07,02-01-07-01-02-01-07,01-07-01-02-01-07,data/raw/ravdess/video_speech/Video_Speech_Actor_07/Actor_07/02-01-07-01-02-01-07.mp4,7,train,07,6,disgust,01,02,01
02-01-07-01-02-02-07,02-01-07-01-02-02-07,01-07-01-02-02-07,data/raw/ravdess/video_speech/Video_Speech_Actor_07/Actor_07/02-01-07-01-02-02-07.mp4,7,train,07,6,disgust,01,02,02
02-01-07-02-01-01-07,02-01-07-02-01-01-07,01-07-02-01-01-07,data/raw/ravdess/video_speech/Video_Speech_Actor_07/Actor_07/02-01-07-02-01-01-07.mp4,7,train,07,6,disgust,02,01,01
02-01-07-02-01-02-07,02-01-07-02-01-02-07,01-07-02-01-02-07,data/raw/ravdess/video_speech/Video_Speech_Actor_07/Actor_07/02-01-07-02-01-02-07.mp4,7,train,07,6,disgust,02,01,02
02-01-07-02-02-01-07,02-01-07-02-02-01-07,01-07-02-02-01-07,data/raw/ravdess/video_speech/Video_Speech_Actor_07/Actor_07/02-01-07-02-02-01-07.mp4,7,train,07,6,disgust,02,02,01
02-01-07-02-02-02-07,02-01-07-02-02-02-07,01-07-02-02-02-07,data/raw/ravdess/video_speech/Video_Speech_Actor_07/Actor_07/02-01-07-02-02-02-07.mp4,7,train,07,6,disgust,02,02,02
02-01-08-01-01-01-07,02-01-08-01-01-01-07,01-08-01-01-01-07,data/raw/ravdess/video_speech/Video_Speech_Actor_07/Actor_07/02-01-08-01-01-01-07.mp4,7,train,08,7,surprise,01,01,01
02-01-08-01-01-02-07,02-01-08-01-01-02-07,01-08-01-01-02-07,data/raw/ravdess/video_speech/Video_Speech_Actor_07/Actor_07/02-01-08-01-01-02-07.mp4,7,train,08,7,surprise,01,01,02
02-01-08-01-02-01-07,02-01-08-01-02-01-07,01-08-01-02-01-07,data/raw/ravdess/video_speech/Video_Speech_Actor_07/Actor_07/02-01-08-01-02-01-07.mp4,7,train,08,7,surprise,01,02,01
02-01-08-01-02-02-07,02-01-08-01-02-02-07,01-08-01-02-02-07,data/raw/ravdess/video_speech/Video_Speech_Actor_07/Actor_07/02-01-08-01-02-02-07.mp4,7,train,08,7,surprise,01,02,02
02-01-08-02-01-01-07,02-01-08-02-01-01-07,01-08-02-01-01-07,data/raw/ravdess/video_speech/Video_Speech_Actor_07/Actor_07/02-01-08-02-01-01-07.mp4,7,train,08,7,surprise,02,01,01
02-01-08-02-01-02-07,02-01-08-02-01-02-07,01-08-02-01-02-07,data/raw/ravdess/video_speech/Video_Speech_Actor_07/Actor_07/02-01-08-02-01-02-07.mp4,7,train,08,7,surprise,02,01,02
02-01-08-02-02-01-07,02-01-08-02-02-01-07,01-08-02-02-01-07,data/raw/ravdess/video_speech/Video_Speech_Actor_07/Actor_07/02-01-08-02-02-01-07.mp4,7,train,08,7,surprise,02,02,01
02-01-08-02-02-02-07,02-01-08-02-02-02-07,01-08-02-02-02-07,data/raw/ravdess/video_speech/Video_Speech_Actor_07/Actor_07/02-01-08-02-02-02-07.mp4,7,train,08,7,surprise,02,02,02
02-01-01-01-01-01-08,02-01-01-01-01-01-08,01-01-01-01-01-08,data/raw/ravdess/video_speech/Video_Speech_Actor_08/Actor_08/02-01-01-01-01-01-08.mp4,8,train,01,0,neutral,01,01,01
02-01-01-01-01-02-08,02-01-01-01-01-02-08,01-01-01-01-02-08,data/raw/ravdess/video_speech/Video_Speech_Actor_08/Actor_08/02-01-01-01-01-02-08.mp4,8,train,01,0,neutral,01,01,02
02-01-01-01-02-01-08,02-01-01-01-02-01-08,01-01-01-02-01-08,data/raw/ravdess/video_speech/Video_Speech_Actor_08/Actor_08/02-01-01-01-02-01-08.mp4,8,train,01,0,neutral,01,02,01
02-01-01-01-02-02-08,02-01-01-01-02-02-08,01-01-01-02-02-08,data/raw/ravdess/video_speech/Video_Speech_Actor_08/Actor_08/02-01-01-01-02-02-08.mp4,8,train,01,0,neutral,01,02,02
02-01-02-01-01-01-08,02-01-02-01-01-01-08,01-02-01-01-01-08,data/raw/ravdess/video_speech/Video_Speech_Actor_08/Actor_08/02-01-02-01-01-01-08.mp4,8,train,02,1,calm,01,01,01
02-01-02-01-01-02-08,02-01-02-01-01-02-08,01-02-01-01-02-08,data/raw/ravdess/video_speech/Video_Speech_Actor_08/Actor_08/02-01-02-01-01-02-08.mp4,8,train,02,1,calm,01,01,02
02-01-02-01-02-01-08,02-01-02-01-02-01-08,01-02-01-02-01-08,data/raw/ravdess/video_speech/Video_Speech_Actor_08/Actor_08/02-01-02-01-02-01-08.mp4,8,train,02,1,calm,01,02,01
02-01-02-01-02-02-08,02-01-02-01-02-02-08,01-02-01-02-02-08,data/raw/ravdess/video_speech/Video_Speech_Actor_08/Actor_08/02-01-02-01-02-02-08.mp4,8,train,02,1,calm,01,02,02
02-01-02-02-01-01-08,02-01-02-02-01-01-08,01-02-02-01-01-08,data/raw/ravdess/video_speech/Video_Speech_Actor_08/Actor_08/02-01-02-02-01-01-08.mp4,8,train,02,1,calm,02,01,01
02-01-02-02-01-02-08,02-01-02-02-01-02-08,01-02-02-01-02-08,data/raw/ravdess/video_speech/Video_Speech_Actor_08/Actor_08/02-01-02-02-01-02-08.mp4,8,train,02,1,calm,02,01,02
02-01-02-02-02-01-08,02-01-02-02-02-01-08,01-02-02-02-01-08,data/raw/ravdess/video_speech/Video_Speech_Actor_08/Actor_08/02-01-02-02-02-01-08.mp4,8,train,02,1,calm,02,02,01
02-01-02-02-02-02-08,02-01-02-02-02-02-08,01-02-02-02-02-08,data/raw/ravdess/video_speech/Video_Speech_Actor_08/Actor_08/02-01-02-02-02-02-08.mp4,8,train,02,1,calm,02,02,02
02-01-03-01-01-01-08,02-01-03-01-01-01-08,01-03-01-01-01-08,data/raw/ravdess/video_speech/Video_Speech_Actor_08/Actor_08/02-01-03-01-01-01-08.mp4,8,train,03,2,happy,01,01,01
02-01-03-01-01-02-08,02-01-03-01-01-02-08,01-03-01-01-02-08,data/raw/ravdess/video_speech/Video_Speech_Actor_08/Actor_08/02-01-03-01-01-02-08.mp4,8,train,03,2,happy,01,01,02
02-01-03-01-02-01-08,02-01-03-01-02-01-08,01-03-01-02-01-08,data/raw/ravdess/video_speech/Video_Speech_Actor_08/Actor_08/02-01-03-01-02-01-08.mp4,8,train,03,2,happy,01,02,01
02-01-03-01-02-02-08,02-01-03-01-02-02-08,01-03-01-02-02-08,data/raw/ravdess/video_speech/Video_Speech_Actor_08/Actor_08/02-01-03-01-02-02-08.mp4,8,train,03,2,happy,01,02,02
02-01-03-02-01-01-08,02-01-03-02-01-01-08,01-03-02-01-01-08,data/raw/ravdess/video_speech/Video_Speech_Actor_08/Actor_08/02-01-03-02-01-01-08.mp4,8,train,03,2,happy,02,01,01
02-01-03-02-01-02-08,02-01-03-02-01-02-08,01-03-02-01-02-08,data/raw/ravdess/video_speech/Video_Speech_Actor_08/Actor_08/02-01-03-02-01-02-08.mp4,8,train,03,2,happy,02,01,02
02-01-03-02-02-01-08,02-01-03-02-02-01-08,01-03-02-02-01-08,data/raw/ravdess/video_speech/Video_Speech_Actor_08/Actor_08/02-01-03-02-02-01-08.mp4,8,train,03,2,happy,02,02,01
02-01-03-02-02-02-08,02-01-03-02-02-02-08,01-03-02-02-02-08,data/raw/ravdess/video_speech/Video_Speech_Actor_08/Actor_08/02-01-03-02-02-02-08.mp4,8,train,03,2,happy,02,02,02
02-01-04-01-01-01-08,02-01-04-01-01-01-08,01-04-01-01-01-08,data/raw/ravdess/video_speech/Video_Speech_Actor_08/Actor_08/02-01-04-01-01-01-08.mp4,8,train,04,3,sad,01,01,01
02-01-04-01-01-02-08,02-01-04-01-01-02-08,01-04-01-01-02-08,data/raw/ravdess/video_speech/Video_Speech_Actor_08/Actor_08/02-01-04-01-01-02-08.mp4,8,train,04,3,sad,01,01,02
02-01-04-01-02-01-08,02-01-04-01-02-01-08,01-04-01-02-01-08,data/raw/ravdess/video_speech/Video_Speech_Actor_08/Actor_08/02-01-04-01-02-01-08.mp4,8,train,04,3,sad,01,02,01
02-01-04-01-02-02-08,02-01-04-01-02-02-08,01-04-01-02-02-08,data/raw/ravdess/video_speech/Video_Speech_Actor_08/Actor_08/02-01-04-01-02-02-08.mp4,8,train,04,3,sad,01,02,02
02-01-04-02-01-01-08,02-01-04-02-01-01-08,01-04-02-01-01-08,data/raw/ravdess/video_speech/Video_Speech_Actor_08/Actor_08/02-01-04-02-01-01-08.mp4,8,train,04,3,sad,02,01,01
02-01-04-02-01-02-08,02-01-04-02-01-02-08,01-04-02-01-02-08,data/raw/ravdess/video_speech/Video_Speech_Actor_08/Actor_08/02-01-04-02-01-02-08.mp4,8,train,04,3,sad,02,01,02
02-01-04-02-02-01-08,02-01-04-02-02-01-08,01-04-02-02-01-08,data/raw/ravdess/video_speech/Video_Speech_Actor_08/Actor_08/02-01-04-02-02-01-08.mp4,8,train,04,3,sad,02,02,01
02-01-04-02-02-02-08,02-01-04-02-02-02-08,01-04-02-02-02-08,data/raw/ravdess/video_speech/Video_Speech_Actor_08/Actor_08/02-01-04-02-02-02-08.mp4,8,train,04,3,sad,02,02,02
02-01-05-01-01-01-08,02-01-05-01-01-01-08,01-05-01-01-01-08,data/raw/ravdess/video_speech/Video_Speech_Actor_08/Actor_08/02-01-05-01-01-01-08.mp4,8,train,05,4,angry,01,01,01
02-01-05-01-01-02-08,02-01-05-01-01-02-08,01-05-01-01-02-08,data/raw/ravdess/video_speech/Video_Speech_Actor_08/Actor_08/02-01-05-01-01-02-08.mp4,8,train,05,4,angry,01,01,02
02-01-05-01-02-01-08,02-01-05-01-02-01-08,01-05-01-02-01-08,data/raw/ravdess/video_speech/Video_Speech_Actor_08/Actor_08/02-01-05-01-02-01-08.mp4,8,train,05,4,angry,01,02,01
02-01-05-01-02-02-08,02-01-05-01-02-02-08,01-05-01-02-02-08,data/raw/ravdess/video_speech/Video_Speech_Actor_08/Actor_08/02-01-05-01-02-02-08.mp4,8,train,05,4,angry,01,02,02
02-01-05-02-01-01-08,02-01-05-02-01-01-08,01-05-02-01-01-08,data/raw/ravdess/video_speech/Video_Speech_Actor_08/Actor_08/02-01-05-02-01-01-08.mp4,8,train,05,4,angry,02,01,01
02-01-05-02-01-02-08,02-01-05-02-01-02-08,01-05-02-01-02-08,data/raw/ravdess/video_speech/Video_Speech_Actor_08/Actor_08/02-01-05-02-01-02-08.mp4,8,train,05,4,angry,02,01,02
02-01-05-02-02-01-08,02-01-05-02-02-01-08,01-05-02-02-01-08,data/raw/ravdess/video_speech/Video_Speech_Actor_08/Actor_08/02-01-05-02-02-01-08.mp4,8,train,05,4,angry,02,02,01
02-01-05-02-02-02-08,02-01-05-02-02-02-08,01-05-02-02-02-08,data/raw/ravdess/video_speech/Video_Speech_Actor_08/Actor_08/02-01-05-02-02-02-08.mp4,8,train,05,4,angry,02,02,02
02-01-06-01-01-01-08,02-01-06-01-01-01-08,01-06-01-01-01-08,data/raw/ravdess/video_speech/Video_Speech_Actor_08/Actor_08/02-01-06-01-01-01-08.mp4,8,train,06,5,fearful,01,01,01
02-01-06-01-01-02-08,02-01-06-01-01-02-08,01-06-01-01-02-08,data/raw/ravdess/video_speech/Video_Speech_Actor_08/Actor_08/02-01-06-01-01-02-08.mp4,8,train,06,5,fearful,01,01,02
02-01-06-01-02-01-08,02-01-06-01-02-01-08,01-06-01-02-01-08,data/raw/ravdess/video_speech/Video_Speech_Actor_08/Actor_08/02-01-06-01-02-01-08.mp4,8,train,06,5,fearful,01,02,01
02-01-06-01-02-02-08,02-01-06-01-02-02-08,01-06-01-02-02-08,data/raw/ravdess/video_speech/Video_Speech_Actor_08/Actor_08/02-01-06-01-02-02-08.mp4,8,train,06,5,fearful,01,02,02
02-01-06-02-01-01-08,02-01-06-02-01-01-08,01-06-02-01-01-08,data/raw/ravdess/video_speech/Video_Speech_Actor_08/Actor_08/02-01-06-02-01-01-08.mp4,8,train,06,5,fearful,02,01,01
02-01-06-02-01-02-08,02-01-06-02-01-02-08,01-06-02-01-02-08,data/raw/ravdess/video_speech/Video_Speech_Actor_08/Actor_08/02-01-06-02-01-02-08.mp4,8,train,06,5,fearful,02,01,02
02-01-06-02-02-01-08,02-01-06-02-02-01-08,01-06-02-02-01-08,data/raw/ravdess/video_speech/Video_Speech_Actor_08/Actor_08/02-01-06-02-02-01-08.mp4,8,train,06,5,fearful,02,02,01
02-01-06-02-02-02-08,02-01-06-02-02-02-08,01-06-02-02-02-08,data/raw/ravdess/video_speech/Video_Speech_Actor_08/Actor_08/02-01-06-02-02-02-08.mp4,8,train,06,5,fearful,02,02,02
02-01-07-01-01-01-08,02-01-07-01-01-01-08,01-07-01-01-01-08,data/raw/ravdess/video_speech/Video_Speech_Actor_08/Actor_08/02-01-07-01-01-01-08.mp4,8,train,07,6,disgust,01,01,01
02-01-07-01-01-02-08,02-01-07-01-01-02-08,01-07-01-01-02-08,data/raw/ravdess/video_speech/Video_Speech_Actor_08/Actor_08/02-01-07-01-01-02-08.mp4,8,train,07,6,disgust,01,01,02
02-01-07-01-02-01-08,02-01-07-01-02-01-08,01-07-01-02-01-08,data/raw/ravdess/video_speech/Video_Speech_Actor_08/Actor_08/02-01-07-01-02-01-08.mp4,8,train,07,6,disgust,01,02,01
02-01-07-01-02-02-08,02-01-07-01-02-02-08,01-07-01-02-02-08,data/raw/ravdess/video_speech/Video_Speech_Actor_08/Actor_08/02-01-07-01-02-02-08.mp4,8,train,07,6,disgust,01,02,02
02-01-07-02-01-01-08,02-01-07-02-01-01-08,01-07-02-01-01-08,data/raw/ravdess/video_speech/Video_Speech_Actor_08/Actor_08/02-01-07-02-01-01-08.mp4,8,train,07,6,disgust,02,01,01
02-01-07-02-01-02-08,02-01-07-02-01-02-08,01-07-02-01-02-08,data/raw/ravdess/video_speech/Video_Speech_Actor_08/Actor_08/02-01-07-02-01-02-08.mp4,8,train,07,6,disgust,02,01,02
02-01-07-02-02-01-08,02-01-07-02-02-01-08,01-07-02-02-01-08,data/raw/ravdess/video_speech/Video_Speech_Actor_08/Actor_08/02-01-07-02-02-01-08.mp4,8,train,07,6,disgust,02,02,01
02-01-07-02-02-02-08,02-01-07-02-02-02-08,01-07-02-02-02-08,data/raw/ravdess/video_speech/Video_Speech_Actor_08/Actor_08/02-01-07-02-02-02-08.mp4,8,train,07,6,disgust,02,02,02
02-01-08-01-01-01-08,02-01-08-01-01-01-08,01-08-01-01-01-08,data/raw/ravdess/video_speech/Video_Speech_Actor_08/Actor_08/02-01-08-01-01-01-08.mp4,8,train,08,7,surprise,01,01,01
02-01-08-01-01-02-08,02-01-08-01-01-02-08,01-08-01-01-02-08,data/raw/ravdess/video_speech/Video_Speech_Actor_08/Actor_08/02-01-08-01-01-02-08.mp4,8,train,08,7,surprise,01,01,02
02-01-08-01-02-01-08,02-01-08-01-02-01-08,01-08-01-02-01-08,data/raw/ravdess/video_speech/Video_Speech_Actor_08/Actor_08/02-01-08-01-02-01-08.mp4,8,train,08,7,surprise,01,02,01
02-01-08-01-02-02-08,02-01-08-01-02-02-08,01-08-01-02-02-08,data/raw/ravdess/video_speech/Video_Speech_Actor_08/Actor_08/02-01-08-01-02-02-08.mp4,8,train,08,7,surprise,01,02,02
02-01-08-02-01-01-08,02-01-08-02-01-01-08,01-08-02-01-01-08,data/raw/ravdess/video_speech/Video_Speech_Actor_08/Actor_08/02-01-08-02-01-01-08.mp4,8,train,08,7,surprise,02,01,01
02-01-08-02-01-02-08,02-01-08-02-01-02-08,01-08-02-01-02-08,data/raw/ravdess/video_speech/Video_Speech_Actor_08/Actor_08/02-01-08-02-01-02-08.mp4,8,train,08,7,surprise,02,01,02
02-01-08-02-02-01-08,02-01-08-02-02-01-08,01-08-02-02-01-08,data/raw/ravdess/video_speech/Video_Speech_Actor_08/Actor_08/02-01-08-02-02-01-08.mp4,8,train,08,7,surprise,02,02,01
02-01-08-02-02-02-08,02-01-08-02-02-02-08,01-08-02-02-02-08,data/raw/ravdess/video_speech/Video_Speech_Actor_08/Actor_08/02-01-08-02-02-02-08.mp4,8,train,08,7,surprise,02,02,02
02-01-01-01-01-01-09,02-01-01-01-01-01-09,01-01-01-01-01-09,data/raw/ravdess/video_speech/Video_Speech_Actor_09/Actor_09/02-01-01-01-01-01-09.mp4,9,train,01,0,neutral,01,01,01
02-01-01-01-01-02-09,02-01-01-01-01-02-09,01-01-01-01-02-09,data/raw/ravdess/video_speech/Video_Speech_Actor_09/Actor_09/02-01-01-01-01-02-09.mp4,9,train,01,0,neutral,01,01,02
02-01-01-01-02-01-09,02-01-01-01-02-01-09,01-01-01-02-01-09,data/raw/ravdess/video_speech/Video_Speech_Actor_09/Actor_09/02-01-01-01-02-01-09.mp4,9,train,01,0,neutral,01,02,01
02-01-01-01-02-02-09,02-01-01-01-02-02-09,01-01-01-02-02-09,data/raw/ravdess/video_speech/Video_Speech_Actor_09/Actor_09/02-01-01-01-02-02-09.mp4,9,train,01,0,neutral,01,02,02
02-01-02-01-01-01-09,02-01-02-01-01-01-09,01-02-01-01-01-09,data/raw/ravdess/video_speech/Video_Speech_Actor_09/Actor_09/02-01-02-01-01-01-09.mp4,9,train,02,1,calm,01,01,01
02-01-02-01-01-02-09,02-01-02-01-01-02-09,01-02-01-01-02-09,data/raw/ravdess/video_speech/Video_Speech_Actor_09/Actor_09/02-01-02-01-01-02-09.mp4,9,train,02,1,calm,01,01,02
02-01-02-01-02-01-09,02-01-02-01-02-01-09,01-02-01-02-01-09,data/raw/ravdess/video_speech/Video_Speech_Actor_09/Actor_09/02-01-02-01-02-01-09.mp4,9,train,02,1,calm,01,02,01
02-01-02-01-02-02-09,02-01-02-01-02-02-09,01-02-01-02-02-09,data/raw/ravdess/video_speech/Video_Speech_Actor_09/Actor_09/02-01-02-01-02-02-09.mp4,9,train,02,1,calm,01,02,02
02-01-02-02-01-01-09,02-01-02-02-01-01-09,01-02-02-01-01-09,data/raw/ravdess/video_speech/Video_Speech_Actor_09/Actor_09/02-01-02-02-01-01-09.mp4,9,train,02,1,calm,02,01,01
02-01-02-02-01-02-09,02-01-02-02-01-02-09,01-02-02-01-02-09,data/raw/ravdess/video_speech/Video_Speech_Actor_09/Actor_09/02-01-02-02-01-02-09.mp4,9,train,02,1,calm,02,01,02
02-01-02-02-02-01-09,02-01-02-02-02-01-09,01-02-02-02-01-09,data/raw/ravdess/video_speech/Video_Speech_Actor_09/Actor_09/02-01-02-02-02-01-09.mp4,9,train,02,1,calm,02,02,01
02-01-02-02-02-02-09,02-01-02-02-02-02-09,01-02-02-02-02-09,data/raw/ravdess/video_speech/Video_Speech_Actor_09/Actor_09/02-01-02-02-02-02-09.mp4,9,train,02,1,calm,02,02,02
02-01-03-01-01-01-09,02-01-03-01-01-01-09,01-03-01-01-01-09,data/raw/ravdess/video_speech/Video_Speech_Actor_09/Actor_09/02-01-03-01-01-01-09.mp4,9,train,03,2,happy,01,01,01
02-01-03-01-01-02-09,02-01-03-01-01-02-09,01-03-01-01-02-09,data/raw/ravdess/video_speech/Video_Speech_Actor_09/Actor_09/02-01-03-01-01-02-09.mp4,9,train,03,2,happy,01,01,02
02-01-03-01-02-01-09,02-01-03-01-02-01-09,01-03-01-02-01-09,data/raw/ravdess/video_speech/Video_Speech_Actor_09/Actor_09/02-01-03-01-02-01-09.mp4,9,train,03,2,happy,01,02,01
02-01-03-01-02-02-09,02-01-03-01-02-02-09,01-03-01-02-02-09,data/raw/ravdess/video_speech/Video_Speech_Actor_09/Actor_09/02-01-03-01-02-02-09.mp4,9,train,03,2,happy,01,02,02
02-01-03-02-01-01-09,02-01-03-02-01-01-09,01-03-02-01-01-09,data/raw/ravdess/video_speech/Video_Speech_Actor_09/Actor_09/02-01-03-02-01-01-09.mp4,9,train,03,2,happy,02,01,01
02-01-03-02-01-02-09,02-01-03-02-01-02-09,01-03-02-01-02-09,data/raw/ravdess/video_speech/Video_Speech_Actor_09/Actor_09/02-01-03-02-01-02-09.mp4,9,train,03,2,happy,02,01,02
02-01-03-02-02-01-09,02-01-03-02-02-01-09,01-03-02-02-01-09,data/raw/ravdess/video_speech/Video_Speech_Actor_09/Actor_09/02-01-03-02-02-01-09.mp4,9,train,03,2,happy,02,02,01
02-01-03-02-02-02-09,02-01-03-02-02-02-09,01-03-02-02-02-09,data/raw/ravdess/video_speech/Video_Speech_Actor_09/Actor_09/02-01-03-02-02-02-09.mp4,9,train,03,2,happy,02,02,02
02-01-04-01-01-01-09,02-01-04-01-01-01-09,01-04-01-01-01-09,data/raw/ravdess/video_speech/Video_Speech_Actor_09/Actor_09/02-01-04-01-01-01-09.mp4,9,train,04,3,sad,01,01,01
02-01-04-01-01-02-09,02-01-04-01-01-02-09,01-04-01-01-02-09,data/raw/ravdess/video_speech/Video_Speech_Actor_09/Actor_09/02-01-04-01-01-02-09.mp4,9,train,04,3,sad,01,01,02
02-01-04-01-02-01-09,02-01-04-01-02-01-09,01-04-01-02-01-09,data/raw/ravdess/video_speech/Video_Speech_Actor_09/Actor_09/02-01-04-01-02-01-09.mp4,9,train,04,3,sad,01,02,01
02-01-04-01-02-02-09,02-01-04-01-02-02-09,01-04-01-02-02-09,data/raw/ravdess/video_speech/Video_Speech_Actor_09/Actor_09/02-01-04-01-02-02-09.mp4,9,train,04,3,sad,01,02,02
02-01-04-02-01-01-09,02-01-04-02-01-01-09,01-04-02-01-01-09,data/raw/ravdess/video_speech/Video_Speech_Actor_09/Actor_09/02-01-04-02-01-01-09.mp4,9,train,04,3,sad,02,01,01
02-01-04-02-01-02-09,02-01-04-02-01-02-09,01-04-02-01-02-09,data/raw/ravdess/video_speech/Video_Speech_Actor_09/Actor_09/02-01-04-02-01-02-09.mp4,9,train,04,3,sad,02,01,02
02-01-04-02-02-01-09,02-01-04-02-02-01-09,01-04-02-02-01-09,data/raw/ravdess/video_speech/Video_Speech_Actor_09/Actor_09/02-01-04-02-02-01-09.mp4,9,train,04,3,sad,02,02,01
02-01-04-02-02-02-09,02-01-04-02-02-02-09,01-04-02-02-02-09,data/raw/ravdess/video_speech/Video_Speech_Actor_09/Actor_09/02-01-04-02-02-02-09.mp4,9,train,04,3,sad,02,02,02
02-01-05-01-01-01-09,02-01-05-01-01-01-09,01-05-01-01-01-09,data/raw/ravdess/video_speech/Video_Speech_Actor_09/Actor_09/02-01-05-01-01-01-09.mp4,9,train,05,4,angry,01,01,01
02-01-05-01-01-02-09,02-01-05-01-01-02-09,01-05-01-01-02-09,data/raw/ravdess/video_speech/Video_Speech_Actor_09/Actor_09/02-01-05-01-01-02-09.mp4,9,train,05,4,angry,01,01,02
02-01-05-01-02-01-09,02-01-05-01-02-01-09,01-05-01-02-01-09,data/raw/ravdess/video_speech/Video_Speech_Actor_09/Actor_09/02-01-05-01-02-01-09.mp4,9,train,05,4,angry,01,02,01
02-01-05-01-02-02-09,02-01-05-01-02-02-09,01-05-01-02-02-09,data/raw/ravdess/video_speech/Video_Speech_Actor_09/Actor_09/02-01-05-01-02-02-09.mp4,9,train,05,4,angry,01,02,02
02-01-05-02-01-01-09,02-01-05-02-01-01-09,01-05-02-01-01-09,data/raw/ravdess/video_speech/Video_Speech_Actor_09/Actor_09/02-01-05-02-01-01-09.mp4,9,train,05,4,angry,02,01,01
02-01-05-02-01-02-09,02-01-05-02-01-02-09,01-05-02-01-02-09,data/raw/ravdess/video_speech/Video_Speech_Actor_09/Actor_09/02-01-05-02-01-02-09.mp4,9,train,05,4,angry,02,01,02
02-01-05-02-02-01-09,02-01-05-02-02-01-09,01-05-02-02-01-09,data/raw/ravdess/video_speech/Video_Speech_Actor_09/Actor_09/02-01-05-02-02-01-09.mp4,9,train,05,4,angry,02,02,01
02-01-05-02-02-02-09,02-01-05-02-02-02-09,01-05-02-02-02-09,data/raw/ravdess/video_speech/Video_Speech_Actor_09/Actor_09/02-01-05-02-02-02-09.mp4,9,train,05,4,angry,02,02,02
02-01-06-01-01-01-09,02-01-06-01-01-01-09,01-06-01-01-01-09,data/raw/ravdess/video_speech/Video_Speech_Actor_09/Actor_09/02-01-06-01-01-01-09.mp4,9,train,06,5,fearful,01,01,01
02-01-06-01-01-02-09,02-01-06-01-01-02-09,01-06-01-01-02-09,data/raw/ravdess/video_speech/Video_Speech_Actor_09/Actor_09/02-01-06-01-01-02-09.mp4,9,train,06,5,fearful,01,01,02
02-01-06-01-02-01-09,02-01-06-01-02-01-09,01-06-01-02-01-09,data/raw/ravdess/video_speech/Video_Speech_Actor_09/Actor_09/02-01-06-01-02-01-09.mp4,9,train,06,5,fearful,01,02,01
02-01-06-01-02-02-09,02-01-06-01-02-02-09,01-06-01-02-02-09,data/raw/ravdess/video_speech/Video_Speech_Actor_09/Actor_09/02-01-06-01-02-02-09.mp4,9,train,06,5,fearful,01,02,02
02-01-06-02-01-01-09,02-01-06-02-01-01-09,01-06-02-01-01-09,data/raw/ravdess/video_speech/Video_Speech_Actor_09/Actor_09/02-01-06-02-01-01-09.mp4,9,train,06,5,fearful,02,01,01
02-01-06-02-01-02-09,02-01-06-02-01-02-09,01-06-02-01-02-09,data/raw/ravdess/video_speech/Video_Speech_Actor_09/Actor_09/02-01-06-02-01-02-09.mp4,9,train,06,5,fearful,02,01,02
02-01-06-02-02-01-09,02-01-06-02-02-01-09,01-06-02-02-01-09,data/raw/ravdess/video_speech/Video_Speech_Actor_09/Actor_09/02-01-06-02-02-01-09.mp4,9,train,06,5,fearful,02,02,01
02-01-06-02-02-02-09,02-01-06-02-02-02-09,01-06-02-02-02-09,data/raw/ravdess/video_speech/Video_Speech_Actor_09/Actor_09/02-01-06-02-02-02-09.mp4,9,train,06,5,fearful,02,02,02
02-01-07-01-01-01-09,02-01-07-01-01-01-09,01-07-01-01-01-09,data/raw/ravdess/video_speech/Video_Speech_Actor_09/Actor_09/02-01-07-01-01-01-09.mp4,9,train,07,6,disgust,01,01,01
02-01-07-01-01-02-09,02-01-07-01-01-02-09,01-07-01-01-02-09,data/raw/ravdess/video_speech/Video_Speech_Actor_09/Actor_09/02-01-07-01-01-02-09.mp4,9,train,07,6,disgust,01,01,02
02-01-07-01-02-01-09,02-01-07-01-02-01-09,01-07-01-02-01-09,data/raw/ravdess/video_speech/Video_Speech_Actor_09/Actor_09/02-01-07-01-02-01-09.mp4,9,train,07,6,disgust,01,02,01
02-01-07-01-02-02-09,02-01-07-01-02-02-09,01-07-01-02-02-09,data/raw/ravdess/video_speech/Video_Speech_Actor_09/Actor_09/02-01-07-01-02-02-09.mp4,9,train,07,6,disgust,01,02,02
02-01-07-02-01-01-09,02-01-07-02-01-01-09,01-07-02-01-01-09,data/raw/ravdess/video_speech/Video_Speech_Actor_09/Actor_09/02-01-07-02-01-01-09.mp4,9,train,07,6,disgust,02,01,01
02-01-07-02-01-02-09,02-01-07-02-01-02-09,01-07-02-01-02-09,data/raw/ravdess/video_speech/Video_Speech_Actor_09/Actor_09/02-01-07-02-01-02-09.mp4,9,train,07,6,disgust,02,01,02
02-01-07-02-02-01-09,02-01-07-02-02-01-09,01-07-02-02-01-09,data/raw/ravdess/video_speech/Video_Speech_Actor_09/Actor_09/02-01-07-02-02-01-09.mp4,9,train,07,6,disgust,02,02,01
02-01-07-02-02-02-09,02-01-07-02-02-02-09,01-07-02-02-02-09,data/raw/ravdess/video_speech/Video_Speech_Actor_09/Actor_09/02-01-07-02-02-02-09.mp4,9,train,07,6,disgust,02,02,02
02-01-08-01-01-01-09,02-01-08-01-01-01-09,01-08-01-01-01-09,data/raw/ravdess/video_speech/Video_Speech_Actor_09/Actor_09/02-01-08-01-01-01-09.mp4,9,train,08,7,surprise,01,01,01
02-01-08-01-01-02-09,02-01-08-01-01-02-09,01-08-01-01-02-09,data/raw/ravdess/video_speech/Video_Speech_Actor_09/Actor_09/02-01-08-01-01-02-09.mp4,9,train,08,7,surprise,01,01,02
02-01-08-01-02-01-09,02-01-08-01-02-01-09,01-08-01-02-01-09,data/raw/ravdess/video_speech/Video_Speech_Actor_09/Actor_09/02-01-08-01-02-01-09.mp4,9,train,08,7,surprise,01,02,01
02-01-08-01-02-02-09,02-01-08-01-02-02-09,01-08-01-02-02-09,data/raw/ravdess/video_speech/Video_Speech_Actor_09/Actor_09/02-01-08-01-02-02-09.mp4,9,train,08,7,surprise,01,02,02
02-01-08-02-01-01-09,02-01-08-02-01-01-09,01-08-02-01-01-09,data/raw/ravdess/video_speech/Video_Speech_Actor_09/Actor_09/02-01-08-02-01-01-09.mp4,9,train,08,7,surprise,02,01,01
02-01-08-02-01-02-09,02-01-08-02-01-02-09,01-08-02-01-02-09,data/raw/ravdess/video_speech/Video_Speech_Actor_09/Actor_09/02-01-08-02-01-02-09.mp4,9,train,08,7,surprise,02,01,02
02-01-08-02-02-01-09,02-01-08-02-02-01-09,01-08-02-02-01-09,data/raw/ravdess/video_speech/Video_Speech_Actor_09/Actor_09/02-01-08-02-02-01-09.mp4,9,train,08,7,surprise,02,02,01
02-01-08-02-02-02-09,02-01-08-02-02-02-09,01-08-02-02-02-09,data/raw/ravdess/video_speech/Video_Speech_Actor_09/Actor_09/02-01-08-02-02-02-09.mp4,9,train,08,7,surprise,02,02,02
02-01-01-01-01-01-10,02-01-01-01-01-01-10,01-01-01-01-01-10,data/raw/ravdess/video_speech/Video_Speech_Actor_10/Actor_10/02-01-01-01-01-01-10.mp4,10,train,01,0,neutral,01,01,01
02-01-01-01-01-02-10,02-01-01-01-01-02-10,01-01-01-01-02-10,data/raw/ravdess/video_speech/Video_Speech_Actor_10/Actor_10/02-01-01-01-01-02-10.mp4,10,train,01,0,neutral,01,01,02
02-01-01-01-02-01-10,02-01-01-01-02-01-10,01-01-01-02-01-10,data/raw/ravdess/video_speech/Video_Speech_Actor_10/Actor_10/02-01-01-01-02-01-10.mp4,10,train,01,0,neutral,01,02,01
02-01-01-01-02-02-10,02-01-01-01-02-02-10,01-01-01-02-02-10,data/raw/ravdess/video_speech/Video_Speech_Actor_10/Actor_10/02-01-01-01-02-02-10.mp4,10,train,01,0,neutral,01,02,02
02-01-02-01-01-01-10,02-01-02-01-01-01-10,01-02-01-01-01-10,data/raw/ravdess/video_speech/Video_Speech_Actor_10/Actor_10/02-01-02-01-01-01-10.mp4,10,train,02,1,calm,01,01,01
02-01-02-01-01-02-10,02-01-02-01-01-02-10,01-02-01-01-02-10,data/raw/ravdess/video_speech/Video_Speech_Actor_10/Actor_10/02-01-02-01-01-02-10.mp4,10,train,02,1,calm,01,01,02
02-01-02-01-02-01-10,02-01-02-01-02-01-10,01-02-01-02-01-10,data/raw/ravdess/video_speech/Video_Speech_Actor_10/Actor_10/02-01-02-01-02-01-10.mp4,10,train,02,1,calm,01,02,01
02-01-02-01-02-02-10,02-01-02-01-02-02-10,01-02-01-02-02-10,data/raw/ravdess/video_speech/Video_Speech_Actor_10/Actor_10/02-01-02-01-02-02-10.mp4,10,train,02,1,calm,01,02,02
02-01-02-02-01-01-10,02-01-02-02-01-01-10,01-02-02-01-01-10,data/raw/ravdess/video_speech/Video_Speech_Actor_10/Actor_10/02-01-02-02-01-01-10.mp4,10,train,02,1,calm,02,01,01
02-01-02-02-01-02-10,02-01-02-02-01-02-10,01-02-02-01-02-10,data/raw/ravdess/video_speech/Video_Speech_Actor_10/Actor_10/02-01-02-02-01-02-10.mp4,10,train,02,1,calm,02,01,02
02-01-02-02-02-01-10,02-01-02-02-02-01-10,01-02-02-02-01-10,data/raw/ravdess/video_speech/Video_Speech_Actor_10/Actor_10/02-01-02-02-02-01-10.mp4,10,train,02,1,calm,02,02,01
02-01-02-02-02-02-10,02-01-02-02-02-02-10,01-02-02-02-02-10,data/raw/ravdess/video_speech/Video_Speech_Actor_10/Actor_10/02-01-02-02-02-02-10.mp4,10,train,02,1,calm,02,02,02
02-01-03-01-01-01-10,02-01-03-01-01-01-10,01-03-01-01-01-10,data/raw/ravdess/video_speech/Video_Speech_Actor_10/Actor_10/02-01-03-01-01-01-10.mp4,10,train,03,2,happy,01,01,01
02-01-03-01-01-02-10,02-01-03-01-01-02-10,01-03-01-01-02-10,data/raw/ravdess/video_speech/Video_Speech_Actor_10/Actor_10/02-01-03-01-01-02-10.mp4,10,train,03,2,happy,01,01,02
02-01-03-01-02-01-10,02-01-03-01-02-01-10,01-03-01-02-01-10,data/raw/ravdess/video_speech/Video_Speech_Actor_10/Actor_10/02-01-03-01-02-01-10.mp4,10,train,03,2,happy,01,02,01
02-01-03-01-02-02-10,02-01-03-01-02-02-10,01-03-01-02-02-10,data/raw/ravdess/video_speech/Video_Speech_Actor_10/Actor_10/02-01-03-01-02-02-10.mp4,10,train,03,2,happy,01,02,02
02-01-03-02-01-01-10,02-01-03-02-01-01-10,01-03-02-01-01-10,data/raw/ravdess/video_speech/Video_Speech_Actor_10/Actor_10/02-01-03-02-01-01-10.mp4,10,train,03,2,happy,02,01,01
02-01-03-02-01-02-10,02-01-03-02-01-02-10,01-03-02-01-02-10,data/raw/ravdess/video_speech/Video_Speech_Actor_10/Actor_10/02-01-03-02-01-02-10.mp4,10,train,03,2,happy,02,01,02
02-01-03-02-02-01-10,02-01-03-02-02-01-10,01-03-02-02-01-10,data/raw/ravdess/video_speech/Video_Speech_Actor_10/Actor_10/02-01-03-02-02-01-10.mp4,10,train,03,2,happy,02,02,01
02-01-03-02-02-02-10,02-01-03-02-02-02-10,01-03-02-02-02-10,data/raw/ravdess/video_speech/Video_Speech_Actor_10/Actor_10/02-01-03-02-02-02-10.mp4,10,train,03,2,happy,02,02,02
02-01-04-01-01-01-10,02-01-04-01-01-01-10,01-04-01-01-01-10,data/raw/ravdess/video_speech/Video_Speech_Actor_10/Actor_10/02-01-04-01-01-01-10.mp4,10,train,04,3,sad,01,01,01
02-01-04-01-01-02-10,02-01-04-01-01-02-10,01-04-01-01-02-10,data/raw/ravdess/video_speech/Video_Speech_Actor_10/Actor_10/02-01-04-01-01-02-10.mp4,10,train,04,3,sad,01,01,02
02-01-04-01-02-01-10,02-01-04-01-02-01-10,01-04-01-02-01-10,data/raw/ravdess/video_speech/Video_Speech_Actor_10/Actor_10/02-01-04-01-02-01-10.mp4,10,train,04,3,sad,01,02,01
02-01-04-01-02-02-10,02-01-04-01-02-02-10,01-04-01-02-02-10,data/raw/ravdess/video_speech/Video_Speech_Actor_10/Actor_10/02-01-04-01-02-02-10.mp4,10,train,04,3,sad,01,02,02
02-01-04-02-01-01-10,02-01-04-02-01-01-10,01-04-02-01-01-10,data/raw/ravdess/video_speech/Video_Speech_Actor_10/Actor_10/02-01-04-02-01-01-10.mp4,10,train,04,3,sad,02,01,01
02-01-04-02-01-02-10,02-01-04-02-01-02-10,01-04-02-01-02-10,data/raw/ravdess/video_speech/Video_Speech_Actor_10/Actor_10/02-01-04-02-01-02-10.mp4,10,train,04,3,sad,02,01,02
02-01-04-02-02-01-10,02-01-04-02-02-01-10,01-04-02-02-01-10,data/raw/ravdess/video_speech/Video_Speech_Actor_10/Actor_10/02-01-04-02-02-01-10.mp4,10,train,04,3,sad,02,02,01
02-01-04-02-02-02-10,02-01-04-02-02-02-10,01-04-02-02-02-10,data/raw/ravdess/video_speech/Video_Speech_Actor_10/Actor_10/02-01-04-02-02-02-10.mp4,10,train,04,3,sad,02,02,02
02-01-05-01-01-01-10,02-01-05-01-01-01-10,01-05-01-01-01-10,data/raw/ravdess/video_speech/Video_Speech_Actor_10/Actor_10/02-01-05-01-01-01-10.mp4,10,train,05,4,angry,01,01,01
02-01-05-01-01-02-10,02-01-05-01-01-02-10,01-05-01-01-02-10,data/raw/ravdess/video_speech/Video_Speech_Actor_10/Actor_10/02-01-05-01-01-02-10.mp4,10,train,05,4,angry,01,01,02
02-01-05-01-02-01-10,02-01-05-01-02-01-10,01-05-01-02-01-10,data/raw/ravdess/video_speech/Video_Speech_Actor_10/Actor_10/02-01-05-01-02-01-10.mp4,10,train,05,4,angry,01,02,01
02-01-05-01-02-02-10,02-01-05-01-02-02-10,01-05-01-02-02-10,data/raw/ravdess/video_speech/Video_Speech_Actor_10/Actor_10/02-01-05-01-02-02-10.mp4,10,train,05,4,angry,01,02,02
02-01-05-02-01-01-10,02-01-05-02-01-01-10,01-05-02-01-01-10,data/raw/ravdess/video_speech/Video_Speech_Actor_10/Actor_10/02-01-05-02-01-01-10.mp4,10,train,05,4,angry,02,01,01
02-01-05-02-01-02-10,02-01-05-02-01-02-10,01-05-02-01-02-10,data/raw/ravdess/video_speech/Video_Speech_Actor_10/Actor_10/02-01-05-02-01-02-10.mp4,10,train,05,4,angry,02,01,02
02-01-05-02-02-01-10,02-01-05-02-02-01-10,01-05-02-02-01-10,data/raw/ravdess/video_speech/Video_Speech_Actor_10/Actor_10/02-01-05-02-02-01-10.mp4,10,train,05,4,angry,02,02,01
02-01-05-02-02-02-10,02-01-05-02-02-02-10,01-05-02-02-02-10,data/raw/ravdess/video_speech/Video_Speech_Actor_10/Actor_10/02-01-05-02-02-02-10.mp4,10,train,05,4,angry,02,02,02
02-01-06-01-01-01-10,02-01-06-01-01-01-10,01-06-01-01-01-10,data/raw/ravdess/video_speech/Video_Speech_Actor_10/Actor_10/02-01-06-01-01-01-10.mp4,10,train,06,5,fearful,01,01,01
02-01-06-01-01-02-10,02-01-06-01-01-02-10,01-06-01-01-02-10,data/raw/ravdess/video_speech/Video_Speech_Actor_10/Actor_10/02-01-06-01-01-02-10.mp4,10,train,06,5,fearful,01,01,02
02-01-06-01-02-01-10,02-01-06-01-02-01-10,01-06-01-02-01-10,data/raw/ravdess/video_speech/Video_Speech_Actor_10/Actor_10/02-01-06-01-02-01-10.mp4,10,train,06,5,fearful,01,02,01
02-01-06-01-02-02-10,02-01-06-01-02-02-10,01-06-01-02-02-10,data/raw/ravdess/video_speech/Video_Speech_Actor_10/Actor_10/02-01-06-01-02-02-10.mp4,10,train,06,5,fearful,01,02,02
02-01-06-02-01-01-10,02-01-06-02-01-01-10,01-06-02-01-01-10,data/raw/ravdess/video_speech/Video_Speech_Actor_10/Actor_10/02-01-06-02-01-01-10.mp4,10,train,06,5,fearful,02,01,01
02-01-06-02-01-02-10,02-01-06-02-01-02-10,01-06-02-01-02-10,data/raw/ravdess/video_speech/Video_Speech_Actor_10/Actor_10/02-01-06-02-01-02-10.mp4,10,train,06,5,fearful,02,01,02
02-01-06-02-02-01-10,02-01-06-02-02-01-10,01-06-02-02-01-10,data/raw/ravdess/video_speech/Video_Speech_Actor_10/Actor_10/02-01-06-02-02-01-10.mp4,10,train,06,5,fearful,02,02,01
02-01-06-02-02-02-10,02-01-06-02-02-02-10,01-06-02-02-02-10,data/raw/ravdess/video_speech/Video_Speech_Actor_10/Actor_10/02-01-06-02-02-02-10.mp4,10,train,06,5,fearful,02,02,02
02-01-07-01-01-01-10,02-01-07-01-01-01-10,01-07-01-01-01-10,data/raw/ravdess/video_speech/Video_Speech_Actor_10/Actor_10/02-01-07-01-01-01-10.mp4,10,train,07,6,disgust,01,01,01
02-01-07-01-01-02-10,02-01-07-01-01-02-10,01-07-01-01-02-10,data/raw/ravdess/video_speech/Video_Speech_Actor_10/Actor_10/02-01-07-01-01-02-10.mp4,10,train,07,6,disgust,01,01,02
02-01-07-01-02-01-10,02-01-07-01-02-01-10,01-07-01-02-01-10,data/raw/ravdess/video_speech/Video_Speech_Actor_10/Actor_10/02-01-07-01-02-01-10.mp4,10,train,07,6,disgust,01,02,01
02-01-07-01-02-02-10,02-01-07-01-02-02-10,01-07-01-02-02-10,data/raw/ravdess/video_speech/Video_Speech_Actor_10/Actor_10/02-01-07-01-02-02-10.mp4,10,train,07,6,disgust,01,02,02
02-01-07-02-01-01-10,02-01-07-02-01-01-10,01-07-02-01-01-10,data/raw/ravdess/video_speech/Video_Speech_Actor_10/Actor_10/02-01-07-02-01-01-10.mp4,10,train,07,6,disgust,02,01,01
02-01-07-02-01-02-10,02-01-07-02-01-02-10,01-07-02-01-02-10,data/raw/ravdess/video_speech/Video_Speech_Actor_10/Actor_10/02-01-07-02-01-02-10.mp4,10,train,07,6,disgust,02,01,02
02-01-07-02-02-01-10,02-01-07-02-02-01-10,01-07-02-02-01-10,data/raw/ravdess/video_speech/Video_Speech_Actor_10/Actor_10/02-01-07-02-02-01-10.mp4,10,train,07,6,disgust,02,02,01
02-01-07-02-02-02-10,02-01-07-02-02-02-10,01-07-02-02-02-10,data/raw/ravdess/video_speech/Video_Speech_Actor_10/Actor_10/02-01-07-02-02-02-10.mp4,10,train,07,6,disgust,02,02,02
02-01-08-01-01-01-10,02-01-08-01-01-01-10,01-08-01-01-01-10,data/raw/ravdess/video_speech/Video_Speech_Actor_10/Actor_10/02-01-08-01-01-01-10.mp4,10,train,08,7,surprise,01,01,01
02-01-08-01-01-02-10,02-01-08-01-01-02-10,01-08-01-01-02-10,data/raw/ravdess/video_speech/Video_Speech_Actor_10/Actor_10/02-01-08-01-01-02-10.mp4,10,train,08,7,surprise,01,01,02
02-01-08-01-02-01-10,02-01-08-01-02-01-10,01-08-01-02-01-10,data/raw/ravdess/video_speech/Video_Speech_Actor_10/Actor_10/02-01-08-01-02-01-10.mp4,10,train,08,7,surprise,01,02,01
02-01-08-01-02-02-10,02-01-08-01-02-02-10,01-08-01-02-02-10,data/raw/ravdess/video_speech/Video_Speech_Actor_10/Actor_10/02-01-08-01-02-02-10.mp4,10,train,08,7,surprise,01,02,02
02-01-08-02-01-01-10,02-01-08-02-01-01-10,01-08-02-01-01-10,data/raw/ravdess/video_speech/Video_Speech_Actor_10/Actor_10/02-01-08-02-01-01-10.mp4,10,train,08,7,surprise,02,01,01
02-01-08-02-01-02-10,02-01-08-02-01-02-10,01-08-02-01-02-10,data/raw/ravdess/video_speech/Video_Speech_Actor_10/Actor_10/02-01-08-02-01-02-10.mp4,10,train,08,7,surprise,02,01,02
02-01-08-02-02-01-10,02-01-08-02-02-01-10,01-08-02-02-01-10,data/raw/ravdess/video_speech/Video_Speech_Actor_10/Actor_10/02-01-08-02-02-01-10.mp4,10,train,08,7,surprise,02,02,01
02-01-08-02-02-02-10,02-01-08-02-02-02-10,01-08-02-02-02-10,data/raw/ravdess/video_speech/Video_Speech_Actor_10/Actor_10/02-01-08-02-02-02-10.mp4,10,train,08,7,surprise,02,02,02
02-01-01-01-01-01-11,02-01-01-01-01-01-11,01-01-01-01-01-11,data/raw/ravdess/video_speech/Video_Speech_Actor_11/Actor_11/02-01-01-01-01-01-11.mp4,11,train,01,0,neutral,01,01,01
02-01-01-01-01-02-11,02-01-01-01-01-02-11,01-01-01-01-02-11,data/raw/ravdess/video_speech/Video_Speech_Actor_11/Actor_11/02-01-01-01-01-02-11.mp4,11,train,01,0,neutral,01,01,02
02-01-01-01-02-01-11,02-01-01-01-02-01-11,01-01-01-02-01-11,data/raw/ravdess/video_speech/Video_Speech_Actor_11/Actor_11/02-01-01-01-02-01-11.mp4,11,train,01,0,neutral,01,02,01
02-01-01-01-02-02-11,02-01-01-01-02-02-11,01-01-01-02-02-11,data/raw/ravdess/video_speech/Video_Speech_Actor_11/Actor_11/02-01-01-01-02-02-11.mp4,11,train,01,0,neutral,01,02,02
02-01-02-01-01-01-11,02-01-02-01-01-01-11,01-02-01-01-01-11,data/raw/ravdess/video_speech/Video_Speech_Actor_11/Actor_11/02-01-02-01-01-01-11.mp4,11,train,02,1,calm,01,01,01
02-01-02-01-01-02-11,02-01-02-01-01-02-11,01-02-01-01-02-11,data/raw/ravdess/video_speech/Video_Speech_Actor_11/Actor_11/02-01-02-01-01-02-11.mp4,11,train,02,1,calm,01,01,02
02-01-02-01-02-01-11,02-01-02-01-02-01-11,01-02-01-02-01-11,data/raw/ravdess/video_speech/Video_Speech_Actor_11/Actor_11/02-01-02-01-02-01-11.mp4,11,train,02,1,calm,01,02,01
02-01-02-01-02-02-11,02-01-02-01-02-02-11,01-02-01-02-02-11,data/raw/ravdess/video_speech/Video_Speech_Actor_11/Actor_11/02-01-02-01-02-02-11.mp4,11,train,02,1,calm,01,02,02
02-01-02-02-01-01-11,02-01-02-02-01-01-11,01-02-02-01-01-11,data/raw/ravdess/video_speech/Video_Speech_Actor_11/Actor_11/02-01-02-02-01-01-11.mp4,11,train,02,1,calm,02,01,01
02-01-02-02-01-02-11,02-01-02-02-01-02-11,01-02-02-01-02-11,data/raw/ravdess/video_speech/Video_Speech_Actor_11/Actor_11/02-01-02-02-01-02-11.mp4,11,train,02,1,calm,02,01,02
02-01-02-02-02-01-11,02-01-02-02-02-01-11,01-02-02-02-01-11,data/raw/ravdess/video_speech/Video_Speech_Actor_11/Actor_11/02-01-02-02-02-01-11.mp4,11,train,02,1,calm,02,02,01
02-01-02-02-02-02-11,02-01-02-02-02-02-11,01-02-02-02-02-11,data/raw/ravdess/video_speech/Video_Speech_Actor_11/Actor_11/02-01-02-02-02-02-11.mp4,11,train,02,1,calm,02,02,02
02-01-03-01-01-01-11,02-01-03-01-01-01-11,01-03-01-01-01-11,data/raw/ravdess/video_speech/Video_Speech_Actor_11/Actor_11/02-01-03-01-01-01-11.mp4,11,train,03,2,happy,01,01,01
02-01-03-01-01-02-11,02-01-03-01-01-02-11,01-03-01-01-02-11,data/raw/ravdess/video_speech/Video_Speech_Actor_11/Actor_11/02-01-03-01-01-02-11.mp4,11,train,03,2,happy,01,01,02
02-01-03-01-02-01-11,02-01-03-01-02-01-11,01-03-01-02-01-11,data/raw/ravdess/video_speech/Video_Speech_Actor_11/Actor_11/02-01-03-01-02-01-11.mp4,11,train,03,2,happy,01,02,01
02-01-03-01-02-02-11,02-01-03-01-02-02-11,01-03-01-02-02-11,data/raw/ravdess/video_speech/Video_Speech_Actor_11/Actor_11/02-01-03-01-02-02-11.mp4,11,train,03,2,happy,01,02,02
02-01-03-02-01-01-11,02-01-03-02-01-01-11,01-03-02-01-01-11,data/raw/ravdess/video_speech/Video_Speech_Actor_11/Actor_11/02-01-03-02-01-01-11.mp4,11,train,03,2,happy,02,01,01
02-01-03-02-01-02-11,02-01-03-02-01-02-11,01-03-02-01-02-11,data/raw/ravdess/video_speech/Video_Speech_Actor_11/Actor_11/02-01-03-02-01-02-11.mp4,11,train,03,2,happy,02,01,02
02-01-03-02-02-01-11,02-01-03-02-02-01-11,01-03-02-02-01-11,data/raw/ravdess/video_speech/Video_Speech_Actor_11/Actor_11/02-01-03-02-02-01-11.mp4,11,train,03,2,happy,02,02,01
02-01-03-02-02-02-11,02-01-03-02-02-02-11,01-03-02-02-02-11,data/raw/ravdess/video_speech/Video_Speech_Actor_11/Actor_11/02-01-03-02-02-02-11.mp4,11,train,03,2,happy,02,02,02
02-01-04-01-01-01-11,02-01-04-01-01-01-11,01-04-01-01-01-11,data/raw/ravdess/video_speech/Video_Speech_Actor_11/Actor_11/02-01-04-01-01-01-11.mp4,11,train,04,3,sad,01,01,01
02-01-04-01-01-02-11,02-01-04-01-01-02-11,01-04-01-01-02-11,data/raw/ravdess/video_speech/Video_Speech_Actor_11/Actor_11/02-01-04-01-01-02-11.mp4,11,train,04,3,sad,01,01,02
02-01-04-01-02-01-11,02-01-04-01-02-01-11,01-04-01-02-01-11,data/raw/ravdess/video_speech/Video_Speech_Actor_11/Actor_11/02-01-04-01-02-01-11.mp4,11,train,04,3,sad,01,02,01
02-01-04-01-02-02-11,02-01-04-01-02-02-11,01-04-01-02-02-11,data/raw/ravdess/video_speech/Video_Speech_Actor_11/Actor_11/02-01-04-01-02-02-11.mp4,11,train,04,3,sad,01,02,02
02-01-04-02-01-01-11,02-01-04-02-01-01-11,01-04-02-01-01-11,data/raw/ravdess/video_speech/Video_Speech_Actor_11/Actor_11/02-01-04-02-01-01-11.mp4,11,train,04,3,sad,02,01,01
02-01-04-02-01-02-11,02-01-04-02-01-02-11,01-04-02-01-02-11,data/raw/ravdess/video_speech/Video_Speech_Actor_11/Actor_11/02-01-04-02-01-02-11.mp4,11,train,04,3,sad,02,01,02
02-01-04-02-02-01-11,02-01-04-02-02-01-11,01-04-02-02-01-11,data/raw/ravdess/video_speech/Video_Speech_Actor_11/Actor_11/02-01-04-02-02-01-11.mp4,11,train,04,3,sad,02,02,01
02-01-04-02-02-02-11,02-01-04-02-02-02-11,01-04-02-02-02-11,data/raw/ravdess/video_speech/Video_Speech_Actor_11/Actor_11/02-01-04-02-02-02-11.mp4,11,train,04,3,sad,02,02,02
02-01-05-01-01-01-11,02-01-05-01-01-01-11,01-05-01-01-01-11,data/raw/ravdess/video_speech/Video_Speech_Actor_11/Actor_11/02-01-05-01-01-01-11.mp4,11,train,05,4,angry,01,01,01
02-01-05-01-01-02-11,02-01-05-01-01-02-11,01-05-01-01-02-11,data/raw/ravdess/video_speech/Video_Speech_Actor_11/Actor_11/02-01-05-01-01-02-11.mp4,11,train,05,4,angry,01,01,02
02-01-05-01-02-01-11,02-01-05-01-02-01-11,01-05-01-02-01-11,data/raw/ravdess/video_speech/Video_Speech_Actor_11/Actor_11/02-01-05-01-02-01-11.mp4,11,train,05,4,angry,01,02,01
02-01-05-01-02-02-11,02-01-05-01-02-02-11,01-05-01-02-02-11,data/raw/ravdess/video_speech/Video_Speech_Actor_11/Actor_11/02-01-05-01-02-02-11.mp4,11,train,05,4,angry,01,02,02
02-01-05-02-01-01-11,02-01-05-02-01-01-11,01-05-02-01-01-11,data/raw/ravdess/video_speech/Video_Speech_Actor_11/Actor_11/02-01-05-02-01-01-11.mp4,11,train,05,4,angry,02,01,01
02-01-05-02-01-02-11,02-01-05-02-01-02-11,01-05-02-01-02-11,data/raw/ravdess/video_speech/Video_Speech_Actor_11/Actor_11/02-01-05-02-01-02-11.mp4,11,train,05,4,angry,02,01,02
02-01-05-02-02-01-11,02-01-05-02-02-01-11,01-05-02-02-01-11,data/raw/ravdess/video_speech/Video_Speech_Actor_11/Actor_11/02-01-05-02-02-01-11.mp4,11,train,05,4,angry,02,02,01
02-01-05-02-02-02-11,02-01-05-02-02-02-11,01-05-02-02-02-11,data/raw/ravdess/video_speech/Video_Speech_Actor_11/Actor_11/02-01-05-02-02-02-11.mp4,11,train,05,4,angry,02,02,02
02-01-06-01-01-01-11,02-01-06-01-01-01-11,01-06-01-01-01-11,data/raw/ravdess/video_speech/Video_Speech_Actor_11/Actor_11/02-01-06-01-01-01-11.mp4,11,train,06,5,fearful,01,01,01
02-01-06-01-01-02-11,02-01-06-01-01-02-11,01-06-01-01-02-11,data/raw/ravdess/video_speech/Video_Speech_Actor_11/Actor_11/02-01-06-01-01-02-11.mp4,11,train,06,5,fearful,01,01,02
02-01-06-01-02-01-11,02-01-06-01-02-01-11,01-06-01-02-01-11,data/raw/ravdess/video_speech/Video_Speech_Actor_11/Actor_11/02-01-06-01-02-01-11.mp4,11,train,06,5,fearful,01,02,01
02-01-06-01-02-02-11,02-01-06-01-02-02-11,01-06-01-02-02-11,data/raw/ravdess/video_speech/Video_Speech_Actor_11/Actor_11/02-01-06-01-02-02-11.mp4,11,train,06,5,fearful,01,02,02
02-01-06-02-01-01-11,02-01-06-02-01-01-11,01-06-02-01-01-11,data/raw/ravdess/video_speech/Video_Speech_Actor_11/Actor_11/02-01-06-02-01-01-11.mp4,11,train,06,5,fearful,02,01,01
02-01-06-02-01-02-11,02-01-06-02-01-02-11,01-06-02-01-02-11,data/raw/ravdess/video_speech/Video_Speech_Actor_11/Actor_11/02-01-06-02-01-02-11.mp4,11,train,06,5,fearful,02,01,02
02-01-06-02-02-01-11,02-01-06-02-02-01-11,01-06-02-02-01-11,data/raw/ravdess/video_speech/Video_Speech_Actor_11/Actor_11/02-01-06-02-02-01-11.mp4,11,train,06,5,fearful,02,02,01
02-01-06-02-02-02-11,02-01-06-02-02-02-11,01-06-02-02-02-11,data/raw/ravdess/video_speech/Video_Speech_Actor_11/Actor_11/02-01-06-02-02-02-11.mp4,11,train,06,5,fearful,02,02,02
02-01-07-01-01-01-11,02-01-07-01-01-01-11,01-07-01-01-01-11,data/raw/ravdess/video_speech/Video_Speech_Actor_11/Actor_11/02-01-07-01-01-01-11.mp4,11,train,07,6,disgust,01,01,01
02-01-07-01-01-02-11,02-01-07-01-01-02-11,01-07-01-01-02-11,data/raw/ravdess/video_speech/Video_Speech_Actor_11/Actor_11/02-01-07-01-01-02-11.mp4,11,train,07,6,disgust,01,01,02
02-01-07-01-02-01-11,02-01-07-01-02-01-11,01-07-01-02-01-11,data/raw/ravdess/video_speech/Video_Speech_Actor_11/Actor_11/02-01-07-01-02-01-11.mp4,11,train,07,6,disgust,01,02,01
02-01-07-01-02-02-11,02-01-07-01-02-02-11,01-07-01-02-02-11,data/raw/ravdess/video_speech/Video_Speech_Actor_11/Actor_11/02-01-07-01-02-02-11.mp4,11,train,07,6,disgust,01,02,02
02-01-07-02-01-01-11,02-01-07-02-01-01-11,01-07-02-01-01-11,data/raw/ravdess/video_speech/Video_Speech_Actor_11/Actor_11/02-01-07-02-01-01-11.mp4,11,train,07,6,disgust,02,01,01
02-01-07-02-01-02-11,02-01-07-02-01-02-11,01-07-02-01-02-11,data/raw/ravdess/video_speech/Video_Speech_Actor_11/Actor_11/02-01-07-02-01-02-11.mp4,11,train,07,6,disgust,02,01,02
02-01-07-02-02-01-11,02-01-07-02-02-01-11,01-07-02-02-01-11,data/raw/ravdess/video_speech/Video_Speech_Actor_11/Actor_11/02-01-07-02-02-01-11.mp4,11,train,07,6,disgust,02,02,01
02-01-07-02-02-02-11,02-01-07-02-02-02-11,01-07-02-02-02-11,data/raw/ravdess/video_speech/Video_Speech_Actor_11/Actor_11/02-01-07-02-02-02-11.mp4,11,train,07,6,disgust,02,02,02
02-01-08-01-01-01-11,02-01-08-01-01-01-11,01-08-01-01-01-11,data/raw/ravdess/video_speech/Video_Speech_Actor_11/Actor_11/02-01-08-01-01-01-11.mp4,11,train,08,7,surprise,01,01,01
02-01-08-01-01-02-11,02-01-08-01-01-02-11,01-08-01-01-02-11,data/raw/ravdess/video_speech/Video_Speech_Actor_11/Actor_11/02-01-08-01-01-02-11.mp4,11,train,08,7,surprise,01,01,02
02-01-08-01-02-01-11,02-01-08-01-02-01-11,01-08-01-02-01-11,data/raw/ravdess/video_speech/Video_Speech_Actor_11/Actor_11/02-01-08-01-02-01-11.mp4,11,train,08,7,surprise,01,02,01
02-01-08-01-02-02-11,02-01-08-01-02-02-11,01-08-01-02-02-11,data/raw/ravdess/video_speech/Video_Speech_Actor_11/Actor_11/02-01-08-01-02-02-11.mp4,11,train,08,7,surprise,01,02,02
02-01-08-02-01-01-11,02-01-08-02-01-01-11,01-08-02-01-01-11,data/raw/ravdess/video_speech/Video_Speech_Actor_11/Actor_11/02-01-08-02-01-01-11.mp4,11,train,08,7,surprise,02,01,01
02-01-08-02-01-02-11,02-01-08-02-01-02-11,01-08-02-01-02-11,data/raw/ravdess/video_speech/Video_Speech_Actor_11/Actor_11/02-01-08-02-01-02-11.mp4,11,train,08,7,surprise,02,01,02
02-01-08-02-02-01-11,02-01-08-02-02-01-11,01-08-02-02-01-11,data/raw/ravdess/video_speech/Video_Speech_Actor_11/Actor_11/02-01-08-02-02-01-11.mp4,11,train,08,7,surprise,02,02,01
02-01-08-02-02-02-11,02-01-08-02-02-02-11,01-08-02-02-02-11,data/raw/ravdess/video_speech/Video_Speech_Actor_11/Actor_11/02-01-08-02-02-02-11.mp4,11,train,08,7,surprise,02,02,02
02-01-01-01-01-01-12,02-01-01-01-01-01-12,01-01-01-01-01-12,data/raw/ravdess/video_speech/Video_Speech_Actor_12/Actor_12/02-01-01-01-01-01-12.mp4,12,train,01,0,neutral,01,01,01
02-01-01-01-01-02-12,02-01-01-01-01-02-12,01-01-01-01-02-12,data/raw/ravdess/video_speech/Video_Speech_Actor_12/Actor_12/02-01-01-01-01-02-12.mp4,12,train,01,0,neutral,01,01,02
02-01-01-01-02-01-12,02-01-01-01-02-01-12,01-01-01-02-01-12,data/raw/ravdess/video_speech/Video_Speech_Actor_12/Actor_12/02-01-01-01-02-01-12.mp4,12,train,01,0,neutral,01,02,01
02-01-01-01-02-02-12,02-01-01-01-02-02-12,01-01-01-02-02-12,data/raw/ravdess/video_speech/Video_Speech_Actor_12/Actor_12/02-01-01-01-02-02-12.mp4,12,train,01,0,neutral,01,02,02
02-01-02-01-01-01-12,02-01-02-01-01-01-12,01-02-01-01-01-12,data/raw/ravdess/video_speech/Video_Speech_Actor_12/Actor_12/02-01-02-01-01-01-12.mp4,12,train,02,1,calm,01,01,01
02-01-02-01-01-02-12,02-01-02-01-01-02-12,01-02-01-01-02-12,data/raw/ravdess/video_speech/Video_Speech_Actor_12/Actor_12/02-01-02-01-01-02-12.mp4,12,train,02,1,calm,01,01,02
02-01-02-01-02-01-12,02-01-02-01-02-01-12,01-02-01-02-01-12,data/raw/ravdess/video_speech/Video_Speech_Actor_12/Actor_12/02-01-02-01-02-01-12.mp4,12,train,02,1,calm,01,02,01
02-01-02-01-02-02-12,02-01-02-01-02-02-12,01-02-01-02-02-12,data/raw/ravdess/video_speech/Video_Speech_Actor_12/Actor_12/02-01-02-01-02-02-12.mp4,12,train,02,1,calm,01,02,02
02-01-02-02-01-01-12,02-01-02-02-01-01-12,01-02-02-01-01-12,data/raw/ravdess/video_speech/Video_Speech_Actor_12/Actor_12/02-01-02-02-01-01-12.mp4,12,train,02,1,calm,02,01,01
02-01-02-02-01-02-12,02-01-02-02-01-02-12,01-02-02-01-02-12,data/raw/ravdess/video_speech/Video_Speech_Actor_12/Actor_12/02-01-02-02-01-02-12.mp4,12,train,02,1,calm,02,01,02
02-01-02-02-02-01-12,02-01-02-02-02-01-12,01-02-02-02-01-12,data/raw/ravdess/video_speech/Video_Speech_Actor_12/Actor_12/02-01-02-02-02-01-12.mp4,12,train,02,1,calm,02,02,01
02-01-02-02-02-02-12,02-01-02-02-02-02-12,01-02-02-02-02-12,data/raw/ravdess/video_speech/Video_Speech_Actor_12/Actor_12/02-01-02-02-02-02-12.mp4,12,train,02,1,calm,02,02,02
02-01-03-01-01-01-12,02-01-03-01-01-01-12,01-03-01-01-01-12,data/raw/ravdess/video_speech/Video_Speech_Actor_12/Actor_12/02-01-03-01-01-01-12.mp4,12,train,03,2,happy,01,01,01
02-01-03-01-01-02-12,02-01-03-01-01-02-12,01-03-01-01-02-12,data/raw/ravdess/video_speech/Video_Speech_Actor_12/Actor_12/02-01-03-01-01-02-12.mp4,12,train,03,2,happy,01,01,02
02-01-03-01-02-01-12,02-01-03-01-02-01-12,01-03-01-02-01-12,data/raw/ravdess/video_speech/Video_Speech_Actor_12/Actor_12/02-01-03-01-02-01-12.mp4,12,train,03,2,happy,01,02,01
02-01-03-01-02-02-12,02-01-03-01-02-02-12,01-03-01-02-02-12,data/raw/ravdess/video_speech/Video_Speech_Actor_12/Actor_12/02-01-03-01-02-02-12.mp4,12,train,03,2,happy,01,02,02
02-01-03-02-01-01-12,02-01-03-02-01-01-12,01-03-02-01-01-12,data/raw/ravdess/video_speech/Video_Speech_Actor_12/Actor_12/02-01-03-02-01-01-12.mp4,12,train,03,2,happy,02,01,01
02-01-03-02-01-02-12,02-01-03-02-01-02-12,01-03-02-01-02-12,data/raw/ravdess/video_speech/Video_Speech_Actor_12/Actor_12/02-01-03-02-01-02-12.mp4,12,train,03,2,happy,02,01,02
02-01-03-02-02-01-12,02-01-03-02-02-01-12,01-03-02-02-01-12,data/raw/ravdess/video_speech/Video_Speech_Actor_12/Actor_12/02-01-03-02-02-01-12.mp4,12,train,03,2,happy,02,02,01
02-01-03-02-02-02-12,02-01-03-02-02-02-12,01-03-02-02-02-12,data/raw/ravdess/video_speech/Video_Speech_Actor_12/Actor_12/02-01-03-02-02-02-12.mp4,12,train,03,2,happy,02,02,02
02-01-04-01-01-01-12,02-01-04-01-01-01-12,01-04-01-01-01-12,data/raw/ravdess/video_speech/Video_Speech_Actor_12/Actor_12/02-01-04-01-01-01-12.mp4,12,train,04,3,sad,01,01,01
02-01-04-01-01-02-12,02-01-04-01-01-02-12,01-04-01-01-02-12,data/raw/ravdess/video_speech/Video_Speech_Actor_12/Actor_12/02-01-04-01-01-02-12.mp4,12,train,04,3,sad,01,01,02
02-01-04-01-02-01-12,02-01-04-01-02-01-12,01-04-01-02-01-12,data/raw/ravdess/video_speech/Video_Speech_Actor_12/Actor_12/02-01-04-01-02-01-12.mp4,12,train,04,3,sad,01,02,01
02-01-04-01-02-02-12,02-01-04-01-02-02-12,01-04-01-02-02-12,data/raw/ravdess/video_speech/Video_Speech_Actor_12/Actor_12/02-01-04-01-02-02-12.mp4,12,train,04,3,sad,01,02,02
02-01-04-02-01-01-12,02-01-04-02-01-01-12,01-04-02-01-01-12,data/raw/ravdess/video_speech/Video_Speech_Actor_12/Actor_12/02-01-04-02-01-01-12.mp4,12,train,04,3,sad,02,01,01
02-01-04-02-01-02-12,02-01-04-02-01-02-12,01-04-02-01-02-12,data/raw/ravdess/video_speech/Video_Speech_Actor_12/Actor_12/02-01-04-02-01-02-12.mp4,12,train,04,3,sad,02,01,02
02-01-04-02-02-01-12,02-01-04-02-02-01-12,01-04-02-02-01-12,data/raw/ravdess/video_speech/Video_Speech_Actor_12/Actor_12/02-01-04-02-02-01-12.mp4,12,train,04,3,sad,02,02,01
02-01-04-02-02-02-12,02-01-04-02-02-02-12,01-04-02-02-02-12,data/raw/ravdess/video_speech/Video_Speech_Actor_12/Actor_12/02-01-04-02-02-02-12.mp4,12,train,04,3,sad,02,02,02
02-01-05-01-01-01-12,02-01-05-01-01-01-12,01-05-01-01-01-12,data/raw/ravdess/video_speech/Video_Speech_Actor_12/Actor_12/02-01-05-01-01-01-12.mp4,12,train,05,4,angry,01,01,01
02-01-05-01-01-02-12,02-01-05-01-01-02-12,01-05-01-01-02-12,data/raw/ravdess/video_speech/Video_Speech_Actor_12/Actor_12/02-01-05-01-01-02-12.mp4,12,train,05,4,angry,01,01,02
02-01-05-01-02-01-12,02-01-05-01-02-01-12,01-05-01-02-01-12,data/raw/ravdess/video_speech/Video_Speech_Actor_12/Actor_12/02-01-05-01-02-01-12.mp4,12,train,05,4,angry,01,02,01
02-01-05-01-02-02-12,02-01-05-01-02-02-12,01-05-01-02-02-12,data/raw/ravdess/video_speech/Video_Speech_Actor_12/Actor_12/02-01-05-01-02-02-12.mp4,12,train,05,4,angry,01,02,02
02-01-05-02-01-01-12,02-01-05-02-01-01-12,01-05-02-01-01-12,data/raw/ravdess/video_speech/Video_Speech_Actor_12/Actor_12/02-01-05-02-01-01-12.mp4,12,train,05,4,angry,02,01,01
02-01-05-02-01-02-12,02-01-05-02-01-02-12,01-05-02-01-02-12,data/raw/ravdess/video_speech/Video_Speech_Actor_12/Actor_12/02-01-05-02-01-02-12.mp4,12,train,05,4,angry,02,01,02
02-01-05-02-02-01-12,02-01-05-02-02-01-12,01-05-02-02-01-12,data/raw/ravdess/video_speech/Video_Speech_Actor_12/Actor_12/02-01-05-02-02-01-12.mp4,12,train,05,4,angry,02,02,01
02-01-05-02-02-02-12,02-01-05-02-02-02-12,01-05-02-02-02-12,data/raw/ravdess/video_speech/Video_Speech_Actor_12/Actor_12/02-01-05-02-02-02-12.mp4,12,train,05,4,angry,02,02,02
02-01-06-01-01-01-12,02-01-06-01-01-01-12,01-06-01-01-01-12,data/raw/ravdess/video_speech/Video_Speech_Actor_12/Actor_12/02-01-06-01-01-01-12.mp4,12,train,06,5,fearful,01,01,01
02-01-06-01-01-02-12,02-01-06-01-01-02-12,01-06-01-01-02-12,data/raw/ravdess/video_speech/Video_Speech_Actor_12/Actor_12/02-01-06-01-01-02-12.mp4,12,train,06,5,fearful,01,01,02
02-01-06-01-02-01-12,02-01-06-01-02-01-12,01-06-01-02-01-12,data/raw/ravdess/video_speech/Video_Speech_Actor_12/Actor_12/02-01-06-01-02-01-12.mp4,12,train,06,5,fearful,01,02,01
02-01-06-01-02-02-12,02-01-06-01-02-02-12,01-06-01-02-02-12,data/raw/ravdess/video_speech/Video_Speech_Actor_12/Actor_12/02-01-06-01-02-02-12.mp4,12,train,06,5,fearful,01,02,02
02-01-06-02-01-01-12,02-01-06-02-01-01-12,01-06-02-01-01-12,data/raw/ravdess/video_speech/Video_Speech_Actor_12/Actor_12/02-01-06-02-01-01-12.mp4,12,train,06,5,fearful,02,01,01
02-01-06-02-01-02-12,02-01-06-02-01-02-12,01-06-02-01-02-12,data/raw/ravdess/video_speech/Video_Speech_Actor_12/Actor_12/02-01-06-02-01-02-12.mp4,12,train,06,5,fearful,02,01,02
02-01-06-02-02-01-12,02-01-06-02-02-01-12,01-06-02-02-01-12,data/raw/ravdess/video_speech/Video_Speech_Actor_12/Actor_12/02-01-06-02-02-01-12.mp4,12,train,06,5,fearful,02,02,01
02-01-06-02-02-02-12,02-01-06-02-02-02-12,01-06-02-02-02-12,data/raw/ravdess/video_speech/Video_Speech_Actor_12/Actor_12/02-01-06-02-02-02-12.mp4,12,train,06,5,fearful,02,02,02
02-01-07-01-01-01-12,02-01-07-01-01-01-12,01-07-01-01-01-12,data/raw/ravdess/video_speech/Video_Speech_Actor_12/Actor_12/02-01-07-01-01-01-12.mp4,12,train,07,6,disgust,01,01,01
02-01-07-01-01-02-12,02-01-07-01-01-02-12,01-07-01-01-02-12,data/raw/ravdess/video_speech/Video_Speech_Actor_12/Actor_12/02-01-07-01-01-02-12.mp4,12,train,07,6,disgust,01,01,02
02-01-07-01-02-01-12,02-01-07-01-02-01-12,01-07-01-02-01-12,data/raw/ravdess/video_speech/Video_Speech_Actor_12/Actor_12/02-01-07-01-02-01-12.mp4,12,train,07,6,disgust,01,02,01
02-01-07-01-02-02-12,02-01-07-01-02-02-12,01-07-01-02-02-12,data/raw/ravdess/video_speech/Video_Speech_Actor_12/Actor_12/02-01-07-01-02-02-12.mp4,12,train,07,6,disgust,01,02,02
02-01-07-02-01-01-12,02-01-07-02-01-01-12,01-07-02-01-01-12,data/raw/ravdess/video_speech/Video_Speech_Actor_12/Actor_12/02-01-07-02-01-01-12.mp4,12,train,07,6,disgust,02,01,01
02-01-07-02-01-02-12,02-01-07-02-01-02-12,01-07-02-01-02-12,data/raw/ravdess/video_speech/Video_Speech_Actor_12/Actor_12/02-01-07-02-01-02-12.mp4,12,train,07,6,disgust,02,01,02
02-01-07-02-02-01-12,02-01-07-02-02-01-12,01-07-02-02-01-12,data/raw/ravdess/video_speech/Video_Speech_Actor_12/Actor_12/02-01-07-02-02-01-12.mp4,12,train,07,6,disgust,02,02,01
02-01-07-02-02-02-12,02-01-07-02-02-02-12,01-07-02-02-02-12,data/raw/ravdess/video_speech/Video_Speech_Actor_12/Actor_12/02-01-07-02-02-02-12.mp4,12,train,07,6,disgust,02,02,02
02-01-08-01-01-01-12,02-01-08-01-01-01-12,01-08-01-01-01-12,data/raw/ravdess/video_speech/Video_Speech_Actor_12/Actor_12/02-01-08-01-01-01-12.mp4,12,train,08,7,surprise,01,01,01
02-01-08-01-01-02-12,02-01-08-01-01-02-12,01-08-01-01-02-12,data/raw/ravdess/video_speech/Video_Speech_Actor_12/Actor_12/02-01-08-01-01-02-12.mp4,12,train,08,7,surprise,01,01,02
02-01-08-01-02-01-12,02-01-08-01-02-01-12,01-08-01-02-01-12,data/raw/ravdess/video_speech/Video_Speech_Actor_12/Actor_12/02-01-08-01-02-01-12.mp4,12,train,08,7,surprise,01,02,01
02-01-08-01-02-02-12,02-01-08-01-02-02-12,01-08-01-02-02-12,data/raw/ravdess/video_speech/Video_Speech_Actor_12/Actor_12/02-01-08-01-02-02-12.mp4,12,train,08,7,surprise,01,02,02
02-01-08-02-01-01-12,02-01-08-02-01-01-12,01-08-02-01-01-12,data/raw/ravdess/video_speech/Video_Speech_Actor_12/Actor_12/02-01-08-02-01-01-12.mp4,12,train,08,7,surprise,02,01,01
02-01-08-02-01-02-12,02-01-08-02-01-02-12,01-08-02-01-02-12,data/raw/ravdess/video_speech/Video_Speech_Actor_12/Actor_12/02-01-08-02-01-02-12.mp4,12,train,08,7,surprise,02,01,02
02-01-08-02-02-01-12,02-01-08-02-02-01-12,01-08-02-02-01-12,data/raw/ravdess/video_speech/Video_Speech_Actor_12/Actor_12/02-01-08-02-02-01-12.mp4,12,train,08,7,surprise,02,02,01
02-01-08-02-02-02-12,02-01-08-02-02-02-12,01-08-02-02-02-12,data/raw/ravdess/video_speech/Video_Speech_Actor_12/Actor_12/02-01-08-02-02-02-12.mp4,12,train,08,7,surprise,02,02,02
02-01-01-01-01-01-13,02-01-01-01-01-01-13,01-01-01-01-01-13,data/raw/ravdess/video_speech/Video_Speech_Actor_13/Actor_13/02-01-01-01-01-01-13.mp4,13,train,01,0,neutral,01,01,01
02-01-01-01-01-02-13,02-01-01-01-01-02-13,01-01-01-01-02-13,data/raw/ravdess/video_speech/Video_Speech_Actor_13/Actor_13/02-01-01-01-01-02-13.mp4,13,train,01,0,neutral,01,01,02
02-01-01-01-02-01-13,02-01-01-01-02-01-13,01-01-01-02-01-13,data/raw/ravdess/video_speech/Video_Speech_Actor_13/Actor_13/02-01-01-01-02-01-13.mp4,13,train,01,0,neutral,01,02,01
02-01-01-01-02-02-13,02-01-01-01-02-02-13,01-01-01-02-02-13,data/raw/ravdess/video_speech/Video_Speech_Actor_13/Actor_13/02-01-01-01-02-02-13.mp4,13,train,01,0,neutral,01,02,02
02-01-02-01-01-01-13,02-01-02-01-01-01-13,01-02-01-01-01-13,data/raw/ravdess/video_speech/Video_Speech_Actor_13/Actor_13/02-01-02-01-01-01-13.mp4,13,train,02,1,calm,01,01,01
02-01-02-01-01-02-13,02-01-02-01-01-02-13,01-02-01-01-02-13,data/raw/ravdess/video_speech/Video_Speech_Actor_13/Actor_13/02-01-02-01-01-02-13.mp4,13,train,02,1,calm,01,01,02
02-01-02-01-02-01-13,02-01-02-01-02-01-13,01-02-01-02-01-13,data/raw/ravdess/video_speech/Video_Speech_Actor_13/Actor_13/02-01-02-01-02-01-13.mp4,13,train,02,1,calm,01,02,01
02-01-02-01-02-02-13,02-01-02-01-02-02-13,01-02-01-02-02-13,data/raw/ravdess/video_speech/Video_Speech_Actor_13/Actor_13/02-01-02-01-02-02-13.mp4,13,train,02,1,calm,01,02,02
02-01-02-02-01-01-13,02-01-02-02-01-01-13,01-02-02-01-01-13,data/raw/ravdess/video_speech/Video_Speech_Actor_13/Actor_13/02-01-02-02-01-01-13.mp4,13,train,02,1,calm,02,01,01
02-01-02-02-01-02-13,02-01-02-02-01-02-13,01-02-02-01-02-13,data/raw/ravdess/video_speech/Video_Speech_Actor_13/Actor_13/02-01-02-02-01-02-13.mp4,13,train,02,1,calm,02,01,02
02-01-02-02-02-01-13,02-01-02-02-02-01-13,01-02-02-02-01-13,data/raw/ravdess/video_speech/Video_Speech_Actor_13/Actor_13/02-01-02-02-02-01-13.mp4,13,train,02,1,calm,02,02,01
02-01-02-02-02-02-13,02-01-02-02-02-02-13,01-02-02-02-02-13,data/raw/ravdess/video_speech/Video_Speech_Actor_13/Actor_13/02-01-02-02-02-02-13.mp4,13,train,02,1,calm,02,02,02
02-01-03-01-01-01-13,02-01-03-01-01-01-13,01-03-01-01-01-13,data/raw/ravdess/video_speech/Video_Speech_Actor_13/Actor_13/02-01-03-01-01-01-13.mp4,13,train,03,2,happy,01,01,01
02-01-03-01-01-02-13,02-01-03-01-01-02-13,01-03-01-01-02-13,data/raw/ravdess/video_speech/Video_Speech_Actor_13/Actor_13/02-01-03-01-01-02-13.mp4,13,train,03,2,happy,01,01,02
02-01-03-01-02-01-13,02-01-03-01-02-01-13,01-03-01-02-01-13,data/raw/ravdess/video_speech/Video_Speech_Actor_13/Actor_13/02-01-03-01-02-01-13.mp4,13,train,03,2,happy,01,02,01
02-01-03-01-02-02-13,02-01-03-01-02-02-13,01-03-01-02-02-13,data/raw/ravdess/video_speech/Video_Speech_Actor_13/Actor_13/02-01-03-01-02-02-13.mp4,13,train,03,2,happy,01,02,02
02-01-03-02-01-01-13,02-01-03-02-01-01-13,01-03-02-01-01-13,data/raw/ravdess/video_speech/Video_Speech_Actor_13/Actor_13/02-01-03-02-01-01-13.mp4,13,train,03,2,happy,02,01,01
02-01-03-02-01-02-13,02-01-03-02-01-02-13,01-03-02-01-02-13,data/raw/ravdess/video_speech/Video_Speech_Actor_13/Actor_13/02-01-03-02-01-02-13.mp4,13,train,03,2,happy,02,01,02
02-01-03-02-02-01-13,02-01-03-02-02-01-13,01-03-02-02-01-13,data/raw/ravdess/video_speech/Video_Speech_Actor_13/Actor_13/02-01-03-02-02-01-13.mp4,13,train,03,2,happy,02,02,01
02-01-03-02-02-02-13,02-01-03-02-02-02-13,01-03-02-02-02-13,data/raw/ravdess/video_speech/Video_Speech_Actor_13/Actor_13/02-01-03-02-02-02-13.mp4,13,train,03,2,happy,02,02,02
02-01-04-01-01-01-13,02-01-04-01-01-01-13,01-04-01-01-01-13,data/raw/ravdess/video_speech/Video_Speech_Actor_13/Actor_13/02-01-04-01-01-01-13.mp4,13,train,04,3,sad,01,01,01
02-01-04-01-01-02-13,02-01-04-01-01-02-13,01-04-01-01-02-13,data/raw/ravdess/video_speech/Video_Speech_Actor_13/Actor_13/02-01-04-01-01-02-13.mp4,13,train,04,3,sad,01,01,02
02-01-04-01-02-01-13,02-01-04-01-02-01-13,01-04-01-02-01-13,data/raw/ravdess/video_speech/Video_Speech_Actor_13/Actor_13/02-01-04-01-02-01-13.mp4,13,train,04,3,sad,01,02,01
02-01-04-01-02-02-13,02-01-04-01-02-02-13,01-04-01-02-02-13,data/raw/ravdess/video_speech/Video_Speech_Actor_13/Actor_13/02-01-04-01-02-02-13.mp4,13,train,04,3,sad,01,02,02
02-01-04-02-01-01-13,02-01-04-02-01-01-13,01-04-02-01-01-13,data/raw/ravdess/video_speech/Video_Speech_Actor_13/Actor_13/02-01-04-02-01-01-13.mp4,13,train,04,3,sad,02,01,01
02-01-04-02-01-02-13,02-01-04-02-01-02-13,01-04-02-01-02-13,data/raw/ravdess/video_speech/Video_Speech_Actor_13/Actor_13/02-01-04-02-01-02-13.mp4,13,train,04,3,sad,02,01,02
02-01-04-02-02-01-13,02-01-04-02-02-01-13,01-04-02-02-01-13,data/raw/ravdess/video_speech/Video_Speech_Actor_13/Actor_13/02-01-04-02-02-01-13.mp4,13,train,04,3,sad,02,02,01
02-01-04-02-02-02-13,02-01-04-02-02-02-13,01-04-02-02-02-13,data/raw/ravdess/video_speech/Video_Speech_Actor_13/Actor_13/02-01-04-02-02-02-13.mp4,13,train,04,3,sad,02,02,02
02-01-05-01-01-01-13,02-01-05-01-01-01-13,01-05-01-01-01-13,data/raw/ravdess/video_speech/Video_Speech_Actor_13/Actor_13/02-01-05-01-01-01-13.mp4,13,train,05,4,angry,01,01,01
02-01-05-01-01-02-13,02-01-05-01-01-02-13,01-05-01-01-02-13,data/raw/ravdess/video_speech/Video_Speech_Actor_13/Actor_13/02-01-05-01-01-02-13.mp4,13,train,05,4,angry,01,01,02
02-01-05-01-02-01-13,02-01-05-01-02-01-13,01-05-01-02-01-13,data/raw/ravdess/video_speech/Video_Speech_Actor_13/Actor_13/02-01-05-01-02-01-13.mp4,13,train,05,4,angry,01,02,01
02-01-05-01-02-02-13,02-01-05-01-02-02-13,01-05-01-02-02-13,data/raw/ravdess/video_speech/Video_Speech_Actor_13/Actor_13/02-01-05-01-02-02-13.mp4,13,train,05,4,angry,01,02,02
02-01-05-02-01-01-13,02-01-05-02-01-01-13,01-05-02-01-01-13,data/raw/ravdess/video_speech/Video_Speech_Actor_13/Actor_13/02-01-05-02-01-01-13.mp4,13,train,05,4,angry,02,01,01
02-01-05-02-01-02-13,02-01-05-02-01-02-13,01-05-02-01-02-13,data/raw/ravdess/video_speech/Video_Speech_Actor_13/Actor_13/02-01-05-02-01-02-13.mp4,13,train,05,4,angry,02,01,02
02-01-05-02-02-01-13,02-01-05-02-02-01-13,01-05-02-02-01-13,data/raw/ravdess/video_speech/Video_Speech_Actor_13/Actor_13/02-01-05-02-02-01-13.mp4,13,train,05,4,angry,02,02,01
02-01-05-02-02-02-13,02-01-05-02-02-02-13,01-05-02-02-02-13,data/raw/ravdess/video_speech/Video_Speech_Actor_13/Actor_13/02-01-05-02-02-02-13.mp4,13,train,05,4,angry,02,02,02
02-01-06-01-01-01-13,02-01-06-01-01-01-13,01-06-01-01-01-13,data/raw/ravdess/video_speech/Video_Speech_Actor_13/Actor_13/02-01-06-01-01-01-13.mp4,13,train,06,5,fearful,01,01,01
02-01-06-01-01-02-13,02-01-06-01-01-02-13,01-06-01-01-02-13,data/raw/ravdess/video_speech/Video_Speech_Actor_13/Actor_13/02-01-06-01-01-02-13.mp4,13,train,06,5,fearful,01,01,02
02-01-06-01-02-01-13,02-01-06-01-02-01-13,01-06-01-02-01-13,data/raw/ravdess/video_speech/Video_Speech_Actor_13/Actor_13/02-01-06-01-02-01-13.mp4,13,train,06,5,fearful,01,02,01
02-01-06-01-02-02-13,02-01-06-01-02-02-13,01-06-01-02-02-13,data/raw/ravdess/video_speech/Video_Speech_Actor_13/Actor_13/02-01-06-01-02-02-13.mp4,13,train,06,5,fearful,01,02,02
02-01-06-02-01-01-13,02-01-06-02-01-01-13,01-06-02-01-01-13,data/raw/ravdess/video_speech/Video_Speech_Actor_13/Actor_13/02-01-06-02-01-01-13.mp4,13,train,06,5,fearful,02,01,01
02-01-06-02-01-02-13,02-01-06-02-01-02-13,01-06-02-01-02-13,data/raw/ravdess/video_speech/Video_Speech_Actor_13/Actor_13/02-01-06-02-01-02-13.mp4,13,train,06,5,fearful,02,01,02
02-01-06-02-02-01-13,02-01-06-02-02-01-13,01-06-02-02-01-13,data/raw/ravdess/video_speech/Video_Speech_Actor_13/Actor_13/02-01-06-02-02-01-13.mp4,13,train,06,5,fearful,02,02,01
02-01-06-02-02-02-13,02-01-06-02-02-02-13,01-06-02-02-02-13,data/raw/ravdess/video_speech/Video_Speech_Actor_13/Actor_13/02-01-06-02-02-02-13.mp4,13,train,06,5,fearful,02,02,02
02-01-07-01-01-01-13,02-01-07-01-01-01-13,01-07-01-01-01-13,data/raw/ravdess/video_speech/Video_Speech_Actor_13/Actor_13/02-01-07-01-01-01-13.mp4,13,train,07,6,disgust,01,01,01
02-01-07-01-01-02-13,02-01-07-01-01-02-13,01-07-01-01-02-13,data/raw/ravdess/video_speech/Video_Speech_Actor_13/Actor_13/02-01-07-01-01-02-13.mp4,13,train,07,6,disgust,01,01,02
02-01-07-01-02-01-13,02-01-07-01-02-01-13,01-07-01-02-01-13,data/raw/ravdess/video_speech/Video_Speech_Actor_13/Actor_13/02-01-07-01-02-01-13.mp4,13,train,07,6,disgust,01,02,01
02-01-07-01-02-02-13,02-01-07-01-02-02-13,01-07-01-02-02-13,data/raw/ravdess/video_speech/Video_Speech_Actor_13/Actor_13/02-01-07-01-02-02-13.mp4,13,train,07,6,disgust,01,02,02
02-01-07-02-01-01-13,02-01-07-02-01-01-13,01-07-02-01-01-13,data/raw/ravdess/video_speech/Video_Speech_Actor_13/Actor_13/02-01-07-02-01-01-13.mp4,13,train,07,6,disgust,02,01,01
02-01-07-02-01-02-13,02-01-07-02-01-02-13,01-07-02-01-02-13,data/raw/ravdess/video_speech/Video_Speech_Actor_13/Actor_13/02-01-07-02-01-02-13.mp4,13,train,07,6,disgust,02,01,02
02-01-07-02-02-01-13,02-01-07-02-02-01-13,01-07-02-02-01-13,data/raw/ravdess/video_speech/Video_Speech_Actor_13/Actor_13/02-01-07-02-02-01-13.mp4,13,train,07,6,disgust,02,02,01
02-01-07-02-02-02-13,02-01-07-02-02-02-13,01-07-02-02-02-13,data/raw/ravdess/video_speech/Video_Speech_Actor_13/Actor_13/02-01-07-02-02-02-13.mp4,13,train,07,6,disgust,02,02,02
02-01-08-01-01-01-13,02-01-08-01-01-01-13,01-08-01-01-01-13,data/raw/ravdess/video_speech/Video_Speech_Actor_13/Actor_13/02-01-08-01-01-01-13.mp4,13,train,08,7,surprise,01,01,01
02-01-08-01-01-02-13,02-01-08-01-01-02-13,01-08-01-01-02-13,data/raw/ravdess/video_speech/Video_Speech_Actor_13/Actor_13/02-01-08-01-01-02-13.mp4,13,train,08,7,surprise,01,01,02
02-01-08-01-02-01-13,02-01-08-01-02-01-13,01-08-01-02-01-13,data/raw/ravdess/video_speech/Video_Speech_Actor_13/Actor_13/02-01-08-01-02-01-13.mp4,13,train,08,7,surprise,01,02,01
02-01-08-01-02-02-13,02-01-08-01-02-02-13,01-08-01-02-02-13,data/raw/ravdess/video_speech/Video_Speech_Actor_13/Actor_13/02-01-08-01-02-02-13.mp4,13,train,08,7,surprise,01,02,02
02-01-08-02-01-01-13,02-01-08-02-01-01-13,01-08-02-01-01-13,data/raw/ravdess/video_speech/Video_Speech_Actor_13/Actor_13/02-01-08-02-01-01-13.mp4,13,train,08,7,surprise,02,01,01
02-01-08-02-01-02-13,02-01-08-02-01-02-13,01-08-02-01-02-13,data/raw/ravdess/video_speech/Video_Speech_Actor_13/Actor_13/02-01-08-02-01-02-13.mp4,13,train,08,7,surprise,02,01,02
02-01-08-02-02-01-13,02-01-08-02-02-01-13,01-08-02-02-01-13,data/raw/ravdess/video_speech/Video_Speech_Actor_13/Actor_13/02-01-08-02-02-01-13.mp4,13,train,08,7,surprise,02,02,01
02-01-08-02-02-02-13,02-01-08-02-02-02-13,01-08-02-02-02-13,data/raw/ravdess/video_speech/Video_Speech_Actor_13/Actor_13/02-01-08-02-02-02-13.mp4,13,train,08,7,surprise,02,02,02
02-01-01-01-01-01-14,02-01-01-01-01-01-14,01-01-01-01-01-14,data/raw/ravdess/video_speech/Video_Speech_Actor_14/Actor_14/02-01-01-01-01-01-14.mp4,14,train,01,0,neutral,01,01,01
02-01-01-01-01-02-14,02-01-01-01-01-02-14,01-01-01-01-02-14,data/raw/ravdess/video_speech/Video_Speech_Actor_14/Actor_14/02-01-01-01-01-02-14.mp4,14,train,01,0,neutral,01,01,02
02-01-01-01-02-01-14,02-01-01-01-02-01-14,01-01-01-02-01-14,data/raw/ravdess/video_speech/Video_Speech_Actor_14/Actor_14/02-01-01-01-02-01-14.mp4,14,train,01,0,neutral,01,02,01
02-01-01-01-02-02-14,02-01-01-01-02-02-14,01-01-01-02-02-14,data/raw/ravdess/video_speech/Video_Speech_Actor_14/Actor_14/02-01-01-01-02-02-14.mp4,14,train,01,0,neutral,01,02,02
02-01-02-01-01-01-14,02-01-02-01-01-01-14,01-02-01-01-01-14,data/raw/ravdess/video_speech/Video_Speech_Actor_14/Actor_14/02-01-02-01-01-01-14.mp4,14,train,02,1,calm,01,01,01
02-01-02-01-01-02-14,02-01-02-01-01-02-14,01-02-01-01-02-14,data/raw/ravdess/video_speech/Video_Speech_Actor_14/Actor_14/02-01-02-01-01-02-14.mp4,14,train,02,1,calm,01,01,02
02-01-02-01-02-01-14,02-01-02-01-02-01-14,01-02-01-02-01-14,data/raw/ravdess/video_speech/Video_Speech_Actor_14/Actor_14/02-01-02-01-02-01-14.mp4,14,train,02,1,calm,01,02,01
02-01-02-01-02-02-14,02-01-02-01-02-02-14,01-02-01-02-02-14,data/raw/ravdess/video_speech/Video_Speech_Actor_14/Actor_14/02-01-02-01-02-02-14.mp4,14,train,02,1,calm,01,02,02
02-01-02-02-01-01-14,02-01-02-02-01-01-14,01-02-02-01-01-14,data/raw/ravdess/video_speech/Video_Speech_Actor_14/Actor_14/02-01-02-02-01-01-14.mp4,14,train,02,1,calm,02,01,01
02-01-02-02-01-02-14,02-01-02-02-01-02-14,01-02-02-01-02-14,data/raw/ravdess/video_speech/Video_Speech_Actor_14/Actor_14/02-01-02-02-01-02-14.mp4,14,train,02,1,calm,02,01,02
02-01-02-02-02-01-14,02-01-02-02-02-01-14,01-02-02-02-01-14,data/raw/ravdess/video_speech/Video_Speech_Actor_14/Actor_14/02-01-02-02-02-01-14.mp4,14,train,02,1,calm,02,02,01
02-01-02-02-02-02-14,02-01-02-02-02-02-14,01-02-02-02-02-14,data/raw/ravdess/video_speech/Video_Speech_Actor_14/Actor_14/02-01-02-02-02-02-14.mp4,14,train,02,1,calm,02,02,02
02-01-03-01-01-01-14,02-01-03-01-01-01-14,01-03-01-01-01-14,data/raw/ravdess/video_speech/Video_Speech_Actor_14/Actor_14/02-01-03-01-01-01-14.mp4,14,train,03,2,happy,01,01,01
02-01-03-01-01-02-14,02-01-03-01-01-02-14,01-03-01-01-02-14,data/raw/ravdess/video_speech/Video_Speech_Actor_14/Actor_14/02-01-03-01-01-02-14.mp4,14,train,03,2,happy,01,01,02
02-01-03-01-02-01-14,02-01-03-01-02-01-14,01-03-01-02-01-14,data/raw/ravdess/video_speech/Video_Speech_Actor_14/Actor_14/02-01-03-01-02-01-14.mp4,14,train,03,2,happy,01,02,01
02-01-03-01-02-02-14,02-01-03-01-02-02-14,01-03-01-02-02-14,data/raw/ravdess/video_speech/Video_Speech_Actor_14/Actor_14/02-01-03-01-02-02-14.mp4,14,train,03,2,happy,01,02,02
02-01-03-02-01-01-14,02-01-03-02-01-01-14,01-03-02-01-01-14,data/raw/ravdess/video_speech/Video_Speech_Actor_14/Actor_14/02-01-03-02-01-01-14.mp4,14,train,03,2,happy,02,01,01
02-01-03-02-01-02-14,02-01-03-02-01-02-14,01-03-02-01-02-14,data/raw/ravdess/video_speech/Video_Speech_Actor_14/Actor_14/02-01-03-02-01-02-14.mp4,14,train,03,2,happy,02,01,02
02-01-03-02-02-01-14,02-01-03-02-02-01-14,01-03-02-02-01-14,data/raw/ravdess/video_speech/Video_Speech_Actor_14/Actor_14/02-01-03-02-02-01-14.mp4,14,train,03,2,happy,02,02,01
02-01-03-02-02-02-14,02-01-03-02-02-02-14,01-03-02-02-02-14,data/raw/ravdess/video_speech/Video_Speech_Actor_14/Actor_14/02-01-03-02-02-02-14.mp4,14,train,03,2,happy,02,02,02
02-01-04-01-01-01-14,02-01-04-01-01-01-14,01-04-01-01-01-14,data/raw/ravdess/video_speech/Video_Speech_Actor_14/Actor_14/02-01-04-01-01-01-14.mp4,14,train,04,3,sad,01,01,01
02-01-04-01-01-02-14,02-01-04-01-01-02-14,01-04-01-01-02-14,data/raw/ravdess/video_speech/Video_Speech_Actor_14/Actor_14/02-01-04-01-01-02-14.mp4,14,train,04,3,sad,01,01,02
02-01-04-01-02-01-14,02-01-04-01-02-01-14,01-04-01-02-01-14,data/raw/ravdess/video_speech/Video_Speech_Actor_14/Actor_14/02-01-04-01-02-01-14.mp4,14,train,04,3,sad,01,02,01
02-01-04-01-02-02-14,02-01-04-01-02-02-14,01-04-01-02-02-14,data/raw/ravdess/video_speech/Video_Speech_Actor_14/Actor_14/02-01-04-01-02-02-14.mp4,14,train,04,3,sad,01,02,02
02-01-04-02-01-01-14,02-01-04-02-01-01-14,01-04-02-01-01-14,data/raw/ravdess/video_speech/Video_Speech_Actor_14/Actor_14/02-01-04-02-01-01-14.mp4,14,train,04,3,sad,02,01,01
02-01-04-02-01-02-14,02-01-04-02-01-02-14,01-04-02-01-02-14,data/raw/ravdess/video_speech/Video_Speech_Actor_14/Actor_14/02-01-04-02-01-02-14.mp4,14,train,04,3,sad,02,01,02
02-01-04-02-02-01-14,02-01-04-02-02-01-14,01-04-02-02-01-14,data/raw/ravdess/video_speech/Video_Speech_Actor_14/Actor_14/02-01-04-02-02-01-14.mp4,14,train,04,3,sad,02,02,01
02-01-04-02-02-02-14,02-01-04-02-02-02-14,01-04-02-02-02-14,data/raw/ravdess/video_speech/Video_Speech_Actor_14/Actor_14/02-01-04-02-02-02-14.mp4,14,train,04,3,sad,02,02,02
02-01-05-01-01-01-14,02-01-05-01-01-01-14,01-05-01-01-01-14,data/raw/ravdess/video_speech/Video_Speech_Actor_14/Actor_14/02-01-05-01-01-01-14.mp4,14,train,05,4,angry,01,01,01
02-01-05-01-01-02-14,02-01-05-01-01-02-14,01-05-01-01-02-14,data/raw/ravdess/video_speech/Video_Speech_Actor_14/Actor_14/02-01-05-01-01-02-14.mp4,14,train,05,4,angry,01,01,02
02-01-05-01-02-01-14,02-01-05-01-02-01-14,01-05-01-02-01-14,data/raw/ravdess/video_speech/Video_Speech_Actor_14/Actor_14/02-01-05-01-02-01-14.mp4,14,train,05,4,angry,01,02,01
02-01-05-01-02-02-14,02-01-05-01-02-02-14,01-05-01-02-02-14,data/raw/ravdess/video_speech/Video_Speech_Actor_14/Actor_14/02-01-05-01-02-02-14.mp4,14,train,05,4,angry,01,02,02
02-01-05-02-01-01-14,02-01-05-02-01-01-14,01-05-02-01-01-14,data/raw/ravdess/video_speech/Video_Speech_Actor_14/Actor_14/02-01-05-02-01-01-14.mp4,14,train,05,4,angry,02,01,01
02-01-05-02-01-02-14,02-01-05-02-01-02-14,01-05-02-01-02-14,data/raw/ravdess/video_speech/Video_Speech_Actor_14/Actor_14/02-01-05-02-01-02-14.mp4,14,train,05,4,angry,02,01,02
02-01-05-02-02-01-14,02-01-05-02-02-01-14,01-05-02-02-01-14,data/raw/ravdess/video_speech/Video_Speech_Actor_14/Actor_14/02-01-05-02-02-01-14.mp4,14,train,05,4,angry,02,02,01
02-01-05-02-02-02-14,02-01-05-02-02-02-14,01-05-02-02-02-14,data/raw/ravdess/video_speech/Video_Speech_Actor_14/Actor_14/02-01-05-02-02-02-14.mp4,14,train,05,4,angry,02,02,02
02-01-06-01-01-01-14,02-01-06-01-01-01-14,01-06-01-01-01-14,data/raw/ravdess/video_speech/Video_Speech_Actor_14/Actor_14/02-01-06-01-01-01-14.mp4,14,train,06,5,fearful,01,01,01
02-01-06-01-01-02-14,02-01-06-01-01-02-14,01-06-01-01-02-14,data/raw/ravdess/video_speech/Video_Speech_Actor_14/Actor_14/02-01-06-01-01-02-14.mp4,14,train,06,5,fearful,01,01,02
02-01-06-01-02-01-14,02-01-06-01-02-01-14,01-06-01-02-01-14,data/raw/ravdess/video_speech/Video_Speech_Actor_14/Actor_14/02-01-06-01-02-01-14.mp4,14,train,06,5,fearful,01,02,01
02-01-06-01-02-02-14,02-01-06-01-02-02-14,01-06-01-02-02-14,data/raw/ravdess/video_speech/Video_Speech_Actor_14/Actor_14/02-01-06-01-02-02-14.mp4,14,train,06,5,fearful,01,02,02
02-01-06-02-01-01-14,02-01-06-02-01-01-14,01-06-02-01-01-14,data/raw/ravdess/video_speech/Video_Speech_Actor_14/Actor_14/02-01-06-02-01-01-14.mp4,14,train,06,5,fearful,02,01,01
02-01-06-02-01-02-14,02-01-06-02-01-02-14,01-06-02-01-02-14,data/raw/ravdess/video_speech/Video_Speech_Actor_14/Actor_14/02-01-06-02-01-02-14.mp4,14,train,06,5,fearful,02,01,02
02-01-06-02-02-01-14,02-01-06-02-02-01-14,01-06-02-02-01-14,data/raw/ravdess/video_speech/Video_Speech_Actor_14/Actor_14/02-01-06-02-02-01-14.mp4,14,train,06,5,fearful,02,02,01
02-01-06-02-02-02-14,02-01-06-02-02-02-14,01-06-02-02-02-14,data/raw/ravdess/video_speech/Video_Speech_Actor_14/Actor_14/02-01-06-02-02-02-14.mp4,14,train,06,5,fearful,02,02,02
02-01-07-01-01-01-14,02-01-07-01-01-01-14,01-07-01-01-01-14,data/raw/ravdess/video_speech/Video_Speech_Actor_14/Actor_14/02-01-07-01-01-01-14.mp4,14,train,07,6,disgust,01,01,01
02-01-07-01-01-02-14,02-01-07-01-01-02-14,01-07-01-01-02-14,data/raw/ravdess/video_speech/Video_Speech_Actor_14/Actor_14/02-01-07-01-01-02-14.mp4,14,train,07,6,disgust,01,01,02
02-01-07-01-02-01-14,02-01-07-01-02-01-14,01-07-01-02-01-14,data/raw/ravdess/video_speech/Video_Speech_Actor_14/Actor_14/02-01-07-01-02-01-14.mp4,14,train,07,6,disgust,01,02,01
02-01-07-01-02-02-14,02-01-07-01-02-02-14,01-07-01-02-02-14,data/raw/ravdess/video_speech/Video_Speech_Actor_14/Actor_14/02-01-07-01-02-02-14.mp4,14,train,07,6,disgust,01,02,02
02-01-07-02-01-01-14,02-01-07-02-01-01-14,01-07-02-01-01-14,data/raw/ravdess/video_speech/Video_Speech_Actor_14/Actor_14/02-01-07-02-01-01-14.mp4,14,train,07,6,disgust,02,01,01
02-01-07-02-01-02-14,02-01-07-02-01-02-14,01-07-02-01-02-14,data/raw/ravdess/video_speech/Video_Speech_Actor_14/Actor_14/02-01-07-02-01-02-14.mp4,14,train,07,6,disgust,02,01,02
02-01-07-02-02-01-14,02-01-07-02-02-01-14,01-07-02-02-01-14,data/raw/ravdess/video_speech/Video_Speech_Actor_14/Actor_14/02-01-07-02-02-01-14.mp4,14,train,07,6,disgust,02,02,01
02-01-07-02-02-02-14,02-01-07-02-02-02-14,01-07-02-02-02-14,data/raw/ravdess/video_speech/Video_Speech_Actor_14/Actor_14/02-01-07-02-02-02-14.mp4,14,train,07,6,disgust,02,02,02
02-01-08-01-01-01-14,02-01-08-01-01-01-14,01-08-01-01-01-14,data/raw/ravdess/video_speech/Video_Speech_Actor_14/Actor_14/02-01-08-01-01-01-14.mp4,14,train,08,7,surprise,01,01,01
02-01-08-01-01-02-14,02-01-08-01-01-02-14,01-08-01-01-02-14,data/raw/ravdess/video_speech/Video_Speech_Actor_14/Actor_14/02-01-08-01-01-02-14.mp4,14,train,08,7,surprise,01,01,02
02-01-08-01-02-01-14,02-01-08-01-02-01-14,01-08-01-02-01-14,data/raw/ravdess/video_speech/Video_Speech_Actor_14/Actor_14/02-01-08-01-02-01-14.mp4,14,train,08,7,surprise,01,02,01
02-01-08-01-02-02-14,02-01-08-01-02-02-14,01-08-01-02-02-14,data/raw/ravdess/video_speech/Video_Speech_Actor_14/Actor_14/02-01-08-01-02-02-14.mp4,14,train,08,7,surprise,01,02,02
02-01-08-02-01-01-14,02-01-08-02-01-01-14,01-08-02-01-01-14,data/raw/ravdess/video_speech/Video_Speech_Actor_14/Actor_14/02-01-08-02-01-01-14.mp4,14,train,08,7,surprise,02,01,01
02-01-08-02-01-02-14,02-01-08-02-01-02-14,01-08-02-01-02-14,data/raw/ravdess/video_speech/Video_Speech_Actor_14/Actor_14/02-01-08-02-01-02-14.mp4,14,train,08,7,surprise,02,01,02
02-01-08-02-02-01-14,02-01-08-02-02-01-14,01-08-02-02-01-14,data/raw/ravdess/video_speech/Video_Speech_Actor_14/Actor_14/02-01-08-02-02-01-14.mp4,14,train,08,7,surprise,02,02,01
02-01-08-02-02-02-14,02-01-08-02-02-02-14,01-08-02-02-02-14,data/raw/ravdess/video_speech/Video_Speech_Actor_14/Actor_14/02-01-08-02-02-02-14.mp4,14,train,08,7,surprise,02,02,02
02-01-01-01-01-01-15,02-01-01-01-01-01-15,01-01-01-01-01-15,data/raw/ravdess/video_speech/Video_Speech_Actor_15/Actor_15/02-01-01-01-01-01-15.mp4,15,train,01,0,neutral,01,01,01
02-01-01-01-01-02-15,02-01-01-01-01-02-15,01-01-01-01-02-15,data/raw/ravdess/video_speech/Video_Speech_Actor_15/Actor_15/02-01-01-01-01-02-15.mp4,15,train,01,0,neutral,01,01,02
02-01-01-01-02-01-15,02-01-01-01-02-01-15,01-01-01-02-01-15,data/raw/ravdess/video_speech/Video_Speech_Actor_15/Actor_15/02-01-01-01-02-01-15.mp4,15,train,01,0,neutral,01,02,01
02-01-01-01-02-02-15,02-01-01-01-02-02-15,01-01-01-02-02-15,data/raw/ravdess/video_speech/Video_Speech_Actor_15/Actor_15/02-01-01-01-02-02-15.mp4,15,train,01,0,neutral,01,02,02
02-01-02-01-01-01-15,02-01-02-01-01-01-15,01-02-01-01-01-15,data/raw/ravdess/video_speech/Video_Speech_Actor_15/Actor_15/02-01-02-01-01-01-15.mp4,15,train,02,1,calm,01,01,01
02-01-02-01-01-02-15,02-01-02-01-01-02-15,01-02-01-01-02-15,data/raw/ravdess/video_speech/Video_Speech_Actor_15/Actor_15/02-01-02-01-01-02-15.mp4,15,train,02,1,calm,01,01,02
02-01-02-01-02-01-15,02-01-02-01-02-01-15,01-02-01-02-01-15,data/raw/ravdess/video_speech/Video_Speech_Actor_15/Actor_15/02-01-02-01-02-01-15.mp4,15,train,02,1,calm,01,02,01
02-01-02-01-02-02-15,02-01-02-01-02-02-15,01-02-01-02-02-15,data/raw/ravdess/video_speech/Video_Speech_Actor_15/Actor_15/02-01-02-01-02-02-15.mp4,15,train,02,1,calm,01,02,02
02-01-02-02-01-01-15,02-01-02-02-01-01-15,01-02-02-01-01-15,data/raw/ravdess/video_speech/Video_Speech_Actor_15/Actor_15/02-01-02-02-01-01-15.mp4,15,train,02,1,calm,02,01,01
02-01-02-02-01-02-15,02-01-02-02-01-02-15,01-02-02-01-02-15,data/raw/ravdess/video_speech/Video_Speech_Actor_15/Actor_15/02-01-02-02-01-02-15.mp4,15,train,02,1,calm,02,01,02
02-01-02-02-02-01-15,02-01-02-02-02-01-15,01-02-02-02-01-15,data/raw/ravdess/video_speech/Video_Speech_Actor_15/Actor_15/02-01-02-02-02-01-15.mp4,15,train,02,1,calm,02,02,01
02-01-02-02-02-02-15,02-01-02-02-02-02-15,01-02-02-02-02-15,data/raw/ravdess/video_speech/Video_Speech_Actor_15/Actor_15/02-01-02-02-02-02-15.mp4,15,train,02,1,calm,02,02,02
02-01-03-01-01-01-15,02-01-03-01-01-01-15,01-03-01-01-01-15,data/raw/ravdess/video_speech/Video_Speech_Actor_15/Actor_15/02-01-03-01-01-01-15.mp4,15,train,03,2,happy,01,01,01
02-01-03-01-01-02-15,02-01-03-01-01-02-15,01-03-01-01-02-15,data/raw/ravdess/video_speech/Video_Speech_Actor_15/Actor_15/02-01-03-01-01-02-15.mp4,15,train,03,2,happy,01,01,02
02-01-03-01-02-01-15,02-01-03-01-02-01-15,01-03-01-02-01-15,data/raw/ravdess/video_speech/Video_Speech_Actor_15/Actor_15/02-01-03-01-02-01-15.mp4,15,train,03,2,happy,01,02,01
02-01-03-01-02-02-15,02-01-03-01-02-02-15,01-03-01-02-02-15,data/raw/ravdess/video_speech/Video_Speech_Actor_15/Actor_15/02-01-03-01-02-02-15.mp4,15,train,03,2,happy,01,02,02
02-01-03-02-01-01-15,02-01-03-02-01-01-15,01-03-02-01-01-15,data/raw/ravdess/video_speech/Video_Speech_Actor_15/Actor_15/02-01-03-02-01-01-15.mp4,15,train,03,2,happy,02,01,01
02-01-03-02-01-02-15,02-01-03-02-01-02-15,01-03-02-01-02-15,data/raw/ravdess/video_speech/Video_Speech_Actor_15/Actor_15/02-01-03-02-01-02-15.mp4,15,train,03,2,happy,02,01,02
02-01-03-02-02-01-15,02-01-03-02-02-01-15,01-03-02-02-01-15,data/raw/ravdess/video_speech/Video_Speech_Actor_15/Actor_15/02-01-03-02-02-01-15.mp4,15,train,03,2,happy,02,02,01
02-01-03-02-02-02-15,02-01-03-02-02-02-15,01-03-02-02-02-15,data/raw/ravdess/video_speech/Video_Speech_Actor_15/Actor_15/02-01-03-02-02-02-15.mp4,15,train,03,2,happy,02,02,02
02-01-04-01-01-01-15,02-01-04-01-01-01-15,01-04-01-01-01-15,data/raw/ravdess/video_speech/Video_Speech_Actor_15/Actor_15/02-01-04-01-01-01-15.mp4,15,train,04,3,sad,01,01,01
02-01-04-01-01-02-15,02-01-04-01-01-02-15,01-04-01-01-02-15,data/raw/ravdess/video_speech/Video_Speech_Actor_15/Actor_15/02-01-04-01-01-02-15.mp4,15,train,04,3,sad,01,01,02
02-01-04-01-02-01-15,02-01-04-01-02-01-15,01-04-01-02-01-15,data/raw/ravdess/video_speech/Video_Speech_Actor_15/Actor_15/02-01-04-01-02-01-15.mp4,15,train,04,3,sad,01,02,01
02-01-04-01-02-02-15,02-01-04-01-02-02-15,01-04-01-02-02-15,data/raw/ravdess/video_speech/Video_Speech_Actor_15/Actor_15/02-01-04-01-02-02-15.mp4,15,train,04,3,sad,01,02,02
02-01-04-02-01-01-15,02-01-04-02-01-01-15,01-04-02-01-01-15,data/raw/ravdess/video_speech/Video_Speech_Actor_15/Actor_15/02-01-04-02-01-01-15.mp4,15,train,04,3,sad,02,01,01
02-01-04-02-01-02-15,02-01-04-02-01-02-15,01-04-02-01-02-15,data/raw/ravdess/video_speech/Video_Speech_Actor_15/Actor_15/02-01-04-02-01-02-15.mp4,15,train,04,3,sad,02,01,02
02-01-04-02-02-01-15,02-01-04-02-02-01-15,01-04-02-02-01-15,data/raw/ravdess/video_speech/Video_Speech_Actor_15/Actor_15/02-01-04-02-02-01-15.mp4,15,train,04,3,sad,02,02,01
02-01-04-02-02-02-15,02-01-04-02-02-02-15,01-04-02-02-02-15,data/raw/ravdess/video_speech/Video_Speech_Actor_15/Actor_15/02-01-04-02-02-02-15.mp4,15,train,04,3,sad,02,02,02
02-01-05-01-01-01-15,02-01-05-01-01-01-15,01-05-01-01-01-15,data/raw/ravdess/video_speech/Video_Speech_Actor_15/Actor_15/02-01-05-01-01-01-15.mp4,15,train,05,4,angry,01,01,01
02-01-05-01-01-02-15,02-01-05-01-01-02-15,01-05-01-01-02-15,data/raw/ravdess/video_speech/Video_Speech_Actor_15/Actor_15/02-01-05-01-01-02-15.mp4,15,train,05,4,angry,01,01,02
02-01-05-01-02-01-15,02-01-05-01-02-01-15,01-05-01-02-01-15,data/raw/ravdess/video_speech/Video_Speech_Actor_15/Actor_15/02-01-05-01-02-01-15.mp4,15,train,05,4,angry,01,02,01
02-01-05-01-02-02-15,02-01-05-01-02-02-15,01-05-01-02-02-15,data/raw/ravdess/video_speech/Video_Speech_Actor_15/Actor_15/02-01-05-01-02-02-15.mp4,15,train,05,4,angry,01,02,02
02-01-05-02-01-01-15,02-01-05-02-01-01-15,01-05-02-01-01-15,data/raw/ravdess/video_speech/Video_Speech_Actor_15/Actor_15/02-01-05-02-01-01-15.mp4,15,train,05,4,angry,02,01,01
02-01-05-02-01-02-15,02-01-05-02-01-02-15,01-05-02-01-02-15,data/raw/ravdess/video_speech/Video_Speech_Actor_15/Actor_15/02-01-05-02-01-02-15.mp4,15,train,05,4,angry,02,01,02
02-01-05-02-02-01-15,02-01-05-02-02-01-15,01-05-02-02-01-15,data/raw/ravdess/video_speech/Video_Speech_Actor_15/Actor_15/02-01-05-02-02-01-15.mp4,15,train,05,4,angry,02,02,01
02-01-05-02-02-02-15,02-01-05-02-02-02-15,01-05-02-02-02-15,data/raw/ravdess/video_speech/Video_Speech_Actor_15/Actor_15/02-01-05-02-02-02-15.mp4,15,train,05,4,angry,02,02,02
02-01-06-01-01-01-15,02-01-06-01-01-01-15,01-06-01-01-01-15,data/raw/ravdess/video_speech/Video_Speech_Actor_15/Actor_15/02-01-06-01-01-01-15.mp4,15,train,06,5,fearful,01,01,01
02-01-06-01-01-02-15,02-01-06-01-01-02-15,01-06-01-01-02-15,data/raw/ravdess/video_speech/Video_Speech_Actor_15/Actor_15/02-01-06-01-01-02-15.mp4,15,train,06,5,fearful,01,01,02
02-01-06-01-02-01-15,02-01-06-01-02-01-15,01-06-01-02-01-15,data/raw/ravdess/video_speech/Video_Speech_Actor_15/Actor_15/02-01-06-01-02-01-15.mp4,15,train,06,5,fearful,01,02,01
02-01-06-01-02-02-15,02-01-06-01-02-02-15,01-06-01-02-02-15,data/raw/ravdess/video_speech/Video_Speech_Actor_15/Actor_15/02-01-06-01-02-02-15.mp4,15,train,06,5,fearful,01,02,02
02-01-06-02-01-01-15,02-01-06-02-01-01-15,01-06-02-01-01-15,data/raw/ravdess/video_speech/Video_Speech_Actor_15/Actor_15/02-01-06-02-01-01-15.mp4,15,train,06,5,fearful,02,01,01
02-01-06-02-01-02-15,02-01-06-02-01-02-15,01-06-02-01-02-15,data/raw/ravdess/video_speech/Video_Speech_Actor_15/Actor_15/02-01-06-02-01-02-15.mp4,15,train,06,5,fearful,02,01,02
02-01-06-02-02-01-15,02-01-06-02-02-01-15,01-06-02-02-01-15,data/raw/ravdess/video_speech/Video_Speech_Actor_15/Actor_15/02-01-06-02-02-01-15.mp4,15,train,06,5,fearful,02,02,01
02-01-06-02-02-02-15,02-01-06-02-02-02-15,01-06-02-02-02-15,data/raw/ravdess/video_speech/Video_Speech_Actor_15/Actor_15/02-01-06-02-02-02-15.mp4,15,train,06,5,fearful,02,02,02
02-01-07-01-01-01-15,02-01-07-01-01-01-15,01-07-01-01-01-15,data/raw/ravdess/video_speech/Video_Speech_Actor_15/Actor_15/02-01-07-01-01-01-15.mp4,15,train,07,6,disgust,01,01,01
02-01-07-01-01-02-15,02-01-07-01-01-02-15,01-07-01-01-02-15,data/raw/ravdess/video_speech/Video_Speech_Actor_15/Actor_15/02-01-07-01-01-02-15.mp4,15,train,07,6,disgust,01,01,02
02-01-07-01-02-01-15,02-01-07-01-02-01-15,01-07-01-02-01-15,data/raw/ravdess/video_speech/Video_Speech_Actor_15/Actor_15/02-01-07-01-02-01-15.mp4,15,train,07,6,disgust,01,02,01
02-01-07-01-02-02-15,02-01-07-01-02-02-15,01-07-01-02-02-15,data/raw/ravdess/video_speech/Video_Speech_Actor_15/Actor_15/02-01-07-01-02-02-15.mp4,15,train,07,6,disgust,01,02,02
02-01-07-02-01-01-15,02-01-07-02-01-01-15,01-07-02-01-01-15,data/raw/ravdess/video_speech/Video_Speech_Actor_15/Actor_15/02-01-07-02-01-01-15.mp4,15,train,07,6,disgust,02,01,01
02-01-07-02-01-02-15,02-01-07-02-01-02-15,01-07-02-01-02-15,data/raw/ravdess/video_speech/Video_Speech_Actor_15/Actor_15/02-01-07-02-01-02-15.mp4,15,train,07,6,disgust,02,01,02
02-01-07-02-02-01-15,02-01-07-02-02-01-15,01-07-02-02-01-15,data/raw/ravdess/video_speech/Video_Speech_Actor_15/Actor_15/02-01-07-02-02-01-15.mp4,15,train,07,6,disgust,02,02,01
02-01-07-02-02-02-15,02-01-07-02-02-02-15,01-07-02-02-02-15,data/raw/ravdess/video_speech/Video_Speech_Actor_15/Actor_15/02-01-07-02-02-02-15.mp4,15,train,07,6,disgust,02,02,02
02-01-08-01-01-01-15,02-01-08-01-01-01-15,01-08-01-01-01-15,data/raw/ravdess/video_speech/Video_Speech_Actor_15/Actor_15/02-01-08-01-01-01-15.mp4,15,train,08,7,surprise,01,01,01
02-01-08-01-01-02-15,02-01-08-01-01-02-15,01-08-01-01-02-15,data/raw/ravdess/video_speech/Video_Speech_Actor_15/Actor_15/02-01-08-01-01-02-15.mp4,15,train,08,7,surprise,01,01,02
02-01-08-01-02-01-15,02-01-08-01-02-01-15,01-08-01-02-01-15,data/raw/ravdess/video_speech/Video_Speech_Actor_15/Actor_15/02-01-08-01-02-01-15.mp4,15,train,08,7,surprise,01,02,01
02-01-08-01-02-02-15,02-01-08-01-02-02-15,01-08-01-02-02-15,data/raw/ravdess/video_speech/Video_Speech_Actor_15/Actor_15/02-01-08-01-02-02-15.mp4,15,train,08,7,surprise,01,02,02
02-01-08-02-01-01-15,02-01-08-02-01-01-15,01-08-02-01-01-15,data/raw/ravdess/video_speech/Video_Speech_Actor_15/Actor_15/02-01-08-02-01-01-15.mp4,15,train,08,7,surprise,02,01,01
02-01-08-02-01-02-15,02-01-08-02-01-02-15,01-08-02-01-02-15,data/raw/ravdess/video_speech/Video_Speech_Actor_15/Actor_15/02-01-08-02-01-02-15.mp4,15,train,08,7,surprise,02,01,02
02-01-08-02-02-01-15,02-01-08-02-02-01-15,01-08-02-02-01-15,data/raw/ravdess/video_speech/Video_Speech_Actor_15/Actor_15/02-01-08-02-02-01-15.mp4,15,train,08,7,surprise,02,02,01
02-01-08-02-02-02-15,02-01-08-02-02-02-15,01-08-02-02-02-15,data/raw/ravdess/video_speech/Video_Speech_Actor_15/Actor_15/02-01-08-02-02-02-15.mp4,15,train,08,7,surprise,02,02,02
02-01-01-01-01-01-16,02-01-01-01-01-01-16,01-01-01-01-01-16,data/raw/ravdess/video_speech/Video_Speech_Actor_16/Actor_16/02-01-01-01-01-01-16.mp4,16,train,01,0,neutral,01,01,01
02-01-01-01-01-02-16,02-01-01-01-01-02-16,01-01-01-01-02-16,data/raw/ravdess/video_speech/Video_Speech_Actor_16/Actor_16/02-01-01-01-01-02-16.mp4,16,train,01,0,neutral,01,01,02
02-01-01-01-02-01-16,02-01-01-01-02-01-16,01-01-01-02-01-16,data/raw/ravdess/video_speech/Video_Speech_Actor_16/Actor_16/02-01-01-01-02-01-16.mp4,16,train,01,0,neutral,01,02,01
02-01-01-01-02-02-16,02-01-01-01-02-02-16,01-01-01-02-02-16,data/raw/ravdess/video_speech/Video_Speech_Actor_16/Actor_16/02-01-01-01-02-02-16.mp4,16,train,01,0,neutral,01,02,02
02-01-02-01-01-01-16,02-01-02-01-01-01-16,01-02-01-01-01-16,data/raw/ravdess/video_speech/Video_Speech_Actor_16/Actor_16/02-01-02-01-01-01-16.mp4,16,train,02,1,calm,01,01,01
02-01-02-01-01-02-16,02-01-02-01-01-02-16,01-02-01-01-02-16,data/raw/ravdess/video_speech/Video_Speech_Actor_16/Actor_16/02-01-02-01-01-02-16.mp4,16,train,02,1,calm,01,01,02
02-01-02-01-02-01-16,02-01-02-01-02-01-16,01-02-01-02-01-16,data/raw/ravdess/video_speech/Video_Speech_Actor_16/Actor_16/02-01-02-01-02-01-16.mp4,16,train,02,1,calm,01,02,01
02-01-02-01-02-02-16,02-01-02-01-02-02-16,01-02-01-02-02-16,data/raw/ravdess/video_speech/Video_Speech_Actor_16/Actor_16/02-01-02-01-02-02-16.mp4,16,train,02,1,calm,01,02,02
02-01-02-02-01-01-16,02-01-02-02-01-01-16,01-02-02-01-01-16,data/raw/ravdess/video_speech/Video_Speech_Actor_16/Actor_16/02-01-02-02-01-01-16.mp4,16,train,02,1,calm,02,01,01
02-01-02-02-01-02-16,02-01-02-02-01-02-16,01-02-02-01-02-16,data/raw/ravdess/video_speech/Video_Speech_Actor_16/Actor_16/02-01-02-02-01-02-16.mp4,16,train,02,1,calm,02,01,02
02-01-02-02-02-01-16,02-01-02-02-02-01-16,01-02-02-02-01-16,data/raw/ravdess/video_speech/Video_Speech_Actor_16/Actor_16/02-01-02-02-02-01-16.mp4,16,train,02,1,calm,02,02,01
02-01-02-02-02-02-16,02-01-02-02-02-02-16,01-02-02-02-02-16,data/raw/ravdess/video_speech/Video_Speech_Actor_16/Actor_16/02-01-02-02-02-02-16.mp4,16,train,02,1,calm,02,02,02
02-01-03-01-01-01-16,02-01-03-01-01-01-16,01-03-01-01-01-16,data/raw/ravdess/video_speech/Video_Speech_Actor_16/Actor_16/02-01-03-01-01-01-16.mp4,16,train,03,2,happy,01,01,01
02-01-03-01-01-02-16,02-01-03-01-01-02-16,01-03-01-01-02-16,data/raw/ravdess/video_speech/Video_Speech_Actor_16/Actor_16/02-01-03-01-01-02-16.mp4,16,train,03,2,happy,01,01,02
02-01-03-01-02-01-16,02-01-03-01-02-01-16,01-03-01-02-01-16,data/raw/ravdess/video_speech/Video_Speech_Actor_16/Actor_16/02-01-03-01-02-01-16.mp4,16,train,03,2,happy,01,02,01
02-01-03-01-02-02-16,02-01-03-01-02-02-16,01-03-01-02-02-16,data/raw/ravdess/video_speech/Video_Speech_Actor_16/Actor_16/02-01-03-01-02-02-16.mp4,16,train,03,2,happy,01,02,02
02-01-03-02-01-01-16,02-01-03-02-01-01-16,01-03-02-01-01-16,data/raw/ravdess/video_speech/Video_Speech_Actor_16/Actor_16/02-01-03-02-01-01-16.mp4,16,train,03,2,happy,02,01,01
02-01-03-02-01-02-16,02-01-03-02-01-02-16,01-03-02-01-02-16,data/raw/ravdess/video_speech/Video_Speech_Actor_16/Actor_16/02-01-03-02-01-02-16.mp4,16,train,03,2,happy,02,01,02
02-01-03-02-02-01-16,02-01-03-02-02-01-16,01-03-02-02-01-16,data/raw/ravdess/video_speech/Video_Speech_Actor_16/Actor_16/02-01-03-02-02-01-16.mp4,16,train,03,2,happy,02,02,01
02-01-03-02-02-02-16,02-01-03-02-02-02-16,01-03-02-02-02-16,data/raw/ravdess/video_speech/Video_Speech_Actor_16/Actor_16/02-01-03-02-02-02-16.mp4,16,train,03,2,happy,02,02,02
02-01-04-01-01-01-16,02-01-04-01-01-01-16,01-04-01-01-01-16,data/raw/ravdess/video_speech/Video_Speech_Actor_16/Actor_16/02-01-04-01-01-01-16.mp4,16,train,04,3,sad,01,01,01
02-01-04-01-01-02-16,02-01-04-01-01-02-16,01-04-01-01-02-16,data/raw/ravdess/video_speech/Video_Speech_Actor_16/Actor_16/02-01-04-01-01-02-16.mp4,16,train,04,3,sad,01,01,02
02-01-04-01-02-01-16,02-01-04-01-02-01-16,01-04-01-02-01-16,data/raw/ravdess/video_speech/Video_Speech_Actor_16/Actor_16/02-01-04-01-02-01-16.mp4,16,train,04,3,sad,01,02,01
02-01-04-01-02-02-16,02-01-04-01-02-02-16,01-04-01-02-02-16,data/raw/ravdess/video_speech/Video_Speech_Actor_16/Actor_16/02-01-04-01-02-02-16.mp4,16,train,04,3,sad,01,02,02
02-01-04-02-01-01-16,02-01-04-02-01-01-16,01-04-02-01-01-16,data/raw/ravdess/video_speech/Video_Speech_Actor_16/Actor_16/02-01-04-02-01-01-16.mp4,16,train,04,3,sad,02,01,01
02-01-04-02-01-02-16,02-01-04-02-01-02-16,01-04-02-01-02-16,data/raw/ravdess/video_speech/Video_Speech_Actor_16/Actor_16/02-01-04-02-01-02-16.mp4,16,train,04,3,sad,02,01,02
02-01-04-02-02-01-16,02-01-04-02-02-01-16,01-04-02-02-01-16,data/raw/ravdess/video_speech/Video_Speech_Actor_16/Actor_16/02-01-04-02-02-01-16.mp4,16,train,04,3,sad,02,02,01
02-01-04-02-02-02-16,02-01-04-02-02-02-16,01-04-02-02-02-16,data/raw/ravdess/video_speech/Video_Speech_Actor_16/Actor_16/02-01-04-02-02-02-16.mp4,16,train,04,3,sad,02,02,02
02-01-05-01-01-01-16,02-01-05-01-01-01-16,01-05-01-01-01-16,data/raw/ravdess/video_speech/Video_Speech_Actor_16/Actor_16/02-01-05-01-01-01-16.mp4,16,train,05,4,angry,01,01,01
02-01-05-01-01-02-16,02-01-05-01-01-02-16,01-05-01-01-02-16,data/raw/ravdess/video_speech/Video_Speech_Actor_16/Actor_16/02-01-05-01-01-02-16.mp4,16,train,05,4,angry,01,01,02
02-01-05-01-02-01-16,02-01-05-01-02-01-16,01-05-01-02-01-16,data/raw/ravdess/video_speech/Video_Speech_Actor_16/Actor_16/02-01-05-01-02-01-16.mp4,16,train,05,4,angry,01,02,01
02-01-05-01-02-02-16,02-01-05-01-02-02-16,01-05-01-02-02-16,data/raw/ravdess/video_speech/Video_Speech_Actor_16/Actor_16/02-01-05-01-02-02-16.mp4,16,train,05,4,angry,01,02,02
02-01-05-02-01-01-16,02-01-05-02-01-01-16,01-05-02-01-01-16,data/raw/ravdess/video_speech/Video_Speech_Actor_16/Actor_16/02-01-05-02-01-01-16.mp4,16,train,05,4,angry,02,01,01
02-01-05-02-01-02-16,02-01-05-02-01-02-16,01-05-02-01-02-16,data/raw/ravdess/video_speech/Video_Speech_Actor_16/Actor_16/02-01-05-02-01-02-16.mp4,16,train,05,4,angry,02,01,02
02-01-05-02-02-01-16,02-01-05-02-02-01-16,01-05-02-02-01-16,data/raw/ravdess/video_speech/Video_Speech_Actor_16/Actor_16/02-01-05-02-02-01-16.mp4,16,train,05,4,angry,02,02,01
02-01-05-02-02-02-16,02-01-05-02-02-02-16,01-05-02-02-02-16,data/raw/ravdess/video_speech/Video_Speech_Actor_16/Actor_16/02-01-05-02-02-02-16.mp4,16,train,05,4,angry,02,02,02
02-01-06-01-01-01-16,02-01-06-01-01-01-16,01-06-01-01-01-16,data/raw/ravdess/video_speech/Video_Speech_Actor_16/Actor_16/02-01-06-01-01-01-16.mp4,16,train,06,5,fearful,01,01,01
02-01-06-01-01-02-16,02-01-06-01-01-02-16,01-06-01-01-02-16,data/raw/ravdess/video_speech/Video_Speech_Actor_16/Actor_16/02-01-06-01-01-02-16.mp4,16,train,06,5,fearful,01,01,02
02-01-06-01-02-01-16,02-01-06-01-02-01-16,01-06-01-02-01-16,data/raw/ravdess/video_speech/Video_Speech_Actor_16/Actor_16/02-01-06-01-02-01-16.mp4,16,train,06,5,fearful,01,02,01
02-01-06-01-02-02-16,02-01-06-01-02-02-16,01-06-01-02-02-16,data/raw/ravdess/video_speech/Video_Speech_Actor_16/Actor_16/02-01-06-01-02-02-16.mp4,16,train,06,5,fearful,01,02,02
02-01-06-02-01-01-16,02-01-06-02-01-01-16,01-06-02-01-01-16,data/raw/ravdess/video_speech/Video_Speech_Actor_16/Actor_16/02-01-06-02-01-01-16.mp4,16,train,06,5,fearful,02,01,01
02-01-06-02-01-02-16,02-01-06-02-01-02-16,01-06-02-01-02-16,data/raw/ravdess/video_speech/Video_Speech_Actor_16/Actor_16/02-01-06-02-01-02-16.mp4,16,train,06,5,fearful,02,01,02
02-01-06-02-02-01-16,02-01-06-02-02-01-16,01-06-02-02-01-16,data/raw/ravdess/video_speech/Video_Speech_Actor_16/Actor_16/02-01-06-02-02-01-16.mp4,16,train,06,5,fearful,02,02,01
02-01-06-02-02-02-16,02-01-06-02-02-02-16,01-06-02-02-02-16,data/raw/ravdess/video_speech/Video_Speech_Actor_16/Actor_16/02-01-06-02-02-02-16.mp4,16,train,06,5,fearful,02,02,02
02-01-07-01-01-01-16,02-01-07-01-01-01-16,01-07-01-01-01-16,data/raw/ravdess/video_speech/Video_Speech_Actor_16/Actor_16/02-01-07-01-01-01-16.mp4,16,train,07,6,disgust,01,01,01
02-01-07-01-01-02-16,02-01-07-01-01-02-16,01-07-01-01-02-16,data/raw/ravdess/video_speech/Video_Speech_Actor_16/Actor_16/02-01-07-01-01-02-16.mp4,16,train,07,6,disgust,01,01,02
02-01-07-01-02-01-16,02-01-07-01-02-01-16,01-07-01-02-01-16,data/raw/ravdess/video_speech/Video_Speech_Actor_16/Actor_16/02-01-07-01-02-01-16.mp4,16,train,07,6,disgust,01,02,01
02-01-07-01-02-02-16,02-01-07-01-02-02-16,01-07-01-02-02-16,data/raw/ravdess/video_speech/Video_Speech_Actor_16/Actor_16/02-01-07-01-02-02-16.mp4,16,train,07,6,disgust,01,02,02
02-01-07-02-01-01-16,02-01-07-02-01-01-16,01-07-02-01-01-16,data/raw/ravdess/video_speech/Video_Speech_Actor_16/Actor_16/02-01-07-02-01-01-16.mp4,16,train,07,6,disgust,02,01,01
02-01-07-02-01-02-16,02-01-07-02-01-02-16,01-07-02-01-02-16,data/raw/ravdess/video_speech/Video_Speech_Actor_16/Actor_16/02-01-07-02-01-02-16.mp4,16,train,07,6,disgust,02,01,02
02-01-07-02-02-01-16,02-01-07-02-02-01-16,01-07-02-02-01-16,data/raw/ravdess/video_speech/Video_Speech_Actor_16/Actor_16/02-01-07-02-02-01-16.mp4,16,train,07,6,disgust,02,02,01
02-01-07-02-02-02-16,02-01-07-02-02-02-16,01-07-02-02-02-16,data/raw/ravdess/video_speech/Video_Speech_Actor_16/Actor_16/02-01-07-02-02-02-16.mp4,16,train,07,6,disgust,02,02,02
02-01-08-01-01-01-16,02-01-08-01-01-01-16,01-08-01-01-01-16,data/raw/ravdess/video_speech/Video_Speech_Actor_16/Actor_16/02-01-08-01-01-01-16.mp4,16,train,08,7,surprise,01,01,01
02-01-08-01-01-02-16,02-01-08-01-01-02-16,01-08-01-01-02-16,data/raw/ravdess/video_speech/Video_Speech_Actor_16/Actor_16/02-01-08-01-01-02-16.mp4,16,train,08,7,surprise,01,01,02
02-01-08-01-02-01-16,02-01-08-01-02-01-16,01-08-01-02-01-16,data/raw/ravdess/video_speech/Video_Speech_Actor_16/Actor_16/02-01-08-01-02-01-16.mp4,16,train,08,7,surprise,01,02,01
02-01-08-01-02-02-16,02-01-08-01-02-02-16,01-08-01-02-02-16,data/raw/ravdess/video_speech/Video_Speech_Actor_16/Actor_16/02-01-08-01-02-02-16.mp4,16,train,08,7,surprise,01,02,02
02-01-08-02-01-01-16,02-01-08-02-01-01-16,01-08-02-01-01-16,data/raw/ravdess/video_speech/Video_Speech_Actor_16/Actor_16/02-01-08-02-01-01-16.mp4,16,train,08,7,surprise,02,01,01
02-01-08-02-01-02-16,02-01-08-02-01-02-16,01-08-02-01-02-16,data/raw/ravdess/video_speech/Video_Speech_Actor_16/Actor_16/02-01-08-02-01-02-16.mp4,16,train,08,7,surprise,02,01,02
02-01-08-02-02-01-16,02-01-08-02-02-01-16,01-08-02-02-01-16,data/raw/ravdess/video_speech/Video_Speech_Actor_16/Actor_16/02-01-08-02-02-01-16.mp4,16,train,08,7,surprise,02,02,01
02-01-08-02-02-02-16,02-01-08-02-02-02-16,01-08-02-02-02-16,data/raw/ravdess/video_speech/Video_Speech_Actor_16/Actor_16/02-01-08-02-02-02-16.mp4,16,train,08,7,surprise,02,02,02
