av_key,sample_id,stem,video_path,actor_id,split,emotion_code,label_id,label_name,intensity_code,statement_code,repetition_code,sequence_video_id,sequence_video_id_source,sequence_path,sequence_num_frames,sequence_feature_dim,prediction_video_id,prediction_video_id_source,prediction_frame_count,pred_id,pred_name,prob_neutral,prob_calm,prob_happy,prob_sad,prob_angry,prob_fearful,prob_disgust,prob_surprise,has_sequence,has_prediction,late_fusion_ready,artifact_status
01-01-01-01-01-01,02-01-01-01-01-01-01,02-01-01-01-01-01-01,data/raw/ravdess/video_speech/Video_Speech_Actor_01/Actor_01/02-01-01-01-01-01-01.mp4,1,train,01,0,neutral,01,01,01,02-01-01-01-01-01-01,canonical_02,/home/tonyhe/ravdess_avfusion/external/video_face_branch/early_fusion_facial_v2/fusion_pack_5f/sequences/02-01-01-01-01-01-01.npy,5,2048,02-01-01-01-01-01-01,canonical_02,5,0,neutral,0.9648319959640503,0.00599236055277288,0.00485762320458889,0.005008773785084486,0.005227788724005223,0.004017106583341956,0.005222412664443255,0.004841918265447021,1,1,1,complete
01-01-01-01-02-01,02-01-01-01-01-02-01,02-01-01-01-01-02-01,data/raw/ravdess/video_speech/Video_Speech_Actor_01/Actor_01/02-01-01-01-01-02-01.mp4,1,train,01,0,neutral,01,01,02,02-01-01-01-01-02-01,canonical_02,/home/tonyhe/ravdess_avfusion/external/video_face_branch/early_fusion_facial_v2/fusion_pack_5f/sequences/02-01-01-01-01-02-01.npy,5,2048,02-01-01-01-01-02-01,canonical_02,5,0,neutral,0.9534305691719055,0.011578790238127112,0.006141478288918733,0.005746968695893884,0.005020424257963896,0.004639426339417696,0.006644805707037449,0.00679754582233727,1,1,1,complete
01-01-01-02-01-01,02-01-01-01-02-01-01,02-01-01-01-02-01-01,data/raw/ravdess/video_speech/Video_Speech_Actor_01/Actor_01/02-01-01-01-02-01-01.mp4,1,train,01,0,neutral,01,02,01,02-01-01-01-02-01-01,canonical_02,/home/tonyhe/ravdess_avfusion/external/video_face_branch/early_fusion_facial_v2/fusion_pack_5f/sequences/02-01-01-01-02-01-01.npy,5,2048,02-01-01-01-02-01-01,canonical_02,5,0,neutral,0.9466735243797302,0.011278372444212436,0.005577186681330204,0.00786327626556158,0.009519783686846495,0.004950248170644045,0.007194364909082651,0.006943201227113604,1,1,1,complete
01-01-01-02-02-01,02-01-01-01-02-02-01,02-01-01-01-02-02-01,data/raw/ravdess/video_speech/Video_Speech_Actor_01/Actor_01/02-01-01-01-02-02-01.mp4,1,train,01,0,neutral,01,02,02,02-01-01-01-02-02-01,canonical_02,/home/tonyhe/ravdess_avfusion/external/video_face_branch/early_fusion_facial_v2/fusion_pack_5f/sequences/02-01-01-01-02-02-01.npy,5,2048,02-01-01-01-02-02-01,canonical_02,5,0,neutral,0.904268455505371,0.04028484988957644,0.008406507596373559,0.009825614839792251,0.014236599067226052,0.00606543174944818,0.009241163544356824,0.007671367656439543,1,1,1,complete
01-02-01-01-01-01,02-01-02-01-01-01-01,02-01-02-01-01-01-01,data/raw/ravdess/video_speech/Video_Speech_Actor_01/Actor_01/02-01-02-01-01-01-01.mp4,1,train,02,1,calm,01,01,01,02-01-02-01-01-01-01,canonical_02,/home/tonyhe/ravdess_avfusion/external/video_face_branch/early_fusion_facial_v2/fusion_pack_5f/sequences/02-01-02-01-01-01-01.npy,5,2048,02-01-02-01-01-01-01,canonical_02,5,1,calm,0.020636072009801866,0.9099305510520935,0.01243588849902153,0.010120081994682551,0.010636573005467654,0.008582312986254692,0.014157304167747497,0.0135011974722147,1,1,1,complete
01-02-01-01-02-01,02-01-02-01-01-02-01,02-01-02-01-01-02-01,data/raw/ravdess/video_speech/Video_Speech_Actor_01/Actor_01/02-01-02-01-01-02-01.mp4,1,train,02,1,calm,01,01,02,02-01-02-01-01-02-01,canonical_02,/home/tonyhe/ravdess_avfusion/external/video_face_branch/early_fusion_facial_v2/fusion_pack_5f/sequences/02-01-02-01-01-02-01.npy,5,2048,02-01-02-01-01-02-01,canonical_02,5,1,calm,0.020010960660874842,0.91000816822052,0.009734874404966832,0.01291864961385727,0.009861343167722225,0.01057512704282999,0.013062506541609764,0.01382840471342206,1,1,1,complete
01-02-01-02-01-01,02-01-02-01-02-01-01,02-01-02-01-02-01-01,data/raw/ravdess/video_speech/Video_Speech_Actor_01/Actor_01/02-01-02-01-02-01-01.mp4,1,train,02,1,calm,01,02,01,02-01-02-01-02-01-01,canonical_02,/home/tonyhe/ravdess_avfusion/external/video_face_branch/early_fusion_facial_v2/fusion_pack_5f/sequences/02-01-02-01-02-01-01.npy,5,2048,02-01-02-01-02-01-01,canonical_02,5,1,calm,0.021665866300463677,0.8922130584716796,0.01297781579196453,0.012861732952296734,0.015389931946992874,0.011373649816960096,0.016608488000929355,0.016909463331103325,1,1,1,complete
01-02-01-02-02-01,02-01-02-01-02-02-01,02-01-02-01-02-02-01,data/raw/ravdess/video_speech/Video_Speech_Actor_01/Actor_01/02-01-02-01-02-02-01.mp4,1,train,02,1,calm,01,02,02,02-01-02-01-02-02-01,canonical_02,/home/tonyhe/ravdess_avfusion/external/video_face_branch/early_fusion_facial_v2/fusion_pack_5f/sequences/02-01-02-01-02-02-01.npy,5,2048,02-01-02-01-02-02-01,canonical_02,5,1,calm,0.022806254029273988,0.9127430319786072,0.008135392609983683,0.01154051600024104,0.01198235535994172,0.01004678513854742,0.01288203913718462,0.009863618668168784,1,1,1,complete
01-02-02-01-01-01,02-01-02-02-01-01-01,02-01-02-02-01-01-01,data/raw/ravdess/video_speech/Video_Speech_Actor_01/Actor_01/02-01-02-02-01-01-01.mp4,1,train,02,1,calm,02,01,01,02-01-02-02-01-01-01,canonical_02,/home/tonyhe/ravdess_avfusion/external/video_face_branch/early_fusion_facial_v2/fusion_pack_5f/sequences/02-01-02-02-01-01-01.npy,5,2048,02-01-02-02-01-01-01,canonical_02,5,1,calm,0.0304732296615839,0.8966875433921814,0.009612699598073959,0.013105548918247223,0.010333314724266528,0.011645321175456047,0.014261448010802268,0.013880880549550056,1,1,1,complete
01-02-02-01-02-01,02-01-02-02-01-02-01,02-01-02-02-01-02-01,data/raw/ravdess/video_speech/Video_Speech_Actor_01/Actor_01/02-01-02-02-01-02-01.mp4,1,train,02,1,calm,02,01,02,02-01-02-02-01-02-01,canonical_02,/home/tonyhe/ravdess_avfusion/external/video_face_branch/early_fusion_facial_v2/fusion_pack_5f/sequences/02-01-02-02-01-02-01.npy,5,2048,02-01-02-02-01-02-01,canonical_02,5,1,calm,0.024024273082613946,0.8935936689376831,0.011241229996085168,0.01310898419469595,0.0130328468978405,0.011719408072531223,0.015349778346717358,0.017929825000464916,1,1,1,complete
01-02-02-02-01-01,02-01-02-02-02-01-01,02-01-02-02-02-01-01,data/raw/ravdess/video_speech/Video_Speech_Actor_01/Actor_01/02-01-02-02-02-01-01.mp4,1,train,02,1,calm,02,02,01,02-01-02-02-02-01-01,canonical_02,/home/tonyhe/ravdess_avfusion/external/video_face_branch/early_fusion_facial_v2/fusion_pack_5f/sequences/02-01-02-02-02-01-01.npy,5,2048,02-01-02-02-02-01-01,canonical_02,5,1,calm,0.021967034414410593,0.8974972844123841,0.013423352874815464,0.012848751619458199,0.012630457058548927,0.01091453842818737,0.01460657138377428,0.01611201521009207,1,1,1,complete
01-02-02-02-02-01,02-01-02-02-02-02-01,02-01-02-02-02-02-01,data/raw/ravdess/video_speech/Video_Speech_Actor_01/Actor_01/02-01-02-02-02-02-01.mp4,1,train,02,1,calm,02,02,02,02-01-02-02-02-02-01,canonical_02,/home/tonyhe/ravdess_avfusion/external/video_face_branch/early_fusion_facial_v2/fusion_pack_5f/sequences/02-01-02-02-02-02-01.npy,5,2048,02-01-02-02-02-02-01,canonical_02,5,1,calm,0.022058338299393652,0.9034734249114991,0.010247329622507096,0.011253368388861418,0.012081853020936251,0.010496793314814568,0.014048493653535842,0.01634041266515851,1,1,1,complete
01-03-01-01-01-01,02-01-03-01-01-01-01,02-01-03-01-01-01-01,data/raw/ravdess/video_speech/Video_Speech_Actor_01/Actor_01/02-01-03-01-01-01-01.mp4,1,train,03,2,happy,01,01,01,02-01-03-01-01-01-01,canonical_02,/home/tonyhe/ravdess_avfusion/external/video_face_branch/early_fusion_facial_v2/fusion_pack_5f/sequences/02-01-03-01-01-01-01.npy,5,2048,02-01-03-01-01-01-01,canonical_02,5,2,happy,0.020265616476535797,0.06876732632517815,0.8523751616477966,0.012188010104000568,0.01126122297719121,0.010867936257272958,0.010907979402691125,0.013366766832768917,1,1,1,complete
01-03-01-01-02-01,02-01-03-01-01-02-01,02-01-03-01-01-02-01,data/raw/ravdess/video_speech/Video_Speech_Actor_01/Actor_01/02-01-03-01-01-02-01.mp4,1,train,03,2,happy,01,01,02,02-01-03-01-01-02-01,canonical_02,/home/tonyhe/ravdess_avfusion/external/video_face_branch/early_fusion_facial_v2/fusion_pack_5f/sequences/02-01-03-01-01-02-01.npy,5,2048,02-01-03-01-01-02-01,canonical_02,5,2,happy,0.021782178431749344,0.023890944942831994,0.8976454973220825,0.010640239715576172,0.0111780172213912,0.009922229312360286,0.013424042612314224,0.011516835540533066,1,1,1,complete
01-03-01-02-01-01,02-01-03-01-02-01-01,02-01-03-01-02-01-01,data/raw/ravdess/video_speech/Video_Speech_Actor_01/Actor_01/02-01-03-01-02-01-01.mp4,1,train,03,2,happy,01,02,01,02-01-03-01-02-01-01,canonical_02,/home/tonyhe/ravdess_avfusion/external/video_face_branch/early_fusion_facial_v2/fusion_pack_5f/sequences/02-01-03-01-02-01-01.npy,5,2048,02-01-03-01-02-01-01,canonical_02,5,2,happy,0.019121865369379522,0.026420537009835245,0.8840511083602905,0.013900849781930447,0.013082598894834518,0.00953179383650422,0.014764128532260657,0.01912713758647442,1,1,1,complete
01-03-01-02-02-01,02-01-03-01-02-02-01,02-01-03-01-02-02-01,data/raw/ravdess/video_speech/Video_Speech_Actor_01/Actor_01/02-01-03-01-02-02-01.mp4,1,train,03,2,happy,01,02,02,02-01-03-01-02-02-01,canonical_02,/home/tonyhe/ravdess_avfusion/external/video_face_branch/early_fusion_facial_v2/fusion_pack_5f/sequences/02-01-03-01-02-02-01.npy,5,2048,02-01-03-01-02-02-01,canonical_02,5,2,happy,0.023492830246686934,0.06605621967464685,0.8491081357002258,0.011443153396248818,0.01318444348871708,0.01173509806394577,0.012139207683503628,0.01284088846296072,1,1,1,complete
01-03-02-01-01-01,02-01-03-02-01-01-01,02-01-03-02-01-01-01,data/raw/ravdess/video_speech/Video_Speech_Actor_01/Actor_01/02-01-03-02-01-01-01.mp4,1,train,03,2,happy,02,01,01,02-01-03-02-01-01-01,canonical_02,/home/tonyhe/ravdess_avfusion/external/video_face_branch/early_fusion_facial_v2/fusion_pack_5f/sequences/02-01-03-02-01-01-01.npy,5,2048,02-01-03-02-01-01-01,canonical_02,5,2,happy,0.017184099927544595,0.011314875539392233,0.924920403957367,0.010450357757508754,0.008877858892083168,0.00918132159858942,0.009504362009465694,0.008566721621900798,1,1,1,complete
01-03-02-01-02-01,02-01-03-02-01-02-01,02-01-03-02-01-02-01,data/raw/ravdess/video_speech/Video_Speech_Actor_01/Actor_01/02-01-03-02-01-02-01.mp4,1,train,03,2,happy,02,01,02,02-01-03-02-01-02-01,canonical_02,/home/tonyhe/ravdess_avfusion/external/video_face_branch/early_fusion_facial_v2/fusion_pack_5f/sequences/02-01-03-02-01-02-01.npy,5,2048,02-01-03-02-01-02-01,canonical_02,5,2,happy,0.01668021623045206,0.01177524756640196,0.9223567962646484,0.009762757550925016,0.008455956913530826,0.009781351312994957,0.010246814601123333,0.010940822213888169,1,1,1,complete
01-03-02-02-01-01,02-01-03-02-02-01-01,02-01-03-02-02-01-01,data/raw/ravdess/video_speech/Video_Speech_Actor_01/Actor_01/02-01-03-02-02-01-01.mp4,1,train,03,2,happy,02,02,01,02-01-03-02-02-01-01,canonical_02,/home/tonyhe/ravdess_avfusion/external/video_face_branch/early_fusion_facial_v2/fusion_pack_5f/sequences/02-01-03-02-02-01-01.npy,5,2048,02-01-03-02-02-01-01,canonical_02,5,2,happy,0.016695306263864042,0.011608010251075029,0.9230292677879334,0.009216979704797268,0.008344000950455666,0.008566425275057554,0.010624304600059985,0.011915686912834645,1,1,1,complete
01-03-02-02-02-01,02-01-03-02-02-02-01,02-01-03-02-02-02-01,data/raw/ravdess/video_speech/Video_Speech_Actor_01/Actor_01/02-01-03-02-02-02-01.mp4,1,train,03,2,happy,02,02,02,02-01-03-02-02-02-01,canonical_02,/home/tonyhe/ravdess_avfusion/external/video_face_branch/early_fusion_facial_v2/fusion_pack_5f/sequences/02-01-03-02-02-02-01.npy,5,2048,02-01-03-02-02-02-01,canonical_02,5,2,happy,0.01719575859606266,0.009574853349477053,0.9170441031455994,0.007661721762269735,0.009336191043257714,0.014784229919314384,0.010774530097842216,0.01362864039838314,1,1,1,complete
01-04-01-01-01-01,02-01-04-01-01-01-01,02-01-04-01-01-01-01,data/raw/ravdess/video_speech/Video_Speech_Actor_01/Actor_01/02-01-04-01-01-01-01.mp4,1,train,04,3,sad,01,01,01,02-01-04-01-01-01-01,canonical_02,/home/tonyhe/ravdess_avfusion/external/video_face_branch/early_fusion_facial_v2/fusion_pack_5f/sequences/02-01-04-01-01-01-01.npy,5,2048,02-01-04-01-01-01-01,canonical_02,5,3,sad,0.01831161081790924,0.014119436126202345,0.010685048718005418,0.8069466531276703,0.025120252184569834,0.009154695738106965,0.01673632338643074,0.09892597123980522,1,1,1,complete
01-04-01-01-02-01,02-01-04-01-01-02-01,02-01-04-01-01-02-01,data/raw/ravdess/video_speech/Video_Speech_Actor_01/Actor_01/02-01-04-01-01-02-01.mp4,1,train,04,3,sad,01,01,02,02-01-04-01-01-02-01,canonical_02,/home/tonyhe/ravdess_avfusion/external/video_face_branch/early_fusion_facial_v2/fusion_pack_5f/sequences/02-01-04-01-01-02-01.npy,5,2048,02-01-04-01-01-02-01,canonical_02,5,3,sad,0.01862493623048067,0.012908302992582322,0.008985481830313802,0.9165517091751099,0.009346339851617813,0.0054900511400774125,0.012812952790409327,0.015280226152390242,1,1,1,complete
01-04-01-02-01-01,02-01-04-01-02-01-01,02-01-04-01-02-01-01,data/raw/ravdess/video_speech/Video_Speech_Actor_01/Actor_01/02-01-04-01-02-01-01.mp4,1,train,04,3,sad,01,02,01,02-01-04-01-02-01-01,canonical_02,/home/tonyhe/ravdess_avfusion/external/video_face_branch/early_fusion_facial_v2/fusion_pack_5f/sequences/02-01-04-01-02-01-01.npy,5,2048,02-01-04-01-02-01-01,canonical_02,5,3,sad,0.014763869345188141,0.007173749431967735,0.007406919170171023,0.9433400273323059,0.007667288649827242,0.00453883889131248,0.009143966902047395,0.0059653481934219595,1,1,1,complete
01-04-01-02-02-01,02-01-04-01-02-02-01,02-01-04-01-02-02-01,data/raw/ravdess/video_speech/Video_Speech_Actor_01/Actor_01/02-01-04-01-02-02-01.mp4,1,train,04,3,sad,01,02,02,02-01-04-01-02-02-01,canonical_02,/home/tonyhe/ravdess_avfusion/external/video_face_branch/early_fusion_facial_v2/fusion_pack_5f/sequences/02-01-04-01-02-02-01.npy,5,2048,02-01-04-01-02-02-01,canonical_02,5,3,sad,0.013374639675021172,0.014389929175376893,0.010373937152326106,0.9200863003730774,0.009371892455965281,0.006225141976028681,0.015352981351315974,0.010825185477733612,1,1,1,complete
01-04-02-01-01-01,02-01-04-02-01-01-01,02-01-04-02-01-01-01,data/raw/ravdess/video_speech/Video_Speech_Actor_01/Actor_01/02-01-04-02-01-01-01.mp4,1,train,04,3,sad,02,01,01,02-01-04-02-01-01-01,canonical_02,/home/tonyhe/ravdess_avfusion/external/video_face_branch/early_fusion_facial_v2/fusion_pack_5f/sequences/02-01-04-02-01-01-01.npy,5,2048,02-01-04-02-01-01-01,canonical_02,5,3,sad,0.015544066205620766,0.00781131936237216,0.00743888234719634,0.9297036290168762,0.006817482598125935,0.006414436642080546,0.01584709184244275,0.010423109866678715,1,1,1,complete
01-04-02-01-02-01,02-01-04-02-01-02-01,02-01-04-02-01-02-01,data/raw/ravdess/video_speech/Video_Speech_Actor_01/Actor_01/02-01-04-02-01-02-01.mp4,1,train,04,3,sad,02,01,02,02-01-04-02-01-02-01,canonical_02,/home/tonyhe/ravdess_avfusion/external/video_face_branch/early_fusion_facial_v2/fusion_pack_5f/sequences/02-01-04-02-01-02-01.npy,5,2048,02-01-04-02-01-02-01,canonical_02,5,3,sad,0.015116943791508675,0.009693515300750733,0.008735305815935134,0.9294376015663147,0.008783548790961503,0.004940216569229961,0.01209530308842659,0.01119758477434516,1,1,1,complete
01-04-02-02-01-01,02-01-04-02-02-01-01,02-01-04-02-02-01-01,data/raw/ravdess/video_speech/Video_Speech_Actor_01/Actor_01/02-01-04-02-02-01-01.mp4,1,train,04,3,sad,02,02,01,02-01-04-02-02-01-01,canonical_02,/home/tonyhe/ravdess_avfusion/external/video_face_branch/early_fusion_facial_v2/fusion_pack_5f/sequences/02-01-04-02-02-01-01.npy,5,2048,02-01-04-02-02-01-01,canonical_02,5,3,sad,0.01591994669288397,0.010827710758894682,0.009331113658845425,0.9193642735481262,0.011030894331634044,0.005332437995821238,0.01120371064171195,0.01698990473523736,1,1,1,complete
01-04-02-02-02-01,02-01-04-02-02-02-01,02-01-04-02-02-02-01,data/raw/ravdess/video_speech/Video_Speech_Actor_01/Actor_01/02-01-04-02-02-02-01.mp4,1,train,04,3,sad,02,02,02,02-01-04-02-02-02-01,canonical_02,/home/tonyhe/ravdess_avfusion/external/video_face_branch/early_fusion_facial_v2/fusion_pack_5f/sequences/02-01-04-02-02-02-01.npy,5,2048,02-01-04-02-02-02-01,canonical_02,5,3,sad,0.01345875859260559,0.00901198321953416,0.009215275757014751,0.9375162720680237,0.008366814255714417,0.006681440118700266,0.007669810950756073,0.008079618215560913,1,1,1,complete
01-05-01-01-01-01,02-01-05-01-01-01-01,02-01-05-01-01-01-01,data/raw/ravdess/video_speech/Video_Speech_Actor_01/Actor_01/02-01-05-01-01-01-01.mp4,1,train,05,4,angry,01,01,01,02-01-05-01-01-01-01,canonical_02,/home/tonyhe/ravdess_avfusion/external/video_face_branch/early_fusion_facial_v2/fusion_pack_5f/sequences/02-01-05-01-01-01-01.npy,5,2048,02-01-05-01-01-01-01,canonical_02,5,4,angry,0.02374238856136799,0.010421572718769312,0.010788545664399862,0.014239112939685583,0.9011272549629211,0.02254007486626506,0.010521074291318655,0.006619966169819236,1,1,1,complete
01-05-01-01-02-01,02-01-05-01-01-02-01,02-01-05-01-01-02-01,data/raw/ravdess/video_speech/Video_Speech_Actor_01/Actor_01/02-01-05-01-01-02-01.mp4,1,train,05,4,angry,01,01,02,02-01-05-01-01-02-01,canonical_02,/home/tonyhe/ravdess_avfusion/external/video_face_branch/early_fusion_facial_v2/fusion_pack_5f/sequences/02-01-05-01-01-02-01.npy,5,2048,02-01-05-01-01-02-01,canonical_02,5,4,angry,0.02011816706508398,0.008479373063892126,0.008513893373310566,0.012964745983481407,0.9201153516769409,0.015004760446026921,0.008291483111679553,0.006512235174886883,1,1,1,complete
01-05-01-02-01-01,02-01-05-01-02-01-01,02-01-05-01-02-01-01,data/raw/ravdess/video_speech/Video_Speech_Actor_01/Actor_01/02-01-05-01-02-01-01.mp4,1,train,05,4,angry,01,02,01,02-01-05-01-02-01-01,canonical_02,/home/tonyhe/ravdess_avfusion/external/video_face_branch/early_fusion_facial_v2/fusion_pack_5f/sequences/02-01-05-01-02-01-01.npy,5,2048,02-01-05-01-02-01-01,canonical_02,5,4,angry,0.01728434432297945,0.009951325412839652,0.011122146807610988,0.013939380180090666,0.9189690828323365,0.007445802818983794,0.014791002497076988,0.006496865721419454,1,1,1,complete
01-05-01-02-02-01,02-01-05-01-02-02-01,02-01-05-01-02-02-01,data/raw/ravdess/video_speech/Video_Speech_Actor_01/Actor_01/02-01-05-01-02-02-01.mp4,1,train,05,4,angry,01,02,02,02-01-05-01-02-02-01,canonical_02,/home/tonyhe/ravdess_avfusion/external/video_face_branch/early_fusion_facial_v2/fusion_pack_5f/sequences/02-01-05-01-02-02-01.npy,5,2048,02-01-05-01-02-02-01,canonical_02,5,4,angry,0.01310836598277092,0.006653817556798458,0.007189651392400265,0.008782573323696852,0.9478575944900512,0.005713399825617671,0.006641482003033161,0.0040530946105718614,1,1,1,complete
01-05-02-01-01-01,02-01-05-02-01-01-01,02-01-05-02-01-01-01,data/raw/ravdess/video_speech/Video_Speech_Actor_01/Actor_01/02-01-05-02-01-01-01.mp4,1,train,05,4,angry,02,01,01,02-01-05-02-01-01-01,canonical_02,/home/tonyhe/ravdess_avfusion/external/video_face_branch/early_fusion_facial_v2/fusion_pack_5f/sequences/02-01-05-02-01-01-01.npy,5,2048,02-01-05-02-01-01-01,canonical_02,5,4,angry,0.02178110182285309,0.015606619231402875,0.00997176142409444,0.017063989117741585,0.8302407383918762,0.049261610768735406,0.01684068962931633,0.03923347499221563,1,1,1,complete
01-05-02-01-02-01,02-01-05-02-01-02-01,02-01-05-02-01-02-01,data/raw/ravdess/video_speech/Video_Speech_Actor_01/Actor_01/02-01-05-02-01-02-01.mp4,1,train,05,4,angry,02,01,02,02-01-05-02-01-02-01,canonical_02,/home/tonyhe/ravdess_avfusion/external/video_face_branch/early_fusion_facial_v2/fusion_pack_5f/sequences/02-01-05-02-01-02-01.npy,5,2048,02-01-05-02-01-02-01,canonical_02,5,4,angry,0.021724372170865536,0.010694283805787564,0.009136312082409859,0.009259372297674418,0.913860273361206,0.010034987423568963,0.013881423603743314,0.011409001424908638,1,1,1,complete
01-05-02-02-01-01,02-01-05-02-02-01-01,02-01-05-02-02-01-01,data/raw/ravdess/video_speech/Video_Speech_Actor_01/Actor_01/02-01-05-02-02-01-01.mp4,1,train,05,4,angry,02,02,01,02-01-05-02-02-01-01,canonical_02,/home/tonyhe/ravdess_avfusion/external/video_face_branch/early_fusion_facial_v2/fusion_pack_5f/sequences/02-01-05-02-02-01-01.npy,5,2048,02-01-05-02-02-01-01,canonical_02,5,4,angry,0.02072810009121895,0.009586913883686066,0.009909780696034431,0.00908484673127532,0.9153010964393615,0.01071630958467722,0.012712123803794384,0.011960807628929615,1,1,1,complete
01-05-02-02-02-01,02-01-05-02-02-02-01,02-01-05-02-02-02-01,data/raw/ravdess/video_speech/Video_Speech_Actor_01/Actor_01/02-01-05-02-02-02-01.mp4,1,train,05,4,angry,02,02,02,02-01-05-02-02-02-01,canonical_02,/home/tonyhe/ravdess_avfusion/external/video_face_branch/early_fusion_facial_v2/fusion_pack_5f/sequences/02-01-05-02-02-02-01.npy,5,2048,02-01-05-02-02-02-01,canonical_02,5,4,angry,0.016932189650833606,0.010796055477112532,0.008643295988440514,0.008589411899447442,0.9270159482955933,0.009375956933945417,0.010832869634032249,0.007814288418740035,1,1,1,complete
01-06-01-01-01-01,02-01-06-01-01-01-01,02-01-06-01-01-01-01,data/raw/ravdess/video_speech/Video_Speech_Actor_01/Actor_01/02-01-06-01-01-01-01.mp4,1,train,06,5,fearful,01,01,01,02-01-06-01-01-01-01,canonical_02,/home/tonyhe/ravdess_avfusion/external/video_face_branch/early_fusion_facial_v2/fusion_pack_5f/sequences/02-01-06-01-01-01-01.npy,5,2048,02-01-06-01-01-01-01,canonical_02,5,5,fearful,0.01593618430197239,0.007446560077369213,0.006948909722268581,0.009270633198320865,0.005628160852938891,0.9393258690834045,0.010041905660182237,0.0054017770104110244,1,1,1,complete
01-06-01-01-02-01,02-01-06-01-01-02-01,02-01-06-01-01-02-01,data/raw/ravdess/video_speech/Video_Speech_Actor_01/Actor_01/02-01-06-01-01-02-01.mp4,1,train,06,5,fearful,01,01,02,02-01-06-01-01-02-01,canonical_02,/home/tonyhe/ravdess_avfusion/external/video_face_branch/early_fusion_facial_v2/fusion_pack_5f/sequences/02-01-06-01-01-02-01.npy,5,2048,02-01-06-01-01-02-01,canonical_02,5,5,fearful,0.013422977924346925,0.008871861174702645,0.008191321045160294,0.014320868626236915,0.005721192900091409,0.9374997854232788,0.007548048626631498,0.004423983534798026,1,1,1,complete
01-06-01-02-01-01,02-01-06-01-02-01-01,02-01-06-01-02-01-01,data/raw/ravdess/video_speech/Video_Speech_Actor_01/Actor_01/02-01-06-01-02-01-01.mp4,1,train,06,5,fearful,01,02,01,02-01-06-01-02-01-01,canonical_02,/home/tonyhe/ravdess_avfusion/external/video_face_branch/early_fusion_facial_v2/fusion_pack_5f/sequences/02-01-06-01-02-01-01.npy,5,2048,02-01-06-01-02-01-01,canonical_02,5,5,fearful,0.01561534870415926,0.007964216638356447,0.00606581075116992,0.00616490077227354,0.007150351535528898,0.9433816313743592,0.0073868812993168834,0.006270832382142544,1,1,1,complete
01-06-01-02-02-01,02-01-06-01-02-02-01,02-01-06-01-02-02-01,data/raw/ravdess/video_speech/Video_Speech_Actor_01/Actor_01/02-01-06-01-02-02-01.mp4,1,train,06,5,fearful,01,02,02,02-01-06-01-02-02-01,canonical_02,/home/tonyhe/ravdess_avfusion/external/video_face_branch/early_fusion_facial_v2/fusion_pack_5f/sequences/02-01-06-01-02-02-01.npy,5,2048,02-01-06-01-02-02-01,canonical_02,5,5,fearful,0.023225318640470505,0.010741611383855343,0.010046494007110596,0.018662587366998197,0.01013496732339263,0.9071798205375672,0.011079171299934387,0.008930044993758202,1,1,1,complete
01-06-02-01-01-01,02-01-06-02-01-01-01,02-01-06-02-01-01-01,data/raw/ravdess/video_speech/Video_Speech_Actor_01/Actor_01/02-01-06-02-01-01-01.mp4,1,train,06,5,fearful,02,01,01,02-01-06-02-01-01-01,canonical_02,/home/tonyhe/ravdess_avfusion/external/video_face_branch/early_fusion_facial_v2/fusion_pack_5f/sequences/02-01-06-02-01-01-01.npy,5,2048,02-01-06-02-01-01-01,canonical_02,5,5,fearful,0.013902222923934459,0.006113099679350853,0.006296557933092117,0.015460249548777939,0.004621594399213791,0.9376750469207764,0.008191348519176245,0.007739917328581214,1,1,1,complete
01-06-02-01-02-01,02-01-06-02-01-02-01,02-01-06-02-01-02-01,data/raw/ravdess/video_speech/Video_Speech_Actor_01/Actor_01/02-01-06-02-01-02-01.mp4,1,train,06,5,fearful,02,01,02,02-01-06-02-01-02-01,canonical_02,/home/tonyhe/ravdess_avfusion/external/video_face_branch/early_fusion_facial_v2/fusion_pack_5f/sequences/02-01-06-02-01-02-01.npy,5,2048,02-01-06-02-01-02-01,canonical_02,5,5,fearful,0.014469433575868607,0.006390331871807575,0.007412866409868002,0.005660753417760134,0.014319843100383877,0.9365245819091796,0.008904397394508124,0.0063177847769111395,1,1,1,complete
01-06-02-02-01-01,02-01-06-02-02-01-01,02-01-06-02-02-01-01,data/raw/ravdess/video_speech/Video_Speech_Actor_01/Actor_01/02-01-06-02-02-01-01.mp4,1,train,06,5,fearful,02,02,01,02-01-06-02-02-01-01,canonical_02,/home/tonyhe/ravdess_avfusion/external/video_face_branch/early_fusion_facial_v2/fusion_pack_5f/sequences/02-01-06-02-02-01-01.npy,5,2048,02-01-06-02-02-01-01,canonical_02,5,5,fearful,0.014320224337279797,0.0069307942874729635,0.006505897361785173,0.005138498917222023,0.006759713217616081,0.9467474937438964,0.007153716124594212,0.006443668156862259,1,1,1,complete
01-06-02-02-02-01,02-01-06-02-02-02-01,02-01-06-02-02-02-01,data/raw/ravdess/video_speech/Video_Speech_Actor_01/Actor_01/02-01-06-02-02-02-01.mp4,1,train,06,5,fearful,02,02,02,02-01-06-02-02-02-01,canonical_02,/home/tonyhe/ravdess_avfusion/external/video_face_branch/early_fusion_facial_v2/fusion_pack_5f/sequences/02-01-06-02-02-02-01.npy,5,2048,02-01-06-02-02-02-01,canonical_02,5,5,fearful,0.017495020199567078,0.00966887203976512,0.009522187709808349,0.008490372495725752,0.007037069834768772,0.9305405259132385,0.009377249982208014,0.007868722872808575,1,1,1,complete
01-07-01-01-01-01,02-01-07-01-01-01-01,02-01-07-01-01-01-01,data/raw/ravdess/video_speech/Video_Speech_Actor_01/Actor_01/02-01-07-01-01-01-01.mp4,1,train,07,6,disgust,01,01,01,02-01-07-01-01-01-01,canonical_02,/home/tonyhe/ravdess_avfusion/external/video_face_branch/early_fusion_facial_v2/fusion_pack_5f/sequences/02-01-07-01-01-01-01.npy,5,2048,02-01-07-01-01-01-01,canonical_02,5,6,disgust,0.014784124679863453,0.01151836309581995,0.006682819686830044,0.007477858103811741,0.0067680953070521355,0.006572721619158983,0.9374684929847718,0.008727542590349913,1,1,1,complete
01-07-01-01-02-01,02-01-07-01-01-02-01,02-01-07-01-01-02-01,data/raw/ravdess/video_speech/Video_Speech_Actor_01/Actor_01/02-01-07-01-01-02-01.mp4,1,train,07,6,disgust,01,01,02,02-01-07-01-01-02-01,canonical_02,/home/tonyhe/ravdess_avfusion/external/video_face_branch/early_fusion_facial_v2/fusion_pack_5f/sequences/02-01-07-01-01-02-01.npy,5,2048,02-01-07-01-01-02-01,canonical_02,5,6,disgust,0.01809314526617527,0.009926571883261204,0.0074721891433000565,0.007101780083030462,0.007235355861485005,0.008744171913713216,0.9279853701591492,0.013441385887563228,1,1,1,complete
01-07-01-02-01-01,02-01-07-01-02-01-01,02-01-07-01-02-01-01,data/raw/ravdess/video_speech/Video_Speech_Actor_01/Actor_01/02-01-07-01-02-01-01.mp4,1,train,07,6,disgust,01,02,01,02-01-07-01-02-01-01,canonical_02,/home/tonyhe/ravdess_avfusion/external/video_face_branch/early_fusion_facial_v2/fusion_pack_5f/sequences/02-01-07-01-02-01-01.npy,5,2048,02-01-07-01-02-01-01,canonical_02,5,6,disgust,0.018914741277694703,0.010972189903259277,0.007775349821895361,0.009143835678696633,0.007687375694513321,0.009182577580213546,0.9263498544692993,0.009974113199859858,1,1,1,complete
01-07-01-02-02-01,02-01-07-01-02-02-01,02-01-07-01-02-02-01,data/raw/ravdess/video_speech/Video_Speech_Actor_01/Actor_01/02-01-07-01-02-02-01.mp4,1,train,07,6,disgust,01,02,02,02-01-07-01-02-02-01,canonical_02,/home/tonyhe/ravdess_avfusion/external/video_face_branch/early_fusion_facial_v2/fusion_pack_5f/sequences/02-01-07-01-02-02-01.npy,5,2048,02-01-07-01-02-02-01,canonical_02,5,6,disgust,0.01708452347666025,0.010745764151215554,0.007403028663247824,0.008177496213465928,0.007041418831795454,0.008669583313167094,0.9317063808441162,0.009171821735799312,1,1,1,complete
01-07-02-01-01-01,02-01-07-02-01-01-01,02-01-07-02-01-01-01,data/raw/ravdess/video_speech/Video_Speech_Actor_01/Actor_01/02-01-07-02-01-01-01.mp4,1,train,07,6,disgust,02,01,01,02-01-07-02-01-01-01,canonical_02,/home/tonyhe/ravdess_avfusion/external/video_face_branch/early_fusion_facial_v2/fusion_pack_5f/sequences/02-01-07-02-01-01-01.npy,5,2048,02-01-07-02-01-01-01,canonical_02,5,6,disgust,0.01507949810475111,0.007133078668266535,0.008143198490142823,0.00662740720435977,0.010310277668759226,0.009041515830904245,0.9324294090270996,0.01123566459864378,1,1,1,complete
01-07-02-01-02-01,02-01-07-02-01-02-01,02-01-07-02-01-02-01,data/raw/ravdess/video_speech/Video_Speech_Actor_01/Actor_01/02-01-07-02-01-02-01.mp4,1,train,07,6,disgust,02,01,02,02-01-07-02-01-02-01,canonical_02,/home/tonyhe/ravdess_avfusion/external/video_face_branch/early_fusion_facial_v2/fusion_pack_5f/sequences/02-01-07-02-01-02-01.npy,5,2048,02-01-07-02-01-02-01,canonical_02,5,6,disgust,0.023010269924998283,0.011381105706095695,0.009670942276716232,0.009623235743492841,0.011211518570780754,0.01062957551330328,0.9118465304374694,0.012626850977540016,1,1,1,complete
01-07-02-02-01-01,02-01-07-02-02-01-01,02-01-07-02-02-01-01,data/raw/ravdess/video_speech/Video_Speech_Actor_01/Actor_01/02-01-07-02-02-01-01.mp4,1,train,07,6,disgust,02,02,01,02-01-07-02-02-01-01,canonical_02,/home/tonyhe/ravdess_avfusion/external/video_face_branch/early_fusion_facial_v2/fusion_pack_5f/sequences/02-01-07-02-02-01-01.npy,5,2048,02-01-07-02-02-01-01,canonical_02,5,6,disgust,0.01845639795064926,0.01127749914303422,0.009584193583577871,0.009762668702751397,0.010706635285168886,0.009181681182235479,0.9175898671150208,0.013441087678074837,1,1,1,complete
01-07-02-02-02-01,02-01-07-02-02-02-01,02-01-07-02-02-02-01,data/raw/ravdess/video_speech/Video_Speech_Actor_01/Actor_01/02-01-07-02-02-02-01.mp4,1,train,07,6,disgust,02,02,02,02-01-07-02-02-02-01,canonical_02,/home/tonyhe/ravdess_avfusion/external/video_face_branch/early_fusion_facial_v2/fusion_pack_5f/sequences/02-01-07-02-02-02-01.npy,5,2048,02-01-07-02-02-02-01,canonical_02,5,6,disgust,0.014960643276572228,0.007767950836569071,0.006873606331646442,0.006690561398863792,0.008541528414934874,0.0078722907230258,0.9381455898284912,0.009147838316857814,1,1,1,complete
01-08-01-01-01-01,02-01-08-01-01-01-01,02-01-08-01-01-01-01,data/raw/ravdess/video_speech/Video_Speech_Actor_01/Actor_01/02-01-08-01-01-01-01.mp4,1,train,08,7,surprise,01,01,01,02-01-08-01-01-01-01,canonical_02,/home/tonyhe/ravdess_avfusion/external/video_face_branch/early_fusion_facial_v2/fusion_pack_5f/sequences/02-01-08-01-01-01-01.npy,5,2048,02-01-08-01-01-01-01,canonical_02,5,7,surprise,0.01781491469591856,0.009377957321703434,0.007371749263256788,0.012196415290236472,0.010187417082488538,0.007643750868737698,0.009202024154365062,0.9262057781219483,1,1,1,complete
01-08-01-01-02-01,02-01-08-01-01-02-01,02-01-08-01-01-02-01,data/raw/ravdess/video_speech/Video_Speech_Actor_01/Actor_01/02-01-08-01-01-02-01.mp4,1,train,08,7,surprise,01,01,02,02-01-08-01-01-02-01,canonical_02,/home/tonyhe/ravdess_avfusion/external/video_face_branch/early_fusion_facial_v2/fusion_pack_5f/sequences/02-01-08-01-01-02-01.npy,5,2048,02-01-08-01-01-02-01,canonical_02,5,7,surprise,0.016980153135955335,0.009115946758538485,0.009121055342257023,0.015121751464903355,0.008226812537759542,0.005804455652832985,0.011320227105170489,0.9243096113204956,1,1,1,complete
01-08-01-02-01-01,02-01-08-01-02-01-01,02-01-08-01-02-01-01,data/raw/ravdess/video_speech/Video_Speech_Actor_01/Actor_01/02-01-08-01-02-01-01.mp4,1,train,08,7,surprise,01,02,01,02-01-08-01-02-01-01,canonical_02,/home/tonyhe/ravdess_avfusion/external/video_face_branch/early_fusion_facial_v2/fusion_pack_5f/sequences/02-01-08-01-02-01-01.npy,5,2048,02-01-08-01-02-01-01,canonical_02,5,7,surprise,0.019503794610500336,0.011770108528435231,0.00819105226546526,0.017121564783155917,0.008162615355104208,0.008979657385498285,0.016725707985460758,0.9095455288887024,1,1,1,complete
01-08-01-02-02-01,02-01-08-01-02-02-01,02-01-08-01-02-02-01,data/raw/ravdess/video_speech/Video_Speech_Actor_01/Actor_01/02-01-08-01-02-02-01.mp4,1,train,08,7,surprise,01,02,02,02-01-08-01-02-02-01,canonical_02,/home/tonyhe/ravdess_avfusion/external/video_face_branch/early_fusion_facial_v2/fusion_pack_5f/sequences/02-01-08-01-02-02-01.npy,5,2048,02-01-08-01-02-02-01,canonical_02,5,7,surprise,0.03191052302718163,0.010625153593719006,0.009566911589354276,0.010824620630592108,0.012371946685016155,0.00898576369509101,0.010376354586333037,0.905338704586029,1,1,1,complete
01-08-02-01-01-01,02-01-08-02-01-01-01,02-01-08-02-01-01-01,data/raw/ravdess/video_speech/Video_Speech_Actor_01/Actor_01/02-01-08-02-01-01-01.mp4,1,train,08,7,surprise,02,01,01,02-01-08-02-01-01-01,canonical_02,/home/tonyhe/ravdess_avfusion/external/video_face_branch/early_fusion_facial_v2/fusion_pack_5f/sequences/02-01-08-02-01-01-01.npy,5,2048,02-01-08-02-01-01-01,canonical_02,5,7,surprise,0.02304477207362652,0.011322702653706074,0.010189620964229106,0.0071332893334329125,0.009519336931407451,0.008657232858240604,0.009689007885754108,0.9204439997673035,1,1,1,complete
01-08-02-01-02-01,02-01-08-02-01-02-01,02-01-08-02-01-02-01,data/raw/ravdess/video_speech/Video_Speech_Actor_01/Actor_01/02-01-08-02-01-02-01.mp4,1,train,08,7,surprise,02,01,02,02-01-08-02-01-02-01,canonical_02,/home/tonyhe/ravdess_avfusion/external/video_face_branch/early_fusion_facial_v2/fusion_pack_5f/sequences/02-01-08-02-01-02-01.npy,5,2048,02-01-08-02-01-02-01,canonical_02,5,7,surprise,0.020258587785065174,0.014681837987154722,0.009986631199717521,0.009013501461595297,0.011285497155040503,0.00967671312391758,0.009278708603233099,0.9158184885978699,1,1,1,complete
01-08-02-02-01-01,02-01-08-02-02-01-01,02-01-08-02-02-01-01,data/raw/ravdess/video_speech/Video_Speech_Actor_01/Actor_01/02-01-08-02-02-01-01.mp4,1,train,08,7,surprise,02,02,01,02-01-08-02-02-01-01,canonical_02,/home/tonyhe/ravdess_avfusion/external/video_face_branch/early_fusion_facial_v2/fusion_pack_5f/sequences/02-01-08-02-02-01-01.npy,5,2048,02-01-08-02-02-01-01,canonical_02,5,7,surprise,0.022515762969851492,0.01275351718068123,0.011523047834634781,0.012798302620649338,0.01469518207013607,0.011386517155915498,0.014042161777615548,0.9002855062484741,1,1,1,complete
01-08-02-02-02-01,02-01-08-02-02-02-01,02-01-08-02-02-02-01,data/raw/ravdess/video_speech/Video_Speech_Actor_01/Actor_01/02-01-08-02-02-02-01.mp4,1,train,08,7,surprise,02,02,02,02-01-08-02-02-02-01,canonical_02,/home/tonyhe/ravdess_avfusion/external/video_face_branch/early_fusion_facial_v2/fusion_pack_5f/sequences/02-01-08-02-02-02-01.npy,5,2048,02-01-08-02-02-02-01,canonical_02,5,7,surprise,0.019061199948191644,0.008891490567475558,0.009618234448134899,0.011442741472274065,0.009146749507635832,0.007937993668019772,0.010750513803213835,0.9231511235237122,1,1,1,complete
01-01-01-01-01-02,02-01-01-01-01-01-02,02-01-01-01-01-01-02,data/raw/ravdess/video_speech/Video_Speech_Actor_02/Actor_02/02-01-01-01-01-01-02.mp4,2,train,01,0,neutral,01,01,01,02-01-01-01-01-01-02,canonical_02,/home/tonyhe/ravdess_avfusion/external/video_face_branch/early_fusion_facial_v2/fusion_pack_5f/sequences/02-01-01-01-01-01-02.npy,5,2048,02-01-01-01-01-01-02,canonical_02,5,0,neutral,0.9455941557884217,0.006911338400095701,0.007415972370654345,0.009601126611232757,0.006246409751474858,0.0066931254230439665,0.008387344144284724,0.00915052080526948,1,1,1,complete
01-01-01-01-02-02,02-01-01-01-01-02-02,02-01-01-01-01-02-02,data/raw/ravdess/video_speech/Video_Speech_Actor_02/Actor_02/02-01-01-01-01-02-02.mp4,2,train,01,0,neutral,01,01,02,02-01-01-01-01-02-02,canonical_02,/home/tonyhe/ravdess_avfusion/external/video_face_branch/early_fusion_facial_v2/fusion_pack_5f/sequences/02-01-01-01-01-02-02.npy,5,2048,02-01-01-01-01-02-02,canonical_02,5,0,neutral,0.9561926245689392,0.006589878350496292,0.006019351817667484,0.008122362568974495,0.004956195317208767,0.0050756680779159066,0.007429833337664604,0.00561408344656229,1,1,1,complete
01-01-01-02-01-02,02-01-01-01-02-01-02,02-01-01-01-02-01-02,data/raw/ravdess/video_speech/Video_Speech_Actor_02/Actor_02/02-01-01-01-02-01-02.mp4,2,train,01,0,neutral,01,02,01,02-01-01-01-02-01-02,canonical_02,/home/tonyhe/ravdess_avfusion/external/video_face_branch/early_fusion_facial_v2/fusion_pack_5f/sequences/02-01-01-01-02-01-02.npy,5,2048,02-01-01-01-02-01-02,canonical_02,5,0,neutral,0.9613505005836487,0.005149280931800604,0.005459976103156805,0.005954202357679605,0.004728189902380109,0.0049744090531021355,0.0064658399671316145,0.005917591135948896,1,1,1,complete
01-01-01-02-02-02,02-01-01-01-02-02-02,02-01-01-01-02-02-02,data/raw/ravdess/video_speech/Video_Speech_Actor_02/Actor_02/02-01-01-01-02-02-02.mp4,2,train,01,0,neutral,01,02,02,02-01-01-01-02-02-02,canonical_02,/home/tonyhe/ravdess_avfusion/external/video_face_branch/early_fusion_facial_v2/fusion_pack_5f/sequences/02-01-01-01-02-02-02.npy,5,2048,02-01-01-01-02-02-02,canonical_02,5,0,neutral,0.9539037942886353,0.005585803836584091,0.00632355734705925,0.00664289053529501,0.004803656972944737,0.006373563781380653,0.007206721510738134,0.009160077385604381,1,1,1,complete
01-02-01-01-01-02,02-01-02-01-01-01-02,02-01-02-01-01-01-02,data/raw/ravdess/video_speech/Video_Speech_Actor_02/Actor_02/02-01-02-01-01-01-02.mp4,2,train,02,1,calm,01,01,01,02-01-02-01-01-01-02,canonical_02,/home/tonyhe/ravdess_avfusion/external/video_face_branch/early_fusion_facial_v2/fusion_pack_5f/sequences/02-01-02-01-01-01-02.npy,5,2048,02-01-02-01-01-01-02,canonical_02,5,1,calm,0.042066968977451324,0.8899080038070679,0.009578700363636016,0.011210781522095203,0.00949812140315771,0.010709042102098465,0.013867894560098648,0.013160480745136737,1,1,1,complete
01-02-01-01-02-02,02-01-02-01-01-02-02,02-01-02-01-01-02-02,data/raw/ravdess/video_speech/Video_Speech_Actor_02/Actor_02/02-01-02-01-01-02-02.mp4,2,train,02,1,calm,01,01,02,02-01-02-01-01-02-02,canonical_02,/home/tonyhe/ravdess_avfusion/external/video_face_branch/early_fusion_facial_v2/fusion_pack_5f/sequences/02-01-02-01-01-02-02.npy,5,2048,02-01-02-01-01-02-02,canonical_02,5,1,calm,0.07109116949141026,0.8629483461380005,0.01576824691146612,0.00922125456854701,0.008358288183808326,0.009145512059330941,0.011898273602128029,0.01156886639073491,1,1,1,complete
01-02-01-02-01-02,02-01-02-01-02-01-02,02-01-02-01-02-01-02,data/raw/ravdess/video_speech/Video_Speech_Actor_02/Actor_02/02-01-02-01-02-01-02.mp4,2,train,02,1,calm,01,02,01,02-01-02-01-02-01-02,canonical_02,/home/tonyhe/ravdess_avfusion/external/video_face_branch/early_fusion_facial_v2/fusion_pack_5f/sequences/02-01-02-01-02-01-02.npy,5,2048,02-01-02-01-02-01-02,canonical_02,5,1,calm,0.029628288373351096,0.8930549144744873,0.011968937888741493,0.011901842895895243,0.011780321411788464,0.013008035905659198,0.015570062957704068,0.013087611645460129,1,1,1,complete
01-02-01-02-02-02,02-01-02-01-02-02-02,02-01-02-01-02-02-02,data/raw/ravdess/video_speech/Video_Speech_Actor_02/Actor_02/02-01-02-01-02-02-02.mp4,2,train,02,1,calm,01,02,02,02-01-02-01-02-02-02,canonical_02,/home/tonyhe/ravdess_avfusion/external/video_face_branch/early_fusion_facial_v2/fusion_pack_5f/sequences/02-01-02-01-02-02-02.npy,5,2048,02-01-02-01-02-02-02,canonical_02,5,1,calm,0.023845870792865754,0.8970290064811707,0.016083102487027646,0.011430639866739511,0.011372700240463019,0.012516013905405998,0.015415503457188607,0.012307212874293327,1,1,1,complete
01-02-02-01-01-02,02-01-02-02-01-01-02,02-01-02-02-01-01-02,data/raw/ravdess/video_speech/Video_Speech_Actor_02/Actor_02/02-01-02-02-01-01-02.mp4,2,train,02,1,calm,02,01,01,02-01-02-02-01-01-02,canonical_02,/home/tonyhe/ravdess_avfusion/external/video_face_branch/early_fusion_facial_v2/fusion_pack_5f/sequences/02-01-02-02-01-01-02.npy,5,2048,02-01-02-02-01-01-02,canonical_02,5,1,calm,0.025911816209554673,0.8963621497154236,0.011543059721589088,0.012502498365938664,0.013137519732117653,0.012966804578900338,0.014454498142004012,0.0131216362118721,1,1,1,complete
01-02-02-01-02-02,02-01-02-02-01-02-02,02-01-02-02-01-02-02,data/raw/ravdess/video_speech/Video_Speech_Actor_02/Actor_02/02-01-02-02-01-02-02.mp4,2,train,02,1,calm,02,01,02,02-01-02-02-01-02-02,canonical_02,/home/tonyhe/ravdess_avfusion/external/video_face_branch/early_fusion_facial_v2/fusion_pack_5f/sequences/02-01-02-02-01-02-02.npy,5,2048,02-01-02-02-01-02-02,canonical_02,5,1,calm,0.03729420341551304,0.8982596755027771,0.009693782869726419,0.01003310615196824,0.009651003126055002,0.009758033137768508,0.01281692311167717,0.012493275199085474,1,1,1,complete
01-02-02-02-01-02,02-01-02-02-02-01-02,02-01-02-02-02-01-02,data/raw/ravdess/video_speech/Video_Speech_Actor_02/Actor_02/02-01-02-02-02-01-02.mp4,2,train,02,1,calm,02,02,01,02-01-02-02-02-01-02,canonical_02,/home/tonyhe/ravdess_avfusion/external/video_face_branch/early_fusion_facial_v2/fusion_pack_5f/sequences/02-01-02-02-02-01-02.npy,5,2048,02-01-02-02-02-01-02,canonical_02,5,1,calm,0.01960571315139532,0.9179727435112,0.008744380623102187,0.008415403123944998,0.01008709827437997,0.011596618313342332,0.012958393059670925,0.010619680397212505,1,1,1,complete
01-02-02-02-02-02,02-01-02-02-02-02-02,02-01-02-02-02-02-02,data/raw/ravdess/video_speech/Video_Speech_Actor_02/Actor_02/02-01-02-02-02-02-02.mp4,2,train,02,1,calm,02,02,02,02-01-02-02-02-02-02,canonical_02,/home/tonyhe/ravdess_avfusion/external/video_face_branch/early_fusion_facial_v2/fusion_pack_5f/sequences/02-01-02-02-02-02-02.npy,5,2048,02-01-02-02-02-02-02,canonical_02,5,1,calm,0.188065080717206,0.7490564167499543,0.009064230788499116,0.009235919546335935,0.00959083866328001,0.00983791584149003,0.01242697685956955,0.012722612917423248,1,1,1,complete
01-03-01-01-01-02,02-01-03-01-01-01-02,02-01-03-01-01-01-02,data/raw/ravdess/video_speech/Video_Speech_Actor_02/Actor_02/02-01-03-01-01-01-02.mp4,2,train,03,2,happy,01,01,01,02-01-03-01-01-01-02,canonical_02,/home/tonyhe/ravdess_avfusion/external/video_face_branch/early_fusion_facial_v2/fusion_pack_5f/sequences/02-01-03-01-01-01-02.npy,5,2048,02-01-03-01-01-01-02,canonical_02,5,2,happy,0.023170968890190123,0.012741191498935222,0.9121723175048828,0.009543439745903015,0.00927469301968813,0.00949397385120392,0.012496330589056016,0.011107144132256507,1,1,1,complete
01-03-01-01-02-02,02-01-03-01-01-02-02,02-01-03-01-01-02-02,data/raw/ravdess/video_speech/Video_Speech_Actor_02/Actor_02/02-01-03-01-01-02-02.mp4,2,train,03,2,happy,01,01,02,02-01-03-01-01-02-02,canonical_02,/home/tonyhe/ravdess_avfusion/external/video_face_branch/early_fusion_facial_v2/fusion_pack_5f/sequences/02-01-03-01-01-02-02.npy,5,2048,02-01-03-01-01-02-02,canonical_02,5,2,happy,0.025219213217496872,0.02169730830937624,0.8956783175468445,0.009566999226808547,0.010671950690448285,0.01097933780401945,0.013882093876600266,0.012304750084877015,1,1,1,complete
01-03-01-02-01-02,02-01-03-01-02-01-02,02-01-03-01-02-01-02,data/raw/ravdess/video_speech/Video_Speech_Actor_02/Actor_02/02-01-03-01-02-01-02.mp4,2,train,03,2,happy,01,02,01,02-01-03-01-02-01-02,canonical_02,/home/tonyhe/ravdess_avfusion/external/video_face_branch/early_fusion_facial_v2/fusion_pack_5f/sequences/02-01-03-01-02-01-02.npy,5,2048,02-01-03-01-02-01-02,canonical_02,5,2,happy,0.02189658060669899,0.014836167730391026,0.9102397441864014,0.00958170583471656,0.00890284227207303,0.010203569568693638,0.012211438082158566,0.012127924896776675,1,1,1,complete
01-03-01-02-02-02,02-01-03-01-02-02-02,02-01-03-01-02-02-02,data/raw/ravdess/video_speech/Video_Speech_Actor_02/Actor_02/02-01-03-01-02-02-02.mp4,2,train,03,2,happy,01,02,02,02-01-03-01-02-02-02,canonical_02,/home/tonyhe/ravdess_avfusion/external/video_face_branch/early_fusion_facial_v2/fusion_pack_5f/sequences/02-01-03-01-02-02-02.npy,5,2048,02-01-03-01-02-02-02,canonical_02,5,2,happy,0.027013005688786507,0.017895498126745225,0.8962770104408264,0.011100695282220841,0.010662569478154183,0.011623532325029374,0.013404381833970547,0.012023302353918552,1,1,1,complete
01-03-02-01-01-02,02-01-03-02-01-01-02,02-01-03-02-01-01-02,data/raw/ravdess/video_speech/Video_Speech_Actor_02/Actor_02/02-01-03-02-01-01-02.mp4,2,train,03,2,happy,02,01,01,02-01-03-02-01-01-02,canonical_02,/home/tonyhe/ravdess_avfusion/external/video_face_branch/early_fusion_facial_v2/fusion_pack_5f/sequences/02-01-03-02-01-01-02.npy,5,2048,02-01-03-02-01-01-02,canonical_02,5,2,happy,0.02295674793422222,0.012756322696805,0.9104530692100525,0.00906592160463333,0.009614129923284054,0.010589309222996234,0.012846537493169307,0.011717931926250457,1,1,1,complete
01-03-02-01-02-02,02-01-03-02-01-02-02,02-01-03-02-01-02-02,data/raw/ravdess/video_speech/Video_Speech_Actor_02/Actor_02/02-01-03-02-01-02-02.mp4,2,train,03,2,happy,02,01,02,02-01-03-02-01-02-02,canonical_02,/home/tonyhe/ravdess_avfusion/external/video_face_branch/early_fusion_facial_v2/fusion_pack_5f/sequences/02-01-03-02-01-02-02.npy,5,2048,02-01-03-02-01-02-02,canonical_02,5,2,happy,0.02425876148045063,0.021168038621544837,0.900147545337677,0.009625046513974667,0.009633440896868706,0.010675143636763095,0.0131693284958601,0.011322714574635028,1,1,1,complete
01-03-02-02-01-02,02-01-03-02-02-01-02,02-01-03-02-02-01-02,data/raw/ravdess/video_speech/Video_Speech_Actor_02/Actor_02/02-01-03-02-02-01-02.mp4,2,train,03,2,happy,02,02,01,02-01-03-02-02-01-02,canonical_02,/home/tonyhe/ravdess_avfusion/external/video_face_branch/early_fusion_facial_v2/fusion_pack_5f/sequences/02-01-03-02-02-01-02.npy,5,2048,02-01-03-02-02-01-02,canonical_02,5,2,happy,0.0221177913248539,0.012616599909961224,0.9134893774986267,0.009212333522737027,0.008999285381287336,0.010289654694497585,0.012403103895485402,0.010871843993663787,1,1,1,complete
01-03-02-02-02-02,02-01-03-02-02-02-02,02-01-03-02-02-02-02,data/raw/ravdess/video_speech/Video_Speech_Actor_02/Actor_02/02-01-03-02-02-02-02.mp4,2,train,03,2,happy,02,02,02,02-01-03-02-02-02-02,canonical_02,/home/tonyhe/ravdess_avfusion/external/video_face_branch/early_fusion_facial_v2/fusion_pack_5f/sequences/02-01-03-02-02-02-02.npy,5,2048,02-01-03-02-02-02-02,canonical_02,5,2,happy,0.023197323828935624,0.01294380109757185,0.9130658030509948,0.009401796851307154,0.008228794299066066,0.009839331079274417,0.012229147925972938,0.01109402123838663,1,1,1,complete
01-04-01-01-01-02,02-01-04-01-01-01-02,02-01-04-01-01-01-02,data/raw/ravdess/video_speech/Video_Speech_Actor_02/Actor_02/02-01-04-01-01-01-02.mp4,2,train,04,3,sad,01,01,01,02-01-04-01-01-01-02,canonical_02,/home/tonyhe/ravdess_avfusion/external/video_face_branch/early_fusion_facial_v2/fusion_pack_5f/sequences/02-01-04-01-01-01-02.npy,5,2048,02-01-04-01-01-01-02,canonical_02,5,3,sad,0.028021840006113054,0.010035953484475613,0.012753050588071347,0.9075642824172974,0.01191487703472376,0.008022456336766482,0.010872985236346722,0.010814575850963593,1,1,1,complete
01-04-01-01-02-02,02-01-04-01-01-02-02,02-01-04-01-01-02-02,data/raw/ravdess/video_speech/Video_Speech_Actor_02/Actor_02/02-01-04-01-01-02-02.mp4,2,train,04,3,sad,01,01,02,02-01-04-01-01-02-02,canonical_02,/home/tonyhe/ravdess_avfusion/external/video_face_branch/early_fusion_facial_v2/fusion_pack_5f/sequences/02-01-04-01-01-02-02.npy,5,2048,02-01-04-01-01-02-02,canonical_02,5,3,sad,0.024142184108495713,0.009545242786407471,0.011492841504514217,0.9133503556251525,0.010220881458371878,0.009464274160563946,0.011390629969537259,0.010393594484776258,1,1,1,complete
01-04-01-02-01-02,02-01-04-01-02-01-02,02-01-04-01-02-01-02,data/raw/ravdess/video_speech/Video_Speech_Actor_02/Actor_02/02-01-04-01-02-01-02.mp4,2,train,04,3,sad,01,02,01,02-01-04-01-02-01-02,canonical_02,/home/tonyhe/ravdess_avfusion/external/video_face_branch/early_fusion_facial_v2/fusion_pack_5f/sequences/02-01-04-01-02-01-02.npy,5,2048,02-01-04-01-02-01-02,canonical_02,5,3,sad,0.022549636103212832,0.0076758828945457935,0.009439093619585037,0.927082633972168,0.009470268059521914,0.006896970793604851,0.008745959401130677,0.008139569964259862,1,1,1,complete
01-04-01-02-02-02,02-01-04-01-02-02-02,02-01-04-01-02-02-02,data/raw/ravdess/video_speech/Video_Speech_Actor_02/Actor_02/02-01-04-01-02-02-02.mp4,2,train,04,3,sad,01,02,02,02-01-04-01-02-02-02,canonical_02,/home/tonyhe/ravdess_avfusion/external/video_face_branch/early_fusion_facial_v2/fusion_pack_5f/sequences/02-01-04-01-02-02-02.npy,5,2048,02-01-04-01-02-02-02,canonical_02,5,3,sad,0.03239841163158417,0.00928453290835023,0.011718934401869774,0.9058067083358765,0.01399100450798869,0.007182369474321604,0.010814224183559418,0.008803787734359502,1,1,1,complete
01-04-02-01-01-02,02-01-04-02-01-01-02,02-01-04-02-01-01-02,data/raw/ravdess/video_speech/Video_Speech_Actor_02/Actor_02/02-01-04-02-01-01-02.mp4,2,train,04,3,sad,02,01,01,02-01-04-02-01-01-02,canonical_02,/home/tonyhe/ravdess_avfusion/external/video_face_branch/early_fusion_facial_v2/fusion_pack_5f/sequences/02-01-04-02-01-01-02.npy,5,2048,02-01-04-02-01-01-02,canonical_02,5,3,sad,0.019632940366864204,0.00997356865555048,0.010508385207504033,0.9211803793907165,0.008082807110622526,0.009914015140384435,0.010951508674770594,0.009756433498114347,1,1,1,complete
01-04-02-01-02-02,02-01-04-02-01-02-02,02-01-04-02-01-02-02,data/raw/ravdess/video_speech/Video_Speech_Actor_02/Actor_02/02-01-04-02-01-02-02.mp4,2,train,04,3,sad,02,01,02,02-01-04-02-01-02-02,canonical_02,/home/tonyhe/ravdess_avfusion/external/video_face_branch/early_fusion_facial_v2/fusion_pack_5f/sequences/02-01-04-02-01-02-02.npy,5,2048,02-01-04-02-01-02-02,canonical_02,5,3,sad,0.021907821111381055,0.009621206298470497,0.012102843075990678,0.9197691679000854,0.009511925745755434,0.007233270723372698,0.010878427792340517,0.008975315932184457,1,1,1,complete
01-04-02-02-01-02,02-01-04-02-02-01-02,02-01-04-02-02-01-02,data/raw/ravdess/video_speech/Video_Speech_Actor_02/Actor_02/02-01-04-02-02-01-02.mp4,2,train,04,3,sad,02,02,01,02-01-04-02-02-01-02,canonical_02,/home/tonyhe/ravdess_avfusion/external/video_face_branch/early_fusion_facial_v2/fusion_pack_5f/sequences/02-01-04-02-02-01-02.npy,5,2048,02-01-04-02-02-01-02,canonical_02,5,3,sad,0.019124070554971694,0.009973674546927214,0.010578328743577003,0.9210182309150696,0.008543623704463243,0.010091324336826801,0.01137031838297844,0.00930039007216692,1,1,1,complete
01-04-02-02-02-02,02-01-04-02-02-02-02,02-01-04-02-02-02-02,data/raw/ravdess/video_speech/Video_Speech_Actor_02/Actor_02/02-01-04-02-02-02-02.mp4,2,train,04,3,sad,02,02,02,02-01-04-02-02-02-02,canonical_02,/home/tonyhe/ravdess_avfusion/external/video_face_branch/early_fusion_facial_v2/fusion_pack_5f/sequences/02-01-04-02-02-02-02.npy,5,2048,02-01-04-02-02-02-02,canonical_02,5,3,sad,0.021919307857751848,0.012559010088443756,0.011682670935988427,0.9088373422622681,0.010135624464601279,0.011665650084614754,0.013733680173754693,0.009466677717864514,1,1,1,complete
01-05-01-01-01-02,02-01-05-01-01-01-02,02-01-05-01-01-01-02,data/raw/ravdess/video_speech/Video_Speech_Actor_02/Actor_02/02-01-05-01-01-01-02.mp4,2,train,05,4,angry,01,01,01,02-01-05-01-01-01-02,canonical_02,/home/tonyhe/ravdess_avfusion/external/video_face_branch/early_fusion_facial_v2/fusion_pack_5f/sequences/02-01-05-01-01-01-02.npy,5,2048,02-01-05-01-01-01-02,canonical_02,5,4,angry,0.04584030844271183,0.011042859591543674,0.012304861471056939,0.1108887642621994,0.7768385291099549,0.007539980811998248,0.02678898349404335,0.008755723107606172,1,1,1,complete
01-05-01-01-02-02,02-01-05-01-01-02-02,02-01-05-01-01-02-02,data/raw/ravdess/video_speech/Video_Speech_Actor_02/Actor_02/02-01-05-01-01-02-02.mp4,2,train,05,4,angry,01,01,02,02-01-05-01-01-02-02,canonical_02,/home/tonyhe/ravdess_avfusion/external/video_face_branch/early_fusion_facial_v2/fusion_pack_5f/sequences/02-01-05-01-01-02-02.npy,5,2048,02-01-05-01-01-02-02,canonical_02,5,4,angry,0.038730813190340996,0.012745723966509104,0.015135751292109489,0.2663674819283187,0.6328660011291504,0.009048202075064182,0.01552048809826374,0.009585519134998322,1,1,1,complete
01-05-01-02-01-02,02-01-05-01-02-01-02,02-01-05-01-02-01-02,data/raw/ravdess/video_speech/Video_Speech_Actor_02/Actor_02/02-01-05-01-02-01-02.mp4,2,train,05,4,angry,01,02,01,02-01-05-01-02-01-02,canonical_02,/home/tonyhe/ravdess_avfusion/external/video_face_branch/early_fusion_facial_v2/fusion_pack_5f/sequences/02-01-05-01-02-01-02.npy,5,2048,02-01-05-01-02-01-02,canonical_02,5,4,angry,0.028437844663858413,0.013115698471665382,0.01249344227835536,0.15148907443508505,0.7560407757759094,0.01063649021089077,0.019723781011998655,0.008062921091914177,1,1,1,complete
01-05-01-02-02-02,02-01-05-01-02-02-02,02-01-05-01-02-02-02,data/raw/ravdess/video_speech/Video_Speech_Actor_02/Actor_02/02-01-05-01-02-02-02.mp4,2,train,05,4,angry,01,02,02,02-01-05-01-02-02-02,canonical_02,/home/tonyhe/ravdess_avfusion/external/video_face_branch/early_fusion_facial_v2/fusion_pack_5f/sequences/02-01-05-01-02-02-02.npy,5,2048,02-01-05-01-02-02-02,canonical_02,5,4,angry,0.031064126268029214,0.011892393231391907,0.010235648602247238,0.043314665416255595,0.8750447511672974,0.008638675417751073,0.012499595154076814,0.007310156803578138,1,1,1,complete
01-05-02-01-01-02,02-01-05-02-01-01-02,02-01-05-02-01-01-02,data/raw/ravdess/video_speech/Video_Speech_Actor_02/Actor_02/02-01-05-02-01-01-02.mp4,2,train,05,4,angry,02,01,01,02-01-05-02-01-01-02,canonical_02,/home/tonyhe/ravdess_avfusion/external/video_face_branch/early_fusion_facial_v2/fusion_pack_5f/sequences/02-01-05-02-01-01-02.npy,5,2048,02-01-05-02-01-01-02,canonical_02,5,4,angry,0.10654412638396024,0.008801102451980115,0.008583748899400234,0.018749243393540383,0.8300878524780273,0.008345786342397332,0.012144725397229194,0.006743454886600375,1,1,1,complete
01-05-02-01-02-02,02-01-05-02-01-02-02,02-01-05-02-01-02-02,data/raw/ravdess/video_speech/Video_Speech_Actor_02/Actor_02/02-01-05-02-01-02-02.mp4,2,train,05,4,angry,02,01,02,02-01-05-02-01-02-02,canonical_02,/home/tonyhe/ravdess_avfusion/external/video_face_branch/early_fusion_facial_v2/fusion_pack_5f/sequences/02-01-05-02-01-02-02.npy,5,2048,02-01-05-02-01-02-02,canonical_02,5,4,angry,0.10406858753412962,0.01165950447320938,0.012411124631762504,0.053065893985331056,0.7838130474090577,0.01434014867991209,0.01185700176283717,0.008784693107008934,1,1,1,complete
01-05-02-02-01-02,02-01-05-02-02-01-02,02-01-05-02-02-01-02,data/raw/ravdess/video_speech/Video_Speech_Actor_02/Actor_02/02-01-05-02-02-01-02.mp4,2,train,05,4,angry,02,02,01,02-01-05-02-02-01-02,canonical_02,/home/tonyhe/ravdess_avfusion/external/video_face_branch/early_fusion_facial_v2/fusion_pack_5f/sequences/02-01-05-02-02-01-02.npy,5,2048,02-01-05-02-02-01-02,canonical_02,5,4,angry,0.14534681458026172,0.01005943724885583,0.010674678906798362,0.056989004276692866,0.7476873457431793,0.008574281213805079,0.009690762870013714,0.010977690853178502,1,1,1,complete
01-05-02-02-02-02,02-01-05-02-02-02-02,02-01-05-02-02-02-02,data/raw/ravdess/video_speech/Video_Speech_Actor_02/Actor_02/02-01-05-02-02-02-02.mp4,2,train,05,4,angry,02,02,02,02-01-05-02-02-02-02,canonical_02,/home/tonyhe/ravdess_avfusion/external/video_face_branch/early_fusion_facial_v2/fusion_pack_5f/sequences/02-01-05-02-02-02-02.npy,5,2048,02-01-05-02-02-02-02,canonical_02,5,4,angry,0.02490280233323574,0.012559858616441488,0.012480849120765924,0.013603599835187196,0.7741617679595947,0.1401615551672876,0.012408580537885428,0.00972099364735186,1,1,1,complete
01-06-01-01-01-02,02-01-06-01-01-01-02,02-01-06-01-01-01-02,data/raw/ravdess/video_speech/Video_Speech_Actor_02/Actor_02/02-01-06-01-01-01-02.mp4,2,train,06,5,fearful,01,01,01,02-01-06-01-01-01-02,canonical_02,/home/tonyhe/ravdess_avfusion/external/video_face_branch/early_fusion_facial_v2/fusion_pack_5f/sequences/02-01-06-01-01-01-02.npy,5,2048,02-01-06-01-01-01-02,canonical_02,5,5,fearful,0.018264011666178703,0.011441240180283785,0.008552621863782407,0.008067833073437215,0.006024419236928225,0.9313044667243957,0.007945863157510757,0.008399522444233299,1,1,1,complete
01-06-01-01-02-02,02-01-06-01-01-02-02,02-01-06-01-01-02-02,data/raw/ravdess/video_speech/Video_Speech_Actor_02/Actor_02/02-01-06-01-01-02-02.mp4,2,train,06,5,fearful,01,01,02,02-01-06-01-01-02-02,canonical_02,/home/tonyhe/ravdess_avfusion/external/video_face_branch/early_fusion_facial_v2/fusion_pack_5f/sequences/02-01-06-01-01-02-02.npy,5,2048,02-01-06-01-01-02-02,canonical_02,5,5,fearful,0.02125070132315159,0.009950963035225868,0.011383065208792686,0.009103089477866888,0.008129359595477581,0.9169555902481079,0.013968870602548122,0.00925832223147154,1,1,1,complete
01-06-01-02-01-02,02-01-06-01-02-01-02,02-01-06-01-02-01-02,data/raw/ravdess/video_speech/Video_Speech_Actor_02/Actor_02/02-01-06-01-02-01-02.mp4,2,train,06,5,fearful,01,02,01,02-01-06-01-02-01-02,canonical_02,/home/tonyhe/ravdess_avfusion/external/video_face_branch/early_fusion_facial_v2/fusion_pack_5f/sequences/02-01-06-01-02-01-02.npy,5,2048,02-01-06-01-02-01-02,canonical_02,5,5,fearful,0.02143988534808159,0.011220021918416024,0.011721282079815865,0.03535307515412569,0.008292288985103369,0.8913355708122254,0.012098888121545314,0.008538971282541752,1,1,1,complete
01-06-01-02-02-02,02-01-06-01-02-02-02,02-01-06-01-02-02-02,data/raw/ravdess/video_speech/Video_Speech_Actor_02/Actor_02/02-01-06-01-02-02-02.mp4,2,train,06,5,fearful,01,02,02,02-01-06-01-02-02-02,canonical_02,/home/tonyhe/ravdess_avfusion/external/video_face_branch/early_fusion_facial_v2/fusion_pack_5f/sequences/02-01-06-01-02-02-02.npy,5,2048,02-01-06-01-02-02-02,canonical_02,5,5,fearful,0.01969014871865511,0.0086722151376307,0.014437382388859988,0.012027815915644169,0.006818045908585191,0.9180609464645386,0.00960151171311736,0.010691938735544682,1,1,1,complete
01-06-02-01-01-02,02-01-06-02-01-01-02,02-01-06-02-01-01-02,data/raw/ravdess/video_speech/Video_Speech_Actor_02/Actor_02/02-01-06-02-01-01-02.mp4,2,train,06,5,fearful,02,01,01,02-01-06-02-01-01-02,canonical_02,/home/tonyhe/ravdess_avfusion/external/video_face_branch/early_fusion_facial_v2/fusion_pack_5f/sequences/02-01-06-02-01-01-02.npy,5,2048,02-01-06-02-01-01-02,canonical_02,5,5,fearful,0.02113790400326252,0.009389605466276407,0.011212795320898295,0.01573732905089855,0.008781588077545166,0.9146313786506652,0.011465299874544144,0.0076440912671387196,1,1,1,complete
01-06-02-01-02-02,02-01-06-02-01-02-02,02-01-06-02-01-02-02,data/raw/ravdess/video_speech/Video_Speech_Actor_02/Actor_02/02-01-06-02-01-02-02.mp4,2,train,06,5,fearful,02,01,02,02-01-06-02-01-02-02,canonical_02,/home/tonyhe/ravdess_avfusion/external/video_face_branch/early_fusion_facial_v2/fusion_pack_5f/sequences/02-01-06-02-01-02-02.npy,5,2048,02-01-06-02-01-02-02,canonical_02,5,5,fearful,0.02153649590909481,0.010807943157851696,0.01002558907493949,0.011733637563884259,0.007506351172924042,0.9182744026184082,0.011384835839271546,0.008730773534625768,1,1,1,complete
01-06-02-02-01-02,02-01-06-02-02-01-02,02-01-06-02-02-01-02,data/raw/ravdess/video_speech/Video_Speech_Actor_02/Actor_02/02-01-06-02-02-01-02.mp4,2,train,06,5,fearful,02,02,01,02-01-06-02-02-01-02,canonical_02,/home/tonyhe/ravdess_avfusion/external/video_face_branch/early_fusion_facial_v2/fusion_pack_5f/sequences/02-01-06-02-02-01-02.npy,5,2048,02-01-06-02-02-01-02,canonical_02,5,5,fearful,0.025116272643208502,0.009716338478028774,0.01101779043674469,0.14970868714153768,0.009795168228447438,0.7743961155414582,0.011699678935110569,0.008549985568970441,1,1,1,complete
01-06-02-02-02-02,02-01-06-02-02-02-02,02-01-06-02-02-02-02,data/raw/ravdess/video_speech/Video_Speech_Actor_02/Actor_02/02-01-06-02-02-02-02.mp4,2,train,06,5,fearful,02,02,02,02-01-06-02-02-02-02,canonical_02,/home/tonyhe/ravdess_avfusion/external/video_face_branch/early_fusion_facial_v2/fusion_pack_5f/sequences/02-01-06-02-02-02-02.npy,5,2048,02-01-06-02-02-02-02,canonical_02,5,5,fearful,0.02199254874140024,0.01104523716494441,0.014103898219764233,0.02173787634819746,0.008647652436047792,0.8992542624473572,0.013713784143328666,0.009504723735153675,1,1,1,complete
01-07-01-01-01-02,02-01-07-01-01-01-02,02-01-07-01-01-01-02,data/raw/ravdess/video_speech/Video_Speech_Actor_02/Actor_02/02-01-07-01-01-01-02.mp4,2,train,07,6,disgust,01,01,01,02-01-07-01-01-01-02,canonical_02,/home/tonyhe/ravdess_avfusion/external/video_face_branch/early_fusion_facial_v2/fusion_pack_5f/sequences/02-01-07-01-01-01-02.npy,5,2048,02-01-07-01-01-01-02,canonical_02,5,6,disgust,0.016822585836052895,0.007511728815734387,0.007148243859410286,0.008504381310194731,0.009187288954854012,0.007495420612394809,0.937199878692627,0.006130475737154484,1,1,1,complete
01-07-01-01-02-02,02-01-07-01-01-02-02,02-01-07-01-01-02-02,data/raw/ravdess/video_speech/Video_Speech_Actor_02/Actor_02/02-01-07-01-01-02-02.mp4,2,train,07,6,disgust,01,01,02,02-01-07-01-01-02-02,canonical_02,/home/tonyhe/ravdess_avfusion/external/video_face_branch/early_fusion_facial_v2/fusion_pack_5f/sequences/02-01-07-01-01-02-02.npy,5,2048,02-01-07-01-01-02-02,canonical_02,5,6,disgust,0.01956399865448475,0.007684231828898191,0.009556252416223288,0.01808246932923794,0.007263936847448349,0.007498584361746908,0.9230129599571228,0.007337532145902515,1,1,1,complete
01-07-01-02-01-02,02-01-07-01-02-01-02,02-01-07-01-02-01-02,data/raw/ravdess/video_speech/Video_Speech_Actor_02/Actor_02/02-01-07-01-02-01-02.mp4,2,train,07,6,disgust,01,02,01,02-01-07-01-02-01-02,canonical_02,/home/tonyhe/ravdess_avfusion/external/video_face_branch/early_fusion_facial_v2/fusion_pack_5f/sequences/02-01-07-01-02-01-02.npy,5,2048,02-01-07-01-02-01-02,canonical_02,5,6,disgust,0.01914579849690199,0.00974186286330223,0.00856810538098216,0.010093294642865657,0.008442835696041585,0.008867599163204431,0.9257452845573425,0.009395240899175405,1,1,1,complete
01-07-01-02-02-02,02-01-07-01-02-02-02,02-01-07-01-02-02-02,data/raw/ravdess/video_speech/Video_Speech_Actor_02/Actor_02/02-01-07-01-02-02-02.mp4,2,train,07,6,disgust,01,02,02,02-01-07-01-02-02-02,canonical_02,/home/tonyhe/ravdess_avfusion/external/video_face_branch/early_fusion_facial_v2/fusion_pack_5f/sequences/02-01-07-01-02-02-02.npy,5,2048,02-01-07-01-02-02-02,canonical_02,5,6,disgust,0.019058053754270075,0.008972720988094807,0.00829584114253521,0.009740009717643262,0.009201851952821017,0.008926348108798266,0.9271501421928405,0.008655006997287273,1,1,1,complete
01-07-02-01-01-02,02-01-07-02-01-01-02,02-01-07-02-01-01-02,data/raw/ravdess/video_speech/Video_Speech_Actor_02/Actor_02/02-01-07-02-01-01-02.mp4,2,train,07,6,disgust,02,01,01,02-01-07-02-01-01-02,canonical_02,/home/tonyhe/ravdess_avfusion/external/video_face_branch/early_fusion_facial_v2/fusion_pack_5f/sequences/02-01-07-02-01-01-02.npy,5,2048,02-01-07-02-01-01-02,canonical_02,5,6,disgust,0.018770769611001013,0.009768237080425023,0.007778238691389561,0.0116201002150774,0.007345124799758196,0.008306643553078174,0.9294805526733398,0.006930315587669611,1,1,1,complete
01-07-02-01-02-02,02-01-07-02-01-02-02,02-01-07-02-01-02-02,data/raw/ravdess/video_speech/Video_Speech_Actor_02/Actor_02/02-01-07-02-01-02-02.mp4,2,train,07,6,disgust,02,01,02,02-01-07-02-01-02-02,canonical_02,/home/tonyhe/ravdess_avfusion/external/video_face_branch/early_fusion_facial_v2/fusion_pack_5f/sequences/02-01-07-02-01-02-02.npy,5,2048,02-01-07-02-01-02-02,canonical_02,5,6,disgust,0.02082313150167465,0.009896975755691529,0.009336366038769483,0.009622470196336507,0.009231161698698998,0.008284462615847588,0.9239412665367126,0.008864155411720276,1,1,1,complete
01-07-02-02-01-02,02-01-07-02-02-01-02,02-01-07-02-02-01-02,data/raw/ravdess/video_speech/Video_Speech_Actor_02/Actor_02/02-01-07-02-02-01-02.mp4,2,train,07,6,disgust,02,02,01,02-01-07-02-02-01-02,canonical_02,/home/tonyhe/ravdess_avfusion/external/video_face_branch/early_fusion_facial_v2/fusion_pack_5f/sequences/02-01-07-02-02-01-02.npy,5,2048,02-01-07-02-02-01-02,canonical_02,5,6,disgust,0.01866819281131029,0.01071128211915493,0.007864279486238957,0.007903488259762526,0.009912481158971786,0.008006789069622756,0.9285918474197388,0.008341641630977392,1,1,1,complete
01-07-02-02-02-02,02-01-07-02-02-02-02,02-01-07-02-02-02-02,data/raw/ravdess/video_speech/Video_Speech_Actor_02/Actor_02/02-01-07-02-02-02-02.mp4,2,train,07,6,disgust,02,02,02,02-01-07-02-02-02-02,canonical_02,/home/tonyhe/ravdess_avfusion/external/video_face_branch/early_fusion_facial_v2/fusion_pack_5f/sequences/02-01-07-02-02-02-02.npy,5,2048,02-01-07-02-02-02-02,canonical_02,5,6,disgust,0.020234951749444008,0.011090020649135113,0.009839955996721984,0.009989491757005453,0.00869153132662177,0.007843390572816133,0.9232220768928527,0.009088540077209472,1,1,1,complete
01-08-01-01-01-02,02-01-08-01-01-01-02,02-01-08-01-01-01-02,data/raw/ravdess/video_speech/Video_Speech_Actor_02/Actor_02/02-01-08-01-01-01-02.mp4,2,train,08,7,surprise,01,01,01,02-01-08-01-01-01-02,canonical_02,/home/tonyhe/ravdess_avfusion/external/video_face_branch/early_fusion_facial_v2/fusion_pack_5f/sequences/02-01-08-01-01-01-02.npy,5,2048,02-01-08-01-01-01-02,canonical_02,5,0,neutral,0.47642609998583796,0.010344193968921899,0.011092987563461065,0.007112490478903055,0.020140170957893132,0.009437780547887086,0.008398640435189009,0.45704764910042284,1,1,1,complete
01-08-01-01-02-02,02-01-08-01-01-02-02,02-01-08-01-01-02-02,data/raw/ravdess/video_speech/Video_Speech_Actor_02/Actor_02/02-01-08-01-01-02-02.mp4,2,train,08,7,surprise,01,01,02,02-01-08-01-01-02-02,canonical_02,/home/tonyhe/ravdess_avfusion/external/video_face_branch/early_fusion_facial_v2/fusion_pack_5f/sequences/02-01-08-01-01-02-02.npy,5,2048,02-01-08-01-01-02-02,canonical_02,5,7,surprise,0.17728311643004419,0.009562314208596944,0.010140715818852186,0.010516283474862576,0.02282457975670695,0.008744680415838956,0.012437172047793866,0.748491145670414,1,1,1,complete
01-08-01-02-01-02,02-01-08-01-02-01-02,02-01-08-01-02-01-02,data/raw/ravdess/video_speech/Video_Speech_Actor_02/Actor_02/02-01-08-01-02-01-02.mp4,2,train,08,7,surprise,01,02,01,02-01-08-01-02-01-02,canonical_02,/home/tonyhe/ravdess_avfusion/external/video_face_branch/early_fusion_facial_v2/fusion_pack_5f/sequences/02-01-08-01-02-01-02.npy,5,2048,02-01-08-01-02-01-02,canonical_02,5,7,surprise,0.054624651186168195,0.010683030262589455,0.009982771426439285,0.0111448610201478,0.04372253231704235,0.01378929689526558,0.01241116039454937,0.8436416983604431,1,1,1,complete
01-08-01-02-02-02,02-01-08-01-02-02-02,02-01-08-01-02-02-02,data/raw/ravdess/video_speech/Video_Speech_Actor_02/Actor_02/02-01-08-01-02-02-02.mp4,2,train,08,7,surprise,01,02,02,02-01-08-01-02-02-02,canonical_02,/home/tonyhe/ravdess_avfusion/external/video_face_branch/early_fusion_facial_v2/fusion_pack_5f/sequences/02-01-08-01-02-02-02.npy,5,2048,02-01-08-01-02-02-02,canonical_02,5,7,surprise,0.017317529208958148,0.007437262404710055,0.007848016545176506,0.007479586685076356,0.0067618899047374725,0.005765041429549455,0.008088005008175969,0.939302635192871,1,1,1,complete
01-08-02-01-01-02,02-01-08-02-01-01-02,02-01-08-02-01-01-02,data/raw/ravdess/video_speech/Video_Speech_Actor_02/Actor_02/02-01-08-02-01-01-02.mp4,2,train,08,7,surprise,02,01,01,02-01-08-02-01-01-02,canonical_02,/home/tonyhe/ravdess_avfusion/external/video_face_branch/early_fusion_facial_v2/fusion_pack_5f/sequences/02-01-08-02-01-01-02.npy,5,2048,02-01-08-02-01-01-02,canonical_02,5,7,surprise,0.01566940136253834,0.0069139807485044,0.009355237241834402,0.0065791642293334006,0.0058855694252997635,0.01703014401718974,0.007883191388100386,0.9306833386421204,1,1,1,complete
01-08-02-01-02-02,02-01-08-02-01-02-02,02-01-08-02-01-02-02,data/raw/ravdess/video_speech/Video_Speech_Actor_02/Actor_02/02-01-08-02-01-02-02.mp4,2,train,08,7,surprise,02,01,02,02-01-08-02-01-02-02,canonical_02,/home/tonyhe/ravdess_avfusion/external/video_face_branch/early_fusion_facial_v2/fusion_pack_5f/sequences/02-01-08-02-01-02-02.npy,5,2048,02-01-08-02-01-02-02,canonical_02,5,7,surprise,0.0985698476433754,0.00924884546548128,0.010750125162303448,0.012699026241898536,0.008963388111442327,0.03688181303441525,0.012434027530252934,0.810452938079834,1,1,1,complete
01-08-02-02-01-02,02-01-08-02-02-01-02,02-01-08-02-02-01-02,data/raw/ravdess/video_speech/Video_Speech_Actor_02/Actor_02/02-01-08-02-02-01-02.mp4,2,train,08,7,surprise,02,02,01,02-01-08-02-02-01-02,canonical_02,/home/tonyhe/ravdess_avfusion/external/video_face_branch/early_fusion_facial_v2/fusion_pack_5f/sequences/02-01-08-02-02-01-02.npy,5,2048,02-01-08-02-02-01-02,canonical_02,5,7,surprise,0.13303610049188136,0.009575770702213049,0.008359271474182606,0.007556317374110222,0.006839874386787415,0.007016436010599136,0.008720680605620146,0.8188955843448639,1,1,1,complete
01-08-02-02-02-02,02-01-08-02-02-02-02,02-01-08-02-02-02-02,data/raw/ravdess/video_speech/Video_Speech_Actor_02/Actor_02/02-01-08-02-02-02-02.mp4,2,train,08,7,surprise,02,02,02,02-01-08-02-02-02-02,canonical_02,/home/tonyhe/ravdess_avfusion/external/video_face_branch/early_fusion_facial_v2/fusion_pack_5f/sequences/02-01-08-02-02-02-02.npy,5,2048,02-01-08-02-02-02-02,canonical_02,5,7,surprise,0.13438291866332291,0.011192539986222983,0.010601214971393347,0.009121978469192982,0.008426205068826676,0.008338234946131706,0.010364342480897903,0.8075725913047791,1,1,1,complete
01-01-01-01-01-03,02-01-01-01-01-01-03,02-01-01-01-01-01-03,data/raw/ravdess/video_speech/Video_Speech_Actor_03/Actor_03/02-01-01-01-01-01-03.mp4,3,train,01,0,neutral,01,01,01,02-01-01-01-01-01-03,canonical_02,/home/tonyhe/ravdess_avfusion/external/video_face_branch/early_fusion_facial_v2/fusion_pack_5f/sequences/02-01-01-01-01-01-03.npy,5,2048,02-01-01-01-01-01-03,canonical_02,5,0,neutral,0.8571528315544128,0.0045953338034451004,0.006186241004616022,0.0072984993923455475,0.008021354861557483,0.1027908556163311,0.006697792187333107,0.007257076818495989,1,1,1,complete
01-01-01-01-02-03,02-01-01-01-01-02-03,02-01-01-01-01-02-03,data/raw/ravdess/video_speech/Video_Speech_Actor_03/Actor_03/02-01-01-01-01-02-03.mp4,3,train,01,0,neutral,01,01,02,02-01-01-01-01-02-03,canonical_02,/home/tonyhe/ravdess_avfusion/external/video_face_branch/early_fusion_facial_v2/fusion_pack_5f/sequences/02-01-01-01-01-02-03.npy,5,2048,02-01-01-01-01-02-03,canonical_02,5,0,neutral,0.9617680668830871,0.004190256958827377,0.005260290019214154,0.005720007233321667,0.005485699698328972,0.005261653661727905,0.005607752315700054,0.006706283055245876,1,1,1,complete
01-01-01-02-01-03,02-01-01-01-02-01-03,02-01-01-01-02-01-03,data/raw/ravdess/video_speech/Video_Speech_Actor_03/Actor_03/02-01-01-01-02-01-03.mp4,3,train,01,0,neutral,01,02,01,02-01-01-01-02-01-03,canonical_02,/home/tonyhe/ravdess_avfusion/external/video_face_branch/early_fusion_facial_v2/fusion_pack_5f/sequences/02-01-01-01-02-01-03.npy,5,2048,02-01-01-01-02-01-03,canonical_02,5,0,neutral,0.9587405443191528,0.004691001866012812,0.005123051721602679,0.007245707232505083,0.006381225679069758,0.004646388255059719,0.00603783018887043,0.0071342351846396925,1,1,1,complete
01-01-01-02-02-03,02-01-01-01-02-02-03,02-01-01-01-02-02-03,data/raw/ravdess/video_speech/Video_Speech_Actor_03/Actor_03/02-01-01-01-02-02-03.mp4,3,train,01,0,neutral,01,02,02,02-01-01-01-02-02-03,canonical_02,/home/tonyhe/ravdess_avfusion/external/video_face_branch/early_fusion_facial_v2/fusion_pack_5f/sequences/02-01-01-01-02-02-03.npy,5,2048,02-01-01-01-02-02-03,canonical_02,5,0,neutral,0.9628090143203736,0.004322950448840857,0.005279072187840938,0.005617280676960945,0.005176055058836937,0.0040965867694467304,0.005304953176528215,0.007394066546112299,1,1,1,complete
01-02-01-01-01-03,02-01-02-01-01-01-03,02-01-02-01-01-01-03,data/raw/ravdess/video_speech/Video_Speech_Actor_03/Actor_03/02-01-02-01-01-01-03.mp4,3,train,02,1,calm,01,01,01,02-01-02-01-01-01-03,canonical_02,/home/tonyhe/ravdess_avfusion/external/video_face_branch/early_fusion_facial_v2/fusion_pack_5f/sequences/02-01-02-01-01-01-03.npy,5,2048,02-01-02-01-01-01-03,canonical_02,5,1,calm,0.0464968241751194,0.8498247146606446,0.012469499185681344,0.013486537337303161,0.013706799410283566,0.013483794964849949,0.014101146534085274,0.03643070124089718,1,1,1,complete
01-02-01-01-02-03,02-01-02-01-01-02-03,02-01-02-01-01-02-03,data/raw/ravdess/video_speech/Video_Speech_Actor_03/Actor_03/02-01-02-01-01-02-03.mp4,3,train,02,1,calm,01,01,02,02-01-02-01-01-02-03,canonical_02,/home/tonyhe/ravdess_avfusion/external/video_face_branch/early_fusion_facial_v2/fusion_pack_5f/sequences/02-01-02-01-01-02-03.npy,5,2048,02-01-02-01-01-02-03,canonical_02,5,1,calm,0.03477102592587471,0.8316856145858764,0.0135777922347188,0.014972926490008831,0.011173062957823277,0.013686766475439071,0.01827193275094032,0.06186085864901543,1,1,1,complete
01-02-01-02-01-03,02-01-02-01-02-01-03,02-01-02-01-02-01-03,data/raw/ravdess/video_speech/Video_Speech_Actor_03/Actor_03/02-01-02-01-02-01-03.mp4,3,train,02,1,calm,01,02,01,02-01-02-01-02-01-03,canonical_02,/home/tonyhe/ravdess_avfusion/external/video_face_branch/early_fusion_facial_v2/fusion_pack_5f/sequences/02-01-02-01-02-01-03.npy,5,2048,02-01-02-01-02-01-03,canonical_02,5,1,calm,0.023729866743087767,0.8413625597953797,0.07461890280246734,0.010581801645457745,0.010699405893683433,0.012063876911997794,0.013900313526391983,0.013043244741857052,1,1,1,complete
01-02-01-02-02-03,02-01-02-01-02-02-03,02-01-02-01-02-02-03,data/raw/ravdess/video_speech/Video_Speech_Actor_03/Actor_03/02-01-02-01-02-02-03.mp4,3,train,02,1,calm,01,02,02,02-01-02-01-02-02-03,canonical_02,/home/tonyhe/ravdess_avfusion/external/video_face_branch/early_fusion_facial_v2/fusion_pack_5f/sequences/02-01-02-01-02-02-03.npy,5,2048,02-01-02-01-02-02-03,canonical_02,5,1,calm,0.023979975283145903,0.8938389301300049,0.015079413913190365,0.01160172987729311,0.011855988390743732,0.012037510797381402,0.017380712553858757,0.014225714467465877,1,1,1,complete
01-02-02-01-01-03,02-01-02-02-01-01-03,02-01-02-02-01-01-03,data/raw/ravdess/video_speech/Video_Speech_Actor_03/Actor_03/02-01-02-02-01-01-03.mp4,3,train,02,1,calm,02,01,01,02-01-02-02-01-01-03,canonical_02,/home/tonyhe/ravdess_avfusion/external/video_face_branch/early_fusion_facial_v2/fusion_pack_5f/sequences/02-01-02-02-01-01-03.npy,5,2048,02-01-02-02-01-01-03,canonical_02,5,1,calm,0.028319300338625907,0.8790211081504822,0.012529779598116875,0.014611397497355938,0.012585935182869434,0.012745326571166515,0.01729922592639923,0.02288791537284851,1,1,1,complete
01-02-02-01-02-03,02-01-02-02-01-02-03,02-01-02-02-01-02-03,data/raw/ravdess/video_speech/Video_Speech_Actor_03/Actor_03/02-01-02-02-01-02-03.mp4,3,train,02,1,calm,02,01,02,02-01-02-02-01-02-03,canonical_02,/home/tonyhe/ravdess_avfusion/external/video_face_branch/early_fusion_facial_v2/fusion_pack_5f/sequences/02-01-02-02-01-02-03.npy,5,2048,02-01-02-02-01-02-03,canonical_02,5,1,calm,0.022870268486440182,0.8705520868301392,0.04589401464909315,0.010685665532946587,0.010079161822795868,0.011643718834966421,0.01318617444485426,0.015088911168277264,1,1,1,complete
01-02-02-02-01-03,02-01-02-02-02-01-03,02-01-02-02-02-01-03,data/raw/ravdess/video_speech/Video_Speech_Actor_03/Actor_03/02-01-02-02-02-01-03.mp4,3,train,02,1,calm,02,02,01,02-01-02-02-02-01-03,canonical_02,/home/tonyhe/ravdess_avfusion/external/video_face_branch/early_fusion_facial_v2/fusion_pack_5f/sequences/02-01-02-02-02-01-03.npy,5,2048,02-01-02-02-02-01-03,canonical_02,5,1,calm,0.021936846151947974,0.8647410154342652,0.04161528404802084,0.02152367979288101,0.010219436697661876,0.011258195992559195,0.01647744458168745,0.012228075880557299,1,1,1,complete
01-02-02-02-02-03,02-01-02-02-02-02-03,02-01-02-02-02-02-03,data/raw/ravdess/video_speech/Video_Speech_Actor_03/Actor_03/02-01-02-02-02-02-03.mp4,3,train,02,1,calm,02,02,02,02-01-02-02-02-02-03,canonical_02,/home/tonyhe/ravdess_avfusion/external/video_face_branch/early_fusion_facial_v2/fusion_pack_5f/sequences/02-01-02-02-02-02-03.npy,5,2048,02-01-02-02-02-02-03,canonical_02,5,1,calm,0.02590339221060276,0.8889239430427551,0.013881903700530529,0.014859304763376713,0.01126189660280943,0.01214615572243929,0.018133333697915078,0.014890064671635627,1,1,1,complete
01-03-01-01-01-03,02-01-03-01-01-01-03,02-01-03-01-01-01-03,data/raw/ravdess/video_speech/Video_Speech_Actor_03/Actor_03/02-01-03-01-01-01-03.mp4,3,train,03,2,happy,01,01,01,02-01-03-01-01-01-03,canonical_02,/home/tonyhe/ravdess_avfusion/external/video_face_branch/early_fusion_facial_v2/fusion_pack_5f/sequences/02-01-03-01-01-01-03.npy,5,2048,02-01-03-01-01-01-03,canonical_02,5,2,happy,0.019828930869698523,0.008153940271586179,0.9206399321556091,0.010158742871135473,0.009252573084086179,0.009449098072946072,0.010742890276014804,0.011773912236094475,1,1,1,complete
01-03-01-01-02-03,02-01-03-01-01-02-03,02-01-03-01-01-02-03,data/raw/ravdess/video_speech/Video_Speech_Actor_03/Actor_03/02-01-03-01-01-02-03.mp4,3,train,03,2,happy,01,01,02,02-01-03-01-01-02-03,canonical_02,/home/tonyhe/ravdess_avfusion/external/video_face_branch/early_fusion_facial_v2/fusion_pack_5f/sequences/02-01-03-01-01-02-03.npy,5,2048,02-01-03-01-01-02-03,canonical_02,5,2,happy,0.022785776853561403,0.007803194411098957,0.9094045400619507,0.012522276304662228,0.012607813253998757,0.011622309312224388,0.012109586969017982,0.01114455908536911,1,1,1,complete
01-03-01-02-01-03,02-01-03-01-02-01-03,02-01-03-01-02-01-03,data/raw/ravdess/video_speech/Video_Speech_Actor_03/Actor_03/02-01-03-01-02-01-03.mp4,3,train,03,2,happy,01,02,01,02-01-03-01-02-01-03,canonical_02,/home/tonyhe/ravdess_avfusion/external/video_face_branch/early_fusion_facial_v2/fusion_pack_5f/sequences/02-01-03-01-02-01-03.npy,5,2048,02-01-03-01-02-01-03,canonical_02,5,2,happy,0.023715123534202576,0.010790435038506985,0.9036204814910889,0.012269850634038449,0.012290889024734497,0.011004189401865006,0.01360319871455431,0.012705789133906364,1,1,1,complete
01-03-01-02-02-03,02-01-03-01-02-02-03,02-01-03-01-02-02-03,data/raw/ravdess/video_speech/Video_Speech_Actor_03/Actor_03/02-01-03-01-02-02-03.mp4,3,train,03,2,happy,01,02,02,02-01-03-01-02-02-03,canonical_02,/home/tonyhe/ravdess_avfusion/external/video_face_branch/early_fusion_facial_v2/fusion_pack_5f/sequences/02-01-03-01-02-02-03.npy,5,2048,02-01-03-01-02-02-03,canonical_02,5,2,happy,0.022855212539434434,0.009720456786453724,0.9115224599838256,0.01192303616553545,0.010567537136375904,0.009853161312639714,0.011164752207696438,0.012393366172909736,1,1,1,complete
01-03-02-01-01-03,02-01-03-02-01-01-03,02-01-03-02-01-01-03,data/raw/ravdess/video_speech/Video_Speech_Actor_03/Actor_03/02-01-03-02-01-01-03.mp4,3,train,03,2,happy,02,01,01,02-01-03-02-01-01-03,canonical_02,/home/tonyhe/ravdess_avfusion/external/video_face_branch/early_fusion_facial_v2/fusion_pack_5f/sequences/02-01-03-02-01-01-03.npy,5,2048,02-01-03-02-01-01-03,canonical_02,5,2,happy,0.022376780211925507,0.009332841075956822,0.9162406921386719,0.010561760142445564,0.010278952680528164,0.010136048682034016,0.012446601502597332,0.008626319374889136,1,1,1,complete
01-03-02-01-02-03,02-01-03-02-01-02-03,02-01-03-02-01-02-03,data/raw/ravdess/video_speech/Video_Speech_Actor_03/Actor_03/02-01-03-02-01-02-03.mp4,3,train,03,2,happy,02,01,02,02-01-03-02-01-02-03,canonical_02,/home/tonyhe/ravdess_avfusion/external/video_face_branch/early_fusion_facial_v2/fusion_pack_5f/sequences/02-01-03-02-01-02-03.npy,5,2048,02-01-03-02-01-02-03,canonical_02,5,2,happy,0.024193520471453667,0.010138745326548815,0.908650279045105,0.01193888708949089,0.011440661922097205,0.010189770720899105,0.013991650193929672,0.00945645421743393,1,1,1,complete
01-03-02-02-01-03,02-01-03-02-02-01-03,02-01-03-02-02-01-03,data/raw/ravdess/video_speech/Video_Speech_Actor_03/Actor_03/02-01-03-02-02-01-03.mp4,3,train,03,2,happy,02,02,01,02-01-03-02-02-01-03,canonical_02,/home/tonyhe/ravdess_avfusion/external/video_face_branch/early_fusion_facial_v2/fusion_pack_5f/sequences/02-01-03-02-02-01-03.npy,5,2048,02-01-03-02-02-01-03,canonical_02,5,2,happy,0.01990044228732586,0.007869662623852492,0.9184679985046387,0.009723741095513105,0.010776699054986238,0.011402523703873157,0.012224500440061093,0.009634416736662387,1,1,1,complete
01-03-02-02-02-03,02-01-03-02-02-02-03,02-01-03-02-02-02-03,data/raw/ravdess/video_speech/Video_Speech_Actor_03/Actor_03/02-01-03-02-02-02-03.mp4,3,train,03,2,happy,02,02,02,02-01-03-02-02-02-03,canonical_02,/home/tonyhe/ravdess_avfusion/external/video_face_branch/early_fusion_facial_v2/fusion_pack_5f/sequences/02-01-03-02-02-02-03.npy,5,2048,02-01-03-02-02-02-03,canonical_02,5,2,happy,0.02431064024567604,0.009946236666291953,0.9101449370384216,0.01067932341247797,0.011424356885254384,0.010990248806774617,0.012359412387013435,0.01014482993632555,1,1,1,complete
01-04-01-01-01-03,02-01-04-01-01-01-03,02-01-04-01-01-01-03,data/raw/ravdess/video_speech/Video_Speech_Actor_03/Actor_03/02-01-04-01-01-01-03.mp4,3,train,04,3,sad,01,01,01,02-01-04-01-01-01-03,canonical_02,/home/tonyhe/ravdess_avfusion/external/video_face_branch/early_fusion_facial_v2/fusion_pack_5f/sequences/02-01-04-01-01-01-03.npy,5,2048,02-01-04-01-01-01-03,canonical_02,5,3,sad,0.018707260489463806,0.011496820673346519,0.009341456089168787,0.9151327610015869,0.010448538698256016,0.008157923351973295,0.012611797824501992,0.014103407599031925,1,1,1,complete
01-04-01-01-02-03,02-01-04-01-01-02-03,02-01-04-01-01-02-03,data/raw/ravdess/video_speech/Video_Speech_Actor_03/Actor_03/02-01-04-01-01-02-03.mp4,3,train,04,3,sad,01,01,02,02-01-04-01-01-02-03,canonical_02,/home/tonyhe/ravdess_avfusion/external/video_face_branch/early_fusion_facial_v2/fusion_pack_5f/sequences/02-01-04-01-01-02-03.npy,5,2048,02-01-04-01-01-02-03,canonical_02,5,3,sad,0.021276994980871676,0.012718582712113857,0.011342227831482888,0.8999706983566285,0.012223352678120136,0.00858726566657424,0.015191229060292244,0.0186896251514554,1,1,1,complete
01-04-01-02-01-03,02-01-04-01-02-01-03,02-01-04-01-02-01-03,data/raw/ravdess/video_speech/Video_Speech_Actor_03/Actor_03/02-01-04-01-02-01-03.mp4,3,train,04,3,sad,01,02,01,02-01-04-01-02-01-03,canonical_02,/home/tonyhe/ravdess_avfusion/external/video_face_branch/early_fusion_facial_v2/fusion_pack_5f/sequences/02-01-04-01-02-01-03.npy,5,2048,02-01-04-01-02-01-03,canonical_02,5,3,sad,0.022472135536372662,0.010197261348366737,0.009520783368498088,0.907958710193634,0.009922553785145283,0.008937970688566565,0.01137666841968894,0.01961392117664218,1,1,1,complete
01-04-01-02-02-03,02-01-04-01-02-02-03,02-01-04-01-02-02-03,data/raw/ravdess/video_speech/Video_Speech_Actor_03/Actor_03/02-01-04-01-02-02-03.mp4,3,train,04,3,sad,01,02,02,02-01-04-01-02-02-03,canonical_02,/home/tonyhe/ravdess_avfusion/external/video_face_branch/early_fusion_facial_v2/fusion_pack_5f/sequences/02-01-04-01-02-02-03.npy,5,2048,02-01-04-01-02-02-03,canonical_02,5,3,sad,0.0208587309345603,0.010598967876285314,0.010191565193235875,0.9013311982154846,0.011059904843568802,0.009454091638326645,0.014710780698806047,0.02179478984326124,1,1,1,complete
01-04-02-01-01-03,02-01-04-02-01-01-03,02-01-04-02-01-01-03,data/raw/ravdess/video_speech/Video_Speech_Actor_03/Actor_03/02-01-04-02-01-01-03.mp4,3,train,04,3,sad,02,01,01,02-01-04-02-01-01-03,canonical_02,/home/tonyhe/ravdess_avfusion/external/video_face_branch/early_fusion_facial_v2/fusion_pack_5f/sequences/02-01-04-02-01-01-03.npy,5,2048,02-01-04-02-01-01-03,canonical_02,5,3,sad,0.02114384211599827,0.00838846554979682,0.012815441377460957,0.9067144632339478,0.010793766565620899,0.01018291749060154,0.021108298003673552,0.008852805569767952,1,1,1,complete
01-04-02-01-02-03,02-01-04-02-01-02-03,02-01-04-02-01-02-03,data/raw/ravdess/video_speech/Video_Speech_Actor_03/Actor_03/02-01-04-02-01-02-03.mp4,3,train,04,3,sad,02,01,02,02-01-04-02-01-02-03,canonical_02,/home/tonyhe/ravdess_avfusion/external/video_face_branch/early_fusion_facial_v2/fusion_pack_5f/sequences/02-01-04-02-01-02-03.npy,5,2048,02-01-04-02-01-02-03,canonical_02,5,3,sad,0.019389087706804274,0.006469935271888971,0.012524573504924775,0.9183821558952332,0.01233145259320736,0.008306561782956124,0.014127529971301556,0.008468666207045316,1,1,1,complete
01-04-02-02-01-03,02-01-04-02-02-01-03,02-01-04-02-02-01-03,data/raw/ravdess/video_speech/Video_Speech_Actor_03/Actor_03/02-01-04-02-02-01-03.mp4,3,train,04,3,sad,02,02,01,02-01-04-02-02-01-03,canonical_02,/home/tonyhe/ravdess_avfusion/external/video_face_branch/early_fusion_facial_v2/fusion_pack_5f/sequences/02-01-04-02-02-01-03.npy,5,2048,02-01-04-02-02-01-03,canonical_02,5,3,sad,0.022233520075678824,0.009224437735974788,0.014743150770664215,0.9023056387901306,0.014357556402683259,0.010530493967235089,0.01658623814582825,0.010018999967724086,1,1,1,complete
01-04-02-02-02-03,02-01-04-02-02-02-03,02-01-04-02-02-02-03,data/raw/ravdess/video_speech/Video_Speech_Actor_03/Actor_03/02-01-04-02-02-02-03.mp4,3,train,04,3,sad,02,02,02,02-01-04-02-02-02-03,canonical_02,/home/tonyhe/ravdess_avfusion/external/video_face_branch/early_fusion_facial_v2/fusion_pack_5f/sequences/02-01-04-02-02-02-03.npy,5,2048,02-01-04-02-02-02-03,canonical_02,5,3,sad,0.02427643947303295,0.00789080122485757,0.014997628331184388,0.8993815898895263,0.012479603290557861,0.009106926340609788,0.022788915038108825,0.009078129194676876,1,1,1,complete
01-05-01-01-01-03,02-01-05-01-01-01-03,02-01-05-01-01-01-03,data/raw/ravdess/video_speech/Video_Speech_Actor_03/Actor_03/02-01-05-01-01-01-03.mp4,3,train,05,4,angry,01,01,01,02-01-05-01-01-01-03,canonical_02,/home/tonyhe/ravdess_avfusion/external/video_face_branch/early_fusion_facial_v2/fusion_pack_5f/sequences/02-01-05-01-01-01-03.npy,5,2048,02-01-05-01-01-01-03,canonical_02,5,4,angry,0.020610608533024787,0.011168761923909188,0.00812740484252572,0.009151840582489967,0.9174689531326294,0.010775358602404594,0.012528733350336552,0.010168357565999032,1,1,1,complete
01-05-01-01-02-03,02-01-05-01-01-02-03,02-01-05-01-01-02-03,data/raw/ravdess/video_speech/Video_Speech_Actor_03/Actor_03/02-01-05-01-01-02-03.mp4,3,train,05,4,angry,01,01,02,02-01-05-01-01-02-03,canonical_02,/home/tonyhe/ravdess_avfusion/external/video_face_branch/early_fusion_facial_v2/fusion_pack_5f/sequences/02-01-05-01-01-02-03.npy,5,2048,02-01-05-01-01-02-03,canonical_02,5,4,angry,0.022637780383229257,0.012710163462907076,0.009551352076232433,0.009752355609089136,0.9115181565284729,0.01250413954257965,0.011609154846519231,0.009716888144612312,1,1,1,complete
01-05-01-02-01-03,02-01-05-01-02-01-03,02-01-05-01-02-01-03,data/raw/ravdess/video_speech/Video_Speech_Actor_03/Actor_03/02-01-05-01-02-01-03.mp4,3,train,05,4,angry,01,02,01,02-01-05-01-02-01-03,canonical_02,/home/tonyhe/ravdess_avfusion/external/video_face_branch/early_fusion_facial_v2/fusion_pack_5f/sequences/02-01-05-01-02-01-03.npy,5,2048,02-01-05-01-02-01-03,canonical_02,5,4,angry,0.08075598664581776,0.010300473310053349,0.008823284041136503,0.010594646167010068,0.85906822681427,0.010262981429696083,0.00934318983927369,0.010851209051907063,1,1,1,complete
01-05-01-02-02-03,02-01-05-01-02-02-03,02-01-05-01-02-02-03,data/raw/ravdess/video_speech/Video_Speech_Actor_03/Actor_03/02-01-05-01-02-02-03.mp4,3,train,05,4,angry,01,02,02,02-01-05-01-02-02-03,canonical_02,/home/tonyhe/ravdess_avfusion/external/video_face_branch/early_fusion_facial_v2/fusion_pack_5f/sequences/02-01-05-01-02-02-03.npy,5,2048,02-01-05-01-02-02-03,canonical_02,5,4,angry,0.021462681889533996,0.010841042082756758,0.009373708721250295,0.019753254484385252,0.8514907121658325,0.06459719520062208,0.012381546851247548,0.010099801514297724,1,1,1,complete
01-05-02-01-01-03,02-01-05-02-01-01-03,02-01-05-02-01-01-03,data/raw/ravdess/video_speech/Video_Speech_Actor_03/Actor_03/02-01-05-02-01-01-03.mp4,3,train,05,4,angry,02,01,01,02-01-05-02-01-01-03,canonical_02,/home/tonyhe/ravdess_avfusion/external/video_face_branch/early_fusion_facial_v2/fusion_pack_5f/sequences/02-01-05-02-01-01-03.npy,5,2048,02-01-05-02-01-01-03,canonical_02,5,4,angry,0.016276105679571627,0.010511252470314503,0.010966793820261955,0.008200086187571287,0.916870379447937,0.016224830225110055,0.012786572985351085,0.008163946541026234,1,1,1,complete
01-05-02-01-02-03,02-01-05-02-01-02-03,02-01-05-02-01-02-03,data/raw/ravdess/video_speech/Video_Speech_Actor_03/Actor_03/02-01-05-02-01-02-03.mp4,3,train,05,4,angry,02,01,02,02-01-05-02-01-02-03,canonical_02,/home/tonyhe/ravdess_avfusion/external/video_face_branch/early_fusion_facial_v2/fusion_pack_5f/sequences/02-01-05-02-01-02-03.npy,5,2048,02-01-05-02-01-02-03,canonical_02,5,4,angry,0.01971936207264662,0.011403441615402698,0.010421002469956874,0.009036444127559662,0.8557408928871155,0.07125531062483788,0.014060863479971885,0.008362679556012154,1,1,1,complete
01-05-02-02-01-03,02-01-05-02-02-01-03,02-01-05-02-02-01-03,data/raw/ravdess/video_speech/Video_Speech_Actor_03/Actor_03/02-01-05-02-02-01-03.mp4,3,train,05,4,angry,02,02,01,02-01-05-02-02-01-03,canonical_02,/home/tonyhe/ravdess_avfusion/external/video_face_branch/early_fusion_facial_v2/fusion_pack_5f/sequences/02-01-05-02-02-01-03.npy,5,2048,02-01-05-02-02-01-03,canonical_02,5,4,angry,0.021148205921053886,0.013595872931182385,0.010862699057906867,0.01260873693972826,0.8734801411628723,0.04124861117452383,0.016396462544798852,0.01065928153693676,1,1,1,complete
01-05-02-02-02-03,02-01-05-02-02-02-03,02-01-05-02-02-02-03,data/raw/ravdess/video_speech/Video_Speech_Actor_03/Actor_03/02-01-05-02-02-02-03.mp4,3,train,05,4,angry,02,02,02,02-01-05-02-02-02-03,canonical_02,/home/tonyhe/ravdess_avfusion/external/video_face_branch/early_fusion_facial_v2/fusion_pack_5f/sequences/02-01-05-02-02-02-03.npy,5,2048,02-01-05-02-02-02-03,canonical_02,5,4,angry,0.022078090719878672,0.010887903161346912,0.012309815175831318,0.008805974572896957,0.7980035483837128,0.12612182004377245,0.0115661034360528,0.010226737055927516,1,1,1,complete
01-06-01-01-01-03,02-01-06-01-01-01-03,02-01-06-01-01-01-03,data/raw/ravdess/video_speech/Video_Speech_Actor_03/Actor_03/02-01-06-01-01-01-03.mp4,3,train,06,5,fearful,01,01,01,02-01-06-01-01-01-03,canonical_02,/home/tonyhe/ravdess_avfusion/external/video_face_branch/early_fusion_facial_v2/fusion_pack_5f/sequences/02-01-06-01-01-01-03.npy,5,2048,02-01-06-01-01-01-03,canonical_02,5,5,fearful,0.01911670509725809,0.010810245387256145,0.00935228131711483,0.00825389353558421,0.007497159857302904,0.9249653458595276,0.012654304504394531,0.007350028678774834,1,1,1,complete
01-06-01-01-02-03,02-01-06-01-01-02-03,02-01-06-01-01-02-03,data/raw/ravdess/video_speech/Video_Speech_Actor_03/Actor_03/02-01-06-01-01-02-03.mp4,3,train,06,5,fearful,01,01,02,02-01-06-01-01-02-03,canonical_02,/home/tonyhe/ravdess_avfusion/external/video_face_branch/early_fusion_facial_v2/fusion_pack_5f/sequences/02-01-06-01-01-02-03.npy,5,2048,02-01-06-01-01-02-03,canonical_02,5,5,fearful,0.018075981736183168,0.00964310197159648,0.008634489215910434,0.00872751222923398,0.006889483984559774,0.9253700971603394,0.013297818042337895,0.009361514914780855,1,1,1,complete
01-06-01-02-01-03,02-01-06-01-02-01-03,02-01-06-01-02-01-03,data/raw/ravdess/video_speech/Video_Speech_Actor_03/Actor_03/02-01-06-01-02-01-03.mp4,3,train,06,5,fearful,01,02,01,02-01-06-01-02-01-03,canonical_02,/home/tonyhe/ravdess_avfusion/external/video_face_branch/early_fusion_facial_v2/fusion_pack_5f/sequences/02-01-06-01-02-01-03.npy,5,2048,02-01-06-01-02-01-03,canonical_02,5,5,fearful,0.022341157495975494,0.011468414217233658,0.010314144007861615,0.008851093985140324,0.007765509933233261,0.9173166036605835,0.01326601356267929,0.00867709582671523,1,1,1,complete
01-06-01-02-02-03,02-01-06-01-02-02-03,02-01-06-01-02-02-03,data/raw/ravdess/video_speech/Video_Speech_Actor_03/Actor_03/02-01-06-01-02-02-03.mp4,3,train,06,5,fearful,01,02,02,02-01-06-01-02-02-03,canonical_02,/home/tonyhe/ravdess_avfusion/external/video_face_branch/early_fusion_facial_v2/fusion_pack_5f/sequences/02-01-06-01-02-02-03.npy,5,2048,02-01-06-01-02-02-03,canonical_02,5,5,fearful,0.029259473085403442,0.015123366750776768,0.013750997185707093,0.010975481197237968,0.010932960174977779,0.8920272827148438,0.014561208710074425,0.013369264267385005,1,1,1,complete
01-06-02-01-01-03,02-01-06-02-01-01-03,02-01-06-02-01-01-03,data/raw/ravdess/video_speech/Video_Speech_Actor_03/Actor_03/02-01-06-02-01-01-03.mp4,3,train,06,5,fearful,02,01,01,02-01-06-02-01-01-03,canonical_02,/home/tonyhe/ravdess_avfusion/external/video_face_branch/early_fusion_facial_v2/fusion_pack_5f/sequences/02-01-06-02-01-01-03.npy,5,2048,02-01-06-02-01-01-03,canonical_02,5,5,fearful,0.022873963788151742,0.010644788667559624,0.014121773466467858,0.010491291992366314,0.009458844363689423,0.9102015614509582,0.011893985606729985,0.010313788801431656,1,1,1,complete
01-06-02-01-02-03,02-01-06-02-01-02-03,02-01-06-02-01-02-03,data/raw/ravdess/video_speech/Video_Speech_Actor_03/Actor_03/02-01-06-02-01-02-03.mp4,3,train,06,5,fearful,02,01,02,02-01-06-02-01-02-03,canonical_02,/home/tonyhe/ravdess_avfusion/external/video_face_branch/early_fusion_facial_v2/fusion_pack_5f/sequences/02-01-06-02-01-02-03.npy,5,2048,02-01-06-02-01-02-03,canonical_02,5,5,fearful,0.016136673651635645,0.006681863404810429,0.014141870476305485,0.013916049897670747,0.006398206576704979,0.9214042663574219,0.015128292236477136,0.00619277535006404,1,1,1,complete
01-06-02-02-01-03,02-01-06-02-02-01-03,02-01-06-02-02-01-03,data/raw/ravdess/video_speech/Video_Speech_Actor_03/Actor_03/02-01-06-02-02-01-03.mp4,3,train,06,5,fearful,02,02,01,02-01-06-02-02-01-03,canonical_02,/home/tonyhe/ravdess_avfusion/external/video_face_branch/early_fusion_facial_v2/fusion_pack_5f/sequences/02-01-06-02-02-01-03.npy,5,2048,02-01-06-02-02-01-03,canonical_02,5,5,fearful,0.025758876651525497,0.013203192874789238,0.01604110300540924,0.01266532763838768,0.013415690511465073,0.8964146852493287,0.01167942937463522,0.010821672808378934,1,1,1,complete
01-06-02-02-02-03,02-01-06-02-02-02-03,02-01-06-02-02-02-03,data/raw/ravdess/video_speech/Video_Speech_Actor_03/Actor_03/02-01-06-02-02-02-03.mp4,3,train,06,5,fearful,02,02,02,02-01-06-02-02-02-03,canonical_02,/home/tonyhe/ravdess_avfusion/external/video_face_branch/early_fusion_facial_v2/fusion_pack_5f/sequences/02-01-06-02-02-02-03.npy,5,2048,02-01-06-02-02-02-03,canonical_02,5,5,fearful,0.020047195628285407,0.0088391849771142,0.015880364924669266,0.008921992033720016,0.009665477275848388,0.9165156006813049,0.011280631273984909,0.008849588595330716,1,1,1,complete
01-07-01-01-01-03,02-01-07-01-01-01-03,02-01-07-01-01-01-03,data/raw/ravdess/video_speech/Video_Speech_Actor_03/Actor_03/02-01-07-01-01-01-03.mp4,3,train,07,6,disgust,01,01,01,02-01-07-01-01-01-03,canonical_02,/home/tonyhe/ravdess_avfusion/external/video_face_branch/early_fusion_facial_v2/fusion_pack_5f/sequences/02-01-07-01-01-01-03.npy,5,2048,02-01-07-01-01-01-03,canonical_02,5,6,disgust,0.017635588347911835,0.008294408861547708,0.007744581997394561,0.009233260527253151,0.008539001271128655,0.008689205348491668,0.9282928943634033,0.0115711010992527,1,1,1,complete
01-07-01-01-02-03,02-01-07-01-01-02-03,02-01-07-01-01-02-03,data/raw/ravdess/video_speech/Video_Speech_Actor_03/Actor_03/02-01-07-01-01-02-03.mp4,3,train,07,6,disgust,01,01,02,02-01-07-01-01-02-03,canonical_02,/home/tonyhe/ravdess_avfusion/external/video_face_branch/early_fusion_facial_v2/fusion_pack_5f/sequences/02-01-07-01-01-02-03.npy,5,2048,02-01-07-01-01-02-03,canonical_02,5,6,disgust,0.018865544348955154,0.00976256262511015,0.008936316892504691,0.009832046926021576,0.009764062706381083,0.010765873547643422,0.9193638086318969,0.012709791585803033,1,1,1,complete
01-07-01-02-01-03,02-01-07-01-02-01-03,02-01-07-01-02-01-03,data/raw/ravdess/video_speech/Video_Speech_Actor_03/Actor_03/02-01-07-01-02-01-03.mp4,3,train,07,6,disgust,01,02,01,02-01-07-01-02-01-03,canonical_02,/home/tonyhe/ravdess_avfusion/external/video_face_branch/early_fusion_facial_v2/fusion_pack_5f/sequences/02-01-07-01-02-01-03.npy,5,2048,02-01-07-01-02-01-03,canonical_02,5,6,disgust,0.01917921155691147,0.009980738535523415,0.007894380483776331,0.01009867824614048,0.009349940344691277,0.009643267560750245,0.9227197289466857,0.011134125478565692,1,1,1,complete
01-07-01-02-02-03,02-01-07-01-02-02-03,02-01-07-01-02-02-03,data/raw/ravdess/video_speech/Video_Speech_Actor_03/Actor_03/02-01-07-01-02-02-03.mp4,3,train,07,6,disgust,01,02,02,02-01-07-01-02-02-03,canonical_02,/home/tonyhe/ravdess_avfusion/external/video_face_branch/early_fusion_facial_v2/fusion_pack_5f/sequences/02-01-07-01-02-02-03.npy,5,2048,02-01-07-01-02-02-03,canonical_02,5,6,disgust,0.017806024476885795,0.008792567625641822,0.007803789339959621,0.00964170191437006,0.008766525518149137,0.008479116018861532,0.9274168372154236,0.01129343882203102,1,1,1,complete
01-07-02-01-01-03,02-01-07-02-01-01-03,02-01-07-02-01-01-03,data/raw/ravdess/video_speech/Video_Speech_Actor_03/Actor_03/02-01-07-02-01-01-03.mp4,3,train,07,6,disgust,02,01,01,02-01-07-02-01-01-03,canonical_02,/home/tonyhe/ravdess_avfusion/external/video_face_branch/early_fusion_facial_v2/fusion_pack_5f/sequences/02-01-07-02-01-01-03.npy,5,2048,02-01-07-02-01-01-03,canonical_02,5,6,disgust,0.01968677081167698,0.012638392671942712,0.007929663825780153,0.010194358509033918,0.008499480411410331,0.010021582897752523,0.9203197956085205,0.010709933750331403,1,1,1,complete
01-07-02-01-02-03,02-01-07-02-01-02-03,02-01-07-02-01-02-03,data/raw/ravdess/video_speech/Video_Speech_Actor_03/Actor_03/02-01-07-02-01-02-03.mp4,3,train,07,6,disgust,02,01,02,02-01-07-02-01-02-03,canonical_02,/home/tonyhe/ravdess_avfusion/external/video_face_branch/early_fusion_facial_v2/fusion_pack_5f/sequences/02-01-07-02-01-02-03.npy,5,2048,02-01-07-02-01-02-03,canonical_02,5,6,disgust,0.018927451968193055,0.009165777452290058,0.008216842729598283,0.010322237201035023,0.008858986850827932,0.010260173492133618,0.9221996068954468,0.012048928439617157,1,1,1,complete
01-07-02-02-01-03,02-01-07-02-02-01-03,02-01-07-02-02-01-03,data/raw/ravdess/video_speech/Video_Speech_Actor_03/Actor_03/02-01-07-02-02-01-03.mp4,3,train,07,6,disgust,02,02,01,02-01-07-02-02-01-03,canonical_02,/home/tonyhe/ravdess_avfusion/external/video_face_branch/early_fusion_facial_v2/fusion_pack_5f/sequences/02-01-07-02-02-01-03.npy,5,2048,02-01-07-02-02-01-03,canonical_02,5,6,disgust,0.017600320838391782,0.0073765434324741365,0.007857857644557953,0.008364875521510839,0.008241541963070632,0.010308632627129555,0.930295979976654,0.009954257030040025,1,1,1,complete
01-07-02-02-02-03,02-01-07-02-02-02-03,02-01-07-02-02-02-03,data/raw/ravdess/video_speech/Video_Speech_Actor_03/Actor_03/02-01-07-02-02-02-03.mp4,3,train,07,6,disgust,02,02,02,02-01-07-02-02-02-03,canonical_02,/home/tonyhe/ravdess_avfusion/external/video_face_branch/early_fusion_facial_v2/fusion_pack_5f/sequences/02-01-07-02-02-02-03.npy,5,2048,02-01-07-02-02-02-03,canonical_02,5,6,disgust,0.017840716801583768,0.008525705989450216,0.009696496836841106,0.01010687779635191,0.009471936151385307,0.009425880014896392,0.9242576479911804,0.010674749780446292,1,1,1,complete
01-08-01-01-01-03,02-01-08-01-01-01-03,02-01-08-01-01-01-03,data/raw/ravdess/video_speech/Video_Speech_Actor_03/Actor_03/02-01-08-01-01-01-03.mp4,3,train,08,7,surprise,01,01,01,02-01-08-01-01-01-03,canonical_02,/home/tonyhe/ravdess_avfusion/external/video_face_branch/early_fusion_facial_v2/fusion_pack_5f/sequences/02-01-08-01-01-01-03.npy,5,2048,02-01-08-01-01-01-03,canonical_02,5,7,surprise,0.02722080685198307,0.012463765777647495,0.013695808872580529,0.01251527015119791,0.01184600219130516,0.011393369641155005,0.0167252741754055,0.8941396951675415,1,1,1,complete
01-08-01-01-02-03,02-01-08-01-01-02-03,02-01-08-01-01-02-03,data/raw/ravdess/video_speech/Video_Speech_Actor_03/Actor_03/02-01-08-01-01-02-03.mp4,3,train,08,7,surprise,01,01,02,02-01-08-01-01-02-03,canonical_02,/home/tonyhe/ravdess_avfusion/external/video_face_branch/early_fusion_facial_v2/fusion_pack_5f/sequences/02-01-08-01-01-02-03.npy,5,2048,02-01-08-01-01-02-03,canonical_02,5,7,surprise,0.021978809870779513,0.012492673471570015,0.01394233200699091,0.011312227323651313,0.01029907464981079,0.011266748234629632,0.016364317946136,0.9023437619209289,1,1,1,complete
01-08-01-02-01-03,02-01-08-01-02-01-03,02-01-08-01-02-01-03,data/raw/ravdess/video_speech/Video_Speech_Actor_03/Actor_03/02-01-08-01-02-01-03.mp4,3,train,08,7,surprise,01,02,01,02-01-08-01-02-01-03,canonical_02,/home/tonyhe/ravdess_avfusion/external/video_face_branch/early_fusion_facial_v2/fusion_pack_5f/sequences/02-01-08-01-02-01-03.npy,5,2048,02-01-08-01-02-01-03,canonical_02,5,7,surprise,0.025496851280331613,0.011147130746394396,0.014849462918937207,0.010810913890600205,0.010321821272373199,0.011501263827085495,0.014007965847849847,0.9018645763397217,1,1,1,complete
01-08-01-02-02-03,02-01-08-01-02-02-03,02-01-08-01-02-02-03,data/raw/ravdess/video_speech/Video_Speech_Actor_03/Actor_03/02-01-08-01-02-02-03.mp4,3,train,08,7,surprise,01,02,02,02-01-08-01-02-02-03,canonical_02,/home/tonyhe/ravdess_avfusion/external/video_face_branch/early_fusion_facial_v2/fusion_pack_5f/sequences/02-01-08-01-02-02-03.npy,5,2048,02-01-08-01-02-02-03,canonical_02,5,7,surprise,0.019816666282713412,0.00956687079742551,0.010894157551229,0.01115925246849656,0.008136142510920763,0.008031316101551056,0.013976406119763852,0.9184191823005676,1,1,1,complete
01-08-02-01-01-03,02-01-08-02-01-01-03,02-01-08-02-01-01-03,data/raw/ravdess/video_speech/Video_Speech_Actor_03/Actor_03/02-01-08-02-01-01-03.mp4,3,train,08,7,surprise,02,01,01,02-01-08-02-01-01-03,canonical_02,/home/tonyhe/ravdess_avfusion/external/video_face_branch/early_fusion_facial_v2/fusion_pack_5f/sequences/02-01-08-02-01-01-03.npy,5,2048,02-01-08-02-01-01-03,canonical_02,5,7,surprise,0.02515067495405674,0.014569909311830997,0.013334416970610618,0.012689684517681599,0.0128720847889781,0.014133479818701744,0.01768401116132736,0.8895657300949097,1,1,1,complete
01-08-02-01-02-03,02-01-08-02-01-02-03,02-01-08-02-01-02-03,data/raw/ravdess/video_speech/Video_Speech_Actor_03/Actor_03/02-01-08-02-01-02-03.mp4,3,train,08,7,surprise,02,01,02,02-01-08-02-01-02-03,canonical_02,/home/tonyhe/ravdess_avfusion/external/video_face_branch/early_fusion_facial_v2/fusion_pack_5f/sequences/02-01-08-02-01-02-03.npy,5,2048,02-01-08-02-01-02-03,canonical_02,5,7,surprise,0.021897667646408082,0.009721500147134066,0.009349110256880521,0.010601777490228415,0.010965405032038689,0.010681083519011736,0.013298829086124897,0.9134846448898315,1,1,1,complete
01-08-02-02-01-03,02-01-08-02-02-01-03,02-01-08-02-02-01-03,data/raw/ravdess/video_speech/Video_Speech_Actor_03/Actor_03/02-01-08-02-02-01-03.mp4,3,train,08,7,surprise,02,02,01,02-01-08-02-02-01-03,canonical_02,/home/tonyhe/ravdess_avfusion/external/video_face_branch/early_fusion_facial_v2/fusion_pack_5f/sequences/02-01-08-02-02-01-03.npy,5,2048,02-01-08-02-02-01-03,canonical_02,5,7,surprise,0.023676677048206328,0.009909213241189718,0.011257690470665693,0.008952643349766731,0.010040236450731755,0.016680742613971233,0.011656429897993804,0.9078263998031616,1,1,1,complete
01-08-02-02-02-03,02-01-08-02-02-02-03,02-01-08-02-02-02-03,data/raw/ravdess/video_speech/Video_Speech_Actor_03/Actor_03/02-01-08-02-02-02-03.mp4,3,train,08,7,surprise,02,02,02,02-01-08-02-02-02-03,canonical_02,/home/tonyhe/ravdess_avfusion/external/video_face_branch/early_fusion_facial_v2/fusion_pack_5f/sequences/02-01-08-02-02-02-03.npy,5,2048,02-01-08-02-02-02-03,canonical_02,5,7,surprise,0.026964712142944335,0.011859930120408535,0.012731056660413742,0.011132842674851418,0.010807263292372226,0.01603459529578686,0.013179983757436276,0.8972895860671997,1,1,1,complete
01-01-01-01-01-04,02-01-01-01-01-01-04,02-01-01-01-01-01-04,data/raw/ravdess/video_speech/Video_Speech_Actor_04/Actor_04/02-01-01-01-01-01-04.mp4,4,train,01,0,neutral,01,01,01,02-01-01-01-01-01-04,canonical_02,/home/tonyhe/ravdess_avfusion/external/video_face_branch/early_fusion_facial_v2/fusion_pack_5f/sequences/02-01-01-01-01-01-04.npy,5,2048,02-01-01-01-01-01-04,canonical_02,5,0,neutral,0.9655011415481567,0.004599452996626496,0.004776921030133963,0.004322667745873332,0.004757437668740749,0.00477487025782466,0.005700239073485136,0.005567292310297489,1,1,1,complete
01-01-01-01-02-04,02-01-01-01-01-02-04,02-01-01-01-01-02-04,data/raw/ravdess/video_speech/Video_Speech_Actor_04/Actor_04/02-01-01-01-01-02-04.mp4,4,train,01,0,neutral,01,01,02,02-01-01-01-01-02-04,canonical_02,/home/tonyhe/ravdess_avfusion/external/video_face_branch/early_fusion_facial_v2/fusion_pack_5f/sequences/02-01-01-01-01-02-04.npy,5,2048,02-01-01-01-01-02-04,canonical_02,5,0,neutral,0.9644829034805298,0.006090994458645582,0.00455640722066164,0.003924285294488072,0.004494260856881737,0.004095243709161878,0.006297662761062384,0.006058212649077177,1,1,1,complete
01-01-01-02-01-04,02-01-01-01-02-01-04,02-01-01-01-02-01-04,data/raw/ravdess/video_speech/Video_Speech_Actor_04/Actor_04/02-01-01-01-02-01-04.mp4,4,train,01,0,neutral,01,02,01,02-01-01-01-02-01-04,canonical_02,/home/tonyhe/ravdess_avfusion/external/video_face_branch/early_fusion_facial_v2/fusion_pack_5f/sequences/02-01-01-01-02-01-04.npy,5,2048,02-01-01-01-02-01-04,canonical_02,5,0,neutral,0.9665915727615356,0.004036679212003946,0.004502143943682313,0.0038740061223506927,0.004731517005711794,0.004417941858991981,0.005075035057961941,0.006771099474281073,1,1,1,complete
01-01-01-02-02-04,02-01-01-01-02-02-04,02-01-01-01-02-02-04,data/raw/ravdess/video_speech/Video_Speech_Actor_04/Actor_04/02-01-01-01-02-02-04.mp4,4,train,01,0,neutral,01,02,02,02-01-01-01-02-02-04,canonical_02,/home/tonyhe/ravdess_avfusion/external/video_face_branch/early_fusion_facial_v2/fusion_pack_5f/sequences/02-01-01-01-02-02-04.npy,5,2048,02-01-01-01-02-02-04,canonical_02,5,0,neutral,0.9653214097023011,0.004518597992137075,0.0042361577041447164,0.0051542855333536865,0.004725009761750698,0.004312896681949496,0.005943803209811449,0.005787857249379158,1,1,1,complete
01-02-01-01-01-04,02-01-02-01-01-01-04,02-01-02-01-01-01-04,data/raw/ravdess/video_speech/Video_Speech_Actor_04/Actor_04/02-01-02-01-01-01-04.mp4,4,train,02,1,calm,01,01,01,02-01-02-01-01-01-04,canonical_02,/home/tonyhe/ravdess_avfusion/external/video_face_branch/early_fusion_facial_v2/fusion_pack_5f/sequences/02-01-02-01-01-01-04.npy,5,2048,02-01-02-01-01-01-04,canonical_02,5,1,calm,0.03557003252208233,0.8702934384346008,0.014408003725111484,0.015176292881369591,0.015410315431654453,0.01349677238613367,0.016068479232490062,0.01957670282572508,1,1,1,complete
01-02-01-01-02-04,02-01-02-01-01-02-04,02-01-02-01-01-02-04,data/raw/ravdess/video_speech/Video_Speech_Actor_04/Actor_04/02-01-02-01-01-02-04.mp4,4,train,02,1,calm,01,01,02,02-01-02-01-01-02-04,canonical_02,/home/tonyhe/ravdess_avfusion/external/video_face_branch/early_fusion_facial_v2/fusion_pack_5f/sequences/02-01-02-01-01-02-04.npy,5,2048,02-01-02-01-01-02-04,canonical_02,5,1,calm,0.042013610154390334,0.8462293982505799,0.018196141719818114,0.016407966054975985,0.018055579252541067,0.015273619256913663,0.020204595662653445,0.02361912950873375,1,1,1,complete
01-02-01-02-01-04,02-01-02-01-02-01-04,02-01-02-01-02-01-04,data/raw/ravdess/video_speech/Video_Speech_Actor_04/Actor_04/02-01-02-01-02-01-04.mp4,4,train,02,1,calm,01,02,01,02-01-02-01-02-01-04,canonical_02,/home/tonyhe/ravdess_avfusion/external/video_face_branch/early_fusion_facial_v2/fusion_pack_5f/sequences/02-01-02-01-02-01-04.npy,5,2048,02-01-02-01-02-01-04,canonical_02,5,1,calm,0.04049893170595169,0.8736386895179749,0.01160870660096407,0.012599651701748371,0.014427060820162296,0.011877146922051907,0.016174834780395032,0.01917495336383581,1,1,1,complete
01-02-01-02-02-04,02-01-02-01-02-02-04,02-01-02-01-02-02-04,data/raw/ravdess/video_speech/Video_Speech_Actor_04/Actor_04/02-01-02-01-02-02-04.mp4,4,train,02,1,calm,01,02,02,02-01-02-01-02-02-04,canonical_02,/home/tonyhe/ravdess_avfusion/external/video_face_branch/early_fusion_facial_v2/fusion_pack_5f/sequences/02-01-02-01-02-02-04.npy,5,2048,02-01-02-01-02-02-04,canonical_02,5,1,calm,0.041152390837669375,0.8713798761367798,0.011858414486050605,0.013070005550980568,0.015209159627556802,0.013512561097741127,0.015261739678680896,0.01855586525052786,1,1,1,complete
01-02-02-01-01-04,02-01-02-02-01-01-04,02-01-02-02-01-01-04,data/raw/ravdess/video_speech/Video_Speech_Actor_04/Actor_04/02-01-02-02-01-01-04.mp4,4,train,02,1,calm,02,01,01,02-01-02-02-01-01-04,canonical_02,/home/tonyhe/ravdess_avfusion/external/video_face_branch/early_fusion_facial_v2/fusion_pack_5f/sequences/02-01-02-02-01-01-04.npy,5,2048,02-01-02-02-01-01-04,canonical_02,5,1,calm,0.039058494567871097,0.8656641960144043,0.013090913742780685,0.014882159419357777,0.013996203616261482,0.01253370139747858,0.018722205050289632,0.02205212749540806,1,1,1,complete
01-02-02-01-02-04,02-01-02-02-01-02-04,02-01-02-02-01-02-04,data/raw/ravdess/video_speech/Video_Speech_Actor_04/Actor_04/02-01-02-02-01-02-04.mp4,4,train,02,1,calm,02,01,02,02-01-02-02-01-02-04,canonical_02,/home/tonyhe/ravdess_avfusion/external/video_face_branch/early_fusion_facial_v2/fusion_pack_5f/sequences/02-01-02-02-01-02-04.npy,5,2048,02-01-02-02-01-02-04,canonical_02,5,1,calm,0.03578907139599323,0.8658170938491822,0.0138282161206007,0.014922258630394935,0.018103532679378986,0.013965461589396,0.016855441965162754,0.020718928799033164,1,1,1,complete
01-02-02-02-01-04,02-01-02-02-02-01-04,02-01-02-02-02-01-04,data/raw/ravdess/video_speech/Video_Speech_Actor_04/Actor_04/02-01-02-02-02-01-04.mp4,4,train,02,1,calm,02,02,01,02-01-02-02-02-01-04,canonical_02,/home/tonyhe/ravdess_avfusion/external/video_face_branch/early_fusion_facial_v2/fusion_pack_5f/sequences/02-01-02-02-02-01-04.npy,5,2048,02-01-02-02-02-01-04,canonical_02,5,1,calm,0.03765486031770706,0.865293276309967,0.01321429368108511,0.015026324614882468,0.017994173243641852,0.01485841628164053,0.018021017871797086,0.01793765928596258,1,1,1,complete
01-02-02-02-02-04,02-01-02-02-02-02-04,02-01-02-02-02-02-04,data/raw/ravdess/video_speech/Video_Speech_Actor_04/Actor_04/02-01-02-02-02-02-04.mp4,4,train,02,1,calm,02,02,02,02-01-02-02-02-02-04,canonical_02,/home/tonyhe/ravdess_avfusion/external/video_face_branch/early_fusion_facial_v2/fusion_pack_5f/sequences/02-01-02-02-02-02-04.npy,5,2048,02-01-02-02-02-02-04,canonical_02,5,1,calm,0.035675376281142236,0.875482702255249,0.012787910550832749,0.016295904107391835,0.01443954575806856,0.012014079093933105,0.01503403503447771,0.018270421028137206,1,1,1,complete
01-03-01-01-01-04,02-01-03-01-01-01-04,02-01-03-01-01-01-04,data/raw/ravdess/video_speech/Video_Speech_Actor_04/Actor_04/02-01-03-01-01-01-04.mp4,4,train,03,2,happy,01,01,01,02-01-03-01-01-01-04,canonical_02,/home/tonyhe/ravdess_avfusion/external/video_face_branch/early_fusion_facial_v2/fusion_pack_5f/sequences/02-01-03-01-01-01-04.npy,5,2048,02-01-03-01-01-01-04,canonical_02,5,2,happy,0.030752063542604447,0.43371696174144747,0.45891078263521196,0.015044221747666597,0.01484560165554285,0.014259909093379975,0.017859423346817494,0.0146110525354743,1,1,1,complete
01-03-01-01-02-04,02-01-03-01-01-02-04,02-01-03-01-01-02-04,data/raw/ravdess/video_speech/Video_Speech_Actor_04/Actor_04/02-01-03-01-01-02-04.mp4,4,train,03,2,happy,01,01,02,02-01-03-01-01-02-04,canonical_02,/home/tonyhe/ravdess_avfusion/external/video_face_branch/early_fusion_facial_v2/fusion_pack_5f/sequences/02-01-03-01-01-02-04.npy,5,2048,02-01-03-01-01-02-04,canonical_02,5,2,happy,0.027059991657733918,0.23493447843939066,0.6635168381035328,0.012551927007734776,0.010262280609458685,0.011757692508399486,0.014837437495589256,0.025079356133937837,1,1,1,complete
01-03-01-02-01-04,02-01-03-01-02-01-04,02-01-03-01-02-01-04,data/raw/ravdess/video_speech/Video_Speech_Actor_04/Actor_04/02-01-03-01-02-01-04.mp4,4,train,03,2,happy,01,02,01,02-01-03-01-02-01-04,canonical_02,/home/tonyhe/ravdess_avfusion/external/video_face_branch/early_fusion_facial_v2/fusion_pack_5f/sequences/02-01-03-01-02-01-04.npy,5,2048,02-01-03-01-02-01-04,canonical_02,5,2,happy,0.024034600146114825,0.40621739560738207,0.4966253474354744,0.013306426256895066,0.015598805621266365,0.011672360263764859,0.019687249138951302,0.012857782375067472,1,1,1,complete
01-03-01-02-02-04,02-01-03-01-02-02-04,02-01-03-01-02-02-04,data/raw/ravdess/video_speech/Video_Speech_Actor_04/Actor_04/02-01-03-01-02-02-04.mp4,4,train,03,2,happy,01,02,02,02-01-03-01-02-02-04,canonical_02,/home/tonyhe/ravdess_avfusion/external/video_face_branch/early_fusion_facial_v2/fusion_pack_5f/sequences/02-01-03-01-02-02-04.npy,5,2048,02-01-03-01-02-02-04,canonical_02,5,2,happy,0.029098056629300116,0.3598990337923169,0.5400442592799664,0.014798602275550365,0.013984745182096959,0.011948923021554947,0.016586963087320328,0.013639430794864894,1,1,1,complete
01-03-02-01-01-04,02-01-03-02-01-01-04,02-01-03-02-01-01-04,data/raw/ravdess/video_speech/Video_Speech_Actor_04/Actor_04/02-01-03-02-01-01-04.mp4,4,train,03,2,happy,02,01,01,02-01-03-02-01-01-04,canonical_02,/home/tonyhe/ravdess_avfusion/external/video_face_branch/early_fusion_facial_v2/fusion_pack_5f/sequences/02-01-03-02-01-01-04.npy,5,2048,02-01-03-02-01-01-04,canonical_02,5,2,happy,0.018399587832391262,0.20621363781392574,0.7053057312965393,0.011350997909903526,0.008664610795676708,0.01579255620017648,0.014421314932405949,0.01985152028501034,1,1,1,complete
01-03-02-01-02-04,02-01-03-02-01-02-04,02-01-03-02-01-02-04,data/raw/ravdess/video_speech/Video_Speech_Actor_04/Actor_04/02-01-03-02-01-02-04.mp4,4,train,03,2,happy,02,01,02,02-01-03-02-01-02-04,canonical_02,/home/tonyhe/ravdess_avfusion/external/video_face_branch/early_fusion_facial_v2/fusion_pack_5f/sequences/02-01-03-02-01-02-04.npy,5,2048,02-01-03-02-01-02-04,canonical_02,5,2,happy,0.013112401589751244,0.011816632933914661,0.9318380236625672,0.008270433824509382,0.007013152725994587,0.006820225203409791,0.009409261867403984,0.011719840764999389,1,1,1,complete
01-03-02-02-01-04,02-01-03-02-02-01-04,02-01-03-02-02-01-04,data/raw/ravdess/video_speech/Video_Speech_Actor_04/Actor_04/02-01-03-02-02-01-04.mp4,4,train,03,2,happy,02,02,01,02-01-03-02-02-01-04,canonical_02,/home/tonyhe/ravdess_avfusion/external/video_face_branch/early_fusion_facial_v2/fusion_pack_5f/sequences/02-01-03-02-02-01-04.npy,5,2048,02-01-03-02-02-01-04,canonical_02,5,2,happy,0.019744610227644444,0.02691796366125345,0.8964181780815125,0.010919668152928353,0.010900341626256704,0.009602363593876362,0.01465353388339281,0.010843324847519398,1,1,1,complete
01-03-02-02-02-04,02-01-03-02-02-02-04,02-01-03-02-02-02-04,data/raw/ravdess/video_speech/Video_Speech_Actor_04/Actor_04/02-01-03-02-02-02-04.mp4,4,train,03,2,happy,02,02,02,02-01-03-02-02-02-04,canonical_02,/home/tonyhe/ravdess_avfusion/external/video_face_branch/early_fusion_facial_v2/fusion_pack_5f/sequences/02-01-03-02-02-02-04.npy,5,2048,02-01-03-02-02-02-04,canonical_02,5,2,happy,0.020684316009283065,0.12337178084999323,0.8006312608718872,0.009541051089763641,0.009713116288185119,0.010265869926661253,0.01290307529270649,0.012889509461820126,1,1,1,complete
01-04-01-01-01-04,02-01-04-01-01-01-04,02-01-04-01-01-01-04,data/raw/ravdess/video_speech/Video_Speech_Actor_04/Actor_04/02-01-04-01-01-01-04.mp4,4,train,04,3,sad,01,01,01,02-01-04-01-01-01-04,canonical_02,/home/tonyhe/ravdess_avfusion/external/video_face_branch/early_fusion_facial_v2/fusion_pack_5f/sequences/02-01-04-01-01-01-04.npy,5,2048,02-01-04-01-01-01-04,canonical_02,5,3,sad,0.016772122494876383,0.005257131485268474,0.00672869747504592,0.9411678791046143,0.008193029370158911,0.004852459253743291,0.007418708503246307,0.009609989542514085,1,1,1,complete
01-04-01-01-02-04,02-01-04-01-01-02-04,02-01-04-01-01-02-04,data/raw/ravdess/video_speech/Video_Speech_Actor_04/Actor_04/02-01-04-01-01-02-04.mp4,4,train,04,3,sad,01,01,02,02-01-04-01-01-02-04,canonical_02,/home/tonyhe/ravdess_avfusion/external/video_face_branch/early_fusion_facial_v2/fusion_pack_5f/sequences/02-01-04-01-01-02-04.npy,5,2048,02-01-04-01-01-02-04,canonical_02,5,3,sad,0.017713314294815062,0.008146812580525875,0.008173980750143528,0.8665213942527771,0.008558006770908833,0.07014594096690416,0.011491878423839808,0.009248714242130519,1,1,1,complete
01-04-01-02-01-04,02-01-04-01-02-01-04,02-01-04-01-02-01-04,data/raw/ravdess/video_speech/Video_Speech_Actor_04/Actor_04/02-01-04-01-02-01-04.mp4,4,train,04,3,sad,01,02,01,02-01-04-01-02-01-04,canonical_02,/home/tonyhe/ravdess_avfusion/external/video_face_branch/early_fusion_facial_v2/fusion_pack_5f/sequences/02-01-04-01-02-01-04.npy,5,2048,02-01-04-01-02-01-04,canonical_02,5,3,sad,0.021541050262749196,0.009785947948694229,0.008436157274991274,0.9196751952171326,0.010044802445918322,0.006751174712553621,0.014006049558520316,0.00975966090336442,1,1,1,complete
01-04-01-02-02-04,02-01-04-01-02-02-04,02-01-04-01-02-02-04,data/raw/ravdess/video_speech/Video_Speech_Actor_04/Actor_04/02-01-04-01-02-02-04.mp4,4,train,04,3,sad,01,02,02,02-01-04-01-02-02-04,canonical_02,/home/tonyhe/ravdess_avfusion/external/video_face_branch/early_fusion_facial_v2/fusion_pack_5f/sequences/02-01-04-01-02-02-04.npy,5,2048,02-01-04-01-02-02-04,canonical_02,5,3,sad,0.02486575171351433,0.010678052064031362,0.008162153884768486,0.9145588874816895,0.011850600317120551,0.008579223603010177,0.011149701476097108,0.010155603382736444,1,1,1,complete
01-04-02-01-01-04,02-01-04-02-01-01-04,02-01-04-02-01-01-04,data/raw/ravdess/video_speech/Video_Speech_Actor_04/Actor_04/02-01-04-02-01-01-04.mp4,4,train,04,3,sad,02,01,01,02-01-04-02-01-01-04,canonical_02,/home/tonyhe/ravdess_avfusion/external/video_face_branch/early_fusion_facial_v2/fusion_pack_5f/sequences/02-01-04-02-01-01-04.npy,5,2048,02-01-04-02-01-01-04,canonical_02,5,3,sad,0.02548810876905918,0.01222314704209566,0.009986741561442613,0.9047529458999634,0.009561332408338785,0.00801314003765583,0.018084286153316496,0.011890288814902306,1,1,1,complete
01-04-02-01-02-04,02-01-04-02-01-02-04,02-01-04-02-01-02-04,data/raw/ravdess/video_speech/Video_Speech_Actor_04/Actor_04/02-01-04-02-01-02-04.mp4,4,train,04,3,sad,02,01,02,02-01-04-02-01-02-04,canonical_02,/home/tonyhe/ravdess_avfusion/external/video_face_branch/early_fusion_facial_v2/fusion_pack_5f/sequences/02-01-04-02-01-02-04.npy,5,2048,02-01-04-02-01-02-04,canonical_02,5,3,sad,0.021402229368686677,0.010254454892128706,0.006724577117711306,0.9154020190238953,0.00951987449079752,0.008315909234806896,0.02034541144967079,0.00803550835698843,1,1,1,complete
01-04-02-02-01-04,02-01-04-02-02-01-04,02-01-04-02-02-01-04,data/raw/ravdess/video_speech/Video_Speech_Actor_04/Actor_04/02-01-04-02-02-01-04.mp4,4,train,04,3,sad,02,02,01,02-01-04-02-02-01-04,canonical_02,/home/tonyhe/ravdess_avfusion/external/video_face_branch/early_fusion_facial_v2/fusion_pack_5f/sequences/02-01-04-02-02-01-04.npy,5,2048,02-01-04-02-02-01-04,canonical_02,5,3,sad,0.022024977765977383,0.011690928321331739,0.011682426277548074,0.8902262091636658,0.010301580373197793,0.01102533722296357,0.032230001967400314,0.010818527918308974,1,1,1,complete
01-04-02-02-02-04,02-01-04-02-02-02-04,02-01-04-02-02-02-04,data/raw/ravdess/video_speech/Video_Speech_Actor_04/Actor_04/02-01-04-02-02-02-04.mp4,4,train,04,3,sad,02,02,02,02-01-04-02-02-02-04,canonical_02,/home/tonyhe/ravdess_avfusion/external/video_face_branch/early_fusion_facial_v2/fusion_pack_5f/sequences/02-01-04-02-02-02-04.npy,5,2048,02-01-04-02-02-02-04,canonical_02,5,3,sad,0.02537610977888107,0.012318749725818635,0.014041454531252384,0.8842005252838134,0.01209808811545372,0.010101810470223427,0.026171813905239105,0.01569144781678915,1,1,1,complete
01-05-01-01-01-04,02-01-05-01-01-01-04,02-01-05-01-01-01-04,data/raw/ravdess/video_speech/Video_Speech_Actor_04/Actor_04/02-01-05-01-01-01-04.mp4,4,train,05,4,angry,01,01,01,02-01-05-01-01-01-04,canonical_02,/home/tonyhe/ravdess_avfusion/external/video_face_branch/early_fusion_facial_v2/fusion_pack_5f/sequences/02-01-05-01-01-01-04.npy,5,2048,02-01-05-01-01-01-04,canonical_02,5,4,angry,0.02373998425900936,0.011894557997584343,0.008629887364804745,0.00953642139211297,0.9215776324272156,0.007657885644584894,0.009640690125524997,0.007322899624705314,1,1,1,complete
01-05-01-01-02-04,02-01-05-01-01-02-04,02-01-05-01-01-02-04,data/raw/ravdess/video_speech/Video_Speech_Actor_04/Actor_04/02-01-05-01-01-02-04.mp4,4,train,05,4,angry,01,01,02,02-01-05-01-01-02-04,canonical_02,/home/tonyhe/ravdess_avfusion/external/video_face_branch/early_fusion_facial_v2/fusion_pack_5f/sequences/02-01-05-01-01-02-04.npy,5,2048,02-01-05-01-01-02-04,canonical_02,5,4,angry,0.022198554128408432,0.009448477812111378,0.008983583934605122,0.01335353534668684,0.8956961274147034,0.027429128438234328,0.01550755575299263,0.007383014820516109,1,1,1,complete
01-05-01-02-01-04,02-01-05-01-02-01-04,02-01-05-01-02-01-04,data/raw/ravdess/video_speech/Video_Speech_Actor_04/Actor_04/02-01-05-01-02-01-04.mp4,4,train,05,4,angry,01,02,01,02-01-05-01-02-01-04,canonical_02,/home/tonyhe/ravdess_avfusion/external/video_face_branch/early_fusion_facial_v2/fusion_pack_5f/sequences/02-01-05-01-02-01-04.npy,5,2048,02-01-05-01-02-01-04,canonical_02,5,4,angry,0.020626992359757422,0.011861754767596721,0.0097909533418715,0.01646222546696663,0.9116866111755371,0.011314178816974163,0.010820499714463949,0.007436780538409948,1,1,1,complete
01-05-01-02-02-04,02-01-05-01-02-02-04,02-01-05-01-02-02-04,data/raw/ravdess/video_speech/Video_Speech_Actor_04/Actor_04/02-01-05-01-02-02-04.mp4,4,train,05,4,angry,01,02,02,02-01-05-01-02-02-04,canonical_02,/home/tonyhe/ravdess_avfusion/external/video_face_branch/early_fusion_facial_v2/fusion_pack_5f/sequences/02-01-05-01-02-02-04.npy,5,2048,02-01-05-01-02-02-04,canonical_02,5,4,angry,0.022450552508234977,0.011734159663319588,0.01054270677268505,0.013594678044319153,0.9127937912940979,0.010486256424337625,0.010269783437252045,0.008128013368695975,1,1,1,complete
01-05-02-01-01-04,02-01-05-02-01-01-04,02-01-05-02-01-01-04,data/raw/ravdess/video_speech/Video_Speech_Actor_04/Actor_04/02-01-05-02-01-01-04.mp4,4,train,05,4,angry,02,01,01,02-01-05-02-01-01-04,canonical_02,/home/tonyhe/ravdess_avfusion/external/video_face_branch/early_fusion_facial_v2/fusion_pack_5f/sequences/02-01-05-02-01-01-04.npy,5,2048,02-01-05-02-01-01-04,canonical_02,5,4,angry,0.02151264399290085,0.009975063987076283,0.009931761585175992,0.009672251529991627,0.9217124819755554,0.009972744155675173,0.0095600844360888,0.007662990316748619,1,1,1,complete
01-05-02-01-02-04,02-01-05-02-01-02-04,02-01-05-02-01-02-04,data/raw/ravdess/video_speech/Video_Speech_Actor_04/Actor_04/02-01-05-02-01-02-04.mp4,4,train,05,4,angry,02,01,02,02-01-05-02-01-02-04,canonical_02,/home/tonyhe/ravdess_avfusion/external/video_face_branch/early_fusion_facial_v2/fusion_pack_5f/sequences/02-01-05-02-01-02-04.npy,5,2048,02-01-05-02-01-02-04,canonical_02,5,4,angry,0.015165109746158123,0.00919896075502038,0.007823887467384338,0.007707752101123333,0.932060182094574,0.009867905359715223,0.008344095759093761,0.009832084365189075,1,1,1,complete
01-05-02-02-01-04,02-01-05-02-02-01-04,02-01-05-02-02-01-04,data/raw/ravdess/video_speech/Video_Speech_Actor_04/Actor_04/02-01-05-02-02-01-04.mp4,4,train,05,4,angry,02,02,01,02-01-05-02-02-01-04,canonical_02,/home/tonyhe/ravdess_avfusion/external/video_face_branch/early_fusion_facial_v2/fusion_pack_5f/sequences/02-01-05-02-02-01-04.npy,5,2048,02-01-05-02-02-01-04,canonical_02,5,4,angry,0.017662977054715156,0.01013188874348998,0.010900063905864954,0.010220644250512122,0.9249481797218323,0.008306572400033473,0.009492020774632692,0.008337647002190352,1,1,1,complete
01-05-02-02-02-04,02-01-05-02-02-02-04,02-01-05-02-02-02-04,data/raw/ravdess/video_speech/Video_Speech_Actor_04/Actor_04/02-01-05-02-02-02-04.mp4,4,train,05,4,angry,02,02,02,02-01-05-02-02-02-04,canonical_02,/home/tonyhe/ravdess_avfusion/external/video_face_branch/early_fusion_facial_v2/fusion_pack_5f/sequences/02-01-05-02-02-02-04.npy,5,2048,02-01-05-02-02-02-04,canonical_02,5,4,angry,0.01670999117195606,0.008114686142653227,0.009303698688745499,0.006742141023278236,0.9271500110626221,0.014358384162187576,0.011071170307695865,0.006549940723925829,1,1,1,complete
01-06-01-01-01-04,02-01-06-01-01-01-04,02-01-06-01-01-01-04,data/raw/ravdess/video_speech/Video_Speech_Actor_04/Actor_04/02-01-06-01-01-01-04.mp4,4,train,06,5,fearful,01,01,01,02-01-06-01-01-01-04,canonical_02,/home/tonyhe/ravdess_avfusion/external/video_face_branch/early_fusion_facial_v2/fusion_pack_5f/sequences/02-01-06-01-01-01-04.npy,5,2048,02-01-06-01-01-01-04,canonical_02,5,5,fearful,0.01850083116441965,0.008547398075461388,0.009822843037545681,0.009505723882466555,0.01047145128250122,0.9234235167503357,0.012020348198711872,0.007707888726145029,1,1,1,complete
01-06-01-01-02-04,02-01-06-01-01-02-04,02-01-06-01-01-02-04,data/raw/ravdess/video_speech/Video_Speech_Actor_04/Actor_04/02-01-06-01-01-02-04.mp4,4,train,06,5,fearful,01,01,02,02-01-06-01-01-02-04,canonical_02,/home/tonyhe/ravdess_avfusion/external/video_face_branch/early_fusion_facial_v2/fusion_pack_5f/sequences/02-01-06-01-01-02-04.npy,5,2048,02-01-06-01-01-02-04,canonical_02,5,5,fearful,0.01924746073782444,0.00914429547265172,0.009262195974588393,0.021865370590239762,0.009096090216189623,0.9095764279365539,0.012192483153194189,0.00961568420752883,1,1,1,complete
01-06-01-02-01-04,02-01-06-01-02-01-04,02-01-06-01-02-01-04,data/raw/ravdess/video_speech/Video_Speech_Actor_04/Actor_04/02-01-06-01-02-01-04.mp4,4,train,06,5,fearful,01,02,01,02-01-06-01-02-01-04,canonical_02,/home/tonyhe/ravdess_avfusion/external/video_face_branch/early_fusion_facial_v2/fusion_pack_5f/sequences/02-01-06-01-02-01-04.npy,5,2048,02-01-06-01-02-01-04,canonical_02,5,5,fearful,0.04150345847010613,0.015024647861719132,0.009748494438827037,0.012089608050882817,0.024210603907704353,0.8752516388893128,0.014479468390345574,0.007692096661776305,1,1,1,complete
01-06-01-02-02-04,02-01-06-01-02-02-04,02-01-06-01-02-02-04,data/raw/ravdess/video_speech/Video_Speech_Actor_04/Actor_04/02-01-06-01-02-02-04.mp4,4,train,06,5,fearful,01,02,02,02-01-06-01-02-02-04,canonical_02,/home/tonyhe/ravdess_avfusion/external/video_face_branch/early_fusion_facial_v2/fusion_pack_5f/sequences/02-01-06-01-02-02-04.npy,5,2048,02-01-06-01-02-02-04,canonical_02,5,5,fearful,0.0161659087985754,0.008006500359624625,0.00804120795801282,0.008757493644952773,0.007637805584818125,0.9343954682350158,0.010522617772221566,0.006473024003207683,1,1,1,complete
01-06-02-01-01-04,02-01-06-02-01-01-04,02-01-06-02-01-01-04,data/raw/ravdess/video_speech/Video_Speech_Actor_04/Actor_04/02-01-06-02-01-01-04.mp4,4,train,06,5,fearful,02,01,01,02-01-06-02-01-01-04,canonical_02,/home/tonyhe/ravdess_avfusion/external/video_face_branch/early_fusion_facial_v2/fusion_pack_5f/sequences/02-01-06-02-01-01-04.npy,5,2048,02-01-06-02-01-01-04,canonical_02,5,5,fearful,0.023001294955611228,0.01047259159386158,0.009625553712248802,0.04886739999055863,0.009804140962660312,0.8741247177124023,0.016271407529711724,0.007832841947674751,1,1,1,complete
01-06-02-01-02-04,02-01-06-02-01-02-04,02-01-06-02-01-02-04,data/raw/ravdess/video_speech/Video_Speech_Actor_04/Actor_04/02-01-06-02-01-02-04.mp4,4,train,06,5,fearful,02,01,02,02-01-06-02-01-02-04,canonical_02,/home/tonyhe/ravdess_avfusion/external/video_face_branch/early_fusion_facial_v2/fusion_pack_5f/sequences/02-01-06-02-01-02-04.npy,5,2048,02-01-06-02-01-02-04,canonical_02,5,5,fearful,0.023020827397704124,0.011192027293145657,0.01110585443675518,0.009080458246171475,0.01741952169686556,0.9024815440177918,0.01535949856042862,0.01034026574343443,1,1,1,complete
01-06-02-02-01-04,02-01-06-02-02-01-04,02-01-06-02-02-01-04,data/raw/ravdess/video_speech/Video_Speech_Actor_04/Actor_04/02-01-06-02-02-01-04.mp4,4,train,06,5,fearful,02,02,01,02-01-06-02-02-01-04,canonical_02,/home/tonyhe/ravdess_avfusion/external/video_face_branch/early_fusion_facial_v2/fusion_pack_5f/sequences/02-01-06-02-02-01-04.npy,5,2048,02-01-06-02-02-01-04,canonical_02,5,5,fearful,0.02459233980625868,0.010377869196236133,0.011328969895839692,0.00940797831863165,0.03704145085066557,0.8836300492286682,0.01488448791205883,0.008736841939389705,1,1,1,complete
01-06-02-02-02-04,02-01-06-02-02-02-04,02-01-06-02-02-02-04,data/raw/ravdess/video_speech/Video_Speech_Actor_04/Actor_04/02-01-06-02-02-02-04.mp4,4,train,06,5,fearful,02,02,02,02-01-06-02-02-02-04,canonical_02,/home/tonyhe/ravdess_avfusion/external/video_face_branch/early_fusion_facial_v2/fusion_pack_5f/sequences/02-01-06-02-02-02-04.npy,5,2048,02-01-06-02-02-02-04,canonical_02,5,5,fearful,0.019852913171052932,0.00960107184946537,0.009450023155659437,0.008788350317627192,0.00882491199299693,0.924124026298523,0.013135895878076554,0.006222816277295351,1,1,1,complete
01-07-01-01-01-04,02-01-07-01-01-01-04,02-01-07-01-01-01-04,data/raw/ravdess/video_speech/Video_Speech_Actor_04/Actor_04/02-01-07-01-01-01-04.mp4,4,train,07,6,disgust,01,01,01,02-01-07-01-01-01-04,canonical_02,/home/tonyhe/ravdess_avfusion/external/video_face_branch/early_fusion_facial_v2/fusion_pack_5f/sequences/02-01-07-01-01-01-04.npy,5,2048,02-01-07-01-01-01-04,canonical_02,5,6,disgust,0.01683912202715874,0.00927694896236062,0.00800310424529016,0.00817082468420267,0.008863287698477506,0.008073990326374769,0.9323610067367554,0.008411735855042934,1,1,1,complete
01-07-01-01-02-04,02-01-07-01-01-02-04,02-01-07-01-01-02-04,data/raw/ravdess/video_speech/Video_Speech_Actor_04/Actor_04/02-01-07-01-01-02-04.mp4,4,train,07,6,disgust,01,01,02,02-01-07-01-01-02-04,canonical_02,/home/tonyhe/ravdess_avfusion/external/video_face_branch/early_fusion_facial_v2/fusion_pack_5f/sequences/02-01-07-01-01-02-04.npy,5,2048,02-01-07-01-01-02-04,canonical_02,5,6,disgust,0.021046274900436403,0.013823812082409858,0.010440153628587722,0.009970825538039208,0.009092796407639981,0.008106571435928345,0.9157091498374939,0.011810390464961528,1,1,1,complete
01-07-01-02-01-04,02-01-07-01-02-01-04,02-01-07-01-02-01-04,data/raw/ravdess/video_speech/Video_Speech_Actor_04/Actor_04/02-01-07-01-02-01-04.mp4,4,train,07,6,disgust,01,02,01,02-01-07-01-02-01-04,canonical_02,/home/tonyhe/ravdess_avfusion/external/video_face_branch/early_fusion_facial_v2/fusion_pack_5f/sequences/02-01-07-01-02-01-04.npy,5,2048,02-01-07-01-02-01-04,canonical_02,5,6,disgust,0.018735752254724503,0.012896554172039032,0.009382138587534427,0.008416908327490091,0.009035724215209484,0.0077556933276355265,0.9243245959281922,0.009452616050839423,1,1,1,complete
01-07-01-02-02-04,02-01-07-01-02-02-04,02-01-07-01-02-02-04,data/raw/ravdess/video_speech/Video_Speech_Actor_04/Actor_04/02-01-07-01-02-02-04.mp4,4,train,07,6,disgust,01,02,02,02-01-07-01-02-02-04,canonical_02,/home/tonyhe/ravdess_avfusion/external/video_face_branch/early_fusion_facial_v2/fusion_pack_5f/sequences/02-01-07-01-02-02-04.npy,5,2048,02-01-07-01-02-02-04,canonical_02,5,6,disgust,0.02095523998141289,0.013908283971250057,0.010849222913384438,0.011990174651145935,0.0081608597189188,0.006929518468677997,0.9175816059112549,0.009625142812728882,1,1,1,complete
01-07-02-01-01-04,02-01-07-02-01-01-04,02-01-07-02-01-01-04,data/raw/ravdess/video_speech/Video_Speech_Actor_04/Actor_04/02-01-07-02-01-01-04.mp4,4,train,07,6,disgust,02,01,01,02-01-07-02-01-01-04,canonical_02,/home/tonyhe/ravdess_avfusion/external/video_face_branch/early_fusion_facial_v2/fusion_pack_5f/sequences/02-01-07-02-01-01-04.npy,5,2048,02-01-07-02-01-01-04,canonical_02,5,6,disgust,0.017169829457998276,0.009269398543983698,0.007496737688779831,0.008502086065709591,0.00877567045390606,0.007887401152402163,0.9323205351829529,0.008578362967818975,1,1,1,complete
01-07-02-01-02-04,02-01-07-02-01-02-04,02-01-07-02-01-02-04,data/raw/ravdess/video_speech/Video_Speech_Actor_04/Actor_04/02-01-07-02-01-02-04.mp4,4,train,07,6,disgust,02,01,02,02-01-07-02-01-02-04,canonical_02,/home/tonyhe/ravdess_avfusion/external/video_face_branch/early_fusion_facial_v2/fusion_pack_5f/sequences/02-01-07-02-01-02-04.npy,5,2048,02-01-07-02-01-02-04,canonical_02,5,6,disgust,0.017147834226489068,0.00865165889263153,0.007827372383326292,0.008541097305715084,0.008680716902017594,0.012597575038671493,0.9285011649131775,0.008052589814178645,1,1,1,complete
01-07-02-02-01-04,02-01-07-02-02-01-04,02-01-07-02-02-01-04,data/raw/ravdess/video_speech/Video_Speech_Actor_04/Actor_04/02-01-07-02-02-01-04.mp4,4,train,07,6,disgust,02,02,01,02-01-07-02-02-01-04,canonical_02,/home/tonyhe/ravdess_avfusion/external/video_face_branch/early_fusion_facial_v2/fusion_pack_5f/sequences/02-01-07-02-02-01-04.npy,5,2048,02-01-07-02-02-01-04,canonical_02,5,6,disgust,0.018670977279543876,0.011288058664649724,0.008096844237297774,0.00900209667161107,0.009398798551410436,0.008662241976708174,0.9250707507133484,0.009810226503759623,1,1,1,complete
01-07-02-02-02-04,02-01-07-02-02-02-04,02-01-07-02-02-02-04,data/raw/ravdess/video_speech/Video_Speech_Actor_04/Actor_04/02-01-07-02-02-02-04.mp4,4,train,07,6,disgust,02,02,02,02-01-07-02-02-02-04,canonical_02,/home/tonyhe/ravdess_avfusion/external/video_face_branch/early_fusion_facial_v2/fusion_pack_5f/sequences/02-01-07-02-02-02-04.npy,5,2048,02-01-07-02-02-02-04,canonical_02,5,6,disgust,0.02133524138480425,0.012696996331214905,0.009556598402559758,0.009758440684527159,0.008747984003275634,0.007758975960314274,0.9198921084403991,0.010253657959401608,1,1,1,complete
01-08-01-01-01-04,02-01-08-01-01-01-04,02-01-08-01-01-01-04,data/raw/ravdess/video_speech/Video_Speech_Actor_04/Actor_04/02-01-08-01-01-01-04.mp4,4,train,08,7,surprise,01,01,01,02-01-08-01-01-01-04,canonical_02,/home/tonyhe/ravdess_avfusion/external/video_face_branch/early_fusion_facial_v2/fusion_pack_5f/sequences/02-01-08-01-01-01-04.npy,5,2048,02-01-08-01-01-01-04,canonical_02,5,7,surprise,0.024178775399923323,0.00877996850758791,0.011905049066990614,0.09793561575934291,0.009878804348409176,0.01968552004545927,0.012853728141635656,0.8147825300693512,1,1,1,complete
01-08-01-01-02-04,02-01-08-01-01-02-04,02-01-08-01-01-02-04,data/raw/ravdess/video_speech/Video_Speech_Actor_04/Actor_04/02-01-08-01-01-02-04.mp4,4,train,08,7,surprise,01,01,02,02-01-08-01-01-02-04,canonical_02,/home/tonyhe/ravdess_avfusion/external/video_face_branch/early_fusion_facial_v2/fusion_pack_5f/sequences/02-01-08-01-01-02-04.npy,5,2048,02-01-08-01-01-02-04,canonical_02,5,7,surprise,0.03263134248554707,0.008932621497660876,0.012696557678282261,0.024996834807097912,0.042695190757513046,0.015930406656116246,0.011571289971470833,0.8505457878112793,1,1,1,complete
01-08-01-02-01-04,02-01-08-01-02-01-04,02-01-08-01-02-01-04,data/raw/ravdess/video_speech/Video_Speech_Actor_04/Actor_04/02-01-08-01-02-01-04.mp4,4,train,08,7,surprise,01,02,01,02-01-08-01-02-01-04,canonical_02,/home/tonyhe/ravdess_avfusion/external/video_face_branch/early_fusion_facial_v2/fusion_pack_5f/sequences/02-01-08-01-02-01-04.npy,5,2048,02-01-08-01-02-01-04,canonical_02,5,7,surprise,0.06220223344862461,0.008029860723763705,0.01109728030860424,0.01040386613458395,0.021241546515375374,0.016911091282963753,0.011593671608716249,0.8585204720497132,1,1,1,complete
01-08-01-02-02-04,02-01-08-01-02-02-04,02-01-08-01-02-02-04,data/raw/ravdess/video_speech/Video_Speech_Actor_04/Actor_04/02-01-08-01-02-02-04.mp4,4,train,08,7,surprise,01,02,02,02-01-08-01-02-02-04,canonical_02,/home/tonyhe/ravdess_avfusion/external/video_face_branch/early_fusion_facial_v2/fusion_pack_5f/sequences/02-01-08-01-02-02-04.npy,5,2048,02-01-08-01-02-02-04,canonical_02,5,7,surprise,0.033339012786746024,0.008776717539876699,0.011399046704173087,0.012499179691076279,0.009115232154726982,0.013204289413988591,0.010407556407153606,0.9012589454650879,1,1,1,complete
01-08-02-01-01-04,02-01-08-02-01-01-04,02-01-08-02-01-01-04,data/raw/ravdess/video_speech/Video_Speech_Actor_04/Actor_04/02-01-08-02-01-01-04.mp4,4,train,08,7,surprise,02,01,01,02-01-08-02-01-01-04,canonical_02,/home/tonyhe/ravdess_avfusion/external/video_face_branch/early_fusion_facial_v2/fusion_pack_5f/sequences/02-01-08-02-01-01-04.npy,5,2048,02-01-08-02-01-01-04,canonical_02,5,7,surprise,0.015601083263754844,0.006374740228056908,0.007781608775258064,0.0066178766079247,0.013208455592393874,0.007364017143845558,0.007497337087988854,0.9355549097061158,1,1,1,complete
01-08-02-01-02-04,02-01-08-02-01-02-04,02-01-08-02-01-02-04,data/raw/ravdess/video_speech/Video_Speech_Actor_04/Actor_04/02-01-08-02-01-02-04.mp4,4,train,08,7,surprise,02,01,02,02-01-08-02-01-02-04,canonical_02,/home/tonyhe/ravdess_avfusion/external/video_face_branch/early_fusion_facial_v2/fusion_pack_5f/sequences/02-01-08-02-01-02-04.npy,5,2048,02-01-08-02-01-02-04,canonical_02,5,7,surprise,0.019356671161949633,0.009144420363008976,0.010464282147586346,0.008491463959217072,0.01438073068857193,0.013511148653924466,0.009201536420732737,0.9154497385025024,1,1,1,complete
01-08-02-02-01-04,02-01-08-02-02-01-04,02-01-08-02-02-01-04,data/raw/ravdess/video_speech/Video_Speech_Actor_04/Actor_04/02-01-08-02-02-01-04.mp4,4,train,08,7,surprise,02,02,01,02-01-08-02-02-01-04,canonical_02,/home/tonyhe/ravdess_avfusion/external/video_face_branch/early_fusion_facial_v2/fusion_pack_5f/sequences/02-01-08-02-02-01-04.npy,5,2048,02-01-08-02-02-01-04,canonical_02,5,7,surprise,0.06102880723774433,0.03510681726038456,0.022327133920043707,0.01514226794242859,0.009462298266589642,0.011690159887075424,0.014610225893557071,0.8306322693824768,1,1,1,complete
01-08-02-02-02-04,02-01-08-02-02-02-04,02-01-08-02-02-02-04,data/raw/ravdess/video_speech/Video_Speech_Actor_04/Actor_04/02-01-08-02-02-02-04.mp4,4,train,08,7,surprise,02,02,02,02-01-08-02-02-02-04,canonical_02,/home/tonyhe/ravdess_avfusion/external/video_face_branch/early_fusion_facial_v2/fusion_pack_5f/sequences/02-01-08-02-02-02-04.npy,5,2048,02-01-08-02-02-02-04,canonical_02,5,7,surprise,0.020105808041989803,0.01110024768859148,0.013805391825735569,0.016654619481414557,0.013038085214793682,0.014363910164684057,0.010789459757506847,0.9001425266265869,1,1,1,complete
01-01-01-01-01-05,02-01-01-01-01-01-05,02-01-01-01-01-01-05,data/raw/ravdess/video_speech/Video_Speech_Actor_05/Actor_05/02-01-01-01-01-01-05.mp4,5,train,01,0,neutral,01,01,01,02-01-01-01-01-01-05,canonical_02,/home/tonyhe/ravdess_avfusion/external/video_face_branch/early_fusion_facial_v2/fusion_pack_5f/sequences/02-01-01-01-01-01-05.npy,5,2048,02-01-01-01-01-01-05,canonical_02,5,0,neutral,0.9647700548171997,0.004769403953105211,0.004938513319939375,0.005934068374335766,0.004760855017229915,0.004037901060655713,0.00586227448657155,0.004926942568272352,1,1,1,complete
01-01-01-01-02-05,02-01-01-01-01-02-05,02-01-01-01-01-02-05,data/raw/ravdess/video_speech/Video_Speech_Actor_05/Actor_05/02-01-01-01-01-02-05.mp4,5,train,01,0,neutral,01,01,02,02-01-01-01-01-02-05,canonical_02,/home/tonyhe/ravdess_avfusion/external/video_face_branch/early_fusion_facial_v2/fusion_pack_5f/sequences/02-01-01-01-01-02-05.npy,5,2048,02-01-01-01-01-02-05,canonical_02,5,0,neutral,0.9580424070358277,0.0053468036465346815,0.005844626296311617,0.010396846197545528,0.004379258444532752,0.004098560335114599,0.00694609247148037,0.0049454038962721825,1,1,1,complete
01-01-01-02-01-05,02-01-01-01-02-01-05,02-01-01-01-02-01-05,data/raw/ravdess/video_speech/Video_Speech_Actor_05/Actor_05/02-01-01-01-02-01-05.mp4,5,train,01,0,neutral,01,02,01,02-01-01-01-02-01-05,canonical_02,/home/tonyhe/ravdess_avfusion/external/video_face_branch/early_fusion_facial_v2/fusion_pack_5f/sequences/02-01-01-01-02-01-05.npy,5,2048,02-01-01-01-02-01-05,canonical_02,5,0,neutral,0.9622742891311645,0.0037200726568698884,0.005796916224062443,0.005464330781251192,0.0072258575819432735,0.004647560697048902,0.006267284788191318,0.0046037164516747,1,1,1,complete
01-01-01-02-02-05,02-01-01-01-02-02-05,02-01-01-01-02-02-05,data/raw/ravdess/video_speech/Video_Speech_Actor_05/Actor_05/02-01-01-01-02-02-05.mp4,5,train,01,0,neutral,01,02,02,02-01-01-01-02-02-05,canonical_02,/home/tonyhe/ravdess_avfusion/external/video_face_branch/early_fusion_facial_v2/fusion_pack_5f/sequences/02-01-01-01-02-02-05.npy,5,2048,02-01-01-01-02-02-05,canonical_02,5,0,neutral,0.964852225780487,0.003475748049095273,0.004809030890464782,0.00789531385526061,0.004601861350238323,0.0042051971424371,0.005631211493164301,0.004529366549104452,1,1,1,complete
01-02-01-01-01-05,02-01-02-01-01-01-05,02-01-02-01-01-01-05,data/raw/ravdess/video_speech/Video_Speech_Actor_05/Actor_05/02-01-02-01-01-01-05.mp4,5,train,02,1,calm,01,01,01,02-01-02-01-01-01-05,canonical_02,/home/tonyhe/ravdess_avfusion/external/video_face_branch/early_fusion_facial_v2/fusion_pack_5f/sequences/02-01-02-01-01-01-05.npy,5,2048,02-01-02-01-01-01-05,canonical_02,5,1,calm,0.029303338006138803,0.8861955404281616,0.011950918752700091,0.013687112554907798,0.012865190766751767,0.012816824577748775,0.018124707415699957,0.01505635678768158,1,1,1,complete
01-02-01-01-02-05,02-01-02-01-01-02-05,02-01-02-01-01-02-05,data/raw/ravdess/video_speech/Video_Speech_Actor_05/Actor_05/02-01-02-01-01-02-05.mp4,5,train,02,1,calm,01,01,02,02-01-02-01-01-02-05,canonical_02,/home/tonyhe/ravdess_avfusion/external/video_face_branch/early_fusion_facial_v2/fusion_pack_5f/sequences/02-01-02-01-01-02-05.npy,5,2048,02-01-02-01-01-02-05,canonical_02,5,1,calm,0.0300485011190176,0.8816155076026917,0.015009992197155953,0.012504218332469463,0.013728406466543674,0.013961119391024113,0.01811442542821169,0.015017865970730782,1,1,1,complete
01-02-01-02-01-05,02-01-02-01-02-01-05,02-01-02-01-02-01-05,data/raw/ravdess/video_speech/Video_Speech_Actor_05/Actor_05/02-01-02-01-02-01-05.mp4,5,train,02,1,calm,01,02,01,02-01-02-01-02-01-05,canonical_02,/home/tonyhe/ravdess_avfusion/external/video_face_branch/early_fusion_facial_v2/fusion_pack_5f/sequences/02-01-02-01-02-01-05.npy,5,2048,02-01-02-01-02-01-05,canonical_02,5,1,calm,0.0313771765679121,0.8761372089385986,0.01140933632850647,0.013645409420132638,0.016983735002577306,0.014235316962003707,0.021059232577681542,0.015152602270245553,1,1,1,complete
01-02-01-02-02-05,02-01-02-01-02-02-05,02-01-02-01-02-02-05,data/raw/ravdess/video_speech/Video_Speech_Actor_05/Actor_05/02-01-02-01-02-02-05.mp4,5,train,02,1,calm,01,02,02,02-01-02-01-02-02-05,canonical_02,/home/tonyhe/ravdess_avfusion/external/video_face_branch/early_fusion_facial_v2/fusion_pack_5f/sequences/02-01-02-01-02-02-05.npy,5,2048,02-01-02-01-02-02-05,canonical_02,5,1,calm,0.025631913915276527,0.8981178164482116,0.01537462379783392,0.010909232310950756,0.011440284363925458,0.010882688499987126,0.015995947644114494,0.011647476255893708,1,1,1,complete
01-02-02-01-01-05,02-01-02-02-01-01-05,02-01-02-02-01-01-05,data/raw/ravdess/video_speech/Video_Speech_Actor_05/Actor_05/02-01-02-02-01-01-05.mp4,5,train,02,1,calm,02,01,01,02-01-02-02-01-01-05,canonical_02,/home/tonyhe/ravdess_avfusion/external/video_face_branch/early_fusion_facial_v2/fusion_pack_5f/sequences/02-01-02-02-01-01-05.npy,5,2048,02-01-02-02-01-01-05,canonical_02,5,1,calm,0.027326885610818863,0.8900811791419982,0.011550025455653668,0.01207079328596592,0.014464786089956761,0.012737934663891792,0.01811704058200121,0.013651333190500737,1,1,1,complete
01-02-02-01-02-05,02-01-02-02-01-02-05,02-01-02-02-01-02-05,data/raw/ravdess/video_speech/Video_Speech_Actor_05/Actor_05/02-01-02-02-01-02-05.mp4,5,train,02,1,calm,02,01,02,02-01-02-02-01-02-05,canonical_02,/home/tonyhe/ravdess_avfusion/external/video_face_branch/early_fusion_facial_v2/fusion_pack_5f/sequences/02-01-02-02-01-02-05.npy,5,2048,02-01-02-02-01-02-05,canonical_02,5,1,calm,0.024228044599294663,0.9005816102027893,0.013931831158697606,0.010297791473567486,0.012091228365898132,0.0104168351739645,0.014602255448698998,0.013850394822657108,1,1,1,complete
01-02-02-02-01-05,02-01-02-02-02-01-05,02-01-02-02-02-01-05,data/raw/ravdess/video_speech/Video_Speech_Actor_05/Actor_05/02-01-02-02-02-01-05.mp4,5,train,02,1,calm,02,02,01,02-01-02-02-02-01-05,canonical_02,/home/tonyhe/ravdess_avfusion/external/video_face_branch/early_fusion_facial_v2/fusion_pack_5f/sequences/02-01-02-02-02-01-05.npy,5,2048,02-01-02-02-02-01-05,canonical_02,5,1,calm,0.03379257954657078,0.8769983530044556,0.0109143971465528,0.012104263342916966,0.015041943080723286,0.014582062326371669,0.02062416449189186,0.015942212380468845,1,1,1,complete
01-02-02-02-02-05,02-01-02-02-02-02-05,02-01-02-02-02-02-05,data/raw/ravdess/video_speech/Video_Speech_Actor_05/Actor_05/02-01-02-02-02-02-05.mp4,5,train,02,1,calm,02,02,02,02-01-02-02-02-02-05,canonical_02,/home/tonyhe/ravdess_avfusion/external/video_face_branch/early_fusion_facial_v2/fusion_pack_5f/sequences/02-01-02-02-02-02-05.npy,5,2048,02-01-02-02-02-02-05,canonical_02,5,1,calm,0.02508164383471012,0.9076850652694702,0.009404959902167321,0.009786973986774684,0.009030604176223278,0.01261598002165556,0.014876851253211499,0.011517887376248837,1,1,1,complete
01-03-01-01-01-05,02-01-03-01-01-01-05,02-01-03-01-01-01-05,data/raw/ravdess/video_speech/Video_Speech_Actor_05/Actor_05/02-01-03-01-01-01-05.mp4,5,train,03,2,happy,01,01,01,02-01-03-01-01-01-05,canonical_02,/home/tonyhe/ravdess_avfusion/external/video_face_branch/early_fusion_facial_v2/fusion_pack_5f/sequences/02-01-03-01-01-01-05.npy,5,2048,02-01-03-01-01-01-05,canonical_02,5,2,happy,0.027129060961306094,0.014222888834774494,0.8986210465431214,0.010844238568097353,0.013454320281744004,0.011151513271033763,0.011880990862846375,0.012695965357124805,1,1,1,complete
01-03-01-01-02-05,02-01-03-01-01-02-05,02-01-03-01-01-02-05,data/raw/ravdess/video_speech/Video_Speech_Actor_05/Actor_05/02-01-03-01-01-02-05.mp4,5,train,03,2,happy,01,01,02,02-01-03-01-01-02-05,canonical_02,/home/tonyhe/ravdess_avfusion/external/video_face_branch/early_fusion_facial_v2/fusion_pack_5f/sequences/02-01-03-01-01-02-05.npy,5,2048,02-01-03-01-01-02-05,canonical_02,5,2,happy,0.026653581112623215,0.012494822219014167,0.901535964012146,0.010042686387896538,0.012026948854327202,0.010505570843815804,0.016487907990813254,0.010252505633980035,1,1,1,complete
01-03-01-02-01-05,02-01-03-01-02-01-05,02-01-03-01-02-01-05,data/raw/ravdess/video_speech/Video_Speech_Actor_05/Actor_05/02-01-03-01-02-01-05.mp4,5,train,03,2,happy,01,02,01,02-01-03-01-02-01-05,canonical_02,/home/tonyhe/ravdess_avfusion/external/video_face_branch/early_fusion_facial_v2/fusion_pack_5f/sequences/02-01-03-01-02-01-05.npy,5,2048,02-01-03-01-02-01-05,canonical_02,5,2,happy,0.025175295025110244,0.011514073982834817,0.9116861581802368,0.00969503577798605,0.012051830999553204,0.009323278442025185,0.010372789017856121,0.010181557573378085,1,1,1,complete
01-03-01-02-02-05,02-01-03-01-02-02-05,02-01-03-01-02-02-05,data/raw/ravdess/video_speech/Video_Speech_Actor_05/Actor_05/02-01-03-01-02-02-05.mp4,5,train,03,2,happy,01,02,02,02-01-03-01-02-02-05,canonical_02,/home/tonyhe/ravdess_avfusion/external/video_face_branch/early_fusion_facial_v2/fusion_pack_5f/sequences/02-01-03-01-02-02-05.npy,5,2048,02-01-03-01-02-02-05,canonical_02,5,2,happy,0.025109655410051345,0.012205955851823092,0.9101501107215881,0.009673514775931836,0.01116540115326643,0.010188654344528914,0.0110881881788373,0.010418485011905431,1,1,1,complete
01-03-02-01-01-05,02-01-03-02-01-01-05,02-01-03-02-01-01-05,data/raw/ravdess/video_speech/Video_Speech_Actor_05/Actor_05/02-01-03-02-01-01-05.mp4,5,train,03,2,happy,02,01,01,02-01-03-02-01-01-05,canonical_02,/home/tonyhe/ravdess_avfusion/external/video_face_branch/early_fusion_facial_v2/fusion_pack_5f/sequences/02-01-03-02-01-01-05.npy,5,2048,02-01-03-02-01-01-05,canonical_02,5,2,happy,0.024818608537316322,0.012646460346877575,0.9055643916130066,0.010717283189296722,0.011727549135684967,0.01105523519217968,0.011151728592813015,0.01231877189129591,1,1,1,complete
01-03-02-01-02-05,02-01-03-02-01-02-05,02-01-03-02-01-02-05,data/raw/ravdess/video_speech/Video_Speech_Actor_05/Actor_05/02-01-03-02-01-02-05.mp4,5,train,03,2,happy,02,01,02,02-01-03-02-01-02-05,canonical_02,/home/tonyhe/ravdess_avfusion/external/video_face_branch/early_fusion_facial_v2/fusion_pack_5f/sequences/02-01-03-02-01-02-05.npy,5,2048,02-01-03-02-01-02-05,canonical_02,5,2,happy,0.023853306844830512,0.011002080328762532,0.907542622089386,0.010513565689325332,0.01236927006393671,0.0109483290463686,0.010996155068278312,0.012774630077183246,1,1,1,complete
01-03-02-02-01-05,02-01-03-02-02-01-05,02-01-03-02-02-01-05,data/raw/ravdess/video_speech/Video_Speech_Actor_05/Actor_05/02-01-03-02-02-01-05.mp4,5,train,03,2,happy,02,02,01,02-01-03-02-02-01-05,canonical_02,/home/tonyhe/ravdess_avfusion/external/video_face_branch/early_fusion_facial_v2/fusion_pack_5f/sequences/02-01-03-02-02-01-05.npy,5,2048,02-01-03-02-02-01-05,canonical_02,5,2,happy,0.021806381829082965,0.011297981068491936,0.9069059610366821,0.012986021302640437,0.012174922414124012,0.011446601618081332,0.011539804004132747,0.01184234293177724,1,1,1,complete
01-03-02-02-02-05,02-01-03-02-02-02-05,02-01-03-02-02-02-05,data/raw/ravdess/video_speech/Video_Speech_Actor_05/Actor_05/02-01-03-02-02-02-05.mp4,5,train,03,2,happy,02,02,02,02-01-03-02-02-02-05,canonical_02,/home/tonyhe/ravdess_avfusion/external/video_face_branch/early_fusion_facial_v2/fusion_pack_5f/sequences/02-01-03-02-02-02-05.npy,5,2048,02-01-03-02-02-02-05,canonical_02,5,2,happy,0.027398233115673066,0.011756616085767746,0.8818376421928406,0.014366908743977547,0.017902907729148865,0.014056036807596683,0.013583308272063731,0.019098347797989846,1,1,1,complete
01-04-01-01-01-05,02-01-04-01-01-01-05,02-01-04-01-01-01-05,data/raw/ravdess/video_speech/Video_Speech_Actor_05/Actor_05/02-01-04-01-01-01-05.mp4,5,train,04,3,sad,01,01,01,02-01-04-01-01-01-05,canonical_02,/home/tonyhe/ravdess_avfusion/external/video_face_branch/early_fusion_facial_v2/fusion_pack_5f/sequences/02-01-04-01-01-01-05.npy,5,2048,02-01-04-01-01-01-05,canonical_02,5,3,sad,0.021706036105751992,0.010945752263069153,0.012005358375608921,0.9075237870216369,0.009788492880761623,0.009303654637187719,0.015391796454787254,0.013335092179477214,1,1,1,complete
01-04-01-01-02-05,02-01-04-01-01-02-05,02-01-04-01-01-02-05,data/raw/ravdess/video_speech/Video_Speech_Actor_05/Actor_05/02-01-04-01-01-02-05.mp4,5,train,04,3,sad,01,01,02,02-01-04-01-01-02-05,canonical_02,/home/tonyhe/ravdess_avfusion/external/video_face_branch/early_fusion_facial_v2/fusion_pack_5f/sequences/02-01-04-01-01-02-05.npy,5,2048,02-01-04-01-01-02-05,canonical_02,5,3,sad,0.01955549567937851,0.011629102006554603,0.010249549522995949,0.9154985666275024,0.01038755802437663,0.008829566650092602,0.013550501316785812,0.010299618169665337,1,1,1,complete
01-04-01-02-01-05,02-01-04-01-02-01-05,02-01-04-01-02-01-05,data/raw/ravdess/video_speech/Video_Speech_Actor_05/Actor_05/02-01-04-01-02-01-05.mp4,5,train,04,3,sad,01,02,01,02-01-04-01-02-01-05,canonical_02,/home/tonyhe/ravdess_avfusion/external/video_face_branch/early_fusion_facial_v2/fusion_pack_5f/sequences/02-01-04-01-02-01-05.npy,5,2048,02-01-04-01-02-01-05,canonical_02,5,3,sad,0.01493557058274746,0.010838243272155523,0.01046653389930725,0.9124276638031006,0.008384325262159108,0.0065001773647964,0.025281744077801704,0.011165725998580456,1,1,1,complete
01-04-01-02-02-05,02-01-04-01-02-02-05,02-01-04-01-02-02-05,data/raw/ravdess/video_speech/Video_Speech_Actor_05/Actor_05/02-01-04-01-02-02-05.mp4,5,train,04,3,sad,01,02,02,02-01-04-01-02-02-05,canonical_02,/home/tonyhe/ravdess_avfusion/external/video_face_branch/early_fusion_facial_v2/fusion_pack_5f/sequences/02-01-04-01-02-02-05.npy,5,2048,02-01-04-01-02-02-05,canonical_02,5,3,sad,0.016961203143000602,0.011249772273004055,0.010379253700375558,0.9139374732971192,0.010607121139764785,0.010954222828149795,0.01606239564716816,0.00984855778515339,1,1,1,complete
01-04-02-01-01-05,02-01-04-02-01-01-05,02-01-04-02-01-01-05,data/raw/ravdess/video_speech/Video_Speech_Actor_05/Actor_05/02-01-04-02-01-01-05.mp4,5,train,04,3,sad,02,01,01,02-01-04-02-01-01-05,canonical_02,/home/tonyhe/ravdess_avfusion/external/video_face_branch/early_fusion_facial_v2/fusion_pack_5f/sequences/02-01-04-02-01-01-05.npy,5,2048,02-01-04-02-01-01-05,canonical_02,5,3,sad,0.02026422843337059,0.011616390757262706,0.013035850413143635,0.9088817477226258,0.012127686478197574,0.009358231350779534,0.01335340365767479,0.011362460814416409,1,1,1,complete
01-04-02-01-02-05,02-01-04-02-01-02-05,02-01-04-02-01-02-05,data/raw/ravdess/video_speech/Video_Speech_Actor_05/Actor_05/02-01-04-02-01-02-05.mp4,5,train,04,3,sad,02,01,02,02-01-04-02-01-02-05,canonical_02,/home/tonyhe/ravdess_avfusion/external/video_face_branch/early_fusion_facial_v2/fusion_pack_5f/sequences/02-01-04-02-01-02-05.npy,5,2048,02-01-04-02-01-02-05,canonical_02,5,3,sad,0.024404800310730935,0.013788895867764949,0.013302253372967244,0.8922175168991089,0.012959335185587405,0.012599184922873975,0.01819192711263895,0.012536169402301312,1,1,1,complete
01-04-02-02-01-05,02-01-04-02-02-01-05,02-01-04-02-02-01-05,data/raw/ravdess/video_speech/Video_Speech_Actor_05/Actor_05/02-01-04-02-02-01-05.mp4,5,train,04,3,sad,02,02,01,02-01-04-02-02-01-05,canonical_02,/home/tonyhe/ravdess_avfusion/external/video_face_branch/early_fusion_facial_v2/fusion_pack_5f/sequences/02-01-04-02-02-01-05.npy,5,2048,02-01-04-02-02-01-05,canonical_02,5,3,sad,0.018568157404661178,0.01109453421086073,0.010233570635318757,0.9136223673820496,0.01281930934637785,0.010517244599759579,0.014103956706821918,0.009040901530534029,1,1,1,complete
01-04-02-02-02-05,02-01-04-02-02-02-05,02-01-04-02-02-02-05,data/raw/ravdess/video_speech/Video_Speech_Actor_05/Actor_05/02-01-04-02-02-02-05.mp4,5,train,04,3,sad,02,02,02,02-01-04-02-02-02-05,canonical_02,/home/tonyhe/ravdess_avfusion/external/video_face_branch/early_fusion_facial_v2/fusion_pack_5f/sequences/02-01-04-02-02-02-05.npy,5,2048,02-01-04-02-02-02-05,canonical_02,5,3,sad,0.020314838737249374,0.01138616744428873,0.009766012150794267,0.9156906723976135,0.011333338357508183,0.007940372638404369,0.014110309816896916,0.00945834768936038,1,1,1,complete
01-05-01-01-01-05,02-01-05-01-01-01-05,02-01-05-01-01-01-05,data/raw/ravdess/video_speech/Video_Speech_Actor_05/Actor_05/02-01-05-01-01-01-05.mp4,5,train,05,4,angry,01,01,01,02-01-05-01-01-01-05,canonical_02,/home/tonyhe/ravdess_avfusion/external/video_face_branch/early_fusion_facial_v2/fusion_pack_5f/sequences/02-01-05-01-01-01-05.npy,5,2048,02-01-05-01-01-01-05,canonical_02,5,4,angry,0.01945461332798004,0.00996740609407425,0.007757630664855242,0.010963580384850503,0.9268093824386596,0.0062204614281654354,0.010535132139921188,0.008291799947619439,1,1,1,complete
01-05-01-01-02-05,02-01-05-01-01-02-05,02-01-05-01-01-02-05,data/raw/ravdess/video_speech/Video_Speech_Actor_05/Actor_05/02-01-05-01-01-02-05.mp4,5,train,05,4,angry,01,01,02,02-01-05-01-01-02-05,canonical_02,/home/tonyhe/ravdess_avfusion/external/video_face_branch/early_fusion_facial_v2/fusion_pack_5f/sequences/02-01-05-01-01-02-05.npy,5,2048,02-01-05-01-01-02-05,canonical_02,5,4,angry,0.019509578123688698,0.010010980069637299,0.009288069885224104,0.009837756864726543,0.920943558216095,0.009499009232968092,0.009659822005778551,0.011251195147633553,1,1,1,complete
01-05-01-02-01-05,02-01-05-01-02-01-05,02-01-05-01-02-01-05,data/raw/ravdess/video_speech/Video_Speech_Actor_05/Actor_05/02-01-05-01-02-01-05.mp4,5,train,05,4,angry,01,02,01,02-01-05-01-02-01-05,canonical_02,/home/tonyhe/ravdess_avfusion/external/video_face_branch/early_fusion_facial_v2/fusion_pack_5f/sequences/02-01-05-01-02-01-05.npy,5,2048,02-01-05-01-02-01-05,canonical_02,5,4,angry,0.024210049584507943,0.010007384046912194,0.00941421315073967,0.011991438642144202,0.9158687472343445,0.0067771850153803825,0.013893290981650352,0.007837703824043274,1,1,1,complete
01-05-01-02-02-05,02-01-05-01-02-02-05,02-01-05-01-02-02-05,data/raw/ravdess/video_speech/Video_Speech_Actor_05/Actor_05/02-01-05-01-02-02-05.mp4,5,train,05,4,angry,01,02,02,02-01-05-01-02-02-05,canonical_02,/home/tonyhe/ravdess_avfusion/external/video_face_branch/early_fusion_facial_v2/fusion_pack_5f/sequences/02-01-05-01-02-02-05.npy,5,2048,02-01-05-01-02-02-05,canonical_02,5,4,angry,0.020143642276525497,0.011782516166567803,0.00959531981498003,0.011940369196236134,0.917138648033142,0.008169080130755901,0.012172256037592888,0.009058146737515926,1,1,1,complete
01-05-02-01-01-05,02-01-05-02-01-01-05,02-01-05-02-01-01-05,data/raw/ravdess/video_speech/Video_Speech_Actor_05/Actor_05/02-01-05-02-01-01-05.mp4,5,train,05,4,angry,02,01,01,02-01-05-02-01-01-05,canonical_02,/home/tonyhe/ravdess_avfusion/external/video_face_branch/early_fusion_facial_v2/fusion_pack_5f/sequences/02-01-05-02-01-01-05.npy,5,2048,02-01-05-02-01-01-05,canonical_02,5,4,angry,0.018877747654914855,0.012207817099988461,0.010018814355134964,0.010931959934532642,0.912368631362915,0.013262165244668722,0.013503333739936351,0.00882957661524415,1,1,1,complete
01-05-02-01-02-05,02-01-05-02-01-02-05,02-01-05-02-01-02-05,data/raw/ravdess/video_speech/Video_Speech_Actor_05/Actor_05/02-01-05-02-01-02-05.mp4,5,train,05,4,angry,02,01,02,02-01-05-02-01-02-05,canonical_02,/home/tonyhe/ravdess_avfusion/external/video_face_branch/early_fusion_facial_v2/fusion_pack_5f/sequences/02-01-05-02-01-02-05.npy,5,2048,02-01-05-02-01-02-05,canonical_02,5,4,angry,0.018905919790267945,0.011976087838411332,0.00942418873310089,0.011772471852600575,0.9174419164657592,0.01223140638321638,0.011789303831756115,0.006458699703216553,1,1,1,complete
01-05-02-02-01-05,02-01-05-02-02-01-05,02-01-05-02-02-01-05,data/raw/ravdess/video_speech/Video_Speech_Actor_05/Actor_05/02-01-05-02-02-01-05.mp4,5,train,05,4,angry,02,02,01,02-01-05-02-02-01-05,canonical_02,/home/tonyhe/ravdess_avfusion/external/video_face_branch/early_fusion_facial_v2/fusion_pack_5f/sequences/02-01-05-02-02-01-05.npy,5,2048,02-01-05-02-02-01-05,canonical_02,5,4,angry,0.02136445641517639,0.011975758895277976,0.009177409205585718,0.010332049056887626,0.915389358997345,0.010264883004128932,0.011889121495187283,0.009606974013149739,1,1,1,complete
01-05-02-02-02-05,02-01-05-02-02-02-05,02-01-05-02-02-02-05,data/raw/ravdess/video_speech/Video_Speech_Actor_05/Actor_05/02-01-05-02-02-02-05.mp4,5,train,05,4,angry,02,02,02,02-01-05-02-02-02-05,canonical_02,/home/tonyhe/ravdess_avfusion/external/video_face_branch/early_fusion_facial_v2/fusion_pack_5f/sequences/02-01-05-02-02-02-05.npy,5,2048,02-01-05-02-02-02-05,canonical_02,5,4,angry,0.02209660317748785,0.013333426602184773,0.00906544951722026,0.011551664303988218,0.9134161353111268,0.009684125799685717,0.012231035716831684,0.008621534518897533,1,1,1,complete
01-06-01-01-01-05,02-01-06-01-01-01-05,02-01-06-01-01-01-05,data/raw/ravdess/video_speech/Video_Speech_Actor_05/Actor_05/02-01-06-01-01-01-05.mp4,5,train,06,5,fearful,01,01,01,02-01-06-01-01-01-05,canonical_02,/home/tonyhe/ravdess_avfusion/external/video_face_branch/early_fusion_facial_v2/fusion_pack_5f/sequences/02-01-06-01-01-01-05.npy,5,2048,02-01-06-01-01-01-05,canonical_02,5,5,fearful,0.019395088776946068,0.009166896250098944,0.010236257780343294,0.013475961983203888,0.012403318844735622,0.9157403826713562,0.01128045991063118,0.008301635831594467,1,1,1,complete
01-06-01-01-02-05,02-01-06-01-01-02-05,02-01-06-01-01-02-05,data/raw/ravdess/video_speech/Video_Speech_Actor_05/Actor_05/02-01-06-01-01-02-05.mp4,5,train,06,5,fearful,01,01,02,02-01-06-01-01-02-05,canonical_02,/home/tonyhe/ravdess_avfusion/external/video_face_branch/early_fusion_facial_v2/fusion_pack_5f/sequences/02-01-06-01-01-02-05.npy,5,2048,02-01-06-01-01-02-05,canonical_02,5,5,fearful,0.019291990250349045,0.009723643213510514,0.009836556389927864,0.011338861100375653,0.009895861428231002,0.9213272571563721,0.010242764092981815,0.008343103528022765,1,1,1,complete
01-06-01-02-01-05,02-01-06-01-02-01-05,02-01-06-01-02-01-05,data/raw/ravdess/video_speech/Video_Speech_Actor_05/Actor_05/02-01-06-01-02-01-05.mp4,5,train,06,5,fearful,01,02,01,02-01-06-01-02-01-05,canonical_02,/home/tonyhe/ravdess_avfusion/external/video_face_branch/early_fusion_facial_v2/fusion_pack_5f/sequences/02-01-06-01-02-01-05.npy,5,2048,02-01-06-01-02-01-05,canonical_02,5,5,fearful,0.02253732122480869,0.00984211526811123,0.010455636866390705,0.011135221552103758,0.010264407377690077,0.9142495274543763,0.011605321615934371,0.009910422377288342,1,1,1,complete
01-06-01-02-02-05,02-01-06-01-02-02-05,02-01-06-01-02-02-05,data/raw/ravdess/video_speech/Video_Speech_Actor_05/Actor_05/02-01-06-01-02-02-05.mp4,5,train,06,5,fearful,01,02,02,02-01-06-01-02-02-05,canonical_02,/home/tonyhe/ravdess_avfusion/external/video_face_branch/early_fusion_facial_v2/fusion_pack_5f/sequences/02-01-06-01-02-02-05.npy,5,2048,02-01-06-01-02-02-05,canonical_02,5,5,fearful,0.02020946517586708,0.010551009699702263,0.01000776132568717,0.013278402760624886,0.010312226228415966,0.9166989326477051,0.011504881829023362,0.007437296584248543,1,1,1,complete
01-06-02-01-01-05,02-01-06-02-01-01-05,02-01-06-02-01-01-05,data/raw/ravdess/video_speech/Video_Speech_Actor_05/Actor_05/02-01-06-02-01-01-05.mp4,5,train,06,5,fearful,02,01,01,02-01-06-02-01-01-05,canonical_02,/home/tonyhe/ravdess_avfusion/external/video_face_branch/early_fusion_facial_v2/fusion_pack_5f/sequences/02-01-06-02-01-01-05.npy,5,2048,02-01-06-02-01-01-05,canonical_02,5,5,fearful,0.019255823269486428,0.011679289024323225,0.011894621793180704,0.009127661027014256,0.010974851716309787,0.9122538208961487,0.01323483306914568,0.011579081509262323,1,1,1,complete
01-06-02-01-02-05,02-01-06-02-01-02-05,02-01-06-02-01-02-05,data/raw/ravdess/video_speech/Video_Speech_Actor_05/Actor_05/02-01-06-02-01-02-05.mp4,5,train,06,5,fearful,02,01,02,02-01-06-02-01-02-05,canonical_02,/home/tonyhe/ravdess_avfusion/external/video_face_branch/early_fusion_facial_v2/fusion_pack_5f/sequences/02-01-06-02-01-02-05.npy,5,2048,02-01-06-02-01-02-05,canonical_02,5,5,fearful,0.019053455069661142,0.010258804075419903,0.010084339044988155,0.010354596469551326,0.008781607076525689,0.9206357002258301,0.013136667758226394,0.007694792654365301,1,1,1,complete
01-06-02-02-01-05,02-01-06-02-02-01-05,02-01-06-02-02-01-05,data/raw/ravdess/video_speech/Video_Speech_Actor_05/Actor_05/02-01-06-02-02-01-05.mp4,5,train,06,5,fearful,02,02,01,02-01-06-02-02-01-05,canonical_02,/home/tonyhe/ravdess_avfusion/external/video_face_branch/early_fusion_facial_v2/fusion_pack_5f/sequences/02-01-06-02-02-01-05.npy,5,2048,02-01-06-02-02-01-05,canonical_02,5,5,fearful,0.02234698459506035,0.010994747839868068,0.0106094341725111,0.011585823632776738,0.011138616874814034,0.9100775957107544,0.014429885521531105,0.008816932793706656,1,1,1,complete
01-06-02-02-02-05,02-01-06-02-02-02-05,02-01-06-02-02-02-05,data/raw/ravdess/video_speech/Video_Speech_Actor_05/Actor_05/02-01-06-02-02-02-05.mp4,5,train,06,5,fearful,02,02,02,02-01-06-02-02-02-05,canonical_02,/home/tonyhe/ravdess_avfusion/external/video_face_branch/early_fusion_facial_v2/fusion_pack_5f/sequences/02-01-06-02-02-02-05.npy,5,2048,02-01-06-02-02-02-05,canonical_02,5,5,fearful,0.019657133892178536,0.010068911034613848,0.010017610806971788,0.009530601277947425,0.009051316138356923,0.9196669578552246,0.013322090171277523,0.00868533980101347,1,1,1,complete
01-07-01-01-01-05,02-01-07-01-01-01-05,02-01-07-01-01-01-05,data/raw/ravdess/video_speech/Video_Speech_Actor_05/Actor_05/02-01-07-01-01-01-05.mp4,5,train,07,6,disgust,01,01,01,02-01-07-01-01-01-05,canonical_02,/home/tonyhe/ravdess_avfusion/external/video_face_branch/early_fusion_facial_v2/fusion_pack_5f/sequences/02-01-07-01-01-01-05.npy,5,2048,02-01-07-01-01-01-05,canonical_02,5,6,disgust,0.022144755721092223,0.012035849690437316,0.009117572382092477,0.0083969010040164,0.008445855136960745,0.009764116164296866,0.919739043712616,0.010355933010578156,1,1,1,complete
01-07-01-01-02-05,02-01-07-01-01-02-05,02-01-07-01-01-02-05,data/raw/ravdess/video_speech/Video_Speech_Actor_05/Actor_05/02-01-07-01-01-02-05.mp4,5,train,07,6,disgust,01,01,02,02-01-07-01-01-02-05,canonical_02,/home/tonyhe/ravdess_avfusion/external/video_face_branch/early_fusion_facial_v2/fusion_pack_5f/sequences/02-01-07-01-01-02-05.npy,5,2048,02-01-07-01-01-02-05,canonical_02,5,6,disgust,0.015388025250285865,0.007657539844512939,0.006405487935990095,0.006075957976281643,0.005521598923951388,0.0061149098444730045,0.9462971091270447,0.006539353216066956,1,1,1,complete
01-07-01-02-01-05,02-01-07-01-02-01-05,02-01-07-01-02-01-05,data/raw/ravdess/video_speech/Video_Speech_Actor_05/Actor_05/02-01-07-01-02-01-05.mp4,5,train,07,6,disgust,01,02,01,02-01-07-01-02-01-05,canonical_02,/home/tonyhe/ravdess_avfusion/external/video_face_branch/early_fusion_facial_v2/fusion_pack_5f/sequences/02-01-07-01-02-01-05.npy,5,2048,02-01-07-01-02-01-05,canonical_02,5,6,disgust,0.020625923946499824,0.011775337811559438,0.008447609096765517,0.008119800966233015,0.009209165070205926,0.008054825570434332,0.9242285132408142,0.009538870258256792,1,1,1,complete
01-07-01-02-02-05,02-01-07-01-02-02-05,02-01-07-01-02-02-05,data/raw/ravdess/video_speech/Video_Speech_Actor_05/Actor_05/02-01-07-01-02-02-05.mp4,5,train,07,6,disgust,01,02,02,02-01-07-01-02-02-05,canonical_02,/home/tonyhe/ravdess_avfusion/external/video_face_branch/early_fusion_facial_v2/fusion_pack_5f/sequences/02-01-07-01-02-02-05.npy,5,2048,02-01-07-01-02-02-05,canonical_02,5,6,disgust,0.02175750657916069,0.011313220672309398,0.009426478203386069,0.008736974000930786,0.0087574802339077,0.009821832086890936,0.9201009392738342,0.010085603035986424,1,1,1,complete
01-07-02-01-01-05,02-01-07-02-01-01-05,02-01-07-02-01-01-05,data/raw/ravdess/video_speech/Video_Speech_Actor_05/Actor_05/02-01-07-02-01-01-05.mp4,5,train,07,6,disgust,02,01,01,02-01-07-02-01-01-05,canonical_02,/home/tonyhe/ravdess_avfusion/external/video_face_branch/early_fusion_facial_v2/fusion_pack_5f/sequences/02-01-07-02-01-01-05.npy,5,2048,02-01-07-02-01-01-05,canonical_02,5,6,disgust,0.02150990404188633,0.012024160660803317,0.01210690699517727,0.008371126651763917,0.010512987524271012,0.01132642887532711,0.913856029510498,0.010292512364685535,1,1,1,complete
01-07-02-01-02-05,02-01-07-02-01-02-05,02-01-07-02-01-02-05,data/raw/ravdess/video_speech/Video_Speech_Actor_05/Actor_05/02-01-07-02-01-02-05.mp4,5,train,07,6,disgust,02,01,02,02-01-07-02-01-02-05,canonical_02,/home/tonyhe/ravdess_avfusion/external/video_face_branch/early_fusion_facial_v2/fusion_pack_5f/sequences/02-01-07-02-01-02-05.npy,5,2048,02-01-07-02-01-02-05,canonical_02,5,6,disgust,0.019465096667408942,0.010557189024984837,0.00752534419298172,0.007475430984050036,0.007484392635524273,0.007384406123310328,0.9317103505134583,0.00839780792593956,1,1,1,complete
01-07-02-02-01-05,02-01-07-02-02-01-05,02-01-07-02-02-01-05,data/raw/ravdess/video_speech/Video_Speech_Actor_05/Actor_05/02-01-07-02-02-01-05.mp4,5,train,07,6,disgust,02,02,01,02-01-07-02-02-01-05,canonical_02,/home/tonyhe/ravdess_avfusion/external/video_face_branch/early_fusion_facial_v2/fusion_pack_5f/sequences/02-01-07-02-02-01-05.npy,5,2048,02-01-07-02-02-01-05,canonical_02,5,6,disgust,0.022034835070371628,0.01133969910442829,0.009692233428359032,0.010337648913264275,0.010067061521112919,0.009895404428243637,0.9138925194740295,0.012740583159029484,1,1,1,complete
01-07-02-02-02-05,02-01-07-02-02-02-05,02-01-07-02-02-02-05,data/raw/ravdess/video_speech/Video_Speech_Actor_05/Actor_05/02-01-07-02-02-02-05.mp4,5,train,07,6,disgust,02,02,02,02-01-07-02-02-02-05,canonical_02,/home/tonyhe/ravdess_avfusion/external/video_face_branch/early_fusion_facial_v2/fusion_pack_5f/sequences/02-01-07-02-02-02-05.npy,5,2048,02-01-07-02-02-02-05,canonical_02,5,6,disgust,0.021270978450775146,0.013799672573804855,0.010653432831168175,0.009462055657058955,0.010233660601079464,0.009909787960350514,0.9138882875442504,0.010782135091722012,1,1,1,complete
01-08-01-01-01-05,02-01-08-01-01-01-05,02-01-08-01-01-01-05,data/raw/ravdess/video_speech/Video_Speech_Actor_05/Actor_05/02-01-08-01-01-01-05.mp4,5,train,08,7,surprise,01,01,01,02-01-08-01-01-01-05,canonical_02,/home/tonyhe/ravdess_avfusion/external/video_face_branch/early_fusion_facial_v2/fusion_pack_5f/sequences/02-01-08-01-01-01-05.npy,5,2048,02-01-08-01-01-01-05,canonical_02,5,7,surprise,0.015442619659006595,0.0069470562972128395,0.006753761973232031,0.009637459833174943,0.010044530034065247,0.0083281553350389,0.007760204374790192,0.9350862622261047,1,1,1,complete
01-08-01-01-02-05,02-01-08-01-01-02-05,02-01-08-01-01-02-05,data/raw/ravdess/video_speech/Video_Speech_Actor_05/Actor_05/02-01-08-01-01-02-05.mp4,5,train,08,7,surprise,01,01,02,02-01-08-01-01-02-05,canonical_02,/home/tonyhe/ravdess_avfusion/external/video_face_branch/early_fusion_facial_v2/fusion_pack_5f/sequences/02-01-08-01-01-02-05.npy,5,2048,02-01-08-01-01-02-05,canonical_02,5,7,surprise,0.01854453645646572,0.008923471346497536,0.008528423495590687,0.01396883837878704,0.013213610649108887,0.009895615093410016,0.012167766876518726,0.9147577404975891,1,1,1,complete
01-08-01-02-01-05,02-01-08-01-02-01-05,02-01-08-01-02-01-05,data/raw/ravdess/video_speech/Video_Speech_Actor_05/Actor_05/02-01-08-01-02-01-05.mp4,5,train,08,7,surprise,01,02,01,02-01-08-01-02-01-05,canonical_02,/home/tonyhe/ravdess_avfusion/external/video_face_branch/early_fusion_facial_v2/fusion_pack_5f/sequences/02-01-08-01-02-01-05.npy,5,2048,02-01-08-01-02-01-05,canonical_02,5,7,surprise,0.01356816738843918,0.007455956190824509,0.006046046037226915,0.012480770237743855,0.008641154319047929,0.014855961222201586,0.007534139510244131,0.9294178128242493,1,1,1,complete
01-08-01-02-02-05,02-01-08-01-02-02-05,02-01-08-01-02-02-05,data/raw/ravdess/video_speech/Video_Speech_Actor_05/Actor_05/02-01-08-01-02-02-05.mp4,5,train,08,7,surprise,01,02,02,02-01-08-01-02-02-05,canonical_02,/home/tonyhe/ravdess_avfusion/external/video_face_branch/early_fusion_facial_v2/fusion_pack_5f/sequences/02-01-08-01-02-02-05.npy,5,2048,02-01-08-01-02-02-05,canonical_02,5,7,surprise,0.019588206335902213,0.009737720899283885,0.011879345402121544,0.009373097866773605,0.012746552377939225,0.008247682731598616,0.010696497373282909,0.9177309036254883,1,1,1,complete
01-08-02-01-01-05,02-01-08-02-01-01-05,02-01-08-02-01-01-05,data/raw/ravdess/video_speech/Video_Speech_Actor_05/Actor_05/02-01-08-02-01-01-05.mp4,5,train,08,7,surprise,02,01,01,02-01-08-02-01-01-05,canonical_02,/home/tonyhe/ravdess_avfusion/external/video_face_branch/early_fusion_facial_v2/fusion_pack_5f/sequences/02-01-08-02-01-01-05.npy,5,2048,02-01-08-02-01-01-05,canonical_02,5,7,surprise,0.019592669606208802,0.009374492708593607,0.0077221162617206575,0.008632720448076725,0.01251945123076439,0.010218225792050362,0.009165693633258342,0.9227746605873108,1,1,1,complete
01-08-02-01-02-05,02-01-08-02-01-02-05,02-01-08-02-01-02-05,data/raw/ravdess/video_speech/Video_Speech_Actor_05/Actor_05/02-01-08-02-01-02-05.mp4,5,train,08,7,surprise,02,01,02,02-01-08-02-01-02-05,canonical_02,/home/tonyhe/ravdess_avfusion/external/video_face_branch/early_fusion_facial_v2/fusion_pack_5f/sequences/02-01-08-02-01-02-05.npy,5,2048,02-01-08-02-01-02-05,canonical_02,5,7,surprise,0.021018380671739577,0.009730060677975416,0.007278210297226906,0.007295777834951877,0.013722720555961132,0.013774029724299908,0.00937421852722764,0.917806613445282,1,1,1,complete
01-08-02-02-01-05,02-01-08-02-02-01-05,02-01-08-02-02-01-05,data/raw/ravdess/video_speech/Video_Speech_Actor_05/Actor_05/02-01-08-02-02-01-05.mp4,5,train,08,7,surprise,02,02,01,02-01-08-02-02-01-05,canonical_02,/home/tonyhe/ravdess_avfusion/external/video_face_branch/early_fusion_facial_v2/fusion_pack_5f/sequences/02-01-08-02-02-01-05.npy,5,2048,02-01-08-02-02-01-05,canonical_02,5,7,surprise,0.018890752643346786,0.0100990055128932,0.007442305516451597,0.006647324562072754,0.009262909647077322,0.008059095963835717,0.010946757532656193,0.9286518812179565,1,1,1,complete
01-08-02-02-02-05,02-01-08-02-02-02-05,02-01-08-02-02-02-05,data/raw/ravdess/video_speech/Video_Speech_Actor_05/Actor_05/02-01-08-02-02-02-05.mp4,5,train,08,7,surprise,02,02,02,02-01-08-02-02-02-05,canonical_02,/home/tonyhe/ravdess_avfusion/external/video_face_branch/early_fusion_facial_v2/fusion_pack_5f/sequences/02-01-08-02-02-02-05.npy,5,2048,02-01-08-02-02-02-05,canonical_02,5,7,surprise,0.020331903547048568,0.010524155013263226,0.00807416271418333,0.00802874779328704,0.01194547936320305,0.009599196258932352,0.009967972338199616,0.9215283393859863,1,1,1,complete
01-01-01-01-01-06,02-01-01-01-01-01-06,02-01-01-01-01-01-06,data/raw/ravdess/video_speech/Video_Speech_Actor_06/Actor_06/02-01-01-01-01-01-06.mp4,6,train,01,0,neutral,01,01,01,02-01-01-01-01-01-06,canonical_02,/home/tonyhe/ravdess_avfusion/external/video_face_branch/early_fusion_facial_v2/fusion_pack_5f/sequences/02-01-01-01-01-01-06.npy,5,2048,02-01-01-01-01-01-06,canonical_02,5,0,neutral,0.9540955662727356,0.0048084387090057135,0.006495750695466995,0.008209091611206532,0.005125639401376248,0.006162942014634609,0.0073485996574163435,0.00775397215038538,1,1,1,complete
01-01-01-01-02-06,02-01-01-01-01-02-06,02-01-01-01-01-02-06,data/raw/ravdess/video_speech/Video_Speech_Actor_06/Actor_06/02-01-01-01-01-02-06.mp4,6,train,01,0,neutral,01,01,02,02-01-01-01-01-02-06,canonical_02,/home/tonyhe/ravdess_avfusion/external/video_face_branch/early_fusion_facial_v2/fusion_pack_5f/sequences/02-01-01-01-01-02-06.npy,5,2048,02-01-01-01-01-02-06,canonical_02,5,0,neutral,0.9518845438957214,0.0063408022746443745,0.007507183961570263,0.006870955415070057,0.004847188293933868,0.006666931323707104,0.007160274405032396,0.008722078893333674,1,1,1,complete
01-01-01-02-01-06,02-01-01-01-02-01-06,02-01-01-01-02-01-06,data/raw/ravdess/video_speech/Video_Speech_Actor_06/Actor_06/02-01-01-01-02-01-06.mp4,6,train,01,0,neutral,01,02,01,02-01-01-01-02-01-06,canonical_02,/home/tonyhe/ravdess_avfusion/external/video_face_branch/early_fusion_facial_v2/fusion_pack_5f/sequences/02-01-01-01-02-01-06.npy,5,2048,02-01-01-01-02-01-06,canonical_02,5,0,neutral,0.9625179409980774,0.003508989652618766,0.005122472252696753,0.007013749983161688,0.005118143185973168,0.00452557448297739,0.006063196342438459,0.006129960995167494,1,1,1,complete
01-01-01-02-02-06,02-01-01-01-02-02-06,02-01-01-01-02-02-06,data/raw/ravdess/video_speech/Video_Speech_Actor_06/Actor_06/02-01-01-01-02-02-06.mp4,6,train,01,0,neutral,01,02,02,02-01-01-01-02-02-06,canonical_02,/home/tonyhe/ravdess_avfusion/external/video_face_branch/early_fusion_facial_v2/fusion_pack_5f/sequences/02-01-01-01-02-02-06.npy,5,2048,02-01-01-01-02-02-06,canonical_02,5,0,neutral,0.9561537384986878,0.004804421542212367,0.006474627461284399,0.006337995734065771,0.005292399739846587,0.005542944557964802,0.00605015093460679,0.009343733359128237,1,1,1,complete
01-02-01-01-01-06,02-01-02-01-01-01-06,02-01-02-01-01-01-06,data/raw/ravdess/video_speech/Video_Speech_Actor_06/Actor_06/02-01-02-01-01-01-06.mp4,6,train,02,1,calm,01,01,01,02-01-02-01-01-01-06,canonical_02,/home/tonyhe/ravdess_avfusion/external/video_face_branch/early_fusion_facial_v2/fusion_pack_5f/sequences/02-01-02-01-01-01-06.npy,5,2048,02-01-02-01-01-01-06,canonical_02,5,1,calm,0.02891647517681122,0.8753112435340882,0.014732922054827213,0.01658809445798397,0.014438946172595024,0.016694862954318525,0.015947434306144714,0.01737003866583109,1,1,1,complete
01-02-01-01-02-06,02-01-02-01-01-02-06,02-01-02-01-01-02-06,data/raw/ravdess/video_speech/Video_Speech_Actor_06/Actor_06/02-01-02-01-01-02-06.mp4,6,train,02,1,calm,01,01,02,02-01-02-01-01-02-06,canonical_02,/home/tonyhe/ravdess_avfusion/external/video_face_branch/early_fusion_facial_v2/fusion_pack_5f/sequences/02-01-02-01-01-02-06.npy,5,2048,02-01-02-01-01-02-06,canonical_02,5,1,calm,0.028660451248288154,0.8769692182540894,0.014340976998209954,0.016108332201838493,0.011408401094377041,0.01862062718719244,0.01567804329097271,0.01821395829319954,1,1,1,complete
01-02-01-02-01-06,02-01-02-01-02-01-06,02-01-02-01-02-01-06,data/raw/ravdess/video_speech/Video_Speech_Actor_06/Actor_06/02-01-02-01-02-01-06.mp4,6,train,02,1,calm,01,02,01,02-01-02-01-02-01-06,canonical_02,/home/tonyhe/ravdess_avfusion/external/video_face_branch/early_fusion_facial_v2/fusion_pack_5f/sequences/02-01-02-01-02-01-06.npy,5,2048,02-01-02-01-02-01-06,canonical_02,5,1,calm,0.028098740428686143,0.8747332930564881,0.014712021872401237,0.016252627596259117,0.015712509863078594,0.015705230459570885,0.016723471321165563,0.01806205827742815,1,1,1,complete
01-02-01-02-02-06,02-01-02-01-02-02-06,02-01-02-01-02-02-06,data/raw/ravdess/video_speech/Video_Speech_Actor_06/Actor_06/02-01-02-01-02-02-06.mp4,6,train,02,1,calm,01,02,02,02-01-02-01-02-02-06,canonical_02,/home/tonyhe/ravdess_avfusion/external/video_face_branch/early_fusion_facial_v2/fusion_pack_5f/sequences/02-01-02-01-02-02-06.npy,5,2048,02-01-02-01-02-02-06,canonical_02,5,1,calm,0.022852364741265774,0.8945632338523865,0.016125036124140023,0.010758175887167454,0.01378454603254795,0.012690708413720131,0.011854940839111806,0.017370954714715482,1,1,1,complete
01-02-02-01-01-06,02-01-02-02-01-01-06,02-01-02-02-01-01-06,data/raw/ravdess/video_speech/Video_Speech_Actor_06/Actor_06/02-01-02-02-01-01-06.mp4,6,train,02,1,calm,02,01,01,02-01-02-02-01-01-06,canonical_02,/home/tonyhe/ravdess_avfusion/external/video_face_branch/early_fusion_facial_v2/fusion_pack_5f/sequences/02-01-02-02-01-01-06.npy,5,2048,02-01-02-02-01-01-06,canonical_02,5,1,calm,0.025961700081825256,0.8901192665100097,0.013134462386369705,0.0130635941401124,0.012362677976489067,0.016521842777729036,0.013559765741229057,0.015276670083403587,1,1,1,complete
01-02-02-01-02-06,02-01-02-02-01-02-06,02-01-02-02-01-02-06,data/raw/ravdess/video_speech/Video_Speech_Actor_06/Actor_06/02-01-02-02-01-02-06.mp4,6,train,02,1,calm,02,01,02,02-01-02-02-01-02-06,canonical_02,/home/tonyhe/ravdess_avfusion/external/video_face_branch/early_fusion_facial_v2/fusion_pack_5f/sequences/02-01-02-02-01-02-06.npy,5,2048,02-01-02-02-01-02-06,canonical_02,5,1,calm,0.028166144713759424,0.8991732239723206,0.01221591280773282,0.01118005570024252,0.009869469236582518,0.012419695034623146,0.012614048831164838,0.014361443184316158,1,1,1,complete
01-02-02-02-01-06,02-01-02-02-02-01-06,02-01-02-02-02-01-06,data/raw/ravdess/video_speech/Video_Speech_Actor_06/Actor_06/02-01-02-02-02-01-06.mp4,6,train,02,1,calm,02,02,01,02-01-02-02-02-01-06,canonical_02,/home/tonyhe/ravdess_avfusion/external/video_face_branch/early_fusion_facial_v2/fusion_pack_5f/sequences/02-01-02-02-02-01-06.npy,5,2048,02-01-02-02-02-01-06,canonical_02,5,1,calm,0.02740465700626373,0.8849332571029663,0.013277941197156907,0.015165730379521847,0.012525958754122258,0.014245490171015262,0.015192811004817485,0.017254165001213552,1,1,1,complete
01-02-02-02-02-06,02-01-02-02-02-02-06,02-01-02-02-02-02-06,data/raw/ravdess/video_speech/Video_Speech_Actor_06/Actor_06/02-01-02-02-02-02-06.mp4,6,train,02,1,calm,02,02,02,02-01-02-02-02-02-06,canonical_02,/home/tonyhe/ravdess_avfusion/external/video_face_branch/early_fusion_facial_v2/fusion_pack_5f/sequences/02-01-02-02-02-02-06.npy,5,2048,02-01-02-02-02-02-06,canonical_02,5,1,calm,0.026696605235338212,0.883110785484314,0.013095343858003617,0.016624823957681657,0.012879437953233718,0.01567655522376299,0.017705309391021728,0.014211154356598855,1,1,1,complete
01-03-01-01-01-06,02-01-03-01-01-01-06,02-01-03-01-01-01-06,data/raw/ravdess/video_speech/Video_Speech_Actor_06/Actor_06/02-01-03-01-01-01-06.mp4,6,train,03,2,happy,01,01,01,02-01-03-01-01-01-06,canonical_02,/home/tonyhe/ravdess_avfusion/external/video_face_branch/early_fusion_facial_v2/fusion_pack_5f/sequences/02-01-03-01-01-01-06.npy,5,2048,02-01-03-01-01-01-06,canonical_02,5,2,happy,0.021418609097599982,0.01914309896528721,0.8996286273002625,0.011673311144113541,0.014523296989500523,0.012072953023016452,0.010832944698631764,0.010707174241542817,1,1,1,complete
01-03-01-01-02-06,02-01-03-01-01-02-06,02-01-03-01-01-02-06,data/raw/ravdess/video_speech/Video_Speech_Actor_06/Actor_06/02-01-03-01-01-02-06.mp4,6,train,03,2,happy,01,01,02,02-01-03-01-01-02-06,canonical_02,/home/tonyhe/ravdess_avfusion/external/video_face_branch/early_fusion_facial_v2/fusion_pack_5f/sequences/02-01-03-01-01-02-06.npy,5,2048,02-01-03-01-01-02-06,canonical_02,5,2,happy,0.02200411632657051,0.013189535215497017,0.9132413387298584,0.01035202220082283,0.00982331708073616,0.01050592064857483,0.009666676074266434,0.011217068508267402,1,1,1,complete
01-03-01-02-01-06,02-01-03-01-02-01-06,02-01-03-01-02-01-06,data/raw/ravdess/video_speech/Video_Speech_Actor_06/Actor_06/02-01-03-01-02-01-06.mp4,6,train,03,2,happy,01,02,01,02-01-03-01-02-01-06,canonical_02,/home/tonyhe/ravdess_avfusion/external/video_face_branch/early_fusion_facial_v2/fusion_pack_5f/sequences/02-01-03-01-02-01-06.npy,5,2048,02-01-03-01-02-01-06,canonical_02,5,2,happy,0.02650972604751587,0.01751466542482376,0.8912532329559326,0.014043997973203659,0.011692978627979755,0.012773161754012108,0.012178782373666763,0.014033424854278564,1,1,1,complete
01-03-01-02-02-06,02-01-03-01-02-02-06,02-01-03-01-02-02-06,data/raw/ravdess/video_speech/Video_Speech_Actor_06/Actor_06/02-01-03-01-02-02-06.mp4,6,train,03,2,happy,01,02,02,02-01-03-01-02-02-06,canonical_02,/home/tonyhe/ravdess_avfusion/external/video_face_branch/early_fusion_facial_v2/fusion_pack_5f/sequences/02-01-03-01-02-02-06.npy,5,2048,02-01-03-01-02-02-06,canonical_02,5,2,happy,0.022348980605602264,0.017700488306581975,0.9066853761672974,0.0112028107047081,0.010571748763322831,0.009870676696300507,0.010721155814826489,0.010898750089108945,1,1,1,complete
01-03-02-01-01-06,02-01-03-02-01-01-06,02-01-03-02-01-01-06,data/raw/ravdess/video_speech/Video_Speech_Actor_06/Actor_06/02-01-03-02-01-01-06.mp4,6,train,03,2,happy,02,01,01,02-01-03-02-01-01-06,canonical_02,/home/tonyhe/ravdess_avfusion/external/video_face_branch/early_fusion_facial_v2/fusion_pack_5f/sequences/02-01-03-02-01-01-06.npy,5,2048,02-01-03-02-01-01-06,canonical_02,5,2,happy,0.0232443667948246,0.012613161653280257,0.9049561858177185,0.0107107138261199,0.011941434629261494,0.012948751635849475,0.010705195181071759,0.012880198284983635,1,1,1,complete
01-03-02-01-02-06,02-01-03-02-01-02-06,02-01-03-02-01-02-06,data/raw/ravdess/video_speech/Video_Speech_Actor_06/Actor_06/02-01-03-02-01-02-06.mp4,6,train,03,2,happy,02,01,02,02-01-03-02-01-02-06,canonical_02,/home/tonyhe/ravdess_avfusion/external/video_face_branch/early_fusion_facial_v2/fusion_pack_5f/sequences/02-01-03-02-01-02-06.npy,5,2048,02-01-03-02-01-02-06,canonical_02,5,2,happy,0.022182798758149148,0.013275352865457534,0.8973350644111633,0.011806607991456986,0.017582696676254273,0.013837089389562606,0.011689702421426773,0.012290706299245358,1,1,1,complete
01-03-02-02-01-06,02-01-03-02-02-01-06,02-01-03-02-02-01-06,data/raw/ravdess/video_speech/Video_Speech_Actor_06/Actor_06/02-01-03-02-02-01-06.mp4,6,train,03,2,happy,02,02,01,02-01-03-02-02-01-06,canonical_02,/home/tonyhe/ravdess_avfusion/external/video_face_branch/early_fusion_facial_v2/fusion_pack_5f/sequences/02-01-03-02-02-01-06.npy,5,2048,02-01-03-02-02-01-06,canonical_02,5,2,happy,0.019608352705836295,0.01217456664890051,0.912327790260315,0.010810690000653267,0.013145963661372662,0.011248746514320373,0.010996116138994694,0.00968780629336834,1,1,1,complete
01-03-02-02-02-06,02-01-03-02-02-02-06,02-01-03-02-02-02-06,data/raw/ravdess/video_speech/Video_Speech_Actor_06/Actor_06/02-01-03-02-02-02-06.mp4,6,train,03,2,happy,02,02,02,02-01-03-02-02-02-06,canonical_02,/home/tonyhe/ravdess_avfusion/external/video_face_branch/early_fusion_facial_v2/fusion_pack_5f/sequences/02-01-03-02-02-02-06.npy,5,2048,02-01-03-02-02-02-06,canonical_02,5,2,happy,0.024466784298419954,0.016549282893538474,0.8965950608253479,0.01177479662001133,0.012404264137148856,0.013556943275034428,0.011659464053809642,0.012993432767689227,1,1,1,complete
01-04-01-01-01-06,02-01-04-01-01-01-06,02-01-04-01-01-01-06,data/raw/ravdess/video_speech/Video_Speech_Actor_06/Actor_06/02-01-04-01-01-01-06.mp4,6,train,04,3,sad,01,01,01,02-01-04-01-01-01-06,canonical_02,/home/tonyhe/ravdess_avfusion/external/video_face_branch/early_fusion_facial_v2/fusion_pack_5f/sequences/02-01-04-01-01-01-06.npy,5,2048,02-01-04-01-01-01-06,canonical_02,5,3,sad,0.02842257618904114,0.008961716201156378,0.011520147696137429,0.9126484751701355,0.0075311786495149136,0.009947081841528416,0.011085387971252202,0.00988345518708229,1,1,1,complete
01-04-01-01-02-06,02-01-04-01-01-02-06,02-01-04-01-01-02-06,data/raw/ravdess/video_speech/Video_Speech_Actor_06/Actor_06/02-01-04-01-01-02-06.mp4,6,train,04,3,sad,01,01,02,02-01-04-01-01-02-06,canonical_02,/home/tonyhe/ravdess_avfusion/external/video_face_branch/early_fusion_facial_v2/fusion_pack_5f/sequences/02-01-04-01-01-02-06.npy,5,2048,02-01-04-01-01-02-06,canonical_02,5,3,sad,0.024928205460309983,0.007601624820381403,0.00940132448449731,0.9068160891532898,0.00624214606359601,0.023020212911069392,0.010044489987194538,0.011945931240916252,1,1,1,complete
01-04-01-02-01-06,02-01-04-01-02-01-06,02-01-04-01-02-01-06,data/raw/ravdess/video_speech/Video_Speech_Actor_06/Actor_06/02-01-04-01-02-01-06.mp4,6,train,04,3,sad,01,02,01,02-01-04-01-02-01-06,canonical_02,/home/tonyhe/ravdess_avfusion/external/video_face_branch/early_fusion_facial_v2/fusion_pack_5f/sequences/02-01-04-01-02-01-06.npy,5,2048,02-01-04-01-02-01-06,canonical_02,5,3,sad,0.019527291133999824,0.008050286397337913,0.011068227421492337,0.9225268125534057,0.007724095974117518,0.011544459871947766,0.008842131216078996,0.010716656129807234,1,1,1,complete
01-04-01-02-02-06,02-01-04-01-02-02-06,02-01-04-01-02-02-06,data/raw/ravdess/video_speech/Video_Speech_Actor_06/Actor_06/02-01-04-01-02-02-06.mp4,6,train,04,3,sad,01,02,02,02-01-04-01-02-02-06,canonical_02,/home/tonyhe/ravdess_avfusion/external/video_face_branch/early_fusion_facial_v2/fusion_pack_5f/sequences/02-01-04-01-02-02-06.npy,5,2048,02-01-04-01-02-02-06,canonical_02,5,3,sad,0.02289673648774624,0.00929316971451044,0.009790273569524287,0.9230564713478089,0.007232139259576798,0.008140761218965054,0.010502079501748085,0.00908835856243968,1,1,1,complete
01-04-02-01-01-06,02-01-04-02-01-01-06,02-01-04-02-01-01-06,data/raw/ravdess/video_speech/Video_Speech_Actor_06/Actor_06/02-01-04-02-01-01-06.mp4,6,train,04,3,sad,02,01,01,02-01-04-02-01-01-06,canonical_02,/home/tonyhe/ravdess_avfusion/external/video_face_branch/early_fusion_facial_v2/fusion_pack_5f/sequences/02-01-04-02-01-01-06.npy,5,2048,02-01-04-02-01-01-06,canonical_02,5,3,sad,0.021456203237175942,0.011755775660276413,0.011992746591567993,0.9086385369300842,0.010223758034408092,0.011409955564886332,0.014576590619981289,0.009946438670158386,1,1,1,complete
01-04-02-01-02-06,02-01-04-02-01-02-06,02-01-04-02-01-02-06,data/raw/ravdess/video_speech/Video_Speech_Actor_06/Actor_06/02-01-04-02-01-02-06.mp4,6,train,04,3,sad,02,01,02,02-01-04-02-01-02-06,canonical_02,/home/tonyhe/ravdess_avfusion/external/video_face_branch/early_fusion_facial_v2/fusion_pack_5f/sequences/02-01-04-02-01-02-06.npy,5,2048,02-01-04-02-01-02-06,canonical_02,5,3,sad,0.02211393602192402,0.014109604619443416,0.011546258628368378,0.9073359608650208,0.009582597110420466,0.00953162545338273,0.0151886235922575,0.010591379925608635,1,1,1,complete
01-04-02-02-01-06,02-01-04-02-02-01-06,02-01-04-02-02-01-06,data/raw/ravdess/video_speech/Video_Speech_Actor_06/Actor_06/02-01-04-02-02-01-06.mp4,6,train,04,3,sad,02,02,01,02-01-04-02-02-01-06,canonical_02,/home/tonyhe/ravdess_avfusion/external/video_face_branch/early_fusion_facial_v2/fusion_pack_5f/sequences/02-01-04-02-02-01-06.npy,5,2048,02-01-04-02-02-01-06,canonical_02,5,3,sad,0.019661099836230277,0.009632376581430435,0.011500126495957375,0.9120604753494262,0.010553999990224838,0.01333031989634037,0.015036378055810928,0.00822519538924098,1,1,1,complete
01-04-02-02-02-06,02-01-04-02-02-02-06,02-01-04-02-02-02-06,data/raw/ravdess/video_speech/Video_Speech_Actor_06/Actor_06/02-01-04-02-02-02-06.mp4,6,train,04,3,sad,02,02,02,02-01-04-02-02-02-06,canonical_02,/home/tonyhe/ravdess_avfusion/external/video_face_branch/early_fusion_facial_v2/fusion_pack_5f/sequences/02-01-04-02-02-02-06.npy,5,2048,02-01-04-02-02-02-06,canonical_02,5,3,sad,0.02198845036327839,0.015539400093257428,0.011673006787896156,0.8934753894805908,0.010416230652481318,0.014032093808054924,0.018744666129350662,0.014130748063325881,1,1,1,complete
01-05-01-01-01-06,02-01-05-01-01-01-06,02-01-05-01-01-01-06,data/raw/ravdess/video_speech/Video_Speech_Actor_06/Actor_06/02-01-05-01-01-01-06.mp4,6,train,05,4,angry,01,01,01,02-01-05-01-01-01-06,canonical_02,/home/tonyhe/ravdess_avfusion/external/video_face_branch/early_fusion_facial_v2/fusion_pack_5f/sequences/02-01-05-01-01-01-06.npy,5,2048,02-01-05-01-01-01-06,canonical_02,5,4,angry,0.021858979389071463,0.01084901038557291,0.009661000221967697,0.00888286679983139,0.9183471322059631,0.009243635274469853,0.01190269347280264,0.009254715498536825,1,1,1,complete
01-05-01-01-02-06,02-01-05-01-01-02-06,02-01-05-01-01-02-06,data/raw/ravdess/video_speech/Video_Speech_Actor_06/Actor_06/02-01-05-01-01-02-06.mp4,6,train,05,4,angry,01,01,02,02-01-05-01-01-02-06,canonical_02,/home/tonyhe/ravdess_avfusion/external/video_face_branch/early_fusion_facial_v2/fusion_pack_5f/sequences/02-01-05-01-01-02-06.npy,5,2048,02-01-05-01-01-02-06,canonical_02,5,4,angry,0.13211909495294094,0.010855763964354993,0.011203688755631446,0.010741007793694735,0.7822255432605744,0.010436185169965029,0.011853630188852549,0.030565130710601806,1,1,1,complete
01-05-01-02-01-06,02-01-05-01-02-01-06,02-01-05-01-02-01-06,data/raw/ravdess/video_speech/Video_Speech_Actor_06/Actor_06/02-01-05-01-02-01-06.mp4,6,train,05,4,angry,01,02,01,02-01-05-01-02-01-06,canonical_02,/home/tonyhe/ravdess_avfusion/external/video_face_branch/early_fusion_facial_v2/fusion_pack_5f/sequences/02-01-05-01-02-01-06.npy,5,2048,02-01-05-01-02-01-06,canonical_02,5,4,angry,0.026585029810667037,0.015498468093574047,0.01038561793975532,0.011206581909209489,0.884115743637085,0.02362756049260497,0.01042110649868846,0.018159909639507532,1,1,1,complete
01-05-01-02-02-06,02-01-05-01-02-02-06,02-01-05-01-02-02-06,data/raw/ravdess/video_speech/Video_Speech_Actor_06/Actor_06/02-01-05-01-02-02-06.mp4,6,train,05,4,angry,01,02,02,02-01-05-01-02-02-06,canonical_02,/home/tonyhe/ravdess_avfusion/external/video_face_branch/early_fusion_facial_v2/fusion_pack_5f/sequences/02-01-05-01-02-02-06.npy,5,2048,02-01-05-01-02-02-06,canonical_02,5,4,angry,0.023220789059996604,0.010769593715667724,0.009954403806477784,0.008617804665118457,0.9170865774154663,0.009811787959188223,0.010927679389715195,0.009611342195421457,1,1,1,complete
01-05-02-01-01-06,02-01-05-02-01-01-06,02-01-05-02-01-01-06,data/raw/ravdess/video_speech/Video_Speech_Actor_06/Actor_06/02-01-05-02-01-01-06.mp4,6,train,05,4,angry,02,01,01,02-01-05-02-01-01-06,canonical_02,/home/tonyhe/ravdess_avfusion/external/video_face_branch/early_fusion_facial_v2/fusion_pack_5f/sequences/02-01-05-02-01-01-06.npy,5,2048,02-01-05-02-01-01-06,canonical_02,5,4,angry,0.019560645520687103,0.01128297634422779,0.009839049447327853,0.00897322166711092,0.9205329060554505,0.011508425883948802,0.010085910372436047,0.008216818515211343,1,1,1,complete
01-05-02-01-02-06,02-01-05-02-01-02-06,02-01-05-02-01-02-06,data/raw/ravdess/video_speech/Video_Speech_Actor_06/Actor_06/02-01-05-02-01-02-06.mp4,6,train,05,4,angry,02,01,02,02-01-05-02-01-02-06,canonical_02,/home/tonyhe/ravdess_avfusion/external/video_face_branch/early_fusion_facial_v2/fusion_pack_5f/sequences/02-01-05-02-01-02-06.npy,5,2048,02-01-05-02-01-02-06,canonical_02,5,4,angry,0.024100931361317635,0.012429069355130195,0.01161328013986349,0.00938130021095276,0.9086587190628052,0.011406968347728252,0.011468730308115483,0.010941008385270835,1,1,1,complete
01-05-02-02-01-06,02-01-05-02-02-01-06,02-01-05-02-02-01-06,data/raw/ravdess/video_speech/Video_Speech_Actor_06/Actor_06/02-01-05-02-02-01-06.mp4,6,train,05,4,angry,02,02,01,02-01-05-02-02-01-06,canonical_02,/home/tonyhe/ravdess_avfusion/external/video_face_branch/early_fusion_facial_v2/fusion_pack_5f/sequences/02-01-05-02-02-01-06.npy,5,2048,02-01-05-02-02-01-06,canonical_02,5,4,angry,0.02133547067642212,0.012583015114068985,0.011739351786673069,0.009697362966835498,0.9107545375823974,0.009282972756773233,0.014876051433384418,0.009731260687112808,1,1,1,complete
01-05-02-02-02-06,02-01-05-02-02-02-06,02-01-05-02-02-02-06,data/raw/ravdess/video_speech/Video_Speech_Actor_06/Actor_06/02-01-05-02-02-02-06.mp4,6,train,05,4,angry,02,02,02,02-01-05-02-02-02-06,canonical_02,/home/tonyhe/ravdess_avfusion/external/video_face_branch/early_fusion_facial_v2/fusion_pack_5f/sequences/02-01-05-02-02-02-06.npy,5,2048,02-01-05-02-02-02-06,canonical_02,5,4,angry,0.022879733890295028,0.011565008433535695,0.011175440391525626,0.008442540746182203,0.914859938621521,0.009700732678174973,0.01121076215058565,0.010165802016854287,1,1,1,complete
01-06-01-01-01-06,02-01-06-01-01-01-06,02-01-06-01-01-01-06,data/raw/ravdess/video_speech/Video_Speech_Actor_06/Actor_06/02-01-06-01-01-01-06.mp4,6,train,06,5,fearful,01,01,01,02-01-06-01-01-01-06,canonical_02,/home/tonyhe/ravdess_avfusion/external/video_face_branch/early_fusion_facial_v2/fusion_pack_5f/sequences/02-01-06-01-01-01-06.npy,5,2048,02-01-06-01-01-01-06,canonical_02,5,5,fearful,0.024013454094529152,0.012135917320847511,0.012337752990424633,0.015176699310541154,0.01032031923532486,0.9048113822937012,0.012047214806079865,0.00915727587416768,1,1,1,complete
01-06-01-01-02-06,02-01-06-01-01-02-06,02-01-06-01-01-02-06,data/raw/ravdess/video_speech/Video_Speech_Actor_06/Actor_06/02-01-06-01-01-02-06.mp4,6,train,06,5,fearful,01,01,02,02-01-06-01-01-02-06,canonical_02,/home/tonyhe/ravdess_avfusion/external/video_face_branch/early_fusion_facial_v2/fusion_pack_5f/sequences/02-01-06-01-01-02-06.npy,5,2048,02-01-06-01-01-02-06,canonical_02,5,5,fearful,0.0181423319503665,0.011478486377745867,0.009670054819434882,0.013584247697144747,0.006868045777082443,0.9224350214004516,0.010338216833770276,0.00748360063880682,1,1,1,complete
01-06-01-02-01-06,02-01-06-01-02-01-06,02-01-06-01-02-01-06,data/raw/ravdess/video_speech/Video_Speech_Actor_06/Actor_06/02-01-06-01-02-01-06.mp4,6,train,06,5,fearful,01,02,01,02-01-06-01-02-01-06,canonical_02,/home/tonyhe/ravdess_avfusion/external/video_face_branch/early_fusion_facial_v2/fusion_pack_5f/sequences/02-01-06-01-02-01-06.npy,5,2048,02-01-06-01-02-01-06,canonical_02,5,5,fearful,0.022541913948953152,0.01086458656936884,0.010766247659921646,0.030554693005979062,0.007584408763796091,0.8982098340988159,0.010053363163024187,0.009424950927495956,1,1,1,complete
01-06-01-02-02-06,02-01-06-01-02-02-06,02-01-06-01-02-02-06,data/raw/ravdess/video_speech/Video_Speech_Actor_06/Actor_06/02-01-06-01-02-02-06.mp4,6,train,06,5,fearful,01,02,02,02-01-06-01-02-02-06,canonical_02,/home/tonyhe/ravdess_avfusion/external/video_face_branch/early_fusion_facial_v2/fusion_pack_5f/sequences/02-01-06-01-02-02-06.npy,5,2048,02-01-06-01-02-02-06,canonical_02,5,5,fearful,0.017146664299070837,0.01217248048633337,0.006707843719050288,0.009289297368377447,0.0067870438564568755,0.9245859742164612,0.0065680491272360085,0.01674261726438999,1,1,1,complete
01-06-02-01-01-06,02-01-06-02-01-01-06,02-01-06-02-01-01-06,data/raw/ravdess/video_speech/Video_Speech_Actor_06/Actor_06/02-01-06-02-01-01-06.mp4,6,train,06,5,fearful,02,01,01,02-01-06-02-01-01-06,canonical_02,/home/tonyhe/ravdess_avfusion/external/video_face_branch/early_fusion_facial_v2/fusion_pack_5f/sequences/02-01-06-02-01-01-06.npy,5,2048,02-01-06-02-01-01-06,canonical_02,5,5,fearful,0.01571885384619236,0.010251924023032188,0.010553285479545593,0.006147243408486247,0.004642220726236701,0.9344548583030701,0.012631057389080524,0.00560057982802391,1,1,1,complete
01-06-02-01-02-06,02-01-06-02-01-02-06,02-01-06-02-01-02-06,data/raw/ravdess/video_speech/Video_Speech_Actor_06/Actor_06/02-01-06-02-01-02-06.mp4,6,train,06,5,fearful,02,01,02,02-01-06-02-01-02-06,canonical_02,/home/tonyhe/ravdess_avfusion/external/video_face_branch/early_fusion_facial_v2/fusion_pack_5f/sequences/02-01-06-02-01-02-06.npy,5,2048,02-01-06-02-01-02-06,canonical_02,5,5,fearful,0.023899651318788528,0.01177691351622343,0.013868692889809608,0.010310191661119461,0.013335800124332308,0.9056190371513366,0.012595772929489612,0.008593925554305316,1,1,1,complete
01-06-02-02-01-06,02-01-06-02-02-01-06,02-01-06-02-02-01-06,data/raw/ravdess/video_speech/Video_Speech_Actor_06/Actor_06/02-01-06-02-02-01-06.mp4,6,train,06,5,fearful,02,02,01,02-01-06-02-02-01-06,canonical_02,/home/tonyhe/ravdess_avfusion/external/video_face_branch/early_fusion_facial_v2/fusion_pack_5f/sequences/02-01-06-02-02-01-06.npy,5,2048,02-01-06-02-02-01-06,canonical_02,5,5,fearful,0.026209484785795212,0.014536935277283192,0.014722422510385514,0.011224479414522648,0.015220830403268337,0.8948978066444397,0.013956926017999648,0.009231129847466945,1,1,1,complete
01-06-02-02-02-06,02-01-06-02-02-02-06,02-01-06-02-02-02-06,data/raw/ravdess/video_speech/Video_Speech_Actor_06/Actor_06/02-01-06-02-02-02-06.mp4,6,train,06,5,fearful,02,02,02,02-01-06-02-02-02-06,canonical_02,/home/tonyhe/ravdess_avfusion/external/video_face_branch/early_fusion_facial_v2/fusion_pack_5f/sequences/02-01-06-02-02-02-06.npy,5,2048,02-01-06-02-02-02-06,canonical_02,5,5,fearful,0.02377140857279301,0.01514061912894249,0.011658714525401593,0.03655854379758239,0.01273975931107998,0.8793930292129517,0.012009102664887906,0.008728789910674096,1,1,1,complete
01-07-01-01-01-06,02-01-07-01-01-01-06,02-01-07-01-01-01-06,data/raw/ravdess/video_speech/Video_Speech_Actor_06/Actor_06/02-01-07-01-01-01-06.mp4,6,train,07,6,disgust,01,01,01,02-01-07-01-01-01-06,canonical_02,/home/tonyhe/ravdess_avfusion/external/video_face_branch/early_fusion_facial_v2/fusion_pack_5f/sequences/02-01-07-01-01-01-06.npy,5,2048,02-01-07-01-01-01-06,canonical_02,5,6,disgust,0.016584253683686257,0.009374115336686372,0.007097163796424865,0.01059086611494422,0.0066400433890521525,0.007153614144772291,0.9346434593200683,0.007916485611349344,1,1,1,complete
01-07-01-01-02-06,02-01-07-01-01-02-06,02-01-07-01-01-02-06,data/raw/ravdess/video_speech/Video_Speech_Actor_06/Actor_06/02-01-07-01-01-02-06.mp4,6,train,07,6,disgust,01,01,02,02-01-07-01-01-02-06,canonical_02,/home/tonyhe/ravdess_avfusion/external/video_face_branch/early_fusion_facial_v2/fusion_pack_5f/sequences/02-01-07-01-01-02-06.npy,5,2048,02-01-07-01-01-02-06,canonical_02,5,6,disgust,0.015852946415543558,0.009804730117321015,0.007082556001842022,0.0079176920466125,0.008539556339383126,0.0077142427675426,0.9351483225822449,0.00793996211141348,1,1,1,complete
01-07-01-02-01-06,02-01-07-01-02-01-06,02-01-07-01-02-01-06,data/raw/ravdess/video_speech/Video_Speech_Actor_06/Actor_06/02-01-07-01-02-01-06.mp4,6,train,07,6,disgust,01,02,01,02-01-07-01-02-01-06,canonical_02,/home/tonyhe/ravdess_avfusion/external/video_face_branch/early_fusion_facial_v2/fusion_pack_5f/sequences/02-01-07-01-02-01-06.npy,5,2048,02-01-07-01-02-01-06,canonical_02,5,6,disgust,0.02026066891849041,0.012905011139810085,0.008310267329216003,0.009486758522689343,0.0073087867349386215,0.009112229198217392,0.921182370185852,0.011433877050876617,1,1,1,complete
01-07-01-02-02-06,02-01-07-01-02-02-06,02-01-07-01-02-02-06,data/raw/ravdess/video_speech/Video_Speech_Actor_06/Actor_06/02-01-07-01-02-02-06.mp4,6,train,07,6,disgust,01,02,02,02-01-07-01-02-02-06,canonical_02,/home/tonyhe/ravdess_avfusion/external/video_face_branch/early_fusion_facial_v2/fusion_pack_5f/sequences/02-01-07-01-02-02-06.npy,5,2048,02-01-07-01-02-02-06,canonical_02,5,6,disgust,0.018294220604002476,0.010233280248939991,0.007969783525913954,0.010773739218711853,0.006807945296168327,0.007220807578414678,0.9299807667732238,0.008719457313418388,1,1,1,complete
01-07-02-01-01-06,02-01-07-02-01-01-06,02-01-07-02-01-01-06,data/raw/ravdess/video_speech/Video_Speech_Actor_06/Actor_06/02-01-07-02-01-01-06.mp4,6,train,07,6,disgust,02,01,01,02-01-07-02-01-01-06,canonical_02,/home/tonyhe/ravdess_avfusion/external/video_face_branch/early_fusion_facial_v2/fusion_pack_5f/sequences/02-01-07-02-01-01-06.npy,5,2048,02-01-07-02-01-01-06,canonical_02,5,6,disgust,0.019302839413285255,0.010052825324237347,0.008440248854458331,0.011838687770068645,0.007408436294645071,0.008087830245494842,0.9265561103820801,0.008313033170998097,1,1,1,complete
01-07-02-01-02-06,02-01-07-02-01-02-06,02-01-07-02-01-02-06,data/raw/ravdess/video_speech/Video_Speech_Actor_06/Actor_06/02-01-07-02-01-02-06.mp4,6,train,07,6,disgust,02,01,02,02-01-07-02-01-02-06,canonical_02,/home/tonyhe/ravdess_avfusion/external/video_face_branch/early_fusion_facial_v2/fusion_pack_5f/sequences/02-01-07-02-01-02-06.npy,5,2048,02-01-07-02-01-02-06,canonical_02,5,6,disgust,0.019268864206969737,0.01061838325113058,0.008740059100091457,0.01237851958721876,0.007865041308104993,0.008226626832038165,0.9244006276130676,0.008501844573765993,1,1,1,complete
01-07-02-02-01-06,02-01-07-02-02-01-06,02-01-07-02-02-01-06,data/raw/ravdess/video_speech/Video_Speech_Actor_06/Actor_06/02-01-07-02-02-01-06.mp4,6,train,07,6,disgust,02,02,01,02-01-07-02-02-01-06,canonical_02,/home/tonyhe/ravdess_avfusion/external/video_face_branch/early_fusion_facial_v2/fusion_pack_5f/sequences/02-01-07-02-02-01-06.npy,5,2048,02-01-07-02-02-01-06,canonical_02,5,6,disgust,0.014989718608558179,0.008448697533458472,0.0071645652875304226,0.008779648412019014,0.007507752254605293,0.007587741687893867,0.9375754952430725,0.007946363929659129,1,1,1,complete
01-07-02-02-02-06,02-01-07-02-02-02-06,02-01-07-02-02-02-06,data/raw/ravdess/video_speech/Video_Speech_Actor_06/Actor_06/02-01-07-02-02-02-06.mp4,6,train,07,6,disgust,02,02,02,02-01-07-02-02-02-06,canonical_02,/home/tonyhe/ravdess_avfusion/external/video_face_branch/early_fusion_facial_v2/fusion_pack_5f/sequences/02-01-07-02-02-02-06.npy,5,2048,02-01-07-02-02-02-06,canonical_02,5,6,disgust,0.022263781726360322,0.011654089577496052,0.007842785585671664,0.010836952924728393,0.008202710654586554,0.007650023885071277,0.919624674320221,0.011924950405955315,1,1,1,complete
01-08-01-01-01-06,02-01-08-01-01-01-06,02-01-08-01-01-01-06,data/raw/ravdess/video_speech/Video_Speech_Actor_06/Actor_06/02-01-08-01-01-01-06.mp4,6,train,08,7,surprise,01,01,01,02-01-08-01-01-01-06,canonical_02,/home/tonyhe/ravdess_avfusion/external/video_face_branch/early_fusion_facial_v2/fusion_pack_5f/sequences/02-01-08-01-01-01-06.npy,5,2048,02-01-08-01-01-01-06,canonical_02,5,7,surprise,0.02270520180463791,0.009459614008665084,0.008214144594967365,0.012066725268959999,0.007640232052654028,0.012650150246918202,0.010951554030179977,0.9163123846054078,1,1,1,complete
01-08-01-01-02-06,02-01-08-01-01-02-06,02-01-08-01-01-02-06,data/raw/ravdess/video_speech/Video_Speech_Actor_06/Actor_06/02-01-08-01-01-02-06.mp4,6,train,08,7,surprise,01,01,02,02-01-08-01-01-02-06,canonical_02,/home/tonyhe/ravdess_avfusion/external/video_face_branch/early_fusion_facial_v2/fusion_pack_5f/sequences/02-01-08-01-01-02-06.npy,5,2048,02-01-08-01-01-02-06,canonical_02,5,7,surprise,0.01621225252747536,0.008012192975729703,0.007030140049755574,0.01177928652614355,0.007408208958804607,0.013987126480787992,0.011759120412170887,0.9238116860389709,1,1,1,complete
01-08-01-02-01-06,02-01-08-01-02-01-06,02-01-08-01-02-01-06,data/raw/ravdess/video_speech/Video_Speech_Actor_06/Actor_06/02-01-08-01-02-01-06.mp4,6,train,08,7,surprise,01,02,01,02-01-08-01-02-01-06,canonical_02,/home/tonyhe/ravdess_avfusion/external/video_face_branch/early_fusion_facial_v2/fusion_pack_5f/sequences/02-01-08-01-02-01-06.npy,5,2048,02-01-08-01-02-01-06,canonical_02,5,7,surprise,0.02482820376753807,0.010851242486387492,0.009767774306237698,0.014262306690216064,0.011489183455705643,0.011233998276293278,0.013825066760182381,0.9037422418594361,1,1,1,complete
01-08-01-02-02-06,02-01-08-01-02-02-06,02-01-08-01-02-02-06,data/raw/ravdess/video_speech/Video_Speech_Actor_06/Actor_06/02-01-08-01-02-02-06.mp4,6,train,08,7,surprise,01,02,02,02-01-08-01-02-02-06,canonical_02,/home/tonyhe/ravdess_avfusion/external/video_face_branch/early_fusion_facial_v2/fusion_pack_5f/sequences/02-01-08-01-02-02-06.npy,5,2048,02-01-08-01-02-02-06,canonical_02,5,7,surprise,0.023520564287900926,0.011391154117882251,0.010307889431715012,0.014791225083172321,0.009724540170282125,0.02534826211631298,0.012761817127466202,0.8921545624732972,1,1,1,complete
01-08-02-01-01-06,02-01-08-02-01-01-06,02-01-08-02-01-01-06,data/raw/ravdess/video_speech/Video_Speech_Actor_06/Actor_06/02-01-08-02-01-01-06.mp4,6,train,08,7,surprise,02,01,01,02-01-08-02-01-01-06,canonical_02,/home/tonyhe/ravdess_avfusion/external/video_face_branch/early_fusion_facial_v2/fusion_pack_5f/sequences/02-01-08-02-01-01-06.npy,5,2048,02-01-08-02-01-01-06,canonical_02,5,7,surprise,0.06398551408201456,0.009480754937976598,0.008572686556726694,0.01157695595175028,0.008566439943388104,0.01241691578179598,0.012011184822767973,0.8733895301818848,1,1,1,complete
01-08-02-01-02-06,02-01-08-02-01-02-06,02-01-08-02-01-02-06,data/raw/ravdess/video_speech/Video_Speech_Actor_06/Actor_06/02-01-08-02-01-02-06.mp4,6,train,08,7,surprise,02,01,02,02-01-08-02-01-02-06,canonical_02,/home/tonyhe/ravdess_avfusion/external/video_face_branch/early_fusion_facial_v2/fusion_pack_5f/sequences/02-01-08-02-01-02-06.npy,5,2048,02-01-08-02-01-02-06,canonical_02,5,7,surprise,0.014329048991203307,0.007053745537996292,0.005441022012382746,0.008024884480983019,0.007090881932526827,0.009162385901436209,0.007639574445784092,0.941258454322815,1,1,1,complete
01-08-02-02-01-06,02-01-08-02-02-01-06,02-01-08-02-02-01-06,data/raw/ravdess/video_speech/Video_Speech_Actor_06/Actor_06/02-01-08-02-02-01-06.mp4,6,train,08,7,surprise,02,02,01,02-01-08-02-02-01-06,canonical_02,/home/tonyhe/ravdess_avfusion/external/video_face_branch/early_fusion_facial_v2/fusion_pack_5f/sequences/02-01-08-02-02-01-06.npy,5,2048,02-01-08-02-02-01-06,canonical_02,5,7,surprise,0.01858651712536812,0.010789137985557317,0.009847008530050516,0.008329337928444147,0.010929980967193841,0.008902227133512497,0.011446591652929782,0.9211692214012146,1,1,1,complete
01-08-02-02-02-06,02-01-08-02-02-02-06,02-01-08-02-02-02-06,data/raw/ravdess/video_speech/Video_Speech_Actor_06/Actor_06/02-01-08-02-02-02-06.mp4,6,train,08,7,surprise,02,02,02,02-01-08-02-02-02-06,canonical_02,/home/tonyhe/ravdess_avfusion/external/video_face_branch/early_fusion_facial_v2/fusion_pack_5f/sequences/02-01-08-02-02-02-06.npy,5,2048,02-01-08-02-02-02-06,canonical_02,5,7,surprise,0.020722409524023534,0.010409969743341208,0.010644622705876827,0.009179841168224812,0.008396151755005122,0.011209397949278355,0.010550270602107049,0.9188872933387756,1,1,1,complete
01-01-01-01-01-07,02-01-01-01-01-01-07,02-01-01-01-01-01-07,data/raw/ravdess/video_speech/Video_Speech_Actor_07/Actor_07/02-01-01-01-01-01-07.mp4,7,train,01,0,neutral,01,01,01,02-01-01-01-01-01-07,canonical_02,/home/tonyhe/ravdess_avfusion/external/video_face_branch/early_fusion_facial_v2/fusion_pack_5f/sequences/02-01-01-01-01-01-07.npy,5,2048,02-01-01-01-01-01-07,canonical_02,5,0,neutral,0.9622151494026184,0.004998723091557622,0.00457438281737268,0.006011298764497042,0.0050899402238428594,0.004786182707175612,0.00593818947672844,0.006386162713170052,1,1,1,complete
01-01-01-01-02-07,02-01-01-01-01-02-07,02-01-01-01-01-02-07,data/raw/ravdess/video_speech/Video_Speech_Actor_07/Actor_07/02-01-01-01-01-02-07.mp4,7,train,01,0,neutral,01,01,02,02-01-01-01-01-02-07,canonical_02,/home/tonyhe/ravdess_avfusion/external/video_face_branch/early_fusion_facial_v2/fusion_pack_5f/sequences/02-01-01-01-01-02-07.npy,5,2048,02-01-01-01-01-02-07,canonical_02,5,0,neutral,0.9581863284111023,0.006144997663795948,0.004894211050122976,0.007634036988019943,0.004435076052322984,0.005955575034022331,0.006330891605466604,0.006418894324451685,1,1,1,complete
01-01-01-02-01-07,02-01-01-01-02-01-07,02-01-01-01-02-01-07,data/raw/ravdess/video_speech/Video_Speech_Actor_07/Actor_07/02-01-01-01-02-01-07.mp4,7,train,01,0,neutral,01,02,01,02-01-01-01-02-01-07,canonical_02,/home/tonyhe/ravdess_avfusion/external/video_face_branch/early_fusion_facial_v2/fusion_pack_5f/sequences/02-01-01-01-02-01-07.npy,5,2048,02-01-01-01-02-01-07,canonical_02,5,0,neutral,0.9621402621269226,0.005391141213476658,0.005182134686037898,0.00559531832113862,0.005656376900151372,0.004640454333275557,0.005978014413267374,0.005416298564523458,1,1,1,complete
01-01-01-02-02-07,02-01-01-01-02-02-07,02-01-01-01-02-02-07,data/raw/ravdess/video_speech/Video_Speech_Actor_07/Actor_07/02-01-01-01-02-02-07.mp4,7,train,01,0,neutral,01,02,02,02-01-01-01-02-02-07,canonical_02,/home/tonyhe/ravdess_avfusion/external/video_face_branch/early_fusion_facial_v2/fusion_pack_5f/sequences/02-01-01-01-02-02-07.npy,5,2048,02-01-01-01-02-02-07,canonical_02,5,0,neutral,0.9611829400062561,0.004477841546759009,0.004683084040880203,0.00671096546575427,0.004798796074464917,0.005963783804327249,0.005318490322679281,0.0068641058169305325,1,1,1,complete
01-02-01-01-01-07,02-01-02-01-01-01-07,02-01-02-01-01-01-07,data/raw/ravdess/video_speech/Video_Speech_Actor_07/Actor_07/02-01-02-01-01-01-07.mp4,7,train,02,1,calm,01,01,01,02-01-02-01-01-01-07,canonical_02,/home/tonyhe/ravdess_avfusion/external/video_face_branch/early_fusion_facial_v2/fusion_pack_5f/sequences/02-01-02-01-01-01-07.npy,5,2048,02-01-02-01-01-01-07,canonical_02,5,1,calm,0.10290571562945842,0.8100239992141723,0.021406073495745657,0.013058378919959068,0.012602941412478686,0.010721949953585863,0.015956231951713563,0.01332473736256361,1,1,1,complete
01-02-01-01-02-07,02-01-02-01-01-02-07,02-01-02-01-01-02-07,data/raw/ravdess/video_speech/Video_Speech_Actor_07/Actor_07/02-01-02-01-01-02-07.mp4,7,train,02,1,calm,01,01,02,02-01-02-01-01-02-07,canonical_02,/home/tonyhe/ravdess_avfusion/external/video_face_branch/early_fusion_facial_v2/fusion_pack_5f/sequences/02-01-02-01-01-02-07.npy,5,2048,02-01-02-01-01-02-07,canonical_02,5,1,calm,0.026047586090862752,0.8755325675010681,0.016606758534908294,0.01644235271960497,0.016504001803696156,0.013632364012300969,0.015113246627151966,0.02012112978845835,1,1,1,complete
01-02-01-02-01-07,02-01-02-01-02-01-07,02-01-02-01-02-01-07,data/raw/ravdess/video_speech/Video_Speech_Actor_07/Actor_07/02-01-02-01-02-01-07.mp4,7,train,02,1,calm,01,02,01,02-01-02-01-02-01-07,canonical_02,/home/tonyhe/ravdess_avfusion/external/video_face_branch/early_fusion_facial_v2/fusion_pack_5f/sequences/02-01-02-01-02-01-07.npy,5,2048,02-01-02-01-02-01-07,canonical_02,5,1,calm,0.03367928303778171,0.8908018469810486,0.009764643013477325,0.013084579072892667,0.014250023663043976,0.010534383542835712,0.013899904675781727,0.013985316641628743,1,1,1,complete
01-02-01-02-02-07,02-01-02-01-02-02-07,02-01-02-01-02-02-07,data/raw/ravdess/video_speech/Video_Speech_Actor_07/Actor_07/02-01-02-01-02-02-07.mp4,7,train,02,1,calm,01,02,02,02-01-02-01-02-02-07,canonical_02,/home/tonyhe/ravdess_avfusion/external/video_face_branch/early_fusion_facial_v2/fusion_pack_5f/sequences/02-01-02-01-02-02-07.npy,5,2048,02-01-02-01-02-02-07,canonical_02,5,1,calm,0.06153779327869415,0.853146231174469,0.01270944345742464,0.01469470076262951,0.014989178162068129,0.01291896691545844,0.01505772341042757,0.014945962559431791,1,1,1,complete
01-02-02-01-01-07,02-01-02-02-01-01-07,02-01-02-02-01-01-07,data/raw/ravdess/video_speech/Video_Speech_Actor_07/Actor_07/02-01-02-02-01-01-07.mp4,7,train,02,1,calm,02,01,01,02-01-02-02-01-01-07,canonical_02,/home/tonyhe/ravdess_avfusion/external/video_face_branch/early_fusion_facial_v2/fusion_pack_5f/sequences/02-01-02-02-01-01-07.npy,5,2048,02-01-02-02-01-01-07,canonical_02,5,1,calm,0.034642037749290464,0.8812560915946961,0.01369526945054531,0.015105192363262177,0.014157617650926112,0.012933072447776795,0.013809438236057759,0.014401308633387089,1,1,1,complete
01-02-02-01-02-07,02-01-02-02-01-02-07,02-01-02-02-01-02-07,data/raw/ravdess/video_speech/Video_Speech_Actor_07/Actor_07/02-01-02-02-01-02-07.mp4,7,train,02,1,calm,02,01,02,02-01-02-02-01-02-07,canonical_02,/home/tonyhe/ravdess_avfusion/external/video_face_branch/early_fusion_facial_v2/fusion_pack_5f/sequences/02-01-02-02-01-02-07.npy,5,2048,02-01-02-02-01-02-07,canonical_02,5,1,calm,0.025629196688532828,0.8851225852966309,0.012454388290643692,0.016397953592240812,0.014075236767530442,0.01445318218320608,0.014974714815616607,0.016892752423882485,1,1,1,complete
01-02-02-02-01-07,02-01-02-02-02-01-07,02-01-02-02-02-01-07,data/raw/ravdess/video_speech/Video_Speech_Actor_07/Actor_07/02-01-02-02-02-01-07.mp4,7,train,02,1,calm,02,02,01,02-01-02-02-02-01-07,canonical_02,/home/tonyhe/ravdess_avfusion/external/video_face_branch/early_fusion_facial_v2/fusion_pack_5f/sequences/02-01-02-02-02-01-07.npy,5,2048,02-01-02-02-02-01-07,canonical_02,5,1,calm,0.027408577129244806,0.8702775955200195,0.02342175245285034,0.015571625716984273,0.01411682739853859,0.015162011422216893,0.016337400116026402,0.01770419701933861,1,1,1,complete
01-02-02-02-02-07,02-01-02-02-02-02-07,02-01-02-02-02-02-07,data/raw/ravdess/video_speech/Video_Speech_Actor_07/Actor_07/02-01-02-02-02-02-07.mp4,7,train,02,1,calm,02,02,02,02-01-02-02-02-02-07,canonical_02,/home/tonyhe/ravdess_avfusion/external/video_face_branch/early_fusion_facial_v2/fusion_pack_5f/sequences/02-01-02-02-02-02-07.npy,5,2048,02-01-02-02-02-02-07,canonical_02,5,1,calm,0.02869611568748951,0.8642274856567382,0.03443840425461531,0.015350120700895786,0.012129455432295799,0.013845291547477245,0.013016551919281482,0.018296599946916105,1,1,1,complete
01-03-01-01-01-07,02-01-03-01-01-01-07,02-01-03-01-01-01-07,data/raw/ravdess/video_speech/Video_Speech_Actor_07/Actor_07/02-01-03-01-01-01-07.mp4,7,train,03,2,happy,01,01,01,02-01-03-01-01-01-07,canonical_02,/home/tonyhe/ravdess_avfusion/external/video_face_branch/early_fusion_facial_v2/fusion_pack_5f/sequences/02-01-03-01-01-01-07.npy,5,2048,02-01-03-01-01-01-07,canonical_02,5,2,happy,0.021355951577425,0.021213475428521634,0.9073610186576844,0.009847367648035288,0.009321605600416661,0.009214607998728752,0.012943045236170292,0.008742938935756683,1,1,1,complete
01-03-01-01-02-07,02-01-03-01-01-02-07,02-01-03-01-01-02-07,data/raw/ravdess/video_speech/Video_Speech_Actor_07/Actor_07/02-01-03-01-01-02-07.mp4,7,train,03,2,happy,01,01,02,02-01-03-01-01-02-07,canonical_02,/home/tonyhe/ravdess_avfusion/external/video_face_branch/early_fusion_facial_v2/fusion_pack_5f/sequences/02-01-03-01-01-02-07.npy,5,2048,02-01-03-01-01-02-07,canonical_02,5,2,happy,0.09198676645755768,0.02279254626482725,0.8185134768486023,0.011270918417721987,0.016776751168072222,0.010429158248007298,0.011504108272492885,0.016726288199424743,1,1,1,complete
01-03-01-02-01-07,02-01-03-01-02-01-07,02-01-03-01-02-01-07,data/raw/ravdess/video_speech/Video_Speech_Actor_07/Actor_07/02-01-03-01-02-01-07.mp4,7,train,03,2,happy,01,02,01,02-01-03-01-02-01-07,canonical_02,/home/tonyhe/ravdess_avfusion/external/video_face_branch/early_fusion_facial_v2/fusion_pack_5f/sequences/02-01-03-01-02-01-07.npy,5,2048,02-01-03-01-02-01-07,canonical_02,5,2,happy,0.02084202170372009,0.01722457930445671,0.9150107145309448,0.009453494474291802,0.009651386365294456,0.00875380951911211,0.00922867963090539,0.009835311491042376,1,1,1,complete
01-03-01-02-02-07,02-01-03-01-02-02-07,02-01-03-01-02-02-07,data/raw/ravdess/video_speech/Video_Speech_Actor_07/Actor_07/02-01-03-01-02-02-07.mp4,7,train,03,2,happy,01,02,02,02-01-03-01-02-02-07,canonical_02,/home/tonyhe/ravdess_avfusion/external/video_face_branch/early_fusion_facial_v2/fusion_pack_5f/sequences/02-01-03-01-02-02-07.npy,5,2048,02-01-03-01-02-02-07,canonical_02,5,2,happy,0.023159687966108324,0.017297964729368686,0.9091118812561035,0.009924805164337159,0.010641699843108653,0.009608975797891616,0.010180571489036084,0.010074382368475198,1,1,1,complete
01-03-02-01-01-07,02-01-03-02-01-01-07,02-01-03-02-01-01-07,data/raw/ravdess/video_speech/Video_Speech_Actor_07/Actor_07/02-01-03-02-01-01-07.mp4,7,train,03,2,happy,02,01,01,02-01-03-02-01-01-07,canonical_02,/home/tonyhe/ravdess_avfusion/external/video_face_branch/early_fusion_facial_v2/fusion_pack_5f/sequences/02-01-03-02-01-01-07.npy,5,2048,02-01-03-02-01-01-07,canonical_02,5,2,happy,0.019014652445912363,0.0089856063015759,0.9203947067260743,0.011172064580023289,0.009380976669490337,0.009298892039805651,0.011250891722738743,0.010502210259437561,1,1,1,complete
01-03-02-01-02-07,02-01-03-02-01-02-07,02-01-03-02-01-02-07,data/raw/ravdess/video_speech/Video_Speech_Actor_07/Actor_07/02-01-03-02-01-02-07.mp4,7,train,03,2,happy,02,01,02,02-01-03-02-01-02-07,canonical_02,/home/tonyhe/ravdess_avfusion/external/video_face_branch/early_fusion_facial_v2/fusion_pack_5f/sequences/02-01-03-02-01-02-07.npy,5,2048,02-01-03-02-01-02-07,canonical_02,5,2,happy,0.02081218920648098,0.00883232718333602,0.8697547078132629,0.04973438885062933,0.009772376529872418,0.011167042143642902,0.01486232914030552,0.01506466679275036,1,1,1,complete
01-03-02-02-01-07,02-01-03-02-02-01-07,02-01-03-02-02-01-07,data/raw/ravdess/video_speech/Video_Speech_Actor_07/Actor_07/02-01-03-02-02-01-07.mp4,7,train,03,2,happy,02,02,01,02-01-03-02-02-01-07,canonical_02,/home/tonyhe/ravdess_avfusion/external/video_face_branch/early_fusion_facial_v2/fusion_pack_5f/sequences/02-01-03-02-02-01-07.npy,5,2048,02-01-03-02-02-01-07,canonical_02,5,2,happy,0.018987515568733217,0.010052565298974515,0.9185494780540466,0.011019996739923954,0.009134950581938028,0.01064859088510275,0.011047507636249065,0.010559421312063933,1,1,1,complete
01-03-02-02-02-07,02-01-03-02-02-02-07,02-01-03-02-02-02-07,data/raw/ravdess/video_speech/Video_Speech_Actor_07/Actor_07/02-01-03-02-02-02-07.mp4,7,train,03,2,happy,02,02,02,02-01-03-02-02-02-07,canonical_02,/home/tonyhe/ravdess_avfusion/external/video_face_branch/early_fusion_facial_v2/fusion_pack_5f/sequences/02-01-03-02-02-02-07.npy,5,2048,02-01-03-02-02-02-07,canonical_02,5,2,happy,0.01889939233660698,0.00966668576002121,0.9228025197982788,0.010395231284201145,0.008551665861159564,0.00897027887403965,0.010890066251158714,0.009824149776250124,1,1,1,complete
01-04-01-01-01-07,02-01-04-01-01-01-07,02-01-04-01-01-01-07,data/raw/ravdess/video_speech/Video_Speech_Actor_07/Actor_07/02-01-04-01-01-01-07.mp4,7,train,04,3,sad,01,01,01,02-01-04-01-01-01-07,canonical_02,/home/tonyhe/ravdess_avfusion/external/video_face_branch/early_fusion_facial_v2/fusion_pack_5f/sequences/02-01-04-01-01-01-07.npy,5,2048,02-01-04-01-01-01-07,canonical_02,5,3,sad,0.020756927877664567,0.013700323738157749,0.014240840449929237,0.9004398584365845,0.009664634894579648,0.011517798248678445,0.01770322844386101,0.011976413428783417,1,1,1,complete
01-04-01-01-02-07,02-01-04-01-01-02-07,02-01-04-01-01-02-07,data/raw/ravdess/video_speech/Video_Speech_Actor_07/Actor_07/02-01-04-01-01-02-07.mp4,7,train,04,3,sad,01,01,02,02-01-04-01-01-02-07,canonical_02,/home/tonyhe/ravdess_avfusion/external/video_face_branch/early_fusion_facial_v2/fusion_pack_5f/sequences/02-01-04-01-01-02-07.npy,5,2048,02-01-04-01-01-02-07,canonical_02,5,3,sad,0.023459998518228532,0.01087362002581358,0.01090206801891327,0.9066142678260803,0.010282712243497371,0.009738318622112274,0.01710551045835018,0.011023464985191822,1,1,1,complete
01-04-01-02-01-07,02-01-04-01-02-01-07,02-01-04-01-02-01-07,data/raw/ravdess/video_speech/Video_Speech_Actor_07/Actor_07/02-01-04-01-02-01-07.mp4,7,train,04,3,sad,01,02,01,02-01-04-01-02-01-07,canonical_02,/home/tonyhe/ravdess_avfusion/external/video_face_branch/early_fusion_facial_v2/fusion_pack_5f/sequences/02-01-04-01-02-01-07.npy,5,2048,02-01-04-01-02-01-07,canonical_02,5,3,sad,0.023237110674381257,0.008745623379945755,0.012264247611165046,0.9099426627159118,0.010806417278945445,0.008037160616368055,0.01379418969154358,0.013172596879303455,1,1,1,complete
01-04-01-02-02-07,02-01-04-01-02-02-07,02-01-04-01-02-02-07,data/raw/ravdess/video_speech/Video_Speech_Actor_07/Actor_07/02-01-04-01-02-02-07.mp4,7,train,04,3,sad,01,02,02,02-01-04-01-02-02-07,canonical_02,/home/tonyhe/ravdess_avfusion/external/video_face_branch/early_fusion_facial_v2/fusion_pack_5f/sequences/02-01-04-01-02-02-07.npy,5,2048,02-01-04-01-02-02-07,canonical_02,5,3,sad,0.024288515001535414,0.011208647675812245,0.013574724085628986,0.9003975868225098,0.012059388868510722,0.012635394744575024,0.014761623926460743,0.01107410080730915,1,1,1,complete
01-04-02-01-01-07,02-01-04-02-01-01-07,02-01-04-02-01-01-07,data/raw/ravdess/video_speech/Video_Speech_Actor_07/Actor_07/02-01-04-02-01-01-07.mp4,7,train,04,3,sad,02,01,01,02-01-04-02-01-01-07,canonical_02,/home/tonyhe/ravdess_avfusion/external/video_face_branch/early_fusion_facial_v2/fusion_pack_5f/sequences/02-01-04-02-01-01-07.npy,5,2048,02-01-04-02-01-01-07,canonical_02,5,3,sad,0.021006262674927712,0.009611689951270819,0.011509394459426402,0.8999322414398193,0.012683750689029693,0.00925366384908557,0.023897308111190795,0.012105660885572434,1,1,1,complete
01-04-02-01-02-07,02-01-04-02-01-02-07,02-01-04-02-01-02-07,data/raw/ravdess/video_speech/Video_Speech_Actor_07/Actor_07/02-01-04-02-01-02-07.mp4,7,train,04,3,sad,02,01,02,02-01-04-02-01-02-07,canonical_02,/home/tonyhe/ravdess_avfusion/external/video_face_branch/early_fusion_facial_v2/fusion_pack_5f/sequences/02-01-04-02-01-02-07.npy,5,2048,02-01-04-02-01-02-07,canonical_02,5,3,sad,0.023511599749326706,0.01086424645036459,0.011326136905699969,0.8796021103858948,0.012879217229783534,0.008422036468982697,0.04014396220445633,0.013250644691288472,1,1,1,complete
01-04-02-02-01-07,02-01-04-02-02-01-07,02-01-04-02-02-01-07,data/raw/ravdess/video_speech/Video_Speech_Actor_07/Actor_07/02-01-04-02-02-01-07.mp4,7,train,04,3,sad,02,02,01,02-01-04-02-02-01-07,canonical_02,/home/tonyhe/ravdess_avfusion/external/video_face_branch/early_fusion_facial_v2/fusion_pack_5f/sequences/02-01-04-02-02-01-07.npy,5,2048,02-01-04-02-02-01-07,canonical_02,5,3,sad,0.025093213096261023,0.012690511532127857,0.01366159189492464,0.8629848599433899,0.012375746667385102,0.008891484420746564,0.056162412837147714,0.008140193484723567,1,1,1,complete
01-04-02-02-02-07,02-01-04-02-02-02-07,02-01-04-02-02-02-07,data/raw/ravdess/video_speech/Video_Speech_Actor_07/Actor_07/02-01-04-02-02-02-07.mp4,7,train,04,3,sad,02,02,02,02-01-04-02-02-02-07,canonical_02,/home/tonyhe/ravdess_avfusion/external/video_face_branch/early_fusion_facial_v2/fusion_pack_5f/sequences/02-01-04-02-02-02-07.npy,5,2048,02-01-04-02-02-02-07,canonical_02,5,3,sad,0.025064794719219206,0.009362348541617393,0.014640606939792633,0.8992766380310059,0.011680428870022297,0.00801464170217514,0.023944076150655746,0.00801644348539412,1,1,1,complete
01-05-01-01-01-07,02-01-05-01-01-01-07,02-01-05-01-01-01-07,data/raw/ravdess/video_speech/Video_Speech_Actor_07/Actor_07/02-01-05-01-01-01-07.mp4,7,train,05,4,angry,01,01,01,02-01-05-01-01-01-07,canonical_02,/home/tonyhe/ravdess_avfusion/external/video_face_branch/early_fusion_facial_v2/fusion_pack_5f/sequences/02-01-05-01-01-01-07.npy,5,2048,02-01-05-01-01-01-07,canonical_02,5,4,angry,0.023035817220807074,0.011126565281301737,0.008313939720392228,0.010022790357470512,0.9166256427764893,0.00758092813193798,0.014224892109632492,0.009069406427443027,1,1,1,complete
01-05-01-01-02-07,02-01-05-01-01-02-07,02-01-05-01-01-02-07,data/raw/ravdess/video_speech/Video_Speech_Actor_07/Actor_07/02-01-05-01-01-02-07.mp4,7,train,05,4,angry,01,01,02,02-01-05-01-01-02-07,canonical_02,/home/tonyhe/ravdess_avfusion/external/video_face_branch/early_fusion_facial_v2/fusion_pack_5f/sequences/02-01-05-01-01-02-07.npy,5,2048,02-01-05-01-01-02-07,canonical_02,5,4,angry,0.022306929901242258,0.012423835135996342,0.008516319375485183,0.009938483871519566,0.9148520827293396,0.008353341370821,0.012828927859663964,0.010780044179409743,1,1,1,complete
01-05-01-02-01-07,02-01-05-01-02-01-07,02-01-05-01-02-01-07,data/raw/ravdess/video_speech/Video_Speech_Actor_07/Actor_07/02-01-05-01-02-01-07.mp4,7,train,05,4,angry,01,02,01,02-01-05-01-02-01-07,canonical_02,/home/tonyhe/ravdess_avfusion/external/video_face_branch/early_fusion_facial_v2/fusion_pack_5f/sequences/02-01-05-01-02-01-07.npy,5,2048,02-01-05-01-02-01-07,canonical_02,5,4,angry,0.024548638239502908,0.01283471342176199,0.010466742515563964,0.009381487779319287,0.8981450796127319,0.00854690782725811,0.027003246545791625,0.009073209203779697,1,1,1,complete
01-05-01-02-02-07,02-01-05-01-02-02-07,02-01-05-01-02-02-07,data/raw/ravdess/video_speech/Video_Speech_Actor_07/Actor_07/02-01-05-01-02-02-07.mp4,7,train,05,4,angry,01,02,02,02-01-05-01-02-02-07,canonical_02,/home/tonyhe/ravdess_avfusion/external/video_face_branch/early_fusion_facial_v2/fusion_pack_5f/sequences/02-01-05-01-02-02-07.npy,5,2048,02-01-05-01-02-02-07,canonical_02,5,4,angry,0.021348989009857176,0.010496164672076702,0.008130163047462701,0.008511431328952313,0.9235469818115234,0.00752501655369997,0.011311665084213019,0.009129602462053299,1,1,1,complete
01-05-02-01-01-07,02-01-05-02-01-01-07,02-01-05-02-01-01-07,data/raw/ravdess/video_speech/Video_Speech_Actor_07/Actor_07/02-01-05-02-01-01-07.mp4,7,train,05,4,angry,02,01,01,02-01-05-02-01-01-07,canonical_02,/home/tonyhe/ravdess_avfusion/external/video_face_branch/early_fusion_facial_v2/fusion_pack_5f/sequences/02-01-05-02-01-01-07.npy,5,2048,02-01-05-02-01-01-07,canonical_02,5,4,angry,0.02156338468194008,0.011017397604882717,0.00833396501839161,0.008916550315916538,0.9186910510063171,0.008807310182601214,0.012068967148661614,0.01060139648616314,1,1,1,complete
01-05-02-01-02-07,02-01-05-02-01-02-07,02-01-05-02-01-02-07,data/raw/ravdess/video_speech/Video_Speech_Actor_07/Actor_07/02-01-05-02-01-02-07.mp4,7,train,05,4,angry,02,01,02,02-01-05-02-01-02-07,canonical_02,/home/tonyhe/ravdess_avfusion/external/video_face_branch/early_fusion_facial_v2/fusion_pack_5f/sequences/02-01-05-02-01-02-07.npy,5,2048,02-01-05-02-01-02-07,canonical_02,5,4,angry,0.022333788871765136,0.012886234372854233,0.010032177437096834,0.011394920013844966,0.9098371148109436,0.0094906035810709,0.013372693583369255,0.010652473382651805,1,1,1,complete
01-05-02-02-01-07,02-01-05-02-02-01-07,02-01-05-02-02-01-07,data/raw/ravdess/video_speech/Video_Speech_Actor_07/Actor_07/02-01-05-02-02-01-07.mp4,7,train,05,4,angry,02,02,01,02-01-05-02-02-01-07,canonical_02,/home/tonyhe/ravdess_avfusion/external/video_face_branch/early_fusion_facial_v2/fusion_pack_5f/sequences/02-01-05-02-02-01-07.npy,5,2048,02-01-05-02-02-01-07,canonical_02,5,4,angry,0.023238026723265647,0.013732165470719338,0.011574451252818108,0.009842544049024581,0.9028830766677857,0.00878401966765523,0.01415312271565199,0.01579258907586336,1,1,1,complete
01-05-02-02-02-07,02-01-05-02-02-02-07,02-01-05-02-02-02-07,data/raw/ravdess/video_speech/Video_Speech_Actor_07/Actor_07/02-01-05-02-02-02-07.mp4,7,train,05,4,angry,02,02,02,02-01-05-02-02-02-07,canonical_02,/home/tonyhe/ravdess_avfusion/external/video_face_branch/early_fusion_facial_v2/fusion_pack_5f/sequences/02-01-05-02-02-02-07.npy,5,2048,02-01-05-02-02-02-07,canonical_02,5,4,angry,0.02184980660676956,0.01306980922818184,0.010864612460136414,0.01068508941680193,0.9134315133094788,0.00783108901232481,0.012496202811598777,0.00977186458185315,1,1,1,complete
01-06-01-01-01-07,02-01-06-01-01-01-07,02-01-06-01-01-01-07,data/raw/ravdess/video_speech/Video_Speech_Actor_07/Actor_07/02-01-06-01-01-01-07.mp4,7,train,06,5,fearful,01,01,01,02-01-06-01-01-01-07,canonical_02,/home/tonyhe/ravdess_avfusion/external/video_face_branch/early_fusion_facial_v2/fusion_pack_5f/sequences/02-01-06-01-01-01-07.npy,5,2048,02-01-06-01-01-01-07,canonical_02,5,5,fearful,0.019541043415665628,0.011371970735490322,0.010955210961401462,0.009816719405353069,0.005489761801436543,0.9211434721946716,0.011512525845319033,0.01016926346346736,1,1,1,complete
01-06-01-01-02-07,02-01-06-01-01-02-07,02-01-06-01-01-02-07,data/raw/ravdess/video_speech/Video_Speech_Actor_07/Actor_07/02-01-06-01-01-02-07.mp4,7,train,06,5,fearful,01,01,02,02-01-06-01-01-02-07,canonical_02,/home/tonyhe/ravdess_avfusion/external/video_face_branch/early_fusion_facial_v2/fusion_pack_5f/sequences/02-01-06-01-01-02-07.npy,5,2048,02-01-06-01-01-02-07,canonical_02,5,5,fearful,0.02262798547744751,0.012788203358650208,0.013294592499732971,0.015196765959262847,0.006991466321051121,0.907935905456543,0.013209093548357486,0.007955987192690372,1,1,1,complete
01-06-01-02-01-07,02-01-06-01-02-01-07,02-01-06-01-02-01-07,data/raw/ravdess/video_speech/Video_Speech_Actor_07/Actor_07/02-01-06-01-02-01-07.mp4,7,train,06,5,fearful,01,02,01,02-01-06-01-02-01-07,canonical_02,/home/tonyhe/ravdess_avfusion/external/video_face_branch/early_fusion_facial_v2/fusion_pack_5f/sequences/02-01-06-01-02-01-07.npy,5,2048,02-01-06-01-02-01-07,canonical_02,5,5,fearful,0.02180437557399273,0.012272747978568078,0.013168678060173989,0.020649649575352667,0.006573617551475763,0.9024772763252258,0.014412963576614857,0.008640683908015489,1,1,1,complete
01-06-01-02-02-07,02-01-06-01-02-02-07,02-01-06-01-02-02-07,data/raw/ravdess/video_speech/Video_Speech_Actor_07/Actor_07/02-01-06-01-02-02-07.mp4,7,train,06,5,fearful,01,02,02,02-01-06-01-02-02-07,canonical_02,/home/tonyhe/ravdess_avfusion/external/video_face_branch/early_fusion_facial_v2/fusion_pack_5f/sequences/02-01-06-01-02-02-07.npy,5,2048,02-01-06-01-02-02-07,canonical_02,5,5,fearful,0.019821179285645484,0.010649384930729866,0.010894310101866722,0.01133409533649683,0.006412119325250387,0.9213985443115235,0.011196772195398807,0.008293579146265984,1,1,1,complete
01-06-02-01-01-07,02-01-06-02-01-01-07,02-01-06-02-01-01-07,data/raw/ravdess/video_speech/Video_Speech_Actor_07/Actor_07/02-01-06-02-01-01-07.mp4,7,train,06,5,fearful,02,01,01,02-01-06-02-01-01-07,canonical_02,/home/tonyhe/ravdess_avfusion/external/video_face_branch/early_fusion_facial_v2/fusion_pack_5f/sequences/02-01-06-02-01-01-07.npy,5,2048,02-01-06-02-01-01-07,canonical_02,5,5,fearful,0.02052801214158535,0.00962122082710266,0.012248335406184196,0.014086364582180978,0.006678644940257073,0.9164038062095642,0.011827990598976611,0.008605661895126104,1,1,1,complete
01-06-02-01-02-07,02-01-06-02-01-02-07,02-01-06-02-01-02-07,data/raw/ravdess/video_speech/Video_Speech_Actor_07/Actor_07/02-01-06-02-01-02-07.mp4,7,train,06,5,fearful,02,01,02,02-01-06-02-01-02-07,canonical_02,/home/tonyhe/ravdess_avfusion/external/video_face_branch/early_fusion_facial_v2/fusion_pack_5f/sequences/02-01-06-02-01-02-07.npy,5,2048,02-01-06-02-01-02-07,canonical_02,5,5,fearful,0.02321493849158287,0.01032374482601881,0.010768960695713758,0.011941351741552354,0.006877221586182714,0.9108194947242737,0.01429375922307372,0.011760545521974563,1,1,1,complete
01-06-02-02-01-07,02-01-06-02-02-01-07,02-01-06-02-02-01-07,data/raw/ravdess/video_speech/Video_Speech_Actor_07/Actor_07/02-01-06-02-02-01-07.mp4,7,train,06,5,fearful,02,02,01,02-01-06-02-02-01-07,canonical_02,/home/tonyhe/ravdess_avfusion/external/video_face_branch/early_fusion_facial_v2/fusion_pack_5f/sequences/02-01-06-02-02-01-07.npy,5,2048,02-01-06-02-02-01-07,canonical_02,5,5,fearful,0.021928415820002555,0.01146937683224678,0.012330201268196107,0.013784020394086837,0.008498501870781184,0.9090209007263184,0.011960290744900704,0.011008282750844955,1,1,1,complete
01-06-02-02-02-07,02-01-06-02-02-02-07,02-01-06-02-02-02-07,data/raw/ravdess/video_speech/Video_Speech_Actor_07/Actor_07/02-01-06-02-02-02-07.mp4,7,train,06,5,fearful,02,02,02,02-01-06-02-02-02-07,canonical_02,/home/tonyhe/ravdess_avfusion/external/video_face_branch/early_fusion_facial_v2/fusion_pack_5f/sequences/02-01-06-02-02-02-07.npy,5,2048,02-01-06-02-02-02-07,canonical_02,5,5,fearful,0.020566964894533156,0.010962833091616631,0.010171555913984776,0.009141007997095585,0.007268045004457236,0.9212951183319091,0.012451045401394367,0.008143469877541065,1,1,1,complete
01-07-01-01-01-07,02-01-07-01-01-01-07,02-01-07-01-01-01-07,data/raw/ravdess/video_speech/Video_Speech_Actor_07/Actor_07/02-01-07-01-01-01-07.mp4,7,train,07,6,disgust,01,01,01,02-01-07-01-01-01-07,canonical_02,/home/tonyhe/ravdess_avfusion/external/video_face_branch/early_fusion_facial_v2/fusion_pack_5f/sequences/02-01-07-01-01-01-07.npy,5,2048,02-01-07-01-01-01-07,canonical_02,5,6,disgust,0.01807049922645092,0.010929657891392709,0.00888254577293992,0.00952925644814968,0.00968739204108715,0.008399196900427341,0.9229995965957641,0.011501803249120712,1,1,1,complete
01-07-01-01-02-07,02-01-07-01-01-02-07,02-01-07-01-01-02-07,data/raw/ravdess/video_speech/Video_Speech_Actor_07/Actor_07/02-01-07-01-01-02-07.mp4,7,train,07,6,disgust,01,01,02,02-01-07-01-01-02-07,canonical_02,/home/tonyhe/ravdess_avfusion/external/video_face_branch/early_fusion_facial_v2/fusion_pack_5f/sequences/02-01-07-01-01-02-07.npy,5,2048,02-01-07-01-01-02-07,canonical_02,5,6,disgust,0.019381206855177878,0.009579486586153508,0.008741643838584423,0.010026409104466439,0.009625754784792662,0.00884268069639802,0.9232925534248352,0.010510247386991977,1,1,1,complete
01-07-01-02-01-07,02-01-07-01-02-01-07,02-01-07-01-02-01-07,data/raw/ravdess/video_speech/Video_Speech_Actor_07/Actor_07/02-01-07-01-02-01-07.mp4,7,train,07,6,disgust,01,02,01,02-01-07-01-02-01-07,canonical_02,/home/tonyhe/ravdess_avfusion/external/video_face_branch/early_fusion_facial_v2/fusion_pack_5f/sequences/02-01-07-01-02-01-07.npy,5,2048,02-01-07-01-02-01-07,canonical_02,5,6,disgust,0.01706200893968344,0.00919811949133873,0.007096091657876969,0.010685814823955298,0.007327439729124308,0.007588284369558096,0.9335545897483826,0.007487669680267572,1,1,1,complete
01-07-01-02-02-07,02-01-07-01-02-02-07,02-01-07-01-02-02-07,data/raw/ravdess/video_speech/Video_Speech_Actor_07/Actor_07/02-01-07-01-02-02-07.mp4,7,train,07,6,disgust,01,02,02,02-01-07-01-02-02-07,canonical_02,/home/tonyhe/ravdess_avfusion/external/video_face_branch/early_fusion_facial_v2/fusion_pack_5f/sequences/02-01-07-01-02-02-07.npy,5,2048,02-01-07-01-02-02-07,canonical_02,5,6,disgust,0.01992473714053631,0.009976742789149284,0.008811939042061567,0.01004209266975522,0.011012120544910431,0.010274779424071312,0.9194944620132446,0.010463109984993935,1,1,1,complete
01-07-02-01-01-07,02-01-07-02-01-01-07,02-01-07-02-01-01-07,data/raw/ravdess/video_speech/Video_Speech_Actor_07/Actor_07/02-01-07-02-01-01-07.mp4,7,train,07,6,disgust,02,01,01,02-01-07-02-01-01-07,canonical_02,/home/tonyhe/ravdess_avfusion/external/video_face_branch/early_fusion_facial_v2/fusion_pack_5f/sequences/02-01-07-02-01-01-07.npy,5,2048,02-01-07-02-01-01-07,canonical_02,5,6,disgust,0.015471862442791463,0.00811752574518323,0.0078121602535247804,0.007684711553156376,0.007026542257517576,0.007335002813488245,0.9379111647605896,0.008641010243445634,1,1,1,complete
01-07-02-01-02-07,02-01-07-02-01-02-07,02-01-07-02-01-02-07,data/raw/ravdess/video_speech/Video_Speech_Actor_07/Actor_07/02-01-07-02-01-02-07.mp4,7,train,07,6,disgust,02,01,02,02-01-07-02-01-02-07,canonical_02,/home/tonyhe/ravdess_avfusion/external/video_face_branch/early_fusion_facial_v2/fusion_pack_5f/sequences/02-01-07-02-01-02-07.npy,5,2048,02-01-07-02-01-02-07,canonical_02,5,6,disgust,0.01611760389059782,0.007804608251899481,0.006146981194615364,0.007739384938031435,0.009362784028053284,0.007998619601130486,0.9364630579948425,0.00836696857586503,1,1,1,complete
01-07-02-02-01-07,02-01-07-02-02-01-07,02-01-07-02-02-01-07,data/raw/ravdess/video_speech/Video_Speech_Actor_07/Actor_07/02-01-07-02-02-01-07.mp4,7,train,07,6,disgust,02,02,01,02-01-07-02-02-01-07,canonical_02,/home/tonyhe/ravdess_avfusion/external/video_face_branch/early_fusion_facial_v2/fusion_pack_5f/sequences/02-01-07-02-02-01-07.npy,5,2048,02-01-07-02-02-01-07,canonical_02,5,6,disgust,0.018351388350129127,0.00978365670889616,0.008001548796892166,0.010631181113421918,0.008352364785969258,0.008643992152065039,0.9262538433074952,0.00998199786990881,1,1,1,complete
01-07-02-02-02-07,02-01-07-02-02-02-07,02-01-07-02-02-02-07,data/raw/ravdess/video_speech/Video_Speech_Actor_07/Actor_07/02-01-07-02-02-02-07.mp4,7,train,07,6,disgust,02,02,02,02-01-07-02-02-02-07,canonical_02,/home/tonyhe/ravdess_avfusion/external/video_face_branch/early_fusion_facial_v2/fusion_pack_5f/sequences/02-01-07-02-02-02-07.npy,5,2048,02-01-07-02-02-02-07,canonical_02,5,6,disgust,0.019106826186180113,0.0087006863206625,0.006970582064241171,0.009735787473618984,0.008441140130162238,0.007644792832434177,0.9283525347709656,0.011047659628093242,1,1,1,complete
01-08-01-01-01-07,02-01-08-01-01-01-07,02-01-08-01-01-01-07,data/raw/ravdess/video_speech/Video_Speech_Actor_07/Actor_07/02-01-08-01-01-01-07.mp4,7,train,08,7,surprise,01,01,01,02-01-08-01-01-01-07,canonical_02,/home/tonyhe/ravdess_avfusion/external/video_face_branch/early_fusion_facial_v2/fusion_pack_5f/sequences/02-01-08-01-01-01-07.npy,5,2048,02-01-08-01-01-01-07,canonical_02,5,7,surprise,0.01782701928168535,0.007542371656745673,0.008277489803731441,0.011453594081103802,0.008900423254817724,0.009931838139891624,0.011043829470872879,0.9250234365463257,1,1,1,complete
01-08-01-01-02-07,02-01-08-01-01-02-07,02-01-08-01-01-02-07,data/raw/ravdess/video_speech/Video_Speech_Actor_07/Actor_07/02-01-08-01-01-02-07.mp4,7,train,08,7,surprise,01,01,02,02-01-08-01-01-02-07,canonical_02,/home/tonyhe/ravdess_avfusion/external/video_face_branch/early_fusion_facial_v2/fusion_pack_5f/sequences/02-01-08-01-01-02-07.npy,5,2048,02-01-08-01-01-02-07,canonical_02,5,7,surprise,0.016942671686410903,0.008073030970990658,0.008474058844149113,0.010114105325192213,0.008922615833580495,0.007507951837033034,0.011019716411828995,0.9289458751678467,1,1,1,complete
01-08-01-02-01-07,02-01-08-01-02-01-07,02-01-08-01-02-01-07,data/raw/ravdess/video_speech/Video_Speech_Actor_07/Actor_07/02-01-08-01-02-01-07.mp4,7,train,08,7,surprise,01,02,01,02-01-08-01-02-01-07,canonical_02,/home/tonyhe/ravdess_avfusion/external/video_face_branch/early_fusion_facial_v2/fusion_pack_5f/sequences/02-01-08-01-02-01-07.npy,5,2048,02-01-08-01-02-01-07,canonical_02,5,7,surprise,0.018581509590148926,0.009768789168447256,0.009535865858197212,0.011197075247764587,0.00910458704456687,0.00768253980204463,0.014661174267530441,0.9194684267044068,1,1,1,complete
01-08-01-02-02-07,02-01-08-01-02-02-07,02-01-08-01-02-02-07,data/raw/ravdess/video_speech/Video_Speech_Actor_07/Actor_07/02-01-08-01-02-02-07.mp4,7,train,08,7,surprise,01,02,02,02-01-08-01-02-02-07,canonical_02,/home/tonyhe/ravdess_avfusion/external/video_face_branch/early_fusion_facial_v2/fusion_pack_5f/sequences/02-01-08-01-02-02-07.npy,5,2048,02-01-08-01-02-02-07,canonical_02,5,7,surprise,0.017923010513186455,0.008982367627322674,0.00975466575473547,0.011114277318120003,0.011096179112792015,0.008391985762864351,0.010872101970016956,0.9218653917312623,1,1,1,complete
01-08-02-01-01-07,02-01-08-02-01-01-07,02-01-08-02-01-01-07,data/raw/ravdess/video_speech/Video_Speech_Actor_07/Actor_07/02-01-08-02-01-01-07.mp4,7,train,08,7,surprise,02,01,01,02-01-08-02-01-01-07,canonical_02,/home/tonyhe/ravdess_avfusion/external/video_face_branch/early_fusion_facial_v2/fusion_pack_5f/sequences/02-01-08-02-01-01-07.npy,5,2048,02-01-08-02-01-01-07,canonical_02,5,7,surprise,0.019790221005678177,0.011856139823794364,0.015818998403847217,0.010849788039922714,0.01263248808681965,0.011886611487716437,0.012969106622040271,0.904196584224701,1,1,1,complete
01-08-02-01-02-07,02-01-08-02-01-02-07,02-01-08-02-01-02-07,data/raw/ravdess/video_speech/Video_Speech_Actor_07/Actor_07/02-01-08-02-01-02-07.mp4,7,train,08,7,surprise,02,01,02,02-01-08-02-01-02-07,canonical_02,/home/tonyhe/ravdess_avfusion/external/video_face_branch/early_fusion_facial_v2/fusion_pack_5f/sequences/02-01-08-02-01-02-07.npy,5,2048,02-01-08-02-01-02-07,canonical_02,5,7,surprise,0.01973561979830265,0.009008776862174273,0.011756660044193267,0.008917881548404694,0.007988915126770735,0.009966145176440478,0.011830117832869292,0.9207958459854126,1,1,1,complete
01-08-02-02-01-07,02-01-08-02-02-01-07,02-01-08-02-02-01-07,data/raw/ravdess/video_speech/Video_Speech_Actor_07/Actor_07/02-01-08-02-02-01-07.mp4,7,train,08,7,surprise,02,02,01,02-01-08-02-02-01-07,canonical_02,/home/tonyhe/ravdess_avfusion/external/video_face_branch/early_fusion_facial_v2/fusion_pack_5f/sequences/02-01-08-02-02-01-07.npy,5,2048,02-01-08-02-02-01-07,canonical_02,5,7,surprise,0.019427666254341603,0.011140595935285092,0.013425415381789207,0.010801843088120221,0.011806580051779748,0.01270940713584423,0.012893401831388474,0.9077950835227966,1,1,1,complete
01-08-02-02-02-07,02-01-08-02-02-02-07,02-01-08-02-02-02-07,data/raw/ravdess/video_speech/Video_Speech_Actor_07/Actor_07/02-01-08-02-02-02-07.mp4,7,train,08,7,surprise,02,02,02,02-01-08-02-02-02-07,canonical_02,/home/tonyhe/ravdess_avfusion/external/video_face_branch/early_fusion_facial_v2/fusion_pack_5f/sequences/02-01-08-02-02-02-07.npy,5,2048,02-01-08-02-02-02-07,canonical_02,5,7,surprise,0.021347450278699397,0.00982296746224165,0.01154411155730486,0.01019542310386896,0.016635548416525127,0.010917442105710506,0.012828565947711468,0.9067084670066834,1,1,1,complete
01-01-01-01-01-08,02-01-01-01-01-01-08,02-01-01-01-01-01-08,data/raw/ravdess/video_speech/Video_Speech_Actor_08/Actor_08/02-01-01-01-01-01-08.mp4,8,train,01,0,neutral,01,01,01,02-01-01-01-01-01-08,canonical_02,/home/tonyhe/ravdess_avfusion/external/video_face_branch/early_fusion_facial_v2/fusion_pack_5f/sequences/02-01-01-01-01-01-08.npy,5,2048,02-01-01-01-01-01-08,canonical_02,5,0,neutral,0.9598996043205261,0.0037791285663843154,0.0039036328438669444,0.007887201244011521,0.00756134232506156,0.004743265314027667,0.005628040572628379,0.006597802601754665,1,1,1,complete
01-01-01-01-02-08,02-01-01-01-01-02-08,02-01-01-01-01-02-08,data/raw/ravdess/video_speech/Video_Speech_Actor_08/Actor_08/02-01-01-01-01-02-08.mp4,8,train,01,0,neutral,01,01,02,02-01-01-01-01-02-08,canonical_02,/home/tonyhe/ravdess_avfusion/external/video_face_branch/early_fusion_facial_v2/fusion_pack_5f/sequences/02-01-01-01-01-02-08.npy,5,2048,02-01-01-01-01-02-08,canonical_02,5,0,neutral,0.9646124005317688,0.003662699507549405,0.004646597942337394,0.006076024658977985,0.004568056156858802,0.0049085046630352736,0.005376112693920731,0.006149600865319372,1,1,1,complete
01-01-01-02-01-08,02-01-01-01-02-01-08,02-01-01-01-02-01-08,data/raw/ravdess/video_speech/Video_Speech_Actor_08/Actor_08/02-01-01-01-02-01-08.mp4,8,train,01,0,neutral,01,02,01,02-01-01-01-02-01-08,canonical_02,/home/tonyhe/ravdess_avfusion/external/video_face_branch/early_fusion_facial_v2/fusion_pack_5f/sequences/02-01-01-01-02-01-08.npy,5,2048,02-01-01-01-02-01-08,canonical_02,5,0,neutral,0.9643352508544922,0.004012294998392463,0.004828488966450095,0.005981212761253118,0.003768780967220664,0.0047215609811246395,0.005041677225381136,0.007310739066451788,1,1,1,complete
01-01-01-02-02-08,02-01-01-01-02-02-08,02-01-01-01-02-02-08,data/raw/ravdess/video_speech/Video_Speech_Actor_08/Actor_08/02-01-01-01-02-02-08.mp4,8,train,01,0,neutral,01,02,02,02-01-01-01-02-02-08,canonical_02,/home/tonyhe/ravdess_avfusion/external/video_face_branch/early_fusion_facial_v2/fusion_pack_5f/sequences/02-01-01-01-02-02-08.npy,5,2048,02-01-01-01-02-02-08,canonical_02,5,0,neutral,0.9685822486877441,0.0033575822599232197,0.0038778890389949082,0.005735164228826761,0.00421693385578692,0.004147063381969929,0.00423695920035243,0.005846140487119555,1,1,1,complete
01-02-01-01-01-08,02-01-02-01-01-01-08,02-01-02-01-01-01-08,data/raw/ravdess/video_speech/Video_Speech_Actor_08/Actor_08/02-01-02-01-01-01-08.mp4,8,train,02,1,calm,01,01,01,02-01-02-01-01-01-08,canonical_02,/home/tonyhe/ravdess_avfusion/external/video_face_branch/early_fusion_facial_v2/fusion_pack_5f/sequences/02-01-02-01-01-01-08.npy,5,2048,02-01-02-01-01-01-08,canonical_02,5,1,calm,0.030299586430191993,0.8869146108627319,0.012348341383039951,0.011865894496440887,0.014368948619812727,0.012089937273412944,0.014740313403308392,0.017372355796396732,1,1,1,complete
01-02-01-01-02-08,02-01-02-01-01-02-08,02-01-02-01-01-02-08,data/raw/ravdess/video_speech/Video_Speech_Actor_08/Actor_08/02-01-02-01-01-02-08.mp4,8,train,02,1,calm,01,01,02,02-01-02-01-01-02-08,canonical_02,/home/tonyhe/ravdess_avfusion/external/video_face_branch/early_fusion_facial_v2/fusion_pack_5f/sequences/02-01-02-01-01-02-08.npy,5,2048,02-01-02-01-01-02-08,canonical_02,5,1,calm,0.04473056010901928,0.8079344272613526,0.011072906292974949,0.03778114039450884,0.00977102890610695,0.010981014464050531,0.01681013535708189,0.06091879159212112,1,1,1,complete
01-02-01-02-01-08,02-01-02-01-02-01-08,02-01-02-01-02-01-08,data/raw/ravdess/video_speech/Video_Speech_Actor_08/Actor_08/02-01-02-01-02-01-08.mp4,8,train,02,1,calm,01,02,01,02-01-02-01-02-01-08,canonical_02,/home/tonyhe/ravdess_avfusion/external/video_face_branch/early_fusion_facial_v2/fusion_pack_5f/sequences/02-01-02-01-02-01-08.npy,5,2048,02-01-02-01-02-01-08,canonical_02,5,1,calm,0.02858443818986416,0.884856927394867,0.012196999043226242,0.012609711103141307,0.017086257599294184,0.013711681775748729,0.016591521352529524,0.014362478628754616,1,1,1,complete
01-02-01-02-02-08,02-01-02-01-02-02-08,02-01-02-01-02-02-08,data/raw/ravdess/video_speech/Video_Speech_Actor_08/Actor_08/02-01-02-01-02-02-08.mp4,8,train,02,1,calm,01,02,02,02-01-02-01-02-02-08,canonical_02,/home/tonyhe/ravdess_avfusion/external/video_face_branch/early_fusion_facial_v2/fusion_pack_5f/sequences/02-01-02-01-02-02-08.npy,5,2048,02-01-02-01-02-02-08,canonical_02,5,1,calm,0.027645877748727798,0.8887655735015869,0.014484311081469059,0.012171287648379802,0.01326951663941145,0.012500584684312343,0.01526503898203373,0.015897800400853156,1,1,1,complete
01-02-02-01-01-08,02-01-02-02-01-01-08,02-01-02-02-01-01-08,data/raw/ravdess/video_speech/Video_Speech_Actor_08/Actor_08/02-01-02-02-01-01-08.mp4,8,train,02,1,calm,02,01,01,02-01-02-02-01-01-08,canonical_02,/home/tonyhe/ravdess_avfusion/external/video_face_branch/early_fusion_facial_v2/fusion_pack_5f/sequences/02-01-02-02-01-01-08.npy,5,2048,02-01-02-02-01-01-08,canonical_02,5,1,calm,0.030083782598376275,0.88722323179245,0.014470448158681393,0.011352292075753213,0.012883049063384533,0.011583668738603592,0.014280792698264122,0.018122726120054722,1,1,1,complete
01-02-02-01-02-08,02-01-02-02-01-02-08,02-01-02-02-01-02-08,data/raw/ravdess/video_speech/Video_Speech_Actor_08/Actor_08/02-01-02-02-01-02-08.mp4,8,train,02,1,calm,02,01,02,02-01-02-02-01-02-08,canonical_02,/home/tonyhe/ravdess_avfusion/external/video_face_branch/early_fusion_facial_v2/fusion_pack_5f/sequences/02-01-02-02-01-02-08.npy,5,2048,02-01-02-02-01-02-08,canonical_02,5,1,calm,0.03293468989431858,0.8804508447647095,0.012347393482923508,0.015493024326860904,0.01275889528915286,0.013831509463489055,0.016246621124446393,0.0159370131790638,1,1,1,complete
01-02-02-02-01-08,02-01-02-02-02-01-08,02-01-02-02-02-01-08,data/raw/ravdess/video_speech/Video_Speech_Actor_08/Actor_08/02-01-02-02-02-01-08.mp4,8,train,02,1,calm,02,02,01,02-01-02-02-02-01-08,canonical_02,/home/tonyhe/ravdess_avfusion/external/video_face_branch/early_fusion_facial_v2/fusion_pack_5f/sequences/02-01-02-02-02-01-08.npy,5,2048,02-01-02-02-02-01-08,canonical_02,5,1,calm,0.02692082040011883,0.8917831659317017,0.013532505370676517,0.012978732399642468,0.013689085468649864,0.012410544231534005,0.014720028825104236,0.01396513283252716,1,1,1,complete
01-02-02-02-02-08,02-01-02-02-02-02-08,02-01-02-02-02-02-08,data/raw/ravdess/video_speech/Video_Speech_Actor_08/Actor_08/02-01-02-02-02-02-08.mp4,8,train,02,1,calm,02,02,02,02-01-02-02-02-02-08,canonical_02,/home/tonyhe/ravdess_avfusion/external/video_face_branch/early_fusion_facial_v2/fusion_pack_5f/sequences/02-01-02-02-02-02-08.npy,5,2048,02-01-02-02-02-02-08,canonical_02,5,1,calm,0.029060760512948036,0.8896423220634461,0.016216688603162766,0.012604840844869614,0.012152631580829621,0.011774824932217598,0.013589696772396565,0.014958247356116772,1,1,1,complete
01-03-01-01-01-08,02-01-03-01-01-01-08,02-01-03-01-01-01-08,data/raw/ravdess/video_speech/Video_Speech_Actor_08/Actor_08/02-01-03-01-01-01-08.mp4,8,train,03,2,happy,01,01,01,02-01-03-01-01-01-08,canonical_02,/home/tonyhe/ravdess_avfusion/external/video_face_branch/early_fusion_facial_v2/fusion_pack_5f/sequences/02-01-03-01-01-01-08.npy,5,2048,02-01-03-01-01-01-08,canonical_02,5,2,happy,0.02101367525756359,0.013797248899936675,0.9151094079017639,0.00820277612656355,0.009932183101773262,0.010136628523468971,0.011871036328375339,0.009937001764774323,1,1,1,complete
01-03-01-01-02-08,02-01-03-01-01-02-08,02-01-03-01-01-02-08,data/raw/ravdess/video_speech/Video_Speech_Actor_08/Actor_08/02-01-03-01-01-02-08.mp4,8,train,03,2,happy,01,01,02,02-01-03-01-01-02-08,canonical_02,/home/tonyhe/ravdess_avfusion/external/video_face_branch/early_fusion_facial_v2/fusion_pack_5f/sequences/02-01-03-01-01-02-08.npy,5,2048,02-01-03-01-01-02-08,canonical_02,5,2,happy,0.022822413593530655,0.01745042633265257,0.912114953994751,0.008601268287748098,0.00984991854056716,0.009330638404935598,0.009921270422637463,0.009909122623503209,1,1,1,complete
01-03-01-02-01-08,02-01-03-01-02-01-08,02-01-03-01-02-01-08,data/raw/ravdess/video_speech/Video_Speech_Actor_08/Actor_08/02-01-03-01-02-01-08.mp4,8,train,03,2,happy,01,02,01,02-01-03-01-02-01-08,canonical_02,/home/tonyhe/ravdess_avfusion/external/video_face_branch/early_fusion_facial_v2/fusion_pack_5f/sequences/02-01-03-01-02-01-08.npy,5,2048,02-01-03-01-02-01-08,canonical_02,5,2,happy,0.021723832190036773,0.020557665079832078,0.9093178153038025,0.00836924510076642,0.010825528297573328,0.009419810120016336,0.01034136163070798,0.009444794617593288,1,1,1,complete
01-03-01-02-02-08,02-01-03-01-02-02-08,02-01-03-01-02-02-08,data/raw/ravdess/video_speech/Video_Speech_Actor_08/Actor_08/02-01-03-01-02-02-08.mp4,8,train,03,2,happy,01,02,02,02-01-03-01-02-02-08,canonical_02,/home/tonyhe/ravdess_avfusion/external/video_face_branch/early_fusion_facial_v2/fusion_pack_5f/sequences/02-01-03-01-02-02-08.npy,5,2048,02-01-03-01-02-02-08,canonical_02,5,2,happy,0.023181020468473434,0.012567633576691151,0.9069284677505494,0.01090027391910553,0.012815175950527192,0.010614698939025401,0.011092660017311573,0.011900022812187671,1,1,1,complete
01-03-02-01-01-08,02-01-03-02-01-01-08,02-01-03-02-01-01-08,data/raw/ravdess/video_speech/Video_Speech_Actor_08/Actor_08/02-01-03-02-01-01-08.mp4,8,train,03,2,happy,02,01,01,02-01-03-02-01-01-08,canonical_02,/home/tonyhe/ravdess_avfusion/external/video_face_branch/early_fusion_facial_v2/fusion_pack_5f/sequences/02-01-03-02-01-01-08.npy,5,2048,02-01-03-02-01-01-08,canonical_02,5,2,happy,0.025696465745568275,0.01229046806693077,0.8899250745773315,0.014369138702750205,0.01827573888003826,0.014929997548460961,0.012356525659561158,0.012156596779823304,1,1,1,complete
01-03-02-01-02-08,02-01-03-02-01-02-08,02-01-03-02-01-02-08,data/raw/ravdess/video_speech/Video_Speech_Actor_08/Actor_08/02-01-03-02-01-02-08.mp4,8,train,03,2,happy,02,01,02,02-01-03-02-01-02-08,canonical_02,/home/tonyhe/ravdess_avfusion/external/video_face_branch/early_fusion_facial_v2/fusion_pack_5f/sequences/02-01-03-02-01-02-08.npy,5,2048,02-01-03-02-01-02-08,canonical_02,5,2,happy,0.0220005389302969,0.012754203379154205,0.9110814332962036,0.009533455409109593,0.011571854166686536,0.01045203348621726,0.011860951036214828,0.010745513252913952,1,1,1,complete
01-03-02-02-01-08,02-01-03-02-02-01-08,02-01-03-02-02-01-08,data/raw/ravdess/video_speech/Video_Speech_Actor_08/Actor_08/02-01-03-02-02-01-08.mp4,8,train,03,2,happy,02,02,01,02-01-03-02-02-01-08,canonical_02,/home/tonyhe/ravdess_avfusion/external/video_face_branch/early_fusion_facial_v2/fusion_pack_5f/sequences/02-01-03-02-02-01-08.npy,5,2048,02-01-03-02-02-01-08,canonical_02,5,2,happy,0.019934726879000664,0.010222646221518517,0.9201530575752258,0.008617225289344787,0.01008902844041586,0.010762430168688298,0.009598068706691266,0.010622827522456645,1,1,1,complete
01-03-02-02-02-08,02-01-03-02-02-02-08,02-01-03-02-02-02-08,data/raw/ravdess/video_speech/Video_Speech_Actor_08/Actor_08/02-01-03-02-02-02-08.mp4,8,train,03,2,happy,02,02,02,02-01-03-02-02-02-08,canonical_02,/home/tonyhe/ravdess_avfusion/external/video_face_branch/early_fusion_facial_v2/fusion_pack_5f/sequences/02-01-03-02-02-02-08.npy,5,2048,02-01-03-02-02-02-08,canonical_02,5,2,happy,0.023012078925967218,0.010891450941562653,0.9108708381652832,0.0093455258756876,0.012075228244066238,0.010854159668087959,0.011053976975381375,0.01189677808433771,1,1,1,complete
01-04-01-01-01-08,02-01-04-01-01-01-08,02-01-04-01-01-01-08,data/raw/ravdess/video_speech/Video_Speech_Actor_08/Actor_08/02-01-04-01-01-01-08.mp4,8,train,04,3,sad,01,01,01,02-01-04-01-01-01-08,canonical_02,/home/tonyhe/ravdess_avfusion/external/video_face_branch/early_fusion_facial_v2/fusion_pack_5f/sequences/02-01-04-01-01-01-08.npy,5,2048,02-01-04-01-01-01-08,canonical_02,5,3,sad,0.013788333721458912,0.00786500284448266,0.00664107408374548,0.9386761784553528,0.008874993678182364,0.0059552183374762535,0.006958951149135828,0.011240268684923648,1,1,1,complete
01-04-01-01-02-08,02-01-04-01-01-02-08,02-01-04-01-01-02-08,data/raw/ravdess/video_speech/Video_Speech_Actor_08/Actor_08/02-01-04-01-01-02-08.mp4,8,train,04,3,sad,01,01,02,02-01-04-01-01-02-08,canonical_02,/home/tonyhe/ravdess_avfusion/external/video_face_branch/early_fusion_facial_v2/fusion_pack_5f/sequences/02-01-04-01-01-02-08.npy,5,2048,02-01-04-01-01-02-08,canonical_02,5,3,sad,0.020718739181756974,0.011069456487894059,0.010265340935438872,0.9133423209190369,0.014819992706179619,0.008287606481462716,0.008121953811496496,0.01337460521608591,1,1,1,complete
01-04-01-02-01-08,02-01-04-01-02-01-08,02-01-04-01-02-01-08,data/raw/ravdess/video_speech/Video_Speech_Actor_08/Actor_08/02-01-04-01-02-01-08.mp4,8,train,04,3,sad,01,02,01,02-01-04-01-02-01-08,canonical_02,/home/tonyhe/ravdess_avfusion/external/video_face_branch/early_fusion_facial_v2/fusion_pack_5f/sequences/02-01-04-01-02-01-08.npy,5,2048,02-01-04-01-02-01-08,canonical_02,5,3,sad,0.0193555423989892,0.013803493324667215,0.011157581862062216,0.9044275879859924,0.008483678754419088,0.012015347927808761,0.01279545621946454,0.017961293179541826,1,1,1,complete
01-04-01-02-02-08,02-01-04-01-02-02-08,02-01-04-01-02-02-08,data/raw/ravdess/video_speech/Video_Speech_Actor_08/Actor_08/02-01-04-01-02-02-08.mp4,8,train,04,3,sad,01,02,02,02-01-04-01-02-02-08,canonical_02,/home/tonyhe/ravdess_avfusion/external/video_face_branch/early_fusion_facial_v2/fusion_pack_5f/sequences/02-01-04-01-02-02-08.npy,5,2048,02-01-04-01-02-02-08,canonical_02,5,3,sad,0.015453639347106219,0.007480576215311885,0.007559180445969105,0.9292367935180664,0.009273808635771274,0.009505182411521674,0.013268237467855215,0.008222576091066002,1,1,1,complete
01-04-02-01-01-08,02-01-04-02-01-01-08,02-01-04-02-01-01-08,data/raw/ravdess/video_speech/Video_Speech_Actor_08/Actor_08/02-01-04-02-01-01-08.mp4,8,train,04,3,sad,02,01,01,02-01-04-02-01-01-08,canonical_02,/home/tonyhe/ravdess_avfusion/external/video_face_branch/early_fusion_facial_v2/fusion_pack_5f/sequences/02-01-04-02-01-01-08.npy,5,2048,02-01-04-02-01-01-08,canonical_02,5,3,sad,0.019435442984104156,0.006905738171190024,0.010216762870550155,0.9174887895584106,0.010714985057711601,0.013777411170303821,0.012983537651598454,0.008477316331118345,1,1,1,complete
01-04-02-01-02-08,02-01-04-02-01-02-08,02-01-04-02-01-02-08,data/raw/ravdess/video_speech/Video_Speech_Actor_08/Actor_08/02-01-04-02-01-02-08.mp4,8,train,04,3,sad,02,01,02,02-01-04-02-01-02-08,canonical_02,/home/tonyhe/ravdess_avfusion/external/video_face_branch/early_fusion_facial_v2/fusion_pack_5f/sequences/02-01-04-02-01-02-08.npy,5,2048,02-01-04-02-01-02-08,canonical_02,5,3,sad,0.018332456611096858,0.0074229826219379905,0.008379154931753873,0.9278575897216796,0.008966115396469831,0.009931707195937634,0.011526411026716232,0.007583610340952873,1,1,1,complete
01-04-02-02-01-08,02-01-04-02-02-01-08,02-01-04-02-02-01-08,data/raw/ravdess/video_speech/Video_Speech_Actor_08/Actor_08/02-01-04-02-02-01-08.mp4,8,train,04,3,sad,02,02,01,02-01-04-02-02-01-08,canonical_02,/home/tonyhe/ravdess_avfusion/external/video_face_branch/early_fusion_facial_v2/fusion_pack_5f/sequences/02-01-04-02-02-01-08.npy,5,2048,02-01-04-02-02-01-08,canonical_02,5,3,sad,0.017041889764368535,0.006527119036763907,0.00827983533963561,0.9294498920440674,0.008464374020695687,0.00838901549577713,0.014604943245649338,0.007242964673787355,1,1,1,complete
01-04-02-02-02-08,02-01-04-02-02-02-08,02-01-04-02-02-02-08,data/raw/ravdess/video_speech/Video_Speech_Actor_08/Actor_08/02-01-04-02-02-02-08.mp4,8,train,04,3,sad,02,02,02,02-01-04-02-02-02-08,canonical_02,/home/tonyhe/ravdess_avfusion/external/video_face_branch/early_fusion_facial_v2/fusion_pack_5f/sequences/02-01-04-02-02-02-08.npy,5,2048,02-01-04-02-02-02-08,canonical_02,5,3,sad,0.017164152674376966,0.0071550238411873576,0.009936266113072634,0.9197038769721985,0.009580072481185198,0.010165215469896793,0.01787955816835165,0.008415793627500534,1,1,1,complete
01-05-01-01-01-08,02-01-05-01-01-01-08,02-01-05-01-01-01-08,data/raw/ravdess/video_speech/Video_Speech_Actor_08/Actor_08/02-01-05-01-01-01-08.mp4,8,train,05,4,angry,01,01,01,02-01-05-01-01-01-08,canonical_02,/home/tonyhe/ravdess_avfusion/external/video_face_branch/early_fusion_facial_v2/fusion_pack_5f/sequences/02-01-05-01-01-01-08.npy,5,2048,02-01-05-01-01-01-08,canonical_02,5,4,angry,0.02218731790781021,0.009866696968674659,0.010251968167722225,0.014065578952431679,0.916298246383667,0.008072675950825215,0.011772273667156696,0.007485232641920447,1,1,1,complete
01-05-01-01-02-08,02-01-05-01-01-02-08,02-01-05-01-01-02-08,data/raw/ravdess/video_speech/Video_Speech_Actor_08/Actor_08/02-01-05-01-01-02-08.mp4,8,train,05,4,angry,01,01,02,02-01-05-01-01-02-08,canonical_02,/home/tonyhe/ravdess_avfusion/external/video_face_branch/early_fusion_facial_v2/fusion_pack_5f/sequences/02-01-05-01-01-02-08.npy,5,2048,02-01-05-01-01-02-08,canonical_02,5,4,angry,0.024229932203888895,0.009091484360396862,0.007623784150928259,0.014089270681142806,0.9202253818511963,0.006909844651818276,0.010654444340616465,0.00717586912214756,1,1,1,complete
01-05-01-02-01-08,02-01-05-01-02-01-08,02-01-05-01-02-01-08,data/raw/ravdess/video_speech/Video_Speech_Actor_08/Actor_08/02-01-05-01-02-01-08.mp4,8,train,05,4,angry,01,02,01,02-01-05-01-02-01-08,canonical_02,/home/tonyhe/ravdess_avfusion/external/video_face_branch/early_fusion_facial_v2/fusion_pack_5f/sequences/02-01-05-01-02-01-08.npy,5,2048,02-01-05-01-02-01-08,canonical_02,5,4,angry,0.02645253427326679,0.009854893106967211,0.008742224704474211,0.009963652212172746,0.9208471417427063,0.007886685989797115,0.009502881485968829,0.006749973818659783,1,1,1,complete
01-05-01-02-02-08,02-01-05-01-02-02-08,02-01-05-01-02-02-08,data/raw/ravdess/video_speech/Video_Speech_Actor_08/Actor_08/02-01-05-01-02-02-08.mp4,8,train,05,4,angry,01,02,02,02-01-05-01-02-02-08,canonical_02,/home/tonyhe/ravdess_avfusion/external/video_face_branch/early_fusion_facial_v2/fusion_pack_5f/sequences/02-01-05-01-02-02-08.npy,5,2048,02-01-05-01-02-02-08,canonical_02,5,4,angry,0.019919631816446782,0.00930466242134571,0.008230907190591098,0.010732113104313611,0.9281790733337403,0.006356065161526203,0.009870622307062149,0.0074069096706807615,1,1,1,complete
01-05-02-01-01-08,02-01-05-02-01-01-08,02-01-05-02-01-01-08,data/raw/ravdess/video_speech/Video_Speech_Actor_08/Actor_08/02-01-05-02-01-01-08.mp4,8,train,05,4,angry,02,01,01,02-01-05-02-01-01-08,canonical_02,/home/tonyhe/ravdess_avfusion/external/video_face_branch/early_fusion_facial_v2/fusion_pack_5f/sequences/02-01-05-02-01-01-08.npy,5,2048,02-01-05-02-01-01-08,canonical_02,5,4,angry,0.02679484002292156,0.00997212240472436,0.008894601510837674,0.011499113030731678,0.9083042860031127,0.007147790584713221,0.011541260499507188,0.015845982590690255,1,1,1,complete
01-05-02-01-02-08,02-01-05-02-01-02-08,02-01-05-02-01-02-08,data/raw/ravdess/video_speech/Video_Speech_Actor_08/Actor_08/02-01-05-02-01-02-08.mp4,8,train,05,4,angry,02,01,02,02-01-05-02-01-02-08,canonical_02,/home/tonyhe/ravdess_avfusion/external/video_face_branch/early_fusion_facial_v2/fusion_pack_5f/sequences/02-01-05-02-01-02-08.npy,5,2048,02-01-05-02-01-02-08,canonical_02,5,4,angry,0.01724194474518299,0.008750358410179616,0.009531059395521879,0.007246733456850052,0.9302362561225891,0.006327873561531305,0.011537335813045502,0.009128430392593145,1,1,1,complete
01-05-02-02-01-08,02-01-05-02-02-01-08,02-01-05-02-02-01-08,data/raw/ravdess/video_speech/Video_Speech_Actor_08/Actor_08/02-01-05-02-02-01-08.mp4,8,train,05,4,angry,02,02,01,02-01-05-02-02-01-08,canonical_02,/home/tonyhe/ravdess_avfusion/external/video_face_branch/early_fusion_facial_v2/fusion_pack_5f/sequences/02-01-05-02-02-01-08.npy,5,2048,02-01-05-02-02-01-08,canonical_02,5,4,angry,0.019805721007287502,0.011608251184225083,0.010301657393574715,0.008866477152332663,0.9186723470687866,0.007509075477719307,0.011842624936252832,0.011393812112510204,1,1,1,complete
01-05-02-02-02-08,02-01-05-02-02-02-08,02-01-05-02-02-02-08,data/raw/ravdess/video_speech/Video_Speech_Actor_08/Actor_08/02-01-05-02-02-02-08.mp4,8,train,05,4,angry,02,02,02,02-01-05-02-02-02-08,canonical_02,/home/tonyhe/ravdess_avfusion/external/video_face_branch/early_fusion_facial_v2/fusion_pack_5f/sequences/02-01-05-02-02-02-08.npy,5,2048,02-01-05-02-02-02-08,canonical_02,5,4,angry,0.02330971397459507,0.011363523453474045,0.012541834078729153,0.010520438477396966,0.9095539450645447,0.010738920606672763,0.011511072330176831,0.010460579395294189,1,1,1,complete
01-06-01-01-01-08,02-01-06-01-01-01-08,02-01-06-01-01-01-08,data/raw/ravdess/video_speech/Video_Speech_Actor_08/Actor_08/02-01-06-01-01-01-08.mp4,8,train,06,5,fearful,01,01,01,02-01-06-01-01-01-08,canonical_02,/home/tonyhe/ravdess_avfusion/external/video_face_branch/early_fusion_facial_v2/fusion_pack_5f/sequences/02-01-06-01-01-01-08.npy,5,2048,02-01-06-01-01-01-08,canonical_02,5,5,fearful,0.02101152390241623,0.00858371490612626,0.010501893237233162,0.012361371703445912,0.008335475530475377,0.9191442847251892,0.01129163708537817,0.008770133834332228,1,1,1,complete
01-06-01-01-02-08,02-01-06-01-01-02-08,02-01-06-01-01-02-08,data/raw/ravdess/video_speech/Video_Speech_Actor_08/Actor_08/02-01-06-01-01-02-08.mp4,8,train,06,5,fearful,01,01,02,02-01-06-01-01-02-08,canonical_02,/home/tonyhe/ravdess_avfusion/external/video_face_branch/early_fusion_facial_v2/fusion_pack_5f/sequences/02-01-06-01-01-02-08.npy,5,2048,02-01-06-01-01-02-08,canonical_02,5,5,fearful,0.018952079489827155,0.009322027768939733,0.00973146352916956,0.06626975275576115,0.009447272028774023,0.8685198783874511,0.010207285918295384,0.007550270762294531,1,1,1,complete
01-06-01-02-01-08,02-01-06-01-02-01-08,02-01-06-01-02-01-08,data/raw/ravdess/video_speech/Video_Speech_Actor_08/Actor_08/02-01-06-01-02-01-08.mp4,8,train,06,5,fearful,01,02,01,02-01-06-01-02-01-08,canonical_02,/home/tonyhe/ravdess_avfusion/external/video_face_branch/early_fusion_facial_v2/fusion_pack_5f/sequences/02-01-06-01-02-01-08.npy,5,2048,02-01-06-01-02-01-08,canonical_02,5,5,fearful,0.020542269758880138,0.007839419785887003,0.013915394805371762,0.012100691348314286,0.0106765141710639,0.9159028053283691,0.011044981889426708,0.007977921748533845,1,1,1,complete
01-06-01-02-02-08,02-01-06-01-02-02-08,02-01-06-01-02-02-08,data/raw/ravdess/video_speech/Video_Speech_Actor_08/Actor_08/02-01-06-01-02-02-08.mp4,8,train,06,5,fearful,01,02,02,02-01-06-01-02-02-08,canonical_02,/home/tonyhe/ravdess_avfusion/external/video_face_branch/early_fusion_facial_v2/fusion_pack_5f/sequences/02-01-06-01-02-02-08.npy,5,2048,02-01-06-01-02-02-08,canonical_02,5,5,fearful,0.01855237130075693,0.007853936590254306,0.009136989805847406,0.018404443003237247,0.007976837549358606,0.9207404375076294,0.010867979563772678,0.0064669968094676735,1,1,1,complete
01-06-02-01-01-08,02-01-06-02-01-01-08,02-01-06-02-01-01-08,data/raw/ravdess/video_speech/Video_Speech_Actor_08/Actor_08/02-01-06-02-01-01-08.mp4,8,train,06,5,fearful,02,01,01,02-01-06-02-01-01-08,canonical_02,/home/tonyhe/ravdess_avfusion/external/video_face_branch/early_fusion_facial_v2/fusion_pack_5f/sequences/02-01-06-02-01-01-08.npy,5,2048,02-01-06-02-01-01-08,canonical_02,5,5,fearful,0.01945359893143177,0.007666649855673313,0.011007272358983754,0.01372909527271986,0.009905232675373554,0.9197035431861877,0.010871797427535057,0.007662795670330525,1,1,1,complete
01-06-02-01-02-08,02-01-06-02-01-02-08,02-01-06-02-01-02-08,data/raw/ravdess/video_speech/Video_Speech_Actor_08/Actor_08/02-01-06-02-01-02-08.mp4,8,train,06,5,fearful,02,01,02,02-01-06-02-01-02-08,canonical_02,/home/tonyhe/ravdess_avfusion/external/video_face_branch/early_fusion_facial_v2/fusion_pack_5f/sequences/02-01-06-02-01-02-08.npy,5,2048,02-01-06-02-01-02-08,canonical_02,5,5,fearful,0.021739403158426283,0.010030008666217328,0.011740819551050663,0.011663230508565903,0.008875318244099617,0.9144740581512452,0.013631115294992923,0.007846030127257108,1,1,1,complete
01-06-02-02-01-08,02-01-06-02-02-01-08,02-01-06-02-02-01-08,data/raw/ravdess/video_speech/Video_Speech_Actor_08/Actor_08/02-01-06-02-02-01-08.mp4,8,train,06,5,fearful,02,02,01,02-01-06-02-02-01-08,canonical_02,/home/tonyhe/ravdess_avfusion/external/video_face_branch/early_fusion_facial_v2/fusion_pack_5f/sequences/02-01-06-02-02-01-08.npy,5,2048,02-01-06-02-02-01-08,canonical_02,5,5,fearful,0.023806318268179895,0.011315001919865609,0.0104311378672719,0.012771033495664597,0.008558102231472731,0.9108761548995972,0.013909348659217358,0.008332906011492013,1,1,1,complete
01-06-02-02-02-08,02-01-06-02-02-02-08,02-01-06-02-02-02-08,data/raw/ravdess/video_speech/Video_Speech_Actor_08/Actor_08/02-01-06-02-02-02-08.mp4,8,train,06,5,fearful,02,02,02,02-01-06-02-02-02-08,canonical_02,/home/tonyhe/ravdess_avfusion/external/video_face_branch/early_fusion_facial_v2/fusion_pack_5f/sequences/02-01-06-02-02-02-08.npy,5,2048,02-01-06-02-02-02-08,canonical_02,5,5,fearful,0.01904869843274355,0.00843288330361247,0.008330560382455587,0.014543639682233333,0.013172318506985903,0.9177393674850464,0.011044995952397585,0.007687557581812143,1,1,1,complete
01-07-01-01-01-08,02-01-07-01-01-01-08,02-01-07-01-01-01-08,data/raw/ravdess/video_speech/Video_Speech_Actor_08/Actor_08/02-01-07-01-01-01-08.mp4,8,train,07,6,disgust,01,01,01,02-01-07-01-01-01-08,canonical_02,/home/tonyhe/ravdess_avfusion/external/video_face_branch/early_fusion_facial_v2/fusion_pack_5f/sequences/02-01-07-01-01-01-08.npy,5,2048,02-01-07-01-01-01-08,canonical_02,5,6,disgust,0.01839681789278984,0.008621217869222163,0.007573228143155575,0.012716501764953137,0.009769917279481889,0.008253929670900106,0.926568615436554,0.008099764864891768,1,1,1,complete
01-07-01-01-02-08,02-01-07-01-01-02-08,02-01-07-01-01-02-08,data/raw/ravdess/video_speech/Video_Speech_Actor_08/Actor_08/02-01-07-01-01-02-08.mp4,8,train,07,6,disgust,01,01,02,02-01-07-01-01-02-08,canonical_02,/home/tonyhe/ravdess_avfusion/external/video_face_branch/early_fusion_facial_v2/fusion_pack_5f/sequences/02-01-07-01-01-02-08.npy,5,2048,02-01-07-01-01-02-08,canonical_02,5,6,disgust,0.018995968997478484,0.008683879300951958,0.007885359693318605,0.012124191783368588,0.00962140243500471,0.007733075227588415,0.9260008215904236,0.008955288492143155,1,1,1,complete
01-07-01-02-01-08,02-01-07-01-02-01-08,02-01-07-01-02-01-08,data/raw/ravdess/video_speech/Video_Speech_Actor_08/Actor_08/02-01-07-01-02-01-08.mp4,8,train,07,6,disgust,01,02,01,02-01-07-01-02-01-08,canonical_02,/home/tonyhe/ravdess_avfusion/external/video_face_branch/early_fusion_facial_v2/fusion_pack_5f/sequences/02-01-07-01-02-01-08.npy,5,2048,02-01-07-01-02-01-08,canonical_02,5,6,disgust,0.0191458972170949,0.009393969736993312,0.008414734527468682,0.01001711068674922,0.009161051269620657,0.008347861748188735,0.9255136489868164,0.010005664359778167,1,1,1,complete
01-07-01-02-02-08,02-01-07-01-02-02-08,02-01-07-01-02-02-08,data/raw/ravdess/video_speech/Video_Speech_Actor_08/Actor_08/02-01-07-01-02-02-08.mp4,8,train,07,6,disgust,01,02,02,02-01-07-01-02-02-08,canonical_02,/home/tonyhe/ravdess_avfusion/external/video_face_branch/early_fusion_facial_v2/fusion_pack_5f/sequences/02-01-07-01-02-02-08.npy,5,2048,02-01-07-01-02-02-08,canonical_02,5,6,disgust,0.020249680802226066,0.010141776502132415,0.009833438135683537,0.010478202253580093,0.011556168273091316,0.008880604803562165,0.9183823347091675,0.010477780550718307,1,1,1,complete
01-07-02-01-01-08,02-01-07-02-01-01-08,02-01-07-02-01-01-08,data/raw/ravdess/video_speech/Video_Speech_Actor_08/Actor_08/02-01-07-02-01-01-08.mp4,8,train,07,6,disgust,02,01,01,02-01-07-02-01-01-08,canonical_02,/home/tonyhe/ravdess_avfusion/external/video_face_branch/early_fusion_facial_v2/fusion_pack_5f/sequences/02-01-07-02-01-01-08.npy,5,2048,02-01-07-02-01-01-08,canonical_02,5,6,disgust,0.021417010016739367,0.009477495029568673,0.008723423536866903,0.01062542162835598,0.009727537911385298,0.00982982674613595,0.9180893540382385,0.012109878566116094,1,1,1,complete
01-07-02-01-02-08,02-01-07-02-01-02-08,02-01-07-02-01-02-08,data/raw/ravdess/video_speech/Video_Speech_Actor_08/Actor_08/02-01-07-02-01-02-08.mp4,8,train,07,6,disgust,02,01,02,02-01-07-02-01-02-08,canonical_02,/home/tonyhe/ravdess_avfusion/external/video_face_branch/early_fusion_facial_v2/fusion_pack_5f/sequences/02-01-07-02-01-02-08.npy,5,2048,02-01-07-02-01-02-08,canonical_02,5,6,disgust,0.017776989564299583,0.008745268359780312,0.007807850930839777,0.010785668808966874,0.009965313598513603,0.008209195639938115,0.9274845838546752,0.009225133620202542,1,1,1,complete
01-07-02-02-01-08,02-01-07-02-02-01-08,02-01-07-02-02-01-08,data/raw/ravdess/video_speech/Video_Speech_Actor_08/Actor_08/02-01-07-02-02-01-08.mp4,8,train,07,6,disgust,02,02,01,02-01-07-02-02-01-08,canonical_02,/home/tonyhe/ravdess_avfusion/external/video_face_branch/early_fusion_facial_v2/fusion_pack_5f/sequences/02-01-07-02-02-01-08.npy,5,2048,02-01-07-02-02-01-08,canonical_02,5,6,disgust,0.02337322533130646,0.010479618795216084,0.009984725527465344,0.010718296095728875,0.010616296902298927,0.010954351723194122,0.9100688815116882,0.013804638385772705,1,1,1,complete
01-07-02-02-02-08,02-01-07-02-02-02-08,02-01-07-02-02-02-08,data/raw/ravdess/video_speech/Video_Speech_Actor_08/Actor_08/02-01-07-02-02-02-08.mp4,8,train,07,6,disgust,02,02,02,02-01-07-02-02-02-08,canonical_02,/home/tonyhe/ravdess_avfusion/external/video_face_branch/early_fusion_facial_v2/fusion_pack_5f/sequences/02-01-07-02-02-02-08.npy,5,2048,02-01-07-02-02-02-08,canonical_02,5,6,disgust,0.01914026290178299,0.00915800891816616,0.008675678353756665,0.009617330878973008,0.00968895647674799,0.009238205943256616,0.9231116294860839,0.011369957402348519,1,1,1,complete
01-08-01-01-01-08,02-01-08-01-01-01-08,02-01-08-01-01-01-08,data/raw/ravdess/video_speech/Video_Speech_Actor_08/Actor_08/02-01-08-01-01-01-08.mp4,8,train,08,7,surprise,01,01,01,02-01-08-01-01-01-08,canonical_02,/home/tonyhe/ravdess_avfusion/external/video_face_branch/early_fusion_facial_v2/fusion_pack_5f/sequences/02-01-08-01-01-01-08.npy,5,2048,02-01-08-01-01-01-08,canonical_02,5,7,surprise,0.03770812600851059,0.008752710558474064,0.009514323063194751,0.022370929876342417,0.02080152668058872,0.012118062283843756,0.010849590227007867,0.8778847217559814,1,1,1,complete
01-08-01-01-02-08,02-01-08-01-01-02-08,02-01-08-01-01-02-08,data/raw/ravdess/video_speech/Video_Speech_Actor_08/Actor_08/02-01-08-01-01-02-08.mp4,8,train,08,7,surprise,01,01,02,02-01-08-01-01-02-08,canonical_02,/home/tonyhe/ravdess_avfusion/external/video_face_branch/early_fusion_facial_v2/fusion_pack_5f/sequences/02-01-08-01-01-02-08.npy,5,2048,02-01-08-01-01-02-08,canonical_02,5,7,surprise,0.02126908823847771,0.013573956117033959,0.011946972645819186,0.02537133786827326,0.022612715139985085,0.014484456274658442,0.014026262797415257,0.8767151832580566,1,1,1,complete
01-08-01-02-01-08,02-01-08-01-02-01-08,02-01-08-01-02-01-08,data/raw/ravdess/video_speech/Video_Speech_Actor_08/Actor_08/02-01-08-01-02-01-08.mp4,8,train,08,7,surprise,01,02,01,02-01-08-01-02-01-08,canonical_02,/home/tonyhe/ravdess_avfusion/external/video_face_branch/early_fusion_facial_v2/fusion_pack_5f/sequences/02-01-08-01-02-01-08.npy,5,2048,02-01-08-01-02-01-08,canonical_02,5,7,surprise,0.016879013925790786,0.014420204889029264,0.008411343302577734,0.020937534049153328,0.008681873977184295,0.008324630558490753,0.009742386918514968,0.9126030087471009,1,1,1,complete
01-08-01-02-02-08,02-01-08-01-02-02-08,02-01-08-01-02-02-08,data/raw/ravdess/video_speech/Video_Speech_Actor_08/Actor_08/02-01-08-01-02-02-08.mp4,8,train,08,7,surprise,01,02,02,02-01-08-01-02-02-08,canonical_02,/home/tonyhe/ravdess_avfusion/external/video_face_branch/early_fusion_facial_v2/fusion_pack_5f/sequences/02-01-08-01-02-02-08.npy,5,2048,02-01-08-01-02-02-08,canonical_02,5,7,surprise,0.020193625800311567,0.011530859395861626,0.007954472303390503,0.012593240384012461,0.010066225100308657,0.006545459292829037,0.01002278933301568,0.9210933685302735,1,1,1,complete
01-08-02-01-01-08,02-01-08-02-01-01-08,02-01-08-02-01-01-08,data/raw/ravdess/video_speech/Video_Speech_Actor_08/Actor_08/02-01-08-02-01-01-08.mp4,8,train,08,7,surprise,02,01,01,02-01-08-02-01-01-08,canonical_02,/home/tonyhe/ravdess_avfusion/external/video_face_branch/early_fusion_facial_v2/fusion_pack_5f/sequences/02-01-08-02-01-01-08.npy,5,2048,02-01-08-02-01-01-08,canonical_02,5,7,surprise,0.016445352882146835,0.010772353690117597,0.008529095444828272,0.018348127231001855,0.0084232316352427,0.006727895094081759,0.009633864928036927,0.9211200833320617,1,1,1,complete
01-08-02-01-02-08,02-01-08-02-01-02-08,02-01-08-02-01-02-08,data/raw/ravdess/video_speech/Video_Speech_Actor_08/Actor_08/02-01-08-02-01-02-08.mp4,8,train,08,7,surprise,02,01,02,02-01-08-02-01-02-08,canonical_02,/home/tonyhe/ravdess_avfusion/external/video_face_branch/early_fusion_facial_v2/fusion_pack_5f/sequences/02-01-08-02-01-02-08.npy,5,2048,02-01-08-02-01-02-08,canonical_02,5,7,surprise,0.017344899103045465,0.009974911343306303,0.01052131624892354,0.01325195813551545,0.014924811758100986,0.00799374682828784,0.010076125990599394,0.9159122228622436,1,1,1,complete
01-08-02-02-01-08,02-01-08-02-02-01-08,02-01-08-02-02-01-08,data/raw/ravdess/video_speech/Video_Speech_Actor_08/Actor_08/02-01-08-02-02-01-08.mp4,8,train,08,7,surprise,02,02,01,02-01-08-02-02-01-08,canonical_02,/home/tonyhe/ravdess_avfusion/external/video_face_branch/early_fusion_facial_v2/fusion_pack_5f/sequences/02-01-08-02-02-01-08.npy,5,2048,02-01-08-02-02-01-08,canonical_02,5,7,surprise,0.019543494377285243,0.01174254147335887,0.012610912322998047,0.011113336682319641,0.013887769728899001,0.013804409466683865,0.01257116235792637,0.9047263264656067,1,1,1,complete
01-08-02-02-02-08,02-01-08-02-02-02-08,02-01-08-02-02-02-08,data/raw/ravdess/video_speech/Video_Speech_Actor_08/Actor_08/02-01-08-02-02-02-08.mp4,8,train,08,7,surprise,02,02,02,02-01-08-02-02-02-08,canonical_02,/home/tonyhe/ravdess_avfusion/external/video_face_branch/early_fusion_facial_v2/fusion_pack_5f/sequences/02-01-08-02-02-02-08.npy,5,2048,02-01-08-02-02-02-08,canonical_02,5,7,surprise,0.02028147242963314,0.011472304537892341,0.010919495113193988,0.01875018384307623,0.012448844127357006,0.0086309137288481,0.012277061864733697,0.9052196741104126,1,1,1,complete
01-01-01-01-01-09,02-01-01-01-01-01-09,02-01-01-01-01-01-09,data/raw/ravdess/video_speech/Video_Speech_Actor_09/Actor_09/02-01-01-01-01-01-09.mp4,9,train,01,0,neutral,01,01,01,02-01-01-01-01-01-09,canonical_02,/home/tonyhe/ravdess_avfusion/external/video_face_branch/early_fusion_facial_v2/fusion_pack_5f/sequences/02-01-01-01-01-01-09.npy,5,2048,02-01-01-01-01-01-09,canonical_02,5,0,neutral,0.962617301940918,0.0051886911503970625,0.004462117934599519,0.005472474917769432,0.004140057554468513,0.005345209920778871,0.005952952150255442,0.006821130961179733,1,1,1,complete
01-01-01-01-02-09,02-01-01-01-01-02-09,02-01-01-01-01-02-09,data/raw/ravdess/video_speech/Video_Speech_Actor_09/Actor_09/02-01-01-01-01-02-09.mp4,9,train,01,0,neutral,01,01,02,02-01-01-01-01-02-09,canonical_02,/home/tonyhe/ravdess_avfusion/external/video_face_branch/early_fusion_facial_v2/fusion_pack_5f/sequences/02-01-01-01-01-02-09.npy,5,2048,02-01-01-01-01-02-09,canonical_02,5,0,neutral,0.9636746525764466,0.004750401340425014,0.004653454385697841,0.005225335340946912,0.0035926970187574623,0.004978681495413184,0.005171194858849049,0.007953563053160907,1,1,1,complete
01-01-01-02-01-09,02-01-01-01-02-01-09,02-01-01-01-02-01-09,data/raw/ravdess/video_speech/Video_Speech_Actor_09/Actor_09/02-01-01-01-02-01-09.mp4,9,train,01,0,neutral,01,02,01,02-01-01-01-02-01-09,canonical_02,/home/tonyhe/ravdess_avfusion/external/video_face_branch/early_fusion_facial_v2/fusion_pack_5f/sequences/02-01-01-01-02-01-09.npy,5,2048,02-01-01-01-02-01-09,canonical_02,5,0,neutral,0.9620835065841675,0.004597752820700407,0.0049756892491132024,0.005565568245947361,0.004748630570247769,0.00574783980846405,0.005353770963847637,0.0069272459484636785,1,1,1,complete
01-01-01-02-02-09,02-01-01-01-02-02-09,02-01-01-01-02-02-09,data/raw/ravdess/video_speech/Video_Speech_Actor_09/Actor_09/02-01-01-01-02-02-09.mp4,9,train,01,0,neutral,01,02,02,02-01-01-01-02-02-09,canonical_02,/home/tonyhe/ravdess_avfusion/external/video_face_branch/early_fusion_facial_v2/fusion_pack_5f/sequences/02-01-01-01-02-02-09.npy,5,2048,02-01-01-01-02-02-09,canonical_02,5,0,neutral,0.9600737452507019,0.005172549048438668,0.005200998624786735,0.0064768711104989055,0.004677054332569241,0.00623480249196291,0.00613662526011467,0.006027388665825128,1,1,1,complete
01-02-01-01-01-09,02-01-02-01-01-01-09,02-01-02-01-01-01-09,data/raw/ravdess/video_speech/Video_Speech_Actor_09/Actor_09/02-01-02-01-01-01-09.mp4,9,train,02,1,calm,01,01,01,02-01-02-01-01-01-09,canonical_02,/home/tonyhe/ravdess_avfusion/external/video_face_branch/early_fusion_facial_v2/fusion_pack_5f/sequences/02-01-02-01-01-01-09.npy,5,2048,02-01-02-01-01-01-09,canonical_02,5,1,calm,0.02875549905002117,0.885815155506134,0.011318226717412472,0.014192978292703629,0.014176721498370171,0.015033510886132717,0.015584496222436428,0.015123420208692551,1,1,1,complete
01-02-01-01-02-09,02-01-02-01-01-02-09,02-01-02-01-01-02-09,data/raw/ravdess/video_speech/Video_Speech_Actor_09/Actor_09/02-01-02-01-01-02-09.mp4,9,train,02,1,calm,01,01,02,02-01-02-01-01-02-09,canonical_02,/home/tonyhe/ravdess_avfusion/external/video_face_branch/early_fusion_facial_v2/fusion_pack_5f/sequences/02-01-02-01-01-02-09.npy,5,2048,02-01-02-01-01-02-09,canonical_02,5,1,calm,0.02602411210536957,0.897188937664032,0.012362893857061862,0.01362383421510458,0.011130423657596112,0.012236719205975532,0.013445948995649815,0.013987133093178273,1,1,1,complete
01-02-01-02-01-09,02-01-02-01-02-01-09,02-01-02-01-02-01-09,data/raw/ravdess/video_speech/Video_Speech_Actor_09/Actor_09/02-01-02-01-02-01-09.mp4,9,train,02,1,calm,01,02,01,02-01-02-01-02-01-09,canonical_02,/home/tonyhe/ravdess_avfusion/external/video_face_branch/early_fusion_facial_v2/fusion_pack_5f/sequences/02-01-02-01-02-01-09.npy,5,2048,02-01-02-01-02-01-09,canonical_02,5,1,calm,0.02841453589498997,0.8854044318199158,0.012212186679244041,0.013323267549276352,0.014645072631537914,0.01404354888945818,0.016124176606535912,0.015832765400409697,1,1,1,complete
01-02-01-02-02-09,02-01-02-01-02-02-09,02-01-02-01-02-02-09,data/raw/ravdess/video_speech/Video_Speech_Actor_09/Actor_09/02-01-02-01-02-02-09.mp4,9,train,02,1,calm,01,02,02,02-01-02-01-02-02-09,canonical_02,/home/tonyhe/ravdess_avfusion/external/video_face_branch/early_fusion_facial_v2/fusion_pack_5f/sequences/02-01-02-01-02-02-09.npy,5,2048,02-01-02-01-02-02-09,canonical_02,5,1,calm,0.02573935389518738,0.8933210134506225,0.012630647048354149,0.013744455017149448,0.012149951420724392,0.012643459625542164,0.014418398588895797,0.01535270195454359,1,1,1,complete
01-02-02-01-01-09,02-01-02-02-01-01-09,02-01-02-02-01-01-09,data/raw/ravdess/video_speech/Video_Speech_Actor_09/Actor_09/02-01-02-02-01-01-09.mp4,9,train,02,1,calm,02,01,01,02-01-02-02-01-01-09,canonical_02,/home/tonyhe/ravdess_avfusion/external/video_face_branch/early_fusion_facial_v2/fusion_pack_5f/sequences/02-01-02-02-01-01-09.npy,5,2048,02-01-02-02-01-01-09,canonical_02,5,1,calm,0.028082649037241936,0.8737307548522949,0.014784109964966773,0.01565809678286314,0.01378579456359148,0.015138182602822781,0.02020854875445366,0.01861185021698475,1,1,1,complete
01-02-02-01-02-09,02-01-02-02-01-02-09,02-01-02-02-01-02-09,data/raw/ravdess/video_speech/Video_Speech_Actor_09/Actor_09/02-01-02-02-01-02-09.mp4,9,train,02,1,calm,02,01,02,02-01-02-02-01-02-09,canonical_02,/home/tonyhe/ravdess_avfusion/external/video_face_branch/early_fusion_facial_v2/fusion_pack_5f/sequences/02-01-02-02-01-02-09.npy,5,2048,02-01-02-02-01-02-09,canonical_02,5,1,calm,0.027492082491517068,0.883280086517334,0.012212892435491085,0.01839482020586729,0.013145085051655769,0.015212872810661793,0.016258207336068153,0.014003949798643589,1,1,1,complete
01-02-02-02-01-09,02-01-02-02-02-01-09,02-01-02-02-02-01-09,data/raw/ravdess/video_speech/Video_Speech_Actor_09/Actor_09/02-01-02-02-02-01-09.mp4,9,train,02,1,calm,02,02,01,02-01-02-02-02-01-09,canonical_02,/home/tonyhe/ravdess_avfusion/external/video_face_branch/early_fusion_facial_v2/fusion_pack_5f/sequences/02-01-02-02-02-01-09.npy,5,2048,02-01-02-02-02-01-09,canonical_02,5,1,calm,0.03136234171688557,0.880413293838501,0.014081675745546817,0.012810718268156052,0.013911313004791736,0.01420352291315794,0.0166466798633337,0.016570484824478628,1,1,1,complete
01-02-02-02-02-09,02-01-02-02-02-02-09,02-01-02-02-02-02-09,data/raw/ravdess/video_speech/Video_Speech_Actor_09/Actor_09/02-01-02-02-02-02-09.mp4,9,train,02,1,calm,02,02,02,02-01-02-02-02-02-09,canonical_02,/home/tonyhe/ravdess_avfusion/external/video_face_branch/early_fusion_facial_v2/fusion_pack_5f/sequences/02-01-02-02-02-02-09.npy,5,2048,02-01-02-02-02-02-09,canonical_02,5,1,calm,0.03186292052268982,0.8807525157928466,0.012636519968509674,0.01683897115290165,0.01336138416081667,0.013981113024055958,0.01731584910303354,0.013250707648694515,1,1,1,complete
01-03-01-01-01-09,02-01-03-01-01-01-09,02-01-03-01-01-01-09,data/raw/ravdess/video_speech/Video_Speech_Actor_09/Actor_09/02-01-03-01-01-01-09.mp4,9,train,03,2,happy,01,01,01,02-01-03-01-01-01-09,canonical_02,/home/tonyhe/ravdess_avfusion/external/video_face_branch/early_fusion_facial_v2/fusion_pack_5f/sequences/02-01-03-01-01-01-09.npy,5,2048,02-01-03-01-01-01-09,canonical_02,5,2,happy,0.019995431043207647,0.010944170877337456,0.9139366745948792,0.009927366301417351,0.012105233687907457,0.0091065620072186,0.013028575852513314,0.010955981351435185,1,1,1,complete
01-03-01-01-02-09,02-01-03-01-01-02-09,02-01-03-01-01-02-09,data/raw/ravdess/video_speech/Video_Speech_Actor_09/Actor_09/02-01-03-01-01-02-09.mp4,9,train,03,2,happy,01,01,02,02-01-03-01-01-02-09,canonical_02,/home/tonyhe/ravdess_avfusion/external/video_face_branch/early_fusion_facial_v2/fusion_pack_5f/sequences/02-01-03-01-01-02-09.npy,5,2048,02-01-03-01-01-02-09,canonical_02,5,2,happy,0.017636552825570105,0.011258929222822189,0.9152108788490295,0.010176868550479412,0.009963632933795452,0.00949877705425024,0.013046411424875259,0.013207978196442127,1,1,1,complete
01-03-01-02-01-09,02-01-03-01-02-01-09,02-01-03-01-02-01-09,data/raw/ravdess/video_speech/Video_Speech_Actor_09/Actor_09/02-01-03-01-02-01-09.mp4,9,train,03,2,happy,01,02,01,02-01-03-01-02-01-09,canonical_02,/home/tonyhe/ravdess_avfusion/external/video_face_branch/early_fusion_facial_v2/fusion_pack_5f/sequences/02-01-03-01-02-01-09.npy,5,2048,02-01-03-01-02-01-09,canonical_02,5,2,happy,0.016889283433556557,0.011241691745817661,0.9126453518867492,0.012672782689332963,0.010384713299572468,0.01088727731257677,0.012557965517044068,0.012720911204814911,1,1,1,complete
01-03-01-02-02-09,02-01-03-01-02-02-09,02-01-03-01-02-02-09,data/raw/ravdess/video_speech/Video_Speech_Actor_09/Actor_09/02-01-03-01-02-02-09.mp4,9,train,03,2,happy,01,02,02,02-01-03-01-02-02-09,canonical_02,/home/tonyhe/ravdess_avfusion/external/video_face_branch/early_fusion_facial_v2/fusion_pack_5f/sequences/02-01-03-01-02-02-09.npy,5,2048,02-01-03-01-02-02-09,canonical_02,5,2,happy,0.01756073608994484,0.012637157365679741,0.9134032011032105,0.01043100394308567,0.010672718472778796,0.010281863808631896,0.011447503231465816,0.013565824925899505,1,1,1,complete
01-03-02-01-01-09,02-01-03-02-01-01-09,02-01-03-02-01-01-09,data/raw/ravdess/video_speech/Video_Speech_Actor_09/Actor_09/02-01-03-02-01-01-09.mp4,9,train,03,2,happy,02,01,01,02-01-03-02-01-01-09,canonical_02,/home/tonyhe/ravdess_avfusion/external/video_face_branch/early_fusion_facial_v2/fusion_pack_5f/sequences/02-01-03-02-01-01-09.npy,5,2048,02-01-03-02-01-01-09,canonical_02,5,2,happy,0.01823516208678484,0.01650563217699528,0.912382173538208,0.009822031483054161,0.009436099790036678,0.008678503427654504,0.01175688561052084,0.013183503597974777,1,1,1,complete
01-03-02-01-02-09,02-01-03-02-01-02-09,02-01-03-02-01-02-09,data/raw/ravdess/video_speech/Video_Speech_Actor_09/Actor_09/02-01-03-02-01-02-09.mp4,9,train,03,2,happy,02,01,02,02-01-03-02-01-02-09,canonical_02,/home/tonyhe/ravdess_avfusion/external/video_face_branch/early_fusion_facial_v2/fusion_pack_5f/sequences/02-01-03-02-01-02-09.npy,5,2048,02-01-03-02-01-02-09,canonical_02,5,2,happy,0.01892516054213047,0.013112577423453332,0.9147037625312805,0.009643135033547879,0.011107300035655498,0.009528936631977559,0.011367760971188546,0.011611348576843738,1,1,1,complete
01-03-02-02-01-09,02-01-03-02-02-01-09,02-01-03-02-02-01-09,data/raw/ravdess/video_speech/Video_Speech_Actor_09/Actor_09/02-01-03-02-02-01-09.mp4,9,train,03,2,happy,02,02,01,02-01-03-02-02-01-09,canonical_02,/home/tonyhe/ravdess_avfusion/external/video_face_branch/early_fusion_facial_v2/fusion_pack_5f/sequences/02-01-03-02-02-01-09.npy,5,2048,02-01-03-02-02-01-09,canonical_02,5,2,happy,0.018032483756542206,0.012173784151673316,0.9161727547645568,0.010282518900930881,0.009533629845827818,0.010282917879521847,0.011937212385237216,0.011584680899977684,1,1,1,complete
01-03-02-02-02-09,02-01-03-02-02-02-09,02-01-03-02-02-02-09,data/raw/ravdess/video_speech/Video_Speech_Actor_09/Actor_09/02-01-03-02-02-02-09.mp4,9,train,03,2,happy,02,02,02,02-01-03-02-02-02-09,canonical_02,/home/tonyhe/ravdess_avfusion/external/video_face_branch/early_fusion_facial_v2/fusion_pack_5f/sequences/02-01-03-02-02-02-09.npy,5,2048,02-01-03-02-02-02-09,canonical_02,5,2,happy,0.019779909402132034,0.013016951270401478,0.9102090716361999,0.010436432063579559,0.01086758989840746,0.010684190317988396,0.013074598461389541,0.011931312456727027,1,1,1,complete
01-04-01-01-01-09,02-01-04-01-01-01-09,02-01-04-01-01-01-09,data/raw/ravdess/video_speech/Video_Speech_Actor_09/Actor_09/02-01-04-01-01-01-09.mp4,9,train,04,3,sad,01,01,01,02-01-04-01-01-01-09,canonical_02,/home/tonyhe/ravdess_avfusion/external/video_face_branch/early_fusion_facial_v2/fusion_pack_5f/sequences/02-01-04-01-01-01-09.npy,5,2048,02-01-04-01-01-01-09,canonical_02,5,3,sad,0.022899601981043814,0.008968907967209816,0.009498128201812506,0.9091187238693237,0.011006773822009564,0.010590009763836861,0.013226267509162426,0.01469157300889492,1,1,1,complete
01-04-01-01-02-09,02-01-04-01-01-02-09,02-01-04-01-01-02-09,data/raw/ravdess/video_speech/Video_Speech_Actor_09/Actor_09/02-01-04-01-01-02-09.mp4,9,train,04,3,sad,01,01,02,02-01-04-01-01-02-09,canonical_02,/home/tonyhe/ravdess_avfusion/external/video_face_branch/early_fusion_facial_v2/fusion_pack_5f/sequences/02-01-04-01-01-02-09.npy,5,2048,02-01-04-01-01-02-09,canonical_02,5,3,sad,0.024050940945744514,0.012312611937522889,0.01026712954044342,0.9041478037834167,0.010165306273847818,0.008436667267233133,0.01640143245458603,0.014218124933540821,1,1,1,complete
01-04-01-02-01-09,02-01-04-01-02-01-09,02-01-04-01-02-01-09,data/raw/ravdess/video_speech/Video_Speech_Actor_09/Actor_09/02-01-04-01-02-01-09.mp4,9,train,04,3,sad,01,02,01,02-01-04-01-02-01-09,canonical_02,/home/tonyhe/ravdess_avfusion/external/video_face_branch/early_fusion_facial_v2/fusion_pack_5f/sequences/02-01-04-01-02-01-09.npy,5,2048,02-01-04-01-02-01-09,canonical_02,5,3,sad,0.019183852523565293,0.009287615772336721,0.010524564981460571,0.9146099925041199,0.011214117333292962,0.01069458369165659,0.013494708947837353,0.010990562569350004,1,1,1,complete
01-04-01-02-02-09,02-01-04-01-02-02-09,02-01-04-01-02-02-09,data/raw/ravdess/video_speech/Video_Speech_Actor_09/Actor_09/02-01-04-01-02-02-09.mp4,9,train,04,3,sad,01,02,02,02-01-04-01-02-02-09,canonical_02,/home/tonyhe/ravdess_avfusion/external/video_face_branch/early_fusion_facial_v2/fusion_pack_5f/sequences/02-01-04-01-02-02-09.npy,5,2048,02-01-04-01-02-02-09,canonical_02,5,3,sad,0.023078210651874542,0.011923686973750592,0.011630607582628728,0.8923277139663697,0.012974589131772518,0.010717878490686417,0.020289318449795247,0.017058003321290018,1,1,1,complete
01-04-02-01-01-09,02-01-04-02-01-01-09,02-01-04-02-01-01-09,data/raw/ravdess/video_speech/Video_Speech_Actor_09/Actor_09/02-01-04-02-01-01-09.mp4,9,train,04,3,sad,02,01,01,02-01-04-02-01-01-09,canonical_02,/home/tonyhe/ravdess_avfusion/external/video_face_branch/early_fusion_facial_v2/fusion_pack_5f/sequences/02-01-04-02-01-01-09.npy,5,2048,02-01-04-02-01-01-09,canonical_02,5,3,sad,0.026790785044431685,0.013699453696608544,0.015291162952780723,0.8635717630386353,0.012191345542669296,0.01178386677056551,0.04422345943748951,0.012448159977793694,1,1,1,complete
01-04-02-01-02-09,02-01-04-02-01-02-09,02-01-04-02-01-02-09,data/raw/ravdess/video_speech/Video_Speech_Actor_09/Actor_09/02-01-04-02-01-02-09.mp4,9,train,04,3,sad,02,01,02,02-01-04-02-01-02-09,canonical_02,/home/tonyhe/ravdess_avfusion/external/video_face_branch/early_fusion_facial_v2/fusion_pack_5f/sequences/02-01-04-02-01-02-09.npy,5,2048,02-01-04-02-01-02-09,canonical_02,5,3,sad,0.026876936852931976,0.01458363588899374,0.013999742921441793,0.8455287098884583,0.012618325464427472,0.010687390714883805,0.06383579559624195,0.011869451589882373,1,1,1,complete
01-04-02-02-01-09,02-01-04-02-02-01-09,02-01-04-02-02-01-09,data/raw/ravdess/video_speech/Video_Speech_Actor_09/Actor_09/02-01-04-02-02-01-09.mp4,9,train,04,3,sad,02,02,01,02-01-04-02-02-01-09,canonical_02,/home/tonyhe/ravdess_avfusion/external/video_face_branch/early_fusion_facial_v2/fusion_pack_5f/sequences/02-01-04-02-02-01-09.npy,5,2048,02-01-04-02-02-01-09,canonical_02,5,3,sad,0.024288184940814972,0.01322065070271492,0.011116059683263301,0.8838578939437867,0.01225733682513237,0.010839239321649074,0.03424860164523125,0.010172023251652718,1,1,1,complete
01-04-02-02-02-09,02-01-04-02-02-02-09,02-01-04-02-02-02-09,data/raw/ravdess/video_speech/Video_Speech_Actor_09/Actor_09/02-01-04-02-02-02-09.mp4,9,train,04,3,sad,02,02,02,02-01-04-02-02-02-09,canonical_02,/home/tonyhe/ravdess_avfusion/external/video_face_branch/early_fusion_facial_v2/fusion_pack_5f/sequences/02-01-04-02-02-02-09.npy,5,2048,02-01-04-02-02-02-09,canonical_02,5,3,sad,0.01840788535773754,0.011027848906815052,0.008851274847984314,0.9137672901153564,0.010618032328784466,0.00735100144520402,0.020717108249664308,0.00925961323082447,1,1,1,complete
01-05-01-01-01-09,02-01-05-01-01-01-09,02-01-05-01-01-01-09,data/raw/ravdess/video_speech/Video_Speech_Actor_09/Actor_09/02-01-05-01-01-01-09.mp4,9,train,05,4,angry,01,01,01,02-01-05-01-01-01-09,canonical_02,/home/tonyhe/ravdess_avfusion/external/video_face_branch/early_fusion_facial_v2/fusion_pack_5f/sequences/02-01-05-01-01-01-09.npy,5,2048,02-01-05-01-01-01-09,canonical_02,5,4,angry,0.02226458564400673,0.011872545070946216,0.0123991833999753,0.009624915942549706,0.9132068037986756,0.009731568675488234,0.011136861331760884,0.009763559978455304,1,1,1,complete
01-05-01-01-02-09,02-01-05-01-01-02-09,02-01-05-01-01-02-09,data/raw/ravdess/video_speech/Video_Speech_Actor_09/Actor_09/02-01-05-01-01-02-09.mp4,9,train,05,4,angry,01,01,02,02-01-05-01-01-02-09,canonical_02,/home/tonyhe/ravdess_avfusion/external/video_face_branch/early_fusion_facial_v2/fusion_pack_5f/sequences/02-01-05-01-01-02-09.npy,5,2048,02-01-05-01-01-02-09,canonical_02,5,4,angry,0.021704940497875212,0.011682894825935364,0.010659739747643471,0.011202782578766345,0.9147849917411804,0.010578957945108413,0.011638879589736462,0.007746799569576979,1,1,1,complete
01-05-01-02-01-09,02-01-05-01-02-01-09,02-01-05-01-02-01-09,data/raw/ravdess/video_speech/Video_Speech_Actor_09/Actor_09/02-01-05-01-02-01-09.mp4,9,train,05,4,angry,01,02,01,02-01-05-01-02-01-09,canonical_02,/home/tonyhe/ravdess_avfusion/external/video_face_branch/early_fusion_facial_v2/fusion_pack_5f/sequences/02-01-05-01-02-01-09.npy,5,2048,02-01-05-01-02-01-09,canonical_02,5,4,angry,0.022190604731440543,0.012116337660700083,0.013709394820034504,0.009444548841565847,0.9067033410072327,0.011736312881112099,0.01075698398053646,0.013342434074729681,1,1,1,complete
01-05-01-02-02-09,02-01-05-01-02-02-09,02-01-05-01-02-02-09,data/raw/ravdess/video_speech/Video_Speech_Actor_09/Actor_09/02-01-05-01-02-02-09.mp4,9,train,05,4,angry,01,02,02,02-01-05-01-02-02-09,canonical_02,/home/tonyhe/ravdess_avfusion/external/video_face_branch/early_fusion_facial_v2/fusion_pack_5f/sequences/02-01-05-01-02-02-09.npy,5,2048,02-01-05-01-02-02-09,canonical_02,5,4,angry,0.02337631806731224,0.011161843873560428,0.010111527517437935,0.010255540627986193,0.9150219678878784,0.010224777646362782,0.010395106673240662,0.009452944528311491,1,1,1,complete
01-05-02-01-01-09,02-01-05-02-01-01-09,02-01-05-02-01-01-09,data/raw/ravdess/video_speech/Video_Speech_Actor_09/Actor_09/02-01-05-02-01-01-09.mp4,9,train,05,4,angry,02,01,01,02-01-05-02-01-01-09,canonical_02,/home/tonyhe/ravdess_avfusion/external/video_face_branch/early_fusion_facial_v2/fusion_pack_5f/sequences/02-01-05-02-01-01-09.npy,5,2048,02-01-05-02-01-01-09,canonical_02,5,4,angry,0.015091824717819691,0.010070609394460917,0.009418886341154575,0.009367728047072888,0.9229028820991516,0.01018920512869954,0.012470892816781997,0.010487999394536018,1,1,1,complete
01-05-02-01-02-09,02-01-05-02-01-02-09,02-01-05-02-01-02-09,data/raw/ravdess/video_speech/Video_Speech_Actor_09/Actor_09/02-01-05-02-01-02-09.mp4,9,train,05,4,angry,02,01,02,02-01-05-02-01-02-09,canonical_02,/home/tonyhe/ravdess_avfusion/external/video_face_branch/early_fusion_facial_v2/fusion_pack_5f/sequences/02-01-05-02-01-02-09.npy,5,2048,02-01-05-02-01-02-09,canonical_02,5,4,angry,0.0196981817483902,0.013976138830184937,0.014804764464497567,0.010746656078845262,0.9038665413856506,0.00949252573773265,0.014223381504416465,0.013191813509911299,1,1,1,complete
01-05-02-02-01-09,02-01-05-02-02-01-09,02-01-05-02-02-01-09,data/raw/ravdess/video_speech/Video_Speech_Actor_09/Actor_09/02-01-05-02-02-01-09.mp4,9,train,05,4,angry,02,02,01,02-01-05-02-02-01-09,canonical_02,/home/tonyhe/ravdess_avfusion/external/video_face_branch/early_fusion_facial_v2/fusion_pack_5f/sequences/02-01-05-02-02-01-09.npy,5,2048,02-01-05-02-02-01-09,canonical_02,5,4,angry,0.01804427560418844,0.010445002838969231,0.009835238382220269,0.008192132413387298,0.9260527133941651,0.007312928885221481,0.011190136708319188,0.008927572704851627,1,1,1,complete
01-05-02-02-02-09,02-01-05-02-02-02-09,02-01-05-02-02-02-09,data/raw/ravdess/video_speech/Video_Speech_Actor_09/Actor_09/02-01-05-02-02-02-09.mp4,9,train,05,4,angry,02,02,02,02-01-05-02-02-02-09,canonical_02,/home/tonyhe/ravdess_avfusion/external/video_face_branch/early_fusion_facial_v2/fusion_pack_5f/sequences/02-01-05-02-02-02-09.npy,5,2048,02-01-05-02-02-02-09,canonical_02,5,4,angry,0.02278427630662918,0.015604432113468647,0.01343325488269329,0.010891586542129517,0.8977378249168396,0.010286698397248984,0.01574518661946058,0.013516739383339882,1,1,1,complete
01-06-01-01-01-09,02-01-06-01-01-01-09,02-01-06-01-01-01-09,data/raw/ravdess/video_speech/Video_Speech_Actor_09/Actor_09/02-01-06-01-01-01-09.mp4,9,train,06,5,fearful,01,01,01,02-01-06-01-01-01-09,canonical_02,/home/tonyhe/ravdess_avfusion/external/video_face_branch/early_fusion_facial_v2/fusion_pack_5f/sequences/02-01-06-01-01-01-09.npy,5,2048,02-01-06-01-01-01-09,canonical_02,5,5,fearful,0.020934679359197617,0.009769499860703945,0.010291695594787598,0.012970507889986039,0.017507701832801103,0.9116117119789123,0.009673555754125119,0.007240629568696022,1,1,1,complete
01-06-01-01-02-09,02-01-06-01-01-02-09,02-01-06-01-01-02-09,data/raw/ravdess/video_speech/Video_Speech_Actor_09/Actor_09/02-01-06-01-01-02-09.mp4,9,train,06,5,fearful,01,01,02,02-01-06-01-01-02-09,canonical_02,/home/tonyhe/ravdess_avfusion/external/video_face_branch/early_fusion_facial_v2/fusion_pack_5f/sequences/02-01-06-01-01-02-09.npy,5,2048,02-01-06-01-01-02-09,canonical_02,5,5,fearful,0.01718263663351536,0.008858902100473642,0.008142326213419437,0.0073716497048735615,0.009108232613652945,0.9326611876487731,0.00993076516315341,0.006744310539215803,1,1,1,complete
01-06-01-02-01-09,02-01-06-01-02-01-09,02-01-06-01-02-01-09,data/raw/ravdess/video_speech/Video_Speech_Actor_09/Actor_09/02-01-06-01-02-01-09.mp4,9,train,06,5,fearful,01,02,01,02-01-06-01-02-01-09,canonical_02,/home/tonyhe/ravdess_avfusion/external/video_face_branch/early_fusion_facial_v2/fusion_pack_5f/sequences/02-01-06-01-02-01-09.npy,5,2048,02-01-06-01-02-01-09,canonical_02,5,5,fearful,0.022776608914136888,0.009406753815710545,0.008420209772884846,0.009185172151774168,0.008543349709361792,0.9253344535827637,0.009417768009006977,0.006915684696286917,1,1,1,complete
01-06-01-02-02-09,02-01-06-01-02-02-09,02-01-06-01-02-02-09,data/raw/ravdess/video_speech/Video_Speech_Actor_09/Actor_09/02-01-06-01-02-02-09.mp4,9,train,06,5,fearful,01,02,02,02-01-06-01-02-02-09,canonical_02,/home/tonyhe/ravdess_avfusion/external/video_face_branch/early_fusion_facial_v2/fusion_pack_5f/sequences/02-01-06-01-02-02-09.npy,5,2048,02-01-06-01-02-02-09,canonical_02,5,5,fearful,0.023202962055802346,0.010487750917673112,0.009511716291308403,0.010143520124256612,0.007724243775010109,0.9188783407211304,0.010483160614967346,0.009568364545702934,1,1,1,complete
01-06-02-01-01-09,02-01-06-02-01-01-09,02-01-06-02-01-01-09,data/raw/ravdess/video_speech/Video_Speech_Actor_09/Actor_09/02-01-06-02-01-01-09.mp4,9,train,06,5,fearful,02,01,01,02-01-06-02-01-01-09,canonical_02,/home/tonyhe/ravdess_avfusion/external/video_face_branch/early_fusion_facial_v2/fusion_pack_5f/sequences/02-01-06-02-01-01-09.npy,5,2048,02-01-06-02-01-01-09,canonical_02,5,5,fearful,0.022718996182084082,0.010207251086831093,0.009475168492645025,0.00994312036782503,0.007463915180414915,0.9226484060287475,0.009022139478474855,0.008520988840609789,1,1,1,complete
01-06-02-01-02-09,02-01-06-02-01-02-09,02-01-06-02-01-02-09,data/raw/ravdess/video_speech/Video_Speech_Actor_09/Actor_09/02-01-06-02-01-02-09.mp4,9,train,06,5,fearful,02,01,02,02-01-06-02-01-02-09,canonical_02,/home/tonyhe/ravdess_avfusion/external/video_face_branch/early_fusion_facial_v2/fusion_pack_5f/sequences/02-01-06-02-01-02-09.npy,5,2048,02-01-06-02-01-02-09,canonical_02,5,5,fearful,0.02232888787984848,0.011690033134073019,0.010094803478568792,0.007896578684449197,0.009370379149913788,0.9190498113632202,0.009386840090155602,0.010182629246264696,1,1,1,complete
01-06-02-02-01-09,02-01-06-02-02-01-09,02-01-06-02-02-01-09,data/raw/ravdess/video_speech/Video_Speech_Actor_09/Actor_09/02-01-06-02-02-01-09.mp4,9,train,06,5,fearful,02,02,01,02-01-06-02-02-01-09,canonical_02,/home/tonyhe/ravdess_avfusion/external/video_face_branch/early_fusion_facial_v2/fusion_pack_5f/sequences/02-01-06-02-02-01-09.npy,5,2048,02-01-06-02-02-01-09,canonical_02,5,5,fearful,0.01852341089397669,0.009475999511778355,0.008208128344267606,0.005303482851013541,0.006401458848267793,0.9368080854415893,0.00787246199324727,0.00740699665620923,1,1,1,complete
01-06-02-02-02-09,02-01-06-02-02-02-09,02-01-06-02-02-02-09,data/raw/ravdess/video_speech/Video_Speech_Actor_09/Actor_09/02-01-06-02-02-02-09.mp4,9,train,06,5,fearful,02,02,02,02-01-06-02-02-02-09,canonical_02,/home/tonyhe/ravdess_avfusion/external/video_face_branch/early_fusion_facial_v2/fusion_pack_5f/sequences/02-01-06-02-02-02-09.npy,5,2048,02-01-06-02-02-02-09,canonical_02,5,5,fearful,0.023689425364136697,0.011481673642992973,0.009814623463898896,0.007656792365014553,0.007164759188890457,0.9208117842674255,0.010242076218128204,0.009138913452625274,1,1,1,complete
01-07-01-01-01-09,02-01-07-01-01-01-09,02-01-07-01-01-01-09,data/raw/ravdess/video_speech/Video_Speech_Actor_09/Actor_09/02-01-07-01-01-01-09.mp4,9,train,07,6,disgust,01,01,01,02-01-07-01-01-01-09,canonical_02,/home/tonyhe/ravdess_avfusion/external/video_face_branch/early_fusion_facial_v2/fusion_pack_5f/sequences/02-01-07-01-01-01-09.npy,5,2048,02-01-07-01-01-01-09,canonical_02,5,6,disgust,0.021362904086709024,0.010068065859377385,0.010805691964924336,0.00914334487169981,0.011175593174993993,0.009658312425017357,0.9179070591926575,0.009879003651440144,1,1,1,complete
01-07-01-01-02-09,02-01-07-01-01-02-09,02-01-07-01-01-02-09,data/raw/ravdess/video_speech/Video_Speech_Actor_09/Actor_09/02-01-07-01-01-02-09.mp4,9,train,07,6,disgust,01,01,02,02-01-07-01-01-02-09,canonical_02,/home/tonyhe/ravdess_avfusion/external/video_face_branch/early_fusion_facial_v2/fusion_pack_5f/sequences/02-01-07-01-01-02-09.npy,5,2048,02-01-07-01-01-02-09,canonical_02,5,6,disgust,0.01999449674040079,0.009856710582971573,0.008416620362550021,0.00918667959049344,0.01028484497219324,0.007867970690131187,0.9263359785079956,0.008056672010570764,1,1,1,complete
01-07-01-02-01-09,02-01-07-01-02-01-09,02-01-07-01-02-01-09,data/raw/ravdess/video_speech/Video_Speech_Actor_09/Actor_09/02-01-07-01-02-01-09.mp4,9,train,07,6,disgust,01,02,01,02-01-07-01-02-01-09,canonical_02,/home/tonyhe/ravdess_avfusion/external/video_face_branch/early_fusion_facial_v2/fusion_pack_5f/sequences/02-01-07-01-02-01-09.npy,5,2048,02-01-07-01-02-01-09,canonical_02,5,6,disgust,0.02057671919465065,0.00946958027780056,0.008916009403765201,0.010804085433483124,0.01043005995452404,0.008546213153749704,0.9222171425819397,0.00904020043089986,1,1,1,complete
01-07-01-02-02-09,02-01-07-01-02-02-09,02-01-07-01-02-02-09,data/raw/ravdess/video_speech/Video_Speech_Actor_09/Actor_09/02-01-07-01-02-02-09.mp4,9,train,07,6,disgust,01,02,02,02-01-07-01-02-02-09,canonical_02,/home/tonyhe/ravdess_avfusion/external/video_face_branch/early_fusion_facial_v2/fusion_pack_5f/sequences/02-01-07-01-02-02-09.npy,5,2048,02-01-07-01-02-02-09,canonical_02,5,6,disgust,0.019922075793147087,0.009702660143375397,0.007936109043657779,0.008159431908279658,0.010153434239327908,0.00870240367949009,0.9250839233398438,0.010339945647865533,1,1,1,complete
01-07-02-01-01-09,02-01-07-02-01-01-09,02-01-07-02-01-01-09,data/raw/ravdess/video_speech/Video_Speech_Actor_09/Actor_09/02-01-07-02-01-01-09.mp4,9,train,07,6,disgust,02,01,01,02-01-07-02-01-01-09,canonical_02,/home/tonyhe/ravdess_avfusion/external/video_face_branch/early_fusion_facial_v2/fusion_pack_5f/sequences/02-01-07-02-01-01-09.npy,5,2048,02-01-07-02-01-01-09,canonical_02,5,6,disgust,0.01904478818178177,0.009691032208502292,0.009536391030997038,0.008947043400257825,0.010386456735432148,0.009231293573975563,0.9220787048339844,0.0110842639580369,1,1,1,complete
01-07-02-01-02-09,02-01-07-02-01-02-09,02-01-07-02-01-02-09,data/raw/ravdess/video_speech/Video_Speech_Actor_09/Actor_09/02-01-07-02-01-02-09.mp4,9,train,07,6,disgust,02,01,02,02-01-07-02-01-02-09,canonical_02,/home/tonyhe/ravdess_avfusion/external/video_face_branch/early_fusion_facial_v2/fusion_pack_5f/sequences/02-01-07-02-01-02-09.npy,5,2048,02-01-07-02-01-02-09,canonical_02,5,6,disgust,0.021040956676006316,0.009820838086307048,0.009300405252724886,0.008951312489807605,0.011045091971755027,0.01026313565671444,0.9181600570678711,0.011418196745216847,1,1,1,complete
01-07-02-02-01-09,02-01-07-02-02-01-09,02-01-07-02-02-01-09,data/raw/ravdess/video_speech/Video_Speech_Actor_09/Actor_09/02-01-07-02-02-01-09.mp4,9,train,07,6,disgust,02,02,01,02-01-07-02-02-01-09,canonical_02,/home/tonyhe/ravdess_avfusion/external/video_face_branch/early_fusion_facial_v2/fusion_pack_5f/sequences/02-01-07-02-02-01-09.npy,5,2048,02-01-07-02-02-01-09,canonical_02,5,6,disgust,0.020990575104951857,0.010274872370064258,0.00948153119534254,0.009318158589303493,0.011751722544431686,0.011703193746507167,0.9149040341377258,0.011575896106660367,1,1,1,complete
01-07-02-02-02-09,02-01-07-02-02-02-09,02-01-07-02-02-02-09,data/raw/ravdess/video_speech/Video_Speech_Actor_09/Actor_09/02-01-07-02-02-02-09.mp4,9,train,07,6,disgust,02,02,02,02-01-07-02-02-02-09,canonical_02,/home/tonyhe/ravdess_avfusion/external/video_face_branch/early_fusion_facial_v2/fusion_pack_5f/sequences/02-01-07-02-02-02-09.npy,5,2048,02-01-07-02-02-02-09,canonical_02,5,6,disgust,0.01957606039941311,0.009815574996173382,0.00889364555478096,0.008863420132547617,0.010554747190326452,0.009988256264477968,0.9214461803436279,0.010862149205058813,1,1,1,complete
01-08-01-01-01-09,02-01-08-01-01-01-09,02-01-08-01-01-01-09,data/raw/ravdess/video_speech/Video_Speech_Actor_09/Actor_09/02-01-08-01-01-01-09.mp4,9,train,08,7,surprise,01,01,01,02-01-08-01-01-01-09,canonical_02,/home/tonyhe/ravdess_avfusion/external/video_face_branch/early_fusion_facial_v2/fusion_pack_5f/sequences/02-01-08-01-01-01-09.npy,5,2048,02-01-08-01-01-01-09,canonical_02,5,7,surprise,0.023222291097044944,0.010054206103086471,0.009393248241394758,0.011545521765947342,0.01097931694239378,0.01007111994549632,0.01073127631098032,0.9140030741691589,1,1,1,complete
01-08-01-01-02-09,02-01-08-01-01-02-09,02-01-08-01-01-02-09,data/raw/ravdess/video_speech/Video_Speech_Actor_09/Actor_09/02-01-08-01-01-02-09.mp4,9,train,08,7,surprise,01,01,02,02-01-08-01-01-02-09,canonical_02,/home/tonyhe/ravdess_avfusion/external/video_face_branch/early_fusion_facial_v2/fusion_pack_5f/sequences/02-01-08-01-01-02-09.npy,5,2048,02-01-08-01-01-02-09,canonical_02,5,7,surprise,0.020018800906836987,0.01186310388147831,0.012637767009437084,0.011329595930874348,0.01099596656858921,0.009055127203464509,0.013119082152843475,0.9109805583953857,1,1,1,complete
01-08-01-02-01-09,02-01-08-01-02-01-09,02-01-08-01-02-01-09,data/raw/ravdess/video_speech/Video_Speech_Actor_09/Actor_09/02-01-08-01-02-01-09.mp4,9,train,08,7,surprise,01,02,01,02-01-08-01-02-01-09,canonical_02,/home/tonyhe/ravdess_avfusion/external/video_face_branch/early_fusion_facial_v2/fusion_pack_5f/sequences/02-01-08-01-02-01-09.npy,5,2048,02-01-08-01-02-01-09,canonical_02,5,7,surprise,0.019031157344579698,0.012474720925092697,0.014014828763902188,0.010223767906427383,0.01082988940179348,0.008367718290537595,0.013802451081573963,0.9112554907798767,1,1,1,complete
01-08-01-02-02-09,02-01-08-01-02-02-09,02-01-08-01-02-02-09,data/raw/ravdess/video_speech/Video_Speech_Actor_09/Actor_09/02-01-08-01-02-02-09.mp4,9,train,08,7,surprise,01,02,02,02-01-08-01-02-02-09,canonical_02,/home/tonyhe/ravdess_avfusion/external/video_face_branch/early_fusion_facial_v2/fusion_pack_5f/sequences/02-01-08-01-02-02-09.npy,5,2048,02-01-08-01-02-02-09,canonical_02,5,7,surprise,0.024470624700188636,0.014465161599218845,0.013862781412899493,0.011964171938598157,0.012217506393790245,0.011745701543986797,0.01608914081007242,0.895184862613678,1,1,1,complete
01-08-02-01-01-09,02-01-08-02-01-01-09,02-01-08-02-01-01-09,data/raw/ravdess/video_speech/Video_Speech_Actor_09/Actor_09/02-01-08-02-01-01-09.mp4,9,train,08,7,surprise,02,01,01,02-01-08-02-01-01-09,canonical_02,/home/tonyhe/ravdess_avfusion/external/video_face_branch/early_fusion_facial_v2/fusion_pack_5f/sequences/02-01-08-02-01-01-09.npy,5,2048,02-01-08-02-01-01-09,canonical_02,5,7,surprise,0.022570455446839333,0.011587849259376526,0.010273433662950993,0.012634484097361565,0.010965590737760067,0.010651097912341357,0.015164153184741735,0.9061529397964477,1,1,1,complete
01-08-02-01-02-09,02-01-08-02-01-02-09,02-01-08-02-01-02-09,data/raw/ravdess/video_speech/Video_Speech_Actor_09/Actor_09/02-01-08-02-01-02-09.mp4,9,train,08,7,surprise,02,01,02,02-01-08-02-01-02-09,canonical_02,/home/tonyhe/ravdess_avfusion/external/video_face_branch/early_fusion_facial_v2/fusion_pack_5f/sequences/02-01-08-02-01-02-09.npy,5,2048,02-01-08-02-01-02-09,canonical_02,5,7,surprise,0.020254198648035526,0.009900580905377866,0.010048490576446056,0.00929566314443946,0.01439061351120472,0.011169909499585629,0.011541757639497519,0.9133987665176392,1,1,1,complete
01-08-02-02-01-09,02-01-08-02-02-01-09,02-01-08-02-02-01-09,data/raw/ravdess/video_speech/Video_Speech_Actor_09/Actor_09/02-01-08-02-02-01-09.mp4,9,train,08,7,surprise,02,02,01,02-01-08-02-02-01-09,canonical_02,/home/tonyhe/ravdess_avfusion/external/video_face_branch/early_fusion_facial_v2/fusion_pack_5f/sequences/02-01-08-02-02-01-09.npy,5,2048,02-01-08-02-02-01-09,canonical_02,5,7,surprise,0.02256854362785816,0.01025608777999878,0.010583300329744815,0.012674499861896038,0.010051028244197369,0.011828657053411008,0.01406765952706337,0.9079702377319336,1,1,1,complete
01-08-02-02-02-09,02-01-08-02-02-02-09,02-01-08-02-02-02-09,data/raw/ravdess/video_speech/Video_Speech_Actor_09/Actor_09/02-01-08-02-02-02-09.mp4,9,train,08,7,surprise,02,02,02,02-01-08-02-02-02-09,canonical_02,/home/tonyhe/ravdess_avfusion/external/video_face_branch/early_fusion_facial_v2/fusion_pack_5f/sequences/02-01-08-02-02-02-09.npy,5,2048,02-01-08-02-02-02-09,canonical_02,5,7,surprise,0.020480673760175705,0.011003669165074826,0.01130949817597866,0.009887403529137372,0.008988793008029461,0.01092265909537673,0.020638774149119854,0.906768524646759,1,1,1,complete
01-01-01-01-01-10,02-01-01-01-01-01-10,02-01-01-01-01-01-10,data/raw/ravdess/video_speech/Video_Speech_Actor_10/Actor_10/02-01-01-01-01-01-10.mp4,10,train,01,0,neutral,01,01,01,02-01-01-01-01-01-10,canonical_02,/home/tonyhe/ravdess_avfusion/external/video_face_branch/early_fusion_facial_v2/fusion_pack_5f/sequences/02-01-01-01-01-01-10.npy,5,2048,02-01-01-01-01-01-10,canonical_02,5,0,neutral,0.9549044728279114,0.005642492417246103,0.006237486470490694,0.006530553195625543,0.004561520786955953,0.005675772950053215,0.0069593795575201515,0.009488260094076394,1,1,1,complete
01-01-01-01-02-10,02-01-01-01-01-02-10,02-01-01-01-01-02-10,data/raw/ravdess/video_speech/Video_Speech_Actor_10/Actor_10/02-01-01-01-01-02-10.mp4,10,train,01,0,neutral,01,01,02,02-01-01-01-01-02-10,canonical_02,/home/tonyhe/ravdess_avfusion/external/video_face_branch/early_fusion_facial_v2/fusion_pack_5f/sequences/02-01-01-01-01-02-10.npy,5,2048,02-01-01-01-01-02-10,canonical_02,5,0,neutral,0.9581504464149475,0.005893310811370611,0.006230836175382138,0.005780854169279337,0.004038565419614315,0.0049566499888896946,0.0070599732920527455,0.007889387104660273,1,1,1,complete
01-01-01-02-01-10,02-01-01-01-02-01-10,02-01-01-01-02-01-10,data/raw/ravdess/video_speech/Video_Speech_Actor_10/Actor_10/02-01-01-01-02-01-10.mp4,10,train,01,0,neutral,01,02,01,02-01-01-01-02-01-10,canonical_02,/home/tonyhe/ravdess_avfusion/external/video_face_branch/early_fusion_facial_v2/fusion_pack_5f/sequences/02-01-01-01-02-01-10.npy,5,2048,02-01-01-01-02-01-10,canonical_02,5,0,neutral,0.9508575201034546,0.006650023907423019,0.006953044328838587,0.00738412830978632,0.0046200705226510765,0.006148239411413669,0.007780749164521694,0.009606239572167396,1,1,1,complete
01-01-01-02-02-10,02-01-01-01-02-02-10,02-01-01-01-02-02-10,data/raw/ravdess/video_speech/Video_Speech_Actor_10/Actor_10/02-01-01-01-02-02-10.mp4,10,train,01,0,neutral,01,02,02,02-01-01-01-02-02-10,canonical_02,/home/tonyhe/ravdess_avfusion/external/video_face_branch/early_fusion_facial_v2/fusion_pack_5f/sequences/02-01-01-01-02-02-10.npy,5,2048,02-01-01-01-02-02-10,canonical_02,5,0,neutral,0.9595919609069824,0.005161013640463352,0.005387511104345322,0.006148888636380434,0.004176159668713808,0.004932257905602455,0.006922278180718422,0.007679890189319849,1,1,1,complete
01-02-01-01-01-10,02-01-02-01-01-01-10,02-01-02-01-01-01-10,data/raw/ravdess/video_speech/Video_Speech_Actor_10/Actor_10/02-01-02-01-01-01-10.mp4,10,train,02,1,calm,01,01,01,02-01-02-01-01-01-10,canonical_02,/home/tonyhe/ravdess_avfusion/external/video_face_branch/early_fusion_facial_v2/fusion_pack_5f/sequences/02-01-02-01-01-01-10.npy,5,2048,02-01-02-01-01-01-10,canonical_02,5,1,calm,0.03285428360104561,0.8804957270622253,0.013213032670319081,0.014794612303376198,0.015908978693187237,0.01123694721609354,0.01633835956454277,0.015158065967261792,1,1,1,complete
01-02-01-01-02-10,02-01-02-01-01-02-10,02-01-02-01-01-02-10,data/raw/ravdess/video_speech/Video_Speech_Actor_10/Actor_10/02-01-02-01-01-02-10.mp4,10,train,02,1,calm,01,01,02,02-01-02-01-01-02-10,canonical_02,/home/tonyhe/ravdess_avfusion/external/video_face_branch/early_fusion_facial_v2/fusion_pack_5f/sequences/02-01-02-01-01-02-10.npy,5,2048,02-01-02-01-01-02-10,canonical_02,5,1,calm,0.08493684120476246,0.800986897945404,0.025137789361178876,0.030070835165679453,0.013258971367031335,0.014897894114255905,0.017140507325530054,0.013570199720561504,1,1,1,complete
01-02-01-02-01-10,02-01-02-01-02-01-10,02-01-02-01-02-01-10,data/raw/ravdess/video_speech/Video_Speech_Actor_10/Actor_10/02-01-02-01-02-01-10.mp4,10,train,02,1,calm,01,02,01,02-01-02-01-02-01-10,canonical_02,/home/tonyhe/ravdess_avfusion/external/video_face_branch/early_fusion_facial_v2/fusion_pack_5f/sequences/02-01-02-01-02-01-10.npy,5,2048,02-01-02-01-02-01-10,canonical_02,5,1,calm,0.02497478052973747,0.8591827630996705,0.05080350637435913,0.021243851445615292,0.00982984583824873,0.01022038608789444,0.013310274202376604,0.010434567183256149,1,1,1,complete
01-02-01-02-02-10,02-01-02-01-02-02-10,02-01-02-01-02-02-10,data/raw/ravdess/video_speech/Video_Speech_Actor_10/Actor_10/02-01-02-01-02-02-10.mp4,10,train,02,1,calm,01,02,02,02-01-02-01-02-02-10,canonical_02,/home/tonyhe/ravdess_avfusion/external/video_face_branch/early_fusion_facial_v2/fusion_pack_5f/sequences/02-01-02-01-02-02-10.npy,5,2048,02-01-02-01-02-02-10,canonical_02,5,1,calm,0.02745346650481224,0.8842129826545715,0.019079944305121898,0.0301236130297184,0.007649010699242354,0.01008607717230916,0.009950631577521563,0.011444284208118915,1,1,1,complete
01-02-02-01-01-10,02-01-02-02-01-01-10,02-01-02-02-01-01-10,data/raw/ravdess/video_speech/Video_Speech_Actor_10/Actor_10/02-01-02-02-01-01-10.mp4,10,train,02,1,calm,02,01,01,02-01-02-02-01-01-10,canonical_02,/home/tonyhe/ravdess_avfusion/external/video_face_branch/early_fusion_facial_v2/fusion_pack_5f/sequences/02-01-02-02-01-01-10.npy,5,2048,02-01-02-02-01-01-10,canonical_02,5,1,calm,0.03417959436774254,0.8899445414543152,0.017357167229056357,0.016435853391885757,0.009532192442566156,0.00946429343894124,0.01226731576025486,0.010819048527628184,1,1,1,complete
01-02-02-01-02-10,02-01-02-02-01-02-10,02-01-02-02-01-02-10,data/raw/ravdess/video_speech/Video_Speech_Actor_10/Actor_10/02-01-02-02-01-02-10.mp4,10,train,02,1,calm,02,01,02,02-01-02-02-01-02-10,canonical_02,/home/tonyhe/ravdess_avfusion/external/video_face_branch/early_fusion_facial_v2/fusion_pack_5f/sequences/02-01-02-02-01-02-10.npy,5,2048,02-01-02-02-01-02-10,canonical_02,5,1,calm,0.25268919207155704,0.6650967717170715,0.014419705420732499,0.01859207879751921,0.008372431760653854,0.009010349586606025,0.016911159455776214,0.01490825042128563,1,1,1,complete
01-02-02-02-01-10,02-01-02-02-02-01-10,02-01-02-02-02-01-10,data/raw/ravdess/video_speech/Video_Speech_Actor_10/Actor_10/02-01-02-02-02-01-10.mp4,10,train,02,1,calm,02,02,01,02-01-02-02-02-01-10,canonical_02,/home/tonyhe/ravdess_avfusion/external/video_face_branch/early_fusion_facial_v2/fusion_pack_5f/sequences/02-01-02-02-02-01-10.npy,5,2048,02-01-02-02-02-01-10,canonical_02,5,1,calm,0.02895316667854786,0.8632913708686829,0.038302090391516684,0.01592808626592159,0.011672424990683794,0.01165204904973507,0.016137835942208766,0.014062977209687234,1,1,1,complete
01-02-02-02-02-10,02-01-02-02-02-02-10,02-01-02-02-02-02-10,data/raw/ravdess/video_speech/Video_Speech_Actor_10/Actor_10/02-01-02-02-02-02-10.mp4,10,train,02,1,calm,02,02,02,02-01-02-02-02-02-10,canonical_02,/home/tonyhe/ravdess_avfusion/external/video_face_branch/early_fusion_facial_v2/fusion_pack_5f/sequences/02-01-02-02-02-02-10.npy,5,2048,02-01-02-02-02-02-10,canonical_02,5,1,calm,0.25928968749940395,0.6268575474619865,0.0349527508020401,0.0194249140098691,0.006396562093868852,0.011095015332102776,0.02033273335546255,0.021650845557451247,1,1,1,complete
01-03-01-01-01-10,02-01-03-01-01-01-10,02-01-03-01-01-01-10,data/raw/ravdess/video_speech/Video_Speech_Actor_10/Actor_10/02-01-03-01-01-01-10.mp4,10,train,03,2,happy,01,01,01,02-01-03-01-01-01-10,canonical_02,/home/tonyhe/ravdess_avfusion/external/video_face_branch/early_fusion_facial_v2/fusion_pack_5f/sequences/02-01-03-01-01-01-10.npy,5,2048,02-01-03-01-01-01-10,canonical_02,5,2,happy,0.021478032507002354,0.0108209528028965,0.9151890993118286,0.010796899534761905,0.009597910381853581,0.009856262151151896,0.011178259458392858,0.011082597076892853,1,1,1,complete
01-03-01-01-02-10,02-01-03-01-01-02-10,02-01-03-01-01-02-10,data/raw/ravdess/video_speech/Video_Speech_Actor_10/Actor_10/02-01-03-01-01-02-10.mp4,10,train,03,2,happy,01,01,02,02-01-03-01-01-02-10,canonical_02,/home/tonyhe/ravdess_avfusion/external/video_face_branch/early_fusion_facial_v2/fusion_pack_5f/sequences/02-01-03-01-01-02-10.npy,5,2048,02-01-03-01-01-02-10,canonical_02,5,2,happy,0.022584527358412744,0.010236276499927043,0.90746910572052,0.011534438654780387,0.010188250150531531,0.012863157875835895,0.011632690764963627,0.013491592183709145,1,1,1,complete
01-03-01-02-01-10,02-01-03-01-02-01-10,02-01-03-01-02-01-10,data/raw/ravdess/video_speech/Video_Speech_Actor_10/Actor_10/02-01-03-01-02-01-10.mp4,10,train,03,2,happy,01,02,01,02-01-03-01-02-01-10,canonical_02,/home/tonyhe/ravdess_avfusion/external/video_face_branch/early_fusion_facial_v2/fusion_pack_5f/sequences/02-01-03-01-02-01-10.npy,5,2048,02-01-03-01-02-01-10,canonical_02,5,2,happy,0.02218760959804058,0.009847174771130085,0.9146910190582276,0.010381242539733649,0.010904096066951752,0.00991606218740344,0.012185443565249443,0.009887361247092486,1,1,1,complete
01-03-01-02-02-10,02-01-03-01-02-02-10,02-01-03-01-02-02-10,data/raw/ravdess/video_speech/Video_Speech_Actor_10/Actor_10/02-01-03-01-02-02-10.mp4,10,train,03,2,happy,01,02,02,02-01-03-01-02-02-10,canonical_02,/home/tonyhe/ravdess_avfusion/external/video_face_branch/early_fusion_facial_v2/fusion_pack_5f/sequences/02-01-03-01-02-02-10.npy,5,2048,02-01-03-01-02-02-10,canonical_02,5,2,happy,0.10166407264769077,0.017830172926187514,0.8105693638324738,0.010965895745903254,0.006541078165173531,0.00764511227607727,0.01115345349535346,0.03363084457814693,1,1,1,complete
01-03-02-01-01-10,02-01-03-02-01-01-10,02-01-03-02-01-01-10,data/raw/ravdess/video_speech/Video_Speech_Actor_10/Actor_10/02-01-03-02-01-01-10.mp4,10,train,03,2,happy,02,01,01,02-01-03-02-01-01-10,canonical_02,/home/tonyhe/ravdess_avfusion/external/video_face_branch/early_fusion_facial_v2/fusion_pack_5f/sequences/02-01-03-02-01-01-10.npy,5,2048,02-01-03-02-01-01-10,canonical_02,5,2,happy,0.02181742787361145,0.010285712964832782,0.9112797260284424,0.010803074575960636,0.00996011421084404,0.011708291433751582,0.01271460261195898,0.011431055888533593,1,1,1,complete
01-03-02-01-02-10,02-01-03-02-01-02-10,02-01-03-02-01-02-10,data/raw/ravdess/video_speech/Video_Speech_Actor_10/Actor_10/02-01-03-02-01-02-10.mp4,10,train,03,2,happy,02,01,02,02-01-03-02-01-02-10,canonical_02,/home/tonyhe/ravdess_avfusion/external/video_face_branch/early_fusion_facial_v2/fusion_pack_5f/sequences/02-01-03-02-01-02-10.npy,5,2048,02-01-03-02-01-02-10,canonical_02,5,2,happy,0.020954635739326478,0.009631823003292083,0.9202307105064392,0.010034859087318182,0.008101701736450195,0.010041111521422863,0.009994713496416808,0.01101044863462448,1,1,1,complete
01-03-02-02-01-10,02-01-03-02-02-01-10,02-01-03-02-02-01-10,data/raw/ravdess/video_speech/Video_Speech_Actor_10/Actor_10/02-01-03-02-02-01-10.mp4,10,train,03,2,happy,02,02,01,02-01-03-02-02-01-10,canonical_02,/home/tonyhe/ravdess_avfusion/external/video_face_branch/early_fusion_facial_v2/fusion_pack_5f/sequences/02-01-03-02-02-01-10.npy,5,2048,02-01-03-02-02-01-10,canonical_02,5,2,happy,0.02326987385749817,0.0071567874401807785,0.9095115423202514,0.011597087234258651,0.010717104002833367,0.0142029395326972,0.011211212165653706,0.012333427369594575,1,1,1,complete
01-03-02-02-02-10,02-01-03-02-02-02-10,02-01-03-02-02-02-10,data/raw/ravdess/video_speech/Video_Speech_Actor_10/Actor_10/02-01-03-02-02-02-10.mp4,10,train,03,2,happy,02,02,02,02-01-03-02-02-02-10,canonical_02,/home/tonyhe/ravdess_avfusion/external/video_face_branch/early_fusion_facial_v2/fusion_pack_5f/sequences/02-01-03-02-02-02-10.npy,5,2048,02-01-03-02-02-02-10,canonical_02,5,2,happy,0.02281816117465496,0.008794676419347525,0.9072849750518799,0.01153261326253414,0.010868574306368829,0.012486448884010315,0.012668029591441154,0.013546549715101719,1,1,1,complete
01-04-01-01-01-10,02-01-04-01-01-01-10,02-01-04-01-01-01-10,data/raw/ravdess/video_speech/Video_Speech_Actor_10/Actor_10/02-01-04-01-01-01-10.mp4,10,train,04,3,sad,01,01,01,02-01-04-01-01-01-10,canonical_02,/home/tonyhe/ravdess_avfusion/external/video_face_branch/early_fusion_facial_v2/fusion_pack_5f/sequences/02-01-04-01-01-01-10.npy,5,2048,02-01-04-01-01-01-10,canonical_02,5,3,sad,0.019814658910036087,0.011944139003753662,0.01069148201495409,0.9079542756080627,0.009606494382023812,0.013664694875478745,0.013612175360321999,0.012712055258452893,1,1,1,complete
01-04-01-01-02-10,02-01-04-01-01-02-10,02-01-04-01-01-02-10,data/raw/ravdess/video_speech/Video_Speech_Actor_10/Actor_10/02-01-04-01-01-02-10.mp4,10,train,04,3,sad,01,01,02,02-01-04-01-01-02-10,canonical_02,/home/tonyhe/ravdess_avfusion/external/video_face_branch/early_fusion_facial_v2/fusion_pack_5f/sequences/02-01-04-01-01-02-10.npy,5,2048,02-01-04-01-01-02-10,canonical_02,5,3,sad,0.024368917942047118,0.009030363894999028,0.010098492447286844,0.901345431804657,0.008500152733176947,0.024270140938460825,0.010231542028486728,0.012154965382069349,1,1,1,complete
01-04-01-02-01-10,02-01-04-01-02-01-10,02-01-04-01-02-01-10,data/raw/ravdess/video_speech/Video_Speech_Actor_10/Actor_10/02-01-04-01-02-01-10.mp4,10,train,04,3,sad,01,02,01,02-01-04-01-02-01-10,canonical_02,/home/tonyhe/ravdess_avfusion/external/video_face_branch/early_fusion_facial_v2/fusion_pack_5f/sequences/02-01-04-01-02-01-10.npy,5,2048,02-01-04-01-02-01-10,canonical_02,5,3,sad,0.022748448699712754,0.011512200348079205,0.01206563450396061,0.9005947947502136,0.010532387159764766,0.013585716020315886,0.015566425584256648,0.013394405506551266,1,1,1,complete
01-04-01-02-02-10,02-01-04-01-02-02-10,02-01-04-01-02-02-10,data/raw/ravdess/video_speech/Video_Speech_Actor_10/Actor_10/02-01-04-01-02-02-10.mp4,10,train,04,3,sad,01,02,02,02-01-04-01-02-02-10,canonical_02,/home/tonyhe/ravdess_avfusion/external/video_face_branch/early_fusion_facial_v2/fusion_pack_5f/sequences/02-01-04-01-02-02-10.npy,5,2048,02-01-04-01-02-02-10,canonical_02,5,3,sad,0.02022642605006695,0.009008741658180951,0.009952989500015974,0.9195868134498596,0.01001986227929592,0.010398795921355486,0.010897216387093067,0.009909202437847852,1,1,1,complete
01-04-02-01-01-10,02-01-04-02-01-01-10,02-01-04-02-01-01-10,data/raw/ravdess/video_speech/Video_Speech_Actor_10/Actor_10/02-01-04-02-01-01-10.mp4,10,train,04,3,sad,02,01,01,02-01-04-02-01-01-10,canonical_02,/home/tonyhe/ravdess_avfusion/external/video_face_branch/early_fusion_facial_v2/fusion_pack_5f/sequences/02-01-04-02-01-01-10.npy,5,2048,02-01-04-02-01-01-10,canonical_02,5,3,sad,0.01545462105423212,0.008243655133992434,0.009008277021348477,0.9342674851417542,0.007632793579250574,0.008910237532109021,0.009218866005539894,0.007264050887897611,1,1,1,complete
01-04-02-01-02-10,02-01-04-02-01-02-10,02-01-04-02-01-02-10,data/raw/ravdess/video_speech/Video_Speech_Actor_10/Actor_10/02-01-04-02-01-02-10.mp4,10,train,04,3,sad,02,01,02,02-01-04-02-01-02-10,canonical_02,/home/tonyhe/ravdess_avfusion/external/video_face_branch/early_fusion_facial_v2/fusion_pack_5f/sequences/02-01-04-02-01-02-10.npy,5,2048,02-01-04-02-01-02-10,canonical_02,5,3,sad,0.0198904138058424,0.011623476073145867,0.010709231160581112,0.9096753478050232,0.0097655663266778,0.013399467244744301,0.013492032140493392,0.011444430612027646,1,1,1,complete
01-04-02-02-01-10,02-01-04-02-02-01-10,02-01-04-02-02-01-10,data/raw/ravdess/video_speech/Video_Speech_Actor_10/Actor_10/02-01-04-02-02-01-10.mp4,10,train,04,3,sad,02,02,01,02-01-04-02-02-01-10,canonical_02,/home/tonyhe/ravdess_avfusion/external/video_face_branch/early_fusion_facial_v2/fusion_pack_5f/sequences/02-01-04-02-02-01-10.npy,5,2048,02-01-04-02-02-01-10,canonical_02,5,3,sad,0.022236083261668683,0.011187897250056266,0.012588880024850368,0.9026838302612304,0.012821048870682717,0.012355552241206168,0.013140498101711274,0.012986201513558625,1,1,1,complete
01-04-02-02-02-10,02-01-04-02-02-02-10,02-01-04-02-02-02-10,data/raw/ravdess/video_speech/Video_Speech_Actor_10/Actor_10/02-01-04-02-02-02-10.mp4,10,train,04,3,sad,02,02,02,02-01-04-02-02-02-10,canonical_02,/home/tonyhe/ravdess_avfusion/external/video_face_branch/early_fusion_facial_v2/fusion_pack_5f/sequences/02-01-04-02-02-02-10.npy,5,2048,02-01-04-02-02-02-10,canonical_02,5,3,sad,0.01907534711062908,0.009264917392283679,0.012323340214788914,0.915060305595398,0.010325539950281381,0.012828236073255539,0.012081471644341946,0.00904082702472806,1,1,1,complete
01-05-01-01-01-10,02-01-05-01-01-01-10,02-01-05-01-01-01-10,data/raw/ravdess/video_speech/Video_Speech_Actor_10/Actor_10/02-01-05-01-01-01-10.mp4,10,train,05,4,angry,01,01,01,02-01-05-01-01-01-10,canonical_02,/home/tonyhe/ravdess_avfusion/external/video_face_branch/early_fusion_facial_v2/fusion_pack_5f/sequences/02-01-05-01-01-01-10.npy,5,2048,02-01-05-01-01-01-10,canonical_02,5,4,angry,0.11117340372875333,0.009659258462488652,0.008693469129502774,0.01850039679557085,0.8169718682765961,0.012910443544387817,0.00785352298989892,0.014237638632766902,1,1,1,complete
01-05-01-01-02-10,02-01-05-01-01-02-10,02-01-05-01-01-02-10,data/raw/ravdess/video_speech/Video_Speech_Actor_10/Actor_10/02-01-05-01-01-02-10.mp4,10,train,05,4,angry,01,01,02,02-01-05-01-01-02-10,canonical_02,/home/tonyhe/ravdess_avfusion/external/video_face_branch/early_fusion_facial_v2/fusion_pack_5f/sequences/02-01-05-01-01-02-10.npy,5,2048,02-01-05-01-01-02-10,canonical_02,5,4,angry,0.1408965714275837,0.010143848415464164,0.016182451322674752,0.011045708786696196,0.6754837691783905,0.09991714926436543,0.00813032016158104,0.03820015862584114,1,1,1,complete
01-05-01-02-01-10,02-01-05-01-02-01-10,02-01-05-01-02-01-10,data/raw/ravdess/video_speech/Video_Speech_Actor_10/Actor_10/02-01-05-01-02-01-10.mp4,10,train,05,4,angry,01,02,01,02-01-05-01-02-01-10,canonical_02,/home/tonyhe/ravdess_avfusion/external/video_face_branch/early_fusion_facial_v2/fusion_pack_5f/sequences/02-01-05-01-02-01-10.npy,5,2048,02-01-05-01-02-01-10,canonical_02,5,4,angry,0.02388139385730028,0.007616612315177918,0.007502535218372941,0.010527683328837157,0.9246710062026977,0.009063096391037107,0.008131803618744016,0.008605838008224963,1,1,1,complete
01-05-01-02-02-10,02-01-05-01-02-02-10,02-01-05-01-02-02-10,data/raw/ravdess/video_speech/Video_Speech_Actor_10/Actor_10/02-01-05-01-02-02-10.mp4,10,train,05,4,angry,01,02,02,02-01-05-01-02-02-10,canonical_02,/home/tonyhe/ravdess_avfusion/external/video_face_branch/early_fusion_facial_v2/fusion_pack_5f/sequences/02-01-05-01-02-02-10.npy,5,2048,02-01-05-01-02-02-10,canonical_02,5,4,angry,0.01773053836077452,0.009450926445424557,0.007492538914084435,0.0102908568456769,0.9222593426704406,0.012641001027077436,0.010508817248046398,0.009625972807407379,1,1,1,complete
01-05-02-01-01-10,02-01-05-02-01-01-10,02-01-05-02-01-01-10,data/raw/ravdess/video_speech/Video_Speech_Actor_10/Actor_10/02-01-05-02-01-01-10.mp4,10,train,05,4,angry,02,01,01,02-01-05-02-01-01-10,canonical_02,/home/tonyhe/ravdess_avfusion/external/video_face_branch/early_fusion_facial_v2/fusion_pack_5f/sequences/02-01-05-02-01-01-10.npy,5,2048,02-01-05-02-01-01-10,canonical_02,5,4,angry,0.01769002303481102,0.006257721036672592,0.008098217938095332,0.006885521207004785,0.9353999137878418,0.008826978038996458,0.007209265977144242,0.009632362984120846,1,1,1,complete
01-05-02-01-02-10,02-01-05-02-01-02-10,02-01-05-02-01-02-10,data/raw/ravdess/video_speech/Video_Speech_Actor_10/Actor_10/02-01-05-02-01-02-10.mp4,10,train,05,4,angry,02,01,02,02-01-05-02-01-02-10,canonical_02,/home/tonyhe/ravdess_avfusion/external/video_face_branch/early_fusion_facial_v2/fusion_pack_5f/sequences/02-01-05-02-01-02-10.npy,5,2048,02-01-05-02-01-02-10,canonical_02,5,4,angry,0.02104487270116806,0.00935142943635583,0.012155896238982677,0.010385100450366735,0.813754540681839,0.01316606136970222,0.010780654195696116,0.109361463598907,1,1,1,complete
01-05-02-02-01-10,02-01-05-02-02-01-10,02-01-05-02-02-01-10,data/raw/ravdess/video_speech/Video_Speech_Actor_10/Actor_10/02-01-05-02-02-01-10.mp4,10,train,05,4,angry,02,02,01,02-01-05-02-02-01-10,canonical_02,/home/tonyhe/ravdess_avfusion/external/video_face_branch/early_fusion_facial_v2/fusion_pack_5f/sequences/02-01-05-02-02-01-10.npy,5,2048,02-01-05-02-02-01-10,canonical_02,5,4,angry,0.07327522151172161,0.014030939526855945,0.008920804876834155,0.007880653720349073,0.864362382888794,0.011378108616918325,0.009090085048228502,0.011061787791550159,1,1,1,complete
01-05-02-02-02-10,02-01-05-02-02-02-10,02-01-05-02-02-02-10,data/raw/ravdess/video_speech/Video_Speech_Actor_10/Actor_10/02-01-05-02-02-02-10.mp4,10,train,05,4,angry,02,02,02,02-01-05-02-02-02-10,canonical_02,/home/tonyhe/ravdess_avfusion/external/video_face_branch/early_fusion_facial_v2/fusion_pack_5f/sequences/02-01-05-02-02-02-10.npy,5,2048,02-01-05-02-02-02-10,canonical_02,5,4,angry,0.016415505111217497,0.011202460341155528,0.012655788939446211,0.009432338131591677,0.9250148415565491,0.008777941670268774,0.009505917131900788,0.006995219271630049,1,1,1,complete
01-06-01-01-01-10,02-01-06-01-01-01-10,02-01-06-01-01-01-10,data/raw/ravdess/video_speech/Video_Speech_Actor_10/Actor_10/02-01-06-01-01-01-10.mp4,10,train,06,5,fearful,01,01,01,02-01-06-01-01-01-10,canonical_02,/home/tonyhe/ravdess_avfusion/external/video_face_branch/early_fusion_facial_v2/fusion_pack_5f/sequences/02-01-06-01-01-01-10.npy,5,2048,02-01-06-01-01-01-10,canonical_02,5,5,fearful,0.020616319589316846,0.009967630449682473,0.009796911757439375,0.10745002198964357,0.008523316588252783,0.8183942019939423,0.011688424088060857,0.013563205301761628,1,1,1,complete
01-06-01-01-02-10,02-01-06-01-01-02-10,02-01-06-01-01-02-10,data/raw/ravdess/video_speech/Video_Speech_Actor_10/Actor_10/02-01-06-01-01-02-10.mp4,10,train,06,5,fearful,01,01,02,02-01-06-01-01-02-10,canonical_02,/home/tonyhe/ravdess_avfusion/external/video_face_branch/early_fusion_facial_v2/fusion_pack_5f/sequences/02-01-06-01-01-02-10.npy,5,2048,02-01-06-01-01-02-10,canonical_02,5,5,fearful,0.018040834367275237,0.007857916783541441,0.00791982738301158,0.019259863812476397,0.007140412367880345,0.9171817064285278,0.010927838459610938,0.011671576462686063,1,1,1,complete
01-06-01-02-01-10,02-01-06-01-02-01-10,02-01-06-01-02-01-10,data/raw/ravdess/video_speech/Video_Speech_Actor_10/Actor_10/02-01-06-01-02-01-10.mp4,10,train,06,5,fearful,01,02,01,02-01-06-01-02-01-10,canonical_02,/home/tonyhe/ravdess_avfusion/external/video_face_branch/early_fusion_facial_v2/fusion_pack_5f/sequences/02-01-06-01-02-01-10.npy,5,2048,02-01-06-01-02-01-10,canonical_02,5,5,fearful,0.022370031848549844,0.011208240687847138,0.01020592162385583,0.011539475619792938,0.008112888038158416,0.9141997933387757,0.011478039249777795,0.01088555920869112,1,1,1,complete
01-06-01-02-02-10,02-01-06-01-02-02-10,02-01-06-01-02-02-10,data/raw/ravdess/video_speech/Video_Speech_Actor_10/Actor_10/02-01-06-01-02-02-10.mp4,10,train,06,5,fearful,01,02,02,02-01-06-01-02-02-10,canonical_02,/home/tonyhe/ravdess_avfusion/external/video_face_branch/early_fusion_facial_v2/fusion_pack_5f/sequences/02-01-06-01-02-02-10.npy,5,2048,02-01-06-01-02-02-10,canonical_02,5,5,fearful,0.020560411177575587,0.007718352228403091,0.009532386623322963,0.01277903961017728,0.006443808600306511,0.9148401975631714,0.008278150670230388,0.019847649801522493,1,1,1,complete
01-06-02-01-01-10,02-01-06-02-01-01-10,02-01-06-02-01-01-10,data/raw/ravdess/video_speech/Video_Speech_Actor_10/Actor_10/02-01-06-02-01-01-10.mp4,10,train,06,5,fearful,02,01,01,02-01-06-02-01-01-10,canonical_02,/home/tonyhe/ravdess_avfusion/external/video_face_branch/early_fusion_facial_v2/fusion_pack_5f/sequences/02-01-06-02-01-01-10.npy,5,2048,02-01-06-02-01-01-10,canonical_02,5,5,fearful,0.019116120412945747,0.008711275644600391,0.008475811779499054,0.022535385005176066,0.010316100437194109,0.9086983680725098,0.00997919775545597,0.012167729996144771,1,1,1,complete
01-06-02-01-02-10,02-01-06-02-01-02-10,02-01-06-02-01-02-10,data/raw/ravdess/video_speech/Video_Speech_Actor_10/Actor_10/02-01-06-02-01-02-10.mp4,10,train,06,5,fearful,02,01,02,02-01-06-02-01-02-10,canonical_02,/home/tonyhe/ravdess_avfusion/external/video_face_branch/early_fusion_facial_v2/fusion_pack_5f/sequences/02-01-06-02-01-02-10.npy,5,2048,02-01-06-02-01-02-10,canonical_02,5,5,fearful,0.020128104835748672,0.009462953452020884,0.009257120825350285,0.00897495411336422,0.007662405446171761,0.9234715342521668,0.010428188741207123,0.010614781640470028,1,1,1,complete
01-06-02-02-01-10,02-01-06-02-02-01-10,02-01-06-02-02-01-10,data/raw/ravdess/video_speech/Video_Speech_Actor_10/Actor_10/02-01-06-02-02-01-10.mp4,10,train,06,5,fearful,02,02,01,02-01-06-02-02-01-10,canonical_02,/home/tonyhe/ravdess_avfusion/external/video_face_branch/early_fusion_facial_v2/fusion_pack_5f/sequences/02-01-06-02-02-01-10.npy,5,2048,02-01-06-02-02-01-10,canonical_02,5,5,fearful,0.019168804213404656,0.008475852385163306,0.009316556435078383,0.007523052021861076,0.007581331394612789,0.9289360046386719,0.010206723771989345,0.008791684452444316,1,1,1,complete
01-06-02-02-02-10,02-01-06-02-02-02-10,02-01-06-02-02-02-10,data/raw/ravdess/video_speech/Video_Speech_Actor_10/Actor_10/02-01-06-02-02-02-10.mp4,10,train,06,5,fearful,02,02,02,02-01-06-02-02-02-10,canonical_02,/home/tonyhe/ravdess_avfusion/external/video_face_branch/early_fusion_facial_v2/fusion_pack_5f/sequences/02-01-06-02-02-02-10.npy,5,2048,02-01-06-02-02-02-10,canonical_02,5,5,fearful,0.02281525582075119,0.010701743327081204,0.013119012303650378,0.06999242659658193,0.008510238770395518,0.8407676100730896,0.02029665820300579,0.013797043263912201,1,1,1,complete
01-07-01-01-01-10,02-01-07-01-01-01-10,02-01-07-01-01-01-10,data/raw/ravdess/video_speech/Video_Speech_Actor_10/Actor_10/02-01-07-01-01-01-10.mp4,10,train,07,6,disgust,01,01,01,02-01-07-01-01-01-10,canonical_02,/home/tonyhe/ravdess_avfusion/external/video_face_branch/early_fusion_facial_v2/fusion_pack_5f/sequences/02-01-07-01-01-01-10.npy,5,2048,02-01-07-01-01-01-10,canonical_02,5,6,disgust,0.01935455556958914,0.010067855194211005,0.00686426954343915,0.010150016751140356,0.008622353058308363,0.009089471213519574,0.9276700735092163,0.008181383274495602,1,1,1,complete
01-07-01-01-02-10,02-01-07-01-01-02-10,02-01-07-01-01-02-10,data/raw/ravdess/video_speech/Video_Speech_Actor_10/Actor_10/02-01-07-01-01-02-10.mp4,10,train,07,6,disgust,01,01,02,02-01-07-01-01-02-10,canonical_02,/home/tonyhe/ravdess_avfusion/external/video_face_branch/early_fusion_facial_v2/fusion_pack_5f/sequences/02-01-07-01-01-02-10.npy,5,2048,02-01-07-01-01-02-10,canonical_02,5,6,disgust,0.022610141709446908,0.013674811646342277,0.010021542757749557,0.09790063053369522,0.009890313725918531,0.013776179775595665,0.8240308046340943,0.008095559570938349,1,1,1,complete
01-07-01-02-01-10,02-01-07-01-02-01-10,02-01-07-01-02-01-10,data/raw/ravdess/video_speech/Video_Speech_Actor_10/Actor_10/02-01-07-01-02-01-10.mp4,10,train,07,6,disgust,01,02,01,02-01-07-01-02-01-10,canonical_02,/home/tonyhe/ravdess_avfusion/external/video_face_branch/early_fusion_facial_v2/fusion_pack_5f/sequences/02-01-07-01-02-01-10.npy,5,2048,02-01-07-01-02-01-10,canonical_02,5,6,disgust,0.0179966039955616,0.008435107208788395,0.0071955034509301186,0.00893988972529769,0.008574736025184392,0.007729772385209799,0.9328928232192993,0.008235567435622215,1,1,1,complete
01-07-01-02-02-10,02-01-07-01-02-02-10,02-01-07-01-02-02-10,data/raw/ravdess/video_speech/Video_Speech_Actor_10/Actor_10/02-01-07-01-02-02-10.mp4,10,train,07,6,disgust,01,02,02,02-01-07-01-02-02-10,canonical_02,/home/tonyhe/ravdess_avfusion/external/video_face_branch/early_fusion_facial_v2/fusion_pack_5f/sequences/02-01-07-01-02-02-10.npy,5,2048,02-01-07-01-02-02-10,canonical_02,5,6,disgust,0.019671528413891793,0.008974447194486857,0.008266896475106478,0.008591227792203426,0.0067771666683256624,0.00946273673325777,0.92463219165802,0.013623842969536781,1,1,1,complete
01-07-02-01-01-10,02-01-07-02-01-01-10,02-01-07-02-01-01-10,data/raw/ravdess/video_speech/Video_Speech_Actor_10/Actor_10/02-01-07-02-01-01-10.mp4,10,train,07,6,disgust,02,01,01,02-01-07-02-01-01-10,canonical_02,/home/tonyhe/ravdess_avfusion/external/video_face_branch/early_fusion_facial_v2/fusion_pack_5f/sequences/02-01-07-02-01-01-10.npy,5,2048,02-01-07-02-01-01-10,canonical_02,5,6,disgust,0.020684978738427163,0.009356688894331455,0.009459576476365328,0.009390174690634013,0.009461660869419575,0.008029985055327416,0.9231087446212769,0.010508197546005248,1,1,1,complete
01-07-02-01-02-10,02-01-07-02-01-02-10,02-01-07-02-01-02-10,data/raw/ravdess/video_speech/Video_Speech_Actor_10/Actor_10/02-01-07-02-01-02-10.mp4,10,train,07,6,disgust,02,01,02,02-01-07-02-01-02-10,canonical_02,/home/tonyhe/ravdess_avfusion/external/video_face_branch/early_fusion_facial_v2/fusion_pack_5f/sequences/02-01-07-02-01-02-10.npy,5,2048,02-01-07-02-01-02-10,canonical_02,5,6,disgust,0.017132705450057982,0.010145344771444798,0.006850882899016142,0.009673540201038121,0.007343425462022424,0.008945027738809586,0.9312796235084534,0.008629446756094694,1,1,1,complete
01-07-02-02-01-10,02-01-07-02-02-01-10,02-01-07-02-02-01-10,data/raw/ravdess/video_speech/Video_Speech_Actor_10/Actor_10/02-01-07-02-02-01-10.mp4,10,train,07,6,disgust,02,02,01,02-01-07-02-02-01-10,canonical_02,/home/tonyhe/ravdess_avfusion/external/video_face_branch/early_fusion_facial_v2/fusion_pack_5f/sequences/02-01-07-02-02-01-10.npy,5,2048,02-01-07-02-02-01-10,canonical_02,5,6,disgust,0.018258402496576308,0.008036671951413155,0.007901593390852214,0.006977624166756869,0.008178084809333085,0.007966042216867208,0.935107159614563,0.007574427686631679,1,1,1,complete
01-07-02-02-02-10,02-01-07-02-02-02-10,02-01-07-02-02-02-10,data/raw/ravdess/video_speech/Video_Speech_Actor_10/Actor_10/02-01-07-02-02-02-10.mp4,10,train,07,6,disgust,02,02,02,02-01-07-02-02-02-10,canonical_02,/home/tonyhe/ravdess_avfusion/external/video_face_branch/early_fusion_facial_v2/fusion_pack_5f/sequences/02-01-07-02-02-02-10.npy,5,2048,02-01-07-02-02-02-10,canonical_02,5,6,disgust,0.02048676013946533,0.010738568753004074,0.008517712447792291,0.00959566431120038,0.009128496563062072,0.009396340418606996,0.919731879234314,0.01240458469837904,1,1,1,complete
01-08-01-01-01-10,02-01-08-01-01-01-10,02-01-08-01-01-01-10,data/raw/ravdess/video_speech/Video_Speech_Actor_10/Actor_10/02-01-08-01-01-01-10.mp4,10,train,08,7,surprise,01,01,01,02-01-08-01-01-01-10,canonical_02,/home/tonyhe/ravdess_avfusion/external/video_face_branch/early_fusion_facial_v2/fusion_pack_5f/sequences/02-01-08-01-01-01-10.npy,5,2048,02-01-08-01-01-01-10,canonical_02,5,7,surprise,0.11099420748651027,0.010073969792574643,0.013525271415710449,0.01551911123096943,0.008836929500102998,0.014526019431650638,0.013315408863127232,0.8132090747356415,1,1,1,complete
01-08-01-01-02-10,02-01-08-01-01-02-10,02-01-08-01-01-02-10,data/raw/ravdess/video_speech/Video_Speech_Actor_10/Actor_10/02-01-08-01-01-02-10.mp4,10,train,08,7,surprise,01,01,02,02-01-08-01-01-02-10,canonical_02,/home/tonyhe/ravdess_avfusion/external/video_face_branch/early_fusion_facial_v2/fusion_pack_5f/sequences/02-01-08-01-01-02-10.npy,5,2048,02-01-08-01-01-02-10,canonical_02,5,7,surprise,0.04513375665992499,0.0072690175846219065,0.009289423003792763,0.011334855109453201,0.0078727291431278,0.008414666727185249,0.011759267933666707,0.8989263057708741,1,1,1,complete
01-08-01-02-01-10,02-01-08-01-02-01-10,02-01-08-01-02-01-10,data/raw/ravdess/video_speech/Video_Speech_Actor_10/Actor_10/02-01-08-01-02-01-10.mp4,10,train,08,7,surprise,01,02,01,02-01-08-01-02-01-10,canonical_02,/home/tonyhe/ravdess_avfusion/external/video_face_branch/early_fusion_facial_v2/fusion_pack_5f/sequences/02-01-08-01-02-01-10.npy,5,2048,02-01-08-01-02-01-10,canonical_02,5,7,surprise,0.013402198068797588,0.006658418755978346,0.009093951899558306,0.008848553150892257,0.009246271708980203,0.006390050891786814,0.009954346902668476,0.9364061713218689,1,1,1,complete
01-08-01-02-02-10,02-01-08-01-02-02-10,02-01-08-01-02-02-10,data/raw/ravdess/video_speech/Video_Speech_Actor_10/Actor_10/02-01-08-01-02-02-10.mp4,10,train,08,7,surprise,01,02,02,02-01-08-01-02-02-10,canonical_02,/home/tonyhe/ravdess_avfusion/external/video_face_branch/early_fusion_facial_v2/fusion_pack_5f/sequences/02-01-08-01-02-02-10.npy,5,2048,02-01-08-01-02-02-10,canonical_02,5,7,surprise,0.030349545553326605,0.010412058979272842,0.011070157680660487,0.035506997257471085,0.00957919955253601,0.03592463545501232,0.014543035067617893,0.8526143789291382,1,1,1,complete
01-08-02-01-01-10,02-01-08-02-01-01-10,02-01-08-02-01-01-10,data/raw/ravdess/video_speech/Video_Speech_Actor_10/Actor_10/02-01-08-02-01-01-10.mp4,10,train,08,7,surprise,02,01,01,02-01-08-02-01-01-10,canonical_02,/home/tonyhe/ravdess_avfusion/external/video_face_branch/early_fusion_facial_v2/fusion_pack_5f/sequences/02-01-08-02-01-01-10.npy,5,2048,02-01-08-02-01-01-10,canonical_02,5,7,surprise,0.015809933468699456,0.008615483855828642,0.011402266379445792,0.010055859107524157,0.007162993168458342,0.009493749681860208,0.011127272993326187,0.926332414150238,1,1,1,complete
01-08-02-01-02-10,02-01-08-02-01-02-10,02-01-08-02-01-02-10,data/raw/ravdess/video_speech/Video_Speech_Actor_10/Actor_10/02-01-08-02-01-02-10.mp4,10,train,08,7,surprise,02,01,02,02-01-08-02-01-02-10,canonical_02,/home/tonyhe/ravdess_avfusion/external/video_face_branch/early_fusion_facial_v2/fusion_pack_5f/sequences/02-01-08-02-01-02-10.npy,5,2048,02-01-08-02-01-02-10,canonical_02,5,7,surprise,0.01614571548998356,0.009828847832977772,0.009924556221812963,0.00971970148384571,0.009220322500914336,0.0074423043057322506,0.011251962929964065,0.9264665961265564,1,1,1,complete
01-08-02-02-01-10,02-01-08-02-02-01-10,02-01-08-02-02-01-10,data/raw/ravdess/video_speech/Video_Speech_Actor_10/Actor_10/02-01-08-02-02-01-10.mp4,10,train,08,7,surprise,02,02,01,02-01-08-02-02-01-10,canonical_02,/home/tonyhe/ravdess_avfusion/external/video_face_branch/early_fusion_facial_v2/fusion_pack_5f/sequences/02-01-08-02-02-01-10.npy,5,2048,02-01-08-02-02-01-10,canonical_02,5,7,surprise,0.012841385137289763,0.007088050758466124,0.009674241952598094,0.007987423241138459,0.005951877823099494,0.017518466291949152,0.009391343733295799,0.9295472025871276,1,1,1,complete
01-08-02-02-02-10,02-01-08-02-02-02-10,02-01-08-02-02-02-10,data/raw/ravdess/video_speech/Video_Speech_Actor_10/Actor_10/02-01-08-02-02-02-10.mp4,10,train,08,7,surprise,02,02,02,02-01-08-02-02-02-10,canonical_02,/home/tonyhe/ravdess_avfusion/external/video_face_branch/early_fusion_facial_v2/fusion_pack_5f/sequences/02-01-08-02-02-02-10.npy,5,2048,02-01-08-02-02-02-10,canonical_02,5,7,surprise,0.014990061707794666,0.004921454703435302,0.008730620611459017,0.012942783953621983,0.032135202549397945,0.011650663614273072,0.008698222972452641,0.905931007862091,1,1,1,complete
01-01-01-01-01-11,02-01-01-01-01-01-11,02-01-01-01-01-01-11,data/raw/ravdess/video_speech/Video_Speech_Actor_11/Actor_11/02-01-01-01-01-01-11.mp4,11,train,01,0,neutral,01,01,01,02-01-01-01-01-01-11,canonical_02,/home/tonyhe/ravdess_avfusion/external/video_face_branch/early_fusion_facial_v2/fusion_pack_5f/sequences/02-01-01-01-01-01-11.npy,5,2048,02-01-01-01-01-01-11,canonical_02,5,0,neutral,0.9496029853820801,0.00653323270380497,0.007233961205929518,0.006901631783694029,0.006562958378344775,0.006500967312604189,0.00835139062255621,0.008312901388853789,1,1,1,complete
01-01-01-01-02-11,02-01-01-01-01-02-11,02-01-01-01-01-02-11,data/raw/ravdess/video_speech/Video_Speech_Actor_11/Actor_11/02-01-01-01-01-02-11.mp4,11,train,01,0,neutral,01,01,02,02-01-01-01-01-02-11,canonical_02,/home/tonyhe/ravdess_avfusion/external/video_face_branch/early_fusion_facial_v2/fusion_pack_5f/sequences/02-01-01-01-01-02-11.npy,5,2048,02-01-01-01-01-02-11,canonical_02,5,0,neutral,0.9523506164550781,0.005274666473269463,0.006665533035993576,0.0068319828249514105,0.007275425549596548,0.006114010885357857,0.007689250819385052,0.007798550464212894,1,1,1,complete
01-01-01-02-01-11,02-01-01-01-02-01-11,02-01-01-01-02-01-11,data/raw/ravdess/video_speech/Video_Speech_Actor_11/Actor_11/02-01-01-01-02-01-11.mp4,11,train,01,0,neutral,01,02,01,02-01-01-01-02-01-11,canonical_02,/home/tonyhe/ravdess_avfusion/external/video_face_branch/early_fusion_facial_v2/fusion_pack_5f/sequences/02-01-01-01-02-01-11.npy,5,2048,02-01-01-01-02-01-11,canonical_02,5,0,neutral,0.952633011341095,0.00526712229475379,0.005985481478273868,0.006192750390619039,0.0041528729721903804,0.005799884535372257,0.007599030807614327,0.012369826901704073,1,1,1,complete
01-01-01-02-02-11,02-01-01-01-02-02-11,02-01-01-01-02-02-11,data/raw/ravdess/video_speech/Video_Speech_Actor_11/Actor_11/02-01-01-01-02-02-11.mp4,11,train,01,0,neutral,01,02,02,02-01-01-01-02-02-11,canonical_02,/home/tonyhe/ravdess_avfusion/external/video_face_branch/early_fusion_facial_v2/fusion_pack_5f/sequences/02-01-01-01-02-02-11.npy,5,2048,02-01-01-01-02-02-11,canonical_02,5,0,neutral,0.9465803742408753,0.00655182208865881,0.007455175928771496,0.007783138379454613,0.005247266031801701,0.006325885932892561,0.008948987443000078,0.011107327044010162,1,1,1,complete
01-02-01-01-01-11,02-01-02-01-01-01-11,02-01-02-01-01-01-11,data/raw/ravdess/video_speech/Video_Speech_Actor_11/Actor_11/02-01-02-01-01-01-11.mp4,11,train,02,1,calm,01,01,01,02-01-02-01-01-01-11,canonical_02,/home/tonyhe/ravdess_avfusion/external/video_face_branch/early_fusion_facial_v2/fusion_pack_5f/sequences/02-01-02-01-01-01-11.npy,5,2048,02-01-02-01-01-01-11,canonical_02,5,1,calm,0.025818248465657233,0.8805838465690613,0.015842970833182334,0.016322174482047556,0.012933946773409843,0.014077506586909294,0.020543096214532854,0.013878161273896693,1,1,1,complete
01-02-01-01-02-11,02-01-02-01-01-02-11,02-01-02-01-01-02-11,data/raw/ravdess/video_speech/Video_Speech_Actor_11/Actor_11/02-01-02-01-01-02-11.mp4,11,train,02,1,calm,01,01,02,02-01-02-01-01-02-11,canonical_02,/home/tonyhe/ravdess_avfusion/external/video_face_branch/early_fusion_facial_v2/fusion_pack_5f/sequences/02-01-02-01-01-02-11.npy,5,2048,02-01-02-01-01-02-11,canonical_02,5,1,calm,0.016354979947209358,0.9144536018371582,0.014290605671703815,0.011304701305925846,0.008055155538022519,0.008916495088487863,0.01107451543211937,0.015549937542527915,1,1,1,complete
01-02-01-02-01-11,02-01-02-01-02-01-11,02-01-02-01-02-01-11,data/raw/ravdess/video_speech/Video_Speech_Actor_11/Actor_11/02-01-02-01-02-01-11.mp4,11,train,02,1,calm,01,02,01,02-01-02-01-02-01-11,canonical_02,/home/tonyhe/ravdess_avfusion/external/video_face_branch/early_fusion_facial_v2/fusion_pack_5f/sequences/02-01-02-01-02-01-11.npy,5,2048,02-01-02-01-02-01-11,canonical_02,5,1,calm,0.028401249647140504,0.8891982555389404,0.014034109003841878,0.010497573390603065,0.01389046311378479,0.008851864282041788,0.013784088753163814,0.021342426538467407,1,1,1,complete
01-02-01-02-02-11,02-01-02-01-02-02-11,02-01-02-01-02-02-11,data/raw/ravdess/video_speech/Video_Speech_Actor_11/Actor_11/02-01-02-01-02-02-11.mp4,11,train,02,1,calm,01,02,02,02-01-02-01-02-02-11,canonical_02,/home/tonyhe/ravdess_avfusion/external/video_face_branch/early_fusion_facial_v2/fusion_pack_5f/sequences/02-01-02-01-02-02-11.npy,5,2048,02-01-02-01-02-02-11,canonical_02,5,1,calm,0.02562847137451172,0.8929792046546936,0.01209937296807766,0.014173110015690327,0.013232780992984772,0.01207702960819006,0.016310455463826656,0.013499565050005912,1,1,1,complete
01-02-02-01-01-11,02-01-02-02-01-01-11,02-01-02-02-01-01-11,data/raw/ravdess/video_speech/Video_Speech_Actor_11/Actor_11/02-01-02-02-01-01-11.mp4,11,train,02,1,calm,02,01,01,02-01-02-02-01-01-11,canonical_02,/home/tonyhe/ravdess_avfusion/external/video_face_branch/early_fusion_facial_v2/fusion_pack_5f/sequences/02-01-02-02-01-01-11.npy,5,2048,02-01-02-02-01-01-11,canonical_02,5,1,calm,0.015322969853878021,0.9271291375160218,0.008867519162595271,0.013026570621877908,0.006550225429236889,0.007053641974925995,0.009735102765262127,0.01231482084840536,1,1,1,complete
01-02-02-01-02-11,02-01-02-02-01-02-11,02-01-02-02-01-02-11,data/raw/ravdess/video_speech/Video_Speech_Actor_11/Actor_11/02-01-02-02-01-02-11.mp4,11,train,02,1,calm,02,01,02,02-01-02-02-01-02-11,canonical_02,/home/tonyhe/ravdess_avfusion/external/video_face_branch/early_fusion_facial_v2/fusion_pack_5f/sequences/02-01-02-02-01-02-11.npy,5,2048,02-01-02-02-01-02-11,canonical_02,5,1,calm,0.023717065900564195,0.8902882933616638,0.021039754338562488,0.013720272295176982,0.012039739824831485,0.012214813381433487,0.016867132298648356,0.010112921334803104,1,1,1,complete
01-02-02-02-01-11,02-01-02-02-02-01-11,02-01-02-02-02-01-11,data/raw/ravdess/video_speech/Video_Speech_Actor_11/Actor_11/02-01-02-02-02-01-11.mp4,11,train,02,1,calm,02,02,01,02-01-02-02-02-01-11,canonical_02,/home/tonyhe/ravdess_avfusion/external/video_face_branch/early_fusion_facial_v2/fusion_pack_5f/sequences/02-01-02-02-02-01-11.npy,5,2048,02-01-02-02-02-01-11,canonical_02,5,1,calm,0.028247786313295366,0.8315274357795716,0.013411588221788406,0.06283236388117075,0.013957627676427364,0.012566606141626835,0.02051498629152775,0.01694159973412752,1,1,1,complete
01-02-02-02-02-11,02-01-02-02-02-02-11,02-01-02-02-02-02-11,data/raw/ravdess/video_speech/Video_Speech_Actor_11/Actor_11/02-01-02-02-02-02-11.mp4,11,train,02,1,calm,02,02,02,02-01-02-02-02-02-11,canonical_02,/home/tonyhe/ravdess_avfusion/external/video_face_branch/early_fusion_facial_v2/fusion_pack_5f/sequences/02-01-02-02-02-02-11.npy,5,2048,02-01-02-02-02-02-11,canonical_02,5,1,calm,0.022926796972751618,0.9056746959686279,0.012150093913078308,0.0122774051502347,0.011811446864157915,0.011169099807739257,0.012916244566440582,0.011074220575392247,1,1,1,complete
01-03-01-01-01-11,02-01-03-01-01-01-11,02-01-03-01-01-01-11,data/raw/ravdess/video_speech/Video_Speech_Actor_11/Actor_11/02-01-03-01-01-01-11.mp4,11,train,03,2,happy,01,01,01,02-01-03-01-01-01-11,canonical_02,/home/tonyhe/ravdess_avfusion/external/video_face_branch/early_fusion_facial_v2/fusion_pack_5f/sequences/02-01-03-01-01-01-11.npy,5,2048,02-01-03-01-01-01-11,canonical_02,5,2,happy,0.016727232187986375,0.014164253417402507,0.9157182931900024,0.011532300617545843,0.009347425680607558,0.007110598869621754,0.009093301091343164,0.016306611243635416,1,1,1,complete
01-03-01-01-02-11,02-01-03-01-01-02-11,02-01-03-01-01-02-11,data/raw/ravdess/video_speech/Video_Speech_Actor_11/Actor_11/02-01-03-01-01-02-11.mp4,11,train,03,2,happy,01,01,02,02-01-03-01-01-02-11,canonical_02,/home/tonyhe/ravdess_avfusion/external/video_face_branch/early_fusion_facial_v2/fusion_pack_5f/sequences/02-01-03-01-01-02-11.npy,5,2048,02-01-03-01-01-02-11,canonical_02,5,2,happy,0.02567855827510357,0.01006261184811592,0.9019987940788269,0.01303397435694933,0.011672224476933479,0.010436843335628509,0.015842432901263238,0.011274559795856476,1,1,1,complete
01-03-01-02-01-11,02-01-03-01-02-01-11,02-01-03-01-02-01-11,data/raw/ravdess/video_speech/Video_Speech_Actor_11/Actor_11/02-01-03-01-02-01-11.mp4,11,train,03,2,happy,01,02,01,02-01-03-01-02-01-11,canonical_02,/home/tonyhe/ravdess_avfusion/external/video_face_branch/early_fusion_facial_v2/fusion_pack_5f/sequences/02-01-03-01-02-01-11.npy,5,2048,02-01-03-01-02-01-11,canonical_02,5,2,happy,0.022682620957493783,0.009995419811457396,0.9095540046691895,0.011673199757933617,0.010371089540421962,0.00964281945489347,0.013015993312001229,0.013064856268465519,1,1,1,complete
01-03-01-02-02-11,02-01-03-01-02-02-11,02-01-03-01-02-02-11,data/raw/ravdess/video_speech/Video_Speech_Actor_11/Actor_11/02-01-03-01-02-02-11.mp4,11,train,03,2,happy,01,02,02,02-01-03-01-02-02-11,canonical_02,/home/tonyhe/ravdess_avfusion/external/video_face_branch/early_fusion_facial_v2/fusion_pack_5f/sequences/02-01-03-01-02-02-11.npy,5,2048,02-01-03-01-02-02-11,canonical_02,5,2,happy,0.022022027149796487,0.009424374997615814,0.914519202709198,0.01098993793129921,0.01023721732199192,0.009770815633237362,0.01150386556982994,0.011532582901418209,1,1,1,complete
01-03-02-01-01-11,02-01-03-02-01-01-11,02-01-03-02-01-01-11,data/raw/ravdess/video_speech/Video_Speech_Actor_11/Actor_11/02-01-03-02-01-01-11.mp4,11,train,03,2,happy,02,01,01,02-01-03-02-01-01-11,canonical_02,/home/tonyhe/ravdess_avfusion/external/video_face_branch/early_fusion_facial_v2/fusion_pack_5f/sequences/02-01-03-02-01-01-11.npy,5,2048,02-01-03-02-01-01-11,canonical_02,5,2,happy,0.01954782158136368,0.008553610276430845,0.9164871215820313,0.011711457930505275,0.00959728453308344,0.010537916794419289,0.012961028143763542,0.010603794455528259,1,1,1,complete
01-03-02-01-02-11,02-01-03-02-01-02-11,02-01-03-02-01-02-11,data/raw/ravdess/video_speech/Video_Speech_Actor_11/Actor_11/02-01-03-02-01-02-11.mp4,11,train,03,2,happy,02,01,02,02-01-03-02-01-02-11,canonical_02,/home/tonyhe/ravdess_avfusion/external/video_face_branch/early_fusion_facial_v2/fusion_pack_5f/sequences/02-01-03-02-01-02-11.npy,5,2048,02-01-03-02-01-02-11,canonical_02,5,2,happy,0.02046475000679493,0.01091989390552044,0.9007660150527954,0.012258662469685077,0.009966711327433587,0.011362988129258155,0.012954199314117431,0.021306794509291647,1,1,1,complete
01-03-02-02-01-11,02-01-03-02-02-01-11,02-01-03-02-02-01-11,data/raw/ravdess/video_speech/Video_Speech_Actor_11/Actor_11/02-01-03-02-02-01-11.mp4,11,train,03,2,happy,02,02,01,02-01-03-02-02-01-11,canonical_02,/home/tonyhe/ravdess_avfusion/external/video_face_branch/early_fusion_facial_v2/fusion_pack_5f/sequences/02-01-03-02-02-01-11.npy,5,2048,02-01-03-02-02-01-11,canonical_02,5,2,happy,0.02143270503729582,0.010687685199081897,0.9079775929450988,0.013548541814088821,0.009253257233649493,0.011839814484119415,0.014383221231400966,0.010877181123942137,1,1,1,complete
01-03-02-02-02-11,02-01-03-02-02-02-11,02-01-03-02-02-02-11,data/raw/ravdess/video_speech/Video_Speech_Actor_11/Actor_11/02-01-03-02-02-02-11.mp4,11,train,03,2,happy,02,02,02,02-01-03-02-02-02-11,canonical_02,/home/tonyhe/ravdess_avfusion/external/video_face_branch/early_fusion_facial_v2/fusion_pack_5f/sequences/02-01-03-02-02-02-11.npy,5,2048,02-01-03-02-02-02-11,canonical_02,5,2,happy,0.02134139947593212,0.008662815112620592,0.9113642334938049,0.011383082158863545,0.009012279193848371,0.009796367399394513,0.012901212461292744,0.015538581274449825,1,1,1,complete
01-04-01-01-01-11,02-01-04-01-01-01-11,02-01-04-01-01-01-11,data/raw/ravdess/video_speech/Video_Speech_Actor_11/Actor_11/02-01-04-01-01-01-11.mp4,11,train,04,3,sad,01,01,01,02-01-04-01-01-01-11,canonical_02,/home/tonyhe/ravdess_avfusion/external/video_face_branch/early_fusion_facial_v2/fusion_pack_5f/sequences/02-01-04-01-01-01-11.npy,5,2048,02-01-04-01-01-01-11,canonical_02,5,3,sad,0.016835156455636026,0.010057960264384746,0.009027935471385718,0.9046195149421692,0.00858039865270257,0.007525527663528919,0.01038531083613634,0.03296822421252728,1,1,1,complete
01-04-01-01-02-11,02-01-04-01-01-02-11,02-01-04-01-01-02-11,data/raw/ravdess/video_speech/Video_Speech_Actor_11/Actor_11/02-01-04-01-01-02-11.mp4,11,train,04,3,sad,01,01,02,02-01-04-01-01-02-11,canonical_02,/home/tonyhe/ravdess_avfusion/external/video_face_branch/early_fusion_facial_v2/fusion_pack_5f/sequences/02-01-04-01-01-02-11.npy,5,2048,02-01-04-01-01-02-11,canonical_02,5,3,sad,0.018689461052417755,0.00992757137864828,0.00881037600338459,0.924333918094635,0.007852128520607949,0.005670496542006731,0.010747803188860417,0.013968245871365071,1,1,1,complete
01-04-01-02-01-11,02-01-04-01-02-01-11,02-01-04-01-02-01-11,data/raw/ravdess/video_speech/Video_Speech_Actor_11/Actor_11/02-01-04-01-02-01-11.mp4,11,train,04,3,sad,01,02,01,02-01-04-01-02-01-11,canonical_02,/home/tonyhe/ravdess_avfusion/external/video_face_branch/early_fusion_facial_v2/fusion_pack_5f/sequences/02-01-04-01-02-01-11.npy,5,2048,02-01-04-01-02-01-11,canonical_02,5,3,sad,0.02081991992890835,0.010977478325366974,0.009207493998110295,0.8991020917892456,0.011621303483843803,0.01258913241326809,0.013513282127678394,0.022169299051165582,1,1,1,complete
01-04-01-02-02-11,02-01-04-01-02-02-11,02-01-04-01-02-02-11,data/raw/ravdess/video_speech/Video_Speech_Actor_11/Actor_11/02-01-04-01-02-02-11.mp4,11,train,04,3,sad,01,02,02,02-01-04-01-02-02-11,canonical_02,/home/tonyhe/ravdess_avfusion/external/video_face_branch/early_fusion_facial_v2/fusion_pack_5f/sequences/02-01-04-01-02-02-11.npy,5,2048,02-01-04-01-02-02-11,canonical_02,5,3,sad,0.01795650627464056,0.00884177228435874,0.009809022303670645,0.921383512020111,0.010997720714658498,0.006953094992786646,0.012971926294267178,0.011086413078010083,1,1,1,complete
01-04-02-01-01-11,02-01-04-02-01-01-11,02-01-04-02-01-01-11,data/raw/ravdess/video_speech/Video_Speech_Actor_11/Actor_11/02-01-04-02-01-01-11.mp4,11,train,04,3,sad,02,01,01,02-01-04-02-01-01-11,canonical_02,/home/tonyhe/ravdess_avfusion/external/video_face_branch/early_fusion_facial_v2/fusion_pack_5f/sequences/02-01-04-02-01-01-11.npy,5,2048,02-01-04-02-01-01-11,canonical_02,5,3,sad,0.021030714735388756,0.010538031347095966,0.012627757899463177,0.907816755771637,0.010660385433584451,0.009770883433520793,0.013829188980162143,0.013726296089589595,1,1,1,complete
01-04-02-01-02-11,02-01-04-02-01-02-11,02-01-04-02-01-02-11,data/raw/ravdess/video_speech/Video_Speech_Actor_11/Actor_11/02-01-04-02-01-02-11.mp4,11,train,04,3,sad,02,01,02,02-01-04-02-01-02-11,canonical_02,/home/tonyhe/ravdess_avfusion/external/video_face_branch/early_fusion_facial_v2/fusion_pack_5f/sequences/02-01-04-02-01-02-11.npy,5,2048,02-01-04-02-01-02-11,canonical_02,5,3,sad,0.02102502025663853,0.009519756119698287,0.015878119505941868,0.9083171844482422,0.011806840263307094,0.008079552184790373,0.016063987836241723,0.009309494867920876,1,1,1,complete
01-04-02-02-01-11,02-01-04-02-02-01-11,02-01-04-02-02-01-11,data/raw/ravdess/video_speech/Video_Speech_Actor_11/Actor_11/02-01-04-02-02-01-11.mp4,11,train,04,3,sad,02,02,01,02-01-04-02-02-01-11,canonical_02,/home/tonyhe/ravdess_avfusion/external/video_face_branch/early_fusion_facial_v2/fusion_pack_5f/sequences/02-01-04-02-02-01-11.npy,5,2048,02-01-04-02-02-01-11,canonical_02,5,3,sad,0.02184758223593235,0.008461960684508085,0.011093256436288357,0.9133347511291504,0.011597583070397377,0.009086396545171738,0.013961539417505265,0.010616970807313919,1,1,1,complete
01-04-02-02-02-11,02-01-04-02-02-02-11,02-01-04-02-02-02-11,data/raw/ravdess/video_speech/Video_Speech_Actor_11/Actor_11/02-01-04-02-02-02-11.mp4,11,train,04,3,sad,02,02,02,02-01-04-02-02-02-11,canonical_02,/home/tonyhe/ravdess_avfusion/external/video_face_branch/early_fusion_facial_v2/fusion_pack_5f/sequences/02-01-04-02-02-02-11.npy,5,2048,02-01-04-02-02-02-11,canonical_02,5,3,sad,0.02193937562406063,0.008446240797638893,0.012343677319586277,0.9023363828659058,0.013842160068452358,0.007104971818625927,0.02492791637778282,0.00905922157689929,1,1,1,complete
01-05-01-01-01-11,02-01-05-01-01-01-11,02-01-05-01-01-01-11,data/raw/ravdess/video_speech/Video_Speech_Actor_11/Actor_11/02-01-05-01-01-01-11.mp4,11,train,05,4,angry,01,01,01,02-01-05-01-01-01-11,canonical_02,/home/tonyhe/ravdess_avfusion/external/video_face_branch/early_fusion_facial_v2/fusion_pack_5f/sequences/02-01-05-01-01-01-11.npy,5,2048,02-01-05-01-01-01-11,canonical_02,5,4,angry,0.021569475159049036,0.012181352823972702,0.012362058088183404,0.014084606431424618,0.9132842421531677,0.008303016237914563,0.011495543643832207,0.006719700898975134,1,1,1,complete
01-05-01-01-02-11,02-01-05-01-01-02-11,02-01-05-01-01-02-11,data/raw/ravdess/video_speech/Video_Speech_Actor_11/Actor_11/02-01-05-01-01-02-11.mp4,11,train,05,4,angry,01,01,02,02-01-05-01-01-02-11,canonical_02,/home/tonyhe/ravdess_avfusion/external/video_face_branch/early_fusion_facial_v2/fusion_pack_5f/sequences/02-01-05-01-01-02-11.npy,5,2048,02-01-05-01-01-02-11,canonical_02,5,4,angry,0.020235443860292433,0.01227950192987919,0.009458017442375422,0.009236961137503386,0.9165636539459229,0.008509133104234934,0.012428764440119266,0.011288518086075783,1,1,1,complete
01-05-01-02-01-11,02-01-05-01-02-01-11,02-01-05-01-02-01-11,data/raw/ravdess/video_speech/Video_Speech_Actor_11/Actor_11/02-01-05-01-02-01-11.mp4,11,train,05,4,angry,01,02,01,02-01-05-01-02-01-11,canonical_02,/home/tonyhe/ravdess_avfusion/external/video_face_branch/early_fusion_facial_v2/fusion_pack_5f/sequences/02-01-05-01-02-01-11.npy,5,2048,02-01-05-01-02-01-11,canonical_02,5,4,angry,0.020081302523612975,0.011816923879086972,0.009832515846937895,0.00983386319130659,0.9214184880256653,0.007617264427244664,0.011154229193925858,0.008245398011058568,1,1,1,complete
01-05-01-02-02-11,02-01-05-01-02-02-11,02-01-05-01-02-02-11,data/raw/ravdess/video_speech/Video_Speech_Actor_11/Actor_11/02-01-05-01-02-02-11.mp4,11,train,05,4,angry,01,02,02,02-01-05-01-02-02-11,canonical_02,/home/tonyhe/ravdess_avfusion/external/video_face_branch/early_fusion_facial_v2/fusion_pack_5f/sequences/02-01-05-01-02-02-11.npy,5,2048,02-01-05-01-02-02-11,canonical_02,5,4,angry,0.023161781206727027,0.013144521974027157,0.00963002685457468,0.010624321363866328,0.915380847454071,0.008015176095068455,0.011963493935763837,0.008079865016043186,1,1,1,complete
01-05-02-01-01-11,02-01-05-02-01-01-11,02-01-05-02-01-01-11,data/raw/ravdess/video_speech/Video_Speech_Actor_11/Actor_11/02-01-05-02-01-01-11.mp4,11,train,05,4,angry,02,01,01,02-01-05-02-01-01-11,canonical_02,/home/tonyhe/ravdess_avfusion/external/video_face_branch/early_fusion_facial_v2/fusion_pack_5f/sequences/02-01-05-02-01-01-11.npy,5,2048,02-01-05-02-01-01-11,canonical_02,5,4,angry,0.02218750976026058,0.012994024530053138,0.011771777644753456,0.011998984031379223,0.9046494245529175,0.013788239285349845,0.013078080490231514,0.009531941264867783,1,1,1,complete
01-05-02-01-02-11,02-01-05-02-01-02-11,02-01-05-02-01-02-11,data/raw/ravdess/video_speech/Video_Speech_Actor_11/Actor_11/02-01-05-02-01-02-11.mp4,11,train,05,4,angry,02,01,02,02-01-05-02-01-02-11,canonical_02,/home/tonyhe/ravdess_avfusion/external/video_face_branch/early_fusion_facial_v2/fusion_pack_5f/sequences/02-01-05-02-01-02-11.npy,5,2048,02-01-05-02-01-02-11,canonical_02,5,4,angry,0.024048566818237305,0.013992847129702567,0.013162011653184891,0.010956593044102191,0.9018076419830322,0.01329934149980545,0.013661750406026841,0.009071241598576307,1,1,1,complete
01-05-02-02-01-11,02-01-05-02-02-01-11,02-01-05-02-02-01-11,data/raw/ravdess/video_speech/Video_Speech_Actor_11/Actor_11/02-01-05-02-02-01-11.mp4,11,train,05,4,angry,02,02,01,02-01-05-02-02-01-11,canonical_02,/home/tonyhe/ravdess_avfusion/external/video_face_branch/early_fusion_facial_v2/fusion_pack_5f/sequences/02-01-05-02-02-01-11.npy,5,2048,02-01-05-02-02-01-11,canonical_02,5,4,angry,0.023058590665459632,0.012053506448864937,0.011018459312617778,0.010636741295456886,0.910684859752655,0.011557139828801155,0.010735108517110348,0.010255602188408375,1,1,1,complete
01-05-02-02-02-11,02-01-05-02-02-02-11,02-01-05-02-02-02-11,data/raw/ravdess/video_speech/Video_Speech_Actor_11/Actor_11/02-01-05-02-02-02-11.mp4,11,train,05,4,angry,02,02,02,02-01-05-02-02-02-11,canonical_02,/home/tonyhe/ravdess_avfusion/external/video_face_branch/early_fusion_facial_v2/fusion_pack_5f/sequences/02-01-05-02-02-02-11.npy,5,2048,02-01-05-02-02-02-11,canonical_02,5,4,angry,0.024239693954586982,0.015005677565932274,0.01285324413329363,0.012975652143359185,0.9007422804832459,0.01112365685403347,0.013870858773589134,0.009188894741237163,1,1,1,complete
01-06-01-01-01-11,02-01-06-01-01-01-11,02-01-06-01-01-01-11,data/raw/ravdess/video_speech/Video_Speech_Actor_11/Actor_11/02-01-06-01-01-01-11.mp4,11,train,06,5,fearful,01,01,01,02-01-06-01-01-01-11,canonical_02,/home/tonyhe/ravdess_avfusion/external/video_face_branch/early_fusion_facial_v2/fusion_pack_5f/sequences/02-01-06-01-01-01-11.npy,5,2048,02-01-06-01-01-01-11,canonical_02,5,5,fearful,0.020450857281684876,0.011834876611828804,0.010382430441677571,0.007962835766375066,0.014893128164112568,0.9110668301582336,0.01285154912620783,0.010557499900460243,1,1,1,complete
01-06-01-01-02-11,02-01-06-01-01-02-11,02-01-06-01-01-02-11,data/raw/ravdess/video_speech/Video_Speech_Actor_11/Actor_11/02-01-06-01-01-02-11.mp4,11,train,06,5,fearful,01,01,02,02-01-06-01-01-02-11,canonical_02,/home/tonyhe/ravdess_avfusion/external/video_face_branch/early_fusion_facial_v2/fusion_pack_5f/sequences/02-01-06-01-01-02-11.npy,5,2048,02-01-06-01-01-02-11,canonical_02,5,5,fearful,0.01851576566696167,0.010759225860238076,0.011461998056620359,0.008372792415320874,0.010128232836723327,0.9202009439468384,0.013309313356876374,0.007251731771975756,1,1,1,complete
01-06-01-02-01-11,02-01-06-01-02-01-11,02-01-06-01-02-01-11,data/raw/ravdess/video_speech/Video_Speech_Actor_11/Actor_11/02-01-06-01-02-01-11.mp4,11,train,06,5,fearful,01,02,01,02-01-06-01-02-01-11,canonical_02,/home/tonyhe/ravdess_avfusion/external/video_face_branch/early_fusion_facial_v2/fusion_pack_5f/sequences/02-01-06-01-02-01-11.npy,5,2048,02-01-06-01-02-01-11,canonical_02,5,5,fearful,0.022402238473296164,0.011236766539514064,0.011720402166247368,0.008978307340294122,0.012314540334045887,0.9090014696121216,0.015524156019091606,0.00882208663970232,1,1,1,complete
01-06-01-02-02-11,02-01-06-01-02-02-11,02-01-06-01-02-02-11,data/raw/ravdess/video_speech/Video_Speech_Actor_11/Actor_11/02-01-06-01-02-02-11.mp4,11,train,06,5,fearful,01,02,02,02-01-06-01-02-02-11,canonical_02,/home/tonyhe/ravdess_avfusion/external/video_face_branch/early_fusion_facial_v2/fusion_pack_5f/sequences/02-01-06-01-02-02-11.npy,5,2048,02-01-06-01-02-02-11,canonical_02,5,5,fearful,0.02262747697532177,0.011904714070260525,0.010674302093684673,0.009134411253035069,0.010796992853283883,0.889179813861847,0.03658962678164244,0.00909265959635377,1,1,1,complete
01-06-02-01-01-11,02-01-06-02-01-01-11,02-01-06-02-01-01-11,data/raw/ravdess/video_speech/Video_Speech_Actor_11/Actor_11/02-01-06-02-01-01-11.mp4,11,train,06,5,fearful,02,01,01,02-01-06-02-01-01-11,canonical_02,/home/tonyhe/ravdess_avfusion/external/video_face_branch/early_fusion_facial_v2/fusion_pack_5f/sequences/02-01-06-02-01-01-11.npy,5,2048,02-01-06-02-01-01-11,canonical_02,5,5,fearful,0.02302298992872238,0.010172859951853751,0.010621745511889458,0.009614603407680989,0.010213782265782356,0.9162047386169434,0.010705960169434547,0.009443308413028716,1,1,1,complete
01-06-02-01-02-11,02-01-06-02-01-02-11,02-01-06-02-01-02-11,data/raw/ravdess/video_speech/Video_Speech_Actor_11/Actor_11/02-01-06-02-01-02-11.mp4,11,train,06,5,fearful,02,01,02,02-01-06-02-01-02-11,canonical_02,/home/tonyhe/ravdess_avfusion/external/video_face_branch/early_fusion_facial_v2/fusion_pack_5f/sequences/02-01-06-02-01-02-11.npy,5,2048,02-01-06-02-01-02-11,canonical_02,5,5,fearful,0.024728716164827347,0.011645759269595147,0.014143986068665982,0.009890476986765862,0.010944744665175676,0.9029284477233886,0.013960904441773891,0.011756966449320316,1,1,1,complete
01-06-02-02-01-11,02-01-06-02-02-01-11,02-01-06-02-02-01-11,data/raw/ravdess/video_speech/Video_Speech_Actor_11/Actor_11/02-01-06-02-02-01-11.mp4,11,train,06,5,fearful,02,02,01,02-01-06-02-02-01-11,canonical_02,/home/tonyhe/ravdess_avfusion/external/video_face_branch/early_fusion_facial_v2/fusion_pack_5f/sequences/02-01-06-02-02-01-11.npy,5,2048,02-01-06-02-02-01-11,canonical_02,5,5,fearful,0.019558087363839148,0.009438941068947316,0.011190709844231605,0.00730681223794818,0.009871093835681678,0.9205738663673401,0.013755763694643975,0.008304700348526239,1,1,1,complete
01-06-02-02-02-11,02-01-06-02-02-02-11,02-01-06-02-02-02-11,data/raw/ravdess/video_speech/Video_Speech_Actor_11/Actor_11/02-01-06-02-02-02-11.mp4,11,train,06,5,fearful,02,02,02,02-01-06-02-02-02-11,canonical_02,/home/tonyhe/ravdess_avfusion/external/video_face_branch/early_fusion_facial_v2/fusion_pack_5f/sequences/02-01-06-02-02-02-11.npy,5,2048,02-01-06-02-02-02-11,canonical_02,5,5,fearful,0.022657372616231443,0.010785797797143459,0.011933054681867361,0.009626221843063831,0.008834349969401956,0.9149672508239746,0.0116536233574152,0.009542305581271648,1,1,1,complete
01-07-01-01-01-11,02-01-07-01-01-01-11,02-01-07-01-01-01-11,data/raw/ravdess/video_speech/Video_Speech_Actor_11/Actor_11/02-01-07-01-01-01-11.mp4,11,train,07,6,disgust,01,01,01,02-01-07-01-01-01-11,canonical_02,/home/tonyhe/ravdess_avfusion/external/video_face_branch/early_fusion_facial_v2/fusion_pack_5f/sequences/02-01-07-01-01-01-11.npy,5,2048,02-01-07-01-01-01-11,canonical_02,5,6,disgust,0.018566016852855683,0.008862464316189289,0.00871351445093751,0.007903845794498921,0.010961093846708536,0.007733150478452444,0.9283410549163819,0.008918865956366063,1,1,1,complete
01-07-01-01-02-11,02-01-07-01-01-02-11,02-01-07-01-01-02-11,data/raw/ravdess/video_speech/Video_Speech_Actor_11/Actor_11/02-01-07-01-01-02-11.mp4,11,train,07,6,disgust,01,01,02,02-01-07-01-01-02-11,canonical_02,/home/tonyhe/ravdess_avfusion/external/video_face_branch/early_fusion_facial_v2/fusion_pack_5f/sequences/02-01-07-01-01-02-11.npy,5,2048,02-01-07-01-01-02-11,canonical_02,5,6,disgust,0.015602410212159157,0.0075923331081867215,0.0071707963943481445,0.007489350484684109,0.008565551694482565,0.007005868013948202,0.9383263945579529,0.008247273415327072,1,1,1,complete
01-07-01-02-01-11,02-01-07-01-02-01-11,02-01-07-01-02-01-11,data/raw/ravdess/video_speech/Video_Speech_Actor_11/Actor_11/02-01-07-01-02-01-11.mp4,11,train,07,6,disgust,01,02,01,02-01-07-01-02-01-11,canonical_02,/home/tonyhe/ravdess_avfusion/external/video_face_branch/early_fusion_facial_v2/fusion_pack_5f/sequences/02-01-07-01-02-01-11.npy,5,2048,02-01-07-01-02-01-11,canonical_02,5,6,disgust,0.018151423335075377,0.009239738620817662,0.008053646329790354,0.00860624983906746,0.009470705594867467,0.007970207743346691,0.9284782648086548,0.010029765218496323,1,1,1,complete
01-07-01-02-02-11,02-01-07-01-02-02-11,02-01-07-01-02-02-11,data/raw/ravdess/video_speech/Video_Speech_Actor_11/Actor_11/02-01-07-01-02-02-11.mp4,11,train,07,6,disgust,01,02,02,02-01-07-01-02-02-11,canonical_02,/home/tonyhe/ravdess_avfusion/external/video_face_branch/early_fusion_facial_v2/fusion_pack_5f/sequences/02-01-07-01-02-02-11.npy,5,2048,02-01-07-01-02-02-11,canonical_02,5,6,disgust,0.020527530834078787,0.010409419797360897,0.00887769227847457,0.009564088378101587,0.010937031544744968,0.008697337098419666,0.919602370262146,0.011384495720267295,1,1,1,complete
01-07-02-01-01-11,02-01-07-02-01-01-11,02-01-07-02-01-01-11,data/raw/ravdess/video_speech/Video_Speech_Actor_11/Actor_11/02-01-07-02-01-01-11.mp4,11,train,07,6,disgust,02,01,01,02-01-07-02-01-01-11,canonical_02,/home/tonyhe/ravdess_avfusion/external/video_face_branch/early_fusion_facial_v2/fusion_pack_5f/sequences/02-01-07-02-01-01-11.npy,5,2048,02-01-07-02-01-01-11,canonical_02,5,6,disgust,0.019357138872146608,0.010325716435909271,0.0086342784576118,0.008345801290124655,0.009412037301808595,0.009007775597274304,0.9247368812561035,0.01018033130094409,1,1,1,complete
01-07-02-01-02-11,02-01-07-02-01-02-11,02-01-07-02-01-02-11,data/raw/ravdess/video_speech/Video_Speech_Actor_11/Actor_11/02-01-07-02-01-02-11.mp4,11,train,07,6,disgust,02,01,02,02-01-07-02-01-02-11,canonical_02,/home/tonyhe/ravdess_avfusion/external/video_face_branch/early_fusion_facial_v2/fusion_pack_5f/sequences/02-01-07-02-01-02-11.npy,5,2048,02-01-07-02-01-02-11,canonical_02,5,6,disgust,0.01796857248991728,0.009512766264379025,0.008824730571359397,0.009330133814364672,0.009530092030763626,0.009775464236736298,0.9250859498977662,0.009972235467284919,1,1,1,complete
01-07-02-02-01-11,02-01-07-02-02-01-11,02-01-07-02-02-01-11,data/raw/ravdess/video_speech/Video_Speech_Actor_11/Actor_11/02-01-07-02-02-01-11.mp4,11,train,07,6,disgust,02,02,01,02-01-07-02-02-01-11,canonical_02,/home/tonyhe/ravdess_avfusion/external/video_face_branch/early_fusion_facial_v2/fusion_pack_5f/sequences/02-01-07-02-02-01-11.npy,5,2048,02-01-07-02-02-01-11,canonical_02,5,6,disgust,0.015788131579756736,0.008012955542653799,0.008590146992355585,0.007703570555895567,0.007856766134500504,0.007217185758054257,0.9363232135772706,0.008508002385497093,1,1,1,complete
01-07-02-02-02-11,02-01-07-02-02-02-11,02-01-07-02-02-02-11,data/raw/ravdess/video_speech/Video_Speech_Actor_11/Actor_11/02-01-07-02-02-02-11.mp4,11,train,07,6,disgust,02,02,02,02-01-07-02-02-02-11,canonical_02,/home/tonyhe/ravdess_avfusion/external/video_face_branch/early_fusion_facial_v2/fusion_pack_5f/sequences/02-01-07-02-02-02-11.npy,5,2048,02-01-07-02-02-02-11,canonical_02,5,6,disgust,0.01691879555583,0.009811082296073437,0.00807736162096262,0.007397096324712038,0.008311571832746268,0.00658276304602623,0.9343579173088074,0.008543425612151623,1,1,1,complete
01-08-01-01-01-11,02-01-08-01-01-01-11,02-01-08-01-01-01-11,data/raw/ravdess/video_speech/Video_Speech_Actor_11/Actor_11/02-01-08-01-01-01-11.mp4,11,train,08,7,surprise,01,01,01,02-01-08-01-01-01-11,canonical_02,/home/tonyhe/ravdess_avfusion/external/video_face_branch/early_fusion_facial_v2/fusion_pack_5f/sequences/02-01-08-01-01-01-11.npy,5,2048,02-01-08-01-01-01-11,canonical_02,5,7,surprise,0.017363563738763334,0.010363295767456293,0.010905565414577722,0.013205862976610661,0.0459874315187335,0.010357386153191327,0.013260632753372192,0.8785562634468078,1,1,1,complete
01-08-01-01-02-11,02-01-08-01-01-02-11,02-01-08-01-01-02-11,data/raw/ravdess/video_speech/Video_Speech_Actor_11/Actor_11/02-01-08-01-01-02-11.mp4,11,train,08,7,surprise,01,01,02,02-01-08-01-01-02-11,canonical_02,/home/tonyhe/ravdess_avfusion/external/video_face_branch/early_fusion_facial_v2/fusion_pack_5f/sequences/02-01-08-01-01-02-11.npy,5,2048,02-01-08-01-01-02-11,canonical_02,5,7,surprise,0.0175512982532382,0.012209556624293327,0.011497372388839721,0.009605585411190987,0.012942683696746827,0.010924984328448772,0.011543279141187667,0.9137252688407898,1,1,1,complete
01-08-01-02-01-11,02-01-08-01-02-01-11,02-01-08-01-02-01-11,data/raw/ravdess/video_speech/Video_Speech_Actor_11/Actor_11/02-01-08-01-02-01-11.mp4,11,train,08,7,surprise,01,02,01,02-01-08-01-02-01-11,canonical_02,/home/tonyhe/ravdess_avfusion/external/video_face_branch/early_fusion_facial_v2/fusion_pack_5f/sequences/02-01-08-01-02-01-11.npy,5,2048,02-01-08-01-02-01-11,canonical_02,5,7,surprise,0.017088274657726287,0.010367937013506889,0.011563719622790814,0.010378718003630638,0.013225665874779224,0.008647550735622645,0.012917850725352764,0.9158102989196777,1,1,1,complete
01-08-01-02-02-11,02-01-08-01-02-02-11,02-01-08-01-02-02-11,data/raw/ravdess/video_speech/Video_Speech_Actor_11/Actor_11/02-01-08-01-02-02-11.mp4,11,train,08,7,surprise,01,02,02,02-01-08-01-02-02-11,canonical_02,/home/tonyhe/ravdess_avfusion/external/video_face_branch/early_fusion_facial_v2/fusion_pack_5f/sequences/02-01-08-01-02-02-11.npy,5,2048,02-01-08-01-02-02-11,canonical_02,5,7,surprise,0.013235379196703433,0.008412991929799319,0.008439488895237445,0.007875426393002271,0.010442785918712616,0.011951662600040436,0.008992685843259096,0.9306495547294616,1,1,1,complete
01-08-02-01-01-11,02-01-08-02-01-01-11,02-01-08-02-01-01-11,data/raw/ravdess/video_speech/Video_Speech_Actor_11/Actor_11/02-01-08-02-01-01-11.mp4,11,train,08,7,surprise,02,01,01,02-01-08-02-01-01-11,canonical_02,/home/tonyhe/ravdess_avfusion/external/video_face_branch/early_fusion_facial_v2/fusion_pack_5f/sequences/02-01-08-02-01-01-11.npy,5,2048,02-01-08-02-01-01-11,canonical_02,5,7,surprise,0.018301570042967796,0.010671420022845268,0.01155155673623085,0.01025460585951805,0.013968845829367638,0.00929499976336956,0.012119849771261215,0.9138371229171753,1,1,1,complete
01-08-02-01-02-11,02-01-08-02-01-02-11,02-01-08-02-01-02-11,data/raw/ravdess/video_speech/Video_Speech_Actor_11/Actor_11/02-01-08-02-01-02-11.mp4,11,train,08,7,surprise,02,01,02,02-01-08-02-01-02-11,canonical_02,/home/tonyhe/ravdess_avfusion/external/video_face_branch/early_fusion_facial_v2/fusion_pack_5f/sequences/02-01-08-02-01-02-11.npy,5,2048,02-01-08-02-01-02-11,canonical_02,5,7,surprise,0.018985781632363797,0.010756422393023967,0.011258379928767681,0.009953549411147834,0.01339059416204691,0.009578387811779976,0.013019716553390025,0.9130571842193603,1,1,1,complete
01-08-02-02-01-11,02-01-08-02-02-01-11,02-01-08-02-02-01-11,data/raw/ravdess/video_speech/Video_Speech_Actor_11/Actor_11/02-01-08-02-02-01-11.mp4,11,train,08,7,surprise,02,02,01,02-01-08-02-02-01-11,canonical_02,/home/tonyhe/ravdess_avfusion/external/video_face_branch/early_fusion_facial_v2/fusion_pack_5f/sequences/02-01-08-02-02-01-11.npy,5,2048,02-01-08-02-02-01-11,canonical_02,5,7,surprise,0.018305881693959237,0.0130788404494524,0.01040013786405325,0.010389710962772369,0.012379527930170298,0.011192397959530354,0.011010024696588516,0.9132434725761414,1,1,1,complete
01-08-02-02-02-11,02-01-08-02-02-02-11,02-01-08-02-02-02-11,data/raw/ravdess/video_speech/Video_Speech_Actor_11/Actor_11/02-01-08-02-02-02-11.mp4,11,train,08,7,surprise,02,02,02,02-01-08-02-02-02-11,canonical_02,/home/tonyhe/ravdess_avfusion/external/video_face_branch/early_fusion_facial_v2/fusion_pack_5f/sequences/02-01-08-02-02-02-11.npy,5,2048,02-01-08-02-02-02-11,canonical_02,5,7,surprise,0.015798907727003098,0.008994128461927176,0.00930686155334115,0.00875320378690958,0.009516728669404983,0.007550282124429941,0.010505552403628826,0.9295743227005004,1,1,1,complete
01-01-01-01-01-12,02-01-01-01-01-01-12,02-01-01-01-01-01-12,data/raw/ravdess/video_speech/Video_Speech_Actor_12/Actor_12/02-01-01-01-01-01-12.mp4,12,train,01,0,neutral,01,01,01,02-01-01-01-01-01-12,canonical_02,/home/tonyhe/ravdess_avfusion/external/video_face_branch/early_fusion_facial_v2/fusion_pack_5f/sequences/02-01-01-01-01-01-12.npy,5,2048,02-01-01-01-01-01-12,canonical_02,5,0,neutral,0.9574665904045105,0.0042834381572902204,0.006541087292134762,0.005686619132757187,0.005893703829497099,0.006435533054172993,0.007106277346611023,0.006586731970310211,1,1,1,complete
01-01-01-01-02-12,02-01-01-01-01-02-12,02-01-01-01-01-02-12,data/raw/ravdess/video_speech/Video_Speech_Actor_12/Actor_12/02-01-01-01-01-02-12.mp4,12,train,01,0,neutral,01,01,02,02-01-01-01-01-02-12,canonical_02,/home/tonyhe/ravdess_avfusion/external/video_face_branch/early_fusion_facial_v2/fusion_pack_5f/sequences/02-01-01-01-01-02-12.npy,5,2048,02-01-01-01-01-02-12,canonical_02,5,0,neutral,0.9617964386940002,0.003972080955281854,0.006728710234165191,0.005084918113425374,0.005320751760154963,0.0053269720636308195,0.005720343394204974,0.00604974189773202,1,1,1,complete
01-01-01-02-01-12,02-01-01-01-02-01-12,02-01-01-01-02-01-12,data/raw/ravdess/video_speech/Video_Speech_Actor_12/Actor_12/02-01-01-01-02-01-12.mp4,12,train,01,0,neutral,01,02,01,02-01-01-01-02-01-12,canonical_02,/home/tonyhe/ravdess_avfusion/external/video_face_branch/early_fusion_facial_v2/fusion_pack_5f/sequences/02-01-01-01-02-01-12.npy,5,2048,02-01-01-01-02-01-12,canonical_02,5,0,neutral,0.9653141379356385,0.003094932110980153,0.005006902199238539,0.005201537348330021,0.00450689704157412,0.006082530599087477,0.00563910799100995,0.0051539117936044935,1,1,1,complete
01-01-01-02-02-12,02-01-01-01-02-02-12,02-01-01-01-02-02-12,data/raw/ravdess/video_speech/Video_Speech_Actor_12/Actor_12/02-01-01-01-02-02-12.mp4,12,train,01,0,neutral,01,02,02,02-01-01-01-02-02-12,canonical_02,/home/tonyhe/ravdess_avfusion/external/video_face_branch/early_fusion_facial_v2/fusion_pack_5f/sequences/02-01-01-01-02-02-12.npy,5,2048,02-01-01-01-02-02-12,canonical_02,5,0,neutral,0.9429176688194275,0.005544695444405079,0.011617240030318499,0.008423073263838888,0.00860799252986908,0.007789649069309235,0.009174535423517228,0.005925087770447135,1,1,1,complete
01-02-01-01-01-12,02-01-02-01-01-01-12,02-01-02-01-01-01-12,data/raw/ravdess/video_speech/Video_Speech_Actor_12/Actor_12/02-01-02-01-01-01-12.mp4,12,train,02,1,calm,01,01,01,02-01-02-01-01-01-12,canonical_02,/home/tonyhe/ravdess_avfusion/external/video_face_branch/early_fusion_facial_v2/fusion_pack_5f/sequences/02-01-02-01-01-01-12.npy,5,2048,02-01-02-01-01-01-12,canonical_02,5,1,calm,0.12548913210630416,0.795349633693695,0.011866133473813534,0.012562172673642635,0.010047242231667041,0.011243874952197076,0.016076823323965074,0.01736497925594449,1,1,1,complete
01-02-01-01-02-12,02-01-02-01-01-02-12,02-01-02-01-01-02-12,data/raw/ravdess/video_speech/Video_Speech_Actor_12/Actor_12/02-01-02-01-01-02-12.mp4,12,train,02,1,calm,01,01,02,02-01-02-01-01-02-12,canonical_02,/home/tonyhe/ravdess_avfusion/external/video_face_branch/early_fusion_facial_v2/fusion_pack_5f/sequences/02-01-02-01-01-02-12.npy,5,2048,02-01-02-01-01-02-12,canonical_02,5,0,neutral,0.5226227723062038,0.38865363895893096,0.019157016649842262,0.014169287867844105,0.009386590775102377,0.012946616671979428,0.016695193015038967,0.016368868853896858,1,1,1,complete
01-02-01-02-01-12,02-01-02-01-02-01-12,02-01-02-01-02-01-12,data/raw/ravdess/video_speech/Video_Speech_Actor_12/Actor_12/02-01-02-01-02-01-12.mp4,12,train,02,1,calm,01,02,01,02-01-02-01-02-01-12,canonical_02,/home/tonyhe/ravdess_avfusion/external/video_face_branch/early_fusion_facial_v2/fusion_pack_5f/sequences/02-01-02-01-02-01-12.npy,5,2048,02-01-02-01-02-01-12,canonical_02,5,1,calm,0.024952029436826707,0.9126553058624267,0.009095638152211904,0.011387526616454124,0.009405614715069533,0.010141245648264885,0.011802283115684986,0.010560393380001188,1,1,1,complete
01-02-01-02-02-12,02-01-02-01-02-02-12,02-01-02-01-02-02-12,data/raw/ravdess/video_speech/Video_Speech_Actor_12/Actor_12/02-01-02-01-02-02-12.mp4,12,train,02,1,calm,01,02,02,02-01-02-01-02-02-12,canonical_02,/home/tonyhe/ravdess_avfusion/external/video_face_branch/early_fusion_facial_v2/fusion_pack_5f/sequences/02-01-02-01-02-02-12.npy,5,2048,02-01-02-01-02-02-12,canonical_02,5,1,calm,0.028008685633540153,0.8908038139343262,0.01902160570025444,0.015203100070357323,0.011970400251448155,0.010292245820164681,0.012772482261061669,0.011927683930844068,1,1,1,complete
01-02-02-01-01-12,02-01-02-02-01-01-12,02-01-02-02-01-01-12,data/raw/ravdess/video_speech/Video_Speech_Actor_12/Actor_12/02-01-02-02-01-01-12.mp4,12,train,02,1,calm,02,01,01,02-01-02-02-01-01-12,canonical_02,/home/tonyhe/ravdess_avfusion/external/video_face_branch/early_fusion_facial_v2/fusion_pack_5f/sequences/02-01-02-02-01-01-12.npy,5,2048,02-01-02-02-01-01-12,canonical_02,5,1,calm,0.15599871799349785,0.7640318036079407,0.009877448994666338,0.014659421145915985,0.009275893215090036,0.012096399627625942,0.015070375986397266,0.01898989863693714,1,1,1,complete
01-02-02-01-02-12,02-01-02-02-01-02-12,02-01-02-02-01-02-12,data/raw/ravdess/video_speech/Video_Speech_Actor_12/Actor_12/02-01-02-02-01-02-12.mp4,12,train,02,1,calm,02,01,02,02-01-02-02-01-02-12,canonical_02,/home/tonyhe/ravdess_avfusion/external/video_face_branch/early_fusion_facial_v2/fusion_pack_5f/sequences/02-01-02-02-01-02-12.npy,5,2048,02-01-02-02-01-02-12,canonical_02,5,1,calm,0.12421415150165557,0.8201481342315674,0.011076160520315171,0.009377779997885227,0.007467768993228674,0.00964407753199339,0.010408042557537555,0.007663850672543049,1,1,1,complete
01-02-02-02-01-12,02-01-02-02-02-01-12,02-01-02-02-02-01-12,data/raw/ravdess/video_speech/Video_Speech_Actor_12/Actor_12/02-01-02-02-02-01-12.mp4,12,train,02,1,calm,02,02,01,02-01-02-02-02-01-12,canonical_02,/home/tonyhe/ravdess_avfusion/external/video_face_branch/early_fusion_facial_v2/fusion_pack_5f/sequences/02-01-02-02-02-01-12.npy,5,2048,02-01-02-02-02-01-12,canonical_02,5,1,calm,0.03447445780038834,0.8944883704185486,0.010601176507771015,0.012934545427560807,0.010677481722086667,0.011763079091906548,0.013348812982439996,0.011712049134075642,1,1,1,complete
01-02-02-02-02-12,02-01-02-02-02-02-12,02-01-02-02-02-02-12,data/raw/ravdess/video_speech/Video_Speech_Actor_12/Actor_12/02-01-02-02-02-02-12.mp4,12,train,02,1,calm,02,02,02,02-01-02-02-02-02-12,canonical_02,/home/tonyhe/ravdess_avfusion/external/video_face_branch/early_fusion_facial_v2/fusion_pack_5f/sequences/02-01-02-02-02-02-12.npy,5,2048,02-01-02-02-02-02-12,canonical_02,5,1,calm,0.12736160568892957,0.8011955857276917,0.010313077829778194,0.012562601268291474,0.010030422825366259,0.011849138047546148,0.013970810733735562,0.012716753035783767,1,1,1,complete
01-03-01-01-01-12,02-01-03-01-01-01-12,02-01-03-01-01-01-12,data/raw/ravdess/video_speech/Video_Speech_Actor_12/Actor_12/02-01-03-01-01-01-12.mp4,12,train,03,2,happy,01,01,01,02-01-03-01-01-01-12,canonical_02,/home/tonyhe/ravdess_avfusion/external/video_face_branch/early_fusion_facial_v2/fusion_pack_5f/sequences/02-01-03-01-01-01-12.npy,5,2048,02-01-03-01-01-01-12,canonical_02,5,2,happy,0.017518529295921327,0.012428188789635896,0.9082801938056946,0.019005081802606582,0.0093347760848701,0.009586175624281167,0.010905008297413588,0.012942004762589932,1,1,1,complete
01-03-01-01-02-12,02-01-03-01-01-02-12,02-01-03-01-01-02-12,data/raw/ravdess/video_speech/Video_Speech_Actor_12/Actor_12/02-01-03-01-01-02-12.mp4,12,train,03,2,happy,01,01,02,02-01-03-01-01-02-12,canonical_02,/home/tonyhe/ravdess_avfusion/external/video_face_branch/early_fusion_facial_v2/fusion_pack_5f/sequences/02-01-03-01-01-02-12.npy,5,2048,02-01-03-01-01-02-12,canonical_02,5,2,happy,0.023834018409252165,0.013031606003642083,0.9031584739685059,0.013193391636013985,0.01316162832081318,0.010400793422013522,0.012188850529491901,0.01103127095848322,1,1,1,complete
01-03-01-02-01-12,02-01-03-01-02-01-12,02-01-03-01-02-01-12,data/raw/ravdess/video_speech/Video_Speech_Actor_12/Actor_12/02-01-03-01-02-01-12.mp4,12,train,03,2,happy,01,02,01,02-01-03-01-02-01-12,canonical_02,/home/tonyhe/ravdess_avfusion/external/video_face_branch/early_fusion_facial_v2/fusion_pack_5f/sequences/02-01-03-01-02-01-12.npy,5,2048,02-01-03-01-02-01-12,canonical_02,5,2,happy,0.022174631245434284,0.01968113649636507,0.9018657684326172,0.012959907576441766,0.011307289637625218,0.010507561359554529,0.011276956647634506,0.010226726252585649,1,1,1,complete
01-03-01-02-02-12,02-01-03-01-02-02-12,02-01-03-01-02-02-12,data/raw/ravdess/video_speech/Video_Speech_Actor_12/Actor_12/02-01-03-01-02-02-12.mp4,12,train,03,2,happy,01,02,02,02-01-03-01-02-02-12,canonical_02,/home/tonyhe/ravdess_avfusion/external/video_face_branch/early_fusion_facial_v2/fusion_pack_5f/sequences/02-01-03-01-02-02-12.npy,5,2048,02-01-03-01-02-02-12,canonical_02,5,2,happy,0.02452558632940054,0.01306187491863966,0.8903898239135742,0.01458588382229209,0.02128932559862733,0.011722924746572971,0.012322727777063846,0.012101810704916716,1,1,1,complete
01-03-02-01-01-12,02-01-03-02-01-01-12,02-01-03-02-01-01-12,data/raw/ravdess/video_speech/Video_Speech_Actor_12/Actor_12/02-01-03-02-01-01-12.mp4,12,train,03,2,happy,02,01,01,02-01-03-02-01-01-12,canonical_02,/home/tonyhe/ravdess_avfusion/external/video_face_branch/early_fusion_facial_v2/fusion_pack_5f/sequences/02-01-03-02-01-01-12.npy,5,2048,02-01-03-02-01-01-12,canonical_02,5,2,happy,0.01932404385879636,0.007905430812388658,0.9321162104606628,0.006403018394485116,0.008929514419287443,0.008931775577366352,0.00762472259812057,0.008765250630676746,1,1,1,complete
01-03-02-01-02-12,02-01-03-02-01-02-12,02-01-03-02-01-02-12,data/raw/ravdess/video_speech/Video_Speech_Actor_12/Actor_12/02-01-03-02-01-02-12.mp4,12,train,03,2,happy,02,01,02,02-01-03-02-01-02-12,canonical_02,/home/tonyhe/ravdess_avfusion/external/video_face_branch/early_fusion_facial_v2/fusion_pack_5f/sequences/02-01-03-02-01-02-12.npy,5,2048,02-01-03-02-01-02-12,canonical_02,5,2,happy,0.018596093403175473,0.006142695131711662,0.9237680792808532,0.007246489683166146,0.007698048790916801,0.016390257887542246,0.007255839928984642,0.01290252823382616,1,1,1,complete
01-03-02-02-01-12,02-01-03-02-02-01-12,02-01-03-02-02-01-12,data/raw/ravdess/video_speech/Video_Speech_Actor_12/Actor_12/02-01-03-02-02-01-12.mp4,12,train,03,2,happy,02,02,01,02-01-03-02-02-01-12,canonical_02,/home/tonyhe/ravdess_avfusion/external/video_face_branch/early_fusion_facial_v2/fusion_pack_5f/sequences/02-01-03-02-02-01-12.npy,5,2048,02-01-03-02-02-01-12,canonical_02,5,2,happy,0.019681825861334802,0.013413674850016832,0.9212746977806091,0.00958511051721871,0.008398220781236887,0.009029991645365953,0.00984659930691123,0.008769891783595085,1,1,1,complete
01-03-02-02-02-12,02-01-03-02-02-02-12,02-01-03-02-02-02-12,data/raw/ravdess/video_speech/Video_Speech_Actor_12/Actor_12/02-01-03-02-02-02-12.mp4,12,train,03,2,happy,02,02,02,02-01-03-02-02-02-12,canonical_02,/home/tonyhe/ravdess_avfusion/external/video_face_branch/early_fusion_facial_v2/fusion_pack_5f/sequences/02-01-03-02-02-02-12.npy,5,2048,02-01-03-02-02-02-12,canonical_02,5,2,happy,0.03055931031703949,0.011517194099724293,0.8950393676757813,0.012557388748973608,0.011308578215539456,0.012504921853542328,0.011605837102979421,0.01490742526948452,1,1,1,complete
01-04-01-01-01-12,02-01-04-01-01-01-12,02-01-04-01-01-01-12,data/raw/ravdess/video_speech/Video_Speech_Actor_12/Actor_12/02-01-04-01-01-01-12.mp4,12,train,04,3,sad,01,01,01,02-01-04-01-01-01-12,canonical_02,/home/tonyhe/ravdess_avfusion/external/video_face_branch/early_fusion_facial_v2/fusion_pack_5f/sequences/02-01-04-01-01-01-12.npy,5,2048,02-01-04-01-01-01-12,canonical_02,5,3,sad,0.031429683044552806,0.009191163815557957,0.011924063600599766,0.8978271603584289,0.013458612374961376,0.008009493164718152,0.01849633436650038,0.009663494862616062,1,1,1,complete
01-04-01-01-02-12,02-01-04-01-01-02-12,02-01-04-01-01-02-12,data/raw/ravdess/video_speech/Video_Speech_Actor_12/Actor_12/02-01-04-01-01-02-12.mp4,12,train,04,3,sad,01,01,02,02-01-04-01-01-02-12,canonical_02,/home/tonyhe/ravdess_avfusion/external/video_face_branch/early_fusion_facial_v2/fusion_pack_5f/sequences/02-01-04-01-01-02-12.npy,5,2048,02-01-04-01-01-02-12,canonical_02,5,3,sad,0.023662051185965538,0.00849104393273592,0.009411932993680238,0.921044933795929,0.007880819868296385,0.006079355906695128,0.012364586815237999,0.011065242625772954,1,1,1,complete
01-04-01-02-01-12,02-01-04-01-02-01-12,02-01-04-01-02-01-12,data/raw/ravdess/video_speech/Video_Speech_Actor_12/Actor_12/02-01-04-01-02-01-12.mp4,12,train,04,3,sad,01,02,01,02-01-04-01-02-01-12,canonical_02,/home/tonyhe/ravdess_avfusion/external/video_face_branch/early_fusion_facial_v2/fusion_pack_5f/sequences/02-01-04-01-02-01-12.npy,5,2048,02-01-04-01-02-01-12,canonical_02,5,3,sad,0.02396363392472267,0.0088105833157897,0.010777726862579584,0.9127503633499146,0.010030071903020143,0.007655445672571659,0.01577325873076916,0.010238928347826004,1,1,1,complete
01-04-01-02-02-12,02-01-04-01-02-02-12,02-01-04-01-02-02-12,data/raw/ravdess/video_speech/Video_Speech_Actor_12/Actor_12/02-01-04-01-02-02-12.mp4,12,train,04,3,sad,01,02,02,02-01-04-01-02-02-12,canonical_02,/home/tonyhe/ravdess_avfusion/external/video_face_branch/early_fusion_facial_v2/fusion_pack_5f/sequences/02-01-04-01-02-02-12.npy,5,2048,02-01-04-01-02-02-12,canonical_02,5,3,sad,0.019278350472450256,0.007370705809444189,0.008657262474298478,0.9288138747215271,0.00977397859096527,0.005545999761670828,0.012657495401799678,0.007902347203344106,1,1,1,complete
01-04-02-01-01-12,02-01-04-02-01-01-12,02-01-04-02-01-01-12,data/raw/ravdess/video_speech/Video_Speech_Actor_12/Actor_12/02-01-04-02-01-01-12.mp4,12,train,04,3,sad,02,01,01,02-01-04-02-01-01-12,canonical_02,/home/tonyhe/ravdess_avfusion/external/video_face_branch/early_fusion_facial_v2/fusion_pack_5f/sequences/02-01-04-02-01-01-12.npy,5,2048,02-01-04-02-01-01-12,canonical_02,5,3,sad,0.031760993599891665,0.012084827572107316,0.014166394621133805,0.883858573436737,0.01412341119721532,0.012313554622232914,0.01767987459897995,0.014012361597269773,1,1,1,complete
01-04-02-01-02-12,02-01-04-02-01-02-12,02-01-04-02-01-02-12,data/raw/ravdess/video_speech/Video_Speech_Actor_12/Actor_12/02-01-04-02-01-02-12.mp4,12,train,04,3,sad,02,01,02,02-01-04-02-01-02-12,canonical_02,/home/tonyhe/ravdess_avfusion/external/video_face_branch/early_fusion_facial_v2/fusion_pack_5f/sequences/02-01-04-02-01-02-12.npy,5,2048,02-01-04-02-01-02-12,canonical_02,5,3,sad,0.028218770027160646,0.010340206883847713,0.012311565689742565,0.8971057176589966,0.01638193428516388,0.009368597064167261,0.015691241808235647,0.010581960901618004,1,1,1,complete
01-04-02-02-01-12,02-01-04-02-02-01-12,02-01-04-02-02-01-12,data/raw/ravdess/video_speech/Video_Speech_Actor_12/Actor_12/02-01-04-02-02-01-12.mp4,12,train,04,3,sad,02,02,01,02-01-04-02-02-01-12,canonical_02,/home/tonyhe/ravdess_avfusion/external/video_face_branch/early_fusion_facial_v2/fusion_pack_5f/sequences/02-01-04-02-02-01-12.npy,5,2048,02-01-04-02-02-01-12,canonical_02,5,3,sad,0.019142121076583862,0.009721494000405072,0.011637066304683686,0.9177538633346558,0.01059234207496047,0.006944955047219992,0.012453076988458633,0.011755101755261422,1,1,1,complete
01-04-02-02-02-12,02-01-04-02-02-02-12,02-01-04-02-02-02-12,data/raw/ravdess/video_speech/Video_Speech_Actor_12/Actor_12/02-01-04-02-02-02-12.mp4,12,train,04,3,sad,02,02,02,02-01-04-02-02-02-12,canonical_02,/home/tonyhe/ravdess_avfusion/external/video_face_branch/early_fusion_facial_v2/fusion_pack_5f/sequences/02-01-04-02-02-02-12.npy,5,2048,02-01-04-02-02-02-12,canonical_02,5,3,sad,0.024110439606010912,0.008737803809344769,0.012085890211164952,0.8998114466667175,0.018171006720513104,0.009962991625070573,0.016618277132511138,0.010502167604863643,1,1,1,complete
01-05-01-01-01-12,02-01-05-01-01-01-12,02-01-05-01-01-01-12,data/raw/ravdess/video_speech/Video_Speech_Actor_12/Actor_12/02-01-05-01-01-01-12.mp4,12,train,05,4,angry,01,01,01,02-01-05-01-01-01-12,canonical_02,/home/tonyhe/ravdess_avfusion/external/video_face_branch/early_fusion_facial_v2/fusion_pack_5f/sequences/02-01-05-01-01-01-12.npy,5,2048,02-01-05-01-01-01-12,canonical_02,5,4,angry,0.022607945650815964,0.010726134572178126,0.016942314617335797,0.1009866668842733,0.8147029757499695,0.010918097291141748,0.011482526641339063,0.011633343715220689,1,1,1,complete
01-05-01-01-02-12,02-01-05-01-01-02-12,02-01-05-01-01-02-12,data/raw/ravdess/video_speech/Video_Speech_Actor_12/Actor_12/02-01-05-01-01-02-12.mp4,12,train,05,4,angry,01,01,02,02-01-05-01-01-02-12,canonical_02,/home/tonyhe/ravdess_avfusion/external/video_face_branch/early_fusion_facial_v2/fusion_pack_5f/sequences/02-01-05-01-01-02-12.npy,5,2048,02-01-05-01-01-02-12,canonical_02,5,4,angry,0.016871953569352626,0.0071128541603684425,0.008980726543813943,0.01628964804112911,0.9326822519302368,0.0052129490301013,0.007927062548696994,0.004922529635950923,1,1,1,complete
01-05-01-02-01-12,02-01-05-01-02-01-12,02-01-05-01-02-01-12,data/raw/ravdess/video_speech/Video_Speech_Actor_12/Actor_12/02-01-05-01-02-01-12.mp4,12,train,05,4,angry,01,02,01,02-01-05-01-02-01-12,canonical_02,/home/tonyhe/ravdess_avfusion/external/video_face_branch/early_fusion_facial_v2/fusion_pack_5f/sequences/02-01-05-01-02-01-12.npy,5,2048,02-01-05-01-02-01-12,canonical_02,5,4,angry,0.03328656405210495,0.007717050611972809,0.014925498981028795,0.10117116407491267,0.7629182517528534,0.06015386348590255,0.013291787076741456,0.00653581004589796,1,1,1,complete
01-05-01-02-02-12,02-01-05-01-02-02-12,02-01-05-01-02-02-12,data/raw/ravdess/video_speech/Video_Speech_Actor_12/Actor_12/02-01-05-01-02-02-12.mp4,12,train,05,4,angry,01,02,02,02-01-05-01-02-02-12,canonical_02,/home/tonyhe/ravdess_avfusion/external/video_face_branch/early_fusion_facial_v2/fusion_pack_5f/sequences/02-01-05-01-02-02-12.npy,5,2048,02-01-05-01-02-02-12,canonical_02,5,4,angry,0.023963032849133016,0.007593685388565063,0.011882654950022697,0.019299293309450148,0.9138662457466126,0.007010942790657282,0.008886453416198491,0.0074977193027734755,1,1,1,complete
01-05-02-01-01-12,02-01-05-02-01-01-12,02-01-05-02-01-01-12,data/raw/ravdess/video_speech/Video_Speech_Actor_12/Actor_12/02-01-05-02-01-01-12.mp4,12,train,05,4,angry,02,01,01,02-01-05-02-01-01-12,canonical_02,/home/tonyhe/ravdess_avfusion/external/video_face_branch/early_fusion_facial_v2/fusion_pack_5f/sequences/02-01-05-02-01-01-12.npy,5,2048,02-01-05-02-01-01-12,canonical_02,5,4,angry,0.018496496975421904,0.008629399165511132,0.007926300913095475,0.01959467977285385,0.9157275795936585,0.012994831148535013,0.011118223238736392,0.0055124970152974125,1,1,1,complete
01-05-02-01-02-12,02-01-05-02-01-02-12,02-01-05-02-01-02-12,data/raw/ravdess/video_speech/Video_Speech_Actor_12/Actor_12/02-01-05-02-01-02-12.mp4,12,train,05,4,angry,02,01,02,02-01-05-02-01-02-12,canonical_02,/home/tonyhe/ravdess_avfusion/external/video_face_branch/early_fusion_facial_v2/fusion_pack_5f/sequences/02-01-05-02-01-02-12.npy,5,2048,02-01-05-02-01-02-12,canonical_02,5,4,angry,0.0229556443169713,0.008850409742444753,0.008367716241627932,0.017806086130440234,0.9176739454269409,0.00817854329943657,0.009942444041371346,0.006225224304944277,1,1,1,complete
01-05-02-02-01-12,02-01-05-02-02-01-12,02-01-05-02-02-01-12,data/raw/ravdess/video_speech/Video_Speech_Actor_12/Actor_12/02-01-05-02-02-01-12.mp4,12,train,05,4,angry,02,02,01,02-01-05-02-02-01-12,canonical_02,/home/tonyhe/ravdess_avfusion/external/video_face_branch/early_fusion_facial_v2/fusion_pack_5f/sequences/02-01-05-02-02-01-12.npy,5,2048,02-01-05-02-02-01-12,canonical_02,5,4,angry,0.01699620820581913,0.008903432916849852,0.008708871249109507,0.018092949595302343,0.9169327616691589,0.010469174757599831,0.012811925821006298,0.007084687473252416,1,1,1,complete
01-05-02-02-02-12,02-01-05-02-02-02-12,02-01-05-02-02-02-12,data/raw/ravdess/video_speech/Video_Speech_Actor_12/Actor_12/02-01-05-02-02-02-12.mp4,12,train,05,4,angry,02,02,02,02-01-05-02-02-02-12,canonical_02,/home/tonyhe/ravdess_avfusion/external/video_face_branch/early_fusion_facial_v2/fusion_pack_5f/sequences/02-01-05-02-02-02-12.npy,5,2048,02-01-05-02-02-02-12,canonical_02,5,4,angry,0.018784868344664574,0.008871332835406065,0.010221153404563666,0.01230951165780425,0.9211873531341552,0.011999814352020622,0.01002366142347455,0.006602256093174219,1,1,1,complete
01-06-01-01-01-12,02-01-06-01-01-01-12,02-01-06-01-01-01-12,data/raw/ravdess/video_speech/Video_Speech_Actor_12/Actor_12/02-01-06-01-01-01-12.mp4,12,train,06,5,fearful,01,01,01,02-01-06-01-01-01-12,canonical_02,/home/tonyhe/ravdess_avfusion/external/video_face_branch/early_fusion_facial_v2/fusion_pack_5f/sequences/02-01-06-01-01-01-12.npy,5,2048,02-01-06-01-01-01-12,canonical_02,5,5,fearful,0.021626164391636848,0.008285206649452448,0.007796720787882805,0.012576067447662353,0.005867448402568698,0.9263940811157226,0.009881675988435746,0.007572592049837112,1,1,1,complete
01-06-01-01-02-12,02-01-06-01-01-02-12,02-01-06-01-01-02-12,data/raw/ravdess/video_speech/Video_Speech_Actor_12/Actor_12/02-01-06-01-01-02-12.mp4,12,train,06,5,fearful,01,01,02,02-01-06-01-01-02-12,canonical_02,/home/tonyhe/ravdess_avfusion/external/video_face_branch/early_fusion_facial_v2/fusion_pack_5f/sequences/02-01-06-01-01-02-12.npy,5,2048,02-01-06-01-01-02-12,canonical_02,5,5,fearful,0.017946344800293446,0.007915946375578641,0.008564281370490789,0.01004929831251502,0.0054932624567300085,0.9326283812522889,0.010830020159482956,0.006572484876960516,1,1,1,complete
01-06-01-02-01-12,02-01-06-01-02-01-12,02-01-06-01-02-01-12,data/raw/ravdess/video_speech/Video_Speech_Actor_12/Actor_12/02-01-06-01-02-01-12.mp4,12,train,06,5,fearful,01,02,01,02-01-06-01-02-01-12,canonical_02,/home/tonyhe/ravdess_avfusion/external/video_face_branch/early_fusion_facial_v2/fusion_pack_5f/sequences/02-01-06-01-02-01-12.npy,5,2048,02-01-06-01-02-01-12,canonical_02,5,5,fearful,0.025515197962522506,0.010025979485362768,0.011809853836894035,0.014860097505152225,0.008195531088858843,0.9108918666839599,0.010250463709235191,0.008450993243604899,1,1,1,complete
01-06-01-02-02-12,02-01-06-01-02-02-12,02-01-06-01-02-02-12,data/raw/ravdess/video_speech/Video_Speech_Actor_12/Actor_12/02-01-06-01-02-02-12.mp4,12,train,06,5,fearful,01,02,02,02-01-06-01-02-02-12,canonical_02,/home/tonyhe/ravdess_avfusion/external/video_face_branch/early_fusion_facial_v2/fusion_pack_5f/sequences/02-01-06-01-02-02-12.npy,5,2048,02-01-06-01-02-02-12,canonical_02,5,5,fearful,0.02003147341310978,0.007995474338531493,0.009185081534087657,0.013274488504976034,0.006513321306556463,0.9260079503059387,0.010605797916650773,0.0063864289782941345,1,1,1,complete
01-06-02-01-01-12,02-01-06-02-01-01-12,02-01-06-02-01-01-12,data/raw/ravdess/video_speech/Video_Speech_Actor_12/Actor_12/02-01-06-02-01-01-12.mp4,12,train,06,5,fearful,02,01,01,02-01-06-02-01-01-12,canonical_02,/home/tonyhe/ravdess_avfusion/external/video_face_branch/early_fusion_facial_v2/fusion_pack_5f/sequences/02-01-06-02-01-01-12.npy,5,2048,02-01-06-02-01-01-12,canonical_02,5,5,fearful,0.019612231478095054,0.00763231567107141,0.009443105198442936,0.013711705058813094,0.008038128912448882,0.9204791426658631,0.00944326277822256,0.011640084348618985,1,1,1,complete
01-06-02-01-02-12,02-01-06-02-01-02-12,02-01-06-02-01-02-12,data/raw/ravdess/video_speech/Video_Speech_Actor_12/Actor_12/02-01-06-02-01-02-12.mp4,12,train,06,5,fearful,02,01,02,02-01-06-02-01-02-12,canonical_02,/home/tonyhe/ravdess_avfusion/external/video_face_branch/early_fusion_facial_v2/fusion_pack_5f/sequences/02-01-06-02-01-02-12.npy,5,2048,02-01-06-02-01-02-12,canonical_02,5,5,fearful,0.022830066084861756,0.009610626474022865,0.009873400814831257,0.02086174935102463,0.0092962178401649,0.9059298038482666,0.011196545790880919,0.010401614475995302,1,1,1,complete
01-06-02-02-01-12,02-01-06-02-02-01-12,02-01-06-02-02-01-12,data/raw/ravdess/video_speech/Video_Speech_Actor_12/Actor_12/02-01-06-02-02-01-12.mp4,12,train,06,5,fearful,02,02,01,02-01-06-02-02-01-12,canonical_02,/home/tonyhe/ravdess_avfusion/external/video_face_branch/early_fusion_facial_v2/fusion_pack_5f/sequences/02-01-06-02-02-01-12.npy,5,2048,02-01-06-02-02-01-12,canonical_02,5,5,fearful,0.02058650031685829,0.007883066684007645,0.010506405681371688,0.01034766910597682,0.006950763333588838,0.9263023853302002,0.009911476541310549,0.007511733844876289,1,1,1,complete
01-06-02-02-02-12,02-01-06-02-02-02-12,02-01-06-02-02-02-12,data/raw/ravdess/video_speech/Video_Speech_Actor_12/Actor_12/02-01-06-02-02-02-12.mp4,12,train,06,5,fearful,02,02,02,02-01-06-02-02-02-12,canonical_02,/home/tonyhe/ravdess_avfusion/external/video_face_branch/early_fusion_facial_v2/fusion_pack_5f/sequences/02-01-06-02-02-02-12.npy,5,2048,02-01-06-02-02-02-12,canonical_02,5,5,fearful,0.020682048052549362,0.008968014735728502,0.010400141216814518,0.012430425081402064,0.006949419435113668,0.9196533918380737,0.010725166089832783,0.01019135843962431,1,1,1,complete
01-07-01-01-01-12,02-01-07-01-01-01-12,02-01-07-01-01-01-12,data/raw/ravdess/video_speech/Video_Speech_Actor_12/Actor_12/02-01-07-01-01-01-12.mp4,12,train,07,6,disgust,01,01,01,02-01-07-01-01-01-12,canonical_02,/home/tonyhe/ravdess_avfusion/external/video_face_branch/early_fusion_facial_v2/fusion_pack_5f/sequences/02-01-07-01-01-01-12.npy,5,2048,02-01-07-01-01-01-12,canonical_02,5,6,disgust,0.02378951422870159,0.006309089483693242,0.006147036072798073,0.007992286933586001,0.005934094195254147,0.005794437788426876,0.9371333241462707,0.0069002581294626,1,1,1,complete
01-07-01-01-02-12,02-01-07-01-01-02-12,02-01-07-01-01-02-12,data/raw/ravdess/video_speech/Video_Speech_Actor_12/Actor_12/02-01-07-01-01-02-12.mp4,12,train,07,6,disgust,01,01,02,02-01-07-01-01-02-12,canonical_02,/home/tonyhe/ravdess_avfusion/external/video_face_branch/early_fusion_facial_v2/fusion_pack_5f/sequences/02-01-07-01-01-02-12.npy,5,2048,02-01-07-01-01-02-12,canonical_02,5,6,disgust,0.014328416250646115,0.007313499273732304,0.0066314327996224165,0.008742092736065387,0.008790760952979326,0.008138497266918421,0.9398433566093445,0.00621195207349956,1,1,1,complete
01-07-01-02-01-12,02-01-07-01-02-01-12,02-01-07-01-02-01-12,data/raw/ravdess/video_speech/Video_Speech_Actor_12/Actor_12/02-01-07-01-02-01-12.mp4,12,train,07,6,disgust,01,02,01,02-01-07-01-02-01-12,canonical_02,/home/tonyhe/ravdess_avfusion/external/video_face_branch/early_fusion_facial_v2/fusion_pack_5f/sequences/02-01-07-01-02-01-12.npy,5,2048,02-01-07-01-02-01-12,canonical_02,5,6,disgust,0.013517518434673548,0.005761610716581345,0.0055397651623934506,0.008415193669497967,0.00828219628892839,0.010429659672081471,0.9414626836776734,0.006591381272301078,1,1,1,complete
01-07-01-02-02-12,02-01-07-01-02-02-12,02-01-07-01-02-02-12,data/raw/ravdess/video_speech/Video_Speech_Actor_12/Actor_12/02-01-07-01-02-02-12.mp4,12,train,07,6,disgust,01,02,02,02-01-07-01-02-02-12,canonical_02,/home/tonyhe/ravdess_avfusion/external/video_face_branch/early_fusion_facial_v2/fusion_pack_5f/sequences/02-01-07-01-02-02-12.npy,5,2048,02-01-07-01-02-02-12,canonical_02,5,6,disgust,0.04263485353440046,0.008111468330025674,0.006394542753696442,0.0076735449023544785,0.009380257967859507,0.007533146254718304,0.9115089774131775,0.0067632123827934265,1,1,1,complete
01-07-02-01-01-12,02-01-07-02-01-01-12,02-01-07-02-01-01-12,data/raw/ravdess/video_speech/Video_Speech_Actor_12/Actor_12/02-01-07-02-01-01-12.mp4,12,train,07,6,disgust,02,01,01,02-01-07-02-01-01-12,canonical_02,/home/tonyhe/ravdess_avfusion/external/video_face_branch/early_fusion_facial_v2/fusion_pack_5f/sequences/02-01-07-02-01-01-12.npy,5,2048,02-01-07-02-01-01-12,canonical_02,5,6,disgust,0.0262761102989316,0.00815509557723999,0.007405002973973751,0.009047740325331687,0.006016234308481217,0.00686927461065352,0.9296991348266601,0.006531450268812478,1,1,1,complete
01-07-02-01-02-12,02-01-07-02-01-02-12,02-01-07-02-01-02-12,data/raw/ravdess/video_speech/Video_Speech_Actor_12/Actor_12/02-01-07-02-01-02-12.mp4,12,train,07,6,disgust,02,01,02,02-01-07-02-01-02-12,canonical_02,/home/tonyhe/ravdess_avfusion/external/video_face_branch/early_fusion_facial_v2/fusion_pack_5f/sequences/02-01-07-02-01-02-12.npy,5,2048,02-01-07-02-01-02-12,canonical_02,5,6,disgust,0.013185191061347723,0.008095768513157964,0.00705359191633761,0.00879356823861599,0.0068143308628350495,0.006813075765967369,0.9416589498519897,0.007585537387058139,1,1,1,complete
01-07-02-02-01-12,02-01-07-02-02-01-12,02-01-07-02-02-01-12,data/raw/ravdess/video_speech/Video_Speech_Actor_12/Actor_12/02-01-07-02-02-01-12.mp4,12,train,07,6,disgust,02,02,01,02-01-07-02-02-01-12,canonical_02,/home/tonyhe/ravdess_avfusion/external/video_face_branch/early_fusion_facial_v2/fusion_pack_5f/sequences/02-01-07-02-02-01-12.npy,5,2048,02-01-07-02-02-01-12,canonical_02,5,6,disgust,0.015191378816962243,0.008051946572959424,0.006535932701081037,0.008656184934079648,0.007899471651762724,0.007776097021996975,0.9372100949287414,0.008678878750652074,1,1,1,complete
01-07-02-02-02-12,02-01-07-02-02-02-12,02-01-07-02-02-02-12,data/raw/ravdess/video_speech/Video_Speech_Actor_12/Actor_12/02-01-07-02-02-02-12.mp4,12,train,07,6,disgust,02,02,02,02-01-07-02-02-02-12,canonical_02,/home/tonyhe/ravdess_avfusion/external/video_face_branch/early_fusion_facial_v2/fusion_pack_5f/sequences/02-01-07-02-02-02-12.npy,5,2048,02-01-07-02-02-02-12,canonical_02,5,6,disgust,0.017347052134573458,0.009739798866212368,0.007432965468615294,0.010172350890934467,0.006874439585953951,0.0075626767240464686,0.9306457877159119,0.010224906727671623,1,1,1,complete
01-08-01-01-01-12,02-01-08-01-01-01-12,02-01-08-01-01-01-12,data/raw/ravdess/video_speech/Video_Speech_Actor_12/Actor_12/02-01-08-01-01-01-12.mp4,12,train,08,7,surprise,01,01,01,02-01-08-01-01-01-12,canonical_02,/home/tonyhe/ravdess_avfusion/external/video_face_branch/early_fusion_facial_v2/fusion_pack_5f/sequences/02-01-08-01-01-01-12.npy,5,2048,02-01-08-01-01-01-12,canonical_02,5,7,surprise,0.0557986231520772,0.013525237515568733,0.007205332349985838,0.009179883636534214,0.003871834650635719,0.00847305664792657,0.01322679640725255,0.8887192368507385,1,1,1,complete
01-08-01-01-02-12,02-01-08-01-01-02-12,02-01-08-01-01-02-12,data/raw/ravdess/video_speech/Video_Speech_Actor_12/Actor_12/02-01-08-01-01-02-12.mp4,12,train,08,7,surprise,01,01,02,02-01-08-01-01-02-12,canonical_02,/home/tonyhe/ravdess_avfusion/external/video_face_branch/early_fusion_facial_v2/fusion_pack_5f/sequences/02-01-08-01-01-02-12.npy,5,2048,02-01-08-01-01-02-12,canonical_02,5,7,surprise,0.018188888765871526,0.060832596570253375,0.03604967258870602,0.020063964650034904,0.005364436097443104,0.013568997662514449,0.01583163868635893,0.8300997853279114,1,1,1,complete
01-08-01-02-01-12,02-01-08-01-02-01-12,02-01-08-01-02-01-12,data/raw/ravdess/video_speech/Video_Speech_Actor_12/Actor_12/02-01-08-01-02-01-12.mp4,12,train,08,7,surprise,01,02,01,02-01-08-01-02-01-12,canonical_02,/home/tonyhe/ravdess_avfusion/external/video_face_branch/early_fusion_facial_v2/fusion_pack_5f/sequences/02-01-08-01-02-01-12.npy,5,2048,02-01-08-01-02-01-12,canonical_02,5,7,surprise,0.03004987146705389,0.007685557287186384,0.022942916490137577,0.0105208408087492,0.009148165211081504,0.010606650821864605,0.011752084270119667,0.8972939014434814,1,1,1,complete
01-08-01-02-02-12,02-01-08-01-02-02-12,02-01-08-01-02-02-12,data/raw/ravdess/video_speech/Video_Speech_Actor_12/Actor_12/02-01-08-01-02-02-12.mp4,12,train,08,7,surprise,01,02,02,02-01-08-01-02-02-12,canonical_02,/home/tonyhe/ravdess_avfusion/external/video_face_branch/early_fusion_facial_v2/fusion_pack_5f/sequences/02-01-08-01-02-02-12.npy,5,2048,02-01-08-01-02-02-12,canonical_02,5,7,surprise,0.07412273585796356,0.007083238568156958,0.010664110630750656,0.011633549816906452,0.008374955598264932,0.010417508333921433,0.01506187915802002,0.8626420378684998,1,1,1,complete
01-08-02-01-01-12,02-01-08-02-01-01-12,02-01-08-02-01-01-12,data/raw/ravdess/video_speech/Video_Speech_Actor_12/Actor_12/02-01-08-02-01-01-12.mp4,12,train,08,7,surprise,02,01,01,02-01-08-02-01-01-12,canonical_02,/home/tonyhe/ravdess_avfusion/external/video_face_branch/early_fusion_facial_v2/fusion_pack_5f/sequences/02-01-08-02-01-01-12.npy,5,2048,02-01-08-02-01-01-12,canonical_02,5,7,surprise,0.024522153288125993,0.00973558984696865,0.03097983868792653,0.009676526766270399,0.006654621101915836,0.06349246287718416,0.012691859900951386,0.8422469615936279,1,1,1,complete
01-08-02-01-02-12,02-01-08-02-01-02-12,02-01-08-02-01-02-12,data/raw/ravdess/video_speech/Video_Speech_Actor_12/Actor_12/02-01-08-02-01-02-12.mp4,12,train,08,7,surprise,02,01,02,02-01-08-02-01-02-12,canonical_02,/home/tonyhe/ravdess_avfusion/external/video_face_branch/early_fusion_facial_v2/fusion_pack_5f/sequences/02-01-08-02-01-02-12.npy,5,2048,02-01-08-02-01-02-12,canonical_02,5,7,surprise,0.03491224404424429,0.006379638239741326,0.007383058778941631,0.011903140600770712,0.00560750812292099,0.01639086827635765,0.009348235838115216,0.9080753326416016,1,1,1,complete
01-08-02-02-01-12,02-01-08-02-02-01-12,02-01-08-02-02-01-12,data/raw/ravdess/video_speech/Video_Speech_Actor_12/Actor_12/02-01-08-02-02-01-12.mp4,12,train,08,7,surprise,02,02,01,02-01-08-02-02-01-12,canonical_02,/home/tonyhe/ravdess_avfusion/external/video_face_branch/early_fusion_facial_v2/fusion_pack_5f/sequences/02-01-08-02-02-01-12.npy,5,2048,02-01-08-02-02-01-12,canonical_02,5,7,surprise,0.06811583992093802,0.010331064462661743,0.043516711052507165,0.028364545572549103,0.05197486774995923,0.03700160048902035,0.01495158188045025,0.7457438111305237,1,1,1,complete
01-08-02-02-02-12,02-01-08-02-02-02-12,02-01-08-02-02-02-12,data/raw/ravdess/video_speech/Video_Speech_Actor_12/Actor_12/02-01-08-02-02-02-12.mp4,12,train,08,7,surprise,02,02,02,02-01-08-02-02-02-12,canonical_02,/home/tonyhe/ravdess_avfusion/external/video_face_branch/early_fusion_facial_v2/fusion_pack_5f/sequences/02-01-08-02-02-02-12.npy,5,2048,02-01-08-02-02-02-12,canonical_02,5,7,surprise,0.05750980339944363,0.024065152648836373,0.010669678542762994,0.014210928231477737,0.006376062333583832,0.022261002380400897,0.021149024739861487,0.8437583208084106,1,1,1,complete
01-01-01-01-01-13,02-01-01-01-01-01-13,02-01-01-01-01-01-13,data/raw/ravdess/video_speech/Video_Speech_Actor_13/Actor_13/02-01-01-01-01-01-13.mp4,13,train,01,0,neutral,01,01,01,02-01-01-01-01-01-13,canonical_02,/home/tonyhe/ravdess_avfusion/external/video_face_branch/early_fusion_facial_v2/fusion_pack_5f/sequences/02-01-01-01-01-01-13.npy,5,2048,02-01-01-01-01-01-13,canonical_02,5,0,neutral,0.9638432860374451,0.005060542887076735,0.004621098143979907,0.005306162033230066,0.004956112196668983,0.004508109902963043,0.005724771413952112,0.005979897733777761,1,1,1,complete
01-01-01-01-02-13,02-01-01-01-01-02-13,02-01-01-01-01-02-13,data/raw/ravdess/video_speech/Video_Speech_Actor_13/Actor_13/02-01-01-01-01-02-13.mp4,13,train,01,0,neutral,01,01,02,02-01-01-01-01-02-13,canonical_02,/home/tonyhe/ravdess_avfusion/external/video_face_branch/early_fusion_facial_v2/fusion_pack_5f/sequences/02-01-01-01-01-02-13.npy,5,2048,02-01-01-01-01-02-13,canonical_02,5,0,neutral,0.9532518029212952,0.0047459396533668045,0.006379958428442478,0.006560688931494951,0.008014508243650197,0.006739892158657312,0.007027019467204809,0.007280175201594829,1,1,1,complete
01-01-01-02-01-13,02-01-01-01-02-01-13,02-01-01-01-02-01-13,data/raw/ravdess/video_speech/Video_Speech_Actor_13/Actor_13/02-01-01-01-02-01-13.mp4,13,train,01,0,neutral,01,02,01,02-01-01-01-02-01-13,canonical_02,/home/tonyhe/ravdess_avfusion/external/video_face_branch/early_fusion_facial_v2/fusion_pack_5f/sequences/02-01-01-01-02-01-13.npy,5,2048,02-01-01-01-02-01-13,canonical_02,5,0,neutral,0.9635284662246704,0.004184260265901685,0.00456606256775558,0.006364488694816828,0.004927009576931596,0.005093417735770345,0.005440551787614822,0.005895795486867428,1,1,1,complete
01-01-01-02-02-13,02-01-01-01-02-02-13,02-01-01-01-02-02-13,data/raw/ravdess/video_speech/Video_Speech_Actor_13/Actor_13/02-01-01-01-02-02-13.mp4,13,train,01,0,neutral,01,02,02,02-01-01-01-02-02-13,canonical_02,/home/tonyhe/ravdess_avfusion/external/video_face_branch/early_fusion_facial_v2/fusion_pack_5f/sequences/02-01-01-01-02-02-13.npy,5,2048,02-01-01-01-02-02-13,canonical_02,5,0,neutral,0.9577495217323303,0.004536420945078135,0.005224491562694311,0.006740211602300405,0.006052137818187475,0.006645533815026283,0.006279568467289209,0.006772101484239101,1,1,1,complete
01-02-01-01-01-13,02-01-02-01-01-01-13,02-01-02-01-01-01-13,data/raw/ravdess/video_speech/Video_Speech_Actor_13/Actor_13/02-01-02-01-01-01-13.mp4,13,train,02,1,calm,01,01,01,02-01-02-01-01-01-13,canonical_02,/home/tonyhe/ravdess_avfusion/external/video_face_branch/early_fusion_facial_v2/fusion_pack_5f/sequences/02-01-02-01-01-01-13.npy,5,2048,02-01-02-01-01-01-13,canonical_02,5,1,calm,0.02660960182547569,0.8948321223258973,0.01213425789028406,0.012271984666585922,0.0140043580904603,0.012890425883233548,0.013711361028254033,0.01354587748646736,1,1,1,complete
01-02-01-01-02-13,02-01-02-01-01-02-13,02-01-02-01-01-02-13,data/raw/ravdess/video_speech/Video_Speech_Actor_13/Actor_13/02-01-02-01-01-02-13.mp4,13,train,02,1,calm,01,01,02,02-01-02-01-01-02-13,canonical_02,/home/tonyhe/ravdess_avfusion/external/video_face_branch/early_fusion_facial_v2/fusion_pack_5f/sequences/02-01-02-01-01-02-13.npy,5,2048,02-01-02-01-01-02-13,canonical_02,5,1,calm,0.02380842752754688,0.9037513375282288,0.011591922491788864,0.010806850157678127,0.012965381518006325,0.011950909346342086,0.014279895648360252,0.010845274664461613,1,1,1,complete
01-02-01-02-01-13,02-01-02-01-02-01-13,02-01-02-01-02-01-13,data/raw/ravdess/video_speech/Video_Speech_Actor_13/Actor_13/02-01-02-01-02-01-13.mp4,13,train,02,1,calm,01,02,01,02-01-02-01-02-01-13,canonical_02,/home/tonyhe/ravdess_avfusion/external/video_face_branch/early_fusion_facial_v2/fusion_pack_5f/sequences/02-01-02-01-02-01-13.npy,5,2048,02-01-02-01-02-01-13,canonical_02,5,1,calm,0.031447417289018634,0.8357939481735229,0.05388088095933199,0.015991418994963168,0.01764099206775427,0.01637800969183445,0.016629054211080074,0.012238250859081746,1,1,1,complete
01-02-01-02-02-13,02-01-02-01-02-02-13,02-01-02-01-02-02-13,data/raw/ravdess/video_speech/Video_Speech_Actor_13/Actor_13/02-01-02-01-02-02-13.mp4,13,train,02,1,calm,01,02,02,02-01-02-01-02-02-13,canonical_02,/home/tonyhe/ravdess_avfusion/external/video_face_branch/early_fusion_facial_v2/fusion_pack_5f/sequences/02-01-02-01-02-02-13.npy,5,2048,02-01-02-01-02-02-13,canonical_02,5,1,calm,0.0287312064319849,0.888606858253479,0.010160132870078087,0.01649666577577591,0.01467251181602478,0.013552550971508027,0.017232616245746613,0.010547473654150962,1,1,1,complete
01-02-02-01-01-13,02-01-02-02-01-01-13,02-01-02-02-01-01-13,data/raw/ravdess/video_speech/Video_Speech_Actor_13/Actor_13/02-01-02-02-01-01-13.mp4,13,train,02,1,calm,02,01,01,02-01-02-02-01-01-13,canonical_02,/home/tonyhe/ravdess_avfusion/external/video_face_branch/early_fusion_facial_v2/fusion_pack_5f/sequences/02-01-02-02-01-01-13.npy,5,2048,02-01-02-02-01-01-13,canonical_02,5,1,calm,0.020924156159162523,0.8925007343292236,0.028931753244251013,0.012544079311192035,0.01287478469312191,0.00991471167653799,0.015524559654295444,0.006785199698060751,1,1,1,complete
01-02-02-01-02-13,02-01-02-02-01-02-13,02-01-02-02-01-02-13,data/raw/ravdess/video_speech/Video_Speech_Actor_13/Actor_13/02-01-02-02-01-02-13.mp4,13,train,02,1,calm,02,01,02,02-01-02-02-01-02-13,canonical_02,/home/tonyhe/ravdess_avfusion/external/video_face_branch/early_fusion_facial_v2/fusion_pack_5f/sequences/02-01-02-02-01-02-13.npy,5,2048,02-01-02-02-01-02-13,canonical_02,5,1,calm,0.02679568901658058,0.8966268658638,0.012519129738211631,0.01289292871952057,0.015358074754476547,0.011615416221320628,0.013834410160779954,0.010357444733381271,1,1,1,complete
01-02-02-02-01-13,02-01-02-02-02-01-13,02-01-02-02-02-01-13,data/raw/ravdess/video_speech/Video_Speech_Actor_13/Actor_13/02-01-02-02-02-01-13.mp4,13,train,02,1,calm,02,02,01,02-01-02-02-02-01-13,canonical_02,/home/tonyhe/ravdess_avfusion/external/video_face_branch/early_fusion_facial_v2/fusion_pack_5f/sequences/02-01-02-02-02-01-13.npy,5,2048,02-01-02-02-02-01-13,canonical_02,5,1,calm,0.030604607611894607,0.8833067297935486,0.013951250351965427,0.013332805968821049,0.013881519995629787,0.013744896836578846,0.014114697650074958,0.017063476517796515,1,1,1,complete
01-02-02-02-02-13,02-01-02-02-02-02-13,02-01-02-02-02-02-13,data/raw/ravdess/video_speech/Video_Speech_Actor_13/Actor_13/02-01-02-02-02-02-13.mp4,13,train,02,1,calm,02,02,02,02-01-02-02-02-02-13,canonical_02,/home/tonyhe/ravdess_avfusion/external/video_face_branch/early_fusion_facial_v2/fusion_pack_5f/sequences/02-01-02-02-02-02-13.npy,5,2048,02-01-02-02-02-02-13,canonical_02,5,1,calm,0.022810010239481926,0.8763882756233216,0.041968727670609954,0.011069251596927643,0.014207608439028263,0.010944640357047319,0.013145269453525543,0.009466183837503195,1,1,1,complete
01-03-01-01-01-13,02-01-03-01-01-01-13,02-01-03-01-01-01-13,data/raw/ravdess/video_speech/Video_Speech_Actor_13/Actor_13/02-01-03-01-01-01-13.mp4,13,train,03,2,happy,01,01,01,02-01-03-01-01-01-13,canonical_02,/home/tonyhe/ravdess_avfusion/external/video_face_branch/early_fusion_facial_v2/fusion_pack_5f/sequences/02-01-03-01-01-01-13.npy,5,2048,02-01-03-01-01-01-13,canonical_02,5,2,happy,0.019324455969035627,0.008924552239477634,0.9214613556861877,0.009374900348484516,0.011768869496881962,0.009673984348773956,0.009273872803896665,0.010198042821139097,1,1,1,complete
01-03-01-01-02-13,02-01-03-01-01-02-13,02-01-03-01-01-02-13,data/raw/ravdess/video_speech/Video_Speech_Actor_13/Actor_13/02-01-03-01-01-02-13.mp4,13,train,03,2,happy,01,01,02,02-01-03-01-01-02-13,canonical_02,/home/tonyhe/ravdess_avfusion/external/video_face_branch/early_fusion_facial_v2/fusion_pack_5f/sequences/02-01-03-01-01-02-13.npy,5,2048,02-01-03-01-01-02-13,canonical_02,5,2,happy,0.021876357682049274,0.015941128320991992,0.9097907423973084,0.00944890473037958,0.01104572657495737,0.010805903188884258,0.009356439672410488,0.011734794639050961,1,1,1,complete
01-03-01-02-01-13,02-01-03-01-02-01-13,02-01-03-01-02-01-13,data/raw/ravdess/video_speech/Video_Speech_Actor_13/Actor_13/02-01-03-01-02-01-13.mp4,13,train,03,2,happy,01,02,01,02-01-03-01-02-01-13,canonical_02,/home/tonyhe/ravdess_avfusion/external/video_face_branch/early_fusion_facial_v2/fusion_pack_5f/sequences/02-01-03-01-02-01-13.npy,5,2048,02-01-03-01-02-01-13,canonical_02,5,2,happy,0.02448529191315174,0.010009538568556308,0.9092578649520874,0.009417957626283169,0.013288550451397896,0.01088704988360405,0.01042715199291706,0.012226601131260395,1,1,1,complete
01-03-01-02-02-13,02-01-03-01-02-02-13,02-01-03-01-02-02-13,data/raw/ravdess/video_speech/Video_Speech_Actor_13/Actor_13/02-01-03-01-02-02-13.mp4,13,train,03,2,happy,01,02,02,02-01-03-01-02-02-13,canonical_02,/home/tonyhe/ravdess_avfusion/external/video_face_branch/early_fusion_facial_v2/fusion_pack_5f/sequences/02-01-03-01-02-02-13.npy,5,2048,02-01-03-01-02-02-13,canonical_02,5,2,happy,0.023105818405747415,0.014566793106496334,0.9062248349189759,0.00836692601442337,0.01151816239580512,0.010198925528675318,0.011386065371334552,0.014632450230419636,1,1,1,complete
01-03-02-01-01-13,02-01-03-02-01-01-13,02-01-03-02-01-01-13,data/raw/ravdess/video_speech/Video_Speech_Actor_13/Actor_13/02-01-03-02-01-01-13.mp4,13,train,03,2,happy,02,01,01,02-01-03-02-01-01-13,canonical_02,/home/tonyhe/ravdess_avfusion/external/video_face_branch/early_fusion_facial_v2/fusion_pack_5f/sequences/02-01-03-02-01-01-13.npy,5,2048,02-01-03-02-01-01-13,canonical_02,5,2,happy,0.023746488615870476,0.010077683255076408,0.9079281330108643,0.01038844371214509,0.010916654020547867,0.009553430043160916,0.011793675273656845,0.015595472790300846,1,1,1,complete
01-03-02-01-02-13,02-01-03-02-01-02-13,02-01-03-02-01-02-13,data/raw/ravdess/video_speech/Video_Speech_Actor_13/Actor_13/02-01-03-02-01-02-13.mp4,13,train,03,2,happy,02,01,02,02-01-03-02-01-02-13,canonical_02,/home/tonyhe/ravdess_avfusion/external/video_face_branch/early_fusion_facial_v2/fusion_pack_5f/sequences/02-01-03-02-01-02-13.npy,5,2048,02-01-03-02-01-02-13,canonical_02,5,2,happy,0.02004479393362999,0.007667064853012562,0.9206702947616577,0.0105251369997859,0.01062221135944128,0.010143155232071877,0.009262919239699841,0.011064458079636097,1,1,1,complete
01-03-02-02-01-13,02-01-03-02-02-01-13,02-01-03-02-02-01-13,data/raw/ravdess/video_speech/Video_Speech_Actor_13/Actor_13/02-01-03-02-02-01-13.mp4,13,train,03,2,happy,02,02,01,02-01-03-02-02-01-13,canonical_02,/home/tonyhe/ravdess_avfusion/external/video_face_branch/early_fusion_facial_v2/fusion_pack_5f/sequences/02-01-03-02-02-01-13.npy,5,2048,02-01-03-02-02-01-13,canonical_02,5,2,happy,0.02209395207464695,0.007872234378010035,0.9011231660842896,0.009557342529296875,0.012069831043481827,0.012518035992980004,0.011787163652479648,0.022978305630385876,1,1,1,complete
01-03-02-02-02-13,02-01-03-02-02-02-13,02-01-03-02-02-02-13,data/raw/ravdess/video_speech/Video_Speech_Actor_13/Actor_13/02-01-03-02-02-02-13.mp4,13,train,03,2,happy,02,02,02,02-01-03-02-02-02-13,canonical_02,/home/tonyhe/ravdess_avfusion/external/video_face_branch/early_fusion_facial_v2/fusion_pack_5f/sequences/02-01-03-02-02-02-13.npy,5,2048,02-01-03-02-02-02-13,canonical_02,5,2,happy,0.023207517713308333,0.008434893283993005,0.8478557705879212,0.009185328241437673,0.012606895714998245,0.012892377562820911,0.01173182725906372,0.0740853875875473,1,1,1,complete
01-04-01-01-01-13,02-01-04-01-01-01-13,02-01-04-01-01-01-13,data/raw/ravdess/video_speech/Video_Speech_Actor_13/Actor_13/02-01-04-01-01-01-13.mp4,13,train,04,3,sad,01,01,01,02-01-04-01-01-01-13,canonical_02,/home/tonyhe/ravdess_avfusion/external/video_face_branch/early_fusion_facial_v2/fusion_pack_5f/sequences/02-01-04-01-01-01-13.npy,5,2048,02-01-04-01-01-01-13,canonical_02,5,3,sad,0.01907959971576929,0.00981570389121771,0.010450408048927783,0.9142051458358764,0.011830727756023406,0.0098957777954638,0.012682302109897136,0.012040319666266442,1,1,1,complete
01-04-01-01-02-13,02-01-04-01-01-02-13,02-01-04-01-01-02-13,data/raw/ravdess/video_speech/Video_Speech_Actor_13/Actor_13/02-01-04-01-01-02-13.mp4,13,train,04,3,sad,01,01,02,02-01-04-01-01-02-13,canonical_02,/home/tonyhe/ravdess_avfusion/external/video_face_branch/early_fusion_facial_v2/fusion_pack_5f/sequences/02-01-04-01-01-02-13.npy,5,2048,02-01-04-01-01-02-13,canonical_02,5,3,sad,0.016204441711306573,0.010756675340235233,0.010343714524060488,0.9138237118721009,0.008818372152745724,0.015988774504512547,0.01275996770709753,0.011304347589612008,1,1,1,complete
01-04-01-02-01-13,02-01-04-01-02-01-13,02-01-04-01-02-01-13,data/raw/ravdess/video_speech/Video_Speech_Actor_13/Actor_13/02-01-04-01-02-01-13.mp4,13,train,04,3,sad,01,02,01,02-01-04-01-02-01-13,canonical_02,/home/tonyhe/ravdess_avfusion/external/video_face_branch/early_fusion_facial_v2/fusion_pack_5f/sequences/02-01-04-01-02-01-13.npy,5,2048,02-01-04-01-02-01-13,canonical_02,5,3,sad,0.018974441476166247,0.008273996133357286,0.009863989055156707,0.9187164425849914,0.012575698085129261,0.010120763909071684,0.01279202289879322,0.008682674448937177,1,1,1,complete
01-04-01-02-02-13,02-01-04-01-02-02-13,02-01-04-01-02-02-13,data/raw/ravdess/video_speech/Video_Speech_Actor_13/Actor_13/02-01-04-01-02-02-13.mp4,13,train,04,3,sad,01,02,02,02-01-04-01-02-02-13,canonical_02,/home/tonyhe/ravdess_avfusion/external/video_face_branch/early_fusion_facial_v2/fusion_pack_5f/sequences/02-01-04-01-02-02-13.npy,5,2048,02-01-04-01-02-02-13,canonical_02,5,3,sad,0.01546958964318037,0.008359910547733307,0.009181406442075967,0.9231467485427857,0.009255066979676485,0.010116556473076344,0.014617420360445976,0.009853263944387436,1,1,1,complete
01-04-02-01-01-13,02-01-04-02-01-01-13,02-01-04-02-01-01-13,data/raw/ravdess/video_speech/Video_Speech_Actor_13/Actor_13/02-01-04-02-01-01-13.mp4,13,train,04,3,sad,02,01,01,02-01-04-02-01-01-13,canonical_02,/home/tonyhe/ravdess_avfusion/external/video_face_branch/early_fusion_facial_v2/fusion_pack_5f/sequences/02-01-04-02-01-01-13.npy,5,2048,02-01-04-02-01-01-13,canonical_02,5,3,sad,0.023794961348176002,0.013428694568574429,0.01443756241351366,0.8882945775985718,0.013164649158716202,0.009706997685134411,0.02293779347091913,0.014234778285026551,1,1,1,complete
01-04-02-01-02-13,02-01-04-02-01-02-13,02-01-04-02-01-02-13,data/raw/ravdess/video_speech/Video_Speech_Actor_13/Actor_13/02-01-04-02-01-02-13.mp4,13,train,04,3,sad,02,01,02,02-01-04-02-01-02-13,canonical_02,/home/tonyhe/ravdess_avfusion/external/video_face_branch/early_fusion_facial_v2/fusion_pack_5f/sequences/02-01-04-02-01-02-13.npy,5,2048,02-01-04-02-01-02-13,canonical_02,5,3,sad,0.021450532041490077,0.013651225809007883,0.012688925489783287,0.8964435935020447,0.01344789806753397,0.009606470819562674,0.02054893262684345,0.012162446975708008,1,1,1,complete
01-04-02-02-01-13,02-01-04-02-02-01-13,02-01-04-02-02-01-13,data/raw/ravdess/video_speech/Video_Speech_Actor_13/Actor_13/02-01-04-02-02-01-13.mp4,13,train,04,3,sad,02,02,01,02-01-04-02-02-01-13,canonical_02,/home/tonyhe/ravdess_avfusion/external/video_face_branch/early_fusion_facial_v2/fusion_pack_5f/sequences/02-01-04-02-02-01-13.npy,5,2048,02-01-04-02-02-01-13,canonical_02,5,3,sad,0.01961171831935644,0.011852761544287205,0.01214183084666729,0.9070561170578003,0.01079160962253809,0.009048626571893693,0.016977341659367085,0.012520009465515614,1,1,1,complete
01-04-02-02-02-13,02-01-04-02-02-02-13,02-01-04-02-02-02-13,data/raw/ravdess/video_speech/Video_Speech_Actor_13/Actor_13/02-01-04-02-02-02-13.mp4,13,train,04,3,sad,02,02,02,02-01-04-02-02-02-13,canonical_02,/home/tonyhe/ravdess_avfusion/external/video_face_branch/early_fusion_facial_v2/fusion_pack_5f/sequences/02-01-04-02-02-02-13.npy,5,2048,02-01-04-02-02-02-13,canonical_02,5,3,sad,0.018551552109420298,0.008815163187682629,0.008592136949300767,0.9248071074485779,0.009335476346313954,0.007937442138791084,0.012079424597322941,0.009881650470197201,1,1,1,complete
01-05-01-01-01-13,02-01-05-01-01-01-13,02-01-05-01-01-01-13,data/raw/ravdess/video_speech/Video_Speech_Actor_13/Actor_13/02-01-05-01-01-01-13.mp4,13,train,05,4,angry,01,01,01,02-01-05-01-01-01-13,canonical_02,/home/tonyhe/ravdess_avfusion/external/video_face_branch/early_fusion_facial_v2/fusion_pack_5f/sequences/02-01-05-01-01-01-13.npy,5,2048,02-01-05-01-01-01-13,canonical_02,5,4,angry,0.020707844570279122,0.00951369497925043,0.00895895678550005,0.009138691332191229,0.919652783870697,0.007342500705271959,0.015355762466788292,0.009329735767096281,1,1,1,complete
01-05-01-01-02-13,02-01-05-01-01-02-13,02-01-05-01-01-02-13,data/raw/ravdess/video_speech/Video_Speech_Actor_13/Actor_13/02-01-05-01-01-02-13.mp4,13,train,05,4,angry,01,01,02,02-01-05-01-01-02-13,canonical_02,/home/tonyhe/ravdess_avfusion/external/video_face_branch/early_fusion_facial_v2/fusion_pack_5f/sequences/02-01-05-01-01-02-13.npy,5,2048,02-01-05-01-01-02-13,canonical_02,5,4,angry,0.02383073531091213,0.010351750999689102,0.010454808175563813,0.011087835300713778,0.9091086983680725,0.009234831016510726,0.016203884221613406,0.009727514255791903,1,1,1,complete
01-05-01-02-01-13,02-01-05-01-02-01-13,02-01-05-01-02-01-13,data/raw/ravdess/video_speech/Video_Speech_Actor_13/Actor_13/02-01-05-01-02-01-13.mp4,13,train,05,4,angry,01,02,01,02-01-05-01-02-01-13,canonical_02,/home/tonyhe/ravdess_avfusion/external/video_face_branch/early_fusion_facial_v2/fusion_pack_5f/sequences/02-01-05-01-02-01-13.npy,5,2048,02-01-05-01-02-01-13,canonical_02,5,4,angry,0.02552721053361893,0.011173969134688377,0.00933840125799179,0.009669132344424725,0.9152748107910156,0.008376846369355918,0.011594225652515888,0.009045396000146866,1,1,1,complete
01-05-01-02-02-13,02-01-05-01-02-02-13,02-01-05-01-02-02-13,data/raw/ravdess/video_speech/Video_Speech_Actor_13/Actor_13/02-01-05-01-02-02-13.mp4,13,train,05,4,angry,01,02,02,02-01-05-01-02-02-13,canonical_02,/home/tonyhe/ravdess_avfusion/external/video_face_branch/early_fusion_facial_v2/fusion_pack_5f/sequences/02-01-05-01-02-02-13.npy,5,2048,02-01-05-01-02-02-13,canonical_02,5,4,angry,0.02434092592447996,0.012059118691831827,0.009859662782400847,0.011619361396878958,0.9119945526123047,0.009276739228516817,0.012371601909399033,0.008478020410984754,1,1,1,complete
01-05-02-01-01-13,02-01-05-02-01-01-13,02-01-05-02-01-01-13,data/raw/ravdess/video_speech/Video_Speech_Actor_13/Actor_13/02-01-05-02-01-01-13.mp4,13,train,05,4,angry,02,01,01,02-01-05-02-01-01-13,canonical_02,/home/tonyhe/ravdess_avfusion/external/video_face_branch/early_fusion_facial_v2/fusion_pack_5f/sequences/02-01-05-02-01-01-13.npy,5,2048,02-01-05-02-01-01-13,canonical_02,5,4,angry,0.022624704241752624,0.012153407745063304,0.011324173212051392,0.011163046211004257,0.9097717523574829,0.009329000022262335,0.013438249565660953,0.01019566562026739,1,1,1,complete
01-05-02-01-02-13,02-01-05-02-01-02-13,02-01-05-02-01-02-13,data/raw/ravdess/video_speech/Video_Speech_Actor_13/Actor_13/02-01-05-02-01-02-13.mp4,13,train,05,4,angry,02,01,02,02-01-05-02-01-02-13,canonical_02,/home/tonyhe/ravdess_avfusion/external/video_face_branch/early_fusion_facial_v2/fusion_pack_5f/sequences/02-01-05-02-01-02-13.npy,5,2048,02-01-05-02-01-02-13,canonical_02,5,4,angry,0.021897494047880172,0.011474884673953056,0.011658088769763708,0.010120812803506851,0.9142239332199097,0.0101862957701087,0.011823002807796001,0.008615490328520537,1,1,1,complete
01-05-02-02-01-13,02-01-05-02-02-01-13,02-01-05-02-02-01-13,data/raw/ravdess/video_speech/Video_Speech_Actor_13/Actor_13/02-01-05-02-02-01-13.mp4,13,train,05,4,angry,02,02,01,02-01-05-02-02-01-13,canonical_02,/home/tonyhe/ravdess_avfusion/external/video_face_branch/early_fusion_facial_v2/fusion_pack_5f/sequences/02-01-05-02-02-01-13.npy,5,2048,02-01-05-02-02-01-13,canonical_02,5,4,angry,0.026520267874002457,0.010117005556821823,0.00929153561592102,0.008849864872172476,0.9155564665794372,0.009640272427350282,0.010100977309048177,0.009923623129725456,1,1,1,complete
01-05-02-02-02-13,02-01-05-02-02-02-13,02-01-05-02-02-02-13,data/raw/ravdess/video_speech/Video_Speech_Actor_13/Actor_13/02-01-05-02-02-02-13.mp4,13,train,05,4,angry,02,02,02,02-01-05-02-02-02-13,canonical_02,/home/tonyhe/ravdess_avfusion/external/video_face_branch/early_fusion_facial_v2/fusion_pack_5f/sequences/02-01-05-02-02-02-13.npy,5,2048,02-01-05-02-02-02-13,canonical_02,5,4,angry,0.022831057757139207,0.013028256222605705,0.012879535183310508,0.011602135002613067,0.8991933345794678,0.015391890052706003,0.012121056579053402,0.012952747195959092,1,1,1,complete
01-06-01-01-01-13,02-01-06-01-01-01-13,02-01-06-01-01-01-13,data/raw/ravdess/video_speech/Video_Speech_Actor_13/Actor_13/02-01-06-01-01-01-13.mp4,13,train,06,5,fearful,01,01,01,02-01-06-01-01-01-13,canonical_02,/home/tonyhe/ravdess_avfusion/external/video_face_branch/early_fusion_facial_v2/fusion_pack_5f/sequences/02-01-06-01-01-01-13.npy,5,2048,02-01-06-01-01-01-13,canonical_02,5,5,fearful,0.024010321497917174,0.010487771220505237,0.011010987777262926,0.01358138732612133,0.007740761060267687,0.9116119623184205,0.012524613551795483,0.00903217950835824,1,1,1,complete
01-06-01-01-02-13,02-01-06-01-01-02-13,02-01-06-01-01-02-13,data/raw/ravdess/video_speech/Video_Speech_Actor_13/Actor_13/02-01-06-01-01-02-13.mp4,13,train,06,5,fearful,01,01,02,02-01-06-01-01-02-13,canonical_02,/home/tonyhe/ravdess_avfusion/external/video_face_branch/early_fusion_facial_v2/fusion_pack_5f/sequences/02-01-06-01-01-02-13.npy,5,2048,02-01-06-01-01-02-13,canonical_02,5,5,fearful,0.02207326553761959,0.010551887191832065,0.011145702190697193,0.011176083423197269,0.00749733168631792,0.916197407245636,0.013178984262049198,0.008179334457963705,1,1,1,complete
01-06-01-02-01-13,02-01-06-01-02-01-13,02-01-06-01-02-01-13,data/raw/ravdess/video_speech/Video_Speech_Actor_13/Actor_13/02-01-06-01-02-01-13.mp4,13,train,06,5,fearful,01,02,01,02-01-06-01-02-01-13,canonical_02,/home/tonyhe/ravdess_avfusion/external/video_face_branch/early_fusion_facial_v2/fusion_pack_5f/sequences/02-01-06-01-02-01-13.npy,5,2048,02-01-06-01-02-01-13,canonical_02,5,5,fearful,0.020466321893036366,0.010212532244622707,0.009617030899971724,0.009028615988790989,0.006282338500022888,0.9272529006004333,0.010397490952163935,0.006742762587964535,1,1,1,complete
01-06-01-02-02-13,02-01-06-01-02-02-13,02-01-06-01-02-02-13,data/raw/ravdess/video_speech/Video_Speech_Actor_13/Actor_13/02-01-06-01-02-02-13.mp4,13,train,06,5,fearful,01,02,02,02-01-06-01-02-02-13,canonical_02,/home/tonyhe/ravdess_avfusion/external/video_face_branch/early_fusion_facial_v2/fusion_pack_5f/sequences/02-01-06-01-02-02-13.npy,5,2048,02-01-06-01-02-02-13,canonical_02,5,5,fearful,0.02018883116543293,0.009698324091732501,0.009725470654666423,0.017531323060393334,0.006493410468101502,0.9166643142700195,0.012619368173182011,0.007078985217958689,1,1,1,complete
01-06-02-01-01-13,02-01-06-02-01-01-13,02-01-06-02-01-01-13,data/raw/ravdess/video_speech/Video_Speech_Actor_13/Actor_13/02-01-06-02-01-01-13.mp4,13,train,06,5,fearful,02,01,01,02-01-06-02-01-01-13,canonical_02,/home/tonyhe/ravdess_avfusion/external/video_face_branch/early_fusion_facial_v2/fusion_pack_5f/sequences/02-01-06-02-01-01-13.npy,5,2048,02-01-06-02-01-01-13,canonical_02,5,5,fearful,0.01631635017693043,0.008783944975584745,0.009125113859772683,0.009173083631321789,0.005112780630588532,0.9335665464401245,0.01021465314552188,0.007707491796463728,1,1,1,complete
01-06-02-01-02-13,02-01-06-02-01-02-13,02-01-06-02-01-02-13,data/raw/ravdess/video_speech/Video_Speech_Actor_13/Actor_13/02-01-06-02-01-02-13.mp4,13,train,06,5,fearful,02,01,02,02-01-06-02-01-02-13,canonical_02,/home/tonyhe/ravdess_avfusion/external/video_face_branch/early_fusion_facial_v2/fusion_pack_5f/sequences/02-01-06-02-01-02-13.npy,5,2048,02-01-06-02-01-02-13,canonical_02,5,5,fearful,0.02068202253431082,0.009617589693516494,0.010323468130081892,0.010346337966620923,0.00707348519936204,0.9239603400230407,0.01090756393969059,0.007089206762611866,1,1,1,complete
01-06-02-02-01-13,02-01-06-02-02-01-13,02-01-06-02-02-01-13,data/raw/ravdess/video_speech/Video_Speech_Actor_13/Actor_13/02-01-06-02-02-01-13.mp4,13,train,06,5,fearful,02,02,01,02-01-06-02-02-01-13,canonical_02,/home/tonyhe/ravdess_avfusion/external/video_face_branch/early_fusion_facial_v2/fusion_pack_5f/sequences/02-01-06-02-02-01-13.npy,5,2048,02-01-06-02-02-01-13,canonical_02,5,5,fearful,0.018251272104680537,0.008924136124551296,0.009187453612685203,0.007518516667187214,0.007075471244752407,0.9320409893989563,0.009756948798894882,0.007245240407064557,1,1,1,complete
01-06-02-02-02-13,02-01-06-02-02-02-13,02-01-06-02-02-02-13,data/raw/ravdess/video_speech/Video_Speech_Actor_13/Actor_13/02-01-06-02-02-02-13.mp4,13,train,06,5,fearful,02,02,02,02-01-06-02-02-02-13,canonical_02,/home/tonyhe/ravdess_avfusion/external/video_face_branch/early_fusion_facial_v2/fusion_pack_5f/sequences/02-01-06-02-02-02-13.npy,5,2048,02-01-06-02-02-02-13,canonical_02,5,5,fearful,0.015532267838716507,0.008350760210305452,0.007079906016588211,0.0063120022416114805,0.004024379909969867,0.9243913888931274,0.021387776359915733,0.012921506259590387,1,1,1,complete
01-07-01-01-01-13,02-01-07-01-01-01-13,02-01-07-01-01-01-13,data/raw/ravdess/video_speech/Video_Speech_Actor_13/Actor_13/02-01-07-01-01-01-13.mp4,13,train,07,6,disgust,01,01,01,02-01-07-01-01-01-13,canonical_02,/home/tonyhe/ravdess_avfusion/external/video_face_branch/early_fusion_facial_v2/fusion_pack_5f/sequences/02-01-07-01-01-01-13.npy,5,2048,02-01-07-01-01-01-13,canonical_02,5,6,disgust,0.01894262321293354,0.008968477137386799,0.007883640937507153,0.007214845810085535,0.007951266039162875,0.007491348311305046,0.9321452856063843,0.009402507171034812,1,1,1,complete
01-07-01-01-02-13,02-01-07-01-01-02-13,02-01-07-01-01-02-13,data/raw/ravdess/video_speech/Video_Speech_Actor_13/Actor_13/02-01-07-01-01-02-13.mp4,13,train,07,6,disgust,01,01,02,02-01-07-01-01-02-13,canonical_02,/home/tonyhe/ravdess_avfusion/external/video_face_branch/early_fusion_facial_v2/fusion_pack_5f/sequences/02-01-07-01-01-02-13.npy,5,2048,02-01-07-01-01-02-13,canonical_02,5,6,disgust,0.019211610406637193,0.008557428140193224,0.008215294685214758,0.007426688447594643,0.00807688208296895,0.007905254140496254,0.9324886083602906,0.00811825143173337,1,1,1,complete
01-07-01-02-01-13,02-01-07-01-02-01-13,02-01-07-01-02-01-13,data/raw/ravdess/video_speech/Video_Speech_Actor_13/Actor_13/02-01-07-01-02-01-13.mp4,13,train,07,6,disgust,01,02,01,02-01-07-01-02-01-13,canonical_02,/home/tonyhe/ravdess_avfusion/external/video_face_branch/early_fusion_facial_v2/fusion_pack_5f/sequences/02-01-07-01-02-01-13.npy,5,2048,02-01-07-01-02-01-13,canonical_02,5,6,disgust,0.02271207682788372,0.010535215586423874,0.008523761294782162,0.012154550105333329,0.008296051342040301,0.011176887806504965,0.9173411369323731,0.009260313399136067,1,1,1,complete
01-07-01-02-02-13,02-01-07-01-02-02-13,02-01-07-01-02-02-13,data/raw/ravdess/video_speech/Video_Speech_Actor_13/Actor_13/02-01-07-01-02-02-13.mp4,13,train,07,6,disgust,01,02,02,02-01-07-01-02-02-13,canonical_02,/home/tonyhe/ravdess_avfusion/external/video_face_branch/early_fusion_facial_v2/fusion_pack_5f/sequences/02-01-07-01-02-02-13.npy,5,2048,02-01-07-01-02-02-13,canonical_02,5,6,disgust,0.018270267359912395,0.009046781435608863,0.008282877132296562,0.009210077114403248,0.006773455906659365,0.009521914087235928,0.9289349555969239,0.009959722217172385,1,1,1,complete
01-07-02-01-01-13,02-01-07-02-01-01-13,02-01-07-02-01-01-13,data/raw/ravdess/video_speech/Video_Speech_Actor_13/Actor_13/02-01-07-02-01-01-13.mp4,13,train,07,6,disgust,02,01,01,02-01-07-02-01-01-13,canonical_02,/home/tonyhe/ravdess_avfusion/external/video_face_branch/early_fusion_facial_v2/fusion_pack_5f/sequences/02-01-07-02-01-01-13.npy,5,2048,02-01-07-02-01-01-13,canonical_02,5,6,disgust,0.018295233324170112,0.00880867475643754,0.008352520782500506,0.007829442713409662,0.008020846080034972,0.007937417179346085,0.9319819331169128,0.008773942291736603,1,1,1,complete
01-07-02-01-02-13,02-01-07-02-01-02-13,02-01-07-02-01-02-13,data/raw/ravdess/video_speech/Video_Speech_Actor_13/Actor_13/02-01-07-02-01-02-13.mp4,13,train,07,6,disgust,02,01,02,02-01-07-02-01-02-13,canonical_02,/home/tonyhe/ravdess_avfusion/external/video_face_branch/early_fusion_facial_v2/fusion_pack_5f/sequences/02-01-07-02-01-02-13.npy,5,2048,02-01-07-02-01-02-13,canonical_02,5,6,disgust,0.020575687289237976,0.00998646318912506,0.009375902265310288,0.008593327924609184,0.008169712871313095,0.011794407851994038,0.9192739725112915,0.012230505235493183,1,1,1,complete
01-07-02-02-01-13,02-01-07-02-02-01-13,02-01-07-02-02-01-13,data/raw/ravdess/video_speech/Video_Speech_Actor_13/Actor_13/02-01-07-02-02-01-13.mp4,13,train,07,6,disgust,02,02,01,02-01-07-02-02-01-13,canonical_02,/home/tonyhe/ravdess_avfusion/external/video_face_branch/early_fusion_facial_v2/fusion_pack_5f/sequences/02-01-07-02-02-01-13.npy,5,2048,02-01-07-02-02-01-13,canonical_02,5,6,disgust,0.019892847537994383,0.008440346177667379,0.008284797333180905,0.008753253426402808,0.008719247952103614,0.009998062066733837,0.9265728235244751,0.009338689036667347,1,1,1,complete
01-07-02-02-02-13,02-01-07-02-02-02-13,02-01-07-02-02-02-13,data/raw/ravdess/video_speech/Video_Speech_Actor_13/Actor_13/02-01-07-02-02-02-13.mp4,13,train,07,6,disgust,02,02,02,02-01-07-02-02-02-13,canonical_02,/home/tonyhe/ravdess_avfusion/external/video_face_branch/early_fusion_facial_v2/fusion_pack_5f/sequences/02-01-07-02-02-02-13.npy,5,2048,02-01-07-02-02-02-13,canonical_02,5,6,disgust,0.019395154155790805,0.008991559129208326,0.008957851212471724,0.011128190159797668,0.007542600296437741,0.0085552797652781,0.9267779350280761,0.00865144031122327,1,1,1,complete
01-08-01-01-01-13,02-01-08-01-01-01-13,02-01-08-01-01-01-13,data/raw/ravdess/video_speech/Video_Speech_Actor_13/Actor_13/02-01-08-01-01-01-13.mp4,13,train,08,7,surprise,01,01,01,02-01-08-01-01-01-13,canonical_02,/home/tonyhe/ravdess_avfusion/external/video_face_branch/early_fusion_facial_v2/fusion_pack_5f/sequences/02-01-08-01-01-01-13.npy,5,2048,02-01-08-01-01-01-13,canonical_02,5,7,surprise,0.01820683553814888,0.0067362113855779174,0.013496225606650114,0.006576762534677982,0.011354964133352042,0.00908224591985345,0.013915112614631653,0.920631718635559,1,1,1,complete
01-08-01-01-02-13,02-01-08-01-01-02-13,02-01-08-01-01-02-13,data/raw/ravdess/video_speech/Video_Speech_Actor_13/Actor_13/02-01-08-01-01-02-13.mp4,13,train,08,7,surprise,01,01,02,02-01-08-01-01-02-13,canonical_02,/home/tonyhe/ravdess_avfusion/external/video_face_branch/early_fusion_facial_v2/fusion_pack_5f/sequences/02-01-08-01-01-02-13.npy,5,2048,02-01-08-01-01-02-13,canonical_02,5,7,surprise,0.027273353561758994,0.00986894192174077,0.012044218182563782,0.01019276725128293,0.010052748024463654,0.012945092096924782,0.01340438574552536,0.9042184948921204,1,1,1,complete
01-08-01-02-01-13,02-01-08-01-02-01-13,02-01-08-01-02-01-13,data/raw/ravdess/video_speech/Video_Speech_Actor_13/Actor_13/02-01-08-01-02-01-13.mp4,13,train,08,7,surprise,01,02,01,02-01-08-01-02-01-13,canonical_02,/home/tonyhe/ravdess_avfusion/external/video_face_branch/early_fusion_facial_v2/fusion_pack_5f/sequences/02-01-08-01-02-01-13.npy,5,2048,02-01-08-01-02-01-13,canonical_02,5,7,surprise,0.018796651810407638,0.00805565332993865,0.008822621032595634,0.00921985013410449,0.00837211087346077,0.013998039625585079,0.021659461408853532,0.9110755920410156,1,1,1,complete
01-08-01-02-02-13,02-01-08-01-02-02-13,02-01-08-01-02-02-13,data/raw/ravdess/video_speech/Video_Speech_Actor_13/Actor_13/02-01-08-01-02-02-13.mp4,13,train,08,7,surprise,01,02,02,02-01-08-01-02-02-13,canonical_02,/home/tonyhe/ravdess_avfusion/external/video_face_branch/early_fusion_facial_v2/fusion_pack_5f/sequences/02-01-08-01-02-02-13.npy,5,2048,02-01-08-01-02-02-13,canonical_02,5,7,surprise,0.019561408273875713,0.00965778985992074,0.012086732499301433,0.009951347392052412,0.009440561663359404,0.008185814414173365,0.017702058888971806,0.9134142637252808,1,1,1,complete
01-08-02-01-01-13,02-01-08-02-01-01-13,02-01-08-02-01-01-13,data/raw/ravdess/video_speech/Video_Speech_Actor_13/Actor_13/02-01-08-02-01-01-13.mp4,13,train,08,7,surprise,02,01,01,02-01-08-02-01-01-13,canonical_02,/home/tonyhe/ravdess_avfusion/external/video_face_branch/early_fusion_facial_v2/fusion_pack_5f/sequences/02-01-08-02-01-01-13.npy,5,2048,02-01-08-02-01-01-13,canonical_02,5,7,surprise,0.020455510541796684,0.009261986799538135,0.01093314979225397,0.010269864276051522,0.008450135588645935,0.01400580732151866,0.06130718346685171,0.8653163313865662,1,1,1,complete
01-08-02-01-02-13,02-01-08-02-01-02-13,02-01-08-02-01-02-13,data/raw/ravdess/video_speech/Video_Speech_Actor_13/Actor_13/02-01-08-02-01-02-13.mp4,13,train,08,7,surprise,02,01,02,02-01-08-02-01-02-13,canonical_02,/home/tonyhe/ravdess_avfusion/external/video_face_branch/early_fusion_facial_v2/fusion_pack_5f/sequences/02-01-08-02-01-02-13.npy,5,2048,02-01-08-02-01-02-13,canonical_02,5,7,surprise,0.021697807312011718,0.009061736613512039,0.011801237054169179,0.00940314745530486,0.010666517168283462,0.01215840894728899,0.013818045519292355,0.9113930940628052,1,1,1,complete
01-08-02-02-01-13,02-01-08-02-02-01-13,02-01-08-02-02-01-13,data/raw/ravdess/video_speech/Video_Speech_Actor_13/Actor_13/02-01-08-02-02-01-13.mp4,13,train,08,7,surprise,02,02,01,02-01-08-02-02-01-13,canonical_02,/home/tonyhe/ravdess_avfusion/external/video_face_branch/early_fusion_facial_v2/fusion_pack_5f/sequences/02-01-08-02-02-01-13.npy,5,2048,02-01-08-02-02-01-13,canonical_02,5,7,surprise,0.025732734799385072,0.016916599683463575,0.07257768027484417,0.010430626198649406,0.011977417021989822,0.020169795583933593,0.015936532244086265,0.826258659362793,1,1,1,complete
01-08-02-02-02-13,02-01-08-02-02-02-13,02-01-08-02-02-02-13,data/raw/ravdess/video_speech/Video_Speech_Actor_13/Actor_13/02-01-08-02-02-02-13.mp4,13,train,08,7,surprise,02,02,02,02-01-08-02-02-02-13,canonical_02,/home/tonyhe/ravdess_avfusion/external/video_face_branch/early_fusion_facial_v2/fusion_pack_5f/sequences/02-01-08-02-02-02-13.npy,5,2048,02-01-08-02-02-02-13,canonical_02,5,7,surprise,0.020628643035888673,0.00925025474280119,0.013140644878149033,0.013361963536590337,0.009088745806366205,0.01139229815453291,0.011060099210590124,0.9120773673057556,1,1,1,complete
01-01-01-01-01-14,02-01-01-01-01-01-14,02-01-01-01-01-01-14,data/raw/ravdess/video_speech/Video_Speech_Actor_14/Actor_14/02-01-01-01-01-01-14.mp4,14,train,01,0,neutral,01,01,01,02-01-01-01-01-01-14,canonical_02,/home/tonyhe/ravdess_avfusion/external/video_face_branch/early_fusion_facial_v2/fusion_pack_5f/sequences/02-01-01-01-01-01-14.npy,5,2048,02-01-01-01-01-01-14,canonical_02,5,0,neutral,0.9584618449211121,0.004762440966442227,0.0047312982380390166,0.0069979621097445485,0.0074641754850745205,0.005396890453994274,0.006280127447098494,0.00590525446459651,1,1,1,complete
01-01-01-01-02-14,02-01-01-01-01-02-14,02-01-01-01-01-02-14,data/raw/ravdess/video_speech/Video_Speech_Actor_14/Actor_14/02-01-01-01-01-02-14.mp4,14,train,01,0,neutral,01,01,02,02-01-01-01-01-02-14,canonical_02,/home/tonyhe/ravdess_avfusion/external/video_face_branch/early_fusion_facial_v2/fusion_pack_5f/sequences/02-01-01-01-01-02-14.npy,5,2048,02-01-01-01-01-02-14,canonical_02,5,0,neutral,0.9546371102333069,0.0046572104096412655,0.005151176452636718,0.007937790546566247,0.008251846488565206,0.006170155946165323,0.006736387591809034,0.006458311248570681,1,1,1,complete
01-01-01-02-01-14,02-01-01-01-02-01-14,02-01-01-01-02-01-14,data/raw/ravdess/video_speech/Video_Speech_Actor_14/Actor_14/02-01-01-01-02-01-14.mp4,14,train,01,0,neutral,01,02,01,02-01-01-01-02-01-14,canonical_02,/home/tonyhe/ravdess_avfusion/external/video_face_branch/early_fusion_facial_v2/fusion_pack_5f/sequences/02-01-01-01-02-01-14.npy,5,2048,02-01-01-01-02-01-14,canonical_02,5,0,neutral,0.9543806433677673,0.005143273621797562,0.0052501514554023744,0.008488667570054531,0.007210763171315193,0.0065214686095714566,0.006917382217943668,0.006087672710418701,1,1,1,complete
01-01-01-02-02-14,02-01-01-01-02-02-14,02-01-01-01-02-02-14,data/raw/ravdess/video_speech/Video_Speech_Actor_14/Actor_14/02-01-01-01-02-02-14.mp4,14,train,01,0,neutral,01,02,02,02-01-01-01-02-02-14,canonical_02,/home/tonyhe/ravdess_avfusion/external/video_face_branch/early_fusion_facial_v2/fusion_pack_5f/sequences/02-01-01-01-02-02-14.npy,5,2048,02-01-01-01-02-02-14,canonical_02,5,0,neutral,0.9582922577857971,0.005021961592137814,0.005044534243643284,0.006555086374282837,0.006236883066594601,0.005481055472046137,0.006696602050215006,0.006671616062521935,1,1,1,complete
01-02-01-01-01-14,02-01-02-01-01-01-14,02-01-02-01-01-01-14,data/raw/ravdess/video_speech/Video_Speech_Actor_14/Actor_14/02-01-02-01-01-01-14.mp4,14,train,02,1,calm,01,01,01,02-01-02-01-01-01-14,canonical_02,/home/tonyhe/ravdess_avfusion/external/video_face_branch/early_fusion_facial_v2/fusion_pack_5f/sequences/02-01-02-01-01-01-14.npy,5,2048,02-01-02-01-01-01-14,canonical_02,5,1,calm,0.10236947312951088,0.7937402546405792,0.014579231664538384,0.015318828262388706,0.01568058542907238,0.014076449908316135,0.017957432940602303,0.026277755759656428,1,1,1,complete
01-02-01-01-02-14,02-01-02-01-01-02-14,02-01-02-01-01-02-14,data/raw/ravdess/video_speech/Video_Speech_Actor_14/Actor_14/02-01-02-01-01-02-14.mp4,14,train,02,1,calm,01,01,02,02-01-02-01-01-02-14,canonical_02,/home/tonyhe/ravdess_avfusion/external/video_face_branch/early_fusion_facial_v2/fusion_pack_5f/sequences/02-01-02-01-01-02-14.npy,5,2048,02-01-02-01-01-02-14,canonical_02,5,1,calm,0.034183851629495624,0.820231020450592,0.017533421330153943,0.01431285385042429,0.017664769291877748,0.016012421809136868,0.02253309227526188,0.05752859003841877,1,1,1,complete
01-02-01-02-01-14,02-01-02-01-02-01-14,02-01-02-01-02-01-14,data/raw/ravdess/video_speech/Video_Speech_Actor_14/Actor_14/02-01-02-01-02-01-14.mp4,14,train,02,1,calm,01,02,01,02-01-02-01-02-01-14,canonical_02,/home/tonyhe/ravdess_avfusion/external/video_face_branch/early_fusion_facial_v2/fusion_pack_5f/sequences/02-01-02-01-02-01-14.npy,5,2048,02-01-02-01-02-01-14,canonical_02,5,1,calm,0.0289278294891119,0.9101717829704284,0.006516528408974409,0.008509829919785262,0.009813459031283856,0.009348644688725472,0.012007316574454308,0.014704614877700806,1,1,1,complete
01-02-01-02-02-14,02-01-02-01-02-02-14,02-01-02-01-02-02-14,data/raw/ravdess/video_speech/Video_Speech_Actor_14/Actor_14/02-01-02-01-02-02-14.mp4,14,train,02,1,calm,01,02,02,02-01-02-01-02-02-14,canonical_02,/home/tonyhe/ravdess_avfusion/external/video_face_branch/early_fusion_facial_v2/fusion_pack_5f/sequences/02-01-02-01-02-02-14.npy,5,2048,02-01-02-01-02-02-14,canonical_02,5,1,calm,0.035687313228845594,0.8579626560211182,0.013809009827673436,0.016756538301706314,0.019406913965940475,0.01609075888991356,0.018223373405635356,0.02206343375146389,1,1,1,complete
01-02-02-01-01-14,02-01-02-02-01-01-14,02-01-02-02-01-01-14,data/raw/ravdess/video_speech/Video_Speech_Actor_14/Actor_14/02-01-02-02-01-01-14.mp4,14,train,02,1,calm,02,01,01,02-01-02-02-01-01-14,canonical_02,/home/tonyhe/ravdess_avfusion/external/video_face_branch/early_fusion_facial_v2/fusion_pack_5f/sequences/02-01-02-02-01-01-14.npy,5,2048,02-01-02-02-01-01-14,canonical_02,5,1,calm,0.04616239629685879,0.8595689535140991,0.011086893361061811,0.01128821037709713,0.01447416627779603,0.01259576240554452,0.015084818843752146,0.029738814383745194,1,1,1,complete
01-02-02-01-02-14,02-01-02-02-01-02-14,02-01-02-02-01-02-14,data/raw/ravdess/video_speech/Video_Speech_Actor_14/Actor_14/02-01-02-02-01-02-14.mp4,14,train,02,1,calm,02,01,02,02-01-02-02-01-02-14,canonical_02,/home/tonyhe/ravdess_avfusion/external/video_face_branch/early_fusion_facial_v2/fusion_pack_5f/sequences/02-01-02-02-01-02-14.npy,5,2048,02-01-02-02-01-02-14,canonical_02,5,1,calm,0.03795505352318287,0.8748089671134949,0.009384384285658598,0.010779093392193318,0.011054412089288234,0.009535316005349159,0.01311933808028698,0.03336342386901379,1,1,1,complete
01-02-02-02-01-14,02-01-02-02-02-01-14,02-01-02-02-02-01-14,data/raw/ravdess/video_speech/Video_Speech_Actor_14/Actor_14/02-01-02-02-02-01-14.mp4,14,train,02,1,calm,02,02,01,02-01-02-02-02-01-14,canonical_02,/home/tonyhe/ravdess_avfusion/external/video_face_branch/early_fusion_facial_v2/fusion_pack_5f/sequences/02-01-02-02-02-01-14.npy,5,2048,02-01-02-02-02-01-14,canonical_02,5,1,calm,0.041018078848719594,0.8709110498428345,0.01016057962551713,0.011072092689573765,0.021744578331708907,0.011759844422340394,0.015396157652139664,0.017937661334872245,1,1,1,complete
01-02-02-02-02-14,02-01-02-02-02-02-14,02-01-02-02-02-02-14,data/raw/ravdess/video_speech/Video_Speech_Actor_14/Actor_14/02-01-02-02-02-02-14.mp4,14,train,02,1,calm,02,02,02,02-01-02-02-02-02-14,canonical_02,/home/tonyhe/ravdess_avfusion/external/video_face_branch/early_fusion_facial_v2/fusion_pack_5f/sequences/02-01-02-02-02-02-14.npy,5,2048,02-01-02-02-02-02-14,canonical_02,5,1,calm,0.026897354796528817,0.9099895358085632,0.007643969543278217,0.009446029830724002,0.011266858968883752,0.009631138946861028,0.011686344258487224,0.013438758719712496,1,1,1,complete
01-03-01-01-01-14,02-01-03-01-01-01-14,02-01-03-01-01-01-14,data/raw/ravdess/video_speech/Video_Speech_Actor_14/Actor_14/02-01-03-01-01-01-14.mp4,14,train,03,2,happy,01,01,01,02-01-03-01-01-01-14,canonical_02,/home/tonyhe/ravdess_avfusion/external/video_face_branch/early_fusion_facial_v2/fusion_pack_5f/sequences/02-01-03-01-01-01-14.npy,5,2048,02-01-03-01-01-01-14,canonical_02,5,2,happy,0.01698999535292387,0.01574118062853813,0.9200825691223145,0.006387164536863566,0.008897608704864978,0.008321016374975444,0.010672328434884549,0.012908160872757434,1,1,1,complete
01-03-01-01-02-14,02-01-03-01-01-02-14,02-01-03-01-01-02-14,data/raw/ravdess/video_speech/Video_Speech_Actor_14/Actor_14/02-01-03-01-01-02-14.mp4,14,train,03,2,happy,01,01,02,02-01-03-01-01-02-14,canonical_02,/home/tonyhe/ravdess_avfusion/external/video_face_branch/early_fusion_facial_v2/fusion_pack_5f/sequences/02-01-03-01-01-02-14.npy,5,2048,02-01-03-01-01-02-14,canonical_02,5,2,happy,0.018580080941319466,0.01117374114692211,0.9241471529006958,0.006928587332367897,0.008828014228492975,0.008528856374323369,0.010678957216441631,0.01113464217633009,1,1,1,complete
01-03-01-02-01-14,02-01-03-01-02-01-14,02-01-03-01-02-01-14,data/raw/ravdess/video_speech/Video_Speech_Actor_14/Actor_14/02-01-03-01-02-01-14.mp4,14,train,03,2,happy,01,02,01,02-01-03-01-02-01-14,canonical_02,/home/tonyhe/ravdess_avfusion/external/video_face_branch/early_fusion_facial_v2/fusion_pack_5f/sequences/02-01-03-01-02-01-14.npy,5,2048,02-01-03-01-02-01-14,canonical_02,5,2,happy,0.024775024875998496,0.16237729769200088,0.7051177009940147,0.008985967561602592,0.017665902525186537,0.014778723567724228,0.018083471804857254,0.048215918242931366,1,1,1,complete
01-03-01-02-02-14,02-01-03-01-02-02-14,02-01-03-01-02-02-14,data/raw/ravdess/video_speech/Video_Speech_Actor_14/Actor_14/02-01-03-01-02-02-14.mp4,14,train,03,2,happy,01,02,02,02-01-03-01-02-02-14,canonical_02,/home/tonyhe/ravdess_avfusion/external/video_face_branch/early_fusion_facial_v2/fusion_pack_5f/sequences/02-01-03-01-02-02-14.npy,5,2048,02-01-03-01-02-02-14,canonical_02,5,2,happy,0.018742120824754238,0.011328488029539585,0.9190346717834472,0.007545390632003546,0.010023584216833114,0.00949312662705779,0.012656572833657264,0.011176016367971896,1,1,1,complete
01-03-02-01-01-14,02-01-03-02-01-01-14,02-01-03-02-01-01-14,data/raw/ravdess/video_speech/Video_Speech_Actor_14/Actor_14/02-01-03-02-01-01-14.mp4,14,train,03,2,happy,02,01,01,02-01-03-02-01-01-14,canonical_02,/home/tonyhe/ravdess_avfusion/external/video_face_branch/early_fusion_facial_v2/fusion_pack_5f/sequences/02-01-03-02-01-01-14.npy,5,2048,02-01-03-02-01-01-14,canonical_02,5,2,happy,0.01753770001232624,0.010188087727874518,0.9244623780250549,0.007822731882333756,0.009296357445418835,0.00869426792487502,0.01283259503543377,0.009165913425385952,1,1,1,complete
01-03-02-01-02-14,02-01-03-02-01-02-14,02-01-03-02-01-02-14,data/raw/ravdess/video_speech/Video_Speech_Actor_14/Actor_14/02-01-03-02-01-02-14.mp4,14,train,03,2,happy,02,01,02,02-01-03-02-01-02-14,canonical_02,/home/tonyhe/ravdess_avfusion/external/video_face_branch/early_fusion_facial_v2/fusion_pack_5f/sequences/02-01-03-02-01-02-14.npy,5,2048,02-01-03-02-01-02-14,canonical_02,5,2,happy,0.02289031520485878,0.016416357643902302,0.9068631052970886,0.008724446687847377,0.00978468470275402,0.009634041041135789,0.014324276894330978,0.011362748406827449,1,1,1,complete
01-03-02-02-01-14,02-01-03-02-02-01-14,02-01-03-02-02-01-14,data/raw/ravdess/video_speech/Video_Speech_Actor_14/Actor_14/02-01-03-02-02-01-14.mp4,14,train,03,2,happy,02,02,01,02-01-03-02-02-01-14,canonical_02,/home/tonyhe/ravdess_avfusion/external/video_face_branch/early_fusion_facial_v2/fusion_pack_5f/sequences/02-01-03-02-02-01-14.npy,5,2048,02-01-03-02-02-01-14,canonical_02,5,2,happy,0.026408785581588747,0.02672729380428791,0.8739175915718078,0.010472274199128152,0.013529104553163052,0.01192040741443634,0.025628847256302833,0.011395698972046375,1,1,1,complete
01-03-02-02-02-14,02-01-03-02-02-02-14,02-01-03-02-02-02-14,data/raw/ravdess/video_speech/Video_Speech_Actor_14/Actor_14/02-01-03-02-02-02-14.mp4,14,train,03,2,happy,02,02,02,02-01-03-02-02-02-14,canonical_02,/home/tonyhe/ravdess_avfusion/external/video_face_branch/early_fusion_facial_v2/fusion_pack_5f/sequences/02-01-03-02-02-02-14.npy,5,2048,02-01-03-02-02-02-14,canonical_02,5,2,happy,0.022098394483327864,0.016164372116327284,0.8996668696403504,0.009688880108296872,0.009846626780927181,0.00916223106905818,0.01533320862799883,0.018039476685225965,1,1,1,complete
01-04-01-01-01-14,02-01-04-01-01-01-14,02-01-04-01-01-01-14,data/raw/ravdess/video_speech/Video_Speech_Actor_14/Actor_14/02-01-04-01-01-01-14.mp4,14,train,04,3,sad,01,01,01,02-01-04-01-01-01-14,canonical_02,/home/tonyhe/ravdess_avfusion/external/video_face_branch/early_fusion_facial_v2/fusion_pack_5f/sequences/02-01-04-01-01-01-14.npy,5,2048,02-01-04-01-01-01-14,canonical_02,5,3,sad,0.020589171536266805,0.009242832567542792,0.009289762657135724,0.9218756914138794,0.012368894834071397,0.0074018117040395735,0.010912594012916088,0.008319238107651472,1,1,1,complete
01-04-01-01-02-14,02-01-04-01-01-02-14,02-01-04-01-01-02-14,data/raw/ravdess/video_speech/Video_Speech_Actor_14/Actor_14/02-01-04-01-01-02-14.mp4,14,train,04,3,sad,01,01,02,02-01-04-01-01-02-14,canonical_02,/home/tonyhe/ravdess_avfusion/external/video_face_branch/early_fusion_facial_v2/fusion_pack_5f/sequences/02-01-04-01-01-02-14.npy,5,2048,02-01-04-01-01-02-14,canonical_02,5,3,sad,0.013941989466547965,0.0075143552385270596,0.007810649275779724,0.9376484632492066,0.011385366693139077,0.005156004708260298,0.009960638731718064,0.0065825332421809435,1,1,1,complete
01-04-01-02-01-14,02-01-04-01-02-01-14,02-01-04-01-02-01-14,data/raw/ravdess/video_speech/Video_Speech_Actor_14/Actor_14/02-01-04-01-02-01-14.mp4,14,train,04,3,sad,01,02,01,02-01-04-01-02-01-14,canonical_02,/home/tonyhe/ravdess_avfusion/external/video_face_branch/early_fusion_facial_v2/fusion_pack_5f/sequences/02-01-04-01-02-01-14.npy,5,2048,02-01-04-01-02-01-14,canonical_02,5,3,sad,0.019677310436964034,0.008600126020610332,0.00915535781532526,0.9247090220451355,0.011350587289780379,0.008242265414446592,0.009450602252036333,0.008814727514982223,1,1,1,complete
01-04-01-02-02-14,02-01-04-01-02-02-14,02-01-04-01-02-02-14,data/raw/ravdess/video_speech/Video_Speech_Actor_14/Actor_14/02-01-04-01-02-02-14.mp4,14,train,04,3,sad,01,02,02,02-01-04-01-02-02-14,canonical_02,/home/tonyhe/ravdess_avfusion/external/video_face_branch/early_fusion_facial_v2/fusion_pack_5f/sequences/02-01-04-01-02-02-14.npy,5,2048,02-01-04-01-02-02-14,canonical_02,5,3,sad,0.02215624451637268,0.011838873103260993,0.01025698659941554,0.9111327648162841,0.014972504787147045,0.007429365115240216,0.012386089935898782,0.009827138110995292,1,1,1,complete
01-04-02-01-01-14,02-01-04-02-01-01-14,02-01-04-02-01-01-14,data/raw/ravdess/video_speech/Video_Speech_Actor_14/Actor_14/02-01-04-02-01-01-14.mp4,14,train,04,3,sad,02,01,01,02-01-04-02-01-01-14,canonical_02,/home/tonyhe/ravdess_avfusion/external/video_face_branch/early_fusion_facial_v2/fusion_pack_5f/sequences/02-01-04-02-01-01-14.npy,5,2048,02-01-04-02-01-01-14,canonical_02,5,3,sad,0.02284117117524147,0.010873100906610488,0.0133940190076828,0.9053260803222656,0.010736311599612237,0.010120171867311002,0.016115665994584562,0.0105935319326818,1,1,1,complete
01-04-02-01-02-14,02-01-04-02-01-02-14,02-01-04-02-01-02-14,data/raw/ravdess/video_speech/Video_Speech_Actor_14/Actor_14/02-01-04-02-01-02-14.mp4,14,train,04,3,sad,02,01,02,02-01-04-02-01-02-14,canonical_02,/home/tonyhe/ravdess_avfusion/external/video_face_branch/early_fusion_facial_v2/fusion_pack_5f/sequences/02-01-04-02-01-02-14.npy,5,2048,02-01-04-02-01-02-14,canonical_02,5,3,sad,0.020423584245145322,0.011580314114689827,0.012909018993377685,0.9066375255584717,0.010228054784238338,0.009425693564116955,0.016392851248383522,0.012402972765266895,1,1,1,complete
01-04-02-02-01-14,02-01-04-02-02-01-14,02-01-04-02-02-01-14,data/raw/ravdess/video_speech/Video_Speech_Actor_14/Actor_14/02-01-04-02-02-01-14.mp4,14,train,04,3,sad,02,02,01,02-01-04-02-02-01-14,canonical_02,/home/tonyhe/ravdess_avfusion/external/video_face_branch/early_fusion_facial_v2/fusion_pack_5f/sequences/02-01-04-02-02-01-14.npy,5,2048,02-01-04-02-02-01-14,canonical_02,5,3,sad,0.01650912333279848,0.008171806856989861,0.009984949231147766,0.9232433676719666,0.011679568327963352,0.00775828342884779,0.014145060069859028,0.008507838286459447,1,1,1,complete
01-04-02-02-02-14,02-01-04-02-02-02-14,02-01-04-02-02-02-14,data/raw/ravdess/video_speech/Video_Speech_Actor_14/Actor_14/02-01-04-02-02-02-14.mp4,14,train,04,3,sad,02,02,02,02-01-04-02-02-02-14,canonical_02,/home/tonyhe/ravdess_avfusion/external/video_face_branch/early_fusion_facial_v2/fusion_pack_5f/sequences/02-01-04-02-02-02-14.npy,5,2048,02-01-04-02-02-02-14,canonical_02,5,3,sad,0.017943361215293406,0.008990500122308731,0.010661719739437104,0.924368953704834,0.00906569892540574,0.008447503577917815,0.011700321547687053,0.00882195346057415,1,1,1,complete
01-05-01-01-01-14,02-01-05-01-01-01-14,02-01-05-01-01-01-14,data/raw/ravdess/video_speech/Video_Speech_Actor_14/Actor_14/02-01-05-01-01-01-14.mp4,14,train,05,4,angry,01,01,01,02-01-05-01-01-01-14,canonical_02,/home/tonyhe/ravdess_avfusion/external/video_face_branch/early_fusion_facial_v2/fusion_pack_5f/sequences/02-01-05-01-01-01-14.npy,5,2048,02-01-05-01-01-01-14,canonical_02,5,4,angry,0.023759889230132104,0.011858552135527134,0.006970459688454866,0.012260888516902924,0.9204682350158692,0.0056232335977256295,0.009039630088955164,0.010019166488200426,1,1,1,complete
01-05-01-01-02-14,02-01-05-01-01-02-14,02-01-05-01-01-02-14,data/raw/ravdess/video_speech/Video_Speech_Actor_14/Actor_14/02-01-05-01-01-02-14.mp4,14,train,05,4,angry,01,01,02,02-01-05-01-01-02-14,canonical_02,/home/tonyhe/ravdess_avfusion/external/video_face_branch/early_fusion_facial_v2/fusion_pack_5f/sequences/02-01-05-01-01-02-14.npy,5,2048,02-01-05-01-01-02-14,canonical_02,5,4,angry,0.032521375082433225,0.020966414688155056,0.008357532415539026,0.017458863183856012,0.8917207717895508,0.011340244766324758,0.010287465713918208,0.007347333896905184,1,1,1,complete
01-05-01-02-01-14,02-01-05-01-02-01-14,02-01-05-01-02-01-14,data/raw/ravdess/video_speech/Video_Speech_Actor_14/Actor_14/02-01-05-01-02-01-14.mp4,14,train,05,4,angry,01,02,01,02-01-05-01-02-01-14,canonical_02,/home/tonyhe/ravdess_avfusion/external/video_face_branch/early_fusion_facial_v2/fusion_pack_5f/sequences/02-01-05-01-02-01-14.npy,5,2048,02-01-05-01-02-01-14,canonical_02,5,4,angry,0.05351600628346205,0.008813140355050564,0.007955516688525677,0.014462842512875796,0.8915777206420898,0.00786760998889804,0.008458482101559639,0.007348679192364216,1,1,1,complete
01-05-01-02-02-14,02-01-05-01-02-02-14,02-01-05-01-02-02-14,data/raw/ravdess/video_speech/Video_Speech_Actor_14/Actor_14/02-01-05-01-02-02-14.mp4,14,train,05,4,angry,01,02,02,02-01-05-01-02-02-14,canonical_02,/home/tonyhe/ravdess_avfusion/external/video_face_branch/early_fusion_facial_v2/fusion_pack_5f/sequences/02-01-05-01-02-02-14.npy,5,2048,02-01-05-01-02-02-14,canonical_02,5,4,angry,0.025034710206091403,0.014506072830408811,0.008966348692774772,0.009579524863511324,0.9151165723800659,0.00895994044840336,0.009292840491980314,0.00854398375377059,1,1,1,complete
01-05-02-01-01-14,02-01-05-02-01-01-14,02-01-05-02-01-01-14,data/raw/ravdess/video_speech/Video_Speech_Actor_14/Actor_14/02-01-05-02-01-01-14.mp4,14,train,05,4,angry,02,01,01,02-01-05-02-01-01-14,canonical_02,/home/tonyhe/ravdess_avfusion/external/video_face_branch/early_fusion_facial_v2/fusion_pack_5f/sequences/02-01-05-02-01-01-14.npy,5,2048,02-01-05-02-01-01-14,canonical_02,5,4,angry,0.0181958531960845,0.009325178526341914,0.010272012930363417,0.011496532708406448,0.9116522908210755,0.022111137956380846,0.009347358345985412,0.00759964445605874,1,1,1,complete
01-05-02-01-02-14,02-01-05-02-01-02-14,02-01-05-02-01-02-14,data/raw/ravdess/video_speech/Video_Speech_Actor_14/Actor_14/02-01-05-02-01-02-14.mp4,14,train,05,4,angry,02,01,02,02-01-05-02-01-02-14,canonical_02,/home/tonyhe/ravdess_avfusion/external/video_face_branch/early_fusion_facial_v2/fusion_pack_5f/sequences/02-01-05-02-01-02-14.npy,5,2048,02-01-05-02-01-02-14,canonical_02,5,4,angry,0.019068627431988717,0.01169497836381197,0.012216006219387055,0.04830180108547211,0.8709152340888977,0.009149458818137645,0.016264004446566106,0.012389875389635563,1,1,1,complete
01-05-02-02-01-14,02-01-05-02-02-01-14,02-01-05-02-02-01-14,data/raw/ravdess/video_speech/Video_Speech_Actor_14/Actor_14/02-01-05-02-02-01-14.mp4,14,train,05,4,angry,02,02,01,02-01-05-02-02-01-14,canonical_02,/home/tonyhe/ravdess_avfusion/external/video_face_branch/early_fusion_facial_v2/fusion_pack_5f/sequences/02-01-05-02-02-01-14.npy,5,2048,02-01-05-02-02-01-14,canonical_02,5,4,angry,0.019158989377319812,0.009873050544410945,0.00816865749657154,0.010759062506258488,0.9146754026412964,0.01663703443482518,0.011570940446108579,0.009156823065131903,1,1,1,complete
01-05-02-02-02-14,02-01-05-02-02-02-14,02-01-05-02-02-02-14,data/raw/ravdess/video_speech/Video_Speech_Actor_14/Actor_14/02-01-05-02-02-02-14.mp4,14,train,05,4,angry,02,02,02,02-01-05-02-02-02-14,canonical_02,/home/tonyhe/ravdess_avfusion/external/video_face_branch/early_fusion_facial_v2/fusion_pack_5f/sequences/02-01-05-02-02-02-14.npy,5,2048,02-01-05-02-02-02-14,canonical_02,5,4,angry,0.02191774807870388,0.011582000553607941,0.010756131634116173,0.020246322080492974,0.8938644051551818,0.011214948445558547,0.017082739248871805,0.013335707318037748,1,1,1,complete
01-06-01-01-01-14,02-01-06-01-01-01-14,02-01-06-01-01-01-14,data/raw/ravdess/video_speech/Video_Speech_Actor_14/Actor_14/02-01-06-01-01-01-14.mp4,14,train,06,5,fearful,01,01,01,02-01-06-01-01-01-14,canonical_02,/home/tonyhe/ravdess_avfusion/external/video_face_branch/early_fusion_facial_v2/fusion_pack_5f/sequences/02-01-06-01-01-01-14.npy,5,2048,02-01-06-01-01-01-14,canonical_02,5,5,fearful,0.018931480683386327,0.008262476697564126,0.009291469492018223,0.019149359315633774,0.0118352634832263,0.9160367488861084,0.009747482649981976,0.006745747895911336,1,1,1,complete
01-06-01-01-02-14,02-01-06-01-01-02-14,02-01-06-01-01-02-14,data/raw/ravdess/video_speech/Video_Speech_Actor_14/Actor_14/02-01-06-01-01-02-14.mp4,14,train,06,5,fearful,01,01,02,02-01-06-01-01-02-14,canonical_02,/home/tonyhe/ravdess_avfusion/external/video_face_branch/early_fusion_facial_v2/fusion_pack_5f/sequences/02-01-06-01-01-02-14.npy,5,2048,02-01-06-01-01-02-14,canonical_02,5,5,fearful,0.02146555930376053,0.011511652637273074,0.009483940433710814,0.012684104032814503,0.0198030399158597,0.8980693340301513,0.013967792689800262,0.013014553301036357,1,1,1,complete
01-06-01-02-01-14,02-01-06-01-02-01-14,02-01-06-01-02-01-14,data/raw/ravdess/video_speech/Video_Speech_Actor_14/Actor_14/02-01-06-01-02-01-14.mp4,14,train,06,5,fearful,01,02,01,02-01-06-01-02-01-14,canonical_02,/home/tonyhe/ravdess_avfusion/external/video_face_branch/early_fusion_facial_v2/fusion_pack_5f/sequences/02-01-06-01-02-01-14.npy,5,2048,02-01-06-01-02-01-14,canonical_02,5,5,fearful,0.01807944756001234,0.007062499597668648,0.007998182345181704,0.02092587072402239,0.026390248723328114,0.906117606163025,0.007629729434847831,0.00579639794304967,1,1,1,complete
01-06-01-02-02-14,02-01-06-01-02-02-14,02-01-06-01-02-02-14,data/raw/ravdess/video_speech/Video_Speech_Actor_14/Actor_14/02-01-06-01-02-02-14.mp4,14,train,06,5,fearful,01,02,02,02-01-06-01-02-02-14,canonical_02,/home/tonyhe/ravdess_avfusion/external/video_face_branch/early_fusion_facial_v2/fusion_pack_5f/sequences/02-01-06-01-02-02-14.npy,5,2048,02-01-06-01-02-02-14,canonical_02,5,5,fearful,0.020947916619479656,0.00974782658740878,0.008837379049509764,0.021133730188012123,0.0117531418800354,0.7933690965175628,0.10720937419682741,0.02700160280801356,1,1,1,complete
01-06-02-01-01-14,02-01-06-02-01-01-14,02-01-06-02-01-01-14,data/raw/ravdess/video_speech/Video_Speech_Actor_14/Actor_14/02-01-06-02-01-01-14.mp4,14,train,06,5,fearful,02,01,01,02-01-06-02-01-01-14,canonical_02,/home/tonyhe/ravdess_avfusion/external/video_face_branch/early_fusion_facial_v2/fusion_pack_5f/sequences/02-01-06-02-01-01-14.npy,5,2048,02-01-06-02-01-01-14,canonical_02,5,5,fearful,0.028373506665229798,0.012460656091570854,0.012060616537928582,0.19440053440630436,0.015495560597628355,0.7148167431354523,0.013826191052794456,0.008566186018288135,1,1,1,complete
01-06-02-01-02-14,02-01-06-02-01-02-14,02-01-06-02-01-02-14,data/raw/ravdess/video_speech/Video_Speech_Actor_14/Actor_14/02-01-06-02-01-02-14.mp4,14,train,06,5,fearful,02,01,02,02-01-06-02-01-02-14,canonical_02,/home/tonyhe/ravdess_avfusion/external/video_face_branch/early_fusion_facial_v2/fusion_pack_5f/sequences/02-01-06-02-01-02-14.npy,5,2048,02-01-06-02-01-02-14,canonical_02,5,5,fearful,0.017410599254071714,0.008226105663925409,0.008270141296088695,0.027706332597881557,0.009413040895015,0.9127617835998535,0.009197417460381985,0.007014553435146809,1,1,1,complete
01-06-02-02-01-14,02-01-06-02-02-01-14,02-01-06-02-02-01-14,data/raw/ravdess/video_speech/Video_Speech_Actor_14/Actor_14/02-01-06-02-02-01-14.mp4,14,train,06,5,fearful,02,02,01,02-01-06-02-02-01-14,canonical_02,/home/tonyhe/ravdess_avfusion/external/video_face_branch/early_fusion_facial_v2/fusion_pack_5f/sequences/02-01-06-02-02-01-14.npy,5,2048,02-01-06-02-02-01-14,canonical_02,5,5,fearful,0.01656104177236557,0.008221355546265841,0.010197361931204796,0.03367973230779171,0.007194066978991031,0.9012306451797485,0.013791878335177898,0.00912388851866126,1,1,1,complete
01-06-02-02-02-14,02-01-06-02-02-02-14,02-01-06-02-02-02-14,data/raw/ravdess/video_speech/Video_Speech_Actor_14/Actor_14/02-01-06-02-02-02-14.mp4,14,train,06,5,fearful,02,02,02,02-01-06-02-02-02-14,canonical_02,/home/tonyhe/ravdess_avfusion/external/video_face_branch/early_fusion_facial_v2/fusion_pack_5f/sequences/02-01-06-02-02-02-14.npy,5,2048,02-01-06-02-02-02-14,canonical_02,5,5,fearful,0.01776980925351381,0.00961607862263918,0.009790802374482155,0.018007457628846167,0.014001142233610153,0.9109226584434509,0.011326663941144944,0.008565464057028294,1,1,1,complete
01-07-01-01-01-14,02-01-07-01-01-01-14,02-01-07-01-01-01-14,data/raw/ravdess/video_speech/Video_Speech_Actor_14/Actor_14/02-01-07-01-01-01-14.mp4,14,train,07,6,disgust,01,01,01,02-01-07-01-01-01-14,canonical_02,/home/tonyhe/ravdess_avfusion/external/video_face_branch/early_fusion_facial_v2/fusion_pack_5f/sequences/02-01-07-01-01-01-14.npy,5,2048,02-01-07-01-01-01-14,canonical_02,5,6,disgust,0.019261657260358334,0.007130489638075233,0.00964609906077385,0.006677600229158998,0.007465911749750376,0.006517410604283213,0.9353652596473694,0.007935632020235062,1,1,1,complete
01-07-01-01-02-14,02-01-07-01-01-02-14,02-01-07-01-01-02-14,data/raw/ravdess/video_speech/Video_Speech_Actor_14/Actor_14/02-01-07-01-01-02-14.mp4,14,train,07,6,disgust,01,01,02,02-01-07-01-01-02-14,canonical_02,/home/tonyhe/ravdess_avfusion/external/video_face_branch/early_fusion_facial_v2/fusion_pack_5f/sequences/02-01-07-01-01-02-14.npy,5,2048,02-01-07-01-01-02-14,canonical_02,5,6,disgust,0.020516828075051306,0.008232819847762585,0.008854618482291698,0.008090075571089983,0.008175540622323752,0.007766168564558029,0.9271268725395203,0.011237082444131375,1,1,1,complete
01-07-01-02-01-14,02-01-07-01-02-01-14,02-01-07-01-02-01-14,data/raw/ravdess/video_speech/Video_Speech_Actor_14/Actor_14/02-01-07-01-02-01-14.mp4,14,train,07,6,disgust,01,02,01,02-01-07-01-02-01-14,canonical_02,/home/tonyhe/ravdess_avfusion/external/video_face_branch/early_fusion_facial_v2/fusion_pack_5f/sequences/02-01-07-01-02-01-14.npy,5,2048,02-01-07-01-02-01-14,canonical_02,5,6,disgust,0.016866858303546905,0.008188400231301785,0.006149515509605408,0.006109590642154217,0.008180347364395857,0.009141375683248043,0.9367564916610718,0.008607423771172762,1,1,1,complete
01-07-01-02-02-14,02-01-07-01-02-02-14,02-01-07-01-02-02-14,data/raw/ravdess/video_speech/Video_Speech_Actor_14/Actor_14/02-01-07-01-02-02-14.mp4,14,train,07,6,disgust,01,02,02,02-01-07-01-02-02-14,canonical_02,/home/tonyhe/ravdess_avfusion/external/video_face_branch/early_fusion_facial_v2/fusion_pack_5f/sequences/02-01-07-01-02-02-14.npy,5,2048,02-01-07-01-02-02-14,canonical_02,5,6,disgust,0.018897403962910175,0.010874066036194563,0.01026268620043993,0.008729908056557179,0.011519653908908366,0.009074094519019128,0.9039295554161072,0.026712644938379528,1,1,1,complete
01-07-02-01-01-14,02-01-07-02-01-01-14,02-01-07-02-01-01-14,data/raw/ravdess/video_speech/Video_Speech_Actor_14/Actor_14/02-01-07-02-01-01-14.mp4,14,train,07,6,disgust,02,01,01,02-01-07-02-01-01-14,canonical_02,/home/tonyhe/ravdess_avfusion/external/video_face_branch/early_fusion_facial_v2/fusion_pack_5f/sequences/02-01-07-02-01-01-14.npy,5,2048,02-01-07-02-01-01-14,canonical_02,5,6,disgust,0.01972067877650261,0.009078161977231502,0.0084115001372993,0.010116177052259446,0.010112096089869738,0.010249145328998566,0.922256338596344,0.010055906977504492,1,1,1,complete
01-07-02-01-02-14,02-01-07-02-01-02-14,02-01-07-02-01-02-14,data/raw/ravdess/video_speech/Video_Speech_Actor_14/Actor_14/02-01-07-02-01-02-14.mp4,14,train,07,6,disgust,02,01,02,02-01-07-02-01-02-14,canonical_02,/home/tonyhe/ravdess_avfusion/external/video_face_branch/early_fusion_facial_v2/fusion_pack_5f/sequences/02-01-07-02-01-02-14.npy,5,2048,02-01-07-02-01-02-14,canonical_02,5,6,disgust,0.021895624324679376,0.01072973720729351,0.007822263240814208,0.010297086462378502,0.010184817295521498,0.01188688138499856,0.9150491833686829,0.012134409882128239,1,1,1,complete
01-07-02-02-01-14,02-01-07-02-02-01-14,02-01-07-02-02-01-14,data/raw/ravdess/video_speech/Video_Speech_Actor_14/Actor_14/02-01-07-02-02-01-14.mp4,14,train,07,6,disgust,02,02,01,02-01-07-02-02-01-14,canonical_02,/home/tonyhe/ravdess_avfusion/external/video_face_branch/early_fusion_facial_v2/fusion_pack_5f/sequences/02-01-07-02-02-01-14.npy,5,2048,02-01-07-02-02-01-14,canonical_02,5,6,disgust,0.020835948549211024,0.009135059267282485,0.007554315868765116,0.008722599688917398,0.009182182420045138,0.008714201021939516,0.9272353768348693,0.008620320074260234,1,1,1,complete
01-07-02-02-02-14,02-01-07-02-02-02-14,02-01-07-02-02-02-14,data/raw/ravdess/video_speech/Video_Speech_Actor_14/Actor_14/02-01-07-02-02-02-14.mp4,14,train,07,6,disgust,02,02,02,02-01-07-02-02-02-14,canonical_02,/home/tonyhe/ravdess_avfusion/external/video_face_branch/early_fusion_facial_v2/fusion_pack_5f/sequences/02-01-07-02-02-02-14.npy,5,2048,02-01-07-02-02-02-14,canonical_02,5,6,disgust,0.024959461018443107,0.012252584844827653,0.010630893334746361,0.010663946345448493,0.042938068695366385,0.010988050885498524,0.8757417917251586,0.011825205758213997,1,1,1,complete
01-08-01-01-01-14,02-01-08-01-01-01-14,02-01-08-01-01-01-14,data/raw/ravdess/video_speech/Video_Speech_Actor_14/Actor_14/02-01-08-01-01-01-14.mp4,14,train,08,7,surprise,01,01,01,02-01-08-01-01-01-14,canonical_02,/home/tonyhe/ravdess_avfusion/external/video_face_branch/early_fusion_facial_v2/fusion_pack_5f/sequences/02-01-08-01-01-01-14.npy,5,2048,02-01-08-01-01-01-14,canonical_02,5,7,surprise,0.02023063525557518,0.010974819120019675,0.011590996477752923,0.008642985485494137,0.0103772958740592,0.005800739116966725,0.05557297132909298,0.8768095374107361,1,1,1,complete
01-08-01-01-02-14,02-01-08-01-01-02-14,02-01-08-01-01-02-14,data/raw/ravdess/video_speech/Video_Speech_Actor_14/Actor_14/02-01-08-01-01-02-14.mp4,14,train,08,7,surprise,01,01,02,02-01-08-01-01-02-14,canonical_02,/home/tonyhe/ravdess_avfusion/external/video_face_branch/early_fusion_facial_v2/fusion_pack_5f/sequences/02-01-08-01-01-02-14.npy,5,2048,02-01-08-01-01-02-14,canonical_02,5,7,surprise,0.019307253323495387,0.009654727764427662,0.010093312710523605,0.007738951221108436,0.008623865991830825,0.006512772850692272,0.014257678389549255,0.9238114356994629,1,1,1,complete
01-08-01-02-01-14,02-01-08-01-02-01-14,02-01-08-01-02-01-14,data/raw/ravdess/video_speech/Video_Speech_Actor_14/Actor_14/02-01-08-01-02-01-14.mp4,14,train,08,7,surprise,01,02,01,02-01-08-01-02-01-14,canonical_02,/home/tonyhe/ravdess_avfusion/external/video_face_branch/early_fusion_facial_v2/fusion_pack_5f/sequences/02-01-08-01-02-01-14.npy,5,2048,02-01-08-01-02-01-14,canonical_02,5,7,surprise,0.023468820750713347,0.014327320083975793,0.012829457968473434,0.012500449363142253,0.014044915325939655,0.00863940604031086,0.03870722874999046,0.8754823923110961,1,1,1,complete
01-08-01-02-02-14,02-01-08-01-02-02-14,02-01-08-01-02-02-14,data/raw/ravdess/video_speech/Video_Speech_Actor_14/Actor_14/02-01-08-01-02-02-14.mp4,14,train,08,7,surprise,01,02,02,02-01-08-01-02-02-14,canonical_02,/home/tonyhe/ravdess_avfusion/external/video_face_branch/early_fusion_facial_v2/fusion_pack_5f/sequences/02-01-08-01-02-02-14.npy,5,2048,02-01-08-01-02-02-14,canonical_02,5,7,surprise,0.02535975193604827,0.06449942821636796,0.01748806182295084,0.010116230323910713,0.008952317386865615,0.009221672825515271,0.01992783360183239,0.8444347023963928,1,1,1,complete
01-08-02-01-01-14,02-01-08-02-01-01-14,02-01-08-02-01-01-14,data/raw/ravdess/video_speech/Video_Speech_Actor_14/Actor_14/02-01-08-02-01-01-14.mp4,14,train,08,7,surprise,02,01,01,02-01-08-02-01-01-14,canonical_02,/home/tonyhe/ravdess_avfusion/external/video_face_branch/early_fusion_facial_v2/fusion_pack_5f/sequences/02-01-08-02-01-01-14.npy,5,2048,02-01-08-02-01-01-14,canonical_02,5,7,surprise,0.022604844719171523,0.007248320337384939,0.006585394311696291,0.007057040091603994,0.015310399979352952,0.007419952563941479,0.01227019727230072,0.9215038180351257,1,1,1,complete
01-08-02-01-02-14,02-01-08-02-01-02-14,02-01-08-02-01-02-14,data/raw/ravdess/video_speech/Video_Speech_Actor_14/Actor_14/02-01-08-02-01-02-14.mp4,14,train,08,7,surprise,02,01,02,02-01-08-02-01-02-14,canonical_02,/home/tonyhe/ravdess_avfusion/external/video_face_branch/early_fusion_facial_v2/fusion_pack_5f/sequences/02-01-08-02-01-02-14.npy,5,2048,02-01-08-02-01-02-14,canonical_02,5,7,surprise,0.0213149793446064,0.014565293863415717,0.01160508580505848,0.008067954611033202,0.009077784046530724,0.00991621259599924,0.04980633221566677,0.8756463170051575,1,1,1,complete
01-08-02-02-01-14,02-01-08-02-02-01-14,02-01-08-02-02-01-14,data/raw/ravdess/video_speech/Video_Speech_Actor_14/Actor_14/02-01-08-02-02-01-14.mp4,14,train,08,7,surprise,02,02,01,02-01-08-02-02-01-14,canonical_02,/home/tonyhe/ravdess_avfusion/external/video_face_branch/early_fusion_facial_v2/fusion_pack_5f/sequences/02-01-08-02-02-01-14.npy,5,2048,02-01-08-02-02-01-14,canonical_02,5,7,surprise,0.023326960392296314,0.0095483741723001,0.009780802298337221,0.01002032682299614,0.1507841819897294,0.013708014041185379,0.01799991950392723,0.7648314118385315,1,1,1,complete
01-08-02-02-02-14,02-01-08-02-02-02-14,02-01-08-02-02-02-14,data/raw/ravdess/video_speech/Video_Speech_Actor_14/Actor_14/02-01-08-02-02-02-14.mp4,14,train,08,7,surprise,02,02,02,02-01-08-02-02-02-14,canonical_02,/home/tonyhe/ravdess_avfusion/external/video_face_branch/early_fusion_facial_v2/fusion_pack_5f/sequences/02-01-08-02-02-02-14.npy,5,2048,02-01-08-02-02-02-14,canonical_02,5,7,surprise,0.019676731899380684,0.009495289996266365,0.0071573518216609955,0.006668454129248857,0.01326430756598711,0.006312881875783205,0.01328862989321351,0.9241363048553467,1,1,1,complete
01-01-01-01-01-15,02-01-01-01-01-01-15,02-01-01-01-01-01-15,data/raw/ravdess/video_speech/Video_Speech_Actor_15/Actor_15/02-01-01-01-01-01-15.mp4,15,train,01,0,neutral,01,01,01,02-01-01-01-01-01-15,backfill_actor15,/home/tonyhe/ravdess_avfusion/data/processed/video/backfill_actor15/sequence_embeddings_5f/train/02-01-01-01-01-01-15.npy,5,2048,02-01-01-01-01-01-15,backfill_actor15,5,0,neutral,0.8271236419677734,0.028381824493408203,0.020000018179416656,0.04183473438024521,0.021986160427331924,0.007353840861469507,0.020879928022623062,0.032439880073070526,1,1,1,complete
01-01-01-01-02-15,02-01-01-01-01-02-15,02-01-01-01-01-02-15,data/raw/ravdess/video_speech/Video_Speech_Actor_15/Actor_15/02-01-01-01-01-02-15.mp4,15,train,01,0,neutral,01,01,02,02-01-01-01-01-02-15,backfill_actor15,/home/tonyhe/ravdess_avfusion/data/processed/video/backfill_actor15/sequence_embeddings_5f/train/02-01-01-01-01-02-15.npy,5,2048,02-01-01-01-01-02-15,backfill_actor15,5,0,neutral,0.8749691247940063,0.03189821541309357,0.015651006251573563,0.015554319135844707,0.017701566219329834,0.008508404716849327,0.020947465673089027,0.014769877307116985,1,1,1,complete
01-01-01-02-01-15,02-01-01-01-02-01-15,02-01-01-01-02-01-15,data/raw/ravdess/video_speech/Video_Speech_Actor_15/Actor_15/02-01-01-01-02-01-15.mp4,15,train,01,0,neutral,01,02,01,02-01-01-01-02-01-15,backfill_actor15,/home/tonyhe/ravdess_avfusion/data/processed/video/backfill_actor15/sequence_embeddings_5f/train/02-01-01-01-02-01-15.npy,5,2048,02-01-01-01-02-01-15,backfill_actor15,5,0,neutral,0.8824453353881836,0.014096828177571297,0.014541546814143658,0.023488037288188934,0.020473819226026535,0.007294502109289169,0.017026115208864212,0.0206338781863451,1,1,1,complete
01-01-01-02-02-15,02-01-01-01-02-02-15,02-01-01-01-02-02-15,data/raw/ravdess/video_speech/Video_Speech_Actor_15/Actor_15/02-01-01-01-02-02-15.mp4,15,train,01,0,neutral,01,02,02,02-01-01-01-02-02-15,backfill_actor15,/home/tonyhe/ravdess_avfusion/data/processed/video/backfill_actor15/sequence_embeddings_5f/train/02-01-01-01-02-02-15.npy,5,2048,02-01-01-01-02-02-15,backfill_actor15,5,0,neutral,0.9038753509521484,0.009267368353903294,0.011181795969605446,0.018371349200606346,0.025380054488778114,0.006941839121282101,0.01421557366847992,0.010766674764454365,1,1,1,complete
01-02-01-01-01-15,02-01-02-01-01-01-15,02-01-02-01-01-01-15,data/raw/ravdess/video_speech/Video_Speech_Actor_15/Actor_15/02-01-02-01-01-01-15.mp4,15,train,02,1,calm,01,01,01,02-01-02-01-01-01-15,backfill_actor15,/home/tonyhe/ravdess_avfusion/data/processed/video/backfill_actor15/sequence_embeddings_5f/train/02-01-02-01-01-01-15.npy,5,2048,02-01-02-01-01-01-15,backfill_actor15,5,1,calm,0.15751537680625916,0.6570481061935425,0.054895080626010895,0.05380527302622795,0.013061684556305408,0.009499549865722656,0.025548364967107773,0.028626546263694763,1,1,1,complete
01-02-01-01-02-15,02-01-02-01-01-02-15,02-01-02-01-01-02-15,data/raw/ravdess/video_speech/Video_Speech_Actor_15/Actor_15/02-01-02-01-01-02-15.mp4,15,train,02,1,calm,01,01,02,02-01-02-01-01-02-15,backfill_actor15,/home/tonyhe/ravdess_avfusion/data/processed/video/backfill_actor15/sequence_embeddings_5f/train/02-01-02-01-01-02-15.npy,5,2048,02-01-02-01-01-02-15,backfill_actor15,5,1,calm,0.19668592512607574,0.3896125257015228,0.16677667200565338,0.14179183542728424,0.014872523956000805,0.010316661559045315,0.020809123292565346,0.05913473293185234,1,1,1,complete
01-02-01-02-01-15,02-01-02-01-02-01-15,02-01-02-01-02-01-15,data/raw/ravdess/video_speech/Video_Speech_Actor_15/Actor_15/02-01-02-01-02-01-15.mp4,15,train,02,1,calm,01,02,01,02-01-02-01-02-01-15,backfill_actor15,/home/tonyhe/ravdess_avfusion/data/processed/video/backfill_actor15/sequence_embeddings_5f/train/02-01-02-01-02-01-15.npy,5,2048,02-01-02-01-02-01-15,backfill_actor15,5,1,calm,0.022509709000587463,0.8343679308891296,0.04073633626103401,0.031272538006305695,0.015885794535279274,0.010379590094089508,0.020095711573958397,0.024752264842391014,1,1,1,complete
01-02-01-02-02-15,02-01-02-01-02-02-15,02-01-02-01-02-02-15,data/raw/ravdess/video_speech/Video_Speech_Actor_15/Actor_15/02-01-02-01-02-02-15.mp4,15,train,02,1,calm,01,02,02,02-01-02-01-02-02-15,backfill_actor15,/home/tonyhe/ravdess_avfusion/data/processed/video/backfill_actor15/sequence_embeddings_5f/train/02-01-02-01-02-02-15.npy,5,2048,02-01-02-01-02-02-15,backfill_actor15,5,1,calm,0.018938828259706497,0.8717131614685059,0.020714109763503075,0.029356688261032104,0.01715417578816414,0.011224384419620037,0.01742604561150074,0.0134726045653224,1,1,1,complete
01-02-02-01-01-15,02-01-02-02-01-01-15,02-01-02-02-01-01-15,data/raw/ravdess/video_speech/Video_Speech_Actor_15/Actor_15/02-01-02-02-01-01-15.mp4,15,train,02,1,calm,02,01,01,02-01-02-02-01-01-15,backfill_actor15,/home/tonyhe/ravdess_avfusion/data/processed/video/backfill_actor15/sequence_embeddings_5f/train/02-01-02-02-01-01-15.npy,5,2048,02-01-02-02-01-01-15,backfill_actor15,5,1,calm,0.35987621545791626,0.4932657778263092,0.03998589515686035,0.04437004402279854,0.011019006371498108,0.008526813238859177,0.017391392961144447,0.025564873591065407,1,1,1,complete
01-02-02-01-02-15,02-01-02-02-01-02-15,02-01-02-02-01-02-15,data/raw/ravdess/video_speech/Video_Speech_Actor_15/Actor_15/02-01-02-02-01-02-15.mp4,15,train,02,1,calm,02,01,02,02-01-02-02-01-02-15,backfill_actor15,/home/tonyhe/ravdess_avfusion/data/processed/video/backfill_actor15/sequence_embeddings_5f/train/02-01-02-02-01-02-15.npy,5,2048,02-01-02-02-01-02-15,backfill_actor15,5,0,neutral,0.33033818006515503,0.23267889022827148,0.06135469675064087,0.22323262691497803,0.01740225777029991,0.011224223300814629,0.03146570920944214,0.09230341762304306,1,1,1,complete
01-02-02-02-01-15,02-01-02-02-02-01-15,02-01-02-02-02-01-15,data/raw/ravdess/video_speech/Video_Speech_Actor_15/Actor_15/02-01-02-02-02-01-15.mp4,15,train,02,1,calm,02,02,01,02-01-02-02-02-01-15,backfill_actor15,/home/tonyhe/ravdess_avfusion/data/processed/video/backfill_actor15/sequence_embeddings_5f/train/02-01-02-02-02-01-15.npy,5,2048,02-01-02-02-02-01-15,backfill_actor15,5,1,calm,0.07456932961940765,0.4278618395328522,0.22671613097190857,0.15460291504859924,0.024224430322647095,0.019690144807100296,0.0348147377371788,0.037520475685596466,1,1,1,complete
01-02-02-02-02-15,02-01-02-02-02-02-15,02-01-02-02-02-02-15,data/raw/ravdess/video_speech/Video_Speech_Actor_15/Actor_15/02-01-02-02-02-02-15.mp4,15,train,02,1,calm,02,02,02,02-01-02-02-02-02-15,backfill_actor15,/home/tonyhe/ravdess_avfusion/data/processed/video/backfill_actor15/sequence_embeddings_5f/train/02-01-02-02-02-02-15.npy,5,2048,02-01-02-02-02-02-15,backfill_actor15,5,1,calm,0.15628767013549805,0.6445716619491577,0.04508369415998459,0.05976630374789238,0.01618346758186817,0.013519858941435814,0.028229523450136185,0.0363578274846077,1,1,1,complete
01-03-01-01-01-15,02-01-03-01-01-01-15,02-01-03-01-01-01-15,data/raw/ravdess/video_speech/Video_Speech_Actor_15/Actor_15/02-01-03-01-01-01-15.mp4,15,train,03,2,happy,01,01,01,02-01-03-01-01-01-15,backfill_actor15,/home/tonyhe/ravdess_avfusion/data/processed/video/backfill_actor15/sequence_embeddings_5f/train/02-01-03-01-01-01-15.npy,5,2048,02-01-03-01-01-01-15,backfill_actor15,5,2,happy,0.05772353336215019,0.07509496808052063,0.536268413066864,0.24747183918952942,0.022817391902208328,0.008249940350651741,0.03140402212738991,0.020969916135072708,1,1,1,complete
01-03-01-01-02-15,02-01-03-01-01-02-15,02-01-03-01-01-02-15,data/raw/ravdess/video_speech/Video_Speech_Actor_15/Actor_15/02-01-03-01-01-02-15.mp4,15,train,03,2,happy,01,01,02,02-01-03-01-01-02-15,backfill_actor15,/home/tonyhe/ravdess_avfusion/data/processed/video/backfill_actor15/sequence_embeddings_5f/train/02-01-03-01-01-02-15.npy,5,2048,02-01-03-01-01-02-15,backfill_actor15,5,2,happy,0.056760139763355255,0.19501110911369324,0.535054624080658,0.12384160608053207,0.02075188234448433,0.009784760884940624,0.038082100450992584,0.02071375399827957,1,1,1,complete
01-03-01-02-01-15,02-01-03-01-02-01-15,02-01-03-01-02-01-15,data/raw/ravdess/video_speech/Video_Speech_Actor_15/Actor_15/02-01-03-01-02-01-15.mp4,15,train,03,2,happy,01,02,01,02-01-03-01-02-01-15,backfill_actor15,/home/tonyhe/ravdess_avfusion/data/processed/video/backfill_actor15/sequence_embeddings_5f/train/02-01-03-01-02-01-15.npy,5,2048,02-01-03-01-02-01-15,backfill_actor15,5,2,happy,0.18097078800201416,0.2249477654695511,0.41635507345199585,0.08289915323257446,0.01905805990099907,0.009827150031924248,0.041080575436353683,0.024861425161361694,1,1,1,complete
01-03-01-02-02-15,02-01-03-01-02-02-15,02-01-03-01-02-02-15,data/raw/ravdess/video_speech/Video_Speech_Actor_15/Actor_15/02-01-03-01-02-02-15.mp4,15,train,03,2,happy,01,02,02,02-01-03-01-02-02-15,backfill_actor15,/home/tonyhe/ravdess_avfusion/data/processed/video/backfill_actor15/sequence_embeddings_5f/train/02-01-03-01-02-02-15.npy,5,2048,02-01-03-01-02-02-15,backfill_actor15,5,2,happy,0.035003844648599625,0.1381598263978958,0.5803106427192688,0.16974608600139618,0.02357667312026024,0.008644386194646358,0.028114575892686844,0.01644393615424633,1,1,1,complete
01-03-02-01-01-15,02-01-03-02-01-01-15,02-01-03-02-01-01-15,data/raw/ravdess/video_speech/Video_Speech_Actor_15/Actor_15/02-01-03-02-01-01-15.mp4,15,train,03,2,happy,02,01,01,02-01-03-02-01-01-15,backfill_actor15,/home/tonyhe/ravdess_avfusion/data/processed/video/backfill_actor15/sequence_embeddings_5f/train/02-01-03-02-01-01-15.npy,5,2048,02-01-03-02-01-01-15,backfill_actor15,5,3,sad,0.04297956824302673,0.0739751011133194,0.39496782422065735,0.4029504656791687,0.023162709549069405,0.009042756631970406,0.032480351626873016,0.020441217347979546,1,1,1,complete
01-03-02-01-02-15,02-01-03-02-01-02-15,02-01-03-02-01-02-15,data/raw/ravdess/video_speech/Video_Speech_Actor_15/Actor_15/02-01-03-02-01-02-15.mp4,15,train,03,2,happy,02,01,02,02-01-03-02-01-02-15,backfill_actor15,/home/tonyhe/ravdess_avfusion/data/processed/video/backfill_actor15/sequence_embeddings_5f/train/02-01-03-02-01-02-15.npy,5,2048,02-01-03-02-01-02-15,backfill_actor15,5,2,happy,0.030260775238275528,0.04139439016580582,0.7728831171989441,0.08924651145935059,0.02101987972855568,0.008924463763833046,0.022107888013124466,0.014162957668304443,1,1,1,complete
01-03-02-02-01-15,02-01-03-02-02-01-15,02-01-03-02-02-01-15,data/raw/ravdess/video_speech/Video_Speech_Actor_15/Actor_15/02-01-03-02-02-01-15.mp4,15,train,03,2,happy,02,02,01,02-01-03-02-02-01-15,backfill_actor15,/home/tonyhe/ravdess_avfusion/data/processed/video/backfill_actor15/sequence_embeddings_5f/train/02-01-03-02-02-01-15.npy,5,2048,02-01-03-02-02-01-15,backfill_actor15,5,2,happy,0.03263283148407936,0.18175286054611206,0.5718715786933899,0.14113956689834595,0.01705530658364296,0.00918168667703867,0.03170355409383774,0.014662666246294975,1,1,1,complete
01-03-02-02-02-15,02-01-03-02-02-02-15,02-01-03-02-02-02-15,data/raw/ravdess/video_speech/Video_Speech_Actor_15/Actor_15/02-01-03-02-02-02-15.mp4,15,train,03,2,happy,02,02,02,02-01-03-02-02-02-15,backfill_actor15,/home/tonyhe/ravdess_avfusion/data/processed/video/backfill_actor15/sequence_embeddings_5f/train/02-01-03-02-02-02-15.npy,5,2048,02-01-03-02-02-02-15,backfill_actor15,5,2,happy,0.053891949355602264,0.023044053465127945,0.7263162732124329,0.07389217615127563,0.02283596619963646,0.02207290567457676,0.022509878501296043,0.055436812341213226,1,1,1,complete
01-04-01-01-01-15,02-01-04-01-01-01-15,02-01-04-01-01-01-15,data/raw/ravdess/video_speech/Video_Speech_Actor_15/Actor_15/02-01-04-01-01-01-15.mp4,15,train,04,3,sad,01,01,01,02-01-04-01-01-01-15,backfill_actor15,/home/tonyhe/ravdess_avfusion/data/processed/video/backfill_actor15/sequence_embeddings_5f/train/02-01-04-01-01-01-15.npy,5,2048,02-01-04-01-01-01-15,backfill_actor15,5,3,sad,0.07890355587005615,0.0115505987778306,0.016057945787906647,0.8375207781791687,0.02327023819088936,0.00440126471221447,0.015415770933032036,0.012879888527095318,1,1,1,complete
01-04-01-01-02-15,02-01-04-01-01-02-15,02-01-04-01-01-02-15,data/raw/ravdess/video_speech/Video_Speech_Actor_15/Actor_15/02-01-04-01-01-02-15.mp4,15,train,04,3,sad,01,01,02,02-01-04-01-01-02-15,backfill_actor15,/home/tonyhe/ravdess_avfusion/data/processed/video/backfill_actor15/sequence_embeddings_5f/train/02-01-04-01-01-02-15.npy,5,2048,02-01-04-01-01-02-15,backfill_actor15,5,3,sad,0.11082085222005844,0.017521286383271217,0.02566651441156864,0.6516889333724976,0.06715895235538483,0.026112118735909462,0.02403196692466736,0.07699944823980331,1,1,1,complete
01-04-01-02-01-15,02-01-04-01-02-01-15,02-01-04-01-02-01-15,data/raw/ravdess/video_speech/Video_Speech_Actor_15/Actor_15/02-01-04-01-02-01-15.mp4,15,train,04,3,sad,01,02,01,02-01-04-01-02-01-15,backfill_actor15,/home/tonyhe/ravdess_avfusion/data/processed/video/backfill_actor15/sequence_embeddings_5f/train/02-01-04-01-02-01-15.npy,5,2048,02-01-04-01-02-01-15,backfill_actor15,5,3,sad,0.18776991963386536,0.026993373408913612,0.02082236483693123,0.6816896200180054,0.020803695544600487,0.009436278603971004,0.02501998282968998,0.02746477723121643,1,1,1,complete
01-04-01-02-02-15,02-01-04-01-02-02-15,02-01-04-01-02-02-15,data/raw/ravdess/video_speech/Video_Speech_Actor_15/Actor_15/02-01-04-01-02-02-15.mp4,15,train,04,3,sad,01,02,02,02-01-04-01-02-02-15,backfill_actor15,/home/tonyhe/ravdess_avfusion/data/processed/video/backfill_actor15/sequence_embeddings_5f/train/02-01-04-01-02-02-15.npy,5,2048,02-01-04-01-02-02-15,backfill_actor15,5,3,sad,0.1781194806098938,0.18857622146606445,0.016144413501024246,0.535291314125061,0.013884114101529121,0.02451036125421524,0.029172107577323914,0.0143019650131464,1,1,1,complete
01-04-02-01-01-15,02-01-04-02-01-01-15,02-01-04-02-01-01-15,data/raw/ravdess/video_speech/Video_Speech_Actor_15/Actor_15/02-01-04-02-01-01-15.mp4,15,train,04,3,sad,02,01,01,02-01-04-02-01-01-15,backfill_actor15,/home/tonyhe/ravdess_avfusion/data/processed/video/backfill_actor15/sequence_embeddings_5f/train/02-01-04-02-01-01-15.npy,5,2048,02-01-04-02-01-01-15,backfill_actor15,5,1,calm,0.10546676069498062,0.3378892242908478,0.11411754786968231,0.26640623807907104,0.04012077674269676,0.025546247139573097,0.07101073116064072,0.039442431181669235,1,1,1,complete
01-04-02-01-02-15,02-01-04-02-01-02-15,02-01-04-02-01-02-15,data/raw/ravdess/video_speech/Video_Speech_Actor_15/Actor_15/02-01-04-02-01-02-15.mp4,15,train,04,3,sad,02,01,02,02-01-04-02-01-02-15,backfill_actor15,/home/tonyhe/ravdess_avfusion/data/processed/video/backfill_actor15/sequence_embeddings_5f/train/02-01-04-02-01-02-15.npy,5,2048,02-01-04-02-01-02-15,backfill_actor15,5,3,sad,0.1222458928823471,0.017560375854372978,0.02776094153523445,0.6776577830314636,0.014566795900464058,0.04252459853887558,0.08162768185138702,0.016055922955274582,1,1,1,complete
01-04-02-02-01-15,02-01-04-02-02-01-15,02-01-04-02-02-01-15,data/raw/ravdess/video_speech/Video_Speech_Actor_15/Actor_15/02-01-04-02-02-01-15.mp4,15,train,04,3,sad,02,02,01,02-01-04-02-02-01-15,backfill_actor15,/home/tonyhe/ravdess_avfusion/data/processed/video/backfill_actor15/sequence_embeddings_5f/train/02-01-04-02-02-01-15.npy,5,2048,02-01-04-02-02-01-15,backfill_actor15,5,3,sad,0.027099881321191788,0.02967819571495056,0.01400882937014103,0.814822793006897,0.006705671548843384,0.07983817905187607,0.015005631372332573,0.012840943410992622,1,1,1,complete
01-04-02-02-02-15,02-01-04-02-02-02-15,02-01-04-02-02-02-15,data/raw/ravdess/video_speech/Video_Speech_Actor_15/Actor_15/02-01-04-02-02-02-15.mp4,15,train,04,3,sad,02,02,02,02-01-04-02-02-02-15,backfill_actor15,/home/tonyhe/ravdess_avfusion/data/processed/video/backfill_actor15/sequence_embeddings_5f/train/02-01-04-02-02-02-15.npy,5,2048,02-01-04-02-02-02-15,backfill_actor15,5,0,neutral,0.3493611514568329,0.08599565923213959,0.049058154225349426,0.3277216851711273,0.015540624968707561,0.1205696240067482,0.039025794714689255,0.012727255001664162,1,1,1,complete
01-05-01-01-01-15,02-01-05-01-01-01-15,02-01-05-01-01-01-15,data/raw/ravdess/video_speech/Video_Speech_Actor_15/Actor_15/02-01-05-01-01-01-15.mp4,15,train,05,4,angry,01,01,01,02-01-05-01-01-01-15,backfill_actor15,/home/tonyhe/ravdess_avfusion/data/processed/video/backfill_actor15/sequence_embeddings_5f/train/02-01-05-01-01-01-15.npy,5,2048,02-01-05-01-01-01-15,backfill_actor15,5,3,sad,0.14508359134197235,0.00985404010862112,0.01957852393388748,0.5343298316001892,0.1862829327583313,0.030428484082221985,0.02381192333996296,0.05063067749142647,1,1,1,complete
01-05-01-01-02-15,02-01-05-01-01-02-15,02-01-05-01-01-02-15,data/raw/ravdess/video_speech/Video_Speech_Actor_15/Actor_15/02-01-05-01-01-02-15.mp4,15,train,05,4,angry,01,01,02,02-01-05-01-01-02-15,backfill_actor15,/home/tonyhe/ravdess_avfusion/data/processed/video/backfill_actor15/sequence_embeddings_5f/train/02-01-05-01-01-02-15.npy,5,2048,02-01-05-01-01-02-15,backfill_actor15,5,4,angry,0.39728546142578125,0.006428764667361975,0.014870652928948402,0.02808370627462864,0.49854645133018494,0.03468561917543411,0.012257566675543785,0.00784174632281065,1,1,1,complete
01-05-01-02-01-15,02-01-05-01-02-01-15,02-01-05-01-02-01-15,data/raw/ravdess/video_speech/Video_Speech_Actor_15/Actor_15/02-01-05-01-02-01-15.mp4,15,train,05,4,angry,01,02,01,02-01-05-01-02-01-15,backfill_actor15,/home/tonyhe/ravdess_avfusion/data/processed/video/backfill_actor15/sequence_embeddings_5f/train/02-01-05-01-02-01-15.npy,5,2048,02-01-05-01-02-01-15,backfill_actor15,5,4,angry,0.24137918651103973,0.01446235179901123,0.031068459153175354,0.17198634147644043,0.36728501319885254,0.07756392657756805,0.03670351579785347,0.05955120176076889,1,1,1,complete
01-05-01-02-02-15,02-01-05-01-02-02-15,02-01-05-01-02-02-15,data/raw/ravdess/video_speech/Video_Speech_Actor_15/Actor_15/02-01-05-01-02-02-15.mp4,15,train,05,4,angry,01,02,02,02-01-05-01-02-02-15,backfill_actor15,/home/tonyhe/ravdess_avfusion/data/processed/video/backfill_actor15/sequence_embeddings_5f/train/02-01-05-01-02-02-15.npy,5,2048,02-01-05-01-02-02-15,backfill_actor15,5,4,angry,0.31433039903640747,0.019015023484826088,0.02432985231280327,0.05160633474588394,0.4464007019996643,0.040029920637607574,0.023287374526262283,0.08100037276744843,1,1,1,complete
01-05-02-01-01-15,02-01-05-02-01-01-15,02-01-05-02-01-01-15,data/raw/ravdess/video_speech/Video_Speech_Actor_15/Actor_15/02-01-05-02-01-01-15.mp4,15,train,05,4,angry,02,01,01,02-01-05-02-01-01-15,backfill_actor15,/home/tonyhe/ravdess_avfusion/data/processed/video/backfill_actor15/sequence_embeddings_5f/train/02-01-05-02-01-01-15.npy,5,2048,02-01-05-02-01-01-15,backfill_actor15,5,0,neutral,0.4895046651363373,0.010926873423159122,0.020328108221292496,0.05509261041879654,0.38456296920776367,0.011799624189734459,0.018064117059111595,0.009720972739160061,1,1,1,complete
01-05-02-01-02-15,02-01-05-02-01-02-15,02-01-05-02-01-02-15,data/raw/ravdess/video_speech/Video_Speech_Actor_15/Actor_15/02-01-05-02-01-02-15.mp4,15,train,05,4,angry,02,01,02,02-01-05-02-01-02-15,backfill_actor15,/home/tonyhe/ravdess_avfusion/data/processed/video/backfill_actor15/sequence_embeddings_5f/train/02-01-05-02-01-02-15.npy,5,2048,02-01-05-02-01-02-15,backfill_actor15,5,0,neutral,0.30319494009017944,0.03350794315338135,0.020935675129294395,0.21813789010047913,0.26427292823791504,0.10680749267339706,0.02852967381477356,0.024613484740257263,1,1,1,complete
01-05-02-02-01-15,02-01-05-02-02-01-15,02-01-05-02-02-01-15,data/raw/ravdess/video_speech/Video_Speech_Actor_15/Actor_15/02-01-05-02-02-01-15.mp4,15,train,05,4,angry,02,02,01,02-01-05-02-02-01-15,backfill_actor15,/home/tonyhe/ravdess_avfusion/data/processed/video/backfill_actor15/sequence_embeddings_5f/train/02-01-05-02-02-01-15.npy,5,2048,02-01-05-02-02-01-15,backfill_actor15,5,4,angry,0.22097904980182648,0.013043309561908245,0.023546893149614334,0.11903800070285797,0.4740106165409088,0.09512799978256226,0.03915143013000488,0.01510276086628437,1,1,1,complete
01-05-02-02-02-15,02-01-05-02-02-02-15,02-01-05-02-02-02-15,data/raw/ravdess/video_speech/Video_Speech_Actor_15/Actor_15/02-01-05-02-02-02-15.mp4,15,train,05,4,angry,02,02,02,02-01-05-02-02-02-15,backfill_actor15,/home/tonyhe/ravdess_avfusion/data/processed/video/backfill_actor15/sequence_embeddings_5f/train/02-01-05-02-02-02-15.npy,5,2048,02-01-05-02-02-02-15,backfill_actor15,5,4,angry,0.18498347699642181,0.018247190862894058,0.021490195766091347,0.02811422385275364,0.4977097511291504,0.028200184926390648,0.023320287466049194,0.19793465733528137,1,1,1,complete
01-06-01-01-01-15,02-01-06-01-01-01-15,02-01-06-01-01-01-15,data/raw/ravdess/video_speech/Video_Speech_Actor_15/Actor_15/02-01-06-01-01-01-15.mp4,15,train,06,5,fearful,01,01,01,02-01-06-01-01-01-15,backfill_actor15,/home/tonyhe/ravdess_avfusion/data/processed/video/backfill_actor15/sequence_embeddings_5f/train/02-01-06-01-01-01-15.npy,5,2048,02-01-06-01-01-01-15,backfill_actor15,5,4,angry,0.2419685423374176,0.018318256363272667,0.0349600613117218,0.10874058306217194,0.27797040343284607,0.19312821328639984,0.03061678446829319,0.09429715573787689,1,1,1,complete
01-06-01-01-02-15,02-01-06-01-01-02-15,02-01-06-01-01-02-15,data/raw/ravdess/video_speech/Video_Speech_Actor_15/Actor_15/02-01-06-01-01-02-15.mp4,15,train,06,5,fearful,01,01,02,02-01-06-01-01-02-15,backfill_actor15,/home/tonyhe/ravdess_avfusion/data/processed/video/backfill_actor15/sequence_embeddings_5f/train/02-01-06-01-01-02-15.npy,5,2048,02-01-06-01-01-02-15,backfill_actor15,5,5,fearful,0.03865784406661987,0.015678901225328445,0.02189074084162712,0.06165527552366257,0.0774386078119278,0.747632622718811,0.02642705664038658,0.010618906468153,1,1,1,complete
01-06-01-02-01-15,02-01-06-01-02-01-15,02-01-06-01-02-01-15,data/raw/ravdess/video_speech/Video_Speech_Actor_15/Actor_15/02-01-06-01-02-01-15.mp4,15,train,06,5,fearful,01,02,01,02-01-06-01-02-01-15,backfill_actor15,/home/tonyhe/ravdess_avfusion/data/processed/video/backfill_actor15/sequence_embeddings_5f/train/02-01-06-01-02-01-15.npy,5,2048,02-01-06-01-02-01-15,backfill_actor15,5,5,fearful,0.02183866873383522,0.01634420081973076,0.017692221328616142,0.10056798160076141,0.04536615312099457,0.6969975233078003,0.029866013675928116,0.07132725417613983,1,1,1,complete
01-06-01-02-02-15,02-01-06-01-02-02-15,02-01-06-01-02-02-15,data/raw/ravdess/video_speech/Video_Speech_Actor_15/Actor_15/02-01-06-01-02-02-15.mp4,15,train,06,5,fearful,01,02,02,02-01-06-01-02-02-15,backfill_actor15,/home/tonyhe/ravdess_avfusion/data/processed/video/backfill_actor15/sequence_embeddings_5f/train/02-01-06-01-02-02-15.npy,5,2048,02-01-06-01-02-02-15,backfill_actor15,5,5,fearful,0.022311225533485413,0.130670964717865,0.018845340237021446,0.03934871032834053,0.04436786472797394,0.7081547975540161,0.025962237268686295,0.01033882237970829,1,1,1,complete
01-06-02-01-01-15,02-01-06-02-01-01-15,02-01-06-02-01-01-15,data/raw/ravdess/video_speech/Video_Speech_Actor_15/Actor_15/02-01-06-02-01-01-15.mp4,15,train,06,5,fearful,02,01,01,02-01-06-02-01-01-15,backfill_actor15,/home/tonyhe/ravdess_avfusion/data/processed/video/backfill_actor15/sequence_embeddings_5f/train/02-01-06-02-01-01-15.npy,5,2048,02-01-06-02-01-01-15,backfill_actor15,5,5,fearful,0.044130682945251465,0.015546627342700958,0.017156170681118965,0.31322765350341797,0.047146108001470566,0.5104814767837524,0.021075302734971046,0.03123602643609047,1,1,1,complete
01-06-02-01-02-15,02-01-06-02-01-02-15,02-01-06-02-01-02-15,data/raw/ravdess/video_speech/Video_Speech_Actor_15/Actor_15/02-01-06-02-01-02-15.mp4,15,train,06,5,fearful,02,01,02,02-01-06-02-01-02-15,backfill_actor15,/home/tonyhe/ravdess_avfusion/data/processed/video/backfill_actor15/sequence_embeddings_5f/train/02-01-06-02-01-02-15.npy,5,2048,02-01-06-02-01-02-15,backfill_actor15,5,5,fearful,0.028951862826943398,0.01193607971072197,0.015838775783777237,0.04912744089961052,0.05715516209602356,0.798970639705658,0.024538401514291763,0.013481584377586842,1,1,1,complete
01-06-02-02-01-15,02-01-06-02-02-01-15,02-01-06-02-02-01-15,data/raw/ravdess/video_speech/Video_Speech_Actor_15/Actor_15/02-01-06-02-02-01-15.mp4,15,train,06,5,fearful,02,02,01,02-01-06-02-02-01-15,backfill_actor15,/home/tonyhe/ravdess_avfusion/data/processed/video/backfill_actor15/sequence_embeddings_5f/train/02-01-06-02-02-01-15.npy,5,2048,02-01-06-02-02-01-15,backfill_actor15,5,5,fearful,0.07774949073791504,0.022164132446050644,0.02236895263195038,0.18359141051769257,0.14657559990882874,0.4950787425041199,0.03918910399079323,0.013282549567520618,1,1,1,complete
01-06-02-02-02-15,02-01-06-02-02-02-15,02-01-06-02-02-02-15,data/raw/ravdess/video_speech/Video_Speech_Actor_15/Actor_15/02-01-06-02-02-02-15.mp4,15,train,06,5,fearful,02,02,02,02-01-06-02-02-02-15,backfill_actor15,/home/tonyhe/ravdess_avfusion/data/processed/video/backfill_actor15/sequence_embeddings_5f/train/02-01-06-02-02-02-15.npy,5,2048,02-01-06-02-02-02-15,backfill_actor15,5,5,fearful,0.06021767854690552,0.030039260163903236,0.029755353927612305,0.08088748157024384,0.1537756323814392,0.489865243434906,0.03278536722064018,0.12267398834228516,1,1,1,complete
01-07-01-01-01-15,02-01-07-01-01-01-15,02-01-07-01-01-01-15,data/raw/ravdess/video_speech/Video_Speech_Actor_15/Actor_15/02-01-07-01-01-01-15.mp4,15,train,07,6,disgust,01,01,01,02-01-07-01-01-01-15,backfill_actor15,/home/tonyhe/ravdess_avfusion/data/processed/video/backfill_actor15/sequence_embeddings_5f/train/02-01-07-01-01-01-15.npy,5,2048,02-01-07-01-01-01-15,backfill_actor15,5,6,disgust,0.023765087127685547,0.052789945155382156,0.038654688745737076,0.19909846782684326,0.03171798959374428,0.16148242354393005,0.44251155853271484,0.04997977614402771,1,1,1,complete
01-07-01-01-02-15,02-01-07-01-01-02-15,02-01-07-01-01-02-15,data/raw/ravdess/video_speech/Video_Speech_Actor_15/Actor_15/02-01-07-01-01-02-15.mp4,15,train,07,6,disgust,01,01,02,02-01-07-01-01-02-15,backfill_actor15,/home/tonyhe/ravdess_avfusion/data/processed/video/backfill_actor15/sequence_embeddings_5f/train/02-01-07-01-01-02-15.npy,5,2048,02-01-07-01-01-02-15,backfill_actor15,5,6,disgust,0.011677936650812626,0.006773115135729313,0.009375417605042458,0.02586284838616848,0.03605995699763298,0.0074652754701673985,0.8984814882278442,0.004304074682295322,1,1,1,complete
01-07-01-02-01-15,02-01-07-01-02-01-15,02-01-07-01-02-01-15,data/raw/ravdess/video_speech/Video_Speech_Actor_15/Actor_15/02-01-07-01-02-01-15.mp4,15,train,07,6,disgust,01,02,01,02-01-07-01-02-01-15,backfill_actor15,/home/tonyhe/ravdess_avfusion/data/processed/video/backfill_actor15/sequence_embeddings_5f/train/02-01-07-01-02-01-15.npy,5,2048,02-01-07-01-02-01-15,backfill_actor15,5,6,disgust,0.007228056434541941,0.006126978434622288,0.006610371172428131,0.1833638846874237,0.19462049007415771,0.00710327411070466,0.5913040637969971,0.0036428533494472504,1,1,1,complete
01-07-01-02-02-15,02-01-07-01-02-02-15,02-01-07-01-02-02-15,data/raw/ravdess/video_speech/Video_Speech_Actor_15/Actor_15/02-01-07-01-02-02-15.mp4,15,train,07,6,disgust,01,02,02,02-01-07-01-02-02-15,backfill_actor15,/home/tonyhe/ravdess_avfusion/data/processed/video/backfill_actor15/sequence_embeddings_5f/train/02-01-07-01-02-02-15.npy,5,2048,02-01-07-01-02-02-15,backfill_actor15,5,1,calm,0.0216330848634243,0.2266145944595337,0.023464385420084,0.1170218363404274,0.190464586019516,0.1936987340450287,0.21249182522296906,0.014610965736210346,1,1,1,complete
01-07-02-01-01-15,02-01-07-02-01-01-15,02-01-07-02-01-01-15,data/raw/ravdess/video_speech/Video_Speech_Actor_15/Actor_15/02-01-07-02-01-01-15.mp4,15,train,07,6,disgust,02,01,01,02-01-07-02-01-01-15,backfill_actor15,/home/tonyhe/ravdess_avfusion/data/processed/video/backfill_actor15/sequence_embeddings_5f/train/02-01-07-02-01-01-15.npy,5,2048,02-01-07-02-01-01-15,backfill_actor15,5,6,disgust,0.017235388979315758,0.18288826942443848,0.012121730484068394,0.183926060795784,0.016473839059472084,0.18719476461410522,0.20283107459545135,0.19732894003391266,1,1,1,complete
01-07-02-01-02-15,02-01-07-02-01-02-15,02-01-07-02-01-02-15,data/raw/ravdess/video_speech/Video_Speech_Actor_15/Actor_15/02-01-07-02-01-02-15.mp4,15,train,07,6,disgust,02,01,02,02-01-07-02-01-02-15,backfill_actor15,/home/tonyhe/ravdess_avfusion/data/processed/video/backfill_actor15/sequence_embeddings_5f/train/02-01-07-02-01-02-15.npy,5,2048,02-01-07-02-01-02-15,backfill_actor15,5,6,disgust,0.04068403318524361,0.06369274854660034,0.04569368436932564,0.13276079297065735,0.2442200928926468,0.04816444590687752,0.40011700987815857,0.02466718479990959,1,1,1,complete
01-07-02-02-01-15,02-01-07-02-02-01-15,02-01-07-02-02-01-15,data/raw/ravdess/video_speech/Video_Speech_Actor_15/Actor_15/02-01-07-02-02-01-15.mp4,15,train,07,6,disgust,02,02,01,02-01-07-02-02-01-15,backfill_actor15,/home/tonyhe/ravdess_avfusion/data/processed/video/backfill_actor15/sequence_embeddings_5f/train/02-01-07-02-02-01-15.npy,5,2048,02-01-07-02-02-01-15,backfill_actor15,5,6,disgust,0.10049112886190414,0.04063733294606209,0.02780289575457573,0.2177790105342865,0.03856152296066284,0.08515425026416779,0.4574938714504242,0.03207992762327194,1,1,1,complete
01-07-02-02-02-15,02-01-07-02-02-02-15,02-01-07-02-02-02-15,data/raw/ravdess/video_speech/Video_Speech_Actor_15/Actor_15/02-01-07-02-02-02-15.mp4,15,train,07,6,disgust,02,02,02,02-01-07-02-02-02-15,backfill_actor15,/home/tonyhe/ravdess_avfusion/data/processed/video/backfill_actor15/sequence_embeddings_5f/train/02-01-07-02-02-02-15.npy,5,2048,02-01-07-02-02-02-15,backfill_actor15,5,3,sad,0.021135736256837845,0.013539778999984264,0.0503576286137104,0.3107675611972809,0.06479702889919281,0.2462024688720703,0.28338855504989624,0.009811243042349815,1,1,1,complete
01-08-01-01-01-15,02-01-08-01-01-01-15,02-01-08-01-01-01-15,data/raw/ravdess/video_speech/Video_Speech_Actor_15/Actor_15/02-01-08-01-01-01-15.mp4,15,train,08,7,surprise,01,01,01,02-01-08-01-01-01-15,backfill_actor15,/home/tonyhe/ravdess_avfusion/data/processed/video/backfill_actor15/sequence_embeddings_5f/train/02-01-08-01-01-01-15.npy,5,2048,02-01-08-01-01-01-15,backfill_actor15,5,2,happy,0.3664558231830597,0.07889138162136078,0.3897523283958435,0.08251770585775375,0.021412130445241928,0.01081078965216875,0.03355724364519119,0.01660260744392872,1,1,1,complete
01-08-01-01-02-15,02-01-08-01-01-02-15,02-01-08-01-01-02-15,data/raw/ravdess/video_speech/Video_Speech_Actor_15/Actor_15/02-01-08-01-01-02-15.mp4,15,train,08,7,surprise,01,01,02,02-01-08-01-01-02-15,backfill_actor15,/home/tonyhe/ravdess_avfusion/data/processed/video/backfill_actor15/sequence_embeddings_5f/train/02-01-08-01-01-02-15.npy,5,2048,02-01-08-01-01-02-15,backfill_actor15,5,1,calm,0.2470390349626541,0.2777554392814636,0.10555849224328995,0.25216758251190186,0.022636529058218002,0.011341901496052742,0.056574415415525436,0.026926632970571518,1,1,1,complete
01-08-01-02-01-15,02-01-08-01-02-01-15,02-01-08-01-02-01-15,data/raw/ravdess/video_speech/Video_Speech_Actor_15/Actor_15/02-01-08-01-02-01-15.mp4,15,train,08,7,surprise,01,02,01,02-01-08-01-02-01-15,backfill_actor15,/home/tonyhe/ravdess_avfusion/data/processed/video/backfill_actor15/sequence_embeddings_5f/train/02-01-08-01-02-01-15.npy,5,2048,02-01-08-01-02-01-15,backfill_actor15,5,2,happy,0.21323785185813904,0.15472100675106049,0.23738479614257812,0.1330430507659912,0.11574774980545044,0.017918389290571213,0.10274331271648407,0.025203850120306015,1,1,1,complete
01-08-01-02-02-15,02-01-08-01-02-02-15,02-01-08-01-02-02-15,data/raw/ravdess/video_speech/Video_Speech_Actor_15/Actor_15/02-01-08-01-02-02-15.mp4,15,train,08,7,surprise,01,02,02,02-01-08-01-02-02-15,backfill_actor15,/home/tonyhe/ravdess_avfusion/data/processed/video/backfill_actor15/sequence_embeddings_5f/train/02-01-08-01-02-02-15.npy,5,2048,02-01-08-01-02-02-15,backfill_actor15,5,3,sad,0.045100968331098557,0.1264602541923523,0.13319334387779236,0.5816471576690674,0.018517442047595978,0.007924331352114677,0.05284551903605461,0.034310951828956604,1,1,1,complete
01-08-02-01-01-15,02-01-08-02-01-01-15,02-01-08-02-01-01-15,data/raw/ravdess/video_speech/Video_Speech_Actor_15/Actor_15/02-01-08-02-01-01-15.mp4,15,train,08,7,surprise,02,01,01,02-01-08-02-01-01-15,backfill_actor15,/home/tonyhe/ravdess_avfusion/data/processed/video/backfill_actor15/sequence_embeddings_5f/train/02-01-08-02-01-01-15.npy,5,2048,02-01-08-02-01-01-15,backfill_actor15,5,2,happy,0.20996563136577606,0.023180030286312103,0.37386438250541687,0.02142193354666233,0.02683802880346775,0.029889117926359177,0.020789915695786476,0.2940509617328644,1,1,1,complete
01-08-02-01-02-15,02-01-08-02-01-02-15,02-01-08-02-01-02-15,data/raw/ravdess/video_speech/Video_Speech_Actor_15/Actor_15/02-01-08-02-01-02-15.mp4,15,train,08,7,surprise,02,01,02,02-01-08-02-01-02-15,backfill_actor15,/home/tonyhe/ravdess_avfusion/data/processed/video/backfill_actor15/sequence_embeddings_5f/train/02-01-08-02-01-02-15.npy,5,2048,02-01-08-02-01-02-15,backfill_actor15,5,2,happy,0.31354671716690063,0.04219929128885269,0.4532832205295563,0.1022416204214096,0.017771387472748756,0.010452622547745705,0.02453279122710228,0.035972367972135544,1,1,1,complete
01-08-02-02-01-15,02-01-08-02-02-01-15,02-01-08-02-02-01-15,data/raw/ravdess/video_speech/Video_Speech_Actor_15/Actor_15/02-01-08-02-02-01-15.mp4,15,train,08,7,surprise,02,02,01,02-01-08-02-02-01-15,backfill_actor15,/home/tonyhe/ravdess_avfusion/data/processed/video/backfill_actor15/sequence_embeddings_5f/train/02-01-08-02-02-01-15.npy,5,2048,02-01-08-02-02-01-15,backfill_actor15,5,0,neutral,0.35221925377845764,0.03928126022219658,0.2725970149040222,0.1861802637577057,0.019093334674835205,0.02136991359293461,0.03874439746141434,0.07051453739404678,1,1,1,complete
01-08-02-02-02-15,02-01-08-02-02-02-15,02-01-08-02-02-02-15,data/raw/ravdess/video_speech/Video_Speech_Actor_15/Actor_15/02-01-08-02-02-02-15.mp4,15,train,08,7,surprise,02,02,02,02-01-08-02-02-02-15,backfill_actor15,/home/tonyhe/ravdess_avfusion/data/processed/video/backfill_actor15/sequence_embeddings_5f/train/02-01-08-02-02-02-15.npy,5,2048,02-01-08-02-02-02-15,backfill_actor15,5,2,happy,0.07397386431694031,0.029435869306325912,0.4270078241825104,0.3957507610321045,0.013287286274135113,0.00953732617199421,0.02905232273042202,0.02195480465888977,1,1,1,complete
01-01-01-01-01-16,02-01-01-01-01-01-16,02-01-01-01-01-01-16,data/raw/ravdess/video_speech/Video_Speech_Actor_16/Actor_16/02-01-01-01-01-01-16.mp4,16,train,01,0,neutral,01,01,01,02-01-01-01-01-01-16,canonical_02,/home/tonyhe/ravdess_avfusion/external/video_face_branch/early_fusion_facial_v2/fusion_pack_5f/sequences/02-01-01-01-01-01-16.npy,5,2048,02-01-01-01-01-01-16,canonical_02,5,0,neutral,0.9620703816413879,0.005270834174007177,0.005112791154533625,0.004715264216065407,0.005003624642267823,0.00528687285259366,0.006163809727877378,0.006376387132331729,1,1,1,complete
01-01-01-01-02-16,02-01-01-01-01-02-16,02-01-01-01-01-02-16,data/raw/ravdess/video_speech/Video_Speech_Actor_16/Actor_16/02-01-01-01-01-02-16.mp4,16,train,01,0,neutral,01,01,02,02-01-01-01-01-02-16,canonical_02,/home/tonyhe/ravdess_avfusion/external/video_face_branch/early_fusion_facial_v2/fusion_pack_5f/sequences/02-01-01-01-01-02-16.npy,5,2048,02-01-01-01-01-02-16,canonical_02,5,0,neutral,0.9596487283706665,0.00541530167683959,0.00600967351347208,0.0050996077246963974,0.004746233206242323,0.005295808799564839,0.006786577869206667,0.0069980636239051815,1,1,1,complete
01-01-01-02-01-16,02-01-01-01-02-01-16,02-01-01-01-02-01-16,data/raw/ravdess/video_speech/Video_Speech_Actor_16/Actor_16/02-01-01-01-02-01-16.mp4,16,train,01,0,neutral,01,02,01,02-01-01-01-02-01-16,canonical_02,/home/tonyhe/ravdess_avfusion/external/video_face_branch/early_fusion_facial_v2/fusion_pack_5f/sequences/02-01-01-01-02-01-16.npy,5,2048,02-01-01-01-02-01-16,canonical_02,5,0,neutral,0.9592913389205933,0.0060498942621052265,0.004968156479299069,0.007845941837877035,0.004128597583621741,0.004731769347563386,0.006993447430431843,0.0059908943250775335,1,1,1,complete
01-01-01-02-02-16,02-01-01-01-02-02-16,02-01-01-01-02-02-16,data/raw/ravdess/video_speech/Video_Speech_Actor_16/Actor_16/02-01-01-01-02-02-16.mp4,16,train,01,0,neutral,01,02,02,02-01-01-01-02-02-16,canonical_02,/home/tonyhe/ravdess_avfusion/external/video_face_branch/early_fusion_facial_v2/fusion_pack_5f/sequences/02-01-01-01-02-02-16.npy,5,2048,02-01-01-01-02-02-16,canonical_02,5,0,neutral,0.9519818544387817,0.006651030946522951,0.00714801624417305,0.00594912744127214,0.0060284043662250045,0.005990545172244311,0.007347038295120001,0.008904017135500908,1,1,1,complete
01-02-01-01-01-16,02-01-02-01-01-01-16,02-01-02-01-01-01-16,data/raw/ravdess/video_speech/Video_Speech_Actor_16/Actor_16/02-01-02-01-01-01-16.mp4,16,train,02,1,calm,01,01,01,02-01-02-01-01-01-16,canonical_02,/home/tonyhe/ravdess_avfusion/external/video_face_branch/early_fusion_facial_v2/fusion_pack_5f/sequences/02-01-02-01-01-01-16.npy,5,2048,02-01-02-01-01-01-16,canonical_02,5,1,calm,0.03384722992777824,0.8857540488243103,0.014164563082158566,0.013636983931064606,0.011496094800531865,0.011071081459522247,0.014743136614561081,0.015286864526569844,1,1,1,complete
01-02-01-01-02-16,02-01-02-01-01-02-16,02-01-02-01-01-02-16,data/raw/ravdess/video_speech/Video_Speech_Actor_16/Actor_16/02-01-02-01-01-02-16.mp4,16,train,02,1,calm,01,01,02,02-01-02-01-01-02-16,canonical_02,/home/tonyhe/ravdess_avfusion/external/video_face_branch/early_fusion_facial_v2/fusion_pack_5f/sequences/02-01-02-01-01-02-16.npy,5,2048,02-01-02-01-01-02-16,canonical_02,5,1,calm,0.02727495729923248,0.8957992315292358,0.009819189924746752,0.011545518413186073,0.012916413880884648,0.012108557671308518,0.01632152944803238,0.014214583486318589,1,1,1,complete
01-02-01-02-01-16,02-01-02-01-02-01-16,02-01-02-01-02-01-16,data/raw/ravdess/video_speech/Video_Speech_Actor_16/Actor_16/02-01-02-01-02-01-16.mp4,16,train,02,1,calm,01,02,01,02-01-02-01-02-01-16,canonical_02,/home/tonyhe/ravdess_avfusion/external/video_face_branch/early_fusion_facial_v2/fusion_pack_5f/sequences/02-01-02-01-02-01-16.npy,5,2048,02-01-02-01-02-01-16,canonical_02,5,1,calm,0.0775346528738737,0.8392500162124634,0.011353831738233566,0.01486382782459259,0.01361134359613061,0.014143281336873769,0.014211841672658921,0.01503115501254797,1,1,1,complete
01-02-01-02-02-16,02-01-02-01-02-02-16,02-01-02-01-02-02-16,data/raw/ravdess/video_speech/Video_Speech_Actor_16/Actor_16/02-01-02-01-02-02-16.mp4,16,train,02,1,calm,01,02,02,02-01-02-01-02-02-16,canonical_02,/home/tonyhe/ravdess_avfusion/external/video_face_branch/early_fusion_facial_v2/fusion_pack_5f/sequences/02-01-02-01-02-02-16.npy,5,2048,02-01-02-01-02-02-16,canonical_02,5,1,calm,0.13237285166978835,0.7703205227851868,0.014013782981783152,0.016355246491730212,0.015573305264115333,0.01401656335219741,0.021077436208724976,0.016270256787538528,1,1,1,complete
01-02-02-01-01-16,02-01-02-02-01-01-16,02-01-02-02-01-01-16,data/raw/ravdess/video_speech/Video_Speech_Actor_16/Actor_16/02-01-02-02-01-01-16.mp4,16,train,02,1,calm,02,01,01,02-01-02-02-01-01-16,canonical_02,/home/tonyhe/ravdess_avfusion/external/video_face_branch/early_fusion_facial_v2/fusion_pack_5f/sequences/02-01-02-02-01-01-16.npy,5,2048,02-01-02-02-01-01-16,canonical_02,5,1,calm,0.02809222526848316,0.8921956181526184,0.01101989932358265,0.012291502766311168,0.0136670446023345,0.011648518964648247,0.016337665542960168,0.014747525565326214,1,1,1,complete
01-02-02-01-02-16,02-01-02-02-01-02-16,02-01-02-02-01-02-16,data/raw/ravdess/video_speech/Video_Speech_Actor_16/Actor_16/02-01-02-02-01-02-16.mp4,16,train,02,1,calm,02,01,02,02-01-02-02-01-02-16,canonical_02,/home/tonyhe/ravdess_avfusion/external/video_face_branch/early_fusion_facial_v2/fusion_pack_5f/sequences/02-01-02-02-01-02-16.npy,5,2048,02-01-02-02-01-02-16,canonical_02,5,1,calm,0.03239499181509018,0.8804458379745483,0.014291928708553314,0.013239358924329281,0.014465981721878051,0.01334769707173109,0.016936494410037993,0.014877705462276935,1,1,1,complete
01-02-02-02-01-16,02-01-02-02-02-01-16,02-01-02-02-02-01-16,data/raw/ravdess/video_speech/Video_Speech_Actor_16/Actor_16/02-01-02-02-02-01-16.mp4,16,train,02,1,calm,02,02,01,02-01-02-02-02-01-16,canonical_02,/home/tonyhe/ravdess_avfusion/external/video_face_branch/early_fusion_facial_v2/fusion_pack_5f/sequences/02-01-02-02-02-01-16.npy,5,2048,02-01-02-02-02-01-16,canonical_02,5,1,calm,0.03350889720022678,0.8786201238632202,0.011249104887247086,0.016237732581794263,0.015512375347316264,0.01309062521904707,0.01735115721821785,0.014429970830678939,1,1,1,complete
01-02-02-02-02-16,02-01-02-02-02-02-16,02-01-02-02-02-02-16,data/raw/ravdess/video_speech/Video_Speech_Actor_16/Actor_16/02-01-02-02-02-02-16.mp4,16,train,02,1,calm,02,02,02,02-01-02-02-02-02-16,canonical_02,/home/tonyhe/ravdess_avfusion/external/video_face_branch/early_fusion_facial_v2/fusion_pack_5f/sequences/02-01-02-02-02-02-16.npy,5,2048,02-01-02-02-02-02-16,canonical_02,5,1,calm,0.024869305640459062,0.887514853477478,0.011568671930581332,0.024023466184735297,0.013849516585469245,0.011231635510921479,0.01522311232984066,0.011719421669840812,1,1,1,complete
01-03-01-01-01-16,02-01-03-01-01-01-16,02-01-03-01-01-01-16,data/raw/ravdess/video_speech/Video_Speech_Actor_16/Actor_16/02-01-03-01-01-01-16.mp4,16,train,03,2,happy,01,01,01,02-01-03-01-01-01-16,canonical_02,/home/tonyhe/ravdess_avfusion/external/video_face_branch/early_fusion_facial_v2/fusion_pack_5f/sequences/02-01-03-01-01-01-16.npy,5,2048,02-01-03-01-01-01-16,canonical_02,5,2,happy,0.020936853624880312,0.032775364071130755,0.8943601369857788,0.01102017629891634,0.00864551980048418,0.010500033665448428,0.012363049015402795,0.009398858528584242,1,1,1,complete
01-03-01-01-02-16,02-01-03-01-01-02-16,02-01-03-01-01-02-16,data/raw/ravdess/video_speech/Video_Speech_Actor_16/Actor_16/02-01-03-01-01-02-16.mp4,16,train,03,2,happy,01,01,02,02-01-03-01-01-02-16,canonical_02,/home/tonyhe/ravdess_avfusion/external/video_face_branch/early_fusion_facial_v2/fusion_pack_5f/sequences/02-01-03-01-01-02-16.npy,5,2048,02-01-03-01-01-02-16,canonical_02,5,2,happy,0.019976054877042772,0.20319172479212283,0.7266619570553303,0.009937270171940326,0.007923726551234722,0.010839620605111122,0.011393023654818535,0.010076645761728287,1,1,1,complete
01-03-01-02-01-16,02-01-03-01-02-01-16,02-01-03-01-02-01-16,data/raw/ravdess/video_speech/Video_Speech_Actor_16/Actor_16/02-01-03-01-02-01-16.mp4,16,train,03,2,happy,01,02,01,02-01-03-01-02-01-16,canonical_02,/home/tonyhe/ravdess_avfusion/external/video_face_branch/early_fusion_facial_v2/fusion_pack_5f/sequences/02-01-03-01-02-01-16.npy,5,2048,02-01-03-01-02-01-16,canonical_02,5,2,happy,0.022628193907439708,0.0811344662681222,0.8429543375968933,0.011248491797596216,0.00960838282480836,0.009662020485848188,0.01256412211805582,0.010199963860213757,1,1,1,complete
01-03-01-02-02-16,02-01-03-01-02-02-16,02-01-03-01-02-02-16,data/raw/ravdess/video_speech/Video_Speech_Actor_16/Actor_16/02-01-03-01-02-02-16.mp4,16,train,03,2,happy,01,02,02,02-01-03-01-02-02-16,canonical_02,/home/tonyhe/ravdess_avfusion/external/video_face_branch/early_fusion_facial_v2/fusion_pack_5f/sequences/02-01-03-01-02-02-16.npy,5,2048,02-01-03-01-02-02-16,canonical_02,5,2,happy,0.02105642780661583,0.037588540464639664,0.8851062893867493,0.011972991656512022,0.009414133802056312,0.011413033027201891,0.01151316175237298,0.011935439426451921,1,1,1,complete
01-03-02-01-01-16,02-01-03-02-01-01-16,02-01-03-02-01-01-16,data/raw/ravdess/video_speech/Video_Speech_Actor_16/Actor_16/02-01-03-02-01-01-16.mp4,16,train,03,2,happy,02,01,01,02-01-03-02-01-01-16,canonical_02,/home/tonyhe/ravdess_avfusion/external/video_face_branch/early_fusion_facial_v2/fusion_pack_5f/sequences/02-01-03-02-01-01-16.npy,5,2048,02-01-03-02-01-01-16,canonical_02,5,2,happy,0.02206723056733608,0.01941869705915451,0.9069531202316284,0.010283406171947718,0.009898408688604832,0.010453838296234608,0.01120542585849762,0.009719922207295895,1,1,1,complete
01-03-02-01-02-16,02-01-03-02-01-02-16,02-01-03-02-01-02-16,data/raw/ravdess/video_speech/Video_Speech_Actor_16/Actor_16/02-01-03-02-01-02-16.mp4,16,train,03,2,happy,02,01,02,02-01-03-02-01-02-16,canonical_02,/home/tonyhe/ravdess_avfusion/external/video_face_branch/early_fusion_facial_v2/fusion_pack_5f/sequences/02-01-03-02-01-02-16.npy,5,2048,02-01-03-02-01-02-16,canonical_02,5,2,happy,0.020184829831123352,0.012539258040487767,0.9102428317070007,0.009401754848659039,0.010104262921959161,0.01130702681839466,0.01553171370178461,0.01068832352757454,1,1,1,complete
01-03-02-02-01-16,02-01-03-02-02-01-16,02-01-03-02-02-01-16,data/raw/ravdess/video_speech/Video_Speech_Actor_16/Actor_16/02-01-03-02-02-01-16.mp4,16,train,03,2,happy,02,02,01,02-01-03-02-02-01-16,canonical_02,/home/tonyhe/ravdess_avfusion/external/video_face_branch/early_fusion_facial_v2/fusion_pack_5f/sequences/02-01-03-02-02-01-16.npy,5,2048,02-01-03-02-02-01-16,canonical_02,5,2,happy,0.021986559219658374,0.023484879266470672,0.8999218583106995,0.011483325436711312,0.01050521433353424,0.011534315533936024,0.011465206742286682,0.00961863324046135,1,1,1,complete
01-03-02-02-02-16,02-01-03-02-02-02-16,02-01-03-02-02-02-16,data/raw/ravdess/video_speech/Video_Speech_Actor_16/Actor_16/02-01-03-02-02-02-16.mp4,16,train,03,2,happy,02,02,02,02-01-03-02-02-02-16,canonical_02,/home/tonyhe/ravdess_avfusion/external/video_face_branch/early_fusion_facial_v2/fusion_pack_5f/sequences/02-01-03-02-02-02-16.npy,5,2048,02-01-03-02-02-02-16,canonical_02,5,2,happy,0.017492956295609475,0.01242581633850932,0.9220826029777527,0.008812977466732264,0.008703624177724124,0.009224944002926349,0.011448671948164702,0.009808418061584234,1,1,1,complete
01-04-01-01-01-16,02-01-04-01-01-01-16,02-01-04-01-01-01-16,data/raw/ravdess/video_speech/Video_Speech_Actor_16/Actor_16/02-01-04-01-01-01-16.mp4,16,train,04,3,sad,01,01,01,02-01-04-01-01-01-16,canonical_02,/home/tonyhe/ravdess_avfusion/external/video_face_branch/early_fusion_facial_v2/fusion_pack_5f/sequences/02-01-04-01-01-01-16.npy,5,2048,02-01-04-01-01-01-16,canonical_02,5,3,sad,0.024403178319334983,0.013345478568226099,0.009782707318663597,0.9122553825378418,0.00895905918441713,0.007144204247742892,0.012385087460279465,0.011724897474050523,1,1,1,complete
01-04-01-01-02-16,02-01-04-01-01-02-16,02-01-04-01-01-02-16,data/raw/ravdess/video_speech/Video_Speech_Actor_16/Actor_16/02-01-04-01-01-02-16.mp4,16,train,04,3,sad,01,01,02,02-01-04-01-01-02-16,canonical_02,/home/tonyhe/ravdess_avfusion/external/video_face_branch/early_fusion_facial_v2/fusion_pack_5f/sequences/02-01-04-01-01-02-16.npy,5,2048,02-01-04-01-01-02-16,canonical_02,5,3,sad,0.02283981889486313,0.0112742455676198,0.010819958709180354,0.9018117547035217,0.010925364680588245,0.008687460329383612,0.01486568506807089,0.01877569854259491,1,1,1,complete
01-04-01-02-01-16,02-01-04-01-02-01-16,02-01-04-01-02-01-16,data/raw/ravdess/video_speech/Video_Speech_Actor_16/Actor_16/02-01-04-01-02-01-16.mp4,16,train,04,3,sad,01,02,01,02-01-04-01-02-01-16,canonical_02,/home/tonyhe/ravdess_avfusion/external/video_face_branch/early_fusion_facial_v2/fusion_pack_5f/sequences/02-01-04-01-02-01-16.npy,5,2048,02-01-04-01-02-01-16,canonical_02,5,3,sad,0.028844229876995087,0.032646515592932704,0.010855094343423844,0.8802701473236084,0.012259425036609173,0.006897555291652679,0.014372875727713109,0.013854199834167958,1,1,1,complete
01-04-01-02-02-16,02-01-04-01-02-02-16,02-01-04-01-02-02-16,data/raw/ravdess/video_speech/Video_Speech_Actor_16/Actor_16/02-01-04-01-02-02-16.mp4,16,train,04,3,sad,01,02,02,02-01-04-01-02-02-16,canonical_02,/home/tonyhe/ravdess_avfusion/external/video_face_branch/early_fusion_facial_v2/fusion_pack_5f/sequences/02-01-04-01-02-02-16.npy,5,2048,02-01-04-01-02-02-16,canonical_02,5,3,sad,0.02270394004881382,0.010632175114005804,0.010374121740460396,0.9065783977508545,0.011492244154214858,0.01071101063862443,0.013350209034979344,0.01415792815387249,1,1,1,complete
01-04-02-01-01-16,02-01-04-02-01-01-16,02-01-04-02-01-01-16,data/raw/ravdess/video_speech/Video_Speech_Actor_16/Actor_16/02-01-04-02-01-01-16.mp4,16,train,04,3,sad,02,01,01,02-01-04-02-01-01-16,canonical_02,/home/tonyhe/ravdess_avfusion/external/video_face_branch/early_fusion_facial_v2/fusion_pack_5f/sequences/02-01-04-02-01-01-16.npy,5,2048,02-01-04-02-01-01-16,canonical_02,5,3,sad,0.029247529059648513,0.01165296696126461,0.014295524917542934,0.8895996689796448,0.01333298608660698,0.010992533154785633,0.0182544419541955,0.012624346464872361,1,1,1,complete
01-04-02-01-02-16,02-01-04-02-01-02-16,02-01-04-02-01-02-16,data/raw/ravdess/video_speech/Video_Speech_Actor_16/Actor_16/02-01-04-02-01-02-16.mp4,16,train,04,3,sad,02,01,02,02-01-04-02-01-02-16,canonical_02,/home/tonyhe/ravdess_avfusion/external/video_face_branch/early_fusion_facial_v2/fusion_pack_5f/sequences/02-01-04-02-01-02-16.npy,5,2048,02-01-04-02-01-02-16,canonical_02,5,3,sad,0.025197285413742065,0.010118101537227631,0.011519912071526051,0.9019002079963684,0.013146326504647731,0.010324434749782086,0.01533717904239893,0.01245653945952654,1,1,1,complete
01-04-02-02-01-16,02-01-04-02-02-01-16,02-01-04-02-02-01-16,data/raw/ravdess/video_speech/Video_Speech_Actor_16/Actor_16/02-01-04-02-02-01-16.mp4,16,train,04,3,sad,02,02,01,02-01-04-02-02-01-16,canonical_02,/home/tonyhe/ravdess_avfusion/external/video_face_branch/early_fusion_facial_v2/fusion_pack_5f/sequences/02-01-04-02-02-01-16.npy,5,2048,02-01-04-02-02-01-16,canonical_02,5,3,sad,0.02394389994442463,0.009594951570034028,0.01155065130442381,0.9104817390441895,0.011924345046281815,0.007633279077708721,0.012547263689339162,0.012323860824108124,1,1,1,complete
01-04-02-02-02-16,02-01-04-02-02-02-16,02-01-04-02-02-02-16,data/raw/ravdess/video_speech/Video_Speech_Actor_16/Actor_16/02-01-04-02-02-02-16.mp4,16,train,04,3,sad,02,02,02,02-01-04-02-02-02-16,canonical_02,/home/tonyhe/ravdess_avfusion/external/video_face_branch/early_fusion_facial_v2/fusion_pack_5f/sequences/02-01-04-02-02-02-16.npy,5,2048,02-01-04-02-02-02-16,canonical_02,5,3,sad,0.025747748091816902,0.012154189497232437,0.012733836192637682,0.8994518399238587,0.012986172363162041,0.009167808014899493,0.016527800634503365,0.011230637412518263,1,1,1,complete
01-05-01-01-01-16,02-01-05-01-01-01-16,02-01-05-01-01-01-16,data/raw/ravdess/video_speech/Video_Speech_Actor_16/Actor_16/02-01-05-01-01-01-16.mp4,16,train,05,4,angry,01,01,01,02-01-05-01-01-01-16,canonical_02,/home/tonyhe/ravdess_avfusion/external/video_face_branch/early_fusion_facial_v2/fusion_pack_5f/sequences/02-01-05-01-01-01-16.npy,5,2048,02-01-05-01-01-01-16,canonical_02,5,4,angry,0.026553733833134176,0.010101592913269997,0.009093266632407903,0.005906595569103956,0.9242105841636657,0.007709965575486422,0.007613023882731796,0.008811254147440195,1,1,1,complete
01-05-01-01-02-16,02-01-05-01-01-02-16,02-01-05-01-01-02-16,data/raw/ravdess/video_speech/Video_Speech_Actor_16/Actor_16/02-01-05-01-01-02-16.mp4,16,train,05,4,angry,01,01,02,02-01-05-01-01-02-16,canonical_02,/home/tonyhe/ravdess_avfusion/external/video_face_branch/early_fusion_facial_v2/fusion_pack_5f/sequences/02-01-05-01-01-02-16.npy,5,2048,02-01-05-01-01-02-16,canonical_02,5,4,angry,0.036525880172848704,0.011824355646967887,0.011310636438429356,0.008784567005932331,0.9034029006958008,0.008943329192698002,0.010293488018214702,0.008914871886372567,1,1,1,complete
01-05-01-02-01-16,02-01-05-01-02-01-16,02-01-05-01-02-01-16,data/raw/ravdess/video_speech/Video_Speech_Actor_16/Actor_16/02-01-05-01-02-01-16.mp4,16,train,05,4,angry,01,02,01,02-01-05-01-02-01-16,canonical_02,/home/tonyhe/ravdess_avfusion/external/video_face_branch/early_fusion_facial_v2/fusion_pack_5f/sequences/02-01-05-01-02-01-16.npy,5,2048,02-01-05-01-02-01-16,canonical_02,5,4,angry,0.018071613274514675,0.00982113815844059,0.008240333292633295,0.008491000533103943,0.9274882435798645,0.009184110444039106,0.010615844652056694,0.00808776430785656,1,1,1,complete
01-05-01-02-02-16,02-01-05-01-02-02-16,02-01-05-01-02-02-16,data/raw/ravdess/video_speech/Video_Speech_Actor_16/Actor_16/02-01-05-01-02-02-16.mp4,16,train,05,4,angry,01,02,02,02-01-05-01-02-02-16,canonical_02,/home/tonyhe/ravdess_avfusion/external/video_face_branch/early_fusion_facial_v2/fusion_pack_5f/sequences/02-01-05-01-02-02-16.npy,5,2048,02-01-05-01-02-02-16,canonical_02,5,4,angry,0.024419512972235678,0.013821133319288493,0.011430332530289888,0.008168121101334691,0.9120613694190979,0.009512920957058668,0.010752728302031755,0.009833861142396927,1,1,1,complete
01-05-02-01-01-16,02-01-05-02-01-01-16,02-01-05-02-01-01-16,data/raw/ravdess/video_speech/Video_Speech_Actor_16/Actor_16/02-01-05-02-01-01-16.mp4,16,train,05,4,angry,02,01,01,02-01-05-02-01-01-16,canonical_02,/home/tonyhe/ravdess_avfusion/external/video_face_branch/early_fusion_facial_v2/fusion_pack_5f/sequences/02-01-05-02-01-01-16.npy,5,2048,02-01-05-02-01-01-16,canonical_02,5,4,angry,0.02365778423845768,0.012023244239389896,0.011493531428277493,0.009289164282381534,0.9159438133239746,0.007527779508382082,0.010809284634888172,0.009255423117429018,1,1,1,complete
01-05-02-01-02-16,02-01-05-02-01-02-16,02-01-05-02-01-02-16,data/raw/ravdess/video_speech/Video_Speech_Actor_16/Actor_16/02-01-05-02-01-02-16.mp4,16,train,05,4,angry,02,01,02,02-01-05-02-01-02-16,canonical_02,/home/tonyhe/ravdess_avfusion/external/video_face_branch/early_fusion_facial_v2/fusion_pack_5f/sequences/02-01-05-02-01-02-16.npy,5,2048,02-01-05-02-01-02-16,canonical_02,5,4,angry,0.028842873498797418,0.014567225053906441,0.013970373757183551,0.01055813580751419,0.89538654088974,0.011866709962487221,0.014765392430126667,0.010042758472263814,1,1,1,complete
01-05-02-02-01-16,02-01-05-02-02-01-16,02-01-05-02-02-01-16,data/raw/ravdess/video_speech/Video_Speech_Actor_16/Actor_16/02-01-05-02-02-01-16.mp4,16,train,05,4,angry,02,02,01,02-01-05-02-02-01-16,canonical_02,/home/tonyhe/ravdess_avfusion/external/video_face_branch/early_fusion_facial_v2/fusion_pack_5f/sequences/02-01-05-02-02-01-16.npy,5,2048,02-01-05-02-02-01-16,canonical_02,5,4,angry,0.018061200343072414,0.009850454237312078,0.008649595640599727,0.007063654251396656,0.932894515991211,0.008851833594962954,0.008051353227347135,0.006577383168041706,1,1,1,complete
01-05-02-02-02-16,02-01-05-02-02-02-16,02-01-05-02-02-02-16,data/raw/ravdess/video_speech/Video_Speech_Actor_16/Actor_16/02-01-05-02-02-02-16.mp4,16,train,05,4,angry,02,02,02,02-01-05-02-02-02-16,canonical_02,/home/tonyhe/ravdess_avfusion/external/video_face_branch/early_fusion_facial_v2/fusion_pack_5f/sequences/02-01-05-02-02-02-16.npy,5,2048,02-01-05-02-02-02-16,canonical_02,5,4,angry,0.021011864580214024,0.009367237240076065,0.010183299612253904,0.007685358542948962,0.9243168950080871,0.0085393987596035,0.010630546137690544,0.00826537711545825,1,1,1,complete
01-06-01-01-01-16,02-01-06-01-01-01-16,02-01-06-01-01-01-16,data/raw/ravdess/video_speech/Video_Speech_Actor_16/Actor_16/02-01-06-01-01-01-16.mp4,16,train,06,5,fearful,01,01,01,02-01-06-01-01-01-16,canonical_02,/home/tonyhe/ravdess_avfusion/external/video_face_branch/early_fusion_facial_v2/fusion_pack_5f/sequences/02-01-06-01-01-01-16.npy,5,2048,02-01-06-01-01-01-16,canonical_02,5,5,fearful,0.02071261256933212,0.008502624277025462,0.007905504293739795,0.025367173552513122,0.00787932500243187,0.9024441123008728,0.012677356973290444,0.01451128041371703,1,1,1,complete
01-06-01-01-02-16,02-01-06-01-01-02-16,02-01-06-01-01-02-16,data/raw/ravdess/video_speech/Video_Speech_Actor_16/Actor_16/02-01-06-01-01-02-16.mp4,16,train,06,5,fearful,01,01,02,02-01-06-01-01-02-16,canonical_02,/home/tonyhe/ravdess_avfusion/external/video_face_branch/early_fusion_facial_v2/fusion_pack_5f/sequences/02-01-06-01-01-02-16.npy,5,2048,02-01-06-01-01-02-16,canonical_02,5,5,fearful,0.02089794259518385,0.010224599950015545,0.009026560187339782,0.009217048436403275,0.018583948910236358,0.9142876267433167,0.011017873883247375,0.006744390353560448,1,1,1,complete
01-06-01-02-01-16,02-01-06-01-02-01-16,02-01-06-01-02-01-16,data/raw/ravdess/video_speech/Video_Speech_Actor_16/Actor_16/02-01-06-01-02-01-16.mp4,16,train,06,5,fearful,01,02,01,02-01-06-01-02-01-16,canonical_02,/home/tonyhe/ravdess_avfusion/external/video_face_branch/early_fusion_facial_v2/fusion_pack_5f/sequences/02-01-06-01-02-01-16.npy,5,2048,02-01-06-01-02-01-16,canonical_02,5,5,fearful,0.02308129332959652,0.009061981923878193,0.008917107060551644,0.012558163702487945,0.010978731326758862,0.9183890223503113,0.00977334138005972,0.0072403536178171635,1,1,1,complete
01-06-01-02-02-16,02-01-06-01-02-02-16,02-01-06-01-02-02-16,data/raw/ravdess/video_speech/Video_Speech_Actor_16/Actor_16/02-01-06-01-02-02-16.mp4,16,train,06,5,fearful,01,02,02,02-01-06-01-02-02-16,canonical_02,/home/tonyhe/ravdess_avfusion/external/video_face_branch/early_fusion_facial_v2/fusion_pack_5f/sequences/02-01-06-01-02-02-16.npy,5,2048,02-01-06-01-02-02-16,canonical_02,5,5,fearful,0.019448712468147278,0.008708667661994695,0.00809120163321495,0.01020701378583908,0.008442931436002254,0.9285412192344665,0.010313036479055881,0.006247206311672926,1,1,1,complete
01-06-02-01-01-16,02-01-06-02-01-01-16,02-01-06-02-01-01-16,data/raw/ravdess/video_speech/Video_Speech_Actor_16/Actor_16/02-01-06-02-01-01-16.mp4,16,train,06,5,fearful,02,01,01,02-01-06-02-01-01-16,canonical_02,/home/tonyhe/ravdess_avfusion/external/video_face_branch/early_fusion_facial_v2/fusion_pack_5f/sequences/02-01-06-02-01-01-16.npy,5,2048,02-01-06-02-01-01-16,canonical_02,5,5,fearful,0.01904907412827015,0.008271272480487823,0.007301859930157662,0.011266820132732391,0.0074516813270747665,0.9262943625450134,0.015340948663651943,0.005023971293121576,1,1,1,complete
01-06-02-01-02-16,02-01-06-02-01-02-16,02-01-06-02-01-02-16,data/raw/ravdess/video_speech/Video_Speech_Actor_16/Actor_16/02-01-06-02-01-02-16.mp4,16,train,06,5,fearful,02,01,02,02-01-06-02-01-02-16,canonical_02,/home/tonyhe/ravdess_avfusion/external/video_face_branch/early_fusion_facial_v2/fusion_pack_5f/sequences/02-01-06-02-01-02-16.npy,5,2048,02-01-06-02-01-02-16,canonical_02,5,5,fearful,0.01360211856663227,0.006795988790690899,0.0056496923323720695,0.006122754514217376,0.0043626728933304545,0.9409827589988708,0.01787377558648586,0.004610220668837428,1,1,1,complete
01-06-02-02-01-16,02-01-06-02-02-01-16,02-01-06-02-02-01-16,data/raw/ravdess/video_speech/Video_Speech_Actor_16/Actor_16/02-01-06-02-02-01-16.mp4,16,train,06,5,fearful,02,02,01,02-01-06-02-02-01-16,canonical_02,/home/tonyhe/ravdess_avfusion/external/video_face_branch/early_fusion_facial_v2/fusion_pack_5f/sequences/02-01-06-02-02-01-16.npy,5,2048,02-01-06-02-02-01-16,canonical_02,5,5,fearful,0.01656541619449854,0.007514219451695681,0.006916999537497759,0.008508125878870487,0.005139204207807779,0.9334356188774109,0.01683071944862604,0.005089681642130017,1,1,1,complete
01-06-02-02-02-16,02-01-06-02-02-02-16,02-01-06-02-02-02-16,data/raw/ravdess/video_speech/Video_Speech_Actor_16/Actor_16/02-01-06-02-02-02-16.mp4,16,train,06,5,fearful,02,02,02,02-01-06-02-02-02-16,canonical_02,/home/tonyhe/ravdess_avfusion/external/video_face_branch/early_fusion_facial_v2/fusion_pack_5f/sequences/02-01-06-02-02-02-16.npy,5,2048,02-01-06-02-02-02-16,canonical_02,5,5,fearful,0.022293827310204507,0.0098366167396307,0.00927334064617753,0.009431873634457588,0.009005274530500174,0.9191098809242249,0.013201696053147315,0.00784745765849948,1,1,1,complete
01-07-01-01-01-16,02-01-07-01-01-01-16,02-01-07-01-01-01-16,data/raw/ravdess/video_speech/Video_Speech_Actor_16/Actor_16/02-01-07-01-01-01-16.mp4,16,train,07,6,disgust,01,01,01,02-01-07-01-01-01-16,canonical_02,/home/tonyhe/ravdess_avfusion/external/video_face_branch/early_fusion_facial_v2/fusion_pack_5f/sequences/02-01-07-01-01-01-16.npy,5,2048,02-01-07-01-01-01-16,canonical_02,5,6,disgust,0.01764519177377224,0.009150108322501183,0.007986367680132389,0.008302120305597783,0.009696134831756353,0.008787751011550427,0.9271157383918762,0.011316558718681336,1,1,1,complete
01-07-01-01-02-16,02-01-07-01-01-02-16,02-01-07-01-01-02-16,data/raw/ravdess/video_speech/Video_Speech_Actor_16/Actor_16/02-01-07-01-01-02-16.mp4,16,train,07,6,disgust,01,01,02,02-01-07-01-01-02-16,canonical_02,/home/tonyhe/ravdess_avfusion/external/video_face_branch/early_fusion_facial_v2/fusion_pack_5f/sequences/02-01-07-01-01-02-16.npy,5,2048,02-01-07-01-01-02-16,canonical_02,5,6,disgust,0.015271567646414042,0.007155851647257805,0.006949814036488533,0.007897970359772443,0.008810018375515937,0.008263183292001486,0.9371390223503113,0.008512551430612803,1,1,1,complete
01-07-01-02-01-16,02-01-07-01-02-01-16,02-01-07-01-02-01-16,data/raw/ravdess/video_speech/Video_Speech_Actor_16/Actor_16/02-01-07-01-02-01-16.mp4,16,train,07,6,disgust,01,02,01,02-01-07-01-02-01-16,canonical_02,/home/tonyhe/ravdess_avfusion/external/video_face_branch/early_fusion_facial_v2/fusion_pack_5f/sequences/02-01-07-01-02-01-16.npy,5,2048,02-01-07-01-02-01-16,canonical_02,5,6,disgust,0.019043277762830258,0.010019529238343238,0.008429968543350697,0.010020656511187553,0.01086623203009367,0.009792360477149487,0.9211486101150512,0.010679349303245544,1,1,1,complete
01-07-01-02-02-16,02-01-07-01-02-02-16,02-01-07-01-02-02-16,data/raw/ravdess/video_speech/Video_Speech_Actor_16/Actor_16/02-01-07-01-02-02-16.mp4,16,train,07,6,disgust,01,02,02,02-01-07-01-02-02-16,canonical_02,/home/tonyhe/ravdess_avfusion/external/video_face_branch/early_fusion_facial_v2/fusion_pack_5f/sequences/02-01-07-01-02-02-16.npy,5,2048,02-01-07-01-02-02-16,canonical_02,5,6,disgust,0.01417893059551716,0.006762576568871736,0.0066487577743828295,0.006902979779988527,0.005869767349213362,0.006877935118973255,0.9443285822868347,0.008430449943989515,1,1,1,complete
01-07-02-01-01-16,02-01-07-02-01-01-16,02-01-07-02-01-01-16,data/raw/ravdess/video_speech/Video_Speech_Actor_16/Actor_16/02-01-07-02-01-01-16.mp4,16,train,07,6,disgust,02,01,01,02-01-07-02-01-01-16,canonical_02,/home/tonyhe/ravdess_avfusion/external/video_face_branch/early_fusion_facial_v2/fusion_pack_5f/sequences/02-01-07-02-01-01-16.npy,5,2048,02-01-07-02-01-01-16,canonical_02,5,6,disgust,0.014448343962430953,0.008525925502181054,0.007539613591507077,0.00804424025118351,0.005149005400016904,0.009034721553325653,0.9415634274482727,0.005694676749408245,1,1,1,complete
01-07-02-01-02-16,02-01-07-02-01-02-16,02-01-07-02-01-02-16,data/raw/ravdess/video_speech/Video_Speech_Actor_16/Actor_16/02-01-07-02-01-02-16.mp4,16,train,07,6,disgust,02,01,02,02-01-07-02-01-02-16,canonical_02,/home/tonyhe/ravdess_avfusion/external/video_face_branch/early_fusion_facial_v2/fusion_pack_5f/sequences/02-01-07-02-01-02-16.npy,5,2048,02-01-07-02-01-02-16,canonical_02,5,6,disgust,0.017648595571517944,0.009149642288684845,0.006575968954712153,0.007822692673653365,0.008126808889210224,0.007889326196163893,0.9364086508750915,0.00637831399217248,1,1,1,complete
01-07-02-02-01-16,02-01-07-02-02-01-16,02-01-07-02-02-01-16,data/raw/ravdess/video_speech/Video_Speech_Actor_16/Actor_16/02-01-07-02-02-01-16.mp4,16,train,07,6,disgust,02,02,01,02-01-07-02-02-01-16,canonical_02,/home/tonyhe/ravdess_avfusion/external/video_face_branch/early_fusion_facial_v2/fusion_pack_5f/sequences/02-01-07-02-02-01-16.npy,5,2048,02-01-07-02-02-01-16,canonical_02,5,6,disgust,0.017018425092101098,0.00865357294678688,0.007153315097093582,0.008209406584501266,0.007142824120819569,0.009857929497957229,0.9339364647865296,0.008028091304004193,1,1,1,complete
01-07-02-02-02-16,02-01-07-02-02-02-16,02-01-07-02-02-02-16,data/raw/ravdess/video_speech/Video_Speech_Actor_16/Actor_16/02-01-07-02-02-02-16.mp4,16,train,07,6,disgust,02,02,02,02-01-07-02-02-02-16,canonical_02,/home/tonyhe/ravdess_avfusion/external/video_face_branch/early_fusion_facial_v2/fusion_pack_5f/sequences/02-01-07-02-02-02-16.npy,5,2048,02-01-07-02-02-02-16,canonical_02,5,6,disgust,0.016848336532711984,0.00856154104694724,0.006991608068346977,0.007965781353414058,0.00906641772016883,0.010089420899748801,0.932893717288971,0.0075831938534975055,1,1,1,complete
01-08-01-01-01-16,02-01-08-01-01-01-16,02-01-08-01-01-01-16,data/raw/ravdess/video_speech/Video_Speech_Actor_16/Actor_16/02-01-08-01-01-01-16.mp4,16,train,08,7,surprise,01,01,01,02-01-08-01-01-01-16,canonical_02,/home/tonyhe/ravdess_avfusion/external/video_face_branch/early_fusion_facial_v2/fusion_pack_5f/sequences/02-01-08-01-01-01-16.npy,5,2048,02-01-08-01-01-01-16,canonical_02,5,7,surprise,0.019643247686326505,0.008743118122220039,0.009401032328605652,0.008981106057763099,0.010678505152463913,0.007152264099568128,0.008502070140093566,0.9268986821174622,1,1,1,complete
01-08-01-01-02-16,02-01-08-01-01-02-16,02-01-08-01-01-02-16,data/raw/ravdess/video_speech/Video_Speech_Actor_16/Actor_16/02-01-08-01-01-02-16.mp4,16,train,08,7,surprise,01,01,02,02-01-08-01-01-02-16,canonical_02,/home/tonyhe/ravdess_avfusion/external/video_face_branch/early_fusion_facial_v2/fusion_pack_5f/sequences/02-01-08-01-01-02-16.npy,5,2048,02-01-08-01-01-02-16,canonical_02,5,7,surprise,0.02166981212794781,0.007921637222170829,0.0075514264404773716,0.008896201942116022,0.01002966584637761,0.0068067641928792,0.009609629306942225,0.9275148510932922,1,1,1,complete
01-08-01-02-01-16,02-01-08-01-02-01-16,02-01-08-01-02-01-16,data/raw/ravdess/video_speech/Video_Speech_Actor_16/Actor_16/02-01-08-01-02-01-16.mp4,16,train,08,7,surprise,01,02,01,02-01-08-01-02-01-16,canonical_02,/home/tonyhe/ravdess_avfusion/external/video_face_branch/early_fusion_facial_v2/fusion_pack_5f/sequences/02-01-08-01-02-01-16.npy,5,2048,02-01-08-01-02-01-16,canonical_02,5,7,surprise,0.02070713695138693,0.014369521290063858,0.013564432132989168,0.009259492903947831,0.010132427141070367,0.009901037346571684,0.007889693044126034,0.9141762137413025,1,1,1,complete
01-08-01-02-02-16,02-01-08-01-02-02-16,02-01-08-01-02-02-16,data/raw/ravdess/video_speech/Video_Speech_Actor_16/Actor_16/02-01-08-01-02-02-16.mp4,16,train,08,7,surprise,01,02,02,02-01-08-01-02-02-16,canonical_02,/home/tonyhe/ravdess_avfusion/external/video_face_branch/early_fusion_facial_v2/fusion_pack_5f/sequences/02-01-08-01-02-02-16.npy,5,2048,02-01-08-01-02-02-16,canonical_02,5,7,surprise,0.01900029890239239,0.00818939870223403,0.011088538356125355,0.006982244970276952,0.012950248457491398,0.007626133132725954,0.010395483765751123,0.9237676739692688,1,1,1,complete
01-08-02-01-01-16,02-01-08-02-01-01-16,02-01-08-02-01-01-16,data/raw/ravdess/video_speech/Video_Speech_Actor_16/Actor_16/02-01-08-02-01-01-16.mp4,16,train,08,7,surprise,02,01,01,02-01-08-02-01-01-16,canonical_02,/home/tonyhe/ravdess_avfusion/external/video_face_branch/early_fusion_facial_v2/fusion_pack_5f/sequences/02-01-08-02-01-01-16.npy,5,2048,02-01-08-02-01-01-16,canonical_02,5,7,surprise,0.01937377415597439,0.009997139126062394,0.011318280920386314,0.00905841663479805,0.012025875225663184,0.008050522953271865,0.013599174097180367,0.9165768265724182,1,1,1,complete
01-08-02-01-02-16,02-01-08-02-01-02-16,02-01-08-02-01-02-16,data/raw/ravdess/video_speech/Video_Speech_Actor_16/Actor_16/02-01-08-02-01-02-16.mp4,16,train,08,7,surprise,02,01,02,02-01-08-02-01-02-16,canonical_02,/home/tonyhe/ravdess_avfusion/external/video_face_branch/early_fusion_facial_v2/fusion_pack_5f/sequences/02-01-08-02-01-02-16.npy,5,2048,02-01-08-02-01-02-16,canonical_02,5,7,surprise,0.02742173969745636,0.017975289933383466,0.010969047714024783,0.011967290751636028,0.022689679823815822,0.012730474397540093,0.010462641343474388,0.885783851146698,1,1,1,complete
01-08-02-02-01-16,02-01-08-02-02-01-16,02-01-08-02-02-01-16,data/raw/ravdess/video_speech/Video_Speech_Actor_16/Actor_16/02-01-08-02-02-01-16.mp4,16,train,08,7,surprise,02,02,01,02-01-08-02-02-01-16,canonical_02,/home/tonyhe/ravdess_avfusion/external/video_face_branch/early_fusion_facial_v2/fusion_pack_5f/sequences/02-01-08-02-02-01-16.npy,5,2048,02-01-08-02-02-01-16,canonical_02,5,7,surprise,0.021794083155691625,0.009329190850257874,0.00964199062436819,0.008778902795165777,0.014576792530715466,0.011380547471344472,0.009952799882739782,0.9145456671714782,1,1,1,complete
01-08-02-02-02-16,02-01-08-02-02-02-16,02-01-08-02-02-02-16,data/raw/ravdess/video_speech/Video_Speech_Actor_16/Actor_16/02-01-08-02-02-02-16.mp4,16,train,08,7,surprise,02,02,02,02-01-08-02-02-02-16,canonical_02,/home/tonyhe/ravdess_avfusion/external/video_face_branch/early_fusion_facial_v2/fusion_pack_5f/sequences/02-01-08-02-02-02-16.npy,5,2048,02-01-08-02-02-02-16,canonical_02,5,7,surprise,0.02429196983575821,0.009748051036149263,0.010153866466134786,0.010059877298772335,0.01081707663834095,0.008498239889740944,0.015071023255586624,0.9113599061965942,1,1,1,complete
01-01-01-01-01-17,02-01-01-01-01-01-17,02-01-01-01-01-01-17,data/raw/ravdess/video_speech/Video_Speech_Actor_17/Actor_17/02-01-01-01-01-01-17.mp4,17,valid,01,0,neutral,01,01,01,02-01-01-01-01-01-17,canonical_02,/home/tonyhe/ravdess_avfusion/external/video_face_branch/early_fusion_facial_v2/fusion_pack_5f/sequences/02-01-01-01-01-01-17.npy,5,2048,02-01-01-01-01-01-17,canonical_02,5,3,sad,0.29102640599012375,0.02096410971134901,0.01693336069583893,0.38619413077831266,0.21794678568840026,0.016186215355992316,0.03793828114867211,0.012810699082911015,1,1,1,complete
01-01-01-01-02-17,02-01-01-01-01-02-17,02-01-01-01-01-02-17,data/raw/ravdess/video_speech/Video_Speech_Actor_17/Actor_17/02-01-01-01-01-02-17.mp4,17,valid,01,0,neutral,01,01,02,02-01-01-01-01-02-17,canonical_02,/home/tonyhe/ravdess_avfusion/external/video_face_branch/early_fusion_facial_v2/fusion_pack_5f/sequences/02-01-01-01-01-02-17.npy,5,2048,02-01-01-01-01-02-17,canonical_02,5,3,sad,0.1539846807718277,0.014271382801234722,0.01270943321287632,0.5545213520526886,0.1990910332649946,0.024085154011845588,0.031928717344999316,0.009408275410532952,1,1,1,complete
01-01-01-02-01-17,02-01-01-01-02-01-17,02-01-01-01-02-01-17,data/raw/ravdess/video_speech/Video_Speech_Actor_17/Actor_17/02-01-01-01-02-01-17.mp4,17,valid,01,0,neutral,01,02,01,02-01-01-01-02-01-17,canonical_02,/home/tonyhe/ravdess_avfusion/external/video_face_branch/early_fusion_facial_v2/fusion_pack_5f/sequences/02-01-01-01-02-01-17.npy,5,2048,02-01-01-01-02-01-17,canonical_02,5,3,sad,0.197463658452034,0.01880290061235428,0.013782059587538243,0.5311093538999557,0.17010351568460463,0.021588250808417798,0.03153567016124725,0.015614600852131844,1,1,1,complete
01-01-01-02-02-17,02-01-01-01-02-02-17,02-01-01-01-02-02-17,data/raw/ravdess/video_speech/Video_Speech_Actor_17/Actor_17/02-01-01-01-02-02-17.mp4,17,valid,01,0,neutral,01,02,02,02-01-01-01-02-02-17,canonical_02,/home/tonyhe/ravdess_avfusion/external/video_face_branch/early_fusion_facial_v2/fusion_pack_5f/sequences/02-01-01-01-02-02-17.npy,5,2048,02-01-01-01-02-02-17,canonical_02,5,4,angry,0.29644888937473296,0.015599927306175232,0.017151881754398347,0.26435759514570234,0.3482081450521946,0.011341945454478263,0.03442622125148773,0.01246537547558546,1,1,1,complete
01-02-01-01-01-17,02-01-02-01-01-01-17,02-01-02-01-01-01-17,data/raw/ravdess/video_speech/Video_Speech_Actor_17/Actor_17/02-01-02-01-01-01-17.mp4,17,valid,02,1,calm,01,01,01,02-01-02-01-01-01-17,canonical_02,/home/tonyhe/ravdess_avfusion/external/video_face_branch/early_fusion_facial_v2/fusion_pack_5f/sequences/02-01-02-01-01-01-17.npy,5,2048,02-01-02-01-01-01-17,canonical_02,5,1,calm,0.4297873005270958,0.4360878453589976,0.009624782297760249,0.015473416168242693,0.0265952505171299,0.011075960705056787,0.04750311784446239,0.02385230688378215,1,1,1,complete
01-02-01-01-02-17,02-01-02-01-01-02-17,02-01-02-01-01-02-17,data/raw/ravdess/video_speech/Video_Speech_Actor_17/Actor_17/02-01-02-01-01-02-17.mp4,17,valid,02,1,calm,01,01,02,02-01-02-01-01-02-17,canonical_02,/home/tonyhe/ravdess_avfusion/external/video_face_branch/early_fusion_facial_v2/fusion_pack_5f/sequences/02-01-02-01-01-02-17.npy,5,2048,02-01-02-01-01-02-17,canonical_02,5,0,neutral,0.5011199846863746,0.23602689877152444,0.013621074613183737,0.03503245934844017,0.07043628618121148,0.021804682537913324,0.10385735630989075,0.01810123333707452,1,1,1,complete
01-02-01-02-01-17,02-01-02-01-02-01-17,02-01-02-01-02-01-17,data/raw/ravdess/video_speech/Video_Speech_Actor_17/Actor_17/02-01-02-01-02-01-17.mp4,17,valid,02,1,calm,01,02,01,02-01-02-01-02-01-17,canonical_02,/home/tonyhe/ravdess_avfusion/external/video_face_branch/early_fusion_facial_v2/fusion_pack_5f/sequences/02-01-02-01-02-01-17.npy,5,2048,02-01-02-01-02-01-17,canonical_02,5,0,neutral,0.47281148433685305,0.2692077672109008,0.012823948543518782,0.05704528372734785,0.0579626452177763,0.015058152005076408,0.09368971362709999,0.021400979813188316,1,1,1,complete
01-02-01-02-02-17,02-01-02-01-02-02-17,02-01-02-01-02-02-17,data/raw/ravdess/video_speech/Video_Speech_Actor_17/Actor_17/02-01-02-01-02-02-17.mp4,17,valid,02,1,calm,01,02,02,02-01-02-01-02-02-17,canonical_02,/home/tonyhe/ravdess_avfusion/external/video_face_branch/early_fusion_facial_v2/fusion_pack_5f/sequences/02-01-02-01-02-02-17.npy,5,2048,02-01-02-01-02-02-17,canonical_02,5,0,neutral,0.6090960025787353,0.04084071489050985,0.01059380997903645,0.035740850307047364,0.2374601073563099,0.016496518161147833,0.03722447343170643,0.012547521712258458,1,1,1,complete
01-02-02-01-01-17,02-01-02-02-01-01-17,02-01-02-02-01-01-17,data/raw/ravdess/video_speech/Video_Speech_Actor_17/Actor_17/02-01-02-02-01-01-17.mp4,17,valid,02,1,calm,02,01,01,02-01-02-02-01-01-17,canonical_02,/home/tonyhe/ravdess_avfusion/external/video_face_branch/early_fusion_facial_v2/fusion_pack_5f/sequences/02-01-02-02-01-01-17.npy,5,2048,02-01-02-02-01-01-17,canonical_02,5,1,calm,0.09086150415241719,0.44790025651454923,0.017196322605013848,0.03645190466195345,0.2630293473601341,0.02869475372135639,0.08761943802237511,0.028246486186981203,1,1,1,complete
01-02-02-01-02-17,02-01-02-02-01-02-17,02-01-02-02-01-02-17,data/raw/ravdess/video_speech/Video_Speech_Actor_17/Actor_17/02-01-02-02-01-02-17.mp4,17,valid,02,1,calm,02,01,02,02-01-02-02-01-02-17,canonical_02,/home/tonyhe/ravdess_avfusion/external/video_face_branch/early_fusion_facial_v2/fusion_pack_5f/sequences/02-01-02-02-01-02-17.npy,5,2048,02-01-02-02-01-02-17,canonical_02,5,0,neutral,0.3207844778895378,0.28089300394058225,0.013405999355018138,0.07494339104741812,0.2011452130973339,0.018706909939646722,0.060570412501692775,0.029550632275640965,1,1,1,complete
01-02-02-02-01-17,02-01-02-02-02-01-17,02-01-02-02-02-01-17,data/raw/ravdess/video_speech/Video_Speech_Actor_17/Actor_17/02-01-02-02-02-01-17.mp4,17,valid,02,1,calm,02,02,01,02-01-02-02-02-01-17,canonical_02,/home/tonyhe/ravdess_avfusion/external/video_face_branch/early_fusion_facial_v2/fusion_pack_5f/sequences/02-01-02-02-02-01-17.npy,5,2048,02-01-02-02-02-01-17,canonical_02,5,1,calm,0.16291931122541428,0.30567923188209534,0.022142280451953412,0.09542199149727822,0.2450796514749527,0.030557947978377343,0.11156003251671791,0.02663959041237831,1,1,1,complete
01-02-02-02-02-17,02-01-02-02-02-02-17,02-01-02-02-02-02-17,data/raw/ravdess/video_speech/Video_Speech_Actor_17/Actor_17/02-01-02-02-02-02-17.mp4,17,valid,02,1,calm,02,02,02,02-01-02-02-02-02-17,canonical_02,/home/tonyhe/ravdess_avfusion/external/video_face_branch/early_fusion_facial_v2/fusion_pack_5f/sequences/02-01-02-02-02-02-17.npy,5,2048,02-01-02-02-02-02-17,canonical_02,5,1,calm,0.11112594902515412,0.4808771848678589,0.029511802084743976,0.032688486948609353,0.17153427749872208,0.03444549478590488,0.09493654668331146,0.04488026574254036,1,1,1,complete
01-03-01-01-01-17,02-01-03-01-01-01-17,02-01-03-01-01-01-17,data/raw/ravdess/video_speech/Video_Speech_Actor_17/Actor_17/02-01-03-01-01-01-17.mp4,17,valid,03,2,happy,01,01,01,02-01-03-01-01-01-17,canonical_02,/home/tonyhe/ravdess_avfusion/external/video_face_branch/early_fusion_facial_v2/fusion_pack_5f/sequences/02-01-03-01-01-01-17.npy,5,2048,02-01-03-01-01-01-17,canonical_02,5,1,calm,0.06039655655622482,0.248839944973588,0.23170926757156848,0.09798678010702133,0.22706832624971868,0.02407096102833748,0.09455323591828346,0.015374943614006042,1,1,1,complete
01-03-01-01-02-17,02-01-03-01-01-02-17,02-01-03-01-01-02-17,data/raw/ravdess/video_speech/Video_Speech_Actor_17/Actor_17/02-01-03-01-01-02-17.mp4,17,valid,03,2,happy,01,01,02,02-01-03-01-01-02-17,canonical_02,/home/tonyhe/ravdess_avfusion/external/video_face_branch/early_fusion_facial_v2/fusion_pack_5f/sequences/02-01-03-01-01-02-17.npy,5,2048,02-01-03-01-01-02-17,canonical_02,5,1,calm,0.048160772770643234,0.45576147437095643,0.24724236726760865,0.021452281251549722,0.1227499634027481,0.02420405503362417,0.06455966867506505,0.015869420021772385,1,1,1,complete
01-03-01-02-01-17,02-01-03-01-02-01-17,02-01-03-01-02-01-17,data/raw/ravdess/video_speech/Video_Speech_Actor_17/Actor_17/02-01-03-01-02-01-17.mp4,17,valid,03,2,happy,01,02,01,02-01-03-01-02-01-17,canonical_02,/home/tonyhe/ravdess_avfusion/external/video_face_branch/early_fusion_facial_v2/fusion_pack_5f/sequences/02-01-03-01-02-01-17.npy,5,2048,02-01-03-01-02-01-17,canonical_02,5,1,calm,0.038270385935902596,0.4404492452740669,0.2915026435628533,0.025988483149558306,0.11309603750705718,0.017164450138807297,0.05611938945949078,0.01740938164293766,1,1,1,complete
01-03-01-02-02-17,02-01-03-01-02-02-17,02-01-03-01-02-02-17,data/raw/ravdess/video_speech/Video_Speech_Actor_17/Actor_17/02-01-03-01-02-02-17.mp4,17,valid,03,2,happy,01,02,02,02-01-03-01-02-02-17,canonical_02,/home/tonyhe/ravdess_avfusion/external/video_face_branch/early_fusion_facial_v2/fusion_pack_5f/sequences/02-01-03-01-02-02-17.npy,5,2048,02-01-03-01-02-02-17,canonical_02,5,4,angry,0.04914293140172958,0.25984810665249825,0.24418672751635312,0.023106284625828265,0.31883110404014586,0.021437282115221022,0.06833138465881347,0.015116170234978198,1,1,1,complete
01-03-02-01-01-17,02-01-03-02-01-01-17,02-01-03-02-01-01-17,data/raw/ravdess/video_speech/Video_Speech_Actor_17/Actor_17/02-01-03-02-01-01-17.mp4,17,valid,03,2,happy,02,01,01,02-01-03-02-01-01-17,canonical_02,/home/tonyhe/ravdess_avfusion/external/video_face_branch/early_fusion_facial_v2/fusion_pack_5f/sequences/02-01-03-02-01-01-17.npy,5,2048,02-01-03-02-01-01-17,canonical_02,5,2,happy,0.03591577112674713,0.08656126968562602,0.7164688974618911,0.029269035905599594,0.07441511228680611,0.01871752254664898,0.02801162041723728,0.010640759766101838,1,1,1,complete
01-03-02-01-02-17,02-01-03-02-01-02-17,02-01-03-02-01-02-17,data/raw/ravdess/video_speech/Video_Speech_Actor_17/Actor_17/02-01-03-02-01-02-17.mp4,17,valid,03,2,happy,02,01,02,02-01-03-02-01-02-17,canonical_02,/home/tonyhe/ravdess_avfusion/external/video_face_branch/early_fusion_facial_v2/fusion_pack_5f/sequences/02-01-03-02-01-02-17.npy,5,2048,02-01-03-02-01-02-17,canonical_02,5,2,happy,0.05283871479332447,0.09598759822547435,0.644640751183033,0.02979383561760187,0.10191582217812538,0.022302046604454517,0.027885249257087706,0.02463602963835001,1,1,1,complete
01-03-02-02-01-17,02-01-03-02-02-01-17,02-01-03-02-02-01-17,data/raw/ravdess/video_speech/Video_Speech_Actor_17/Actor_17/02-01-03-02-02-01-17.mp4,17,valid,03,2,happy,02,02,01,02-01-03-02-02-01-17,canonical_02,/home/tonyhe/ravdess_avfusion/external/video_face_branch/early_fusion_facial_v2/fusion_pack_5f/sequences/02-01-03-02-02-01-17.npy,5,2048,02-01-03-02-02-01-17,canonical_02,5,2,happy,0.04171054884791374,0.04307323917746544,0.7903167724609375,0.017284144647419453,0.051257374510169026,0.017564838379621507,0.027445385605096816,0.011347698234021663,1,1,1,complete
01-03-02-02-02-17,02-01-03-02-02-02-17,02-01-03-02-02-02-17,data/raw/ravdess/video_speech/Video_Speech_Actor_17/Actor_17/02-01-03-02-02-02-17.mp4,17,valid,03,2,happy,02,02,02,02-01-03-02-02-02-17,canonical_02,/home/tonyhe/ravdess_avfusion/external/video_face_branch/early_fusion_facial_v2/fusion_pack_5f/sequences/02-01-03-02-02-02-17.npy,5,2048,02-01-03-02-02-02-17,canonical_02,5,2,happy,0.03950246907770634,0.3273740304633975,0.49232072085142137,0.029896571673452853,0.04682501517236233,0.017747368663549423,0.032328576780855656,0.014005248062312603,1,1,1,complete
01-04-01-01-01-17,02-01-04-01-01-01-17,02-01-04-01-01-01-17,data/raw/ravdess/video_speech/Video_Speech_Actor_17/Actor_17/02-01-04-01-01-01-17.mp4,17,valid,04,3,sad,01,01,01,02-01-04-01-01-01-17,canonical_02,/home/tonyhe/ravdess_avfusion/external/video_face_branch/early_fusion_facial_v2/fusion_pack_5f/sequences/02-01-04-01-01-01-17.npy,5,2048,02-01-04-01-01-01-17,canonical_02,5,3,sad,0.05383740775287151,0.05555031001567841,0.018882537819445135,0.4558545686304569,0.23219739496707917,0.046648606099188326,0.11202378720045089,0.02500536236912012,1,1,1,complete
01-04-01-01-02-17,02-01-04-01-01-02-17,02-01-04-01-01-02-17,data/raw/ravdess/video_speech/Video_Speech_Actor_17/Actor_17/02-01-04-01-01-02-17.mp4,17,valid,04,3,sad,01,01,02,02-01-04-01-01-02-17,canonical_02,/home/tonyhe/ravdess_avfusion/external/video_face_branch/early_fusion_facial_v2/fusion_pack_5f/sequences/02-01-04-01-01-02-17.npy,5,2048,02-01-04-01-01-02-17,canonical_02,5,3,sad,0.1243464082479477,0.03624086417257786,0.01528000868856907,0.3945784240961075,0.3003712445497513,0.04955591633915901,0.0636373970657587,0.015989732928574085,1,1,1,complete
01-04-01-02-01-17,02-01-04-01-02-01-17,02-01-04-01-02-01-17,data/raw/ravdess/video_speech/Video_Speech_Actor_17/Actor_17/02-01-04-01-02-01-17.mp4,17,valid,04,3,sad,01,02,01,02-01-04-01-02-01-17,canonical_02,/home/tonyhe/ravdess_avfusion/external/video_face_branch/early_fusion_facial_v2/fusion_pack_5f/sequences/02-01-04-01-02-01-17.npy,5,2048,02-01-04-01-02-01-17,canonical_02,5,3,sad,0.1030946984887123,0.04380808584392071,0.02113292571157217,0.4327187329530716,0.2768851101398468,0.017341448180377483,0.08987761363387108,0.015141396038234233,1,1,1,complete
01-04-01-02-02-17,02-01-04-01-02-02-17,02-01-04-01-02-02-17,data/raw/ravdess/video_speech/Video_Speech_Actor_17/Actor_17/02-01-04-01-02-02-17.mp4,17,valid,04,3,sad,01,02,02,02-01-04-01-02-02-17,canonical_02,/home/tonyhe/ravdess_avfusion/external/video_face_branch/early_fusion_facial_v2/fusion_pack_5f/sequences/02-01-04-01-02-02-17.npy,5,2048,02-01-04-01-02-02-17,canonical_02,5,3,sad,0.05732885971665382,0.05004258938133717,0.015116104763001204,0.4664208859205246,0.2575830951333046,0.014787653833627701,0.1295809268951416,0.009139930037781597,1,1,1,complete
01-04-02-01-01-17,02-01-04-02-01-01-17,02-01-04-02-01-01-17,data/raw/ravdess/video_speech/Video_Speech_Actor_17/Actor_17/02-01-04-02-01-01-17.mp4,17,valid,04,3,sad,02,01,01,02-01-04-02-01-01-17,canonical_02,/home/tonyhe/ravdess_avfusion/external/video_face_branch/early_fusion_facial_v2/fusion_pack_5f/sequences/02-01-04-02-01-01-17.npy,5,2048,02-01-04-02-01-01-17,canonical_02,5,3,sad,0.03581216894090176,0.03893803134560585,0.030560331977903844,0.5158631026744842,0.22116829380393027,0.06435237526893615,0.0802456047385931,0.013060057908296585,1,1,1,complete
01-04-02-01-02-17,02-01-04-02-01-02-17,02-01-04-02-01-02-17,data/raw/ravdess/video_speech/Video_Speech_Actor_17/Actor_17/02-01-04-02-01-02-17.mp4,17,valid,04,3,sad,02,01,02,02-01-04-02-01-02-17,canonical_02,/home/tonyhe/ravdess_avfusion/external/video_face_branch/early_fusion_facial_v2/fusion_pack_5f/sequences/02-01-04-02-01-02-17.npy,5,2048,02-01-04-02-01-02-17,canonical_02,5,3,sad,0.02907330133020878,0.02544517759233713,0.016607949556782842,0.4488765077665448,0.05374615862965584,0.010383230121806263,0.4102605015039444,0.005607176944613457,1,1,1,complete
01-04-02-02-01-17,02-01-04-02-02-01-17,02-01-04-02-02-01-17,data/raw/ravdess/video_speech/Video_Speech_Actor_17/Actor_17/02-01-04-02-02-01-17.mp4,17,valid,04,3,sad,02,02,01,02-01-04-02-02-01-17,canonical_02,/home/tonyhe/ravdess_avfusion/external/video_face_branch/early_fusion_facial_v2/fusion_pack_5f/sequences/02-01-04-02-02-01-17.npy,5,2048,02-01-04-02-02-01-17,canonical_02,5,3,sad,0.03291331809014082,0.018293780088424683,0.013517105393111706,0.6514923572540283,0.19837908297777176,0.025191462598741055,0.05643206834793091,0.003780836192891002,1,1,1,complete
01-04-02-02-02-17,02-01-04-02-02-02-17,02-01-04-02-02-02-17,data/raw/ravdess/video_speech/Video_Speech_Actor_17/Actor_17/02-01-04-02-02-02-17.mp4,17,valid,04,3,sad,02,02,02,02-01-04-02-02-02-17,canonical_02,/home/tonyhe/ravdess_avfusion/external/video_face_branch/early_fusion_facial_v2/fusion_pack_5f/sequences/02-01-04-02-02-02-17.npy,5,2048,02-01-04-02-02-02-17,canonical_02,5,3,sad,0.06839447692036629,0.03377886600792408,0.02066937740892172,0.5077804744243621,0.228707055747509,0.03012973666191101,0.09906840212643146,0.011471596173942089,1,1,1,complete
01-05-01-01-01-17,02-01-05-01-01-01-17,02-01-05-01-01-01-17,data/raw/ravdess/video_speech/Video_Speech_Actor_17/Actor_17/02-01-05-01-01-01-17.mp4,17,valid,05,4,angry,01,01,01,02-01-05-01-01-01-17,canonical_02,/home/tonyhe/ravdess_avfusion/external/video_face_branch/early_fusion_facial_v2/fusion_pack_5f/sequences/02-01-05-01-01-01-17.npy,5,2048,02-01-05-01-01-01-17,canonical_02,5,4,angry,0.048409873992204665,0.02856455147266388,0.007539673987776041,0.010269004851579666,0.8588502287864686,0.00744906971231103,0.03295458983629942,0.005963007220998406,1,1,1,complete
01-05-01-01-02-17,02-01-05-01-01-02-17,02-01-05-01-01-02-17,data/raw/ravdess/video_speech/Video_Speech_Actor_17/Actor_17/02-01-05-01-01-02-17.mp4,17,valid,05,4,angry,01,01,02,02-01-05-01-01-02-17,canonical_02,/home/tonyhe/ravdess_avfusion/external/video_face_branch/early_fusion_facial_v2/fusion_pack_5f/sequences/02-01-05-01-01-02-17.npy,5,2048,02-01-05-01-01-02-17,canonical_02,5,4,angry,0.02197446282953024,0.018093246221542358,0.005875454097986221,0.004206199664622545,0.9304949283599854,0.0045451149344444275,0.01069436501711607,0.004116241633892059,1,1,1,complete
01-05-01-02-01-17,02-01-05-01-02-01-17,02-01-05-01-02-01-17,data/raw/ravdess/video_speech/Video_Speech_Actor_17/Actor_17/02-01-05-01-02-01-17.mp4,17,valid,05,4,angry,01,02,01,02-01-05-01-02-01-17,canonical_02,/home/tonyhe/ravdess_avfusion/external/video_face_branch/early_fusion_facial_v2/fusion_pack_5f/sequences/02-01-05-01-02-01-17.npy,5,2048,02-01-05-01-02-01-17,canonical_02,5,4,angry,0.05634029805660248,0.026880094408988954,0.012736815959215164,0.009733323846012354,0.8453302264213562,0.012251048441976308,0.02642441838979721,0.010303751472383738,1,1,1,complete
01-05-01-02-02-17,02-01-05-01-02-02-17,02-01-05-01-02-02-17,data/raw/ravdess/video_speech/Video_Speech_Actor_17/Actor_17/02-01-05-01-02-02-17.mp4,17,valid,05,4,angry,01,02,02,02-01-05-01-02-02-17,canonical_02,/home/tonyhe/ravdess_avfusion/external/video_face_branch/early_fusion_facial_v2/fusion_pack_5f/sequences/02-01-05-01-02-02-17.npy,5,2048,02-01-05-01-02-02-17,canonical_02,5,4,angry,0.05504210330545902,0.023434751853346824,0.011120987590402365,0.01596594611182809,0.8422228455543518,0.011475183069705963,0.032298979721963404,0.00843916591256857,1,1,1,complete
01-05-02-01-01-17,02-01-05-02-01-01-17,02-01-05-02-01-01-17,data/raw/ravdess/video_speech/Video_Speech_Actor_17/Actor_17/02-01-05-02-01-01-17.mp4,17,valid,05,4,angry,02,01,01,01-01-05-02-01-01-17,fallback_01,/home/tonyhe/ravdess_avfusion/external/video_face_branch/early_fusion_facial_v2/fusion_pack_5f/sequences/01-01-05-02-01-01-17.npy,5,2048,01-01-05-02-01-01-17,fallback_01,5,4,angry,0.01757395248860121,0.010085608437657356,0.005317075084894896,0.003355297353118658,0.9486727237701416,0.003051272826269269,0.008661440014839173,0.003282641409896314,1,1,1,complete
01-05-02-01-02-17,02-01-05-02-01-02-17,02-01-05-02-01-02-17,data/raw/ravdess/video_speech/Video_Speech_Actor_17/Actor_17/02-01-05-02-01-02-17.mp4,17,valid,05,4,angry,02,01,02,02-01-05-02-01-02-17,canonical_02,/home/tonyhe/ravdess_avfusion/external/video_face_branch/early_fusion_facial_v2/fusion_pack_5f/sequences/02-01-05-02-01-02-17.npy,5,2048,02-01-05-02-01-02-17,canonical_02,5,4,angry,0.021247789077460767,0.010377018619328738,0.006631330261006952,0.004416300635784865,0.9400476455688477,0.0041731055825948715,0.008987657818943262,0.004119169455952943,1,1,1,complete
01-05-02-02-01-17,02-01-05-02-02-01-17,02-01-05-02-02-01-17,data/raw/ravdess/video_speech/Video_Speech_Actor_17/Actor_17/02-01-05-02-02-01-17.mp4,17,valid,05,4,angry,02,02,01,02-01-05-02-02-01-17,canonical_02,/home/tonyhe/ravdess_avfusion/external/video_face_branch/early_fusion_facial_v2/fusion_pack_5f/sequences/02-01-05-02-02-01-17.npy,5,2048,02-01-05-02-02-01-17,canonical_02,5,4,angry,0.019707260839641094,0.010322389472275973,0.006597101828083396,0.005563260614871978,0.9436007380485535,0.0031812799163162707,0.007658154424279928,0.0033698177896440027,1,1,1,complete
01-05-02-02-02-17,02-01-05-02-02-02-17,02-01-05-02-02-02-17,data/raw/ravdess/video_speech/Video_Speech_Actor_17/Actor_17/02-01-05-02-02-02-17.mp4,17,valid,05,4,angry,02,02,02,02-01-05-02-02-02-17,canonical_02,/home/tonyhe/ravdess_avfusion/external/video_face_branch/early_fusion_facial_v2/fusion_pack_5f/sequences/02-01-05-02-02-02-17.npy,5,2048,02-01-05-02-02-02-17,canonical_02,5,4,angry,0.02639554962515831,0.013224689289927483,0.007198511343449354,0.006407799711450934,0.928231132030487,0.0037673966027796267,0.010300698131322861,0.004474207013845444,1,1,1,complete
01-06-01-01-01-17,02-01-06-01-01-01-17,02-01-06-01-01-01-17,data/raw/ravdess/video_speech/Video_Speech_Actor_17/Actor_17/02-01-06-01-01-01-17.mp4,17,valid,06,5,fearful,01,01,01,02-01-06-01-01-01-17,canonical_02,/home/tonyhe/ravdess_avfusion/external/video_face_branch/early_fusion_facial_v2/fusion_pack_5f/sequences/02-01-06-01-01-01-17.npy,5,2048,02-01-06-01-01-01-17,canonical_02,5,4,angry,0.01935634184628725,0.019783363677561283,0.015565626602619887,0.009175794804468751,0.8865411877632141,0.009507810976356269,0.03549424484372139,0.004575579380616546,1,1,1,complete
01-06-01-01-02-17,02-01-06-01-01-02-17,02-01-06-01-01-02-17,data/raw/ravdess/video_speech/Video_Speech_Actor_17/Actor_17/02-01-06-01-01-02-17.mp4,17,valid,06,5,fearful,01,01,02,02-01-06-01-01-02-17,canonical_02,/home/tonyhe/ravdess_avfusion/external/video_face_branch/early_fusion_facial_v2/fusion_pack_5f/sequences/02-01-06-01-01-02-17.npy,5,2048,02-01-06-01-01-02-17,canonical_02,5,4,angry,0.025999935530126094,0.02642501499503851,0.007471014373004436,0.012773960921913385,0.8765798926353454,0.014568584505468607,0.025481001287698746,0.010700612468644977,1,1,1,complete
01-06-01-02-01-17,02-01-06-01-02-01-17,02-01-06-01-02-01-17,data/raw/ravdess/video_speech/Video_Speech_Actor_17/Actor_17/02-01-06-01-02-01-17.mp4,17,valid,06,5,fearful,01,02,01,02-01-06-01-02-01-17,canonical_02,/home/tonyhe/ravdess_avfusion/external/video_face_branch/early_fusion_facial_v2/fusion_pack_5f/sequences/02-01-06-01-02-01-17.npy,5,2048,02-01-06-01-02-01-17,canonical_02,5,4,angry,0.01567102372646332,0.021434259973466395,0.006155600678175688,0.008755747089162469,0.9306467294692993,0.0034279355546459555,0.008895581401884557,0.0050131640629842876,1,1,1,complete
01-06-01-02-02-17,02-01-06-01-02-02-17,02-01-06-01-02-02-17,data/raw/ravdess/video_speech/Video_Speech_Actor_17/Actor_17/02-01-06-01-02-02-17.mp4,17,valid,06,5,fearful,01,02,02,02-01-06-01-02-02-17,canonical_02,/home/tonyhe/ravdess_avfusion/external/video_face_branch/early_fusion_facial_v2/fusion_pack_5f/sequences/02-01-06-01-02-02-17.npy,5,2048,02-01-06-01-02-02-17,canonical_02,5,4,angry,0.022466821037232874,0.02654493385925889,0.08333770050667226,0.013055785186588764,0.7468782901763916,0.04206756856292486,0.05445158611983061,0.011197268893010915,1,1,1,complete
01-06-02-01-01-17,02-01-06-02-01-01-17,02-01-06-02-01-01-17,data/raw/ravdess/video_speech/Video_Speech_Actor_17/Actor_17/02-01-06-02-01-01-17.mp4,17,valid,06,5,fearful,02,01,01,02-01-06-02-01-01-17,canonical_02,/home/tonyhe/ravdess_avfusion/external/video_face_branch/early_fusion_facial_v2/fusion_pack_5f/sequences/02-01-06-02-01-01-17.npy,5,2048,02-01-06-02-01-01-17,canonical_02,5,4,angry,0.04197223447263241,0.06392065994441509,0.025055848993360996,0.0677492931485176,0.450100477039814,0.2845745349302888,0.029452456161379814,0.03717451449483633,1,1,1,complete
01-06-02-01-02-17,02-01-06-02-01-02-17,02-01-06-02-01-02-17,data/raw/ravdess/video_speech/Video_Speech_Actor_17/Actor_17/02-01-06-02-01-02-17.mp4,17,valid,06,5,fearful,02,01,02,02-01-06-02-01-02-17,canonical_02,/home/tonyhe/ravdess_avfusion/external/video_face_branch/early_fusion_facial_v2/fusion_pack_5f/sequences/02-01-06-02-01-02-17.npy,5,2048,02-01-06-02-01-02-17,canonical_02,5,4,angry,0.036416827142238616,0.09590987246483565,0.029937655292451383,0.1157160397619009,0.6035646617412567,0.05753501746803522,0.049921713024377826,0.010998209100216627,1,1,1,complete
01-06-02-02-01-17,02-01-06-02-02-01-17,02-01-06-02-02-01-17,data/raw/ravdess/video_speech/Video_Speech_Actor_17/Actor_17/02-01-06-02-02-01-17.mp4,17,valid,06,5,fearful,02,02,01,02-01-06-02-02-01-17,canonical_02,/home/tonyhe/ravdess_avfusion/external/video_face_branch/early_fusion_facial_v2/fusion_pack_5f/sequences/02-01-06-02-02-01-17.npy,5,2048,02-01-06-02-02-01-17,canonical_02,5,4,angry,0.0546670300886035,0.04464233685284853,0.04529355671256781,0.03639954894315452,0.6864632427692413,0.08248847210779786,0.03557582730427385,0.014470006665214896,1,1,1,complete
01-06-02-02-02-17,02-01-06-02-02-02-17,02-01-06-02-02-02-17,data/raw/ravdess/video_speech/Video_Speech_Actor_17/Actor_17/02-01-06-02-02-02-17.mp4,17,valid,06,5,fearful,02,02,02,02-01-06-02-02-02-17,canonical_02,/home/tonyhe/ravdess_avfusion/external/video_face_branch/early_fusion_facial_v2/fusion_pack_5f/sequences/02-01-06-02-02-02-17.npy,5,2048,02-01-06-02-02-02-17,canonical_02,5,4,angry,0.04808037504553795,0.05235699750483036,0.12501944079995156,0.024679664615541698,0.4003309100866318,0.22577523365616797,0.1036863673478365,0.020071053970605136,1,1,1,complete
01-07-01-01-01-17,02-01-07-01-01-01-17,02-01-07-01-01-01-17,data/raw/ravdess/video_speech/Video_Speech_Actor_17/Actor_17/02-01-07-01-01-01-17.mp4,17,valid,07,6,disgust,01,01,01,02-01-07-01-01-01-17,canonical_02,/home/tonyhe/ravdess_avfusion/external/video_face_branch/early_fusion_facial_v2/fusion_pack_5f/sequences/02-01-07-01-01-01-17.npy,5,2048,02-01-07-01-01-01-17,canonical_02,5,6,disgust,0.020382263138890265,0.011941095441579818,0.005501652043312788,0.0048501628916710615,0.016354663856327535,0.004902185732498765,0.9306211590766906,0.005446838401257992,1,1,1,complete
01-07-01-01-02-17,02-01-07-01-01-02-17,02-01-07-01-01-02-17,data/raw/ravdess/video_speech/Video_Speech_Actor_17/Actor_17/02-01-07-01-01-02-17.mp4,17,valid,07,6,disgust,01,01,02,02-01-07-01-01-02-17,canonical_02,/home/tonyhe/ravdess_avfusion/external/video_face_branch/early_fusion_facial_v2/fusion_pack_5f/sequences/02-01-07-01-01-02-17.npy,5,2048,02-01-07-01-01-02-17,canonical_02,5,6,disgust,0.020093556493520737,0.012097779475152493,0.006540436670184136,0.005615616170689464,0.016107387840747833,0.005235781893134117,0.928633177280426,0.005676234420388937,1,1,1,complete
01-07-01-02-01-17,02-01-07-01-02-01-17,02-01-07-01-02-01-17,data/raw/ravdess/video_speech/Video_Speech_Actor_17/Actor_17/02-01-07-01-02-01-17.mp4,17,valid,07,6,disgust,01,02,01,02-01-07-01-02-01-17,canonical_02,/home/tonyhe/ravdess_avfusion/external/video_face_branch/early_fusion_facial_v2/fusion_pack_5f/sequences/02-01-07-01-02-01-17.npy,5,2048,02-01-07-01-02-01-17,canonical_02,5,6,disgust,0.029722075350582598,0.023473118990659715,0.008831487037241459,0.0060318679548799995,0.06792220566421747,0.006919331289827824,0.848839271068573,0.008260657079517841,1,1,1,complete
01-07-01-02-02-17,02-01-07-01-02-02-17,02-01-07-01-02-02-17,data/raw/ravdess/video_speech/Video_Speech_Actor_17/Actor_17/02-01-07-01-02-02-17.mp4,17,valid,07,6,disgust,01,02,02,02-01-07-01-02-02-17,canonical_02,/home/tonyhe/ravdess_avfusion/external/video_face_branch/early_fusion_facial_v2/fusion_pack_5f/sequences/02-01-07-01-02-02-17.npy,5,2048,02-01-07-01-02-02-17,canonical_02,5,6,disgust,0.020707334950566293,0.015547621250152587,0.007041671220213175,0.004017174104228615,0.2182612892240286,0.005258236080408096,0.7224634213373065,0.006703293137252331,1,1,1,complete
01-07-02-01-01-17,02-01-07-02-01-01-17,02-01-07-02-01-01-17,data/raw/ravdess/video_speech/Video_Speech_Actor_17/Actor_17/02-01-07-02-01-01-17.mp4,17,valid,07,6,disgust,02,01,01,02-01-07-02-01-01-17,canonical_02,/home/tonyhe/ravdess_avfusion/external/video_face_branch/early_fusion_facial_v2/fusion_pack_5f/sequences/02-01-07-02-01-01-17.npy,5,2048,02-01-07-02-01-01-17,canonical_02,5,6,disgust,0.0249519981443882,0.01698428373783827,0.009395596757531165,0.007092501409351826,0.18378193452954292,0.00637489790096879,0.7453640639781952,0.0060547228902578356,1,1,1,complete
01-07-02-01-02-17,02-01-07-02-01-02-17,02-01-07-02-01-02-17,data/raw/ravdess/video_speech/Video_Speech_Actor_17/Actor_17/02-01-07-02-01-02-17.mp4,17,valid,07,6,disgust,02,01,02,02-01-07-02-01-02-17,canonical_02,/home/tonyhe/ravdess_avfusion/external/video_face_branch/early_fusion_facial_v2/fusion_pack_5f/sequences/02-01-07-02-01-02-17.npy,5,2048,02-01-07-02-01-02-17,canonical_02,5,6,disgust,0.0262960035353899,0.01775795053690672,0.010161473788321019,0.009502318780869245,0.04038884714245796,0.010182762518525124,0.8764492750167847,0.00926136877387762,1,1,1,complete
01-07-02-02-01-17,02-01-07-02-02-01-17,02-01-07-02-02-01-17,data/raw/ravdess/video_speech/Video_Speech_Actor_17/Actor_17/02-01-07-02-02-01-17.mp4,17,valid,07,6,disgust,02,02,01,02-01-07-02-02-01-17,canonical_02,/home/tonyhe/ravdess_avfusion/external/video_face_branch/early_fusion_facial_v2/fusion_pack_5f/sequences/02-01-07-02-02-01-17.npy,5,2048,02-01-07-02-02-01-17,canonical_02,5,6,disgust,0.030120280012488364,0.016543552838265897,0.010605444759130478,0.005848850309848786,0.2558645367622375,0.006895003840327263,0.6679604142904282,0.0061619262211024765,1,1,1,complete
01-07-02-02-02-17,02-01-07-02-02-02-17,02-01-07-02-02-02-17,data/raw/ravdess/video_speech/Video_Speech_Actor_17/Actor_17/02-01-07-02-02-02-17.mp4,17,valid,07,6,disgust,02,02,02,01-01-07-02-02-02-17,fallback_01,/home/tonyhe/ravdess_avfusion/external/video_face_branch/early_fusion_facial_v2/fusion_pack_5f/sequences/01-01-07-02-02-02-17.npy,5,2048,01-01-07-02-02-02-17,fallback_01,5,6,disgust,0.01675789449363947,0.009202559292316437,0.006546498835086822,0.005098535399883986,0.015649982541799546,0.0045230303891003135,0.9368430495262146,0.005378421861678362,1,1,1,complete
01-08-01-01-01-17,02-01-08-01-01-01-17,02-01-08-01-01-01-17,data/raw/ravdess/video_speech/Video_Speech_Actor_17/Actor_17/02-01-08-01-01-01-17.mp4,17,valid,08,7,surprise,01,01,01,02-01-08-01-01-01-17,canonical_02,/home/tonyhe/ravdess_avfusion/external/video_face_branch/early_fusion_facial_v2/fusion_pack_5f/sequences/02-01-08-01-01-01-17.npy,5,2048,02-01-08-01-01-01-17,canonical_02,5,4,angry,0.04976438246667385,0.04316081441938877,0.014469262585043908,0.018187280837446453,0.7160295009613037,0.010759398946538568,0.10286091547459364,0.044768438674509525,1,1,1,complete
01-08-01-01-02-17,02-01-08-01-01-02-17,02-01-08-01-01-02-17,data/raw/ravdess/video_speech/Video_Speech_Actor_17/Actor_17/02-01-08-01-01-02-17.mp4,17,valid,08,7,surprise,01,01,02,02-01-08-01-01-02-17,canonical_02,/home/tonyhe/ravdess_avfusion/external/video_face_branch/early_fusion_facial_v2/fusion_pack_5f/sequences/02-01-08-01-01-02-17.npy,5,2048,02-01-08-01-01-02-17,canonical_02,5,4,angry,0.02163676880300045,0.010173081373795866,0.006021344289183617,0.043099827412515876,0.8816519021987915,0.0036658345023170115,0.02660875772126019,0.007142478693276643,1,1,1,complete
01-08-01-02-01-17,02-01-08-01-02-01-17,02-01-08-01-02-01-17,data/raw/ravdess/video_speech/Video_Speech_Actor_17/Actor_17/02-01-08-01-02-01-17.mp4,17,valid,08,7,surprise,01,02,01,02-01-08-01-02-01-17,canonical_02,/home/tonyhe/ravdess_avfusion/external/video_face_branch/early_fusion_facial_v2/fusion_pack_5f/sequences/02-01-08-01-02-01-17.npy,5,2048,02-01-08-01-02-01-17,canonical_02,5,4,angry,0.03962404523044825,0.02062651114538312,0.008337796060368418,0.010933304578065873,0.7907994210720062,0.04370196857489646,0.06249450370669365,0.02348247617483139,1,1,1,complete
01-08-01-02-02-17,02-01-08-01-02-02-17,02-01-08-01-02-02-17,data/raw/ravdess/video_speech/Video_Speech_Actor_17/Actor_17/02-01-08-01-02-02-17.mp4,17,valid,08,7,surprise,01,02,02,02-01-08-01-02-02-17,canonical_02,/home/tonyhe/ravdess_avfusion/external/video_face_branch/early_fusion_facial_v2/fusion_pack_5f/sequences/02-01-08-01-02-02-17.npy,5,2048,02-01-08-01-02-02-17,canonical_02,5,4,angry,0.033103390224277975,0.048704631812870505,0.016287267860025167,0.011750167235732079,0.35879873782396315,0.006835465133190155,0.3031180609017611,0.22140226662158966,1,1,1,complete
01-08-02-01-01-17,02-01-08-02-01-01-17,02-01-08-02-01-01-17,data/raw/ravdess/video_speech/Video_Speech_Actor_17/Actor_17/02-01-08-02-01-01-17.mp4,17,valid,08,7,surprise,02,01,01,02-01-08-02-01-01-17,canonical_02,/home/tonyhe/ravdess_avfusion/external/video_face_branch/early_fusion_facial_v2/fusion_pack_5f/sequences/02-01-08-02-01-01-17.npy,5,2048,02-01-08-02-01-01-17,canonical_02,5,4,angry,0.030212582275271415,0.012775473855435848,0.0049344068858772515,0.0056826740503311155,0.8936840176582337,0.006963032018393278,0.040108532179147005,0.005639301799237728,1,1,1,complete
01-08-02-01-02-17,02-01-08-02-01-02-17,02-01-08-02-01-02-17,data/raw/ravdess/video_speech/Video_Speech_Actor_17/Actor_17/02-01-08-02-01-02-17.mp4,17,valid,08,7,surprise,02,01,02,02-01-08-02-01-02-17,canonical_02,/home/tonyhe/ravdess_avfusion/external/video_face_branch/early_fusion_facial_v2/fusion_pack_5f/sequences/02-01-08-02-01-02-17.npy,5,2048,02-01-08-02-01-02-17,canonical_02,5,4,angry,0.00857648579403758,0.0032607454806566237,0.001793470187112689,0.0031233510700985788,0.9765067219734191,0.002019467414356768,0.0030811466742306946,0.001638622093014419,1,1,1,complete
01-08-02-02-01-17,02-01-08-02-02-01-17,02-01-08-02-02-01-17,data/raw/ravdess/video_speech/Video_Speech_Actor_17/Actor_17/02-01-08-02-02-01-17.mp4,17,valid,08,7,surprise,02,02,01,02-01-08-02-02-01-17,canonical_02,/home/tonyhe/ravdess_avfusion/external/video_face_branch/early_fusion_facial_v2/fusion_pack_5f/sequences/02-01-08-02-02-01-17.npy,5,2048,02-01-08-02-02-01-17,canonical_02,5,4,angry,0.033297062292695044,0.008240192942321301,0.008631661091931165,0.05977200595661998,0.8004951238632202,0.06193467788398266,0.015315600950270892,0.012313643423840403,1,1,1,complete
01-08-02-02-02-17,02-01-08-02-02-02-17,02-01-08-02-02-02-17,data/raw/ravdess/video_speech/Video_Speech_Actor_17/Actor_17/02-01-08-02-02-02-17.mp4,17,valid,08,7,surprise,02,02,02,02-01-08-02-02-02-17,canonical_02,/home/tonyhe/ravdess_avfusion/external/video_face_branch/early_fusion_facial_v2/fusion_pack_5f/sequences/02-01-08-02-02-02-17.npy,5,2048,02-01-08-02-02-02-17,canonical_02,5,4,angry,0.012587469071149826,0.005954121425747872,0.004502228717319668,0.0028647636761888863,0.9501538157463074,0.014546008477918804,0.005687620909884572,0.003703970555216074,1,1,1,complete
01-01-01-01-01-18,02-01-01-01-01-01-18,02-01-01-01-01-01-18,data/raw/ravdess/video_speech/Video_Speech_Actor_18/Actor_18/02-01-01-01-01-01-18.mp4,18,valid,01,0,neutral,01,01,01,02-01-01-01-01-01-18,canonical_02,/home/tonyhe/ravdess_avfusion/external/video_face_branch/early_fusion_facial_v2/fusion_pack_5f/sequences/02-01-01-01-01-01-18.npy,5,2048,02-01-01-01-01-01-18,canonical_02,5,3,sad,0.015180066786706447,0.011478627379983664,0.010203641187399626,0.9321968197822571,0.005423333309590816,0.00750645836815238,0.009373337123543024,0.00863772863522172,1,1,1,complete
01-01-01-01-02-18,02-01-01-01-01-02-18,02-01-01-01-01-02-18,data/raw/ravdess/video_speech/Video_Speech_Actor_18/Actor_18/02-01-01-01-01-02-18.mp4,18,valid,01,0,neutral,01,01,02,02-01-01-01-01-02-18,canonical_02,/home/tonyhe/ravdess_avfusion/external/video_face_branch/early_fusion_facial_v2/fusion_pack_5f/sequences/02-01-01-01-01-02-18.npy,5,2048,02-01-01-01-01-02-18,canonical_02,5,3,sad,0.0151059003546834,0.012426322884857654,0.011042146570980549,0.9282262086868286,0.0065941732376813885,0.00784597285091877,0.010552309919148684,0.008207021281123161,1,1,1,complete
01-01-01-02-01-18,02-01-01-01-02-01-18,02-01-01-01-02-01-18,data/raw/ravdess/video_speech/Video_Speech_Actor_18/Actor_18/02-01-01-01-02-01-18.mp4,18,valid,01,0,neutral,01,02,01,02-01-01-01-02-01-18,canonical_02,/home/tonyhe/ravdess_avfusion/external/video_face_branch/early_fusion_facial_v2/fusion_pack_5f/sequences/02-01-01-01-02-01-18.npy,5,2048,02-01-01-01-02-01-18,canonical_02,5,3,sad,0.014023585617542267,0.010966293420642615,0.010565504990518093,0.9366335988044738,0.005152567103505134,0.006441973242908716,0.008298666309565305,0.007917765248566865,1,1,1,complete
01-01-01-02-02-18,02-01-01-01-02-02-18,02-01-01-01-02-02-18,data/raw/ravdess/video_speech/Video_Speech_Actor_18/Actor_18/02-01-01-01-02-02-18.mp4,18,valid,01,0,neutral,01,02,02,02-01-01-01-02-02-18,canonical_02,/home/tonyhe/ravdess_avfusion/external/video_face_branch/early_fusion_facial_v2/fusion_pack_5f/sequences/02-01-01-01-02-02-18.npy,5,2048,02-01-01-01-02-02-18,canonical_02,5,3,sad,0.014023585617542267,0.010966293420642615,0.010565504990518093,0.9366335988044738,0.005152567103505134,0.006441973242908716,0.008298666309565305,0.007917765248566865,1,1,1,complete
01-02-01-01-01-18,02-01-02-01-01-01-18,02-01-02-01-01-01-18,data/raw/ravdess/video_speech/Video_Speech_Actor_18/Actor_18/02-01-02-01-01-01-18.mp4,18,valid,02,1,calm,01,01,01,02-01-02-01-01-01-18,canonical_02,/home/tonyhe/ravdess_avfusion/external/video_face_branch/early_fusion_facial_v2/fusion_pack_5f/sequences/02-01-02-01-01-01-18.npy,5,2048,02-01-02-01-01-01-18,canonical_02,5,1,calm,0.023460317216813565,0.4779292106628418,0.1690723542124033,0.2540856681764126,0.017375596892088653,0.019080972671508788,0.020573514327406884,0.01842234153300524,1,1,1,complete
01-02-01-01-02-18,02-01-02-01-01-02-18,02-01-02-01-01-02-18,data/raw/ravdess/video_speech/Video_Speech_Actor_18/Actor_18/02-01-02-01-01-02-18.mp4,18,valid,02,1,calm,01,01,02,02-01-02-01-01-02-18,canonical_02,/home/tonyhe/ravdess_avfusion/external/video_face_branch/early_fusion_facial_v2/fusion_pack_5f/sequences/02-01-02-01-01-02-18.npy,5,2048,02-01-02-01-01-02-18,canonical_02,5,3,sad,0.029816275089979173,0.24248798787593842,0.30308260414749383,0.33767794370651244,0.020102054905146362,0.025380578078329562,0.020626067742705347,0.020826493576169013,1,1,1,complete
01-02-01-02-01-18,02-01-02-01-02-01-18,02-01-02-01-02-01-18,data/raw/ravdess/video_speech/Video_Speech_Actor_18/Actor_18/02-01-02-01-02-01-18.mp4,18,valid,02,1,calm,01,02,01,02-01-02-01-02-01-18,canonical_02,/home/tonyhe/ravdess_avfusion/external/video_face_branch/early_fusion_facial_v2/fusion_pack_5f/sequences/02-01-02-01-02-01-18.npy,5,2048,02-01-02-01-02-01-18,canonical_02,5,1,calm,0.020401735976338386,0.45529540777206423,0.12688170801848173,0.3234111055731773,0.01344947014003992,0.018123315647244453,0.020634466037154197,0.02180278655141592,1,1,1,complete
01-02-01-02-02-18,02-01-02-01-02-02-18,02-01-02-01-02-02-18,data/raw/ravdess/video_speech/Video_Speech_Actor_18/Actor_18/02-01-02-01-02-02-18.mp4,18,valid,02,1,calm,01,02,02,02-01-02-01-02-02-18,canonical_02,/home/tonyhe/ravdess_avfusion/external/video_face_branch/early_fusion_facial_v2/fusion_pack_5f/sequences/02-01-02-01-02-02-18.npy,5,2048,02-01-02-01-02-02-18,canonical_02,5,1,calm,0.01622259560972452,0.802203917503357,0.024800201505422594,0.09252696037292481,0.012651730887591838,0.01734517365694046,0.017575799115002157,0.016673569008708,1,1,1,complete
01-02-02-01-01-18,02-01-02-02-01-01-18,02-01-02-02-01-01-18,data/raw/ravdess/video_speech/Video_Speech_Actor_18/Actor_18/02-01-02-02-01-01-18.mp4,18,valid,02,1,calm,02,01,01,02-01-02-02-01-01-18,canonical_02,/home/tonyhe/ravdess_avfusion/external/video_face_branch/early_fusion_facial_v2/fusion_pack_5f/sequences/02-01-02-02-01-01-18.npy,5,2048,02-01-02-02-01-01-18,canonical_02,5,1,calm,0.023651673644781112,0.5068659901618957,0.13235962986946107,0.24520819038152694,0.01616412531584501,0.023580806516110896,0.0305161789059639,0.021653410978615284,1,1,1,complete
01-02-02-01-02-18,02-01-02-02-01-02-18,02-01-02-02-01-02-18,data/raw/ravdess/video_speech/Video_Speech_Actor_18/Actor_18/02-01-02-02-01-02-18.mp4,18,valid,02,1,calm,02,01,02,02-01-02-02-01-02-18,canonical_02,/home/tonyhe/ravdess_avfusion/external/video_face_branch/early_fusion_facial_v2/fusion_pack_5f/sequences/02-01-02-02-01-02-18.npy,5,2048,02-01-02-02-01-02-18,canonical_02,5,1,calm,0.02072733473032713,0.6804394483566284,0.051173238456249236,0.16445730477571488,0.013567212782800198,0.024986430257558822,0.026123792678117753,0.018525228090584277,1,1,1,complete
01-02-02-02-01-18,02-01-02-02-02-01-18,02-01-02-02-02-01-18,data/raw/ravdess/video_speech/Video_Speech_Actor_18/Actor_18/02-01-02-02-02-01-18.mp4,18,valid,02,1,calm,02,02,01,02-01-02-02-02-01-18,canonical_02,/home/tonyhe/ravdess_avfusion/external/video_face_branch/early_fusion_facial_v2/fusion_pack_5f/sequences/02-01-02-02-02-01-18.npy,5,2048,02-01-02-02-02-01-18,canonical_02,5,1,calm,0.025429194048047065,0.5997863411903381,0.11944940015673637,0.17345611043274403,0.0135553739964962,0.026835421472787856,0.01912851333618164,0.02235967982560396,1,1,1,complete
01-02-02-02-02-18,02-01-02-02-02-02-18,02-01-02-02-02-02-18,data/raw/ravdess/video_speech/Video_Speech_Actor_18/Actor_18/02-01-02-02-02-02-18.mp4,18,valid,02,1,calm,02,02,02,02-01-02-02-02-02-18,canonical_02,/home/tonyhe/ravdess_avfusion/external/video_face_branch/early_fusion_facial_v2/fusion_pack_5f/sequences/02-01-02-02-02-02-18.npy,5,2048,02-01-02-02-02-02-18,canonical_02,5,1,calm,0.020934395864605902,0.6095643848180771,0.10901079420000315,0.1807031214237213,0.012547638081014157,0.0177959805354476,0.022753536142408846,0.026690131798386574,1,1,1,complete
01-03-01-01-01-18,02-01-03-01-01-01-18,02-01-03-01-01-01-18,data/raw/ravdess/video_speech/Video_Speech_Actor_18/Actor_18/02-01-03-01-01-01-18.mp4,18,valid,03,2,happy,01,01,01,02-01-03-01-01-01-18,canonical_02,/home/tonyhe/ravdess_avfusion/external/video_face_branch/early_fusion_facial_v2/fusion_pack_5f/sequences/02-01-03-01-01-01-18.npy,5,2048,02-01-03-01-01-01-18,canonical_02,5,2,happy,0.021705502457916737,0.2207193873822689,0.512745089828968,0.1802823280915618,0.01027053352445364,0.01930843722075224,0.015176868811249734,0.01979187596589327,1,1,1,complete
01-03-01-01-02-18,02-01-03-01-01-02-18,02-01-03-01-01-02-18,data/raw/ravdess/video_speech/Video_Speech_Actor_18/Actor_18/02-01-03-01-01-02-18.mp4,18,valid,03,2,happy,01,01,02,02-01-03-01-01-02-18,canonical_02,/home/tonyhe/ravdess_avfusion/external/video_face_branch/early_fusion_facial_v2/fusion_pack_5f/sequences/02-01-03-01-01-02-18.npy,5,2048,02-01-03-01-01-02-18,canonical_02,5,2,happy,0.022311412915587425,0.18232621103525162,0.660430402122438,0.0531316988170147,0.010979485791176557,0.02788144089281559,0.015409314073622227,0.027530030719935893,1,1,1,complete
01-03-01-02-01-18,02-01-03-01-02-01-18,02-01-03-01-02-01-18,data/raw/ravdess/video_speech/Video_Speech_Actor_18/Actor_18/02-01-03-01-02-01-18.mp4,18,valid,03,2,happy,01,02,01,02-01-03-01-02-01-18,canonical_02,/home/tonyhe/ravdess_avfusion/external/video_face_branch/early_fusion_facial_v2/fusion_pack_5f/sequences/02-01-03-01-02-01-18.npy,5,2048,02-01-03-01-02-01-18,canonical_02,5,2,happy,0.029850641451776027,0.2119199376553297,0.5828014751896262,0.10748312249779701,0.013537691440433264,0.019416248612105846,0.021655717678368092,0.013335136882960796,1,1,1,complete
01-03-01-02-02-18,02-01-03-01-02-02-18,02-01-03-01-02-02-18,data/raw/ravdess/video_speech/Video_Speech_Actor_18/Actor_18/02-01-03-01-02-02-18.mp4,18,valid,03,2,happy,01,02,02,02-01-03-01-02-02-18,canonical_02,/home/tonyhe/ravdess_avfusion/external/video_face_branch/early_fusion_facial_v2/fusion_pack_5f/sequences/02-01-03-01-02-02-18.npy,5,2048,02-01-03-01-02-02-18,canonical_02,5,2,happy,0.025560630671679973,0.2508482664823532,0.4554984360933304,0.21299173459410667,0.01283654160797596,0.014145588688552379,0.015281750075519084,0.012837043590843677,1,1,1,complete
01-03-02-01-01-18,02-01-03-02-01-01-18,02-01-03-02-01-01-18,data/raw/ravdess/video_speech/Video_Speech_Actor_18/Actor_18/02-01-03-02-01-01-18.mp4,18,valid,03,2,happy,02,01,01,02-01-03-02-01-01-18,canonical_02,/home/tonyhe/ravdess_avfusion/external/video_face_branch/early_fusion_facial_v2/fusion_pack_5f/sequences/02-01-03-02-01-01-18.npy,5,2048,02-01-03-02-01-01-18,canonical_02,5,2,happy,0.029457604885101317,0.025910457782447337,0.7303463757038117,0.06867758855223656,0.015712702833116054,0.0942940279841423,0.01658811215311289,0.019013127498328685,1,1,1,complete
01-03-02-01-02-18,02-01-03-02-01-02-18,02-01-03-02-01-02-18,data/raw/ravdess/video_speech/Video_Speech_Actor_18/Actor_18/02-01-03-02-01-02-18.mp4,18,valid,03,2,happy,02,01,02,02-01-03-02-01-02-18,canonical_02,/home/tonyhe/ravdess_avfusion/external/video_face_branch/early_fusion_facial_v2/fusion_pack_5f/sequences/02-01-03-02-01-02-18.npy,5,2048,02-01-03-02-01-02-18,canonical_02,5,2,happy,0.02941693030297756,0.021927697397768498,0.7137423813343048,0.14427060186862944,0.01824829410761595,0.02909295614808798,0.021862205117940903,0.021438915468752383,1,1,1,complete
01-03-02-02-01-18,02-01-03-02-02-01-18,02-01-03-02-02-01-18,data/raw/ravdess/video_speech/Video_Speech_Actor_18/Actor_18/02-01-03-02-02-01-18.mp4,18,valid,03,2,happy,02,02,01,02-01-03-02-02-01-18,canonical_02,/home/tonyhe/ravdess_avfusion/external/video_face_branch/early_fusion_facial_v2/fusion_pack_5f/sequences/02-01-03-02-02-01-18.npy,5,2048,02-01-03-02-02-01-18,canonical_02,5,2,happy,0.019858231768012047,0.05574970617890358,0.6934057135134936,0.15650349780917167,0.01206580325961113,0.02807670086622238,0.013437249511480332,0.02090310091152787,1,1,1,complete
01-03-02-02-02-18,02-01-03-02-02-02-18,02-01-03-02-02-02-18,data/raw/ravdess/video_speech/Video_Speech_Actor_18/Actor_18/02-01-03-02-02-02-18.mp4,18,valid,03,2,happy,02,02,02,02-01-03-02-02-02-18,canonical_02,/home/tonyhe/ravdess_avfusion/external/video_face_branch/early_fusion_facial_v2/fusion_pack_5f/sequences/02-01-03-02-02-02-18.npy,5,2048,02-01-03-02-02-02-18,canonical_02,5,2,happy,0.03279164731502533,0.02377212084829807,0.7202825248241425,0.04149974286556244,0.015479144640266895,0.07836137544363737,0.016556199453771115,0.07125723287463188,1,1,1,complete
01-04-01-01-01-18,02-01-04-01-01-01-18,02-01-04-01-01-01-18,data/raw/ravdess/video_speech/Video_Speech_Actor_18/Actor_18/02-01-04-01-01-01-18.mp4,18,valid,04,3,sad,01,01,01,02-01-04-01-01-01-18,canonical_02,/home/tonyhe/ravdess_avfusion/external/video_face_branch/early_fusion_facial_v2/fusion_pack_5f/sequences/02-01-04-01-01-01-18.npy,5,2048,02-01-04-01-01-01-18,canonical_02,5,3,sad,0.011980731226503848,0.020998569577932356,0.010216093249619007,0.8960592389106751,0.007344434503465891,0.01091951560229063,0.03279797285795212,0.009683453477919102,1,1,1,complete
01-04-01-01-02-18,02-01-04-01-01-02-18,02-01-04-01-01-02-18,data/raw/ravdess/video_speech/Video_Speech_Actor_18/Actor_18/02-01-04-01-01-02-18.mp4,18,valid,04,3,sad,01,01,02,02-01-04-01-01-02-18,canonical_02,/home/tonyhe/ravdess_avfusion/external/video_face_branch/early_fusion_facial_v2/fusion_pack_5f/sequences/02-01-04-01-01-02-18.npy,5,2048,02-01-04-01-01-02-18,canonical_02,5,6,disgust,0.011801353050395846,0.02415665164589882,0.009030661871656775,0.4050549674779177,0.006891049118712545,0.01026499723084271,0.5234339632093906,0.00936635748948902,1,1,1,complete
01-04-01-02-01-18,02-01-04-01-02-01-18,02-01-04-01-02-01-18,data/raw/ravdess/video_speech/Video_Speech_Actor_18/Actor_18/02-01-04-01-02-01-18.mp4,18,valid,04,3,sad,01,02,01,02-01-04-01-02-01-18,canonical_02,/home/tonyhe/ravdess_avfusion/external/video_face_branch/early_fusion_facial_v2/fusion_pack_5f/sequences/02-01-04-01-02-01-18.npy,5,2048,02-01-04-01-02-01-18,canonical_02,5,3,sad,0.014552800729870797,0.028079627454280852,0.010801159217953682,0.8812924385070801,0.009158849902451038,0.014304730296134948,0.028870810009539127,0.01293954746797681,1,1,1,complete
01-04-01-02-02-18,02-01-04-01-02-02-18,02-01-04-01-02-02-18,data/raw/ravdess/video_speech/Video_Speech_Actor_18/Actor_18/02-01-04-01-02-02-18.mp4,18,valid,04,3,sad,01,02,02,02-01-04-01-02-02-18,canonical_02,/home/tonyhe/ravdess_avfusion/external/video_face_branch/early_fusion_facial_v2/fusion_pack_5f/sequences/02-01-04-01-02-02-18.npy,5,2048,02-01-04-01-02-02-18,canonical_02,5,3,sad,0.014975678361952304,0.023394810408353804,0.010985856130719184,0.7898913025856018,0.014449853263795377,0.0202719621360302,0.11364254280924797,0.012387952767312527,1,1,1,complete
01-04-02-01-01-18,02-01-04-02-01-01-18,02-01-04-02-01-01-18,data/raw/ravdess/video_speech/Video_Speech_Actor_18/Actor_18/02-01-04-02-01-01-18.mp4,18,valid,04,3,sad,02,01,01,02-01-04-02-01-01-18,canonical_02,/home/tonyhe/ravdess_avfusion/external/video_face_branch/early_fusion_facial_v2/fusion_pack_5f/sequences/02-01-04-02-01-01-18.npy,5,2048,02-01-04-02-01-01-18,canonical_02,5,3,sad,0.022526188381016256,0.030286459624767302,0.019072137586772443,0.7588650345802307,0.012932730559259652,0.013525193743407726,0.13600868731737137,0.006783581618219614,1,1,1,complete
01-04-02-01-02-18,02-01-04-02-01-02-18,02-01-04-02-01-02-18,data/raw/ravdess/video_speech/Video_Speech_Actor_18/Actor_18/02-01-04-02-01-02-18.mp4,18,valid,04,3,sad,02,01,02,02-01-04-02-01-02-18,canonical_02,/home/tonyhe/ravdess_avfusion/external/video_face_branch/early_fusion_facial_v2/fusion_pack_5f/sequences/02-01-04-02-01-02-18.npy,5,2048,02-01-04-02-01-02-18,canonical_02,5,3,sad,0.017231748998165132,0.04621913470327854,0.017924640886485578,0.5812947548925876,0.008876333944499493,0.012321436498314142,0.30794671438634397,0.008185272011905909,1,1,1,complete
01-04-02-02-01-18,02-01-04-02-02-01-18,02-01-04-02-02-01-18,data/raw/ravdess/video_speech/Video_Speech_Actor_18/Actor_18/02-01-04-02-02-01-18.mp4,18,valid,04,3,sad,02,02,01,02-01-04-02-02-01-18,canonical_02,/home/tonyhe/ravdess_avfusion/external/video_face_branch/early_fusion_facial_v2/fusion_pack_5f/sequences/02-01-04-02-02-01-18.npy,5,2048,02-01-04-02-02-01-18,canonical_02,5,3,sad,0.020970367453992368,0.04764065556228161,0.02186225075274706,0.5211532965302468,0.012061654031276703,0.015942253358662128,0.3471988007426262,0.013170721847563982,1,1,1,complete
01-04-02-02-02-18,02-01-04-02-02-02-18,02-01-04-02-02-02-18,data/raw/ravdess/video_speech/Video_Speech_Actor_18/Actor_18/02-01-04-02-02-02-18.mp4,18,valid,04,3,sad,02,02,02,02-01-04-02-02-02-18,canonical_02,/home/tonyhe/ravdess_avfusion/external/video_face_branch/early_fusion_facial_v2/fusion_pack_5f/sequences/02-01-04-02-02-02-18.npy,5,2048,02-01-04-02-02-02-18,canonical_02,5,3,sad,0.017112427018582822,0.034886056929826735,0.019327026791870594,0.5861327528953553,0.0195216185413301,0.014580421708524227,0.2995352208614349,0.008904470689594745,1,1,1,complete
01-05-01-01-01-18,02-01-05-01-01-01-18,02-01-05-01-01-01-18,data/raw/ravdess/video_speech/Video_Speech_Actor_18/Actor_18/02-01-05-01-01-01-18.mp4,18,valid,05,4,angry,01,01,01,02-01-05-01-01-01-18,canonical_02,/home/tonyhe/ravdess_avfusion/external/video_face_branch/early_fusion_facial_v2/fusion_pack_5f/sequences/02-01-05-01-01-01-18.npy,5,2048,02-01-05-01-01-01-18,canonical_02,5,3,sad,0.014673057571053505,0.018366875709034503,0.01265807431191206,0.6661069810390472,0.1446914438623935,0.11368881557136774,0.02150589427910745,0.008308896888047456,1,1,1,complete
01-05-01-01-02-18,02-01-05-01-01-02-18,02-01-05-01-01-02-18,data/raw/ravdess/video_speech/Video_Speech_Actor_18/Actor_18/02-01-05-01-01-02-18.mp4,18,valid,05,4,angry,01,01,02,02-01-05-01-01-02-18,canonical_02,/home/tonyhe/ravdess_avfusion/external/video_face_branch/early_fusion_facial_v2/fusion_pack_5f/sequences/02-01-05-01-01-02-18.npy,5,2048,02-01-05-01-01-02-18,canonical_02,5,3,sad,0.025355591811239718,0.08151474865153432,0.0235883723013103,0.3849063452333212,0.23234234256669878,0.22444306649267673,0.01959964707493782,0.00824988572858274,1,1,1,complete
01-05-01-02-01-18,02-01-05-01-02-01-18,02-01-05-01-02-01-18,data/raw/ravdess/video_speech/Video_Speech_Actor_18/Actor_18/02-01-05-01-02-01-18.mp4,18,valid,05,4,angry,01,02,01,02-01-05-01-02-01-18,canonical_02,/home/tonyhe/ravdess_avfusion/external/video_face_branch/early_fusion_facial_v2/fusion_pack_5f/sequences/02-01-05-01-02-01-18.npy,5,2048,02-01-05-01-02-01-18,canonical_02,5,3,sad,0.008037303574383259,0.01404926422983408,0.007878000847995281,0.7615137472748756,0.18556572161614895,0.007202359754592181,0.007890187576413155,0.00786338560283184,1,1,1,complete
01-05-01-02-02-18,02-01-05-01-02-02-18,02-01-05-01-02-02-18,data/raw/ravdess/video_speech/Video_Speech_Actor_18/Actor_18/02-01-05-01-02-02-18.mp4,18,valid,05,4,angry,01,02,02,02-01-05-01-02-02-18,canonical_02,/home/tonyhe/ravdess_avfusion/external/video_face_branch/early_fusion_facial_v2/fusion_pack_5f/sequences/02-01-05-01-02-02-18.npy,5,2048,02-01-05-01-02-02-18,canonical_02,5,3,sad,0.01760548185557127,0.03414199696853757,0.010670660249888896,0.6356694892048835,0.03820031313225627,0.23037095377221703,0.01371341161429882,0.019627684354782106,1,1,1,complete
01-05-02-01-01-18,02-01-05-02-01-01-18,02-01-05-02-01-01-18,data/raw/ravdess/video_speech/Video_Speech_Actor_18/Actor_18/02-01-05-02-01-01-18.mp4,18,valid,05,4,angry,02,01,01,02-01-05-02-01-01-18,canonical_02,/home/tonyhe/ravdess_avfusion/external/video_face_branch/early_fusion_facial_v2/fusion_pack_5f/sequences/02-01-05-02-01-01-18.npy,5,2048,02-01-05-02-01-01-18,canonical_02,5,3,sad,0.01406823042780161,0.0132047014310956,0.19089773651212455,0.3743422955274582,0.19304173905402422,0.017405932396650316,0.17812742087990047,0.018911899998784065,1,1,1,complete
01-05-02-01-02-18,02-01-05-02-01-02-18,02-01-05-02-01-02-18,data/raw/ravdess/video_speech/Video_Speech_Actor_18/Actor_18/02-01-05-02-01-02-18.mp4,18,valid,05,4,angry,02,01,02,02-01-05-02-01-02-18,canonical_02,/home/tonyhe/ravdess_avfusion/external/video_face_branch/early_fusion_facial_v2/fusion_pack_5f/sequences/02-01-05-02-01-02-18.npy,5,2048,02-01-05-02-01-02-18,canonical_02,5,3,sad,0.022103643417358397,0.020433964394032954,0.14020560244098307,0.3924212263897061,0.052806228026747705,0.1697182383388281,0.1786186912097037,0.023692404106259345,1,1,1,complete
01-05-02-02-01-18,02-01-05-02-02-01-18,02-01-05-02-02-01-18,data/raw/ravdess/video_speech/Video_Speech_Actor_18/Actor_18/02-01-05-02-02-01-18.mp4,18,valid,05,4,angry,02,02,01,02-01-05-02-02-01-18,canonical_02,/home/tonyhe/ravdess_avfusion/external/video_face_branch/early_fusion_facial_v2/fusion_pack_5f/sequences/02-01-05-02-02-01-18.npy,5,2048,02-01-05-02-02-01-18,canonical_02,5,3,sad,0.019950616732239725,0.09710017200559377,0.21603369507938625,0.3345296477898955,0.07490371577441693,0.025197924952954052,0.21418522745370866,0.01809901436790824,1,1,1,complete
01-05-02-02-02-18,02-01-05-02-02-02-18,02-01-05-02-02-02-18,data/raw/ravdess/video_speech/Video_Speech_Actor_18/Actor_18/02-01-05-02-02-02-18.mp4,18,valid,05,4,angry,02,02,02,02-01-05-02-02-02-18,canonical_02,/home/tonyhe/ravdess_avfusion/external/video_face_branch/early_fusion_facial_v2/fusion_pack_5f/sequences/02-01-05-02-02-02-18.npy,5,2048,02-01-05-02-02-02-18,canonical_02,5,2,happy,0.02350653950124979,0.02712694015353918,0.2438646823167801,0.19200396006926895,0.2127192884683609,0.2412465162575245,0.022582312300801276,0.0369497686624527,1,1,1,complete
01-06-01-01-01-18,02-01-06-01-01-01-18,02-01-06-01-01-01-18,data/raw/ravdess/video_speech/Video_Speech_Actor_18/Actor_18/02-01-06-01-01-01-18.mp4,18,valid,06,5,fearful,01,01,01,02-01-06-01-01-01-18,canonical_02,/home/tonyhe/ravdess_avfusion/external/video_face_branch/early_fusion_facial_v2/fusion_pack_5f/sequences/02-01-06-01-01-01-18.npy,5,2048,02-01-06-01-01-01-18,canonical_02,5,3,sad,0.01168696889653802,0.008563583437353372,0.0064741851761937145,0.3790556451305747,0.007211500126868486,0.35855697803199293,0.2230009469203651,0.005450154840946198,1,1,1,complete
01-06-01-01-02-18,02-01-06-01-01-02-18,02-01-06-01-01-02-18,data/raw/ravdess/video_speech/Video_Speech_Actor_18/Actor_18/02-01-06-01-01-02-18.mp4,18,valid,06,5,fearful,01,01,02,02-01-06-01-01-02-18,canonical_02,/home/tonyhe/ravdess_avfusion/external/video_face_branch/early_fusion_facial_v2/fusion_pack_5f/sequences/02-01-06-01-01-02-18.npy,5,2048,02-01-06-01-01-02-18,canonical_02,5,5,fearful,0.022482104040682314,0.016188118048012255,0.012846390157938004,0.36322133988142014,0.00933540826663375,0.4250385720282793,0.14183456897735597,0.00905349338427186,1,1,1,complete
01-06-01-02-01-18,02-01-06-01-02-01-18,02-01-06-01-02-01-18,data/raw/ravdess/video_speech/Video_Speech_Actor_18/Actor_18/02-01-06-01-02-01-18.mp4,18,valid,06,5,fearful,01,02,01,02-01-06-01-02-01-18,canonical_02,/home/tonyhe/ravdess_avfusion/external/video_face_branch/early_fusion_facial_v2/fusion_pack_5f/sequences/02-01-06-01-02-01-18.npy,5,2048,02-01-06-01-02-01-18,canonical_02,5,6,disgust,0.009625436132773757,0.006899275188334286,0.006344751664437353,0.2637864135205746,0.004731262964196503,0.034313241671770814,0.6695879478007555,0.004711657552979887,1,1,1,complete
01-06-01-02-02-18,02-01-06-01-02-02-18,02-01-06-01-02-02-18,data/raw/ravdess/video_speech/Video_Speech_Actor_18/Actor_18/02-01-06-01-02-02-18.mp4,18,valid,06,5,fearful,01,02,02,02-01-06-01-02-02-18,canonical_02,/home/tonyhe/ravdess_avfusion/external/video_face_branch/early_fusion_facial_v2/fusion_pack_5f/sequences/02-01-06-01-02-02-18.npy,5,2048,02-01-06-01-02-02-18,canonical_02,5,3,sad,0.0197358425706625,0.011915439367294311,0.009631151426583528,0.43305358327925203,0.010735420603305101,0.2754758380353451,0.23196161948144436,0.007491103652864694,1,1,1,complete
01-06-02-01-01-18,02-01-06-02-01-01-18,02-01-06-02-01-01-18,data/raw/ravdess/video_speech/Video_Speech_Actor_18/Actor_18/02-01-06-02-01-01-18.mp4,18,valid,06,5,fearful,02,01,01,02-01-06-02-01-01-18,canonical_02,/home/tonyhe/ravdess_avfusion/external/video_face_branch/early_fusion_facial_v2/fusion_pack_5f/sequences/02-01-06-02-01-01-18.npy,5,2048,02-01-06-02-01-01-18,canonical_02,5,3,sad,0.01643037237226963,0.009793863771483302,0.012072461377829313,0.4910211215727031,0.006738339643925428,0.35096587892621756,0.10431771585717797,0.008660277538001537,1,1,1,complete
01-06-02-01-02-18,02-01-06-02-01-02-18,02-01-06-02-01-02-18,data/raw/ravdess/video_speech/Video_Speech_Actor_18/Actor_18/02-01-06-02-01-02-18.mp4,18,valid,06,5,fearful,02,01,02,02-01-06-02-01-02-18,canonical_02,/home/tonyhe/ravdess_avfusion/external/video_face_branch/early_fusion_facial_v2/fusion_pack_5f/sequences/02-01-06-02-01-02-18.npy,5,2048,02-01-06-02-01-02-18,canonical_02,5,5,fearful,0.01706560142338276,0.012870208360254765,0.011843371484428645,0.27105939760804176,0.00703577259555459,0.6341380891390145,0.01535886274650693,0.030628675222396852,1,1,1,complete
01-06-02-02-01-18,02-01-06-02-02-01-18,02-01-06-02-02-01-18,data/raw/ravdess/video_speech/Video_Speech_Actor_18/Actor_18/02-01-06-02-02-01-18.mp4,18,valid,06,5,fearful,02,02,01,02-01-06-02-02-01-18,canonical_02,/home/tonyhe/ravdess_avfusion/external/video_face_branch/early_fusion_facial_v2/fusion_pack_5f/sequences/02-01-06-02-02-01-18.npy,5,2048,02-01-06-02-02-01-18,canonical_02,5,6,disgust,0.014394303411245346,0.012522007711231709,0.010449702758342028,0.26184353306889535,0.009083191771060229,0.19300683438777924,0.4876696249470115,0.01103080827742815,1,1,1,complete
01-06-02-02-02-18,02-01-06-02-02-02-18,02-01-06-02-02-02-18,data/raw/ravdess/video_speech/Video_Speech_Actor_18/Actor_18/02-01-06-02-02-02-18.mp4,18,valid,06,5,fearful,02,02,02,02-01-06-02-02-02-18,canonical_02,/home/tonyhe/ravdess_avfusion/external/video_face_branch/early_fusion_facial_v2/fusion_pack_5f/sequences/02-01-06-02-02-02-18.npy,5,2048,02-01-06-02-02-02-18,canonical_02,5,5,fearful,0.018258834816515447,0.010374387074261904,0.011774366162717343,0.1964562692679465,0.010178984142839909,0.7134163226932287,0.03112183753401041,0.00841901358217001,1,1,1,complete
01-07-01-01-01-18,02-01-07-01-01-01-18,02-01-07-01-01-01-18,data/raw/ravdess/video_speech/Video_Speech_Actor_18/Actor_18/02-01-07-01-01-01-18.mp4,18,valid,07,6,disgust,01,01,01,02-01-07-01-01-01-18,canonical_02,/home/tonyhe/ravdess_avfusion/external/video_face_branch/early_fusion_facial_v2/fusion_pack_5f/sequences/02-01-07-01-01-01-18.npy,5,2048,02-01-07-01-01-01-18,canonical_02,5,3,sad,0.012722896318882704,0.013633120292797684,0.00806119991466403,0.5348452690988779,0.006352027505636215,0.010854486282914877,0.40855856500566007,0.004972433904185891,1,1,1,complete
01-07-01-01-02-18,02-01-07-01-01-02-18,02-01-07-01-01-02-18,data/raw/ravdess/video_speech/Video_Speech_Actor_18/Actor_18/02-01-07-01-01-02-18.mp4,18,valid,07,6,disgust,01,01,02,02-01-07-01-01-02-18,canonical_02,/home/tonyhe/ravdess_avfusion/external/video_face_branch/early_fusion_facial_v2/fusion_pack_5f/sequences/02-01-07-01-01-02-18.npy,5,2048,02-01-07-01-01-02-18,canonical_02,5,3,sad,0.01331594418734312,0.017985768243670465,0.008986084721982479,0.5829262353479863,0.006761184241622686,0.014690456725656987,0.34812845252454283,0.007205879501998425,1,1,1,complete
01-07-01-02-01-18,02-01-07-01-02-01-18,02-01-07-01-02-01-18,data/raw/ravdess/video_speech/Video_Speech_Actor_18/Actor_18/02-01-07-01-02-01-18.mp4,18,valid,07,6,disgust,01,02,01,02-01-07-01-02-01-18,canonical_02,/home/tonyhe/ravdess_avfusion/external/video_face_branch/early_fusion_facial_v2/fusion_pack_5f/sequences/02-01-07-01-02-01-18.npy,5,2048,02-01-07-01-02-01-18,canonical_02,5,6,disgust,0.010404035821557045,0.012058364041149617,0.007447701040655374,0.1892874694429338,0.006019613100215792,0.008773930324241518,0.7587372798472642,0.007271554600447416,1,1,1,complete
01-07-01-02-02-18,02-01-07-01-02-02-18,02-01-07-01-02-02-18,data/raw/ravdess/video_speech/Video_Speech_Actor_18/Actor_18/02-01-07-01-02-02-18.mp4,18,valid,07,6,disgust,01,02,02,02-01-07-01-02-02-18,canonical_02,/home/tonyhe/ravdess_avfusion/external/video_face_branch/early_fusion_facial_v2/fusion_pack_5f/sequences/02-01-07-01-02-02-18.npy,5,2048,02-01-07-01-02-02-18,canonical_02,5,6,disgust,0.011104093678295613,0.009222026541829109,0.009323171200230717,0.3839626481756568,0.01628015423193574,0.01242118263617158,0.5519937049597502,0.005693025374785066,1,1,1,complete
01-07-02-01-01-18,02-01-07-02-01-01-18,02-01-07-02-01-01-18,data/raw/ravdess/video_speech/Video_Speech_Actor_18/Actor_18/02-01-07-02-01-01-18.mp4,18,valid,07,6,disgust,02,01,01,02-01-07-02-01-01-18,canonical_02,/home/tonyhe/ravdess_avfusion/external/video_face_branch/early_fusion_facial_v2/fusion_pack_5f/sequences/02-01-07-02-01-01-18.npy,5,2048,02-01-07-02-01-01-18,canonical_02,5,6,disgust,0.012732132151722909,0.018772577121853828,0.01121241543442011,0.04937071595340967,0.01264149323105812,0.013250964786857366,0.8719055771827697,0.010114085208624602,1,1,1,complete
01-07-02-01-02-18,02-01-07-02-01-02-18,02-01-07-02-01-02-18,data/raw/ravdess/video_speech/Video_Speech_Actor_18/Actor_18/02-01-07-02-01-02-18.mp4,18,valid,07,6,disgust,02,01,02,02-01-07-02-01-02-18,canonical_02,/home/tonyhe/ravdess_avfusion/external/video_face_branch/early_fusion_facial_v2/fusion_pack_5f/sequences/02-01-07-02-01-02-18.npy,5,2048,02-01-07-02-01-02-18,canonical_02,5,6,disgust,0.012260629702359438,0.014273273292928934,0.00944642247632146,0.3918803852051497,0.009557379130274057,0.01091437004506588,0.5441994272172451,0.007468100404366851,1,1,1,complete
01-07-02-02-01-18,02-01-07-02-02-01-18,02-01-07-02-02-01-18,data/raw/ravdess/video_speech/Video_Speech_Actor_18/Actor_18/02-01-07-02-02-01-18.mp4,18,valid,07,6,disgust,02,02,01,02-01-07-02-02-01-18,canonical_02,/home/tonyhe/ravdess_avfusion/external/video_face_branch/early_fusion_facial_v2/fusion_pack_5f/sequences/02-01-07-02-02-01-18.npy,5,2048,02-01-07-02-02-01-18,canonical_02,5,6,disgust,0.015887978486716747,0.026073299534618854,0.014190164301544428,0.20861000660806894,0.01082483008503914,0.015049602556973695,0.693791002035141,0.015573115414008498,1,1,1,complete
01-07-02-02-02-18,02-01-07-02-02-02-18,02-01-07-02-02-02-18,data/raw/ravdess/video_speech/Video_Speech_Actor_18/Actor_18/02-01-07-02-02-02-18.mp4,18,valid,07,6,disgust,02,02,02,02-01-07-02-02-02-18,canonical_02,/home/tonyhe/ravdess_avfusion/external/video_face_branch/early_fusion_facial_v2/fusion_pack_5f/sequences/02-01-07-02-02-02-18.npy,5,2048,02-01-07-02-02-02-18,canonical_02,5,6,disgust,0.013724296074360608,0.009676879737526178,0.010587976127862931,0.2726413018070161,0.012160320486873388,0.009608603222295642,0.6650283120572567,0.006572330929338932,1,1,1,complete
01-08-01-01-01-18,02-01-08-01-01-01-18,02-01-08-01-01-01-18,data/raw/ravdess/video_speech/Video_Speech_Actor_18/Actor_18/02-01-08-01-01-01-18.mp4,18,valid,08,7,surprise,01,01,01,02-01-08-01-01-01-18,canonical_02,/home/tonyhe/ravdess_avfusion/external/video_face_branch/early_fusion_facial_v2/fusion_pack_5f/sequences/02-01-08-01-01-01-18.npy,5,2048,02-01-08-01-01-01-18,canonical_02,5,5,fearful,0.020579507946968077,0.017835822701454163,0.028575580567121506,0.36822530208155513,0.010442508291453123,0.5148311516270041,0.01267295517027378,0.026837144792079926,1,1,1,complete
01-08-01-01-02-18,02-01-08-01-01-02-18,02-01-08-01-01-02-18,data/raw/ravdess/video_speech/Video_Speech_Actor_18/Actor_18/02-01-08-01-01-02-18.mp4,18,valid,08,7,surprise,01,01,02,02-01-08-01-01-02-18,canonical_02,/home/tonyhe/ravdess_avfusion/external/video_face_branch/early_fusion_facial_v2/fusion_pack_5f/sequences/02-01-08-01-01-02-18.npy,5,2048,02-01-08-01-01-02-18,canonical_02,5,5,fearful,0.016888530738651753,0.018364973459392787,0.011817032378166914,0.01484934575855732,0.009306968562304974,0.5083897465839982,0.3803324270993471,0.04005102645605803,1,1,1,complete
01-08-01-02-01-18,02-01-08-01-02-01-18,02-01-08-01-02-01-18,data/raw/ravdess/video_speech/Video_Speech_Actor_18/Actor_18/02-01-08-01-02-01-18.mp4,18,valid,08,7,surprise,01,02,01,02-01-08-01-02-01-18,canonical_02,/home/tonyhe/ravdess_avfusion/external/video_face_branch/early_fusion_facial_v2/fusion_pack_5f/sequences/02-01-08-01-02-01-18.npy,5,2048,02-01-08-01-02-01-18,canonical_02,5,5,fearful,0.024143026024103165,0.05345764234662056,0.018368404544889926,0.1539421547204256,0.015227689500898122,0.42983050625771285,0.27422059448435904,0.0308100001886487,1,1,1,complete
01-08-01-02-02-18,02-01-08-01-02-02-18,02-01-08-01-02-02-18,data/raw/ravdess/video_speech/Video_Speech_Actor_18/Actor_18/02-01-08-01-02-02-18.mp4,18,valid,08,7,surprise,01,02,02,02-01-08-01-02-02-18,canonical_02,/home/tonyhe/ravdess_avfusion/external/video_face_branch/early_fusion_facial_v2/fusion_pack_5f/sequences/02-01-08-01-02-02-18.npy,5,2048,02-01-08-01-02-02-18,canonical_02,5,5,fearful,0.016759219206869604,0.025827743858098984,0.01780194528400898,0.25912249125540254,0.009540564473718404,0.3099239308387041,0.16766481809318065,0.19335928577929734,1,1,1,complete
01-08-02-01-01-18,02-01-08-02-01-01-18,02-01-08-02-01-01-18,data/raw/ravdess/video_speech/Video_Speech_Actor_18/Actor_18/02-01-08-02-01-01-18.mp4,18,valid,08,7,surprise,02,01,01,02-01-08-02-01-01-18,canonical_02,/home/tonyhe/ravdess_avfusion/external/video_face_branch/early_fusion_facial_v2/fusion_pack_5f/sequences/02-01-08-02-01-01-18.npy,5,2048,02-01-08-02-01-01-18,canonical_02,5,7,surprise,0.02613147348165512,0.022313450649380683,0.27890185452997684,0.016658449731767177,0.013091954216361047,0.1404607191681862,0.01999193299561739,0.48245016038417815,1,1,1,complete
01-08-02-01-02-18,02-01-08-02-01-02-18,02-01-08-02-01-02-18,data/raw/ravdess/video_speech/Video_Speech_Actor_18/Actor_18/02-01-08-02-01-02-18.mp4,18,valid,08,7,surprise,02,01,02,02-01-08-02-01-02-18,canonical_02,/home/tonyhe/ravdess_avfusion/external/video_face_branch/early_fusion_facial_v2/fusion_pack_5f/sequences/02-01-08-02-01-02-18.npy,5,2048,02-01-08-02-01-02-18,canonical_02,5,5,fearful,0.018494805507361888,0.01363865789026022,0.012445123307406903,0.011753307282924652,0.011908163875341415,0.7310356706380844,0.17307848799973727,0.027645779959857463,1,1,1,complete
01-08-02-02-01-18,02-01-08-02-02-01-18,02-01-08-02-02-01-18,data/raw/ravdess/video_speech/Video_Speech_Actor_18/Actor_18/02-01-08-02-02-01-18.mp4,18,valid,08,7,surprise,02,02,01,02-01-08-02-02-01-18,canonical_02,/home/tonyhe/ravdess_avfusion/external/video_face_branch/early_fusion_facial_v2/fusion_pack_5f/sequences/02-01-08-02-02-01-18.npy,5,2048,02-01-08-02-02-01-18,canonical_02,5,5,fearful,0.021056315489113332,0.01583054754883051,0.011596941854804754,0.019181140046566725,0.01029372476041317,0.5452106237411499,0.30700964741408826,0.06982108308002352,1,1,1,complete
01-08-02-02-02-18,02-01-08-02-02-02-18,02-01-08-02-02-02-18,data/raw/ravdess/video_speech/Video_Speech_Actor_18/Actor_18/02-01-08-02-02-02-18.mp4,18,valid,08,7,surprise,02,02,02,02-01-08-02-02-02-18,canonical_02,/home/tonyhe/ravdess_avfusion/external/video_face_branch/early_fusion_facial_v2/fusion_pack_5f/sequences/02-01-08-02-02-02-18.npy,5,2048,02-01-08-02-02-02-18,canonical_02,5,5,fearful,0.015960460528731346,0.012474941462278366,0.011381359212100506,0.18200292880646884,0.008278035651892423,0.5305767595767975,0.2059993589296937,0.03332618083804846,1,1,1,complete
01-01-01-01-01-19,02-01-01-01-01-01-19,02-01-01-01-01-01-19,data/raw/ravdess/video_speech/Video_Speech_Actor_19/Actor_19/02-01-01-01-01-01-19.mp4,19,valid,01,0,neutral,01,01,01,02-01-01-01-01-01-19,canonical_02,/home/tonyhe/ravdess_avfusion/external/video_face_branch/early_fusion_facial_v2/fusion_pack_5f/sequences/02-01-01-01-01-01-19.npy,5,2048,02-01-01-01-01-01-19,canonical_02,5,7,surprise,0.02118210047483444,0.026433973386883736,0.010925324633717537,0.010977416392415762,0.0111018855124712,0.013448720611631871,0.03074607625603676,0.8751845002174378,1,1,1,complete
01-01-01-01-02-19,02-01-01-01-01-02-19,02-01-01-01-01-02-19,data/raw/ravdess/video_speech/Video_Speech_Actor_19/Actor_19/02-01-01-01-01-02-19.mp4,19,valid,01,0,neutral,01,01,02,02-01-01-01-01-02-19,canonical_02,/home/tonyhe/ravdess_avfusion/external/video_face_branch/early_fusion_facial_v2/fusion_pack_5f/sequences/02-01-01-01-01-02-19.npy,5,2048,02-01-01-01-01-02-19,canonical_02,5,7,surprise,0.018174212239682675,0.01564885824918747,0.009005015157163144,0.011957008764147759,0.010690711811184883,0.007499025296419859,0.01528252400457859,0.9117426633834839,1,1,1,complete
01-01-01-02-01-19,02-01-01-01-02-01-19,02-01-01-01-02-01-19,data/raw/ravdess/video_speech/Video_Speech_Actor_19/Actor_19/02-01-01-01-02-01-19.mp4,19,valid,01,0,neutral,01,02,01,02-01-01-01-02-01-19,canonical_02,/home/tonyhe/ravdess_avfusion/external/video_face_branch/early_fusion_facial_v2/fusion_pack_5f/sequences/02-01-01-01-02-01-19.npy,5,2048,02-01-01-01-02-01-19,canonical_02,5,7,surprise,0.022917828522622585,0.09202911416068674,0.010362351126968861,0.009873218089342117,0.012365398183465003,0.00906570190563798,0.016689018905162813,0.8266974210739135,1,1,1,complete
01-01-01-02-02-19,02-01-01-01-02-02-19,02-01-01-01-02-02-19,data/raw/ravdess/video_speech/Video_Speech_Actor_19/Actor_19/02-01-01-01-02-02-19.mp4,19,valid,01,0,neutral,01,02,02,02-01-01-01-02-02-19,canonical_02,/home/tonyhe/ravdess_avfusion/external/video_face_branch/early_fusion_facial_v2/fusion_pack_5f/sequences/02-01-01-01-02-02-19.npy,5,2048,02-01-01-01-02-02-19,canonical_02,5,7,surprise,0.02196155320852995,0.10004641693085432,0.01489208610728383,0.013991552591323852,0.013423884101212025,0.009510917589068413,0.0176327733322978,0.8085407912731171,1,1,1,complete
01-02-01-01-01-19,02-01-02-01-01-01-19,02-01-02-01-01-01-19,data/raw/ravdess/video_speech/Video_Speech_Actor_19/Actor_19/02-01-02-01-01-01-19.mp4,19,valid,02,1,calm,01,01,01,02-01-02-01-01-01-19,canonical_02,/home/tonyhe/ravdess_avfusion/external/video_face_branch/early_fusion_facial_v2/fusion_pack_5f/sequences/02-01-02-01-01-01-19.npy,5,2048,02-01-02-01-01-01-19,canonical_02,5,1,calm,0.03312587328255177,0.5847720146179199,0.0866879478096962,0.017498665302991868,0.018730919063091277,0.019912244752049446,0.027147583290934564,0.21212477535009383,1,1,1,complete
01-02-01-01-02-19,02-01-02-01-01-02-19,02-01-02-01-01-02-19,data/raw/ravdess/video_speech/Video_Speech_Actor_19/Actor_19/02-01-02-01-01-02-19.mp4,19,valid,02,1,calm,01,01,02,02-01-02-01-01-02-19,canonical_02,/home/tonyhe/ravdess_avfusion/external/video_face_branch/early_fusion_facial_v2/fusion_pack_5f/sequences/02-01-02-01-01-02-19.npy,5,2048,02-01-02-01-01-02-19,canonical_02,5,7,surprise,0.024656842462718487,0.09641704596579075,0.2138444896787405,0.010982570238411427,0.011459841392934322,0.012735061347484589,0.017400863207876684,0.6125032648444175,1,1,1,complete
01-02-01-02-01-19,02-01-02-01-02-01-19,02-01-02-01-02-01-19,data/raw/ravdess/video_speech/Video_Speech_Actor_19/Actor_19/02-01-02-01-02-01-19.mp4,19,valid,02,1,calm,01,02,01,02-01-02-01-02-01-19,canonical_02,/home/tonyhe/ravdess_avfusion/external/video_face_branch/early_fusion_facial_v2/fusion_pack_5f/sequences/02-01-02-01-02-01-19.npy,5,2048,02-01-02-01-02-01-19,canonical_02,5,1,calm,0.03090633898973465,0.5328933954238891,0.05065552368760109,0.01838309932500124,0.025493389554321767,0.021871876902878284,0.025761791691184043,0.29403456300497055,1,1,1,complete
01-02-01-02-02-19,02-01-02-01-02-02-19,02-01-02-01-02-02-19,data/raw/ravdess/video_speech/Video_Speech_Actor_19/Actor_19/02-01-02-01-02-02-19.mp4,19,valid,02,1,calm,01,02,02,02-01-02-01-02-02-19,canonical_02,/home/tonyhe/ravdess_avfusion/external/video_face_branch/early_fusion_facial_v2/fusion_pack_5f/sequences/02-01-02-01-02-02-19.npy,5,2048,02-01-02-01-02-02-19,canonical_02,5,1,calm,0.02145039178431034,0.5209132239222527,0.07333207242190838,0.01415977394208312,0.013064499478787184,0.010153117869049311,0.018147556856274605,0.3287793770432472,1,1,1,complete
01-02-02-01-01-19,02-01-02-02-01-01-19,02-01-02-02-01-01-19,data/raw/ravdess/video_speech/Video_Speech_Actor_19/Actor_19/02-01-02-02-01-01-19.mp4,19,valid,02,1,calm,02,01,01,02-01-02-02-01-01-19,canonical_02,/home/tonyhe/ravdess_avfusion/external/video_face_branch/early_fusion_facial_v2/fusion_pack_5f/sequences/02-01-02-02-01-01-19.npy,5,2048,02-01-02-02-01-01-19,canonical_02,5,1,calm,0.02671487759798765,0.4082579344511032,0.22911237142980098,0.012752152606844902,0.014788363873958588,0.017067158594727516,0.017512562312185766,0.273794549331069,1,1,1,complete
01-02-02-01-02-19,02-01-02-02-01-02-19,02-01-02-02-01-02-19,data/raw/ravdess/video_speech/Video_Speech_Actor_19/Actor_19/02-01-02-02-01-02-19.mp4,19,valid,02,1,calm,02,01,02,02-01-02-02-01-02-19,canonical_02,/home/tonyhe/ravdess_avfusion/external/video_face_branch/early_fusion_facial_v2/fusion_pack_5f/sequences/02-01-02-02-01-02-19.npy,5,2048,02-01-02-02-01-02-19,canonical_02,5,1,calm,0.030563445389270784,0.5065041445195675,0.3574479915201664,0.009229071345180273,0.011801834311336279,0.014304080791771413,0.01627074647694826,0.05387869253754616,1,1,1,complete
01-02-02-02-01-19,02-01-02-02-02-01-19,02-01-02-02-02-01-19,data/raw/ravdess/video_speech/Video_Speech_Actor_19/Actor_19/02-01-02-02-02-01-19.mp4,19,valid,02,1,calm,02,02,01,02-01-02-02-02-01-19,canonical_02,/home/tonyhe/ravdess_avfusion/external/video_face_branch/early_fusion_facial_v2/fusion_pack_5f/sequences/02-01-02-02-02-01-19.npy,5,2048,02-01-02-02-02-01-19,canonical_02,5,1,calm,0.029182618111371995,0.6977646589279175,0.1679713524878025,0.012320497073233128,0.014274351857602596,0.014969209022819997,0.01563340090215206,0.047883933410048485,1,1,1,complete
01-02-02-02-02-19,02-01-02-02-02-02-19,02-01-02-02-02-02-19,data/raw/ravdess/video_speech/Video_Speech_Actor_19/Actor_19/02-01-02-02-02-02-19.mp4,19,valid,02,1,calm,02,02,02,02-01-02-02-02-02-19,canonical_02,/home/tonyhe/ravdess_avfusion/external/video_face_branch/early_fusion_facial_v2/fusion_pack_5f/sequences/02-01-02-02-02-02-19.npy,5,2048,02-01-02-02-02-02-19,canonical_02,5,1,calm,0.03027033731341362,0.6243695378303528,0.25441050082445144,0.011813280172646046,0.014397958107292653,0.014955994114279747,0.01542882937937975,0.03435352072119713,1,1,1,complete
01-03-01-01-01-19,02-01-03-01-01-01-19,02-01-03-01-01-01-19,data/raw/ravdess/video_speech/Video_Speech_Actor_19/Actor_19/02-01-03-01-01-01-19.mp4,19,valid,03,2,happy,01,01,01,02-01-03-01-01-01-19,canonical_02,/home/tonyhe/ravdess_avfusion/external/video_face_branch/early_fusion_facial_v2/fusion_pack_5f/sequences/02-01-03-01-01-01-19.npy,5,2048,02-01-03-01-01-01-19,canonical_02,5,2,happy,0.024090025946497916,0.15058433040976524,0.725187137722969,0.012839947082102298,0.015851798839867114,0.013350763358175755,0.018158064410090446,0.03993793241679668,1,1,1,complete
01-03-01-01-02-19,02-01-03-01-01-02-19,02-01-03-01-01-02-19,data/raw/ravdess/video_speech/Video_Speech_Actor_19/Actor_19/02-01-03-01-01-02-19.mp4,19,valid,03,2,happy,01,01,02,02-01-03-01-01-02-19,canonical_02,/home/tonyhe/ravdess_avfusion/external/video_face_branch/early_fusion_facial_v2/fusion_pack_5f/sequences/02-01-03-01-01-02-19.npy,5,2048,02-01-03-01-01-02-19,canonical_02,5,2,happy,0.018732305243611337,0.013176292553544045,0.8235750913619995,0.012413223460316657,0.011955034360289574,0.015492361225187778,0.026118235662579536,0.07853745333850384,1,1,1,complete
01-03-01-02-01-19,02-01-03-01-02-01-19,02-01-03-01-02-01-19,data/raw/ravdess/video_speech/Video_Speech_Actor_19/Actor_19/02-01-03-01-02-01-19.mp4,19,valid,03,2,happy,01,02,01,02-01-03-01-02-01-19,canonical_02,/home/tonyhe/ravdess_avfusion/external/video_face_branch/early_fusion_facial_v2/fusion_pack_5f/sequences/02-01-03-01-02-01-19.npy,5,2048,02-01-03-01-02-01-19,canonical_02,5,2,happy,0.03005950003862381,0.030528194271028042,0.6871020495891571,0.022898907586932183,0.06791055835783481,0.013268005289137363,0.0372688539326191,0.11096391379833222,1,1,1,complete
01-03-01-02-02-19,02-01-03-01-02-02-19,02-01-03-01-02-02-19,data/raw/ravdess/video_speech/Video_Speech_Actor_19/Actor_19/02-01-03-01-02-02-19.mp4,19,valid,03,2,happy,01,02,02,02-01-03-01-02-02-19,canonical_02,/home/tonyhe/ravdess_avfusion/external/video_face_branch/early_fusion_facial_v2/fusion_pack_5f/sequences/02-01-03-01-02-02-19.npy,5,2048,02-01-03-01-02-02-19,canonical_02,5,2,happy,0.018249140493571757,0.015554185397922993,0.6773969456553459,0.014560329727828503,0.01892685741186142,0.014597028121352195,0.040703429654240605,0.20001207143068314,1,1,1,complete
01-03-02-01-01-19,02-01-03-02-01-01-19,02-01-03-02-01-01-19,data/raw/ravdess/video_speech/Video_Speech_Actor_19/Actor_19/02-01-03-02-01-01-19.mp4,19,valid,03,2,happy,02,01,01,02-01-03-02-01-01-19,canonical_02,/home/tonyhe/ravdess_avfusion/external/video_face_branch/early_fusion_facial_v2/fusion_pack_5f/sequences/02-01-03-02-01-01-19.npy,5,2048,02-01-03-02-01-01-19,canonical_02,5,2,happy,0.020337085984647275,0.03030450027436018,0.8290743947029113,0.01255373116582632,0.01532314606010914,0.01622998043894768,0.023121732473373412,0.05305539630353451,1,1,1,complete
01-03-02-01-02-19,02-01-03-02-01-02-19,02-01-03-02-01-02-19,data/raw/ravdess/video_speech/Video_Speech_Actor_19/Actor_19/02-01-03-02-01-02-19.mp4,19,valid,03,2,happy,02,01,02,02-01-03-02-01-02-19,canonical_02,/home/tonyhe/ravdess_avfusion/external/video_face_branch/early_fusion_facial_v2/fusion_pack_5f/sequences/02-01-03-02-01-02-19.npy,5,2048,02-01-03-02-01-02-19,canonical_02,5,2,happy,0.028520648926496507,0.01984038818627596,0.8286550879478455,0.015377414599061012,0.013678249530494213,0.020208070613443853,0.02633804827928543,0.04738207720220089,1,1,1,complete
01-03-02-02-01-19,02-01-03-02-02-01-19,02-01-03-02-02-01-19,data/raw/ravdess/video_speech/Video_Speech_Actor_19/Actor_19/02-01-03-02-02-01-19.mp4,19,valid,03,2,happy,02,02,01,02-01-03-02-02-01-19,canonical_02,/home/tonyhe/ravdess_avfusion/external/video_face_branch/early_fusion_facial_v2/fusion_pack_5f/sequences/02-01-03-02-02-01-19.npy,5,2048,02-01-03-02-02-01-19,canonical_02,5,2,happy,0.02340324707329273,0.01484758909791708,0.858306622505188,0.015168220177292824,0.012389986030757427,0.014878195151686669,0.02066460493952036,0.04034152962267399,1,1,1,complete
01-03-02-02-02-19,02-01-03-02-02-02-19,02-01-03-02-02-02-19,data/raw/ravdess/video_speech/Video_Speech_Actor_19/Actor_19/02-01-03-02-02-02-19.mp4,19,valid,03,2,happy,02,02,02,02-01-03-02-02-02-19,canonical_02,/home/tonyhe/ravdess_avfusion/external/video_face_branch/early_fusion_facial_v2/fusion_pack_5f/sequences/02-01-03-02-02-02-19.npy,5,2048,02-01-03-02-02-02-19,canonical_02,5,2,happy,0.02811049483716488,0.165840763784945,0.6000182554125786,0.013435283303260803,0.01224885992705822,0.018726847134530544,0.023356818594038486,0.13826266676187515,1,1,1,complete
01-04-01-01-01-19,02-01-04-01-01-01-19,02-01-04-01-01-01-19,data/raw/ravdess/video_speech/Video_Speech_Actor_19/Actor_19/02-01-04-01-01-01-19.mp4,19,valid,04,3,sad,01,01,01,02-01-04-01-01-01-19,canonical_02,/home/tonyhe/ravdess_avfusion/external/video_face_branch/early_fusion_facial_v2/fusion_pack_5f/sequences/02-01-04-01-01-01-19.npy,5,2048,02-01-04-01-01-01-19,canonical_02,5,4,angry,0.04867938049137592,0.030668547749519347,0.02319253161549568,0.022531106136739254,0.3729205492883921,0.012998829409480096,0.2231747817248106,0.26583427712321284,1,1,1,complete
01-04-01-01-02-19,02-01-04-01-01-02-19,02-01-04-01-01-02-19,data/raw/ravdess/video_speech/Video_Speech_Actor_19/Actor_19/02-01-04-01-01-02-19.mp4,19,valid,04,3,sad,01,01,02,02-01-04-01-01-02-19,canonical_02,/home/tonyhe/ravdess_avfusion/external/video_face_branch/early_fusion_facial_v2/fusion_pack_5f/sequences/02-01-04-01-01-02-19.npy,5,2048,02-01-04-01-01-02-19,canonical_02,5,7,surprise,0.029345353506505488,0.022964238561689852,0.012462948635220527,0.016664674412459134,0.08238227721303701,0.019589153304696082,0.3493435215204954,0.46724782288074496,1,1,1,complete
01-04-01-02-01-19,02-01-04-01-02-01-19,02-01-04-01-02-01-19,data/raw/ravdess/video_speech/Video_Speech_Actor_19/Actor_19/02-01-04-01-02-01-19.mp4,19,valid,04,3,sad,01,02,01,02-01-04-01-02-01-19,canonical_02,/home/tonyhe/ravdess_avfusion/external/video_face_branch/early_fusion_facial_v2/fusion_pack_5f/sequences/02-01-04-01-02-01-19.npy,5,2048,02-01-04-01-02-01-19,canonical_02,5,7,surprise,0.055058245360851285,0.05433985814452171,0.02008846402168274,0.023198585025966167,0.11796758398413658,0.040051912516355516,0.2780064485967159,0.4112888753414154,1,1,1,complete
01-04-01-02-02-19,02-01-04-01-02-02-19,02-01-04-01-02-02-19,data/raw/ravdess/video_speech/Video_Speech_Actor_19/Actor_19/02-01-04-01-02-02-19.mp4,19,valid,04,3,sad,01,02,02,02-01-04-01-02-02-19,canonical_02,/home/tonyhe/ravdess_avfusion/external/video_face_branch/early_fusion_facial_v2/fusion_pack_5f/sequences/02-01-04-01-02-02-19.npy,5,2048,02-01-04-01-02-02-19,canonical_02,5,7,surprise,0.058307566493749616,0.04332326389849186,0.017673267237842082,0.024452558532357217,0.25851552858948706,0.0381214901804924,0.23230626955628395,0.32730007022619245,1,1,1,complete
01-04-02-01-01-19,02-01-04-02-01-01-19,02-01-04-02-01-01-19,data/raw/ravdess/video_speech/Video_Speech_Actor_19/Actor_19/02-01-04-02-01-01-19.mp4,19,valid,04,3,sad,02,01,01,02-01-04-02-01-01-19,canonical_02,/home/tonyhe/ravdess_avfusion/external/video_face_branch/early_fusion_facial_v2/fusion_pack_5f/sequences/02-01-04-02-01-01-19.npy,5,2048,02-01-04-02-01-01-19,canonical_02,5,6,disgust,0.012387996166944503,0.008520363364368677,0.04455316998064518,0.010445852950215339,0.00596049795858562,0.01789716389030218,0.8897542953491211,0.010480682924389839,1,1,1,complete
01-04-02-01-02-19,02-01-04-02-01-02-19,02-01-04-02-01-02-19,data/raw/ravdess/video_speech/Video_Speech_Actor_19/Actor_19/02-01-04-02-01-02-19.mp4,19,valid,04,3,sad,02,01,02,02-01-04-02-01-02-19,canonical_02,/home/tonyhe/ravdess_avfusion/external/video_face_branch/early_fusion_facial_v2/fusion_pack_5f/sequences/02-01-04-02-01-02-19.npy,5,2048,02-01-04-02-01-02-19,canonical_02,5,6,disgust,0.013894520699977875,0.008375882171094418,0.01536956410855055,0.009210688062012196,0.005099455546587706,0.0109949741512537,0.92515869140625,0.011896187998354435,1,1,1,complete
01-04-02-02-01-19,02-01-04-02-02-01-19,02-01-04-02-02-01-19,data/raw/ravdess/video_speech/Video_Speech_Actor_19/Actor_19/02-01-04-02-02-01-19.mp4,19,valid,04,3,sad,02,02,01,02-01-04-02-02-01-19,canonical_02,/home/tonyhe/ravdess_avfusion/external/video_face_branch/early_fusion_facial_v2/fusion_pack_5f/sequences/02-01-04-02-02-01-19.npy,5,2048,02-01-04-02-02-01-19,canonical_02,5,6,disgust,0.022493719682097436,0.02048683790490031,0.009684408362954856,0.026991612650454043,0.009591752290725708,0.030047427117824554,0.8085941433906555,0.072110128775239,1,1,1,complete
01-04-02-02-02-19,02-01-04-02-02-02-19,02-01-04-02-02-02-19,data/raw/ravdess/video_speech/Video_Speech_Actor_19/Actor_19/02-01-04-02-02-02-19.mp4,19,valid,04,3,sad,02,02,02,02-01-04-02-02-02-19,canonical_02,/home/tonyhe/ravdess_avfusion/external/video_face_branch/early_fusion_facial_v2/fusion_pack_5f/sequences/02-01-04-02-02-02-19.npy,5,2048,02-01-04-02-02-02-19,canonical_02,5,6,disgust,0.018364427052438258,0.010761349648237228,0.00846403008326888,0.015587993990629911,0.0064510700292885305,0.00948103740811348,0.9202061295509338,0.01068393960595131,1,1,1,complete
01-05-01-01-01-19,02-01-05-01-01-01-19,02-01-05-01-01-01-19,data/raw/ravdess/video_speech/Video_Speech_Actor_19/Actor_19/02-01-05-01-01-01-19.mp4,19,valid,05,4,angry,01,01,01,02-01-05-01-01-01-19,canonical_02,/home/tonyhe/ravdess_avfusion/external/video_face_branch/early_fusion_facial_v2/fusion_pack_5f/sequences/02-01-05-01-01-01-19.npy,5,2048,02-01-05-01-01-01-19,canonical_02,5,4,angry,0.03446052689105272,0.03196483440697193,0.029342947527766228,0.015434668585658073,0.5258669644594193,0.01901391977444291,0.0357453340664506,0.3081707987934351,1,1,1,complete
01-05-01-01-02-19,02-01-05-01-01-02-19,02-01-05-01-01-02-19,data/raw/ravdess/video_speech/Video_Speech_Actor_19/Actor_19/02-01-05-01-01-02-19.mp4,19,valid,05,4,angry,01,01,02,02-01-05-01-01-02-19,canonical_02,/home/tonyhe/ravdess_avfusion/external/video_face_branch/early_fusion_facial_v2/fusion_pack_5f/sequences/02-01-05-01-01-02-19.npy,5,2048,02-01-05-01-01-02-19,canonical_02,5,4,angry,0.03040243871510029,0.02074950747191906,0.21755748894065619,0.016839697025716305,0.5401085615158081,0.015415311232209206,0.02641261648386717,0.1325143937021494,1,1,1,complete
01-05-01-02-01-19,02-01-05-01-02-01-19,02-01-05-01-02-01-19,data/raw/ravdess/video_speech/Video_Speech_Actor_19/Actor_19/02-01-05-01-02-01-19.mp4,19,valid,05,4,angry,01,02,01,02-01-05-01-02-01-19,canonical_02,/home/tonyhe/ravdess_avfusion/external/video_face_branch/early_fusion_facial_v2/fusion_pack_5f/sequences/02-01-05-01-02-01-19.npy,5,2048,02-01-05-01-02-01-19,canonical_02,5,6,disgust,0.03530684504657984,0.03709411658346653,0.019490689691156148,0.012017338722944259,0.10495333019644022,0.018982916232198478,0.40847613885998724,0.3636786337941885,1,1,1,complete
01-05-01-02-02-19,02-01-05-01-02-02-19,02-01-05-01-02-02-19,data/raw/ravdess/video_speech/Video_Speech_Actor_19/Actor_19/02-01-05-01-02-02-19.mp4,19,valid,05,4,angry,01,02,02,02-01-05-01-02-02-19,canonical_02,/home/tonyhe/ravdess_avfusion/external/video_face_branch/early_fusion_facial_v2/fusion_pack_5f/sequences/02-01-05-01-02-02-19.npy,5,2048,02-01-05-01-02-02-19,canonical_02,5,7,surprise,0.03937232531607151,0.0448333490639925,0.033978491090238094,0.017022736370563507,0.1575812019407749,0.03869434781372547,0.18317047096788883,0.4853470928966999,1,1,1,complete
01-05-02-01-01-19,02-01-05-02-01-01-19,02-01-05-02-01-01-19,data/raw/ravdess/video_speech/Video_Speech_Actor_19/Actor_19/02-01-05-02-01-01-19.mp4,19,valid,05,4,angry,02,01,01,02-01-05-02-01-01-19,canonical_02,/home/tonyhe/ravdess_avfusion/external/video_face_branch/early_fusion_facial_v2/fusion_pack_5f/sequences/02-01-05-02-01-01-19.npy,5,2048,02-01-05-02-01-01-19,canonical_02,5,4,angry,0.020047663152217864,0.014838335290551185,0.017280996404588224,0.010636108554899692,0.7164731740951538,0.010983187705278397,0.017533896304666997,0.19220660254359245,1,1,1,complete
01-05-02-01-02-19,02-01-05-02-01-02-19,02-01-05-02-01-02-19,data/raw/ravdess/video_speech/Video_Speech_Actor_19/Actor_19/02-01-05-02-01-02-19.mp4,19,valid,05,4,angry,02,01,02,02-01-05-02-01-02-19,canonical_02,/home/tonyhe/ravdess_avfusion/external/video_face_branch/early_fusion_facial_v2/fusion_pack_5f/sequences/02-01-05-02-01-02-19.npy,5,2048,02-01-05-02-01-02-19,canonical_02,5,4,angry,0.025347236916422843,0.021497967094182967,0.02151145339012146,0.016003782488405706,0.796166718006134,0.014157135877758265,0.031064114719629287,0.07425158359110355,1,1,1,complete
01-05-02-02-01-19,02-01-05-02-02-01-19,02-01-05-02-02-01-19,data/raw/ravdess/video_speech/Video_Speech_Actor_19/Actor_19/02-01-05-02-02-01-19.mp4,19,valid,05,4,angry,02,02,01,02-01-05-02-02-01-19,canonical_02,/home/tonyhe/ravdess_avfusion/external/video_face_branch/early_fusion_facial_v2/fusion_pack_5f/sequences/02-01-05-02-02-01-19.npy,5,2048,02-01-05-02-02-01-19,canonical_02,5,4,angry,0.02740463539958,0.018050978146493434,0.02009884063154459,0.017530991695821285,0.5690492659807205,0.016713490523397923,0.22620652690529824,0.10494523830711841,1,1,1,complete
01-05-02-02-02-19,02-01-05-02-02-02-19,02-01-05-02-02-02-19,data/raw/ravdess/video_speech/Video_Speech_Actor_19/Actor_19/02-01-05-02-02-02-19.mp4,19,valid,05,4,angry,02,02,02,02-01-05-02-02-02-19,canonical_02,/home/tonyhe/ravdess_avfusion/external/video_face_branch/early_fusion_facial_v2/fusion_pack_5f/sequences/02-01-05-02-02-02-19.npy,5,2048,02-01-05-02-02-02-19,canonical_02,5,4,angry,0.02441598353907466,0.01730825686827302,0.01449486962519586,0.01403892058879137,0.42953797001391647,0.014940583053976298,0.18102351613342763,0.304239902459085,1,1,1,complete
01-06-01-01-01-19,02-01-06-01-01-01-19,02-01-06-01-01-01-19,data/raw/ravdess/video_speech/Video_Speech_Actor_19/Actor_19/02-01-06-01-01-01-19.mp4,19,valid,06,5,fearful,01,01,01,02-01-06-01-01-01-19,canonical_02,/home/tonyhe/ravdess_avfusion/external/video_face_branch/early_fusion_facial_v2/fusion_pack_5f/sequences/02-01-06-01-01-01-19.npy,5,2048,02-01-06-01-01-01-19,canonical_02,5,7,surprise,0.04125141501426697,0.040165618807077405,0.018702172115445136,0.017726711370050906,0.10619500651955605,0.12396141514182091,0.1758238047361374,0.4761738806962967,1,1,1,complete
01-06-01-01-02-19,02-01-06-01-01-02-19,02-01-06-01-01-02-19,data/raw/ravdess/video_speech/Video_Speech_Actor_19/Actor_19/02-01-06-01-01-02-19.mp4,19,valid,06,5,fearful,01,01,02,02-01-06-01-01-02-19,canonical_02,/home/tonyhe/ravdess_avfusion/external/video_face_branch/early_fusion_facial_v2/fusion_pack_5f/sequences/02-01-06-01-01-02-19.npy,5,2048,02-01-06-01-01-02-19,canonical_02,5,7,surprise,0.029953038692474364,0.01911979913711548,0.014783322438597679,0.013438210263848305,0.1596435723826289,0.0573545278981328,0.024921745993196964,0.6807857930660248,1,1,1,complete
01-06-01-02-01-19,02-01-06-01-02-01-19,02-01-06-01-02-01-19,data/raw/ravdess/video_speech/Video_Speech_Actor_19/Actor_19/02-01-06-01-02-01-19.mp4,19,valid,06,5,fearful,01,02,01,02-01-06-01-02-01-19,canonical_02,/home/tonyhe/ravdess_avfusion/external/video_face_branch/early_fusion_facial_v2/fusion_pack_5f/sequences/02-01-06-01-02-01-19.npy,5,2048,02-01-06-01-02-01-19,canonical_02,5,7,surprise,0.031413129344582555,0.021154596097767354,0.015948918741196395,0.013149423524737358,0.32631164956837894,0.03520696386694908,0.14278732407838107,0.41402799263596535,1,1,1,complete
01-06-01-02-02-19,02-01-06-01-02-02-19,02-01-06-01-02-02-19,data/raw/ravdess/video_speech/Video_Speech_Actor_19/Actor_19/02-01-06-01-02-02-19.mp4,19,valid,06,5,fearful,01,02,02,02-01-06-01-02-02-19,canonical_02,/home/tonyhe/ravdess_avfusion/external/video_face_branch/early_fusion_facial_v2/fusion_pack_5f/sequences/02-01-06-01-02-02-19.npy,5,2048,02-01-06-01-02-02-19,canonical_02,5,5,fearful,0.03471694849431515,0.02148726601153612,0.010556538496166468,0.013404667750000954,0.03888127785176039,0.5845033764839173,0.08758343234658242,0.2088664636015892,1,1,1,complete
01-06-02-01-01-19,02-01-06-02-01-01-19,02-01-06-02-01-01-19,data/raw/ravdess/video_speech/Video_Speech_Actor_19/Actor_19/02-01-06-02-01-01-19.mp4,19,valid,06,5,fearful,02,01,01,02-01-06-02-01-01-19,canonical_02,/home/tonyhe/ravdess_avfusion/external/video_face_branch/early_fusion_facial_v2/fusion_pack_5f/sequences/02-01-06-02-01-01-19.npy,5,2048,02-01-06-02-01-01-19,canonical_02,5,6,disgust,0.029829931259155274,0.028338481951504946,0.28770752195268867,0.032752728834748265,0.015372156258672475,0.025365220755338667,0.5611705787479877,0.01946333972737193,1,1,1,complete
01-06-02-01-02-19,02-01-06-02-01-02-19,02-01-06-02-01-02-19,data/raw/ravdess/video_speech/Video_Speech_Actor_19/Actor_19/02-01-06-02-01-02-19.mp4,19,valid,06,5,fearful,02,01,02,02-01-06-02-01-02-19,canonical_02,/home/tonyhe/ravdess_avfusion/external/video_face_branch/early_fusion_facial_v2/fusion_pack_5f/sequences/02-01-06-02-01-02-19.npy,5,2048,02-01-06-02-01-02-19,canonical_02,5,2,happy,0.03949976898729801,0.012115109618753195,0.5352920740842819,0.02011859891936183,0.01425335630774498,0.07195339016616345,0.1201755866408348,0.186592124029994,1,1,1,complete
01-06-02-02-01-19,02-01-06-02-02-01-19,02-01-06-02-02-01-19,data/raw/ravdess/video_speech/Video_Speech_Actor_19/Actor_19/02-01-06-02-02-01-19.mp4,19,valid,06,5,fearful,02,02,01,02-01-06-02-02-01-19,canonical_02,/home/tonyhe/ravdess_avfusion/external/video_face_branch/early_fusion_facial_v2/fusion_pack_5f/sequences/02-01-06-02-02-01-19.npy,5,2048,02-01-06-02-02-01-19,canonical_02,5,7,surprise,0.03018892612308264,0.013435914553701878,0.07514917347580194,0.012627322599291802,0.011638854630291462,0.1925843983888626,0.22023863364011048,0.4441367983818054,1,1,1,complete
01-06-02-02-02-19,02-01-06-02-02-02-19,02-01-06-02-02-02-19,data/raw/ravdess/video_speech/Video_Speech_Actor_19/Actor_19/02-01-06-02-02-02-19.mp4,19,valid,06,5,fearful,02,02,02,02-01-06-02-02-02-19,canonical_02,/home/tonyhe/ravdess_avfusion/external/video_face_branch/early_fusion_facial_v2/fusion_pack_5f/sequences/02-01-06-02-02-02-19.npy,5,2048,02-01-06-02-02-02-19,canonical_02,5,6,disgust,0.03172044195234776,0.012306496780365706,0.16173912417143582,0.016877186857163905,0.013637708593159914,0.1945862166583538,0.38531398251652715,0.18381885662674904,1,1,1,complete
01-07-01-01-01-19,02-01-07-01-01-01-19,02-01-07-01-01-01-19,data/raw/ravdess/video_speech/Video_Speech_Actor_19/Actor_19/02-01-07-01-01-01-19.mp4,19,valid,07,6,disgust,01,01,01,02-01-07-01-01-01-19,canonical_02,/home/tonyhe/ravdess_avfusion/external/video_face_branch/early_fusion_facial_v2/fusion_pack_5f/sequences/02-01-07-01-01-01-19.npy,5,2048,02-01-07-01-01-01-19,canonical_02,5,6,disgust,0.019375497289001942,0.01075314087793231,0.03852348942309618,0.013191352505236864,0.008886999730020762,0.009672956075519323,0.8842588663101196,0.015337723307311535,1,1,1,complete
01-07-01-01-02-19,02-01-07-01-01-02-19,02-01-07-01-01-02-19,data/raw/ravdess/video_speech/Video_Speech_Actor_19/Actor_19/02-01-07-01-01-02-19.mp4,19,valid,07,6,disgust,01,01,02,02-01-07-01-01-02-19,canonical_02,/home/tonyhe/ravdess_avfusion/external/video_face_branch/early_fusion_facial_v2/fusion_pack_5f/sequences/02-01-07-01-01-02-19.npy,5,2048,02-01-07-01-01-02-19,canonical_02,5,6,disgust,0.013393323309719563,0.010419473145157098,0.029681268334388732,0.007649968750774861,0.004725449625402689,0.012195370439440013,0.9101327776908874,0.01180233471095562,1,1,1,complete
01-07-01-02-01-19,02-01-07-01-02-01-19,02-01-07-01-02-01-19,data/raw/ravdess/video_speech/Video_Speech_Actor_19/Actor_19/02-01-07-01-02-01-19.mp4,19,valid,07,6,disgust,01,02,01,02-01-07-01-02-01-19,canonical_02,/home/tonyhe/ravdess_avfusion/external/video_face_branch/early_fusion_facial_v2/fusion_pack_5f/sequences/02-01-07-01-02-01-19.npy,5,2048,02-01-07-01-02-01-19,canonical_02,5,6,disgust,0.01791885234415531,0.010820095054805278,0.04265245869755745,0.008556492440402508,0.007237211801111698,0.007689972594380379,0.8775956988334656,0.02752924207597971,1,1,1,complete
01-07-01-02-02-19,02-01-07-01-02-02-19,02-01-07-01-02-02-19,data/raw/ravdess/video_speech/Video_Speech_Actor_19/Actor_19/02-01-07-01-02-02-19.mp4,19,valid,07,6,disgust,01,02,02,02-01-07-01-02-02-19,canonical_02,/home/tonyhe/ravdess_avfusion/external/video_face_branch/early_fusion_facial_v2/fusion_pack_5f/sequences/02-01-07-01-02-02-19.npy,5,2048,02-01-07-01-02-02-19,canonical_02,5,6,disgust,0.015944478288292884,0.009155893605202437,0.019751194678246976,0.008120415173470974,0.007219309732317924,0.009434921015053988,0.9164626598358154,0.013911114353686572,1,1,1,complete
01-07-02-01-01-19,02-01-07-02-01-01-19,02-01-07-02-01-01-19,data/raw/ravdess/video_speech/Video_Speech_Actor_19/Actor_19/02-01-07-02-01-01-19.mp4,19,valid,07,6,disgust,02,01,01,02-01-07-02-01-01-19,canonical_02,/home/tonyhe/ravdess_avfusion/external/video_face_branch/early_fusion_facial_v2/fusion_pack_5f/sequences/02-01-07-02-01-01-19.npy,5,2048,02-01-07-02-01-01-19,canonical_02,5,6,disgust,0.019786084443330763,0.012795538268983364,0.24197307862341405,0.023945941030979155,0.011876290943473578,0.014594997093081475,0.6510659337043763,0.023962152376770973,1,1,1,complete
01-07-02-01-02-19,02-01-07-02-01-02-19,02-01-07-02-01-02-19,data/raw/ravdess/video_speech/Video_Speech_Actor_19/Actor_19/02-01-07-02-01-02-19.mp4,19,valid,07,6,disgust,02,01,02,02-01-07-02-01-02-19,canonical_02,/home/tonyhe/ravdess_avfusion/external/video_face_branch/early_fusion_facial_v2/fusion_pack_5f/sequences/02-01-07-02-01-02-19.npy,5,2048,02-01-07-02-01-02-19,canonical_02,5,6,disgust,0.02302702106535435,0.02064159605652094,0.15982311572879554,0.014097422733902932,0.010328068677335978,0.013462266139686107,0.7286736637353897,0.029946822300553323,1,1,1,complete
01-07-02-02-01-19,02-01-07-02-02-01-19,02-01-07-02-02-01-19,data/raw/ravdess/video_speech/Video_Speech_Actor_19/Actor_19/02-01-07-02-02-01-19.mp4,19,valid,07,6,disgust,02,02,01,02-01-07-02-02-01-19,canonical_02,/home/tonyhe/ravdess_avfusion/external/video_face_branch/early_fusion_facial_v2/fusion_pack_5f/sequences/02-01-07-02-02-01-19.npy,5,2048,02-01-07-02-02-01-19,canonical_02,5,6,disgust,0.024595198035240174,0.011045161820948123,0.06769977789372206,0.012393868248909711,0.012466068007051944,0.01014862284064293,0.8347564220428467,0.026894873566925527,1,1,1,complete
01-07-02-02-02-19,02-01-07-02-02-02-19,02-01-07-02-02-02-19,data/raw/ravdess/video_speech/Video_Speech_Actor_19/Actor_19/02-01-07-02-02-02-19.mp4,19,valid,07,6,disgust,02,02,02,02-01-07-02-02-02-19,canonical_02,/home/tonyhe/ravdess_avfusion/external/video_face_branch/early_fusion_facial_v2/fusion_pack_5f/sequences/02-01-07-02-02-02-19.npy,5,2048,02-01-07-02-02-02-19,canonical_02,5,6,disgust,0.026857244409620763,0.03770803976804018,0.02713107466697693,0.03634676467627287,0.0136236940510571,0.07883859993889927,0.6879859179258346,0.09150861520320178,1,1,1,complete
01-08-01-01-01-19,02-01-08-01-01-01-19,02-01-08-01-01-01-19,data/raw/ravdess/video_speech/Video_Speech_Actor_19/Actor_19/02-01-08-01-01-01-19.mp4,19,valid,08,7,surprise,01,01,01,02-01-08-01-01-01-19,canonical_02,/home/tonyhe/ravdess_avfusion/external/video_face_branch/early_fusion_facial_v2/fusion_pack_5f/sequences/02-01-08-01-01-01-19.npy,5,2048,02-01-08-01-01-01-19,canonical_02,5,7,surprise,0.021170316264033318,0.025068974308669566,0.019097505882382394,0.010187323950231076,0.0483687836676836,0.015920760575681925,0.06038857437670231,0.7997977495193481,1,1,1,complete
01-08-01-01-02-19,02-01-08-01-01-02-19,02-01-08-01-01-02-19,data/raw/ravdess/video_speech/Video_Speech_Actor_19/Actor_19/02-01-08-01-01-02-19.mp4,19,valid,08,7,surprise,01,01,02,02-01-08-01-01-02-19,canonical_02,/home/tonyhe/ravdess_avfusion/external/video_face_branch/early_fusion_facial_v2/fusion_pack_5f/sequences/02-01-08-01-01-02-19.npy,5,2048,02-01-08-01-01-02-19,canonical_02,5,7,surprise,0.0350042425096035,0.020207820832729338,0.014465824700891972,0.013029329292476178,0.02986247939988971,0.052004885673522946,0.11846612654626369,0.716959273815155,1,1,1,complete
01-08-01-02-01-19,02-01-08-01-02-01-19,02-01-08-01-02-01-19,data/raw/ravdess/video_speech/Video_Speech_Actor_19/Actor_19/02-01-08-01-02-01-19.mp4,19,valid,08,7,surprise,01,02,01,02-01-08-01-02-01-19,canonical_02,/home/tonyhe/ravdess_avfusion/external/video_face_branch/early_fusion_facial_v2/fusion_pack_5f/sequences/02-01-08-01-02-01-19.npy,5,2048,02-01-08-01-02-01-19,canonical_02,5,7,surprise,0.023285746201872827,0.02333119176328182,0.013937272131443024,0.012918290123343468,0.015562775824218989,0.008742808364331722,0.07805729657411575,0.824164628982544,1,1,1,complete
01-08-01-02-02-19,02-01-08-01-02-02-19,02-01-08-01-02-02-19,data/raw/ravdess/video_speech/Video_Speech_Actor_19/Actor_19/02-01-08-01-02-02-19.mp4,19,valid,08,7,surprise,01,02,02,02-01-08-01-02-02-19,canonical_02,/home/tonyhe/ravdess_avfusion/external/video_face_branch/early_fusion_facial_v2/fusion_pack_5f/sequences/02-01-08-01-02-02-19.npy,5,2048,02-01-08-01-02-02-19,canonical_02,5,7,surprise,0.0420984111726284,0.060059383139014245,0.0154822351410985,0.018779704906046392,0.04387933239340782,0.01628479454666376,0.3089435398578644,0.494472599029541,1,1,1,complete
01-08-02-01-01-19,02-01-08-02-01-01-19,02-01-08-02-01-01-19,data/raw/ravdess/video_speech/Video_Speech_Actor_19/Actor_19/02-01-08-02-01-01-19.mp4,19,valid,08,7,surprise,02,01,01,02-01-08-02-01-01-19,canonical_02,/home/tonyhe/ravdess_avfusion/external/video_face_branch/early_fusion_facial_v2/fusion_pack_5f/sequences/02-01-08-02-01-01-19.npy,5,2048,02-01-08-02-01-01-19,canonical_02,5,7,surprise,0.01938168928027153,0.014890800230205059,0.011616220884025096,0.011318291164934635,0.008831275627017021,0.009895924665033817,0.023174087703227996,0.9008916974067688,1,1,1,complete
01-08-02-01-02-19,02-01-08-02-01-02-19,02-01-08-02-01-02-19,data/raw/ravdess/video_speech/Video_Speech_Actor_19/Actor_19/02-01-08-02-01-02-19.mp4,19,valid,08,7,surprise,02,01,02,02-01-08-02-01-02-19,canonical_02,/home/tonyhe/ravdess_avfusion/external/video_face_branch/early_fusion_facial_v2/fusion_pack_5f/sequences/02-01-08-02-01-02-19.npy,5,2048,02-01-08-02-01-02-19,canonical_02,5,7,surprise,0.026983211934566497,0.07658594641834497,0.09819900505244732,0.012708787620067597,0.021303687989711762,0.015144830383360387,0.126294956356287,0.6227795705199242,1,1,1,complete
01-08-02-02-01-19,02-01-08-02-02-01-19,02-01-08-02-02-01-19,data/raw/ravdess/video_speech/Video_Speech_Actor_19/Actor_19/02-01-08-02-02-01-19.mp4,19,valid,08,7,surprise,02,02,01,02-01-08-02-02-01-19,canonical_02,/home/tonyhe/ravdess_avfusion/external/video_face_branch/early_fusion_facial_v2/fusion_pack_5f/sequences/02-01-08-02-02-01-19.npy,5,2048,02-01-08-02-02-01-19,canonical_02,5,7,surprise,0.02581765279173851,0.04770651031285524,0.017943964526057243,0.014686321467161178,0.08516905792057514,0.011107400804758073,0.13921692706644534,0.6583521664142609,1,1,1,complete
01-08-02-02-02-19,02-01-08-02-02-02-19,02-01-08-02-02-02-19,data/raw/ravdess/video_speech/Video_Speech_Actor_19/Actor_19/02-01-08-02-02-02-19.mp4,19,valid,08,7,surprise,02,02,02,02-01-08-02-02-02-19,canonical_02,/home/tonyhe/ravdess_avfusion/external/video_face_branch/early_fusion_facial_v2/fusion_pack_5f/sequences/02-01-08-02-02-02-19.npy,5,2048,02-01-08-02-02-02-19,canonical_02,5,7,surprise,0.02268636431545019,0.015957903955131768,0.010693175159394741,0.012190223392099141,0.01576642943546176,0.00875106155872345,0.37565381862223146,0.5383010130375624,1,1,1,complete
01-01-01-01-01-20,02-01-01-01-01-01-20,02-01-01-01-01-01-20,data/raw/ravdess/video_speech/Video_Speech_Actor_20/Actor_20/02-01-01-01-01-01-20.mp4,20,valid,01,0,neutral,01,01,01,02-01-01-01-01-01-20,canonical_02,/home/tonyhe/ravdess_avfusion/external/video_face_branch/early_fusion_facial_v2/fusion_pack_5f/sequences/02-01-01-01-01-01-20.npy,5,2048,02-01-01-01-01-01-20,canonical_02,5,0,neutral,0.5545648239552975,0.3844774505123496,0.008594076801091432,0.008575422782450914,0.010253207851201296,0.003981661517173052,0.009866876248270273,0.019686457794159652,1,1,1,complete
01-01-01-01-02-20,02-01-01-01-01-02-20,02-01-01-01-01-02-20,data/raw/ravdess/video_speech/Video_Speech_Actor_20/Actor_20/02-01-01-01-01-02-20.mp4,20,valid,01,0,neutral,01,01,02,02-01-01-01-01-02-20,canonical_02,/home/tonyhe/ravdess_avfusion/external/video_face_branch/early_fusion_facial_v2/fusion_pack_5f/sequences/02-01-01-01-01-02-20.npy,5,2048,02-01-01-01-01-02-20,canonical_02,5,0,neutral,0.6504752166569233,0.28075828878208997,0.012810594076290727,0.008480102475732564,0.01007382683455944,0.005427163047716022,0.010902956686913967,0.02107187546789646,1,1,1,complete
01-01-01-02-01-20,02-01-01-01-02-01-20,02-01-01-01-02-01-20,data/raw/ravdess/video_speech/Video_Speech_Actor_20/Actor_20/02-01-01-01-02-01-20.mp4,20,valid,01,0,neutral,01,02,01,02-01-01-01-02-01-20,canonical_02,/home/tonyhe/ravdess_avfusion/external/video_face_branch/early_fusion_facial_v2/fusion_pack_5f/sequences/02-01-01-01-02-01-20.npy,5,2048,02-01-01-01-02-01-20,canonical_02,5,0,neutral,0.6815611943602562,0.24752089604735375,0.0124549082480371,0.007069416996091604,0.01717584105208516,0.00731886075809598,0.010732663422822952,0.01616623867303133,1,1,1,complete
01-01-01-02-02-20,02-01-01-01-02-02-20,02-01-01-01-02-02-20,data/raw/ravdess/video_speech/Video_Speech_Actor_20/Actor_20/02-01-01-01-02-02-20.mp4,20,valid,01,0,neutral,01,02,02,02-01-01-01-02-02-20,canonical_02,/home/tonyhe/ravdess_avfusion/external/video_face_branch/early_fusion_facial_v2/fusion_pack_5f/sequences/02-01-01-01-02-02-20.npy,5,2048,02-01-01-01-02-02-20,canonical_02,5,0,neutral,0.8106267988681793,0.09726848099380732,0.01662917397916317,0.009711369406431913,0.01824222458526492,0.011105888662859798,0.01059465054422617,0.025821415614336728,1,1,1,complete
01-02-01-01-01-20,02-01-02-01-01-01-20,02-01-02-01-01-01-20,data/raw/ravdess/video_speech/Video_Speech_Actor_20/Actor_20/02-01-02-01-01-01-20.mp4,20,valid,02,1,calm,01,01,01,02-01-02-01-01-01-20,canonical_02,/home/tonyhe/ravdess_avfusion/external/video_face_branch/early_fusion_facial_v2/fusion_pack_5f/sequences/02-01-02-01-01-01-20.npy,5,2048,02-01-02-01-01-01-20,canonical_02,5,1,calm,0.029200713708996774,0.8917987585067749,0.029972556699067354,0.012617178447544574,0.009662417322397232,0.0065437531098723415,0.010331556387245654,0.009873066376894713,1,1,1,complete
01-02-01-01-02-20,02-01-02-01-01-02-20,02-01-02-01-01-02-20,data/raw/ravdess/video_speech/Video_Speech_Actor_20/Actor_20/02-01-02-01-01-02-20.mp4,20,valid,02,1,calm,01,01,02,02-01-02-01-01-02-20,canonical_02,/home/tonyhe/ravdess_avfusion/external/video_face_branch/early_fusion_facial_v2/fusion_pack_5f/sequences/02-01-02-01-01-02-20.npy,5,2048,02-01-02-01-01-02-20,canonical_02,5,1,calm,0.031862708181142806,0.8744742751121521,0.04618061296641827,0.008244452346116305,0.011145806405693293,0.006706370320171118,0.01037885807454586,0.011006925627589226,1,1,1,complete
01-02-01-02-01-20,02-01-02-01-02-01-20,02-01-02-01-02-01-20,data/raw/ravdess/video_speech/Video_Speech_Actor_20/Actor_20/02-01-02-01-02-01-20.mp4,20,valid,02,1,calm,01,02,01,02-01-02-01-02-01-20,canonical_02,/home/tonyhe/ravdess_avfusion/external/video_face_branch/early_fusion_facial_v2/fusion_pack_5f/sequences/02-01-02-01-02-01-20.npy,5,2048,02-01-02-01-02-01-20,canonical_02,5,1,calm,0.0377810675650835,0.8073674023151398,0.0956026514992118,0.011795339919626713,0.01216375883668661,0.00744996564462781,0.016326547786593437,0.011513273417949676,1,1,1,complete
01-02-01-02-02-20,02-01-02-01-02-02-20,02-01-02-01-02-02-20,data/raw/ravdess/video_speech/Video_Speech_Actor_20/Actor_20/02-01-02-01-02-02-20.mp4,20,valid,02,1,calm,01,02,02,02-01-02-01-02-02-20,canonical_02,/home/tonyhe/ravdess_avfusion/external/video_face_branch/early_fusion_facial_v2/fusion_pack_5f/sequences/02-01-02-01-02-02-20.npy,5,2048,02-01-02-01-02-02-20,canonical_02,5,1,calm,0.10187100246548653,0.8315486073493957,0.012125730700790881,0.00922259669750929,0.014183656871318817,0.006716510746628046,0.013236052729189396,0.011095843184739352,1,1,1,complete
01-02-02-01-01-20,02-01-02-02-01-01-20,02-01-02-02-01-01-20,data/raw/ravdess/video_speech/Video_Speech_Actor_20/Actor_20/02-01-02-02-01-01-20.mp4,20,valid,02,1,calm,02,01,01,02-01-02-02-01-01-20,canonical_02,/home/tonyhe/ravdess_avfusion/external/video_face_branch/early_fusion_facial_v2/fusion_pack_5f/sequences/02-01-02-02-01-01-20.npy,5,2048,02-01-02-02-01-01-20,canonical_02,5,1,calm,0.02402961254119873,0.886122715473175,0.008992169797420502,0.009317809995263816,0.013434731215238572,0.008018499426543712,0.04053555447608233,0.009548923745751382,1,1,1,complete
01-02-02-01-02-20,02-01-02-02-01-02-20,02-01-02-02-01-02-20,data/raw/ravdess/video_speech/Video_Speech_Actor_20/Actor_20/02-01-02-02-01-02-20.mp4,20,valid,02,1,calm,02,01,02,02-01-02-02-01-02-20,canonical_02,/home/tonyhe/ravdess_avfusion/external/video_face_branch/early_fusion_facial_v2/fusion_pack_5f/sequences/02-01-02-02-01-02-20.npy,5,2048,02-01-02-02-01-02-20,canonical_02,5,1,calm,0.03543088361620903,0.8867416262626648,0.025786533113569023,0.009563848841935396,0.011882106680423022,0.008102160412818193,0.012624441832304,0.00986838536337018,1,1,1,complete
01-02-02-02-01-20,02-01-02-02-02-01-20,02-01-02-02-02-01-20,data/raw/ravdess/video_speech/Video_Speech_Actor_20/Actor_20/02-01-02-02-02-01-20.mp4,20,valid,02,1,calm,02,02,01,02-01-02-02-02-01-20,canonical_02,/home/tonyhe/ravdess_avfusion/external/video_face_branch/early_fusion_facial_v2/fusion_pack_5f/sequences/02-01-02-02-02-01-20.npy,5,2048,02-01-02-02-02-01-20,canonical_02,5,1,calm,0.06269582211971284,0.7645748198032379,0.11719166832044721,0.010341296158730983,0.011533312778919936,0.007776458468288183,0.013228566013276577,0.012658065557479859,1,1,1,complete
01-02-02-02-02-20,02-01-02-02-02-02-20,02-01-02-02-02-02-20,data/raw/ravdess/video_speech/Video_Speech_Actor_20/Actor_20/02-01-02-02-02-02-20.mp4,20,valid,02,1,calm,02,02,02,02-01-02-02-02-02-20,canonical_02,/home/tonyhe/ravdess_avfusion/external/video_face_branch/early_fusion_facial_v2/fusion_pack_5f/sequences/02-01-02-02-02-02-20.npy,5,2048,02-01-02-02-02-02-20,canonical_02,5,1,calm,0.03214654251933098,0.9053762674331665,0.0065040361601859335,0.01411838699132204,0.007705760654062033,0.006628905422985554,0.0155998382717371,0.011920216493308544,1,1,1,complete
01-03-01-01-01-20,02-01-03-01-01-01-20,02-01-03-01-01-01-20,data/raw/ravdess/video_speech/Video_Speech_Actor_20/Actor_20/02-01-03-01-01-01-20.mp4,20,valid,03,2,happy,01,01,01,02-01-03-01-01-01-20,canonical_02,/home/tonyhe/ravdess_avfusion/external/video_face_branch/early_fusion_facial_v2/fusion_pack_5f/sequences/02-01-03-01-01-01-20.npy,5,2048,02-01-03-01-01-01-20,canonical_02,5,2,happy,0.029163573309779166,0.017190894484519957,0.9049132347106934,0.011579164862632751,0.007793003972619772,0.006656110845506191,0.010387413669377565,0.012316616903990506,1,1,1,complete
01-03-01-01-02-20,02-01-03-01-01-02-20,02-01-03-01-01-02-20,data/raw/ravdess/video_speech/Video_Speech_Actor_20/Actor_20/02-01-03-01-01-02-20.mp4,20,valid,03,2,happy,01,01,02,02-01-03-01-01-02-20,canonical_02,/home/tonyhe/ravdess_avfusion/external/video_face_branch/early_fusion_facial_v2/fusion_pack_5f/sequences/02-01-03-01-01-02-20.npy,5,2048,02-01-03-01-01-02-20,canonical_02,5,1,calm,0.023654559254646303,0.5072456907480956,0.4134503319859505,0.012519913166761399,0.009752252558246254,0.00669921082444489,0.012915439158678054,0.013762617576867342,1,1,1,complete
01-03-01-02-01-20,02-01-03-01-02-01-20,02-01-03-01-02-01-20,data/raw/ravdess/video_speech/Video_Speech_Actor_20/Actor_20/02-01-03-01-02-01-20.mp4,20,valid,03,2,happy,01,02,01,02-01-03-01-02-01-20,canonical_02,/home/tonyhe/ravdess_avfusion/external/video_face_branch/early_fusion_facial_v2/fusion_pack_5f/sequences/02-01-03-01-02-01-20.npy,5,2048,02-01-03-01-02-01-20,canonical_02,5,2,happy,0.029952433332800864,0.34738329648971555,0.5564468324184417,0.013703033141791821,0.010965594928711653,0.008653912786394357,0.014762032590806485,0.018132859282195567,1,1,1,complete
01-03-01-02-02-20,02-01-03-01-02-02-20,02-01-03-01-02-02-20,data/raw/ravdess/video_speech/Video_Speech_Actor_20/Actor_20/02-01-03-01-02-02-20.mp4,20,valid,03,2,happy,01,02,02,02-01-03-01-02-02-20,canonical_02,/home/tonyhe/ravdess_avfusion/external/video_face_branch/early_fusion_facial_v2/fusion_pack_5f/sequences/02-01-03-01-02-02-20.npy,5,2048,02-01-03-01-02-02-20,canonical_02,5,2,happy,0.04397446401417256,0.3897385520860553,0.4890367239713669,0.017486832477152346,0.021251460164785387,0.009877112414687871,0.01403329912573099,0.014601592719554902,1,1,1,complete
01-03-02-01-01-20,02-01-03-02-01-01-20,02-01-03-02-01-01-20,data/raw/ravdess/video_speech/Video_Speech_Actor_20/Actor_20/02-01-03-02-01-01-20.mp4,20,valid,03,2,happy,02,01,01,02-01-03-02-01-01-20,canonical_02,/home/tonyhe/ravdess_avfusion/external/video_face_branch/early_fusion_facial_v2/fusion_pack_5f/sequences/02-01-03-02-01-01-20.npy,5,2048,02-01-03-02-01-01-20,canonical_02,5,2,happy,0.025010674074292184,0.12778075858950616,0.779854291677475,0.014364556409418583,0.0148977005854249,0.009922827687114477,0.01397803146392107,0.014191181119531392,1,1,1,complete
01-03-02-01-02-20,02-01-03-02-01-02-20,02-01-03-02-01-02-20,data/raw/ravdess/video_speech/Video_Speech_Actor_20/Actor_20/02-01-03-02-01-02-20.mp4,20,valid,03,2,happy,02,01,02,02-01-03-02-01-02-20,canonical_02,/home/tonyhe/ravdess_avfusion/external/video_face_branch/early_fusion_facial_v2/fusion_pack_5f/sequences/02-01-03-02-01-02-20.npy,5,2048,02-01-03-02-01-02-20,canonical_02,5,2,happy,0.03979478999972343,0.1434480369091034,0.7221736371517181,0.01364352386444807,0.030964653380215167,0.017374885827302934,0.017773626931011678,0.014826813898980617,1,1,1,complete
01-03-02-02-01-20,02-01-03-02-02-01-20,02-01-03-02-02-01-20,data/raw/ravdess/video_speech/Video_Speech_Actor_20/Actor_20/02-01-03-02-02-01-20.mp4,20,valid,03,2,happy,02,02,01,02-01-03-02-02-01-20,canonical_02,/home/tonyhe/ravdess_avfusion/external/video_face_branch/early_fusion_facial_v2/fusion_pack_5f/sequences/02-01-03-02-02-01-20.npy,5,2048,02-01-03-02-02-01-20,canonical_02,5,2,happy,0.044014648720622065,0.0486385595984757,0.750798225402832,0.033461450785398486,0.038969707861542704,0.02157831536605954,0.01582387648522854,0.04671516697853804,1,1,1,complete
01-03-02-02-02-20,02-01-03-02-02-02-20,02-01-03-02-02-02-20,data/raw/ravdess/video_speech/Video_Speech_Actor_20/Actor_20/02-01-03-02-02-02-20.mp4,20,valid,03,2,happy,02,02,02,02-01-03-02-02-02-20,canonical_02,/home/tonyhe/ravdess_avfusion/external/video_face_branch/early_fusion_facial_v2/fusion_pack_5f/sequences/02-01-03-02-02-02-20.npy,5,2048,02-01-03-02-02-02-20,canonical_02,5,2,happy,0.024474871158599854,0.013536861166357994,0.8483518123626709,0.012776350975036621,0.011262533999979497,0.008792262244969606,0.014594117738306522,0.06621117331087589,1,1,1,complete
01-04-01-01-01-20,02-01-04-01-01-01-20,02-01-04-01-01-01-20,data/raw/ravdess/video_speech/Video_Speech_Actor_20/Actor_20/02-01-04-01-01-01-20.mp4,20,valid,04,3,sad,01,01,01,02-01-04-01-01-01-20,canonical_02,/home/tonyhe/ravdess_avfusion/external/video_face_branch/early_fusion_facial_v2/fusion_pack_5f/sequences/02-01-04-01-01-01-20.npy,5,2048,02-01-04-01-01-01-20,canonical_02,5,1,calm,0.22316680997610092,0.5186702504754066,0.008028931822627783,0.04831040408462286,0.0164234584197402,0.011421901267021894,0.1576211743056774,0.0163570586591959,1,1,1,complete
01-04-01-01-02-20,02-01-04-01-01-02-20,02-01-04-01-01-02-20,data/raw/ravdess/video_speech/Video_Speech_Actor_20/Actor_20/02-01-04-01-01-02-20.mp4,20,valid,04,3,sad,01,01,02,02-01-04-01-01-02-20,canonical_02,/home/tonyhe/ravdess_avfusion/external/video_face_branch/early_fusion_facial_v2/fusion_pack_5f/sequences/02-01-04-01-01-02-20.npy,5,2048,02-01-04-01-01-02-20,canonical_02,5,1,calm,0.1724161200225353,0.3932910919189453,0.07850219439715148,0.15241187550127505,0.012866434548050166,0.012771115824580192,0.03198450095951557,0.14575667940080167,1,1,1,complete
01-04-01-02-01-20,02-01-04-01-02-01-20,02-01-04-01-02-01-20,data/raw/ravdess/video_speech/Video_Speech_Actor_20/Actor_20/02-01-04-01-02-01-20.mp4,20,valid,04,3,sad,01,02,01,02-01-04-01-02-01-20,canonical_02,/home/tonyhe/ravdess_avfusion/external/video_face_branch/early_fusion_facial_v2/fusion_pack_5f/sequences/02-01-04-01-02-01-20.npy,5,2048,02-01-04-01-02-01-20,canonical_02,5,1,calm,0.28382182903587816,0.36099373921751976,0.015162671357393265,0.10460090152919292,0.055521102529019116,0.05062168575823307,0.0944072287529707,0.034870820492506026,1,1,1,complete
01-04-01-02-02-20,02-01-04-01-02-02-20,02-01-04-01-02-02-20,data/raw/ravdess/video_speech/Video_Speech_Actor_20/Actor_20/02-01-04-01-02-02-20.mp4,20,valid,04,3,sad,01,02,02,02-01-04-01-02-02-20,canonical_02,/home/tonyhe/ravdess_avfusion/external/video_face_branch/early_fusion_facial_v2/fusion_pack_5f/sequences/02-01-04-01-02-02-20.npy,5,2048,02-01-04-01-02-02-20,canonical_02,5,0,neutral,0.46260512843728063,0.3231861899606884,0.010436663404107094,0.0985623556189239,0.022539553232491016,0.021388139761984348,0.04259325312450528,0.018688724655658007,1,1,1,complete
01-04-02-01-01-20,02-01-04-02-01-01-20,02-01-04-02-01-01-20,data/raw/ravdess/video_speech/Video_Speech_Actor_20/Actor_20/02-01-04-02-01-01-20.mp4,20,valid,04,3,sad,02,01,01,02-01-04-02-01-01-20,canonical_02,/home/tonyhe/ravdess_avfusion/external/video_face_branch/early_fusion_facial_v2/fusion_pack_5f/sequences/02-01-04-02-01-01-20.npy,5,2048,02-01-04-02-01-01-20,canonical_02,5,3,sad,0.03119857832789421,0.02377007883042097,0.10378353865817189,0.7576111197471619,0.010597443766891956,0.011297100130468607,0.019104625657200815,0.04263750687241554,1,1,1,complete
01-04-02-01-02-20,02-01-04-02-01-02-20,02-01-04-02-01-02-20,data/raw/ravdess/video_speech/Video_Speech_Actor_20/Actor_20/02-01-04-02-01-02-20.mp4,20,valid,04,3,sad,02,01,02,02-01-04-02-01-02-20,canonical_02,/home/tonyhe/ravdess_avfusion/external/video_face_branch/early_fusion_facial_v2/fusion_pack_5f/sequences/02-01-04-02-01-02-20.npy,5,2048,02-01-04-02-01-02-20,canonical_02,5,3,sad,0.036802440881729126,0.015189779736101628,0.1354023426771164,0.6971715927124024,0.01612331736832857,0.013649770710617303,0.030475275218486787,0.05518551841378212,1,1,1,complete
01-04-02-02-01-20,02-01-04-02-02-01-20,02-01-04-02-02-01-20,data/raw/ravdess/video_speech/Video_Speech_Actor_20/Actor_20/02-01-04-02-02-01-20.mp4,20,valid,04,3,sad,02,02,01,02-01-04-02-02-01-20,canonical_02,/home/tonyhe/ravdess_avfusion/external/video_face_branch/early_fusion_facial_v2/fusion_pack_5f/sequences/02-01-04-02-02-01-20.npy,5,2048,02-01-04-02-02-01-20,canonical_02,5,3,sad,0.03631872199475765,0.0808012630790472,0.15032880073413252,0.6626963406801224,0.01407655021175742,0.013656627200543881,0.017258815094828607,0.0248629255220294,1,1,1,complete
01-04-02-02-02-20,02-01-04-02-02-02-20,02-01-04-02-02-02-20,data/raw/ravdess/video_speech/Video_Speech_Actor_20/Actor_20/02-01-04-02-02-02-20.mp4,20,valid,04,3,sad,02,02,02,02-01-04-02-02-02-20,canonical_02,/home/tonyhe/ravdess_avfusion/external/video_face_branch/early_fusion_facial_v2/fusion_pack_5f/sequences/02-01-04-02-02-02-20.npy,5,2048,02-01-04-02-02-02-20,canonical_02,5,3,sad,0.03498089164495468,0.03387155961245299,0.3967744063585997,0.4367716610431671,0.02119236681610346,0.01512688398361206,0.022090828977525234,0.03919139988720417,1,1,1,complete
01-05-01-01-01-20,02-01-05-01-01-01-20,02-01-05-01-01-01-20,data/raw/ravdess/video_speech/Video_Speech_Actor_20/Actor_20/02-01-05-01-01-01-20.mp4,20,valid,05,4,angry,01,01,01,02-01-05-01-01-01-20,canonical_02,/home/tonyhe/ravdess_avfusion/external/video_face_branch/early_fusion_facial_v2/fusion_pack_5f/sequences/02-01-05-01-01-01-20.npy,5,2048,02-01-05-01-01-01-20,canonical_02,5,4,angry,0.19514106959104538,0.15156340599060059,0.020680534839630126,0.01841861605644226,0.31433814242482183,0.08328526690602303,0.032387520745396615,0.18418543189764022,1,1,1,complete
01-05-01-01-02-20,02-01-05-01-01-02-20,02-01-05-01-01-02-20,data/raw/ravdess/video_speech/Video_Speech_Actor_20/Actor_20/02-01-05-01-01-02-20.mp4,20,valid,05,4,angry,01,01,02,02-01-05-01-01-02-20,canonical_02,/home/tonyhe/ravdess_avfusion/external/video_face_branch/early_fusion_facial_v2/fusion_pack_5f/sequences/02-01-05-01-01-02-20.npy,5,2048,02-01-05-01-01-02-20,canonical_02,5,0,neutral,0.5214796006679535,0.05192999392747879,0.013315092772245407,0.014049624465405941,0.315513469837606,0.04078292222693562,0.023529210314154624,0.019400069303810597,1,1,1,complete
01-05-01-02-01-20,02-01-05-01-02-01-20,02-01-05-01-02-01-20,data/raw/ravdess/video_speech/Video_Speech_Actor_20/Actor_20/02-01-05-01-02-01-20.mp4,20,valid,05,4,angry,01,02,01,02-01-05-01-02-01-20,canonical_02,/home/tonyhe/ravdess_avfusion/external/video_face_branch/early_fusion_facial_v2/fusion_pack_5f/sequences/02-01-05-01-02-01-20.npy,5,2048,02-01-05-01-02-01-20,canonical_02,5,1,calm,0.04967730231583119,0.733733993768692,0.14674071110785009,0.018676934856921436,0.014658362790942191,0.009144427254796028,0.01692081578075886,0.010447424184530974,1,1,1,complete
01-05-01-02-02-20,02-01-05-01-02-02-20,02-01-05-01-02-02-20,data/raw/ravdess/video_speech/Video_Speech_Actor_20/Actor_20/02-01-05-01-02-02-20.mp4,20,valid,05,4,angry,01,02,02,02-01-05-01-02-02-20,canonical_02,/home/tonyhe/ravdess_avfusion/external/video_face_branch/early_fusion_facial_v2/fusion_pack_5f/sequences/02-01-05-01-02-02-20.npy,5,2048,02-01-05-01-02-02-20,canonical_02,5,1,calm,0.036221351474523544,0.6139396011829377,0.27580186668783424,0.0128343534655869,0.01999245472252369,0.011792033910751343,0.014751968532800674,0.01466636024415493,1,1,1,complete
01-05-02-01-01-20,02-01-05-02-01-01-20,02-01-05-02-01-01-20,data/raw/ravdess/video_speech/Video_Speech_Actor_20/Actor_20/02-01-05-02-01-01-20.mp4,20,valid,05,4,angry,02,01,01,02-01-05-02-01-01-20,canonical_02,/home/tonyhe/ravdess_avfusion/external/video_face_branch/early_fusion_facial_v2/fusion_pack_5f/sequences/02-01-05-02-01-01-20.npy,5,2048,02-01-05-02-01-01-20,canonical_02,5,4,angry,0.02537736501544714,0.010407173633575439,0.03333659218624234,0.011364789679646492,0.5645247448235751,0.10892936922609806,0.012041769828647375,0.23401820491999387,1,1,1,complete
01-05-02-01-02-20,02-01-05-02-01-02-20,02-01-05-02-01-02-20,data/raw/ravdess/video_speech/Video_Speech_Actor_20/Actor_20/02-01-05-02-01-02-20.mp4,20,valid,05,4,angry,02,01,02,02-01-05-02-01-02-20,canonical_02,/home/tonyhe/ravdess_avfusion/external/video_face_branch/early_fusion_facial_v2/fusion_pack_5f/sequences/02-01-05-02-01-02-20.npy,5,2048,02-01-05-02-01-02-20,canonical_02,5,4,angry,0.028458669036626815,0.011226760782301426,0.015792512334883213,0.011844600737094878,0.4593567749485373,0.4298266373574734,0.018447998072952033,0.025046042259782554,1,1,1,complete
01-05-02-02-01-20,02-01-05-02-02-01-20,02-01-05-02-02-01-20,data/raw/ravdess/video_speech/Video_Speech_Actor_20/Actor_20/02-01-05-02-02-01-20.mp4,20,valid,05,4,angry,02,02,01,02-01-05-02-02-01-20,canonical_02,/home/tonyhe/ravdess_avfusion/external/video_face_branch/early_fusion_facial_v2/fusion_pack_5f/sequences/02-01-05-02-02-01-20.npy,5,2048,02-01-05-02-02-01-20,canonical_02,5,2,happy,0.03539772871881723,0.1326541157439351,0.3696345526725054,0.022397413663566113,0.2889114742167294,0.07147457357496023,0.014315648656338453,0.06521449210122228,1,1,1,complete
01-05-02-02-02-20,02-01-05-02-02-02-20,02-01-05-02-02-02-20,data/raw/ravdess/video_speech/Video_Speech_Actor_20/Actor_20/02-01-05-02-02-02-20.mp4,20,valid,05,4,angry,02,02,02,02-01-05-02-02-02-20,canonical_02,/home/tonyhe/ravdess_avfusion/external/video_face_branch/early_fusion_facial_v2/fusion_pack_5f/sequences/02-01-05-02-02-02-20.npy,5,2048,02-01-05-02-02-02-20,canonical_02,5,4,angry,0.03574264459311962,0.01712578907608986,0.07883848994970322,0.0785905323922634,0.2951466949656606,0.2271008312702179,0.03452129941433668,0.23293372765183448,1,1,1,complete
01-06-01-01-01-20,02-01-06-01-01-01-20,02-01-06-01-01-01-20,data/raw/ravdess/video_speech/Video_Speech_Actor_20/Actor_20/02-01-06-01-01-01-20.mp4,20,valid,06,5,fearful,01,01,01,02-01-06-01-01-01-20,canonical_02,/home/tonyhe/ravdess_avfusion/external/video_face_branch/early_fusion_facial_v2/fusion_pack_5f/sequences/02-01-06-01-01-01-20.npy,5,2048,02-01-06-01-01-01-20,canonical_02,5,7,surprise,0.039495598524808884,0.1158234342932701,0.044284184277057645,0.013544560596346854,0.03140633963048458,0.027957963198423384,0.02988779339939356,0.697600132226944,1,1,1,complete
01-06-01-01-02-20,02-01-06-01-01-02-20,02-01-06-01-01-02-20,data/raw/ravdess/video_speech/Video_Speech_Actor_20/Actor_20/02-01-06-01-01-02-20.mp4,20,valid,06,5,fearful,01,01,02,02-01-06-01-01-02-20,canonical_02,/home/tonyhe/ravdess_avfusion/external/video_face_branch/early_fusion_facial_v2/fusion_pack_5f/sequences/02-01-06-01-01-02-20.npy,5,2048,02-01-06-01-01-02-20,canonical_02,5,7,surprise,0.02910201847553253,0.06110833091661334,0.0396441251039505,0.01066349009051919,0.03321450613439083,0.024295214843004943,0.022809948585927487,0.7791623950004578,1,1,1,complete
01-06-01-02-01-20,02-01-06-01-02-01-20,02-01-06-01-02-01-20,data/raw/ravdess/video_speech/Video_Speech_Actor_20/Actor_20/02-01-06-01-02-01-20.mp4,20,valid,06,5,fearful,01,02,01,02-01-06-01-02-01-20,canonical_02,/home/tonyhe/ravdess_avfusion/external/video_face_branch/early_fusion_facial_v2/fusion_pack_5f/sequences/02-01-06-01-02-01-20.npy,5,2048,02-01-06-01-02-01-20,canonical_02,5,7,surprise,0.11315507963299751,0.06765778828412294,0.027177814021706583,0.01179627450183034,0.02372939921915531,0.016657439153641464,0.01907421611249447,0.7207520127296447,1,1,1,complete
01-06-01-02-02-20,02-01-06-01-02-02-20,02-01-06-01-02-02-20,data/raw/ravdess/video_speech/Video_Speech_Actor_20/Actor_20/02-01-06-01-02-02-20.mp4,20,valid,06,5,fearful,01,02,02,02-01-06-01-02-02-20,canonical_02,/home/tonyhe/ravdess_avfusion/external/video_face_branch/early_fusion_facial_v2/fusion_pack_5f/sequences/02-01-06-01-02-02-20.npy,5,2048,02-01-06-01-02-02-20,canonical_02,5,0,neutral,0.443011948466301,0.1851330935023725,0.020302704628556968,0.011403537821024656,0.027422832045704126,0.016924160812050105,0.022898323088884353,0.2729034180287272,1,1,1,complete
01-06-02-01-01-20,02-01-06-02-01-01-20,02-01-06-02-01-01-20,data/raw/ravdess/video_speech/Video_Speech_Actor_20/Actor_20/02-01-06-02-01-01-20.mp4,20,valid,06,5,fearful,02,01,01,02-01-06-02-01-01-20,canonical_02,/home/tonyhe/ravdess_avfusion/external/video_face_branch/early_fusion_facial_v2/fusion_pack_5f/sequences/02-01-06-02-01-01-20.npy,5,2048,02-01-06-02-01-01-20,canonical_02,5,5,fearful,0.03703986778855324,0.0939501702785492,0.1743509739637375,0.03568705376237631,0.044082599505782125,0.5284300550818444,0.029346082359552383,0.05711320750415325,1,1,1,complete
01-06-02-01-02-20,02-01-06-02-01-02-20,02-01-06-02-01-02-20,data/raw/ravdess/video_speech/Video_Speech_Actor_20/Actor_20/02-01-06-02-01-02-20.mp4,20,valid,06,5,fearful,02,01,02,02-01-06-02-01-02-20,canonical_02,/home/tonyhe/ravdess_avfusion/external/video_face_branch/early_fusion_facial_v2/fusion_pack_5f/sequences/02-01-06-02-01-02-20.npy,5,2048,02-01-06-02-01-02-20,canonical_02,5,4,angry,0.041307955235242846,0.0763837605714798,0.09729542136192322,0.02023513298481703,0.32770612463355064,0.09838013350963593,0.028978326916694643,0.30971317552030087,1,1,1,complete
01-06-02-02-01-20,02-01-06-02-02-01-20,02-01-06-02-02-01-20,data/raw/ravdess/video_speech/Video_Speech_Actor_20/Actor_20/02-01-06-02-02-01-20.mp4,20,valid,06,5,fearful,02,02,01,02-01-06-02-02-01-20,canonical_02,/home/tonyhe/ravdess_avfusion/external/video_face_branch/early_fusion_facial_v2/fusion_pack_5f/sequences/02-01-06-02-02-01-20.npy,5,2048,02-01-06-02-02-01-20,canonical_02,5,5,fearful,0.05951825231313705,0.02650466626510024,0.15119591280817984,0.22406540475785733,0.031139870919287205,0.3553162764757872,0.024551888927817345,0.1277077304199338,1,1,1,complete
01-06-02-02-02-20,02-01-06-02-02-02-20,02-01-06-02-02-02-20,data/raw/ravdess/video_speech/Video_Speech_Actor_20/Actor_20/02-01-06-02-02-02-20.mp4,20,valid,06,5,fearful,02,02,02,02-01-06-02-02-02-20,canonical_02,/home/tonyhe/ravdess_avfusion/external/video_face_branch/early_fusion_facial_v2/fusion_pack_5f/sequences/02-01-06-02-02-02-20.npy,5,2048,02-01-06-02-02-02-20,canonical_02,5,5,fearful,0.027432961761951445,0.015365086309611798,0.050401209481060506,0.012681531906127929,0.013260033912956715,0.8384453296661377,0.01000568401068449,0.03240816313773394,1,1,1,complete
01-07-01-01-01-20,02-01-07-01-01-01-20,02-01-07-01-01-01-20,data/raw/ravdess/video_speech/Video_Speech_Actor_20/Actor_20/02-01-07-01-01-01-20.mp4,20,valid,07,6,disgust,01,01,01,02-01-07-01-01-01-20,canonical_02,/home/tonyhe/ravdess_avfusion/external/video_face_branch/early_fusion_facial_v2/fusion_pack_5f/sequences/02-01-07-01-01-01-20.npy,5,2048,02-01-07-01-01-01-20,canonical_02,5,6,disgust,0.02867446616292,0.011424899473786354,0.10354702221229672,0.05775472372770309,0.03548910105600953,0.03638263363391161,0.6853877604007721,0.04133941000327468,1,1,1,complete
01-07-01-01-02-20,02-01-07-01-01-02-20,02-01-07-01-01-02-20,data/raw/ravdess/video_speech/Video_Speech_Actor_20/Actor_20/02-01-07-01-01-02-20.mp4,20,valid,07,6,disgust,01,01,02,02-01-07-01-01-02-20,canonical_02,/home/tonyhe/ravdess_avfusion/external/video_face_branch/early_fusion_facial_v2/fusion_pack_5f/sequences/02-01-07-01-01-02-20.npy,5,2048,02-01-07-01-01-02-20,canonical_02,5,6,disgust,0.013549458235502243,0.007455027010291815,0.00906663634814322,0.011842599278315902,0.014308559964410961,0.012629354745149613,0.9219100117683411,0.00923833465203643,1,1,1,complete
01-07-01-02-01-20,02-01-07-01-02-01-20,02-01-07-01-02-01-20,data/raw/ravdess/video_speech/Video_Speech_Actor_20/Actor_20/02-01-07-01-02-01-20.mp4,20,valid,07,6,disgust,01,02,01,02-01-07-01-02-01-20,canonical_02,/home/tonyhe/ravdess_avfusion/external/video_face_branch/early_fusion_facial_v2/fusion_pack_5f/sequences/02-01-07-01-02-01-20.npy,5,2048,02-01-07-01-02-01-20,canonical_02,5,6,disgust,0.016919759195297958,0.011648967675864697,0.1719767304835841,0.02258596890605986,0.013494248501956463,0.0991193475201726,0.6538249235600233,0.010430020280182362,1,1,1,complete
01-07-01-02-02-20,02-01-07-01-02-02-20,02-01-07-01-02-02-20,data/raw/ravdess/video_speech/Video_Speech_Actor_20/Actor_20/02-01-07-01-02-02-20.mp4,20,valid,07,6,disgust,01,02,02,02-01-07-01-02-02-20,canonical_02,/home/tonyhe/ravdess_avfusion/external/video_face_branch/early_fusion_facial_v2/fusion_pack_5f/sequences/02-01-07-01-02-02-20.npy,5,2048,02-01-07-01-02-02-20,canonical_02,5,6,disgust,0.01726796943694353,0.011516985669732093,0.15886201011016965,0.00810285797342658,0.007067846693098545,0.007087222766131163,0.7810099810361862,0.009085126873105764,1,1,1,complete
01-07-02-01-01-20,02-01-07-02-01-01-20,02-01-07-02-01-01-20,data/raw/ravdess/video_speech/Video_Speech_Actor_20/Actor_20/02-01-07-02-01-01-20.mp4,20,valid,07,6,disgust,02,01,01,02-01-07-02-01-01-20,canonical_02,/home/tonyhe/ravdess_avfusion/external/video_face_branch/early_fusion_facial_v2/fusion_pack_5f/sequences/02-01-07-02-01-01-20.npy,5,2048,02-01-07-02-01-01-20,canonical_02,5,4,angry,0.034806140884757045,0.023718637228012086,0.028851867653429508,0.04425650257617235,0.4185518969781697,0.07575479093939066,0.342174070328474,0.03188605718314648,1,1,1,complete
01-07-02-01-02-20,02-01-07-02-01-02-20,02-01-07-02-01-02-20,data/raw/ravdess/video_speech/Video_Speech_Actor_20/Actor_20/02-01-07-02-01-02-20.mp4,20,valid,07,6,disgust,02,01,02,02-01-07-02-01-02-20,canonical_02,/home/tonyhe/ravdess_avfusion/external/video_face_branch/early_fusion_facial_v2/fusion_pack_5f/sequences/02-01-07-02-01-02-20.npy,5,2048,02-01-07-02-01-02-20,canonical_02,5,6,disgust,0.019930844940245152,0.007464312016963959,0.009015332348644734,0.27711375430226326,0.0051340122241526846,0.021269365213811398,0.6339282393455505,0.026144123636186123,1,1,1,complete
01-07-02-02-01-20,02-01-07-02-02-01-20,02-01-07-02-02-01-20,data/raw/ravdess/video_speech/Video_Speech_Actor_20/Actor_20/02-01-07-02-02-01-20.mp4,20,valid,07,6,disgust,02,02,01,02-01-07-02-02-01-20,canonical_02,/home/tonyhe/ravdess_avfusion/external/video_face_branch/early_fusion_facial_v2/fusion_pack_5f/sequences/02-01-07-02-02-01-20.npy,5,2048,02-01-07-02-02-01-20,canonical_02,5,6,disgust,0.02673016469925642,0.014632525946944952,0.19131562123075127,0.04511837856844068,0.01033164132386446,0.018919846322387458,0.6773119553923607,0.015639847982674836,1,1,1,complete
01-07-02-02-02-20,02-01-07-02-02-02-20,02-01-07-02-02-02-20,data/raw/ravdess/video_speech/Video_Speech_Actor_20/Actor_20/02-01-07-02-02-02-20.mp4,20,valid,07,6,disgust,02,02,02,02-01-07-02-02-02-20,canonical_02,/home/tonyhe/ravdess_avfusion/external/video_face_branch/early_fusion_facial_v2/fusion_pack_5f/sequences/02-01-07-02-02-02-20.npy,5,2048,02-01-07-02-02-02-20,canonical_02,5,6,disgust,0.030753197520971297,0.010663274396210908,0.08565304959192872,0.17744146306067704,0.02436561561189592,0.04905136832967401,0.6002334907650948,0.02183856153860688,1,1,1,complete
01-08-01-01-01-20,02-01-08-01-01-01-20,02-01-08-01-01-01-20,data/raw/ravdess/video_speech/Video_Speech_Actor_20/Actor_20/02-01-08-01-01-01-20.mp4,20,valid,08,7,surprise,01,01,01,02-01-08-01-01-01-20,canonical_02,/home/tonyhe/ravdess_avfusion/external/video_face_branch/early_fusion_facial_v2/fusion_pack_5f/sequences/02-01-08-01-01-01-20.npy,5,2048,02-01-08-01-01-01-20,canonical_02,5,0,neutral,0.36604029685258865,0.036150858551263806,0.23136599138379096,0.015988878160715102,0.011273177806288004,0.011868972983211278,0.014400916919112206,0.3129109118133783,1,1,1,complete
01-08-01-01-02-20,02-01-08-01-01-02-20,02-01-08-01-01-02-20,data/raw/ravdess/video_speech/Video_Speech_Actor_20/Actor_20/02-01-08-01-01-02-20.mp4,20,valid,08,7,surprise,01,01,02,02-01-08-01-01-02-20,canonical_02,/home/tonyhe/ravdess_avfusion/external/video_face_branch/early_fusion_facial_v2/fusion_pack_5f/sequences/02-01-08-01-01-02-20.npy,5,2048,02-01-08-01-01-02-20,canonical_02,5,2,happy,0.20251896791160107,0.17993682622909546,0.3881226569414139,0.014730542246252299,0.010849038697779178,0.013046216685324907,0.02344070766121149,0.16735507138073444,1,1,1,complete
01-08-01-02-01-20,02-01-08-01-02-01-20,02-01-08-01-02-01-20,data/raw/ravdess/video_speech/Video_Speech_Actor_20/Actor_20/02-01-08-01-02-01-20.mp4,20,valid,08,7,surprise,01,02,01,02-01-08-01-02-01-20,canonical_02,/home/tonyhe/ravdess_avfusion/external/video_face_branch/early_fusion_facial_v2/fusion_pack_5f/sequences/02-01-08-01-02-01-20.npy,5,2048,02-01-08-01-02-01-20,canonical_02,5,2,happy,0.28332388028502464,0.13339695781469346,0.3691854186356068,0.012114970851689577,0.10809771325439214,0.009193913731724023,0.012376211769878864,0.07231089258566499,1,1,1,complete
01-08-01-02-02-20,02-01-08-01-02-02-20,02-01-08-01-02-02-20,data/raw/ravdess/video_speech/Video_Speech_Actor_20/Actor_20/02-01-08-01-02-02-20.mp4,20,valid,08,7,surprise,01,02,02,02-01-08-01-02-02-20,canonical_02,/home/tonyhe/ravdess_avfusion/external/video_face_branch/early_fusion_facial_v2/fusion_pack_5f/sequences/02-01-08-01-02-02-20.npy,5,2048,02-01-08-01-02-02-20,canonical_02,5,7,surprise,0.28485629707574844,0.08787271846085787,0.01447088960558176,0.019327939487993717,0.008664105460047722,0.007401134073734284,0.016761735640466215,0.5606451880186796,1,1,1,complete
01-08-02-01-01-20,02-01-08-02-01-01-20,02-01-08-02-01-01-20,data/raw/ravdess/video_speech/Video_Speech_Actor_20/Actor_20/02-01-08-02-01-01-20.mp4,20,valid,08,7,surprise,02,01,01,02-01-08-02-01-01-20,canonical_02,/home/tonyhe/ravdess_avfusion/external/video_face_branch/early_fusion_facial_v2/fusion_pack_5f/sequences/02-01-08-02-01-01-20.npy,5,2048,02-01-08-02-01-01-20,canonical_02,5,0,neutral,0.39854832030832765,0.03757711919024587,0.04982574256137014,0.2756116223521531,0.012119966745376586,0.175795185752213,0.02039892515167594,0.030123139452189206,1,1,1,complete
01-08-02-01-02-20,02-01-08-02-01-02-20,02-01-08-02-01-02-20,data/raw/ravdess/video_speech/Video_Speech_Actor_20/Actor_20/02-01-08-02-01-02-20.mp4,20,valid,08,7,surprise,02,01,02,02-01-08-02-01-02-20,canonical_02,/home/tonyhe/ravdess_avfusion/external/video_face_branch/early_fusion_facial_v2/fusion_pack_5f/sequences/02-01-08-02-01-02-20.npy,5,2048,02-01-08-02-01-02-20,canonical_02,5,0,neutral,0.29622170217335225,0.15917497277259826,0.040279203094542027,0.04048275165259838,0.22491545863449575,0.03877105563879013,0.10968440398573875,0.09047043602913618,1,1,1,complete
01-08-02-02-01-20,02-01-08-02-02-01-20,02-01-08-02-02-01-20,data/raw/ravdess/video_speech/Video_Speech_Actor_20/Actor_20/02-01-08-02-02-01-20.mp4,20,valid,08,7,surprise,02,02,01,02-01-08-02-02-01-20,canonical_02,/home/tonyhe/ravdess_avfusion/external/video_face_branch/early_fusion_facial_v2/fusion_pack_5f/sequences/02-01-08-02-02-01-20.npy,5,2048,02-01-08-02-02-01-20,canonical_02,5,2,happy,0.02563357762992382,0.1872699054889381,0.5303986184298992,0.01359524019062519,0.012991955317556859,0.016395124327391385,0.014555490389466286,0.19916008729487658,1,1,1,complete
01-08-02-02-02-20,02-01-08-02-02-02-20,02-01-08-02-02-02-20,data/raw/ravdess/video_speech/Video_Speech_Actor_20/Actor_20/02-01-08-02-02-02-20.mp4,20,valid,08,7,surprise,02,02,02,02-01-08-02-02-02-20,canonical_02,/home/tonyhe/ravdess_avfusion/external/video_face_branch/early_fusion_facial_v2/fusion_pack_5f/sequences/02-01-08-02-02-02-20.npy,5,2048,02-01-08-02-02-02-20,canonical_02,5,2,happy,0.34025335907936094,0.05702860150486231,0.38867679201066496,0.030186057649552824,0.048091252148151395,0.061180262640118596,0.016909411735832693,0.05767425131052732,1,1,1,complete
01-01-01-01-01-21,02-01-01-01-01-01-21,02-01-01-01-01-01-21,data/raw/ravdess/video_speech/Video_Speech_Actor_21/Actor_21/02-01-01-01-01-01-21.mp4,21,test,01,0,neutral,01,01,01,02-01-01-01-01-01-21,canonical_02,/home/tonyhe/ravdess_avfusion/external/video_face_branch/early_fusion_facial_v2/fusion_pack_5f/sequences/02-01-01-01-01-01-21.npy,5,2048,02-01-01-01-01-01-21,canonical_02,5,0,neutral,0.8985830783843994,0.03839298859238625,0.008242812473326921,0.015163038857281208,0.006032900977879762,0.0063087641261518005,0.013245991244912148,0.014030417334288359,1,1,1,complete
01-01-01-01-02-21,02-01-01-01-01-02-21,02-01-01-01-01-02-21,data/raw/ravdess/video_speech/Video_Speech_Actor_21/Actor_21/02-01-01-01-01-02-21.mp4,21,test,01,0,neutral,01,01,02,02-01-01-01-01-02-21,canonical_02,/home/tonyhe/ravdess_avfusion/external/video_face_branch/early_fusion_facial_v2/fusion_pack_5f/sequences/02-01-01-01-01-02-21.npy,5,2048,02-01-01-01-01-02-21,canonical_02,5,0,neutral,0.9299907803535461,0.014437050744891166,0.006471282243728638,0.012396405637264251,0.006198893580585718,0.006332619395107031,0.014165187440812587,0.010007711127400398,1,1,1,complete
01-01-01-02-01-21,02-01-01-01-02-01-21,02-01-01-01-02-01-21,data/raw/ravdess/video_speech/Video_Speech_Actor_21/Actor_21/02-01-01-01-02-01-21.mp4,21,test,01,0,neutral,01,02,01,02-01-01-01-02-01-21,canonical_02,/home/tonyhe/ravdess_avfusion/external/video_face_branch/early_fusion_facial_v2/fusion_pack_5f/sequences/02-01-01-01-02-01-21.npy,5,2048,02-01-01-01-02-01-21,canonical_02,5,0,neutral,0.9230900168418884,0.01399219799786806,0.007641287054866552,0.020519895106554033,0.006374669354408979,0.005605610832571983,0.013442439958453178,0.00933384634554386,1,1,1,complete
01-01-01-02-02-21,02-01-01-01-02-02-21,02-01-01-01-02-02-21,data/raw/ravdess/video_speech/Video_Speech_Actor_21/Actor_21/02-01-01-01-02-02-21.mp4,21,test,01,0,neutral,01,02,02,02-01-01-01-02-02-21,canonical_02,/home/tonyhe/ravdess_avfusion/external/video_face_branch/early_fusion_facial_v2/fusion_pack_5f/sequences/02-01-01-01-02-02-21.npy,5,2048,02-01-01-01-02-02-21,canonical_02,5,0,neutral,0.9259035468101502,0.017256137728691102,0.006650700652971864,0.018465264327824117,0.006079821707680821,0.004943740461021662,0.013401161506772041,0.007299635000526905,1,1,1,complete
01-02-01-01-01-21,02-01-02-01-01-01-21,02-01-02-01-01-01-21,data/raw/ravdess/video_speech/Video_Speech_Actor_21/Actor_21/02-01-02-01-01-01-21.mp4,21,test,02,1,calm,01,01,01,02-01-02-01-01-01-21,canonical_02,/home/tonyhe/ravdess_avfusion/external/video_face_branch/early_fusion_facial_v2/fusion_pack_5f/sequences/02-01-02-01-01-01-21.npy,5,2048,02-01-02-01-01-01-21,canonical_02,5,1,calm,0.31512913536280396,0.578003816306591,0.008867144398391247,0.05281565375626087,0.005421142000705004,0.0060563705861568454,0.013440771494060755,0.020265960972756146,1,1,1,complete
01-02-01-01-02-21,02-01-02-01-01-02-21,02-01-02-01-01-02-21,data/raw/ravdess/video_speech/Video_Speech_Actor_21/Actor_21/02-01-02-01-01-02-21.mp4,21,test,02,1,calm,01,01,02,02-01-02-01-01-02-21,canonical_02,/home/tonyhe/ravdess_avfusion/external/video_face_branch/early_fusion_facial_v2/fusion_pack_5f/sequences/02-01-02-01-01-02-21.npy,5,2048,02-01-02-01-01-02-21,canonical_02,5,1,calm,0.372568891197443,0.4455614537000656,0.012803636305034161,0.10458950996398926,0.005633279960602522,0.007511471305042506,0.026009499467909335,0.025322211533784868,1,1,1,complete
01-02-01-02-01-21,02-01-02-01-02-01-21,02-01-02-01-02-01-21,data/raw/ravdess/video_speech/Video_Speech_Actor_21/Actor_21/02-01-02-01-02-01-21.mp4,21,test,02,1,calm,01,02,01,02-01-02-01-02-01-21,canonical_02,/home/tonyhe/ravdess_avfusion/external/video_face_branch/early_fusion_facial_v2/fusion_pack_5f/sequences/02-01-02-01-02-01-21.npy,5,2048,02-01-02-01-02-01-21,canonical_02,5,1,calm,0.18961565643548967,0.7312096431851387,0.0056045899167656895,0.03854638189077377,0.004699260881170631,0.005510207591578364,0.011770035419613124,0.013044274412095547,1,1,1,complete
01-02-01-02-02-21,02-01-02-01-02-02-21,02-01-02-01-02-02-21,data/raw/ravdess/video_speech/Video_Speech_Actor_21/Actor_21/02-01-02-01-02-02-21.mp4,21,test,02,1,calm,01,02,02,02-01-02-01-02-02-21,canonical_02,/home/tonyhe/ravdess_avfusion/external/video_face_branch/early_fusion_facial_v2/fusion_pack_5f/sequences/02-01-02-01-02-02-21.npy,5,2048,02-01-02-01-02-02-21,canonical_02,5,1,calm,0.3219749588519335,0.5338577698916197,0.009542904328554869,0.07523148059844971,0.005796172935515642,0.006684365402907133,0.01390736736357212,0.033004986867308614,1,1,1,complete
01-02-02-01-01-21,02-01-02-02-01-01-21,02-01-02-02-01-01-21,data/raw/ravdess/video_speech/Video_Speech_Actor_21/Actor_21/02-01-02-02-01-01-21.mp4,21,test,02,1,calm,02,01,01,02-01-02-02-01-01-21,canonical_02,/home/tonyhe/ravdess_avfusion/external/video_face_branch/early_fusion_facial_v2/fusion_pack_5f/sequences/02-01-02-02-01-01-21.npy,5,2048,02-01-02-02-01-01-21,canonical_02,5,1,calm,0.050215186551213264,0.7326741933822631,0.010017769131809472,0.15474915988743304,0.00855515138246119,0.008954588510096072,0.014369594678282738,0.0204643402248621,1,1,1,complete
01-02-02-01-02-21,02-01-02-02-01-02-21,02-01-02-02-01-02-21,data/raw/ravdess/video_speech/Video_Speech_Actor_21/Actor_21/02-01-02-02-01-02-21.mp4,21,test,02,1,calm,02,01,02,02-01-02-02-01-02-21,canonical_02,/home/tonyhe/ravdess_avfusion/external/video_face_branch/early_fusion_facial_v2/fusion_pack_5f/sequences/02-01-02-02-01-02-21.npy,5,2048,02-01-02-02-01-02-21,canonical_02,5,1,calm,0.0983267031610012,0.5576735585927963,0.015479945205152034,0.13971759304404258,0.0076635883189737795,0.009532352909445763,0.02108972314745188,0.15051656365394592,1,1,1,complete
01-02-02-02-01-21,02-01-02-02-02-01-21,02-01-02-02-02-01-21,data/raw/ravdess/video_speech/Video_Speech_Actor_21/Actor_21/02-01-02-02-02-01-21.mp4,21,test,02,1,calm,02,02,01,02-01-02-02-02-01-21,canonical_02,/home/tonyhe/ravdess_avfusion/external/video_face_branch/early_fusion_facial_v2/fusion_pack_5f/sequences/02-01-02-02-02-01-21.npy,5,2048,02-01-02-02-02-01-21,canonical_02,5,1,calm,0.20923031829297542,0.5901905380189418,0.00889137564226985,0.14692294988781213,0.00944002866744995,0.006761380191892386,0.012173687666654586,0.016389732994139195,1,1,1,complete
01-02-02-02-02-21,02-01-02-02-02-02-21,02-01-02-02-02-02-21,data/raw/ravdess/video_speech/Video_Speech_Actor_21/Actor_21/02-01-02-02-02-02-21.mp4,21,test,02,1,calm,02,02,02,02-01-02-02-02-02-21,canonical_02,/home/tonyhe/ravdess_avfusion/external/video_face_branch/early_fusion_facial_v2/fusion_pack_5f/sequences/02-01-02-02-02-02-21.npy,5,2048,02-01-02-02-02-02-21,canonical_02,5,1,calm,0.02800024822354317,0.7476056039333343,0.029507079906761647,0.15741879474371673,0.006618914799764753,0.007073689438402653,0.010666153393685818,0.013109530322253704,1,1,1,complete
01-03-01-01-01-21,02-01-03-01-01-01-21,02-01-03-01-01-01-21,data/raw/ravdess/video_speech/Video_Speech_Actor_21/Actor_21/02-01-03-01-01-01-21.mp4,21,test,03,2,happy,01,01,01,02-01-03-01-01-01-21,canonical_02,/home/tonyhe/ravdess_avfusion/external/video_face_branch/early_fusion_facial_v2/fusion_pack_5f/sequences/02-01-03-01-01-01-21.npy,5,2048,02-01-03-01-01-01-21,canonical_02,5,1,calm,0.19801055453717709,0.7255431108176709,0.0114780162461102,0.01970562171190977,0.008194133639335632,0.007938523031771182,0.013566261529922486,0.015563711524009705,1,1,1,complete
01-03-01-01-02-21,02-01-03-01-01-02-21,02-01-03-01-01-02-21,data/raw/ravdess/video_speech/Video_Speech_Actor_21/Actor_21/02-01-03-01-01-02-21.mp4,21,test,03,2,happy,01,01,02,02-01-03-01-01-02-21,canonical_02,/home/tonyhe/ravdess_avfusion/external/video_face_branch/early_fusion_facial_v2/fusion_pack_5f/sequences/02-01-03-01-01-02-21.npy,5,2048,02-01-03-01-01-02-21,canonical_02,5,1,calm,0.02414342314004898,0.8980895280838013,0.014378796517848968,0.020388405397534372,0.008639609813690186,0.006959336623549461,0.011396864056587219,0.01600402854382992,1,1,1,complete
01-03-01-02-01-21,02-01-03-01-02-01-21,02-01-03-01-02-01-21,data/raw/ravdess/video_speech/Video_Speech_Actor_21/Actor_21/02-01-03-01-02-01-21.mp4,21,test,03,2,happy,01,02,01,02-01-03-01-02-01-21,canonical_02,/home/tonyhe/ravdess_avfusion/external/video_face_branch/early_fusion_facial_v2/fusion_pack_5f/sequences/02-01-03-01-02-01-21.npy,5,2048,02-01-03-01-02-01-21,canonical_02,5,1,calm,0.03403119221329689,0.5476883664727211,0.34439772395417095,0.015954693034291267,0.011650716606527566,0.010150089021772146,0.015019981935620309,0.021107248589396478,1,1,1,complete
01-03-01-02-02-21,02-01-03-01-02-02-21,02-01-03-01-02-02-21,data/raw/ravdess/video_speech/Video_Speech_Actor_21/Actor_21/02-01-03-01-02-02-21.mp4,21,test,03,2,happy,01,02,02,02-01-03-01-02-02-21,canonical_02,/home/tonyhe/ravdess_avfusion/external/video_face_branch/early_fusion_facial_v2/fusion_pack_5f/sequences/02-01-03-01-02-02-21.npy,5,2048,02-01-03-01-02-02-21,canonical_02,5,1,calm,0.0230693731456995,0.9052076935768127,0.01330966237001121,0.01853325180709362,0.007979501504451036,0.007993193157017232,0.012117968406528234,0.011789353005588055,1,1,1,complete
01-03-02-01-01-21,02-01-03-02-01-01-21,02-01-03-02-01-01-21,data/raw/ravdess/video_speech/Video_Speech_Actor_21/Actor_21/02-01-03-02-01-01-21.mp4,21,test,03,2,happy,02,01,01,02-01-03-02-01-01-21,canonical_02,/home/tonyhe/ravdess_avfusion/external/video_face_branch/early_fusion_facial_v2/fusion_pack_5f/sequences/02-01-03-02-01-01-21.npy,5,2048,02-01-03-02-01-01-21,canonical_02,5,2,happy,0.020904622972011566,0.39302000403404236,0.539397059660405,0.009162537287920713,0.009178457222878933,0.00877580577507615,0.009493830054998398,0.010067701991647481,1,1,1,complete
01-03-02-01-02-21,02-01-03-02-01-02-21,02-01-03-02-01-02-21,data/raw/ravdess/video_speech/Video_Speech_Actor_21/Actor_21/02-01-03-02-01-02-21.mp4,21,test,03,2,happy,02,01,02,02-01-03-02-01-02-21,canonical_02,/home/tonyhe/ravdess_avfusion/external/video_face_branch/early_fusion_facial_v2/fusion_pack_5f/sequences/02-01-03-02-01-02-21.npy,5,2048,02-01-03-02-01-02-21,canonical_02,5,1,calm,0.028549418784677982,0.5102041572332382,0.38855962101370095,0.015434716641902924,0.014202740415930748,0.014880723971873521,0.014079478569328785,0.014089172333478927,1,1,1,complete
01-03-02-02-01-21,02-01-03-02-02-01-21,02-01-03-02-02-01-21,data/raw/ravdess/video_speech/Video_Speech_Actor_21/Actor_21/02-01-03-02-02-01-21.mp4,21,test,03,2,happy,02,02,01,02-01-03-02-02-01-21,canonical_02,/home/tonyhe/ravdess_avfusion/external/video_face_branch/early_fusion_facial_v2/fusion_pack_5f/sequences/02-01-03-02-02-01-21.npy,5,2048,02-01-03-02-02-01-21,canonical_02,5,2,happy,0.03747570849955082,0.3471805214881897,0.5449787373654544,0.014962900802493096,0.014337057340890169,0.013293626066297293,0.014334620907902718,0.013436863012611867,1,1,1,complete
01-03-02-02-02-21,02-01-03-02-02-02-21,02-01-03-02-02-02-21,data/raw/ravdess/video_speech/Video_Speech_Actor_21/Actor_21/02-01-03-02-02-02-21.mp4,21,test,03,2,happy,02,02,02,02-01-03-02-02-02-21,canonical_02,/home/tonyhe/ravdess_avfusion/external/video_face_branch/early_fusion_facial_v2/fusion_pack_5f/sequences/02-01-03-02-02-02-21.npy,5,2048,02-01-03-02-02-02-21,canonical_02,5,1,calm,0.029551171138882636,0.4957361802458763,0.41137071391567587,0.01149181928485632,0.016780497506260872,0.010258371755480767,0.01241386104375124,0.012397354282438756,1,1,1,complete
01-04-01-01-01-21,02-01-04-01-01-01-21,02-01-04-01-01-01-21,data/raw/ravdess/video_speech/Video_Speech_Actor_21/Actor_21/02-01-04-01-01-01-21.mp4,21,test,04,3,sad,01,01,01,02-01-04-01-01-01-21,canonical_02,/home/tonyhe/ravdess_avfusion/external/video_face_branch/early_fusion_facial_v2/fusion_pack_5f/sequences/02-01-04-01-01-01-21.npy,5,2048,02-01-04-01-01-01-21,canonical_02,5,3,sad,0.2464511014521122,0.2146639397367835,0.009852646524086595,0.28214963618665934,0.008203522674739361,0.014309859648346902,0.03043507058173418,0.19393420564010738,1,1,1,complete
01-04-01-01-02-21,02-01-04-01-01-02-21,02-01-04-01-01-02-21,data/raw/ravdess/video_speech/Video_Speech_Actor_21/Actor_21/02-01-04-01-01-02-21.mp4,21,test,04,3,sad,01,01,02,02-01-04-01-01-02-21,canonical_02,/home/tonyhe/ravdess_avfusion/external/video_face_branch/early_fusion_facial_v2/fusion_pack_5f/sequences/02-01-04-01-01-02-21.npy,5,2048,02-01-04-01-01-02-21,canonical_02,5,3,sad,0.0280242832377553,0.3837784040719271,0.011031273379921913,0.42690696101635695,0.008520210161805153,0.011961964704096318,0.05680511761456728,0.07297178935259581,1,1,1,complete
01-04-01-02-01-21,02-01-04-01-02-01-21,02-01-04-01-02-01-21,data/raw/ravdess/video_speech/Video_Speech_Actor_21/Actor_21/02-01-04-01-02-01-21.mp4,21,test,04,3,sad,01,02,01,02-01-04-01-02-01-21,canonical_02,/home/tonyhe/ravdess_avfusion/external/video_face_branch/early_fusion_facial_v2/fusion_pack_5f/sequences/02-01-04-01-02-01-21.npy,5,2048,02-01-04-01-02-01-21,canonical_02,5,1,calm,0.1832458596676588,0.7394154012203217,0.006073182914406061,0.017160646431148053,0.006629142910242081,0.005966842267662286,0.01337854415178299,0.028130379877984522,1,1,1,complete
01-04-01-02-02-21,02-01-04-01-02-02-21,02-01-04-01-02-02-21,data/raw/ravdess/video_speech/Video_Speech_Actor_21/Actor_21/02-01-04-01-02-02-21.mp4,21,test,04,3,sad,01,02,02,02-01-04-01-02-02-21,canonical_02,/home/tonyhe/ravdess_avfusion/external/video_face_branch/early_fusion_facial_v2/fusion_pack_5f/sequences/02-01-04-01-02-02-21.npy,5,2048,02-01-04-01-02-02-21,canonical_02,5,3,sad,0.06281993724405766,0.09698578417301178,0.00967390751466155,0.5973448246717453,0.018422431591898204,0.021852733939886092,0.1057561593130231,0.08714421540498733,1,1,1,complete
01-04-02-01-01-21,02-01-04-02-01-01-21,02-01-04-02-01-01-21,data/raw/ravdess/video_speech/Video_Speech_Actor_21/Actor_21/02-01-04-02-01-01-21.mp4,21,test,04,3,sad,02,01,01,02-01-04-02-01-01-21,canonical_02,/home/tonyhe/ravdess_avfusion/external/video_face_branch/early_fusion_facial_v2/fusion_pack_5f/sequences/02-01-04-02-01-01-21.npy,5,2048,02-01-04-02-01-01-21,canonical_02,5,1,calm,0.022660855576395987,0.8673973679542542,0.04399037081748247,0.016855354234576226,0.008154042065143585,0.009049301873892546,0.015645726397633553,0.01624694699421525,1,1,1,complete
01-04-02-01-02-21,02-01-04-02-01-02-21,02-01-04-02-01-02-21,data/raw/ravdess/video_speech/Video_Speech_Actor_21/Actor_21/02-01-04-02-01-02-21.mp4,21,test,04,3,sad,02,01,02,02-01-04-02-01-02-21,canonical_02,/home/tonyhe/ravdess_avfusion/external/video_face_branch/early_fusion_facial_v2/fusion_pack_5f/sequences/02-01-04-02-01-02-21.npy,5,2048,02-01-04-02-01-02-21,canonical_02,5,3,sad,0.025467944145202637,0.2498924359679222,0.21244083382189274,0.42464885450899603,0.03294511744752526,0.0181016112677753,0.02566134501248598,0.010841859877109528,1,1,1,complete
01-04-02-02-01-21,02-01-04-02-02-01-21,02-01-04-02-02-01-21,data/raw/ravdess/video_speech/Video_Speech_Actor_21/Actor_21/02-01-04-02-02-01-21.mp4,21,test,04,3,sad,02,02,01,02-01-04-02-02-01-21,canonical_02,/home/tonyhe/ravdess_avfusion/external/video_face_branch/early_fusion_facial_v2/fusion_pack_5f/sequences/02-01-04-02-02-01-21.npy,5,2048,02-01-04-02-02-01-21,canonical_02,5,1,calm,0.031817123480141166,0.45287617966532706,0.22841231226921083,0.17079697996377946,0.05612846864387393,0.01372206131927669,0.03317569950595498,0.013071154244244099,1,1,1,complete
01-04-02-02-02-21,02-01-04-02-02-02-21,02-01-04-02-02-02-21,data/raw/ravdess/video_speech/Video_Speech_Actor_21/Actor_21/02-01-04-02-02-02-21.mp4,21,test,04,3,sad,02,02,02,02-01-04-02-02-02-21,canonical_02,/home/tonyhe/ravdess_avfusion/external/video_face_branch/early_fusion_facial_v2/fusion_pack_5f/sequences/02-01-04-02-02-02-21.npy,5,2048,02-01-04-02-02-02-21,canonical_02,5,1,calm,0.03098314832895994,0.4815566334873438,0.23208554433658718,0.17719807270914317,0.016839390527456997,0.012465722672641278,0.0343405744060874,0.014530889317393303,1,1,1,complete
01-05-01-01-01-21,02-01-05-01-01-01-21,02-01-05-01-01-01-21,data/raw/ravdess/video_speech/Video_Speech_Actor_21/Actor_21/02-01-05-01-01-01-21.mp4,21,test,05,4,angry,01,01,01,02-01-05-01-01-01-21,canonical_02,/home/tonyhe/ravdess_avfusion/external/video_face_branch/early_fusion_facial_v2/fusion_pack_5f/sequences/02-01-05-01-01-01-21.npy,5,2048,02-01-05-01-01-01-21,canonical_02,5,6,disgust,0.20035278461873532,0.032292090356349945,0.008837883360683918,0.078885443136096,0.156010630633682,0.018178151082247497,0.3558261007070541,0.1496169339865446,1,1,1,complete
01-05-01-01-02-21,02-01-05-01-01-02-21,02-01-05-01-01-02-21,data/raw/ravdess/video_speech/Video_Speech_Actor_21/Actor_21/02-01-05-01-01-02-21.mp4,21,test,05,4,angry,01,01,02,02-01-05-01-01-02-21,canonical_02,/home/tonyhe/ravdess_avfusion/external/video_face_branch/early_fusion_facial_v2/fusion_pack_5f/sequences/02-01-05-01-01-02-21.npy,5,2048,02-01-05-01-01-02-21,canonical_02,5,0,neutral,0.3395003668963909,0.029843921773135662,0.00991425383836031,0.18733340967446566,0.2315027629956603,0.03839477095752954,0.057322703301906586,0.10618784874677659,1,1,1,complete
01-05-01-02-01-21,02-01-05-01-02-01-21,02-01-05-01-02-01-21,data/raw/ravdess/video_speech/Video_Speech_Actor_21/Actor_21/02-01-05-01-02-01-21.mp4,21,test,05,4,angry,01,02,01,02-01-05-01-02-01-21,canonical_02,/home/tonyhe/ravdess_avfusion/external/video_face_branch/early_fusion_facial_v2/fusion_pack_5f/sequences/02-01-05-01-02-01-21.npy,5,2048,02-01-05-01-02-01-21,canonical_02,5,0,neutral,0.493154170922935,0.0272916279733181,0.009875066764652728,0.0556153129786253,0.08614959921687841,0.008938130922615528,0.25953040942549704,0.05944566689431667,1,1,1,complete
01-05-01-02-02-21,02-01-05-01-02-02-21,02-01-05-01-02-02-21,data/raw/ravdess/video_speech/Video_Speech_Actor_21/Actor_21/02-01-05-01-02-02-21.mp4,21,test,05,4,angry,01,02,02,02-01-05-01-02-02-21,canonical_02,/home/tonyhe/ravdess_avfusion/external/video_face_branch/early_fusion_facial_v2/fusion_pack_5f/sequences/02-01-05-01-02-02-21.npy,5,2048,02-01-05-01-02-02-21,canonical_02,5,7,surprise,0.21323084458708763,0.06373045071959496,0.011841634288430214,0.04515686966478825,0.14347438588738443,0.013968292251229286,0.1630665808916092,0.34553093314170835,1,1,1,complete
01-05-02-01-01-21,02-01-05-02-01-01-21,02-01-05-02-01-01-21,data/raw/ravdess/video_speech/Video_Speech_Actor_21/Actor_21/02-01-05-02-01-01-21.mp4,21,test,05,4,angry,02,01,01,02-01-05-02-01-01-21,canonical_02,/home/tonyhe/ravdess_avfusion/external/video_face_branch/early_fusion_facial_v2/fusion_pack_5f/sequences/02-01-05-02-01-01-21.npy,5,2048,02-01-05-02-01-01-21,canonical_02,5,4,angry,0.21118502803146838,0.06748912176117301,0.18405581675469876,0.0869965074583888,0.36313088070601224,0.010242379503324628,0.02384870983660221,0.05305152181535959,1,1,1,complete
01-05-02-01-02-21,02-01-05-02-01-02-21,02-01-05-02-01-02-21,data/raw/ravdess/video_speech/Video_Speech_Actor_21/Actor_21/02-01-05-02-01-02-21.mp4,21,test,05,4,angry,02,01,02,02-01-05-02-01-02-21,canonical_02,/home/tonyhe/ravdess_avfusion/external/video_face_branch/early_fusion_facial_v2/fusion_pack_5f/sequences/02-01-05-02-01-02-21.npy,5,2048,02-01-05-02-01-02-21,canonical_02,5,1,calm,0.15689199529588221,0.3632788475602865,0.19703784938901664,0.015799475088715553,0.19633908607065678,0.012475033942610025,0.02637496329843998,0.031802712753415105,1,1,1,complete
01-05-02-02-01-21,02-01-05-02-02-01-21,02-01-05-02-02-01-21,data/raw/ravdess/video_speech/Video_Speech_Actor_21/Actor_21/02-01-05-02-02-01-21.mp4,21,test,05,4,angry,02,02,01,02-01-05-02-02-01-21,canonical_02,/home/tonyhe/ravdess_avfusion/external/video_face_branch/early_fusion_facial_v2/fusion_pack_5f/sequences/02-01-05-02-02-01-21.npy,5,2048,02-01-05-02-02-01-21,canonical_02,5,4,angry,0.2526357814669609,0.01951860673725605,0.12348204907029867,0.17681321492418647,0.30013460451737045,0.01375961247831583,0.09225584920495748,0.02140027666464448,1,1,1,complete
01-05-02-02-02-21,02-01-05-02-02-02-21,02-01-05-02-02-02-21,data/raw/ravdess/video_speech/Video_Speech_Actor_21/Actor_21/02-01-05-02-02-02-21.mp4,21,test,05,4,angry,02,02,02,02-01-05-02-02-02-21,canonical_02,/home/tonyhe/ravdess_avfusion/external/video_face_branch/early_fusion_facial_v2/fusion_pack_5f/sequences/02-01-05-02-02-02-21.npy,5,2048,02-01-05-02-02-02-21,canonical_02,5,1,calm,0.19176470637321472,0.42016974464058876,0.046603130735456945,0.020032894797623158,0.22576035847887396,0.00904199993237853,0.019432966038584708,0.06719419825822115,1,1,1,complete
01-06-01-01-01-21,02-01-06-01-01-01-21,02-01-06-01-01-01-21,data/raw/ravdess/video_speech/Video_Speech_Actor_21/Actor_21/02-01-06-01-01-01-21.mp4,21,test,06,5,fearful,01,01,01,02-01-06-01-01-01-21,canonical_02,/home/tonyhe/ravdess_avfusion/external/video_face_branch/early_fusion_facial_v2/fusion_pack_5f/sequences/02-01-06-01-01-01-21.npy,5,2048,02-01-06-01-01-01-21,canonical_02,5,3,sad,0.1470998903736472,0.15420031566172837,0.017170575447380543,0.5125408455729484,0.009252327540889383,0.04222204885445535,0.025435263104736806,0.09207875207066536,1,1,1,complete
01-06-01-01-02-21,02-01-06-01-01-02-21,02-01-06-01-01-02-21,data/raw/ravdess/video_speech/Video_Speech_Actor_21/Actor_21/02-01-06-01-01-02-21.mp4,21,test,06,5,fearful,01,01,02,02-01-06-01-01-02-21,canonical_02,/home/tonyhe/ravdess_avfusion/external/video_face_branch/early_fusion_facial_v2/fusion_pack_5f/sequences/02-01-06-01-01-02-21.npy,5,2048,02-01-06-01-01-02-21,canonical_02,5,0,neutral,0.3231245893985033,0.07719686571508647,0.010253338702023029,0.23392236828804017,0.009857618808746338,0.019902404770255087,0.024573443550616504,0.30116936229169367,1,1,1,complete
01-06-01-02-01-21,02-01-06-01-02-01-21,02-01-06-01-02-01-21,data/raw/ravdess/video_speech/Video_Speech_Actor_21/Actor_21/02-01-06-01-02-01-21.mp4,21,test,06,5,fearful,01,02,01,02-01-06-01-02-01-21,canonical_02,/home/tonyhe/ravdess_avfusion/external/video_face_branch/early_fusion_facial_v2/fusion_pack_5f/sequences/02-01-06-01-02-01-21.npy,5,2048,02-01-06-01-02-01-21,canonical_02,5,0,neutral,0.38180477172136307,0.26502763405442237,0.010141212493181229,0.16040210314095021,0.00879785493016243,0.007775953039526939,0.023304402269423007,0.142746052891016,1,1,1,complete
01-06-01-02-02-21,02-01-06-01-02-02-21,02-01-06-01-02-02-21,data/raw/ravdess/video_speech/Video_Speech_Actor_21/Actor_21/02-01-06-01-02-02-21.mp4,21,test,06,5,fearful,01,02,02,02-01-06-01-02-02-21,canonical_02,/home/tonyhe/ravdess_avfusion/external/video_face_branch/early_fusion_facial_v2/fusion_pack_5f/sequences/02-01-06-01-02-02-21.npy,5,2048,02-01-06-01-02-02-21,canonical_02,5,0,neutral,0.5513455966487527,0.014975728979334236,0.006431976752355695,0.3698286990635097,0.00724029061384499,0.007381965103559196,0.01894217673689127,0.023853570595383643,1,1,1,complete
01-06-02-01-01-21,02-01-06-02-01-01-21,02-01-06-02-01-01-21,data/raw/ravdess/video_speech/Video_Speech_Actor_21/Actor_21/02-01-06-02-01-01-21.mp4,21,test,06,5,fearful,02,01,01,02-01-06-02-01-01-21,canonical_02,/home/tonyhe/ravdess_avfusion/external/video_face_branch/early_fusion_facial_v2/fusion_pack_5f/sequences/02-01-06-02-01-01-21.npy,5,2048,02-01-06-02-01-01-21,canonical_02,5,7,surprise,0.05716603323817253,0.2029735714197159,0.08960145581513643,0.06848128829151393,0.021819303184747695,0.1333988569676876,0.03818586282432079,0.38837363496422767,1,1,1,complete
01-06-02-01-02-21,02-01-06-02-01-02-21,02-01-06-02-01-02-21,data/raw/ravdess/video_speech/Video_Speech_Actor_21/Actor_21/02-01-06-02-01-02-21.mp4,21,test,06,5,fearful,02,01,02,02-01-06-02-01-02-21,canonical_02,/home/tonyhe/ravdess_avfusion/external/video_face_branch/early_fusion_facial_v2/fusion_pack_5f/sequences/02-01-06-02-01-02-21.npy,5,2048,02-01-06-02-01-02-21,canonical_02,5,7,surprise,0.03626490607857704,0.14946316070854665,0.22744694501161575,0.05271478109061718,0.014539458509534597,0.18140763677656652,0.042787473648786545,0.29537564888596535,1,1,1,complete
01-06-02-02-01-21,02-01-06-02-02-01-21,02-01-06-02-02-01-21,data/raw/ravdess/video_speech/Video_Speech_Actor_21/Actor_21/02-01-06-02-02-01-21.mp4,21,test,06,5,fearful,02,02,01,02-01-06-02-02-01-21,canonical_02,/home/tonyhe/ravdess_avfusion/external/video_face_branch/early_fusion_facial_v2/fusion_pack_5f/sequences/02-01-06-02-02-01-21.npy,5,2048,02-01-06-02-02-01-21,canonical_02,5,3,sad,0.23577317371964454,0.15233670305460692,0.047407799679785964,0.24795148521661758,0.01821724623441696,0.17263322919607163,0.021465731039643287,0.10421464964747429,1,1,1,complete
01-06-02-02-02-21,02-01-06-02-02-02-21,02-01-06-02-02-02-21,data/raw/ravdess/video_speech/Video_Speech_Actor_21/Actor_21/02-01-06-02-02-02-21.mp4,21,test,06,5,fearful,02,02,02,02-01-06-02-02-02-21,canonical_02,/home/tonyhe/ravdess_avfusion/external/video_face_branch/early_fusion_facial_v2/fusion_pack_5f/sequences/02-01-06-02-02-02-21.npy,5,2048,02-01-06-02-02-02-21,canonical_02,5,3,sad,0.059367564506828785,0.027183008566498756,0.009959215577691794,0.5412012785673141,0.006569878570735455,0.1301150203216821,0.020117121189832686,0.20548690110445023,1,1,1,complete
01-07-01-01-01-21,02-01-07-01-01-01-21,02-01-07-01-01-01-21,data/raw/ravdess/video_speech/Video_Speech_Actor_21/Actor_21/02-01-07-01-01-01-21.mp4,21,test,07,6,disgust,01,01,01,02-01-07-01-01-01-21,canonical_02,/home/tonyhe/ravdess_avfusion/external/video_face_branch/early_fusion_facial_v2/fusion_pack_5f/sequences/02-01-07-01-01-01-21.npy,5,2048,02-01-07-01-01-01-21,canonical_02,5,0,neutral,0.4311735093593597,0.2481941409409046,0.024456502124667167,0.09359860895201563,0.019005760364234448,0.009075841214507819,0.07610506676137448,0.0983905741944909,1,1,1,complete
01-07-01-01-02-21,02-01-07-01-01-02-21,02-01-07-01-01-02-21,data/raw/ravdess/video_speech/Video_Speech_Actor_21/Actor_21/02-01-07-01-01-02-21.mp4,21,test,07,6,disgust,01,01,02,02-01-07-01-01-02-21,canonical_02,/home/tonyhe/ravdess_avfusion/external/video_face_branch/early_fusion_facial_v2/fusion_pack_5f/sequences/02-01-07-01-01-02-21.npy,5,2048,02-01-07-01-01-02-21,canonical_02,5,1,calm,0.08068758472800255,0.391380126029253,0.02103980667889118,0.03378511611372233,0.15328414756804704,0.023867123853415252,0.22767582051455976,0.06828030049800873,1,1,1,complete
01-07-01-02-01-21,02-01-07-01-02-01-21,02-01-07-01-02-01-21,data/raw/ravdess/video_speech/Video_Speech_Actor_21/Actor_21/02-01-07-01-02-01-21.mp4,21,test,07,6,disgust,01,02,01,02-01-07-01-02-01-21,canonical_02,/home/tonyhe/ravdess_avfusion/external/video_face_branch/early_fusion_facial_v2/fusion_pack_5f/sequences/02-01-07-01-02-01-21.npy,5,2048,02-01-07-01-02-01-21,canonical_02,5,0,neutral,0.3470779336988926,0.08140036594122649,0.10852057840675115,0.04077691715210676,0.05286081619560719,0.030574298277497292,0.26088781394064425,0.07790126223117114,1,1,1,complete
01-07-01-02-02-21,02-01-07-01-02-02-21,02-01-07-01-02-02-21,data/raw/ravdess/video_speech/Video_Speech_Actor_21/Actor_21/02-01-07-01-02-02-21.mp4,21,test,07,6,disgust,01,02,02,02-01-07-01-02-02-21,canonical_02,/home/tonyhe/ravdess_avfusion/external/video_face_branch/early_fusion_facial_v2/fusion_pack_5f/sequences/02-01-07-01-02-02-21.npy,5,2048,02-01-07-01-02-02-21,canonical_02,5,6,disgust,0.3212545607239008,0.20508650122210384,0.006853715889155865,0.012767326552420855,0.008193160034716129,0.007993321772664786,0.39053020887076856,0.04732118239626289,1,1,1,complete
01-07-02-01-01-21,02-01-07-02-01-01-21,02-01-07-02-01-01-21,data/raw/ravdess/video_speech/Video_Speech_Actor_21/Actor_21/02-01-07-02-01-01-21.mp4,21,test,07,6,disgust,02,01,01,02-01-07-02-01-01-21,canonical_02,/home/tonyhe/ravdess_avfusion/external/video_face_branch/early_fusion_facial_v2/fusion_pack_5f/sequences/02-01-07-02-01-01-21.npy,5,2048,02-01-07-02-01-01-21,canonical_02,5,6,disgust,0.09665790162980556,0.13117018081247805,0.022322903014719488,0.20102596711367368,0.060317335464060304,0.02471269406378269,0.4099628314375877,0.05383017985150218,1,1,1,complete
01-07-02-01-02-21,02-01-07-02-01-02-21,02-01-07-02-01-02-21,data/raw/ravdess/video_speech/Video_Speech_Actor_21/Actor_21/02-01-07-02-01-02-21.mp4,21,test,07,6,disgust,02,01,02,02-01-07-02-01-02-21,canonical_02,/home/tonyhe/ravdess_avfusion/external/video_face_branch/early_fusion_facial_v2/fusion_pack_5f/sequences/02-01-07-02-01-02-21.npy,5,2048,02-01-07-02-01-02-21,canonical_02,5,6,disgust,0.3060225710272789,0.1670484732836485,0.013329435139894485,0.03778972122818232,0.020498392172157764,0.010808274522423745,0.3911807298660278,0.05332241235300898,1,1,1,complete
01-07-02-02-01-21,02-01-07-02-02-01-21,02-01-07-02-02-01-21,data/raw/ravdess/video_speech/Video_Speech_Actor_21/Actor_21/02-01-07-02-02-01-21.mp4,21,test,07,6,disgust,02,02,01,02-01-07-02-02-01-21,canonical_02,/home/tonyhe/ravdess_avfusion/external/video_face_branch/early_fusion_facial_v2/fusion_pack_5f/sequences/02-01-07-02-02-01-21.npy,5,2048,02-01-07-02-02-01-21,canonical_02,5,0,neutral,0.4113845869898796,0.22429168773815036,0.01682857647538185,0.019095154013484716,0.10869105197489262,0.019122699834406377,0.08765615094453097,0.11293010874651373,1,1,1,complete
01-07-02-02-02-21,02-01-07-02-02-02-21,02-01-07-02-02-02-21,data/raw/ravdess/video_speech/Video_Speech_Actor_21/Actor_21/02-01-07-02-02-02-21.mp4,21,test,07,6,disgust,02,02,02,02-01-07-02-02-02-21,canonical_02,/home/tonyhe/ravdess_avfusion/external/video_face_branch/early_fusion_facial_v2/fusion_pack_5f/sequences/02-01-07-02-02-02-21.npy,5,2048,02-01-07-02-02-02-21,canonical_02,5,1,calm,0.23750210031867028,0.5135458216071129,0.010874348226934671,0.020711999759078024,0.010069701075553893,0.010342426877468825,0.1388035945594311,0.05814998699352145,1,1,1,complete
01-08-01-01-01-21,02-01-08-01-01-01-21,02-01-08-01-01-01-21,data/raw/ravdess/video_speech/Video_Speech_Actor_21/Actor_21/02-01-08-01-01-01-21.mp4,21,test,08,7,surprise,01,01,01,02-01-08-01-01-01-21,canonical_02,/home/tonyhe/ravdess_avfusion/external/video_face_branch/early_fusion_facial_v2/fusion_pack_5f/sequences/02-01-08-01-01-01-21.npy,5,2048,02-01-08-01-01-01-21,canonical_02,5,3,sad,0.11975377537310124,0.25526310773566363,0.01213127188384533,0.46058832667768,0.0084769899956882,0.041393970232456924,0.05775178382173181,0.04464078275486827,1,1,1,complete
01-08-01-01-02-21,02-01-08-01-01-02-21,02-01-08-01-01-02-21,data/raw/ravdess/video_speech/Video_Speech_Actor_21/Actor_21/02-01-08-01-01-02-21.mp4,21,test,08,7,surprise,01,01,02,02-01-08-01-01-02-21,canonical_02,/home/tonyhe/ravdess_avfusion/external/video_face_branch/early_fusion_facial_v2/fusion_pack_5f/sequences/02-01-08-01-01-02-21.npy,5,2048,02-01-08-01-01-02-21,canonical_02,5,1,calm,0.1800139971077442,0.39461397770792245,0.03175187259912491,0.1777266778051853,0.012858103029429913,0.010359890386462211,0.026802616380155086,0.16587284095585347,1,1,1,complete
01-08-01-02-01-21,02-01-08-01-02-01-21,02-01-08-01-02-01-21,data/raw/ravdess/video_speech/Video_Speech_Actor_21/Actor_21/02-01-08-01-02-01-21.mp4,21,test,08,7,surprise,01,02,01,02-01-08-01-02-01-21,canonical_02,/home/tonyhe/ravdess_avfusion/external/video_face_branch/early_fusion_facial_v2/fusion_pack_5f/sequences/02-01-08-01-02-01-21.npy,5,2048,02-01-08-01-02-01-21,canonical_02,5,1,calm,0.21269078385084866,0.29350873790681364,0.16320103155449034,0.25826010629534724,0.020269346050918104,0.022044647391885518,0.014517037477344275,0.015508342813700438,1,1,1,complete
01-08-01-02-02-21,02-01-08-01-02-02-21,02-01-08-01-02-02-21,data/raw/ravdess/video_speech/Video_Speech_Actor_21/Actor_21/02-01-08-01-02-02-21.mp4,21,test,08,7,surprise,01,02,02,02-01-08-01-02-02-21,canonical_02,/home/tonyhe/ravdess_avfusion/external/video_face_branch/early_fusion_facial_v2/fusion_pack_5f/sequences/02-01-08-01-02-02-21.npy,5,2048,02-01-08-01-02-02-21,canonical_02,5,3,sad,0.33193387277424335,0.09526112610474229,0.009359719045460225,0.4349555566906929,0.005265765963122249,0.013776019401848315,0.026638463512063025,0.08280946994200349,1,1,1,complete
01-08-02-01-01-21,02-01-08-02-01-01-21,02-01-08-02-01-01-21,data/raw/ravdess/video_speech/Video_Speech_Actor_21/Actor_21/02-01-08-02-01-01-21.mp4,21,test,08,7,surprise,02,01,01,02-01-08-02-01-01-21,canonical_02,/home/tonyhe/ravdess_avfusion/external/video_face_branch/early_fusion_facial_v2/fusion_pack_5f/sequences/02-01-08-02-01-01-21.npy,5,2048,02-01-08-02-01-01-21,canonical_02,5,3,sad,0.2336702685803175,0.15731433667242528,0.019222926162183285,0.32581804916262624,0.028291685227304696,0.017692255787551403,0.03061564825475216,0.18737481702119113,1,1,1,complete
01-08-02-01-02-21,02-01-08-02-01-02-21,02-01-08-02-01-02-21,data/raw/ravdess/video_speech/Video_Speech_Actor_21/Actor_21/02-01-08-02-01-02-21.mp4,21,test,08,7,surprise,02,01,02,02-01-08-02-01-02-21,canonical_02,/home/tonyhe/ravdess_avfusion/external/video_face_branch/early_fusion_facial_v2/fusion_pack_5f/sequences/02-01-08-02-01-02-21.npy,5,2048,02-01-08-02-01-02-21,canonical_02,5,1,calm,0.035259513184428215,0.42513698264956473,0.11684660967439413,0.07654802333563566,0.022992744389921427,0.012990224175155163,0.08553047608584166,0.2246954146772623,1,1,1,complete
01-08-02-02-01-21,02-01-08-02-02-01-21,02-01-08-02-02-01-21,data/raw/ravdess/video_speech/Video_Speech_Actor_21/Actor_21/02-01-08-02-02-01-21.mp4,21,test,08,7,surprise,02,02,01,02-01-08-02-02-01-21,canonical_02,/home/tonyhe/ravdess_avfusion/external/video_face_branch/early_fusion_facial_v2/fusion_pack_5f/sequences/02-01-08-02-02-01-21.npy,5,2048,02-01-08-02-02-01-21,canonical_02,5,7,surprise,0.20774943344295024,0.03246354572474956,0.048153259325772524,0.2167918559163809,0.02863579955883324,0.059703472256660464,0.03218012060970068,0.3743224836885929,1,1,1,complete
01-08-02-02-02-21,02-01-08-02-02-02-21,02-01-08-02-02-02-21,data/raw/ravdess/video_speech/Video_Speech_Actor_21/Actor_21/02-01-08-02-02-02-21.mp4,21,test,08,7,surprise,02,02,02,02-01-08-02-02-02-21,canonical_02,/home/tonyhe/ravdess_avfusion/external/video_face_branch/early_fusion_facial_v2/fusion_pack_5f/sequences/02-01-08-02-02-02-21.npy,5,2048,02-01-08-02-02-02-21,canonical_02,5,7,surprise,0.12654768377542497,0.14668910801410676,0.09043295979499817,0.17258236184716225,0.022921033948659898,0.1420736225321889,0.030401574820280074,0.26835165098309516,1,1,1,complete
01-01-01-01-01-22,02-01-01-01-01-01-22,02-01-01-01-01-01-22,data/raw/ravdess/video_speech/Video_Speech_Actor_22/Actor_22/02-01-01-01-01-01-22.mp4,22,test,01,0,neutral,01,01,01,02-01-01-01-01-01-22,canonical_02,/home/tonyhe/ravdess_avfusion/external/video_face_branch/early_fusion_facial_v2/fusion_pack_5f/sequences/02-01-01-01-01-01-22.npy,5,2048,02-01-01-01-01-01-22,canonical_02,5,0,neutral,0.9505316376686096,0.008323193248361348,0.005339266080409288,0.0072374127805233,0.00443161902949214,0.0047092362307012085,0.008467872068285942,0.01095975749194622,1,1,1,complete
01-01-01-01-02-22,02-01-01-01-01-02-22,02-01-01-01-01-02-22,data/raw/ravdess/video_speech/Video_Speech_Actor_22/Actor_22/02-01-01-01-01-02-22.mp4,22,test,01,0,neutral,01,01,02,02-01-01-01-01-02-22,canonical_02,/home/tonyhe/ravdess_avfusion/external/video_face_branch/early_fusion_facial_v2/fusion_pack_5f/sequences/02-01-01-01-01-02-22.npy,5,2048,02-01-01-01-01-02-22,canonical_02,5,0,neutral,0.9404231071472168,0.014844350423663855,0.006001854967325926,0.007545430678874254,0.004092938080430031,0.004846236016601324,0.010432177316397428,0.011813904345035552,1,1,1,complete
01-01-01-02-01-22,02-01-01-01-02-01-22,02-01-01-01-02-01-22,data/raw/ravdess/video_speech/Video_Speech_Actor_22/Actor_22/02-01-01-01-02-01-22.mp4,22,test,01,0,neutral,01,02,01,02-01-01-01-02-01-22,canonical_02,/home/tonyhe/ravdess_avfusion/external/video_face_branch/early_fusion_facial_v2/fusion_pack_5f/sequences/02-01-01-01-02-01-22.npy,5,2048,02-01-01-01-02-01-22,canonical_02,5,0,neutral,0.9414337515830994,0.016248800233006476,0.006171618588268757,0.006485563423484564,0.0038797190878540277,0.004819817468523979,0.010109245032072067,0.010851457901298999,1,1,1,complete
01-01-01-02-02-22,02-01-01-01-02-02-22,02-01-01-01-02-02-22,data/raw/ravdess/video_speech/Video_Speech_Actor_22/Actor_22/02-01-01-01-02-02-22.mp4,22,test,01,0,neutral,01,02,02,02-01-01-01-02-02-22,canonical_02,/home/tonyhe/ravdess_avfusion/external/video_face_branch/early_fusion_facial_v2/fusion_pack_5f/sequences/02-01-01-01-02-02-22.npy,5,2048,02-01-01-01-02-02-22,canonical_02,5,0,neutral,0.942142379283905,0.013701974041759967,0.0058286190032958984,0.007607529312372208,0.0034137882757931948,0.004868349945172668,0.01151555273681879,0.010921788681298495,1,1,1,complete
01-02-01-01-01-22,02-01-02-01-01-01-22,02-01-02-01-01-01-22,data/raw/ravdess/video_speech/Video_Speech_Actor_22/Actor_22/02-01-02-01-01-01-22.mp4,22,test,02,1,calm,01,01,01,02-01-02-01-01-01-22,canonical_02,/home/tonyhe/ravdess_avfusion/external/video_face_branch/early_fusion_facial_v2/fusion_pack_5f/sequences/02-01-02-01-01-01-22.npy,5,2048,02-01-02-01-01-01-22,canonical_02,5,1,calm,0.320465712249279,0.5858029037714004,0.014259916171431542,0.014932840690016746,0.007523877453058958,0.009331910870969296,0.023698024451732635,0.023984800651669504,1,1,1,complete
01-02-01-01-02-22,02-01-02-01-01-02-22,02-01-02-01-01-02-22,data/raw/ravdess/video_speech/Video_Speech_Actor_22/Actor_22/02-01-02-01-01-02-22.mp4,22,test,02,1,calm,01,01,02,02-01-02-01-01-02-22,canonical_02,/home/tonyhe/ravdess_avfusion/external/video_face_branch/early_fusion_facial_v2/fusion_pack_5f/sequences/02-01-02-01-01-02-22.npy,5,2048,02-01-02-01-01-02-22,canonical_02,5,0,neutral,0.543762182444334,0.3470127835869789,0.015179881732910872,0.013347884267568588,0.006964834127575159,0.008225108217447995,0.028586560487747194,0.03692079205065966,1,1,1,complete
01-02-01-02-01-22,02-01-02-01-02-01-22,02-01-02-01-02-01-22,data/raw/ravdess/video_speech/Video_Speech_Actor_22/Actor_22/02-01-02-01-02-01-22.mp4,22,test,02,1,calm,01,02,01,02-01-02-01-02-01-22,canonical_02,/home/tonyhe/ravdess_avfusion/external/video_face_branch/early_fusion_facial_v2/fusion_pack_5f/sequences/02-01-02-01-02-01-22.npy,5,2048,02-01-02-01-02-01-22,canonical_02,5,1,calm,0.20919171795248986,0.7079728186130524,0.01570054292678833,0.01166121121495962,0.006627206550911069,0.008285268861800432,0.02311537005007267,0.017445876076817513,1,1,1,complete
01-02-01-02-02-22,02-01-02-01-02-02-22,02-01-02-01-02-02-22,data/raw/ravdess/video_speech/Video_Speech_Actor_22/Actor_22/02-01-02-01-02-02-22.mp4,22,test,02,1,calm,01,02,02,02-01-02-01-02-02-22,canonical_02,/home/tonyhe/ravdess_avfusion/external/video_face_branch/early_fusion_facial_v2/fusion_pack_5f/sequences/02-01-02-01-02-02-22.npy,5,2048,02-01-02-01-02-02-22,canonical_02,5,1,calm,0.37857407964766027,0.551829458028078,0.012815283238887787,0.010942613054066897,0.007020872645080089,0.007683967426419258,0.015555242635309696,0.015578501671552659,1,1,1,complete
01-02-02-01-01-22,02-01-02-02-01-01-22,02-01-02-02-01-01-22,data/raw/ravdess/video_speech/Video_Speech_Actor_22/Actor_22/02-01-02-02-01-01-22.mp4,22,test,02,1,calm,02,01,01,02-01-02-02-01-01-22,canonical_02,/home/tonyhe/ravdess_avfusion/external/video_face_branch/early_fusion_facial_v2/fusion_pack_5f/sequences/02-01-02-02-01-01-22.npy,5,2048,02-01-02-02-01-01-22,canonical_02,5,1,calm,0.1159527450799942,0.7628578782081604,0.03440837096422911,0.011557608004659414,0.007955228071659803,0.00954533452168107,0.036703980341553685,0.021018830500543116,1,1,1,complete
01-02-02-01-02-22,02-01-02-02-01-02-22,02-01-02-02-01-02-22,data/raw/ravdess/video_speech/Video_Speech_Actor_22/Actor_22/02-01-02-02-01-02-22.mp4,22,test,02,1,calm,02,01,02,02-01-02-02-01-02-22,canonical_02,/home/tonyhe/ravdess_avfusion/external/video_face_branch/early_fusion_facial_v2/fusion_pack_5f/sequences/02-01-02-02-01-02-22.npy,5,2048,02-01-02-02-01-02-22,canonical_02,5,1,calm,0.13808913789689542,0.7332900524139404,0.020704832673072816,0.01522798277437687,0.008108467422425747,0.009904678538441658,0.03911753725260496,0.035557332634925845,1,1,1,complete
01-02-02-02-01-22,02-01-02-02-02-01-22,02-01-02-02-02-01-22,data/raw/ravdess/video_speech/Video_Speech_Actor_22/Actor_22/02-01-02-02-02-01-22.mp4,22,test,02,1,calm,02,02,01,02-01-02-02-02-01-22,canonical_02,/home/tonyhe/ravdess_avfusion/external/video_face_branch/early_fusion_facial_v2/fusion_pack_5f/sequences/02-01-02-02-02-01-22.npy,5,2048,02-01-02-02-02-01-22,canonical_02,5,1,calm,0.13764454387128353,0.7648942589759826,0.022250098548829554,0.012315679620951415,0.007768978085368872,0.009269148949533701,0.02127960752695799,0.024577695690095425,1,1,1,complete
01-02-02-02-02-22,02-01-02-02-02-02-22,02-01-02-02-02-02-22,data/raw/ravdess/video_speech/Video_Speech_Actor_22/Actor_22/02-01-02-02-02-02-22.mp4,22,test,02,1,calm,02,02,02,02-01-02-02-02-02-22,canonical_02,/home/tonyhe/ravdess_avfusion/external/video_face_branch/early_fusion_facial_v2/fusion_pack_5f/sequences/02-01-02-02-02-02-22.npy,5,2048,02-01-02-02-02-02-22,canonical_02,5,1,calm,0.09799174107611179,0.8153654277324677,0.02006933595985174,0.01335550993680954,0.008315522782504558,0.008474110160022974,0.018168780952692032,0.01825952045619488,1,1,1,complete
01-03-01-01-01-22,02-01-03-01-01-01-22,02-01-03-01-01-01-22,data/raw/ravdess/video_speech/Video_Speech_Actor_22/Actor_22/02-01-03-01-01-01-22.mp4,22,test,03,2,happy,01,01,01,02-01-03-01-01-01-22,canonical_02,/home/tonyhe/ravdess_avfusion/external/video_face_branch/early_fusion_facial_v2/fusion_pack_5f/sequences/02-01-03-01-01-01-22.npy,5,2048,02-01-03-01-01-01-22,canonical_02,5,1,calm,0.19656920209527015,0.5918566763401032,0.13228644654154778,0.015296591259539128,0.008611986879259348,0.009947272669523954,0.020352249406278132,0.025079552084207535,1,1,1,complete
01-03-01-01-02-22,02-01-03-01-01-02-22,02-01-03-01-01-02-22,data/raw/ravdess/video_speech/Video_Speech_Actor_22/Actor_22/02-01-03-01-01-02-22.mp4,22,test,03,2,happy,01,01,02,02-01-03-01-01-02-22,canonical_02,/home/tonyhe/ravdess_avfusion/external/video_face_branch/early_fusion_facial_v2/fusion_pack_5f/sequences/02-01-03-01-01-02-22.npy,5,2048,02-01-03-01-01-02-22,canonical_02,5,1,calm,0.051947377249598505,0.7306818485260009,0.14483351316303014,0.015101445093750953,0.008421194460242986,0.009046627022325993,0.018317502923309803,0.021650470048189163,1,1,1,complete
01-03-01-02-01-22,02-01-03-01-02-01-22,02-01-03-01-02-01-22,data/raw/ravdess/video_speech/Video_Speech_Actor_22/Actor_22/02-01-03-01-02-01-22.mp4,22,test,03,2,happy,01,02,01,02-01-03-01-02-01-22,canonical_02,/home/tonyhe/ravdess_avfusion/external/video_face_branch/early_fusion_facial_v2/fusion_pack_5f/sequences/02-01-03-01-02-01-22.npy,5,2048,02-01-03-01-02-01-22,canonical_02,5,1,calm,0.07497166395187378,0.5095222890377045,0.3178297709673643,0.019434833340346812,0.010194164421409368,0.011141068022698163,0.02316810339689255,0.03373811561614275,1,1,1,complete
01-03-01-02-02-22,02-01-03-01-02-02-22,02-01-03-01-02-02-22,data/raw/ravdess/video_speech/Video_Speech_Actor_22/Actor_22/02-01-03-01-02-02-22.mp4,22,test,03,2,happy,01,02,02,02-01-03-01-02-02-22,canonical_02,/home/tonyhe/ravdess_avfusion/external/video_face_branch/early_fusion_facial_v2/fusion_pack_5f/sequences/02-01-03-01-02-02-22.npy,5,2048,02-01-03-01-02-02-22,canonical_02,5,1,calm,0.05759616494178772,0.4642627477645874,0.3682622879743576,0.01917351074516773,0.011261810921132565,0.012127233296632766,0.019799488596618176,0.04751676544547081,1,1,1,complete
01-03-02-01-01-22,02-01-03-02-01-01-22,02-01-03-02-01-01-22,data/raw/ravdess/video_speech/Video_Speech_Actor_22/Actor_22/02-01-03-02-01-01-22.mp4,22,test,03,2,happy,02,01,01,02-01-03-02-01-01-22,canonical_02,/home/tonyhe/ravdess_avfusion/external/video_face_branch/early_fusion_facial_v2/fusion_pack_5f/sequences/02-01-03-02-01-01-22.npy,5,2048,02-01-03-02-01-01-22,canonical_02,5,2,happy,0.05268911235034466,0.21010597012937068,0.6611777802929282,0.014386704936623574,0.008221349585801363,0.008264427352696658,0.025070845149457455,0.020083797723054887,1,1,1,complete
01-03-02-01-02-22,02-01-03-02-01-02-22,02-01-03-02-01-02-22,data/raw/ravdess/video_speech/Video_Speech_Actor_22/Actor_22/02-01-03-02-01-02-22.mp4,22,test,03,2,happy,02,01,02,02-01-03-02-01-02-22,canonical_02,/home/tonyhe/ravdess_avfusion/external/video_face_branch/early_fusion_facial_v2/fusion_pack_5f/sequences/02-01-03-02-01-02-22.npy,5,2048,02-01-03-02-01-02-22,canonical_02,5,1,calm,0.0343327671289444,0.46891008876264095,0.4364031272009015,0.012125111371278762,0.008988599851727485,0.009220909979194402,0.012662974186241627,0.017356394045054912,1,1,1,complete
01-03-02-02-01-22,02-01-03-02-02-01-22,02-01-03-02-02-01-22,data/raw/ravdess/video_speech/Video_Speech_Actor_22/Actor_22/02-01-03-02-02-01-22.mp4,22,test,03,2,happy,02,02,01,02-01-03-02-02-01-22,canonical_02,/home/tonyhe/ravdess_avfusion/external/video_face_branch/early_fusion_facial_v2/fusion_pack_5f/sequences/02-01-03-02-02-01-22.npy,5,2048,02-01-03-02-02-01-22,canonical_02,5,2,happy,0.17148909904062748,0.07100504375994206,0.5988971073180437,0.014705206267535686,0.0076137097552418705,0.008635467663407326,0.024422082118690014,0.10323228351771832,1,1,1,complete
01-03-02-02-02-22,02-01-03-02-02-02-22,02-01-03-02-02-02-22,data/raw/ravdess/video_speech/Video_Speech_Actor_22/Actor_22/02-01-03-02-02-02-22.mp4,22,test,03,2,happy,02,02,02,02-01-03-02-02-02-22,canonical_02,/home/tonyhe/ravdess_avfusion/external/video_face_branch/early_fusion_facial_v2/fusion_pack_5f/sequences/02-01-03-02-02-02-22.npy,5,2048,02-01-03-02-02-02-22,canonical_02,5,2,happy,0.07601752020418644,0.3592063069343567,0.49337054826319215,0.01573696844279766,0.010485124588012696,0.011085889488458633,0.01712785866111517,0.01696980409324169,1,1,1,complete
01-04-01-01-01-22,02-01-04-01-01-01-22,02-01-04-01-01-01-22,data/raw/ravdess/video_speech/Video_Speech_Actor_22/Actor_22/02-01-04-01-01-01-22.mp4,22,test,04,3,sad,01,01,01,02-01-04-01-01-01-22,canonical_02,/home/tonyhe/ravdess_avfusion/external/video_face_branch/early_fusion_facial_v2/fusion_pack_5f/sequences/02-01-04-01-01-01-22.npy,5,2048,02-01-04-01-01-01-22,canonical_02,5,3,sad,0.1799411505460739,0.032608591765165326,0.00813378831371665,0.7301600009202958,0.005958695802837611,0.005984244914725423,0.021440499275922776,0.015773025061935186,1,1,1,complete
01-04-01-01-02-22,02-01-04-01-01-02-22,02-01-04-01-01-02-22,data/raw/ravdess/video_speech/Video_Speech_Actor_22/Actor_22/02-01-04-01-01-02-22.mp4,22,test,04,3,sad,01,01,02,02-01-04-01-01-02-22,canonical_02,/home/tonyhe/ravdess_avfusion/external/video_face_branch/early_fusion_facial_v2/fusion_pack_5f/sequences/02-01-04-01-01-02-22.npy,5,2048,02-01-04-01-01-02-22,canonical_02,5,3,sad,0.22115953490138054,0.013980880938470363,0.009059569332748652,0.7161795267835259,0.005643861647695303,0.0059374113567173484,0.0154774971306324,0.012561694718897343,1,1,1,complete
01-04-01-02-01-22,02-01-04-01-02-01-22,02-01-04-01-02-01-22,data/raw/ravdess/video_speech/Video_Speech_Actor_22/Actor_22/02-01-04-01-02-01-22.mp4,22,test,04,3,sad,01,02,01,02-01-04-01-02-01-22,canonical_02,/home/tonyhe/ravdess_avfusion/external/video_face_branch/early_fusion_facial_v2/fusion_pack_5f/sequences/02-01-04-01-02-01-22.npy,5,2048,02-01-04-01-02-01-22,canonical_02,5,3,sad,0.3649854365736246,0.009429865051060915,0.007308853138238191,0.5862797354348004,0.005225082440301776,0.005408918485045433,0.013277118094265461,0.008085006475448608,1,1,1,complete
01-04-01-02-02-22,02-01-04-01-02-02-22,02-01-04-01-02-02-22,data/raw/ravdess/video_speech/Video_Speech_Actor_22/Actor_22/02-01-04-01-02-02-22.mp4,22,test,04,3,sad,01,02,02,02-01-04-01-02-02-22,canonical_02,/home/tonyhe/ravdess_avfusion/external/video_face_branch/early_fusion_facial_v2/fusion_pack_5f/sequences/02-01-04-01-02-02-22.npy,5,2048,02-01-04-01-02-02-22,canonical_02,5,3,sad,0.44702095724642277,0.013247146736830473,0.007315692817792296,0.49631647728383543,0.005677847284823656,0.005254978314042091,0.015206973347812892,0.009959925338625908,1,1,1,complete
01-04-02-01-01-22,02-01-04-02-01-01-22,02-01-04-02-01-01-22,data/raw/ravdess/video_speech/Video_Speech_Actor_22/Actor_22/02-01-04-02-01-01-22.mp4,22,test,04,3,sad,02,01,01,02-01-04-02-01-01-22,canonical_02,/home/tonyhe/ravdess_avfusion/external/video_face_branch/early_fusion_facial_v2/fusion_pack_5f/sequences/02-01-04-02-01-01-22.npy,5,2048,02-01-04-02-01-01-22,canonical_02,5,3,sad,0.17226709499955178,0.019376130867749454,0.009920102264732122,0.7448143482208252,0.007400425896048546,0.006669948389753699,0.029483150132000445,0.010068848449736833,1,1,1,complete
01-04-02-01-02-22,02-01-04-02-01-02-22,02-01-04-02-01-02-22,data/raw/ravdess/video_speech/Video_Speech_Actor_22/Actor_22/02-01-04-02-01-02-22.mp4,22,test,04,3,sad,02,01,02,02-01-04-02-01-02-22,canonical_02,/home/tonyhe/ravdess_avfusion/external/video_face_branch/early_fusion_facial_v2/fusion_pack_5f/sequences/02-01-04-02-01-02-22.npy,5,2048,02-01-04-02-01-02-22,canonical_02,5,3,sad,0.05941861532628536,0.13497338565066458,0.01134734759107232,0.7281410604715347,0.00746681853197515,0.009662410244345665,0.029624702222645283,0.019365637842565776,1,1,1,complete
01-04-02-02-01-22,02-01-04-02-02-01-22,02-01-04-02-02-01-22,data/raw/ravdess/video_speech/Video_Speech_Actor_22/Actor_22/02-01-04-02-02-01-22.mp4,22,test,04,3,sad,02,02,01,02-01-04-02-02-01-22,canonical_02,/home/tonyhe/ravdess_avfusion/external/video_face_branch/early_fusion_facial_v2/fusion_pack_5f/sequences/02-01-04-02-02-01-22.npy,5,2048,02-01-04-02-02-01-22,canonical_02,5,3,sad,0.2931057095527649,0.20140126757323742,0.010029048100113869,0.44179897382855415,0.009164209477603436,0.008256489876657724,0.02115043979138136,0.015093876328319312,1,1,1,complete
01-04-02-02-02-22,02-01-04-02-02-02-22,02-01-04-02-02-02-22,data/raw/ravdess/video_speech/Video_Speech_Actor_22/Actor_22/02-01-04-02-02-02-22.mp4,22,test,04,3,sad,02,02,02,02-01-04-02-02-02-22,canonical_02,/home/tonyhe/ravdess_avfusion/external/video_face_branch/early_fusion_facial_v2/fusion_pack_5f/sequences/02-01-04-02-02-02-22.npy,5,2048,02-01-04-02-02-02-22,canonical_02,5,0,neutral,0.7675396203994751,0.02824861304834485,0.007179931830614805,0.15612823255360125,0.006512372009456158,0.006452246848493814,0.017922972422093154,0.010015998734161258,1,1,1,complete
01-05-01-01-01-22,02-01-05-01-01-01-22,02-01-05-01-01-01-22,data/raw/ravdess/video_speech/Video_Speech_Actor_22/Actor_22/02-01-05-01-01-01-22.mp4,22,test,05,4,angry,01,01,01,02-01-05-01-01-01-22,canonical_02,/home/tonyhe/ravdess_avfusion/external/video_face_branch/early_fusion_facial_v2/fusion_pack_5f/sequences/02-01-05-01-01-01-22.npy,5,2048,02-01-05-01-01-01-22,canonical_02,5,0,neutral,0.36230540573596953,0.16678214333951474,0.01686878688633442,0.019961316511034964,0.11293310206383467,0.009225735068321228,0.20439921282231807,0.10752431219443678,1,1,1,complete
01-05-01-01-02-22,02-01-05-01-01-02-22,02-01-05-01-01-02-22,data/raw/ravdess/video_speech/Video_Speech_Actor_22/Actor_22/02-01-05-01-01-02-22.mp4,22,test,05,4,angry,01,01,02,02-01-05-01-01-02-22,canonical_02,/home/tonyhe/ravdess_avfusion/external/video_face_branch/early_fusion_facial_v2/fusion_pack_5f/sequences/02-01-05-01-01-02-22.npy,5,2048,02-01-05-01-01-02-22,canonical_02,5,0,neutral,0.5071073323488235,0.12792785465717316,0.027794156968593598,0.1677506035193801,0.08638271745294332,0.011045923456549644,0.03167006485164166,0.040321364998817444,1,1,1,complete
01-05-01-02-01-22,02-01-05-01-02-01-22,02-01-05-01-02-01-22,data/raw/ravdess/video_speech/Video_Speech_Actor_22/Actor_22/02-01-05-01-02-01-22.mp4,22,test,05,4,angry,01,02,01,02-01-05-01-02-01-22,canonical_02,/home/tonyhe/ravdess_avfusion/external/video_face_branch/early_fusion_facial_v2/fusion_pack_5f/sequences/02-01-05-01-02-01-22.npy,5,2048,02-01-05-01-02-01-22,canonical_02,5,0,neutral,0.7890949726104737,0.11384390331804753,0.009569869842380285,0.01691002454608679,0.01809436995536089,0.007366334367543459,0.02627130588516593,0.018849217006936668,1,1,1,complete
01-05-01-02-02-22,02-01-05-01-02-02-22,02-01-05-01-02-02-22,data/raw/ravdess/video_speech/Video_Speech_Actor_22/Actor_22/02-01-05-01-02-02-22.mp4,22,test,05,4,angry,01,02,02,02-01-05-01-02-02-22,canonical_02,/home/tonyhe/ravdess_avfusion/external/video_face_branch/early_fusion_facial_v2/fusion_pack_5f/sequences/02-01-05-01-02-02-22.npy,5,2048,02-01-05-01-02-02-22,canonical_02,5,0,neutral,0.5712484508752823,0.13272210201248527,0.04791585579514503,0.014839061442762614,0.09166708905249835,0.011683053383603693,0.10480576530098915,0.025118639692664146,1,1,1,complete
01-05-02-01-01-22,02-01-05-02-01-01-22,02-01-05-02-01-01-22,data/raw/ravdess/video_speech/Video_Speech_Actor_22/Actor_22/02-01-05-02-01-01-22.mp4,22,test,05,4,angry,02,01,01,02-01-05-02-01-01-22,canonical_02,/home/tonyhe/ravdess_avfusion/external/video_face_branch/early_fusion_facial_v2/fusion_pack_5f/sequences/02-01-05-02-01-01-22.npy,5,2048,02-01-05-02-01-01-22,canonical_02,5,0,neutral,0.4551956236362457,0.12916922122240065,0.025166787020862103,0.022936967294663192,0.315867845248431,0.01134283235296607,0.019750300236046313,0.020570413768291475,1,1,1,complete
01-05-02-01-02-22,02-01-05-02-01-02-22,02-01-05-02-01-02-22,data/raw/ravdess/video_speech/Video_Speech_Actor_22/Actor_22/02-01-05-02-01-02-22.mp4,22,test,05,4,angry,02,01,02,02-01-05-02-01-02-22,canonical_02,/home/tonyhe/ravdess_avfusion/external/video_face_branch/early_fusion_facial_v2/fusion_pack_5f/sequences/02-01-05-02-01-02-22.npy,5,2048,02-01-05-02-01-02-22,canonical_02,5,4,angry,0.2671274371445179,0.25922658760100603,0.06425780616700649,0.02518575545400381,0.33207741770893334,0.009267832059413195,0.019832939282059668,0.023024218250066043,1,1,1,complete
01-05-02-02-01-22,02-01-05-02-02-01-22,02-01-05-02-02-01-22,data/raw/ravdess/video_speech/Video_Speech_Actor_22/Actor_22/02-01-05-02-02-01-22.mp4,22,test,05,4,angry,02,02,01,02-01-05-02-02-01-22,canonical_02,/home/tonyhe/ravdess_avfusion/external/video_face_branch/early_fusion_facial_v2/fusion_pack_5f/sequences/02-01-05-02-02-01-22.npy,5,2048,02-01-05-02-02-01-22,canonical_02,5,0,neutral,0.4038251094520092,0.015039094816893339,0.17888749772682785,0.01930023543536663,0.3401480844244361,0.007545576803386212,0.01684302296489477,0.01841135248541832,1,1,1,complete
01-05-02-02-02-22,02-01-05-02-02-02-22,02-01-05-02-02-02-22,data/raw/ravdess/video_speech/Video_Speech_Actor_22/Actor_22/02-01-05-02-02-02-22.mp4,22,test,05,4,angry,02,02,02,02-01-05-02-02-02-22,canonical_02,/home/tonyhe/ravdess_avfusion/external/video_face_branch/early_fusion_facial_v2/fusion_pack_5f/sequences/02-01-05-02-02-02-22.npy,5,2048,02-01-05-02-02-02-22,canonical_02,5,0,neutral,0.5219401307404041,0.04575062654912472,0.13527920958586037,0.020391888543963434,0.2339814160950482,0.00813919180072844,0.018694805353879927,0.01582274427637458,1,1,1,complete
01-06-01-01-01-22,02-01-06-01-01-01-22,02-01-06-01-01-01-22,data/raw/ravdess/video_speech/Video_Speech_Actor_22/Actor_22/02-01-06-01-01-01-22.mp4,22,test,06,5,fearful,01,01,01,02-01-06-01-01-01-22,canonical_02,/home/tonyhe/ravdess_avfusion/external/video_face_branch/early_fusion_facial_v2/fusion_pack_5f/sequences/02-01-06-01-01-01-22.npy,5,2048,02-01-06-01-01-01-22,canonical_02,5,3,sad,0.2548140652477741,0.018407365679740904,0.007716913288459182,0.5683421120047569,0.005356920557096601,0.12024084297008812,0.0162363825365901,0.008885376900434495,1,1,1,complete
01-06-01-01-02-22,02-01-06-01-01-02-22,02-01-06-01-01-02-22,data/raw/ravdess/video_speech/Video_Speech_Actor_22/Actor_22/02-01-06-01-01-02-22.mp4,22,test,06,5,fearful,01,01,02,02-01-06-01-01-02-22,canonical_02,/home/tonyhe/ravdess_avfusion/external/video_face_branch/early_fusion_facial_v2/fusion_pack_5f/sequences/02-01-06-01-01-02-22.npy,5,2048,02-01-06-01-01-02-22,canonical_02,5,3,sad,0.3531774338334799,0.018110847938805817,0.006908136885613203,0.5737390369176865,0.00629692580550909,0.011275793053209781,0.020350757613778116,0.010141005087643862,1,1,1,complete
01-06-01-02-01-22,02-01-06-01-02-01-22,02-01-06-01-02-01-22,data/raw/ravdess/video_speech/Video_Speech_Actor_22/Actor_22/02-01-06-01-02-01-22.mp4,22,test,06,5,fearful,01,02,01,02-01-06-01-02-01-22,canonical_02,/home/tonyhe/ravdess_avfusion/external/video_face_branch/early_fusion_facial_v2/fusion_pack_5f/sequences/02-01-06-01-02-01-22.npy,5,2048,02-01-06-01-02-01-22,canonical_02,5,3,sad,0.23984794616699218,0.13887235503643752,0.008611506689339877,0.4870814364403486,0.009094464499503374,0.01969505734741688,0.07479789722710847,0.021999305952340363,1,1,1,complete
01-06-01-02-02-22,02-01-06-01-02-02-22,02-01-06-01-02-02-22,data/raw/ravdess/video_speech/Video_Speech_Actor_22/Actor_22/02-01-06-01-02-02-22.mp4,22,test,06,5,fearful,01,02,02,02-01-06-01-02-02-22,canonical_02,/home/tonyhe/ravdess_avfusion/external/video_face_branch/early_fusion_facial_v2/fusion_pack_5f/sequences/02-01-06-01-02-02-22.npy,5,2048,02-01-06-01-02-02-22,canonical_02,5,3,sad,0.27675793170928953,0.045919994451105596,0.010225635208189487,0.3808904267847538,0.008538661897182465,0.21298801489174365,0.03627599328756333,0.02840336225926876,1,1,1,complete
01-06-02-01-01-22,02-01-06-02-01-01-22,02-01-06-02-01-01-22,data/raw/ravdess/video_speech/Video_Speech_Actor_22/Actor_22/02-01-06-02-01-01-22.mp4,22,test,06,5,fearful,02,01,01,02-01-06-02-01-01-22,canonical_02,/home/tonyhe/ravdess_avfusion/external/video_face_branch/early_fusion_facial_v2/fusion_pack_5f/sequences/02-01-06-02-01-01-22.npy,5,2048,02-01-06-02-01-01-22,canonical_02,5,3,sad,0.21767237558960914,0.04425373449921608,0.017313412483781578,0.6401534587144851,0.00513351229019463,0.03507530521601439,0.031515701487660405,0.008882510010153055,1,1,1,complete
01-06-02-01-02-22,02-01-06-02-01-02-22,02-01-06-02-01-02-22,data/raw/ravdess/video_speech/Video_Speech_Actor_22/Actor_22/02-01-06-02-01-02-22.mp4,22,test,06,5,fearful,02,01,02,02-01-06-02-01-02-22,canonical_02,/home/tonyhe/ravdess_avfusion/external/video_face_branch/early_fusion_facial_v2/fusion_pack_5f/sequences/02-01-06-02-01-02-22.npy,5,2048,02-01-06-02-01-02-22,canonical_02,5,0,neutral,0.4882043093442917,0.012633215310052038,0.013810341944918036,0.02605554461479187,0.0045025076251477,0.42689874712377784,0.013261638302356004,0.01463369308039546,1,1,1,complete
01-06-02-02-01-22,02-01-06-02-02-01-22,02-01-06-02-02-01-22,data/raw/ravdess/video_speech/Video_Speech_Actor_22/Actor_22/02-01-06-02-02-01-22.mp4,22,test,06,5,fearful,02,02,01,02-01-06-02-02-01-22,canonical_02,/home/tonyhe/ravdess_avfusion/external/video_face_branch/early_fusion_facial_v2/fusion_pack_5f/sequences/02-01-06-02-02-01-22.npy,5,2048,02-01-06-02-02-01-22,canonical_02,5,5,fearful,0.1905028946697712,0.06080571711063385,0.04043324170634151,0.32807216979563236,0.005792207829654217,0.3345705048181117,0.02130661569535732,0.018516654893755913,1,1,1,complete
01-06-02-02-02-22,02-01-06-02-02-02-22,02-01-06-02-02-02-22,data/raw/ravdess/video_speech/Video_Speech_Actor_22/Actor_22/02-01-06-02-02-02-22.mp4,22,test,06,5,fearful,02,02,02,02-01-06-02-02-02-22,canonical_02,/home/tonyhe/ravdess_avfusion/external/video_face_branch/early_fusion_facial_v2/fusion_pack_5f/sequences/02-01-06-02-02-02-22.npy,5,2048,02-01-06-02-02-02-22,canonical_02,5,3,sad,0.16229426190257074,0.09089097958058119,0.05065007209777832,0.573910328745842,0.006220987439155579,0.018842850346118212,0.08391341175884008,0.013277078047394753,1,1,1,complete
01-07-01-01-01-22,02-01-07-01-01-01-22,02-01-07-01-01-01-22,data/raw/ravdess/video_speech/Video_Speech_Actor_22/Actor_22/02-01-07-01-01-01-22.mp4,22,test,07,6,disgust,01,01,01,02-01-07-01-01-01-22,canonical_02,/home/tonyhe/ravdess_avfusion/external/video_face_branch/early_fusion_facial_v2/fusion_pack_5f/sequences/02-01-07-01-01-01-22.npy,5,2048,02-01-07-01-01-01-22,canonical_02,5,6,disgust,0.06905880048871041,0.1381376188248396,0.022585066687315702,0.014256708603352309,0.0065064397640526295,0.006264159828424454,0.6905847355723381,0.05260648252442479,1,1,1,complete
01-07-01-01-02-22,02-01-07-01-01-02-22,02-01-07-01-01-02-22,data/raw/ravdess/video_speech/Video_Speech_Actor_22/Actor_22/02-01-07-01-01-02-22.mp4,22,test,07,6,disgust,01,01,02,02-01-07-01-01-02-22,canonical_02,/home/tonyhe/ravdess_avfusion/external/video_face_branch/early_fusion_facial_v2/fusion_pack_5f/sequences/02-01-07-01-01-02-22.npy,5,2048,02-01-07-01-01-02-22,canonical_02,5,6,disgust,0.0712217316031456,0.11941418489441276,0.009342245338484646,0.16261650938540698,0.006973673170432448,0.01078623258508742,0.6055212415754795,0.014124209433794022,1,1,1,complete
01-07-01-02-01-22,02-01-07-01-02-01-22,02-01-07-01-02-01-22,data/raw/ravdess/video_speech/Video_Speech_Actor_22/Actor_22/02-01-07-01-02-01-22.mp4,22,test,07,6,disgust,01,02,01,02-01-07-01-02-01-22,canonical_02,/home/tonyhe/ravdess_avfusion/external/video_face_branch/early_fusion_facial_v2/fusion_pack_5f/sequences/02-01-07-01-02-01-22.npy,5,2048,02-01-07-01-02-01-22,canonical_02,5,6,disgust,0.2109807014465332,0.03803656194359064,0.007718582730740308,0.007157315779477358,0.009346826560795307,0.005304359551519156,0.7089489318430424,0.012506729457527399,1,1,1,complete
01-07-01-02-02-22,02-01-07-01-02-02-22,02-01-07-01-02-02-22,data/raw/ravdess/video_speech/Video_Speech_Actor_22/Actor_22/02-01-07-01-02-02-22.mp4,22,test,07,6,disgust,01,02,02,02-01-07-01-02-02-22,canonical_02,/home/tonyhe/ravdess_avfusion/external/video_face_branch/early_fusion_facial_v2/fusion_pack_5f/sequences/02-01-07-01-02-02-22.npy,5,2048,02-01-07-01-02-02-22,canonical_02,5,6,disgust,0.11631770431995392,0.25213987194001675,0.012715470883995295,0.009216849319636821,0.006951052229851484,0.007517084898427129,0.5802815064787865,0.01486042058095336,1,1,1,complete
01-07-02-01-01-22,02-01-07-02-01-01-22,02-01-07-02-01-01-22,data/raw/ravdess/video_speech/Video_Speech_Actor_22/Actor_22/02-01-07-02-01-01-22.mp4,22,test,07,6,disgust,02,01,01,02-01-07-02-01-01-22,canonical_02,/home/tonyhe/ravdess_avfusion/external/video_face_branch/early_fusion_facial_v2/fusion_pack_5f/sequences/02-01-07-02-01-01-22.npy,5,2048,02-01-07-02-01-01-22,canonical_02,5,6,disgust,0.03765509855002165,0.032776486780494454,0.012953780498355627,0.18501977426931263,0.00705121299251914,0.01762733915820718,0.6929822027683258,0.01393406866118312,1,1,1,complete
01-07-02-01-02-22,02-01-07-02-01-02-22,02-01-07-02-01-02-22,data/raw/ravdess/video_speech/Video_Speech_Actor_22/Actor_22/02-01-07-02-01-02-22.mp4,22,test,07,6,disgust,02,01,02,02-01-07-02-01-02-22,canonical_02,/home/tonyhe/ravdess_avfusion/external/video_face_branch/early_fusion_facial_v2/fusion_pack_5f/sequences/02-01-07-02-01-02-22.npy,5,2048,02-01-07-02-01-02-22,canonical_02,5,6,disgust,0.13896114714443683,0.03136848341673613,0.18161860816180705,0.14706759788095952,0.010703476797789335,0.011864091642200947,0.45720465332269666,0.021211926452815534,1,1,1,complete
01-07-02-02-01-22,02-01-07-02-02-01-22,02-01-07-02-02-01-22,data/raw/ravdess/video_speech/Video_Speech_Actor_22/Actor_22/02-01-07-02-02-01-22.mp4,22,test,07,6,disgust,02,02,01,02-01-07-02-02-01-22,canonical_02,/home/tonyhe/ravdess_avfusion/external/video_face_branch/early_fusion_facial_v2/fusion_pack_5f/sequences/02-01-07-02-02-01-22.npy,5,2048,02-01-07-02-02-01-22,canonical_02,5,6,disgust,0.022406733222305776,0.010084979049861432,0.006796168070286513,0.30642402693629267,0.006111377663910389,0.005130407446995377,0.6333358615636826,0.00971047356724739,1,1,1,complete
01-07-02-02-02-22,02-01-07-02-02-02-22,02-01-07-02-02-02-22,data/raw/ravdess/video_speech/Video_Speech_Actor_22/Actor_22/02-01-07-02-02-02-22.mp4,22,test,07,6,disgust,02,02,02,02-01-07-02-02-02-22,canonical_02,/home/tonyhe/ravdess_avfusion/external/video_face_branch/early_fusion_facial_v2/fusion_pack_5f/sequences/02-01-07-02-02-02-22.npy,5,2048,02-01-07-02-02-02-22,canonical_02,5,6,disgust,0.03021026961505413,0.012548341788351536,0.007055778568610549,0.29394312147051094,0.01668041981756687,0.009649823419749737,0.6225586127489805,0.007353612827137113,1,1,1,complete
01-08-01-01-01-22,02-01-08-01-01-01-22,02-01-08-01-01-01-22,data/raw/ravdess/video_speech/Video_Speech_Actor_22/Actor_22/02-01-08-01-01-01-22.mp4,22,test,08,7,surprise,01,01,01,02-01-08-01-01-01-22,canonical_02,/home/tonyhe/ravdess_avfusion/external/video_face_branch/early_fusion_facial_v2/fusion_pack_5f/sequences/02-01-08-01-01-01-22.npy,5,2048,02-01-08-01-01-01-22,canonical_02,5,0,neutral,0.8400930643081665,0.00965802911669016,0.005716163711622357,0.05825002603232861,0.0489830045029521,0.004997438983991742,0.014643461164087056,0.017658835370093585,1,1,1,complete
01-08-01-01-02-22,02-01-08-01-01-02-22,02-01-08-01-01-02-22,data/raw/ravdess/video_speech/Video_Speech_Actor_22/Actor_22/02-01-08-01-01-02-22.mp4,22,test,08,7,surprise,01,01,02,02-01-08-01-01-02-22,canonical_02,/home/tonyhe/ravdess_avfusion/external/video_face_branch/early_fusion_facial_v2/fusion_pack_5f/sequences/02-01-08-01-01-02-22.npy,5,2048,02-01-08-01-01-02-22,canonical_02,5,0,neutral,0.9612683176994323,0.005217411229386926,0.0036931774578988553,0.009377205651253462,0.004304150817915797,0.0035088540986180305,0.006715755444020033,0.0059151421301066875,1,1,1,complete
01-08-01-02-01-22,02-01-08-01-02-01-22,02-01-08-01-02-01-22,data/raw/ravdess/video_speech/Video_Speech_Actor_22/Actor_22/02-01-08-01-02-01-22.mp4,22,test,08,7,surprise,01,02,01,02-01-08-01-02-01-22,canonical_02,/home/tonyhe/ravdess_avfusion/external/video_face_branch/early_fusion_facial_v2/fusion_pack_5f/sequences/02-01-08-01-02-01-22.npy,5,2048,02-01-08-01-02-01-22,canonical_02,5,0,neutral,0.7747870028018952,0.01732742744497955,0.007577597675845027,0.027982769906520842,0.12475557718425989,0.010756891407072543,0.01784293809905648,0.018969823326915502,1,1,1,complete
01-08-01-02-02-22,02-01-08-01-02-02-22,02-01-08-01-02-02-22,data/raw/ravdess/video_speech/Video_Speech_Actor_22/Actor_22/02-01-08-01-02-02-22.mp4,22,test,08,7,surprise,01,02,02,02-01-08-01-02-02-22,canonical_02,/home/tonyhe/ravdess_avfusion/external/video_face_branch/early_fusion_facial_v2/fusion_pack_5f/sequences/02-01-08-01-02-02-22.npy,5,2048,02-01-08-01-02-02-22,canonical_02,5,0,neutral,0.9332720637321472,0.013904447481036187,0.004760000435635447,0.008429001551121473,0.009927633311599493,0.004555167118087411,0.010240326076745987,0.014911336172372103,1,1,1,complete
01-08-02-01-01-22,02-01-08-02-01-01-22,02-01-08-02-01-01-22,data/raw/ravdess/video_speech/Video_Speech_Actor_22/Actor_22/02-01-08-02-01-01-22.mp4,22,test,08,7,surprise,02,01,01,02-01-08-02-01-01-22,canonical_02,/home/tonyhe/ravdess_avfusion/external/video_face_branch/early_fusion_facial_v2/fusion_pack_5f/sequences/02-01-08-02-01-01-22.npy,5,2048,02-01-08-02-01-01-22,canonical_02,5,0,neutral,0.7528627097606659,0.0379465963691473,0.008509220276027917,0.01739945085719228,0.010941340122371912,0.012841751798987389,0.029376595839858057,0.13012235872447492,1,1,1,complete
01-08-02-01-02-22,02-01-08-02-01-02-22,02-01-08-02-01-02-22,data/raw/ravdess/video_speech/Video_Speech_Actor_22/Actor_22/02-01-08-02-01-02-22.mp4,22,test,08,7,surprise,02,01,02,02-01-08-02-01-02-22,canonical_02,/home/tonyhe/ravdess_avfusion/external/video_face_branch/early_fusion_facial_v2/fusion_pack_5f/sequences/02-01-08-02-01-02-22.npy,5,2048,02-01-08-02-01-02-22,canonical_02,5,0,neutral,0.7756805352866649,0.005294905183836818,0.005443222681060433,0.007160933408886194,0.005901373643428087,0.00400784513913095,0.011499188933521509,0.18501197388395668,1,1,1,complete
01-08-02-02-01-22,02-01-08-02-02-01-22,02-01-08-02-02-01-22,data/raw/ravdess/video_speech/Video_Speech_Actor_22/Actor_22/02-01-08-02-02-01-22.mp4,22,test,08,7,surprise,02,02,01,02-01-08-02-02-01-22,canonical_02,/home/tonyhe/ravdess_avfusion/external/video_face_branch/early_fusion_facial_v2/fusion_pack_5f/sequences/02-01-08-02-02-01-22.npy,5,2048,02-01-08-02-02-01-22,canonical_02,5,7,surprise,0.327421760559082,0.016084234975278378,0.009761205781251192,0.024678871035575867,0.015810484066605568,0.1354780713096261,0.017807577177882193,0.4529578149318695,1,1,1,complete
01-08-02-02-02-22,02-01-08-02-02-02-22,02-01-08-02-02-02-22,data/raw/ravdess/video_speech/Video_Speech_Actor_22/Actor_22/02-01-08-02-02-02-22.mp4,22,test,08,7,surprise,02,02,02,02-01-08-02-02-02-22,canonical_02,/home/tonyhe/ravdess_avfusion/external/video_face_branch/early_fusion_facial_v2/fusion_pack_5f/sequences/02-01-08-02-02-02-22.npy,5,2048,02-01-08-02-02-02-22,canonical_02,5,0,neutral,0.9319251656532288,0.005986042786389589,0.005543133243918419,0.010491021350026131,0.017543062660843135,0.005310343112796545,0.00957898683845997,0.013622256554663181,1,1,1,complete
01-01-01-01-01-23,02-01-01-01-01-01-23,02-01-01-01-01-01-23,data/raw/ravdess/video_speech/Video_Speech_Actor_23/Actor_23/02-01-01-01-01-01-23.mp4,23,test,01,0,neutral,01,01,01,02-01-01-01-01-01-23,canonical_02,/home/tonyhe/ravdess_avfusion/external/video_face_branch/early_fusion_facial_v2/fusion_pack_5f/sequences/02-01-01-01-01-01-23.npy,5,2048,02-01-01-01-01-01-23,canonical_02,5,0,neutral,0.6953484356403351,0.1361234538257122,0.011603618133813142,0.06264866814017296,0.006429986981675029,0.01254570996388793,0.02006411235779524,0.055235966295003894,1,1,1,complete
01-01-01-01-02-23,02-01-01-01-01-02-23,02-01-01-01-01-02-23,data/raw/ravdess/video_speech/Video_Speech_Actor_23/Actor_23/02-01-01-01-01-02-23.mp4,23,test,01,0,neutral,01,01,02,02-01-01-01-01-02-23,canonical_02,/home/tonyhe/ravdess_avfusion/external/video_face_branch/early_fusion_facial_v2/fusion_pack_5f/sequences/02-01-01-01-01-02-23.npy,5,2048,02-01-01-01-01-02-23,canonical_02,5,0,neutral,0.7047551512718201,0.15080517828464507,0.009978108014911414,0.04680167026817798,0.0054886222817003725,0.011484461091458797,0.01833685003221035,0.052349981293082236,1,1,1,complete
01-01-01-02-01-23,02-01-01-01-02-01-23,02-01-01-01-02-01-23,data/raw/ravdess/video_speech/Video_Speech_Actor_23/Actor_23/02-01-01-01-02-01-23.mp4,23,test,01,0,neutral,01,02,01,02-01-01-01-02-01-23,canonical_02,/home/tonyhe/ravdess_avfusion/external/video_face_branch/early_fusion_facial_v2/fusion_pack_5f/sequences/02-01-01-01-02-01-23.npy,5,2048,02-01-01-01-02-01-23,canonical_02,5,0,neutral,0.5675817847251892,0.19937659204006195,0.015409631095826626,0.07704636491835118,0.007691375352442265,0.01629841234534979,0.02716272510588169,0.0894331157207489,1,1,1,complete
01-01-01-02-02-23,02-01-01-01-02-02-23,02-01-01-01-02-02-23,data/raw/ravdess/video_speech/Video_Speech_Actor_23/Actor_23/02-01-01-01-02-02-23.mp4,23,test,01,0,neutral,01,02,02,02-01-01-01-02-02-23,canonical_02,/home/tonyhe/ravdess_avfusion/external/video_face_branch/early_fusion_facial_v2/fusion_pack_5f/sequences/02-01-01-01-02-02-23.npy,5,2048,02-01-01-01-02-02-23,canonical_02,5,0,neutral,0.6110938876867295,0.16364894714206457,0.01028003478422761,0.04273933209478855,0.004812236689031124,0.010509422793984414,0.0190069105476141,0.1379092376679182,1,1,1,complete
01-02-01-01-01-23,02-01-02-01-01-01-23,02-01-02-01-01-01-23,data/raw/ravdess/video_speech/Video_Speech_Actor_23/Actor_23/02-01-02-01-01-01-23.mp4,23,test,02,1,calm,01,01,01,02-01-02-01-01-01-23,canonical_02,/home/tonyhe/ravdess_avfusion/external/video_face_branch/early_fusion_facial_v2/fusion_pack_5f/sequences/02-01-02-01-01-01-23.npy,5,2048,02-01-02-01-01-01-23,canonical_02,5,0,neutral,0.39199131838977336,0.2385062962770462,0.014749763719737529,0.1395946204662323,0.008447998203337193,0.012649747729301452,0.020672478154301642,0.1733877718448639,1,1,1,complete
01-02-01-01-02-23,02-01-02-01-01-02-23,02-01-02-01-01-02-23,data/raw/ravdess/video_speech/Video_Speech_Actor_23/Actor_23/02-01-02-01-01-02-23.mp4,23,test,02,1,calm,01,01,02,02-01-02-01-01-02-23,canonical_02,/home/tonyhe/ravdess_avfusion/external/video_face_branch/early_fusion_facial_v2/fusion_pack_5f/sequences/02-01-02-01-01-02-23.npy,5,2048,02-01-02-01-01-02-23,canonical_02,5,0,neutral,0.37297732159495356,0.27002149969339373,0.01744988765567541,0.15501293092966079,0.008913818188011647,0.014995251223444939,0.024201498553156852,0.13642779551446438,1,1,1,complete
01-02-01-02-01-23,02-01-02-01-02-01-23,02-01-02-01-02-01-23,data/raw/ravdess/video_speech/Video_Speech_Actor_23/Actor_23/02-01-02-01-02-01-23.mp4,23,test,02,1,calm,01,02,01,02-01-02-01-02-01-23,canonical_02,/home/tonyhe/ravdess_avfusion/external/video_face_branch/early_fusion_facial_v2/fusion_pack_5f/sequences/02-01-02-01-02-01-23.npy,5,2048,02-01-02-01-02-01-23,canonical_02,5,0,neutral,0.5593951106071472,0.2377404972910881,0.014467207528650761,0.08812505081295967,0.010755830071866512,0.01587498262524605,0.018165304139256478,0.05547601711004972,1,1,1,complete
01-02-01-02-02-23,02-01-02-01-02-02-23,02-01-02-01-02-02-23,data/raw/ravdess/video_speech/Video_Speech_Actor_23/Actor_23/02-01-02-01-02-02-23.mp4,23,test,02,1,calm,01,02,02,02-01-02-01-02-02-23,canonical_02,/home/tonyhe/ravdess_avfusion/external/video_face_branch/early_fusion_facial_v2/fusion_pack_5f/sequences/02-01-02-01-02-02-23.npy,5,2048,02-01-02-01-02-02-23,canonical_02,5,1,calm,0.3086442403495312,0.5287665069103241,0.013620531652122736,0.05348942875862121,0.01266036182641983,0.015840822458267213,0.01940299365669489,0.04757511205971241,1,1,1,complete
01-02-02-01-01-23,02-01-02-02-01-01-23,02-01-02-02-01-01-23,data/raw/ravdess/video_speech/Video_Speech_Actor_23/Actor_23/02-01-02-02-01-01-23.mp4,23,test,02,1,calm,02,01,01,02-01-02-02-01-01-23,canonical_02,/home/tonyhe/ravdess_avfusion/external/video_face_branch/early_fusion_facial_v2/fusion_pack_5f/sequences/02-01-02-02-01-01-23.npy,5,2048,02-01-02-02-01-01-23,canonical_02,5,1,calm,0.1681417405605316,0.6911572337150573,0.00940505126491189,0.03180086687207222,0.007536015845835209,0.012132451124489307,0.019691218622028828,0.06013543382287025,1,1,1,complete
01-02-02-01-02-23,02-01-02-02-01-02-23,02-01-02-02-01-02-23,data/raw/ravdess/video_speech/Video_Speech_Actor_23/Actor_23/02-01-02-02-01-02-23.mp4,23,test,02,1,calm,02,01,02,02-01-02-02-01-02-23,canonical_02,/home/tonyhe/ravdess_avfusion/external/video_face_branch/early_fusion_facial_v2/fusion_pack_5f/sequences/02-01-02-02-01-02-23.npy,5,2048,02-01-02-02-01-02-23,canonical_02,5,1,calm,0.1617139145731926,0.4475858062505722,0.012591581232845784,0.05903480760753155,0.007192957680672407,0.014449330419301987,0.02540464550256729,0.2720269560813904,1,1,1,complete
01-02-02-02-01-23,02-01-02-02-02-01-23,02-01-02-02-02-01-23,data/raw/ravdess/video_speech/Video_Speech_Actor_23/Actor_23/02-01-02-02-02-01-23.mp4,23,test,02,1,calm,02,02,01,02-01-02-02-02-01-23,canonical_02,/home/tonyhe/ravdess_avfusion/external/video_face_branch/early_fusion_facial_v2/fusion_pack_5f/sequences/02-01-02-02-02-01-23.npy,5,2048,02-01-02-02-02-01-23,canonical_02,5,1,calm,0.03805350884795189,0.6690112799406052,0.008948178123682737,0.043575449660420415,0.007923757284879684,0.011193043366074563,0.01742868050932884,0.2038660950958729,1,1,1,complete
01-02-02-02-02-23,02-01-02-02-02-02-23,02-01-02-02-02-02-23,data/raw/ravdess/video_speech/Video_Speech_Actor_23/Actor_23/02-01-02-02-02-02-23.mp4,23,test,02,1,calm,02,02,02,02-01-02-02-02-02-23,canonical_02,/home/tonyhe/ravdess_avfusion/external/video_face_branch/early_fusion_facial_v2/fusion_pack_5f/sequences/02-01-02-02-02-02-23.npy,5,2048,02-01-02-02-02-02-23,canonical_02,5,1,calm,0.024950097128748894,0.7979288697242737,0.009790550637990236,0.04314923156052828,0.008317831810563803,0.009706102591007949,0.015429667942225934,0.09072761312127113,1,1,1,complete
01-03-01-01-01-23,02-01-03-01-01-01-23,02-01-03-01-01-01-23,data/raw/ravdess/video_speech/Video_Speech_Actor_23/Actor_23/02-01-03-01-01-01-23.mp4,23,test,03,2,happy,01,01,01,02-01-03-01-01-01-23,canonical_02,/home/tonyhe/ravdess_avfusion/external/video_face_branch/early_fusion_facial_v2/fusion_pack_5f/sequences/02-01-03-01-01-01-23.npy,5,2048,02-01-03-01-01-01-23,canonical_02,5,1,calm,0.06067221835255623,0.4254048619419336,0.018172130361199378,0.06753883548080922,0.007587126083672046,0.018567193299531937,0.022509701363742352,0.3795479416847229,1,1,1,complete
01-03-01-01-02-23,02-01-03-01-01-02-23,02-01-03-01-01-02-23,data/raw/ravdess/video_speech/Video_Speech_Actor_23/Actor_23/02-01-03-01-01-02-23.mp4,23,test,03,2,happy,01,01,02,02-01-03-01-01-02-23,canonical_02,/home/tonyhe/ravdess_avfusion/external/video_face_branch/early_fusion_facial_v2/fusion_pack_5f/sequences/02-01-03-01-01-02-23.npy,5,2048,02-01-03-01-01-02-23,canonical_02,5,7,surprise,0.08223984539508819,0.1681784175336361,0.021047315374016762,0.11768593974411487,0.006950589874759316,0.01615743786096573,0.020164028089493514,0.5675764203071594,1,1,1,complete
01-03-01-02-01-23,02-01-03-01-02-01-23,02-01-03-01-02-01-23,data/raw/ravdess/video_speech/Video_Speech_Actor_23/Actor_23/02-01-03-01-02-01-23.mp4,23,test,03,2,happy,01,02,01,02-01-03-01-02-01-23,canonical_02,/home/tonyhe/ravdess_avfusion/external/video_face_branch/early_fusion_facial_v2/fusion_pack_5f/sequences/02-01-03-01-02-01-23.npy,5,2048,02-01-03-01-02-01-23,canonical_02,5,1,calm,0.04676936976611614,0.49074611663818357,0.053891436010599134,0.0783089816570282,0.00788137512281537,0.015349903143942356,0.020930179581046104,0.28612266574054956,1,1,1,complete
01-03-01-02-02-23,02-01-03-01-02-02-23,02-01-03-01-02-02-23,data/raw/ravdess/video_speech/Video_Speech_Actor_23/Actor_23/02-01-03-01-02-02-23.mp4,23,test,03,2,happy,01,02,02,02-01-03-01-02-02-23,canonical_02,/home/tonyhe/ravdess_avfusion/external/video_face_branch/early_fusion_facial_v2/fusion_pack_5f/sequences/02-01-03-01-02-02-23.npy,5,2048,02-01-03-01-02-02-23,canonical_02,5,1,calm,0.06740323714911937,0.3526214689016342,0.3111240204423666,0.08356362693011761,0.009033002983778715,0.015986658073961733,0.02251673610880971,0.1377512400969863,1,1,1,complete
01-03-02-01-01-23,02-01-03-02-01-01-23,02-01-03-02-01-01-23,data/raw/ravdess/video_speech/Video_Speech_Actor_23/Actor_23/02-01-03-02-01-01-23.mp4,23,test,03,2,happy,02,01,01,02-01-03-02-01-01-23,canonical_02,/home/tonyhe/ravdess_avfusion/external/video_face_branch/early_fusion_facial_v2/fusion_pack_5f/sequences/02-01-03-02-01-01-23.npy,5,2048,02-01-03-02-01-01-23,canonical_02,5,7,surprise,0.2920908506959677,0.04342714250087738,0.014613162726163864,0.022087244037538766,0.0056876386515796185,0.009825702290982008,0.012015011906623841,0.6002532690763474,1,1,1,complete
01-03-02-01-02-23,02-01-03-02-01-02-23,02-01-03-02-01-02-23,data/raw/ravdess/video_speech/Video_Speech_Actor_23/Actor_23/02-01-03-02-01-02-23.mp4,23,test,03,2,happy,02,01,02,02-01-03-02-01-02-23,canonical_02,/home/tonyhe/ravdess_avfusion/external/video_face_branch/early_fusion_facial_v2/fusion_pack_5f/sequences/02-01-03-02-01-02-23.npy,5,2048,02-01-03-02-01-02-23,canonical_02,5,1,calm,0.054395176470279694,0.40753932353109124,0.01238465290516615,0.08105130782350897,0.006084841210395098,0.01166214570403099,0.019627383537590505,0.407255157828331,1,1,1,complete
01-03-02-02-01-23,02-01-03-02-02-01-23,02-01-03-02-02-01-23,data/raw/ravdess/video_speech/Video_Speech_Actor_23/Actor_23/02-01-03-02-02-01-23.mp4,23,test,03,2,happy,02,02,01,02-01-03-02-02-01-23,canonical_02,/home/tonyhe/ravdess_avfusion/external/video_face_branch/early_fusion_facial_v2/fusion_pack_5f/sequences/02-01-03-02-02-01-23.npy,5,2048,02-01-03-02-02-01-23,canonical_02,5,7,surprise,0.36294089406728747,0.1895523689687252,0.008710279129445553,0.019377282168716193,0.006680078944191337,0.010398882068693638,0.010066261515021324,0.3922739576548338,1,1,1,complete
01-03-02-02-02-23,02-01-03-02-02-02-23,02-01-03-02-02-02-23,data/raw/ravdess/video_speech/Video_Speech_Actor_23/Actor_23/02-01-03-02-02-02-23.mp4,23,test,03,2,happy,02,02,02,02-01-03-02-02-02-23,canonical_02,/home/tonyhe/ravdess_avfusion/external/video_face_branch/early_fusion_facial_v2/fusion_pack_5f/sequences/02-01-03-02-02-02-23.npy,5,2048,02-01-03-02-02-02-23,canonical_02,5,7,surprise,0.28694566823542117,0.17787497136741875,0.03419793546199799,0.04368329588323831,0.006444189324975013,0.011749662645161151,0.017874117009341717,0.42123019360005853,1,1,1,complete
01-04-01-01-01-23,02-01-04-01-01-01-23,02-01-04-01-01-01-23,data/raw/ravdess/video_speech/Video_Speech_Actor_23/Actor_23/02-01-04-01-01-01-23.mp4,23,test,04,3,sad,01,01,01,02-01-04-01-01-01-23,canonical_02,/home/tonyhe/ravdess_avfusion/external/video_face_branch/early_fusion_facial_v2/fusion_pack_5f/sequences/02-01-04-01-01-01-23.npy,5,2048,02-01-04-01-01-01-23,canonical_02,5,3,sad,0.13615449629724025,0.04420139119029045,0.016794541291892527,0.44014261811971667,0.009794880263507366,0.011214341036975384,0.023640865087509157,0.31805682480335234,1,1,1,complete
01-04-01-01-02-23,02-01-04-01-01-02-23,02-01-04-01-01-02-23,data/raw/ravdess/video_speech/Video_Speech_Actor_23/Actor_23/02-01-04-01-01-02-23.mp4,23,test,04,3,sad,01,01,02,02-01-04-01-01-02-23,canonical_02,/home/tonyhe/ravdess_avfusion/external/video_face_branch/early_fusion_facial_v2/fusion_pack_5f/sequences/02-01-04-01-01-02-23.npy,5,2048,02-01-04-01-01-02-23,canonical_02,5,3,sad,0.17807150743901728,0.014479488134384155,0.011606922186911107,0.7070251777768135,0.007739461492747068,0.007886225823312998,0.012286100815981627,0.060905126854777336,1,1,1,complete
01-04-01-02-01-23,02-01-04-01-02-01-23,02-01-04-01-02-01-23,data/raw/ravdess/video_speech/Video_Speech_Actor_23/Actor_23/02-01-04-01-02-01-23.mp4,23,test,04,3,sad,01,02,01,02-01-04-01-02-01-23,canonical_02,/home/tonyhe/ravdess_avfusion/external/video_face_branch/early_fusion_facial_v2/fusion_pack_5f/sequences/02-01-04-01-02-01-23.npy,5,2048,02-01-04-01-02-01-23,canonical_02,5,3,sad,0.09404980950057507,0.019478357583284377,0.013452736847102641,0.7127807557582855,0.010866699274629354,0.008968895487487315,0.014333895780146122,0.12606887742877007,1,1,1,complete
01-04-01-02-02-23,02-01-04-01-02-02-23,02-01-04-01-02-02-23,data/raw/ravdess/video_speech/Video_Speech_Actor_23/Actor_23/02-01-04-01-02-02-23.mp4,23,test,04,3,sad,01,02,02,02-01-04-01-02-02-23,canonical_02,/home/tonyhe/ravdess_avfusion/external/video_face_branch/early_fusion_facial_v2/fusion_pack_5f/sequences/02-01-04-01-02-02-23.npy,5,2048,02-01-04-01-02-02-23,canonical_02,5,3,sad,0.027901461720466612,0.024704260937869548,0.014691575057804584,0.7764984607696533,0.01130663389340043,0.010844173561781644,0.01663442999124527,0.11741897836327553,1,1,1,complete
01-04-02-01-01-23,02-01-04-02-01-01-23,02-01-04-02-01-01-23,data/raw/ravdess/video_speech/Video_Speech_Actor_23/Actor_23/02-01-04-02-01-01-23.mp4,23,test,04,3,sad,02,01,01,02-01-04-02-01-01-23,canonical_02,/home/tonyhe/ravdess_avfusion/external/video_face_branch/early_fusion_facial_v2/fusion_pack_5f/sequences/02-01-04-02-01-01-23.npy,5,2048,02-01-04-02-01-01-23,canonical_02,5,3,sad,0.02370886206626892,0.02904688585549593,0.009459893871098756,0.7668362736701966,0.011699302308261394,0.011761403549462557,0.02017054446041584,0.12731681764125824,1,1,1,complete
01-04-02-01-02-23,02-01-04-02-01-02-23,02-01-04-02-01-02-23,data/raw/ravdess/video_speech/Video_Speech_Actor_23/Actor_23/02-01-04-02-01-02-23.mp4,23,test,04,3,sad,02,01,02,02-01-04-02-01-02-23,canonical_02,/home/tonyhe/ravdess_avfusion/external/video_face_branch/early_fusion_facial_v2/fusion_pack_5f/sequences/02-01-04-02-01-02-23.npy,5,2048,02-01-04-02-01-02-23,canonical_02,5,3,sad,0.05892900228500366,0.03276989497244358,0.0107445003464818,0.7092721641063691,0.013571997918188573,0.018636247888207436,0.019170468486845494,0.13690568655729293,1,1,1,complete
01-04-02-02-01-23,02-01-04-02-02-01-23,02-01-04-02-02-01-23,data/raw/ravdess/video_speech/Video_Speech_Actor_23/Actor_23/02-01-04-02-02-01-23.mp4,23,test,04,3,sad,02,02,01,02-01-04-02-02-01-23,canonical_02,/home/tonyhe/ravdess_avfusion/external/video_face_branch/early_fusion_facial_v2/fusion_pack_5f/sequences/02-01-04-02-02-01-23.npy,5,2048,02-01-04-02-02-01-23,canonical_02,5,3,sad,0.020305968075990676,0.026804964989423752,0.011482224706560374,0.6960755810141563,0.013119430933147668,0.01116363015025854,0.17970434837043286,0.04134381040930748,1,1,1,complete
01-04-02-02-02-23,02-01-04-02-02-02-23,02-01-04-02-02-02-23,data/raw/ravdess/video_speech/Video_Speech_Actor_23/Actor_23/02-01-04-02-02-02-23.mp4,23,test,04,3,sad,02,02,02,02-01-04-02-02-02-23,canonical_02,/home/tonyhe/ravdess_avfusion/external/video_face_branch/early_fusion_facial_v2/fusion_pack_5f/sequences/02-01-04-02-02-02-23.npy,5,2048,02-01-04-02-02-02-23,canonical_02,5,3,sad,0.02490716241300106,0.02502758726477623,0.01008368181064725,0.6225875407457352,0.022581574972718954,0.013636290980502962,0.13700511436909438,0.14417107664048673,1,1,1,complete
01-05-01-01-01-23,02-01-05-01-01-01-23,02-01-05-01-01-01-23,data/raw/ravdess/video_speech/Video_Speech_Actor_23/Actor_23/02-01-05-01-01-01-23.mp4,23,test,05,4,angry,01,01,01,02-01-05-01-01-01-23,canonical_02,/home/tonyhe/ravdess_avfusion/external/video_face_branch/early_fusion_facial_v2/fusion_pack_5f/sequences/02-01-05-01-01-01-23.npy,5,2048,02-01-05-01-01-01-23,canonical_02,5,6,disgust,0.155361532792449,0.0283816184848547,0.0201855655759573,0.22699657790362834,0.01359647922217846,0.014769048430025578,0.3558496631681919,0.18485953733325006,1,1,1,complete
01-05-01-01-02-23,02-01-05-01-01-02-23,02-01-05-01-01-02-23,data/raw/ravdess/video_speech/Video_Speech_Actor_23/Actor_23/02-01-05-01-01-02-23.mp4,23,test,05,4,angry,01,01,02,02-01-05-01-01-02-23,canonical_02,/home/tonyhe/ravdess_avfusion/external/video_face_branch/early_fusion_facial_v2/fusion_pack_5f/sequences/02-01-05-01-01-02-23.npy,5,2048,02-01-05-01-01-02-23,canonical_02,5,6,disgust,0.1045274555683136,0.02499350067228079,0.015510017611086368,0.2744541560299695,0.009645747020840645,0.011156142875552177,0.39907668605446817,0.1606362784281373,1,1,1,complete
01-05-01-02-01-23,02-01-05-01-02-01-23,02-01-05-01-02-01-23,data/raw/ravdess/video_speech/Video_Speech_Actor_23/Actor_23/02-01-05-01-02-01-23.mp4,23,test,05,4,angry,01,02,01,02-01-05-01-02-01-23,canonical_02,/home/tonyhe/ravdess_avfusion/external/video_face_branch/early_fusion_facial_v2/fusion_pack_5f/sequences/02-01-05-01-02-01-23.npy,5,2048,02-01-05-01-02-01-23,canonical_02,5,3,sad,0.03173016607761383,0.022376124188303946,0.017782009951770306,0.4199751948937774,0.01459913058206439,0.012759547121822834,0.3671415815129876,0.11363626606762409,1,1,1,complete
01-05-01-02-02-23,02-01-05-01-02-02-23,02-01-05-01-02-02-23,data/raw/ravdess/video_speech/Video_Speech_Actor_23/Actor_23/02-01-05-01-02-02-23.mp4,23,test,05,4,angry,01,02,02,02-01-05-01-02-02-23,canonical_02,/home/tonyhe/ravdess_avfusion/external/video_face_branch/early_fusion_facial_v2/fusion_pack_5f/sequences/02-01-05-01-02-02-23.npy,5,2048,02-01-05-01-02-02-23,canonical_02,5,6,disgust,0.15230419673025608,0.04016651548445225,0.01967053338885307,0.2325055841356516,0.012177127413451672,0.011313917953521014,0.3408100940287113,0.1910520654171705,1,1,1,complete
01-05-02-01-01-23,02-01-05-02-01-01-23,02-01-05-02-01-01-23,data/raw/ravdess/video_speech/Video_Speech_Actor_23/Actor_23/02-01-05-02-01-01-23.mp4,23,test,05,4,angry,02,01,01,02-01-05-02-01-01-23,canonical_02,/home/tonyhe/ravdess_avfusion/external/video_face_branch/early_fusion_facial_v2/fusion_pack_5f/sequences/02-01-05-02-01-01-23.npy,5,2048,02-01-05-02-01-01-23,canonical_02,5,7,surprise,0.11375276744365692,0.04615359762683511,0.01711867842823267,0.28014573492109773,0.1745281882584095,0.010455724131315947,0.025206971727311612,0.3326383396983147,1,1,1,complete
01-05-02-01-02-23,02-01-05-02-01-02-23,02-01-05-02-01-02-23,data/raw/ravdess/video_speech/Video_Speech_Actor_23/Actor_23/02-01-05-02-01-02-23.mp4,23,test,05,4,angry,02,01,02,02-01-05-02-01-02-23,canonical_02,/home/tonyhe/ravdess_avfusion/external/video_face_branch/early_fusion_facial_v2/fusion_pack_5f/sequences/02-01-05-02-01-02-23.npy,5,2048,02-01-05-02-01-02-23,canonical_02,5,3,sad,0.10475852563977242,0.02092996146529913,0.011261785123497247,0.612694738432765,0.1865951284300536,0.007519291806966066,0.011819387320429087,0.04442121498286724,1,1,1,complete
01-05-02-02-01-23,02-01-05-02-02-01-23,02-01-05-02-02-01-23,data/raw/ravdess/video_speech/Video_Speech_Actor_23/Actor_23/02-01-05-02-02-01-23.mp4,23,test,05,4,angry,02,02,01,02-01-05-02-02-01-23,canonical_02,/home/tonyhe/ravdess_avfusion/external/video_face_branch/early_fusion_facial_v2/fusion_pack_5f/sequences/02-01-05-02-02-01-23.npy,5,2048,02-01-05-02-02-01-23,canonical_02,5,7,surprise,0.14880669321864842,0.08876993246376515,0.015067187882959843,0.19934813790023326,0.18673301208764315,0.016430240217596294,0.02293916493654251,0.32190564572811126,1,1,1,complete
01-05-02-02-02-23,02-01-05-02-02-02-23,02-01-05-02-02-02-23,data/raw/ravdess/video_speech/Video_Speech_Actor_23/Actor_23/02-01-05-02-02-02-23.mp4,23,test,05,4,angry,02,02,02,02-01-05-02-02-02-23,canonical_02,/home/tonyhe/ravdess_avfusion/external/video_face_branch/early_fusion_facial_v2/fusion_pack_5f/sequences/02-01-05-02-02-02-23.npy,5,2048,02-01-05-02-02-02-23,canonical_02,5,3,sad,0.16681403256952762,0.04646404106169939,0.018038634210824966,0.26933187898248434,0.18878216175362467,0.01080626603215933,0.03271235376596451,0.2670506056398153,1,1,1,complete
01-06-01-01-01-23,02-01-06-01-01-01-23,02-01-06-01-01-01-23,data/raw/ravdess/video_speech/Video_Speech_Actor_23/Actor_23/02-01-06-01-01-01-23.mp4,23,test,06,5,fearful,01,01,01,02-01-06-01-01-01-23,canonical_02,/home/tonyhe/ravdess_avfusion/external/video_face_branch/early_fusion_facial_v2/fusion_pack_5f/sequences/02-01-06-01-01-01-23.npy,5,2048,02-01-06-01-01-01-23,canonical_02,5,3,sad,0.0697893675416708,0.05192863941192627,0.016789673268795012,0.3194739431142807,0.009083650074899197,0.02326054722070694,0.3193158688023686,0.19035834409296512,1,1,1,complete
01-06-01-01-02-23,02-01-06-01-01-02-23,02-01-06-01-01-02-23,data/raw/ravdess/video_speech/Video_Speech_Actor_23/Actor_23/02-01-06-01-01-02-23.mp4,23,test,06,5,fearful,01,01,02,02-01-06-01-01-02-23,canonical_02,/home/tonyhe/ravdess_avfusion/external/video_face_branch/early_fusion_facial_v2/fusion_pack_5f/sequences/02-01-06-01-01-02-23.npy,5,2048,02-01-06-01-01-02-23,canonical_02,5,3,sad,0.02322197938337922,0.02652557138353586,0.009441938158124686,0.6334191039204597,0.005410750629380345,0.008265992812812328,0.1759006241336465,0.11781405843794346,1,1,1,complete
01-06-01-02-01-23,02-01-06-01-02-01-23,02-01-06-01-02-01-23,data/raw/ravdess/video_speech/Video_Speech_Actor_23/Actor_23/02-01-06-01-02-01-23.mp4,23,test,06,5,fearful,01,02,01,02-01-06-01-02-01-23,canonical_02,/home/tonyhe/ravdess_avfusion/external/video_face_branch/early_fusion_facial_v2/fusion_pack_5f/sequences/02-01-06-01-02-01-23.npy,5,2048,02-01-06-01-02-01-23,canonical_02,5,3,sad,0.02228093184530735,0.023913263343274593,0.010844995453953742,0.6647654443979263,0.0070075997151434425,0.2205792861059308,0.016040205024182796,0.03456830196082592,1,1,1,complete
01-06-01-02-02-23,02-01-06-01-02-02-23,02-01-06-01-02-02-23,data/raw/ravdess/video_speech/Video_Speech_Actor_23/Actor_23/02-01-06-01-02-02-23.mp4,23,test,06,5,fearful,01,02,02,02-01-06-01-02-02-23,canonical_02,/home/tonyhe/ravdess_avfusion/external/video_face_branch/early_fusion_facial_v2/fusion_pack_5f/sequences/02-01-06-01-02-02-23.npy,5,2048,02-01-06-01-02-02-23,canonical_02,5,3,sad,0.01764120440930128,0.012085582874715329,0.009227565582841634,0.6727762639522552,0.004205652046948671,0.03378193797543645,0.23173863701522351,0.01854314748197794,1,1,1,complete
01-06-02-01-01-23,02-01-06-02-01-01-23,02-01-06-02-01-01-23,data/raw/ravdess/video_speech/Video_Speech_Actor_23/Actor_23/02-01-06-02-01-01-23.mp4,23,test,06,5,fearful,02,01,01,02-01-06-02-01-01-23,canonical_02,/home/tonyhe/ravdess_avfusion/external/video_face_branch/early_fusion_facial_v2/fusion_pack_5f/sequences/02-01-06-02-01-01-23.npy,5,2048,02-01-06-02-01-01-23,canonical_02,5,5,fearful,0.025612721964716912,0.012605736404657364,0.01054346039891243,0.1875803718343377,0.00650717131793499,0.7250722929835319,0.009448304865509271,0.022629959974437952,1,1,1,complete
01-06-02-01-02-23,02-01-06-02-01-02-23,02-01-06-02-01-02-23,data/raw/ravdess/video_speech/Video_Speech_Actor_23/Actor_23/02-01-06-02-01-02-23.mp4,23,test,06,5,fearful,02,01,02,02-01-06-02-01-02-23,canonical_02,/home/tonyhe/ravdess_avfusion/external/video_face_branch/early_fusion_facial_v2/fusion_pack_5f/sequences/02-01-06-02-01-02-23.npy,5,2048,02-01-06-02-01-02-23,canonical_02,5,3,sad,0.021203233301639555,0.012264661118388176,0.008747280575335026,0.897207522392273,0.006379878288134933,0.02317048478871584,0.010229084640741348,0.020797839388251305,1,1,1,complete
01-06-02-02-01-23,02-01-06-02-02-01-23,02-01-06-02-02-01-23,data/raw/ravdess/video_speech/Video_Speech_Actor_23/Actor_23/02-01-06-02-02-01-23.mp4,23,test,06,5,fearful,02,02,01,02-01-06-02-02-01-23,canonical_02,/home/tonyhe/ravdess_avfusion/external/video_face_branch/early_fusion_facial_v2/fusion_pack_5f/sequences/02-01-06-02-02-01-23.npy,5,2048,02-01-06-02-02-01-23,canonical_02,5,3,sad,0.02911767140030861,0.01491893343627453,0.01637311391532421,0.8345100164413453,0.008234126213937997,0.041778954956680533,0.018515697680413723,0.03655146528035402,1,1,1,complete
01-06-02-02-02-23,02-01-06-02-02-02-23,02-01-06-02-02-02-23,data/raw/ravdess/video_speech/Video_Speech_Actor_23/Actor_23/02-01-06-02-02-02-23.mp4,23,test,06,5,fearful,02,02,02,02-01-06-02-02-02-23,canonical_02,/home/tonyhe/ravdess_avfusion/external/video_face_branch/early_fusion_facial_v2/fusion_pack_5f/sequences/02-01-06-02-02-02-23.npy,5,2048,02-01-06-02-02-02-23,canonical_02,5,3,sad,0.016240769438445567,0.012131244316697121,0.007622052170336247,0.9198396921157836,0.005859438655897975,0.006274785567075014,0.01878828415647149,0.013243751600384712,1,1,1,complete
01-07-01-01-01-23,02-01-07-01-01-01-23,02-01-07-01-01-01-23,data/raw/ravdess/video_speech/Video_Speech_Actor_23/Actor_23/02-01-07-01-01-01-23.mp4,23,test,07,6,disgust,01,01,01,02-01-07-01-01-01-23,canonical_02,/home/tonyhe/ravdess_avfusion/external/video_face_branch/early_fusion_facial_v2/fusion_pack_5f/sequences/02-01-07-01-01-01-23.npy,5,2048,02-01-07-01-01-01-23,canonical_02,5,6,disgust,0.02443220540881157,0.03171755522489548,0.00882350020110607,0.1500213174149394,0.0067215139977633955,0.008172627352178097,0.703514251485467,0.0665970497764647,1,1,1,complete
01-07-01-01-02-23,02-01-07-01-01-02-23,02-01-07-01-01-02-23,data/raw/ravdess/video_speech/Video_Speech_Actor_23/Actor_23/02-01-07-01-01-02-23.mp4,23,test,07,6,disgust,01,01,02,02-01-07-01-01-02-23,canonical_02,/home/tonyhe/ravdess_avfusion/external/video_face_branch/early_fusion_facial_v2/fusion_pack_5f/sequences/02-01-07-01-01-02-23.npy,5,2048,02-01-07-01-01-02-23,canonical_02,5,6,disgust,0.05079149752855301,0.09243441335856914,0.0131735909730196,0.14956063888967036,0.009142151847481728,0.008722691237926484,0.5539846953004599,0.12219032272696495,1,1,1,complete
01-07-01-02-01-23,02-01-07-01-02-01-23,02-01-07-01-02-01-23,data/raw/ravdess/video_speech/Video_Speech_Actor_23/Actor_23/02-01-07-01-02-01-23.mp4,23,test,07,6,disgust,01,02,01,02-01-07-01-02-01-23,canonical_02,/home/tonyhe/ravdess_avfusion/external/video_face_branch/early_fusion_facial_v2/fusion_pack_5f/sequences/02-01-07-01-02-01-23.npy,5,2048,02-01-07-01-02-01-23,canonical_02,5,6,disgust,0.025880352407693864,0.03157839961349964,0.011595902871340514,0.1404564069584012,0.007681696955114603,0.008733455371111632,0.7541205793619156,0.01995317908003926,1,1,1,complete
01-07-01-02-02-23,02-01-07-01-02-02-23,02-01-07-01-02-02-23,data/raw/ravdess/video_speech/Video_Speech_Actor_23/Actor_23/02-01-07-01-02-02-23.mp4,23,test,07,6,disgust,01,02,02,02-01-07-01-02-02-23,canonical_02,/home/tonyhe/ravdess_avfusion/external/video_face_branch/early_fusion_facial_v2/fusion_pack_5f/sequences/02-01-07-01-02-02-23.npy,5,2048,02-01-07-01-02-02-23,canonical_02,5,6,disgust,0.020917938463389872,0.1219623727723956,0.012289761751890182,0.15351557303220034,0.009317799191921949,0.008842157293111086,0.6061786502599716,0.06697576390579343,1,1,1,complete
01-07-02-01-01-23,02-01-07-02-01-01-23,02-01-07-02-01-01-23,data/raw/ravdess/video_speech/Video_Speech_Actor_23/Actor_23/02-01-07-02-01-01-23.mp4,23,test,07,6,disgust,02,01,01,02-01-07-02-01-01-23,canonical_02,/home/tonyhe/ravdess_avfusion/external/video_face_branch/early_fusion_facial_v2/fusion_pack_5f/sequences/02-01-07-02-01-01-23.npy,5,2048,02-01-07-02-01-01-23,canonical_02,5,6,disgust,0.029473693296313285,0.030100906640291213,0.01049432773143053,0.13951432351022958,0.007693906594067812,0.009525400027632714,0.749930565059185,0.023266870994120836,1,1,1,complete
01-07-02-01-02-23,02-01-07-02-01-02-23,02-01-07-02-01-02-23,data/raw/ravdess/video_speech/Video_Speech_Actor_23/Actor_23/02-01-07-02-01-02-23.mp4,23,test,07,6,disgust,02,01,02,02-01-07-02-01-02-23,canonical_02,/home/tonyhe/ravdess_avfusion/external/video_face_branch/early_fusion_facial_v2/fusion_pack_5f/sequences/02-01-07-02-01-02-23.npy,5,2048,02-01-07-02-01-02-23,canonical_02,5,6,disgust,0.021988221630454063,0.012938647158443927,0.012088824156671762,0.10304456893354655,0.008848575782030821,0.008827459160238504,0.7378328971564769,0.09443081030622125,1,1,1,complete
01-07-02-02-01-23,02-01-07-02-02-01-23,02-01-07-02-02-01-23,data/raw/ravdess/video_speech/Video_Speech_Actor_23/Actor_23/02-01-07-02-02-01-23.mp4,23,test,07,6,disgust,02,02,01,02-01-07-02-02-01-23,canonical_02,/home/tonyhe/ravdess_avfusion/external/video_face_branch/early_fusion_facial_v2/fusion_pack_5f/sequences/02-01-07-02-02-01-23.npy,5,2048,02-01-07-02-02-01-23,canonical_02,5,6,disgust,0.021286758594214916,0.010608135536313058,0.010360778030008077,0.02372877802699804,0.008718719705939293,0.0064670626074075695,0.7413882534950972,0.17744155284017324,1,1,1,complete
01-07-02-02-02-23,02-01-07-02-02-02-23,02-01-07-02-02-02-23,data/raw/ravdess/video_speech/Video_Speech_Actor_23/Actor_23/02-01-07-02-02-02-23.mp4,23,test,07,6,disgust,02,02,02,02-01-07-02-02-02-23,canonical_02,/home/tonyhe/ravdess_avfusion/external/video_face_branch/early_fusion_facial_v2/fusion_pack_5f/sequences/02-01-07-02-02-02-23.npy,5,2048,02-01-07-02-02-02-23,canonical_02,5,6,disgust,0.01905495412647724,0.012806789297610522,0.013835895340889692,0.15595549354329705,0.00847421558573842,0.009907948970794677,0.7353171650320292,0.04464756352826953,1,1,1,complete
01-08-01-01-01-23,02-01-08-01-01-01-23,02-01-08-01-01-01-23,data/raw/ravdess/video_speech/Video_Speech_Actor_23/Actor_23/02-01-08-01-01-01-23.mp4,23,test,08,7,surprise,01,01,01,02-01-08-01-01-01-23,canonical_02,/home/tonyhe/ravdess_avfusion/external/video_face_branch/early_fusion_facial_v2/fusion_pack_5f/sequences/02-01-08-01-01-01-23.npy,5,2048,02-01-08-01-01-01-23,canonical_02,5,3,sad,0.23019342813640833,0.01948985643684864,0.010867558792233467,0.30655342563986776,0.008738221600651741,0.2655105429701507,0.01631164951249957,0.1423353308811784,1,1,1,complete
01-08-01-01-02-23,02-01-08-01-01-02-23,02-01-08-01-01-02-23,data/raw/ravdess/video_speech/Video_Speech_Actor_23/Actor_23/02-01-08-01-01-02-23.mp4,23,test,08,7,surprise,01,01,02,02-01-08-01-01-02-23,canonical_02,/home/tonyhe/ravdess_avfusion/external/video_face_branch/early_fusion_facial_v2/fusion_pack_5f/sequences/02-01-08-01-01-02-23.npy,5,2048,02-01-08-01-01-02-23,canonical_02,5,7,surprise,0.26737123131752016,0.10602170247584582,0.013495679199695586,0.12077429872006178,0.007409763894975186,0.02176573146134615,0.021856268122792243,0.44130530059337614,1,1,1,complete
01-08-01-02-01-23,02-01-08-01-02-01-23,02-01-08-01-02-01-23,data/raw/ravdess/video_speech/Video_Speech_Actor_23/Actor_23/02-01-08-01-02-01-23.mp4,23,test,08,7,surprise,01,02,01,02-01-08-01-02-01-23,canonical_02,/home/tonyhe/ravdess_avfusion/external/video_face_branch/early_fusion_facial_v2/fusion_pack_5f/sequences/02-01-08-01-02-01-23.npy,5,2048,02-01-08-01-02-01-23,canonical_02,5,7,surprise,0.07259093858301639,0.1297034488990903,0.011890235170722008,0.2937617789953947,0.006848372612148523,0.01813703551888466,0.06698885522782802,0.4000793304294348,1,1,1,complete
01-08-01-02-02-23,02-01-08-01-02-02-23,02-01-08-01-02-02-23,data/raw/ravdess/video_speech/Video_Speech_Actor_23/Actor_23/02-01-08-01-02-02-23.mp4,23,test,08,7,surprise,01,02,02,02-01-08-01-02-02-23,canonical_02,/home/tonyhe/ravdess_avfusion/external/video_face_branch/early_fusion_facial_v2/fusion_pack_5f/sequences/02-01-08-01-02-02-23.npy,5,2048,02-01-08-01-02-02-23,canonical_02,5,7,surprise,0.14888464603573084,0.018528875894844532,0.013185659423470497,0.11150598376989365,0.0057699384167790415,0.013631723821163177,0.015939868055284023,0.6725532904267311,1,1,1,complete
01-08-02-01-01-23,02-01-08-02-01-01-23,02-01-08-02-01-01-23,data/raw/ravdess/video_speech/Video_Speech_Actor_23/Actor_23/02-01-08-02-01-01-23.mp4,23,test,08,7,surprise,02,01,01,02-01-08-02-01-01-23,canonical_02,/home/tonyhe/ravdess_avfusion/external/video_face_branch/early_fusion_facial_v2/fusion_pack_5f/sequences/02-01-08-02-01-01-23.npy,5,2048,02-01-08-02-01-01-23,canonical_02,5,7,surprise,0.056277168169617656,0.11242153625935317,0.01060416754335165,0.1301132027991116,0.006711568217724562,0.01278946129605174,0.017445433512330057,0.6536374360322952,1,1,1,complete
01-08-02-01-02-23,02-01-08-02-01-02-23,02-01-08-02-01-02-23,data/raw/ravdess/video_speech/Video_Speech_Actor_23/Actor_23/02-01-08-02-01-02-23.mp4,23,test,08,7,surprise,02,01,02,02-01-08-02-01-02-23,canonical_02,/home/tonyhe/ravdess_avfusion/external/video_face_branch/early_fusion_facial_v2/fusion_pack_5f/sequences/02-01-08-02-01-02-23.npy,5,2048,02-01-08-02-01-02-23,canonical_02,5,7,surprise,0.3488431330770254,0.013647667691111564,0.010045032389461995,0.018957465887069702,0.0060733906924724575,0.014236476831138134,0.010267118830233813,0.5779297292232514,1,1,1,complete
01-08-02-02-01-23,02-01-08-02-02-01-23,02-01-08-02-02-01-23,data/raw/ravdess/video_speech/Video_Speech_Actor_23/Actor_23/02-01-08-02-02-01-23.mp4,23,test,08,7,surprise,02,02,01,02-01-08-02-02-01-23,canonical_02,/home/tonyhe/ravdess_avfusion/external/video_face_branch/early_fusion_facial_v2/fusion_pack_5f/sequences/02-01-08-02-02-01-23.npy,5,2048,02-01-08-02-02-01-23,canonical_02,5,7,surprise,0.2730110604315996,0.024345524795353412,0.011881824489682913,0.03641507187858224,0.006991012487560511,0.18698242902755738,0.012715434283018112,0.44765762612223625,1,1,1,complete
01-08-02-02-02-23,02-01-08-02-02-02-23,02-01-08-02-02-02-23,data/raw/ravdess/video_speech/Video_Speech_Actor_23/Actor_23/02-01-08-02-02-02-23.mp4,23,test,08,7,surprise,02,02,02,02-01-08-02-02-02-23,canonical_02,/home/tonyhe/ravdess_avfusion/external/video_face_branch/early_fusion_facial_v2/fusion_pack_5f/sequences/02-01-08-02-02-02-23.npy,5,2048,02-01-08-02-02-02-23,canonical_02,5,7,surprise,0.3273824829608202,0.18802843429148197,0.011360794678330422,0.04254487343132496,0.006354910647496581,0.05442966260015965,0.012978425063192845,0.3569204047322273,1,1,1,complete
01-01-01-01-01-24,02-01-01-01-01-01-24,02-01-01-01-01-01-24,data/raw/ravdess/video_speech/Video_Speech_Actor_24/Actor_24/02-01-01-01-01-01-24.mp4,24,test,01,0,neutral,01,01,01,02-01-01-01-01-01-24,canonical_02,/home/tonyhe/ravdess_avfusion/external/video_face_branch/early_fusion_facial_v2/fusion_pack_5f/sequences/02-01-01-01-01-01-24.npy,5,2048,02-01-01-01-01-01-24,canonical_02,5,7,surprise,0.08712810054421424,0.036393565312027934,0.07030375823378562,0.03467531483620405,0.20561021603643895,0.023646061308681965,0.02224031537771225,0.5200026988983154,1,1,1,complete
01-01-01-01-02-24,02-01-01-01-01-02-24,02-01-01-01-01-02-24,data/raw/ravdess/video_speech/Video_Speech_Actor_24/Actor_24/02-01-01-01-01-02-24.mp4,24,test,01,0,neutral,01,01,02,02-01-01-01-01-02-24,canonical_02,/home/tonyhe/ravdess_avfusion/external/video_face_branch/early_fusion_facial_v2/fusion_pack_5f/sequences/02-01-01-01-01-02-24.npy,5,2048,02-01-01-01-01-02-24,canonical_02,5,7,surprise,0.20855362378060818,0.042462573386728764,0.22940288558602334,0.03718596491962671,0.1899335365742445,0.022833548299968243,0.036169734224677084,0.23345812521874904,1,1,1,complete
01-01-01-02-01-24,02-01-01-01-02-01-24,02-01-01-01-02-01-24,data/raw/ravdess/video_speech/Video_Speech_Actor_24/Actor_24/02-01-01-01-02-01-24.mp4,24,test,01,0,neutral,01,02,01,02-01-01-01-02-01-24,canonical_02,/home/tonyhe/ravdess_avfusion/external/video_face_branch/early_fusion_facial_v2/fusion_pack_5f/sequences/02-01-01-01-02-01-24.npy,5,2048,02-01-01-01-02-01-24,canonical_02,5,7,surprise,0.25748330168426037,0.03804801050573588,0.060130329616367814,0.016934258863329887,0.14440957503393292,0.0184419060125947,0.031110984086990357,0.4334416642785072,1,1,1,complete
01-01-01-02-02-24,02-01-01-01-02-02-24,02-01-01-01-02-02-24,data/raw/ravdess/video_speech/Video_Speech_Actor_24/Actor_24/02-01-01-01-02-02-24.mp4,24,test,01,0,neutral,01,02,02,02-01-01-01-02-02-24,canonical_02,/home/tonyhe/ravdess_avfusion/external/video_face_branch/early_fusion_facial_v2/fusion_pack_5f/sequences/02-01-01-01-02-02-24.npy,5,2048,02-01-01-01-02-02-24,canonical_02,5,7,surprise,0.17954332157969474,0.03063160888850689,0.09273083433508873,0.02021107207983732,0.24198464900255204,0.03221493884921074,0.03585854060947895,0.3668250501155853,1,1,1,complete
01-02-01-01-01-24,02-01-02-01-01-01-24,02-01-02-01-01-01-24,data/raw/ravdess/video_speech/Video_Speech_Actor_24/Actor_24/02-01-02-01-01-01-24.mp4,24,test,02,1,calm,01,01,01,02-01-02-01-01-01-24,canonical_02,/home/tonyhe/ravdess_avfusion/external/video_face_branch/early_fusion_facial_v2/fusion_pack_5f/sequences/02-01-02-01-01-01-24.npy,5,2048,02-01-02-01-01-01-24,canonical_02,5,1,calm,0.0651079148054123,0.4877583090215921,0.21427101753652095,0.08753865025937557,0.023477596044540406,0.02260666582733393,0.023396458476781845,0.07584339659661055,1,1,1,complete
01-02-01-01-02-24,02-01-02-01-01-02-24,02-01-02-01-01-02-24,data/raw/ravdess/video_speech/Video_Speech_Actor_24/Actor_24/02-01-02-01-01-02-24.mp4,24,test,02,1,calm,01,01,02,02-01-02-01-01-02-24,canonical_02,/home/tonyhe/ravdess_avfusion/external/video_face_branch/early_fusion_facial_v2/fusion_pack_5f/sequences/02-01-02-01-01-02-24.npy,5,2048,02-01-02-01-01-02-24,canonical_02,5,1,calm,0.03951919674873352,0.5150331389158964,0.2902656480669975,0.03173501528799534,0.020822682417929173,0.022986348159611224,0.032430950179696084,0.04720698557794094,1,1,1,complete
01-02-01-02-01-24,02-01-02-01-02-01-24,02-01-02-01-02-01-24,data/raw/ravdess/video_speech/Video_Speech_Actor_24/Actor_24/02-01-02-01-02-01-24.mp4,24,test,02,1,calm,01,02,01,02-01-02-01-02-01-24,canonical_02,/home/tonyhe/ravdess_avfusion/external/video_face_branch/early_fusion_facial_v2/fusion_pack_5f/sequences/02-01-02-01-02-01-24.npy,5,2048,02-01-02-01-02-01-24,canonical_02,5,0,neutral,0.20558168441057206,0.19368934705853463,0.16931702047586442,0.05041523352265358,0.18749175034463406,0.026185395196080208,0.03828125111758709,0.12903833985328675,1,1,1,complete
01-02-01-02-02-24,02-01-02-01-02-02-24,02-01-02-01-02-02-24,data/raw/ravdess/video_speech/Video_Speech_Actor_24/Actor_24/02-01-02-01-02-02-24.mp4,24,test,02,1,calm,01,02,02,02-01-02-01-02-02-24,canonical_02,/home/tonyhe/ravdess_avfusion/external/video_face_branch/early_fusion_facial_v2/fusion_pack_5f/sequences/02-01-02-01-02-02-24.npy,5,2048,02-01-02-01-02-02-24,canonical_02,5,2,happy,0.03871437013149261,0.19150978550314904,0.5172157667577266,0.02186169698834419,0.031982194632291794,0.03042107243090868,0.022097484953701497,0.14619760010391475,1,1,1,complete
01-02-02-01-01-24,02-01-02-02-01-01-24,02-01-02-02-01-01-24,data/raw/ravdess/video_speech/Video_Speech_Actor_24/Actor_24/02-01-02-02-01-01-24.mp4,24,test,02,1,calm,02,01,01,02-01-02-02-01-01-24,canonical_02,/home/tonyhe/ravdess_avfusion/external/video_face_branch/early_fusion_facial_v2/fusion_pack_5f/sequences/02-01-02-02-01-01-24.npy,5,2048,02-01-02-02-01-01-24,canonical_02,5,1,calm,0.03797763884067536,0.6030502542853355,0.22226922288537027,0.03554857335984707,0.02408001832664013,0.019111386500298977,0.021452897414565086,0.03651006333529949,1,1,1,complete
01-02-02-01-02-24,02-01-02-02-01-02-24,02-01-02-02-01-02-24,data/raw/ravdess/video_speech/Video_Speech_Actor_24/Actor_24/02-01-02-02-01-02-24.mp4,24,test,02,1,calm,02,01,02,02-01-02-02-01-02-24,canonical_02,/home/tonyhe/ravdess_avfusion/external/video_face_branch/early_fusion_facial_v2/fusion_pack_5f/sequences/02-01-02-02-01-02-24.npy,5,2048,02-01-02-02-01-02-24,canonical_02,5,1,calm,0.12152982614934445,0.6415359914302826,0.03910782858729363,0.06422213613986968,0.02025764100253582,0.023426208272576333,0.026393672078847887,0.06352665238082408,1,1,1,complete
01-02-02-02-01-24,02-01-02-02-02-01-24,02-01-02-02-02-01-24,data/raw/ravdess/video_speech/Video_Speech_Actor_24/Actor_24/02-01-02-02-02-01-24.mp4,24,test,02,1,calm,02,02,01,02-01-02-02-02-01-24,canonical_02,/home/tonyhe/ravdess_avfusion/external/video_face_branch/early_fusion_facial_v2/fusion_pack_5f/sequences/02-01-02-02-02-01-24.npy,5,2048,02-01-02-02-02-01-24,canonical_02,5,1,calm,0.07845840603113174,0.39632583409547806,0.20720936506986617,0.22254441287368537,0.016842465475201608,0.01764495950192213,0.024659316800534726,0.03631523922085762,1,1,1,complete
01-02-02-02-02-24,02-01-02-02-02-02-24,02-01-02-02-02-02-24,data/raw/ravdess/video_speech/Video_Speech_Actor_24/Actor_24/02-01-02-02-02-02-24.mp4,24,test,02,1,calm,02,02,02,02-01-02-02-02-02-24,canonical_02,/home/tonyhe/ravdess_avfusion/external/video_face_branch/early_fusion_facial_v2/fusion_pack_5f/sequences/02-01-02-02-02-02-24.npy,5,2048,02-01-02-02-02-02-24,canonical_02,5,2,happy,0.03297836314886808,0.41755024194717405,0.4297919671982527,0.029865285754203795,0.022589453682303428,0.019880829751491545,0.019763001054525376,0.027580810338258745,1,1,1,complete
01-03-01-01-01-24,02-01-03-01-01-01-24,02-01-03-01-01-01-24,data/raw/ravdess/video_speech/Video_Speech_Actor_24/Actor_24/02-01-03-01-01-01-24.mp4,24,test,03,2,happy,01,01,01,02-01-03-01-01-01-24,canonical_02,/home/tonyhe/ravdess_avfusion/external/video_face_branch/early_fusion_facial_v2/fusion_pack_5f/sequences/02-01-03-01-01-01-24.npy,5,2048,02-01-03-01-01-01-24,canonical_02,5,2,happy,0.01708642430603504,0.026708068326115608,0.7461899906396866,0.02219713730737567,0.016351292841136456,0.013808916881680488,0.011967226769775153,0.1456909269094467,1,1,1,complete
01-03-01-01-02-24,02-01-03-01-01-02-24,02-01-03-01-01-02-24,data/raw/ravdess/video_speech/Video_Speech_Actor_24/Actor_24/02-01-03-01-01-02-24.mp4,24,test,03,2,happy,01,01,02,02-01-03-01-01-02-24,canonical_02,/home/tonyhe/ravdess_avfusion/external/video_face_branch/early_fusion_facial_v2/fusion_pack_5f/sequences/02-01-03-01-01-02-24.npy,5,2048,02-01-03-01-01-02-24,canonical_02,5,2,happy,0.020925262942910194,0.08782778261229396,0.7444837406277657,0.01504357038065791,0.011914450116455555,0.014866789057850837,0.017055919952690603,0.08788247108459472,1,1,1,complete
01-03-01-02-01-24,02-01-03-01-02-01-24,02-01-03-01-02-01-24,data/raw/ravdess/video_speech/Video_Speech_Actor_24/Actor_24/02-01-03-01-02-01-24.mp4,24,test,03,2,happy,01,02,01,02-01-03-01-02-01-24,canonical_02,/home/tonyhe/ravdess_avfusion/external/video_face_branch/early_fusion_facial_v2/fusion_pack_5f/sequences/02-01-03-01-02-01-24.npy,5,2048,02-01-03-01-02-01-24,canonical_02,5,2,happy,0.02504166942089796,0.06250778613612056,0.7386412501335144,0.011254614777863025,0.01933316923677921,0.028293431922793388,0.012273282837122678,0.10265479721128941,1,1,1,complete
01-03-01-02-02-24,02-01-03-01-02-02-24,02-01-03-01-02-02-24,data/raw/ravdess/video_speech/Video_Speech_Actor_24/Actor_24/02-01-03-01-02-02-24.mp4,24,test,03,2,happy,01,02,02,02-01-03-01-02-02-24,canonical_02,/home/tonyhe/ravdess_avfusion/external/video_face_branch/early_fusion_facial_v2/fusion_pack_5f/sequences/02-01-03-01-02-02-24.npy,5,2048,02-01-03-01-02-02-24,canonical_02,5,2,happy,0.02577329836785793,0.14937409795820714,0.729876558482647,0.01769071528688073,0.02365098875015974,0.0166079742833972,0.013032975420355798,0.023993353638798,1,1,1,complete
01-03-02-01-01-24,02-01-03-02-01-01-24,02-01-03-02-01-01-24,data/raw/ravdess/video_speech/Video_Speech_Actor_24/Actor_24/02-01-03-02-01-01-24.mp4,24,test,03,2,happy,02,01,01,02-01-03-02-01-01-24,canonical_02,/home/tonyhe/ravdess_avfusion/external/video_face_branch/early_fusion_facial_v2/fusion_pack_5f/sequences/02-01-03-02-01-01-24.npy,5,2048,02-01-03-02-01-01-24,canonical_02,5,2,happy,0.027863979898393156,0.023752697557210923,0.8439234375953675,0.011228636000305414,0.023250271659344436,0.0178347397595644,0.013638848252594472,0.038507430255413054,1,1,1,complete
01-03-02-01-02-24,02-01-03-02-01-02-24,02-01-03-02-01-02-24,data/raw/ravdess/video_speech/Video_Speech_Actor_24/Actor_24/02-01-03-02-01-02-24.mp4,24,test,03,2,happy,02,01,02,02-01-03-02-01-02-24,canonical_02,/home/tonyhe/ravdess_avfusion/external/video_face_branch/early_fusion_facial_v2/fusion_pack_5f/sequences/02-01-03-02-01-02-24.npy,5,2048,02-01-03-02-01-02-24,canonical_02,5,2,happy,0.020713279210031032,0.031728947348892686,0.7279583871364593,0.010779017489403487,0.01819951757788658,0.012240552064031362,0.015244770236313343,0.16313552279025317,1,1,1,complete
01-03-02-02-01-24,02-01-03-02-02-01-24,02-01-03-02-02-01-24,data/raw/ravdess/video_speech/Video_Speech_Actor_24/Actor_24/02-01-03-02-02-01-24.mp4,24,test,03,2,happy,02,02,01,02-01-03-02-02-01-24,canonical_02,/home/tonyhe/ravdess_avfusion/external/video_face_branch/early_fusion_facial_v2/fusion_pack_5f/sequences/02-01-03-02-02-01-24.npy,5,2048,02-01-03-02-02-01-24,canonical_02,5,2,happy,0.027872907742857934,0.016799711156636477,0.8540615320205689,0.007190938945859671,0.019742311630398034,0.02405786495655775,0.01339556286111474,0.036879197135567664,1,1,1,complete
01-03-02-02-02-24,02-01-03-02-02-02-24,02-01-03-02-02-02-24,data/raw/ravdess/video_speech/Video_Speech_Actor_24/Actor_24/02-01-03-02-02-02-24.mp4,24,test,03,2,happy,02,02,02,02-01-03-02-02-02-24,canonical_02,/home/tonyhe/ravdess_avfusion/external/video_face_branch/early_fusion_facial_v2/fusion_pack_5f/sequences/02-01-03-02-02-02-24.npy,5,2048,02-01-03-02-02-02-24,canonical_02,5,2,happy,0.032633424177765845,0.056110629625618455,0.6869748488068581,0.012812896259129047,0.02105139922350645,0.05533739607781172,0.020640635676681996,0.11443878710269928,1,1,1,complete
01-04-01-01-01-24,02-01-04-01-01-01-24,02-01-04-01-01-01-24,data/raw/ravdess/video_speech/Video_Speech_Actor_24/Actor_24/02-01-04-01-01-01-24.mp4,24,test,04,3,sad,01,01,01,02-01-04-01-01-01-24,canonical_02,/home/tonyhe/ravdess_avfusion/external/video_face_branch/early_fusion_facial_v2/fusion_pack_5f/sequences/02-01-04-01-01-01-24.npy,5,2048,02-01-04-01-01-01-24,canonical_02,5,3,sad,0.034308914095163345,0.317594613134861,0.03132548406720161,0.403247258067131,0.0628739831969142,0.011498946696519852,0.04030514471232891,0.09884564056992531,1,1,1,complete
01-04-01-01-02-24,02-01-04-01-01-02-24,02-01-04-01-01-02-24,data/raw/ravdess/video_speech/Video_Speech_Actor_24/Actor_24/02-01-04-01-01-02-24.mp4,24,test,04,3,sad,01,01,02,02-01-04-01-01-02-24,canonical_02,/home/tonyhe/ravdess_avfusion/external/video_face_branch/early_fusion_facial_v2/fusion_pack_5f/sequences/02-01-04-01-01-02-24.npy,5,2048,02-01-04-01-01-02-24,canonical_02,5,3,sad,0.03373104054480791,0.05137205347418785,0.03198556900024414,0.7035484433174133,0.03205884210765362,0.016981312073767185,0.03846625871956348,0.09185648784041404,1,1,1,complete
01-04-01-02-01-24,02-01-04-01-02-01-24,02-01-04-01-02-01-24,data/raw/ravdess/video_speech/Video_Speech_Actor_24/Actor_24/02-01-04-01-02-01-24.mp4,24,test,04,3,sad,01,02,01,02-01-04-01-02-01-24,canonical_02,/home/tonyhe/ravdess_avfusion/external/video_face_branch/early_fusion_facial_v2/fusion_pack_5f/sequences/02-01-04-01-02-01-24.npy,5,2048,02-01-04-01-02-01-24,canonical_02,5,3,sad,0.02886655032634735,0.03441809304058552,0.026976623013615607,0.8194550275802612,0.02350254952907562,0.014084230922162534,0.01602980587631464,0.03666712455451489,1,1,1,complete
01-04-01-02-02-24,02-01-04-01-02-02-24,02-01-04-01-02-02-24,data/raw/ravdess/video_speech/Video_Speech_Actor_24/Actor_24/02-01-04-01-02-02-24.mp4,24,test,04,3,sad,01,02,02,02-01-04-01-02-02-24,canonical_02,/home/tonyhe/ravdess_avfusion/external/video_face_branch/early_fusion_facial_v2/fusion_pack_5f/sequences/02-01-04-01-02-02-24.npy,5,2048,02-01-04-01-02-02-24,canonical_02,5,3,sad,0.05039447844028473,0.35759309157729147,0.04679432176053524,0.3832461103796959,0.0875115565955639,0.022133228927850725,0.022312410362064838,0.030014794692397116,1,1,1,complete
01-04-02-01-01-24,02-01-04-02-01-01-24,02-01-04-02-01-01-24,data/raw/ravdess/video_speech/Video_Speech_Actor_24/Actor_24/02-01-04-02-01-01-24.mp4,24,test,04,3,sad,02,01,01,02-01-04-02-01-01-24,canonical_02,/home/tonyhe/ravdess_avfusion/external/video_face_branch/early_fusion_facial_v2/fusion_pack_5f/sequences/02-01-04-02-01-01-24.npy,5,2048,02-01-04-02-01-01-24,canonical_02,5,3,sad,0.04361491110175848,0.041734111681580546,0.020870214514434337,0.6805544018745422,0.02944823931902647,0.021243037190288305,0.10528319105505943,0.057251892425119875,1,1,1,complete
01-04-02-01-02-24,02-01-04-02-01-02-24,02-01-04-02-01-02-24,data/raw/ravdess/video_speech/Video_Speech_Actor_24/Actor_24/02-01-04-02-01-02-24.mp4,24,test,04,3,sad,02,01,02,02-01-04-02-01-02-24,canonical_02,/home/tonyhe/ravdess_avfusion/external/video_face_branch/early_fusion_facial_v2/fusion_pack_5f/sequences/02-01-04-02-01-02-24.npy,5,2048,02-01-04-02-01-02-24,canonical_02,5,3,sad,0.03347432129085064,0.06967576369643211,0.02766384929418564,0.5732126653194427,0.14292687978595495,0.04928840370848775,0.036344293132424356,0.0674138106405735,1,1,1,complete
01-04-02-02-01-24,02-01-04-02-02-01-24,02-01-04-02-02-01-24,data/raw/ravdess/video_speech/Video_Speech_Actor_24/Actor_24/02-01-04-02-02-01-24.mp4,24,test,04,3,sad,02,02,01,02-01-04-02-02-01-24,canonical_02,/home/tonyhe/ravdess_avfusion/external/video_face_branch/early_fusion_facial_v2/fusion_pack_5f/sequences/02-01-04-02-02-01-24.npy,5,2048,02-01-04-02-02-01-24,canonical_02,5,3,sad,0.04373122975230217,0.06473369337618351,0.033363538794219494,0.6696587979793549,0.03574806153774261,0.028363108821213245,0.041559438407421115,0.08284210339188576,1,1,1,complete
01-04-02-02-02-24,02-01-04-02-02-02-24,02-01-04-02-02-02-24,data/raw/ravdess/video_speech/Video_Speech_Actor_24/Actor_24/02-01-04-02-02-02-24.mp4,24,test,04,3,sad,02,02,02,02-01-04-02-02-02-24,canonical_02,/home/tonyhe/ravdess_avfusion/external/video_face_branch/early_fusion_facial_v2/fusion_pack_5f/sequences/02-01-04-02-02-02-24.npy,5,2048,02-01-04-02-02-02-24,canonical_02,5,3,sad,0.03371464014053345,0.10794872157275677,0.028952064365148543,0.5640553176403046,0.08900531716644763,0.10194647498428822,0.03635264653712511,0.03802482299506664,1,1,1,complete
01-05-01-01-01-24,02-01-05-01-01-01-24,02-01-05-01-01-01-24,data/raw/ravdess/video_speech/Video_Speech_Actor_24/Actor_24/02-01-05-01-01-01-24.mp4,24,test,05,4,angry,01,01,01,02-01-05-01-01-01-24,canonical_02,/home/tonyhe/ravdess_avfusion/external/video_face_branch/early_fusion_facial_v2/fusion_pack_5f/sequences/02-01-05-01-01-01-24.npy,5,2048,02-01-05-01-01-01-24,canonical_02,5,4,angry,0.02865271531045437,0.012830084934830666,0.032182454504072665,0.012787209637463093,0.7452009677886963,0.022118473146110772,0.027948650158941747,0.11827942244708538,1,1,1,complete
01-05-01-01-02-24,02-01-05-01-01-02-24,02-01-05-01-01-02-24,data/raw/ravdess/video_speech/Video_Speech_Actor_24/Actor_24/02-01-05-01-01-02-24.mp4,24,test,05,4,angry,01,01,02,02-01-05-01-01-02-24,canonical_02,/home/tonyhe/ravdess_avfusion/external/video_face_branch/early_fusion_facial_v2/fusion_pack_5f/sequences/02-01-05-01-01-02-24.npy,5,2048,02-01-05-01-01-02-24,canonical_02,5,4,angry,0.0452751811593771,0.02421794761903584,0.024420614168047906,0.05655021006241441,0.7855470538139343,0.011347352992743254,0.017595630418509246,0.035046011116355656,1,1,1,complete
01-05-01-02-01-24,02-01-05-01-02-01-24,02-01-05-01-02-01-24,data/raw/ravdess/video_speech/Video_Speech_Actor_24/Actor_24/02-01-05-01-02-01-24.mp4,24,test,05,4,angry,01,02,01,02-01-05-01-02-01-24,canonical_02,/home/tonyhe/ravdess_avfusion/external/video_face_branch/early_fusion_facial_v2/fusion_pack_5f/sequences/02-01-05-01-02-01-24.npy,5,2048,02-01-05-01-02-01-24,canonical_02,5,4,angry,0.025925355032086372,0.025690191332250832,0.025367642752826214,0.031050114985555412,0.5938057780265809,0.02203440722078085,0.019670984521508218,0.2564555287361145,1,1,1,complete
01-05-01-02-02-24,02-01-05-01-02-02-24,02-01-05-01-02-02-24,data/raw/ravdess/video_speech/Video_Speech_Actor_24/Actor_24/02-01-05-01-02-02-24.mp4,24,test,05,4,angry,01,02,02,02-01-05-01-02-02-24,canonical_02,/home/tonyhe/ravdess_avfusion/external/video_face_branch/early_fusion_facial_v2/fusion_pack_5f/sequences/02-01-05-01-02-02-24.npy,5,2048,02-01-05-01-02-02-24,canonical_02,5,4,angry,0.02156823705881834,0.006493950728327036,0.014568823669105769,0.010464271670207382,0.8219950437545777,0.020048222364857794,0.011615230049937964,0.09324623625725507,1,1,1,complete
01-05-02-01-01-24,02-01-05-02-01-01-24,02-01-05-02-01-01-24,data/raw/ravdess/video_speech/Video_Speech_Actor_24/Actor_24/02-01-05-02-01-01-24.mp4,24,test,05,4,angry,02,01,01,02-01-05-02-01-01-24,canonical_02,/home/tonyhe/ravdess_avfusion/external/video_face_branch/early_fusion_facial_v2/fusion_pack_5f/sequences/02-01-05-02-01-01-24.npy,5,2048,02-01-05-02-01-01-24,canonical_02,5,4,angry,0.01532550435513258,0.007117588724941015,0.010912179946899414,0.0053046829998493195,0.9144357085227967,0.010403459519147873,0.010450761299580336,0.02605012971907854,1,1,1,complete
01-05-02-01-02-24,02-01-05-02-01-02-24,02-01-05-02-01-02-24,data/raw/ravdess/video_speech/Video_Speech_Actor_24/Actor_24/02-01-05-02-01-02-24.mp4,24,test,05,4,angry,02,01,02,02-01-05-02-01-02-24,canonical_02,/home/tonyhe/ravdess_avfusion/external/video_face_branch/early_fusion_facial_v2/fusion_pack_5f/sequences/02-01-05-02-01-02-24.npy,5,2048,02-01-05-02-01-02-24,canonical_02,5,4,angry,0.030274004489183427,0.012166302558034659,0.028632512129843236,0.013414844684302808,0.6139903366565704,0.022513294499367474,0.12532681925222278,0.15368191841989756,1,1,1,complete
01-05-02-02-01-24,02-01-05-02-02-01-24,02-01-05-02-02-01-24,data/raw/ravdess/video_speech/Video_Speech_Actor_24/Actor_24/02-01-05-02-02-01-24.mp4,24,test,05,4,angry,02,02,01,02-01-05-02-02-01-24,canonical_02,/home/tonyhe/ravdess_avfusion/external/video_face_branch/early_fusion_facial_v2/fusion_pack_5f/sequences/02-01-05-02-02-01-24.npy,5,2048,02-01-05-02-02-01-24,canonical_02,5,4,angry,0.019970711320638657,0.00749638732522726,0.015583840012550355,0.006379183288663626,0.8851171374320984,0.013922154903411865,0.011657935846596957,0.03987265340983868,1,1,1,complete
01-05-02-02-02-24,02-01-05-02-02-02-24,02-01-05-02-02-02-24,data/raw/ravdess/video_speech/Video_Speech_Actor_24/Actor_24/02-01-05-02-02-02-24.mp4,24,test,05,4,angry,02,02,02,02-01-05-02-02-02-24,canonical_02,/home/tonyhe/ravdess_avfusion/external/video_face_branch/early_fusion_facial_v2/fusion_pack_5f/sequences/02-01-05-02-02-02-24.npy,5,2048,02-01-05-02-02-02-24,canonical_02,5,4,angry,0.02049852944910526,0.008094456233084201,0.011997902952134609,0.007645401218906045,0.893786883354187,0.015075527038425207,0.01604832010343671,0.026852947659790516,1,1,1,complete
01-06-01-01-01-24,02-01-06-01-01-01-24,02-01-06-01-01-01-24,data/raw/ravdess/video_speech/Video_Speech_Actor_24/Actor_24/02-01-06-01-01-01-24.mp4,24,test,06,5,fearful,01,01,01,02-01-06-01-01-01-24,canonical_02,/home/tonyhe/ravdess_avfusion/external/video_face_branch/early_fusion_facial_v2/fusion_pack_5f/sequences/02-01-06-01-01-01-24.npy,5,2048,02-01-06-01-01-01-24,canonical_02,5,5,fearful,0.09597794003784657,0.01122862184420228,0.03167550340294838,0.25976590821519496,0.057515889033675195,0.28384082987904546,0.023095456324517726,0.23689984828233718,1,1,1,complete
01-06-01-01-02-24,02-01-06-01-01-02-24,02-01-06-01-01-02-24,data/raw/ravdess/video_speech/Video_Speech_Actor_24/Actor_24/02-01-06-01-01-02-24.mp4,24,test,06,5,fearful,01,01,02,02-01-06-01-01-02-24,canonical_02,/home/tonyhe/ravdess_avfusion/external/video_face_branch/early_fusion_facial_v2/fusion_pack_5f/sequences/02-01-06-01-01-02-24.npy,5,2048,02-01-06-01-01-02-24,canonical_02,5,7,surprise,0.03331031296402216,0.008768863137811422,0.01934952214360237,0.008420223044231534,0.07916735969483853,0.34574431404471395,0.013788542151451111,0.4914508521556854,1,1,1,complete
01-06-01-02-01-24,02-01-06-01-02-01-24,02-01-06-01-02-01-24,data/raw/ravdess/video_speech/Video_Speech_Actor_24/Actor_24/02-01-06-01-02-01-24.mp4,24,test,06,5,fearful,01,02,01,02-01-06-01-02-01-24,canonical_02,/home/tonyhe/ravdess_avfusion/external/video_face_branch/early_fusion_facial_v2/fusion_pack_5f/sequences/02-01-06-01-02-01-24.npy,5,2048,02-01-06-01-02-01-24,canonical_02,5,5,fearful,0.03133981302380562,0.01339191161096096,0.02303238436579704,0.09249924262985587,0.055111039057374,0.4870022669434547,0.026212550606578587,0.2714108094573021,1,1,1,complete
01-06-01-02-02-24,02-01-06-01-02-02-24,02-01-06-01-02-02-24,data/raw/ravdess/video_speech/Video_Speech_Actor_24/Actor_24/02-01-06-01-02-02-24.mp4,24,test,06,5,fearful,01,02,02,02-01-06-01-02-02-24,canonical_02,/home/tonyhe/ravdess_avfusion/external/video_face_branch/early_fusion_facial_v2/fusion_pack_5f/sequences/02-01-06-01-02-02-24.npy,5,2048,02-01-06-01-02-02-24,canonical_02,5,5,fearful,0.06520112678408622,0.018652072921395303,0.034163884818553925,0.028727932646870614,0.0825987521559,0.44285529255867007,0.023157415539026262,0.30464352369308473,1,1,1,complete
01-06-02-01-01-24,02-01-06-02-01-01-24,02-01-06-02-01-01-24,data/raw/ravdess/video_speech/Video_Speech_Actor_24/Actor_24/02-01-06-02-01-01-24.mp4,24,test,06,5,fearful,02,01,01,02-01-06-02-01-01-24,canonical_02,/home/tonyhe/ravdess_avfusion/external/video_face_branch/early_fusion_facial_v2/fusion_pack_5f/sequences/02-01-06-02-01-01-24.npy,5,2048,02-01-06-02-01-01-24,canonical_02,5,3,sad,0.09192777425050735,0.017320999316871165,0.03496946096420288,0.4143247440457344,0.21727743484079837,0.053308185562491416,0.029400551319122316,0.14147086143493653,1,1,1,complete
01-06-02-01-02-24,02-01-06-02-01-02-24,02-01-06-02-01-02-24,data/raw/ravdess/video_speech/Video_Speech_Actor_24/Actor_24/02-01-06-02-01-02-24.mp4,24,test,06,5,fearful,02,01,02,02-01-06-02-01-02-24,canonical_02,/home/tonyhe/ravdess_avfusion/external/video_face_branch/early_fusion_facial_v2/fusion_pack_5f/sequences/02-01-06-02-01-02-24.npy,5,2048,02-01-06-02-01-02-24,canonical_02,5,7,surprise,0.04406283386051655,0.010122187342494727,0.016401646845042705,0.007133470429107547,0.022769821155816317,0.21472751945257187,0.006525231059640646,0.6782572627067566,1,1,1,complete
01-06-02-02-01-24,02-01-06-02-02-01-24,02-01-06-02-02-01-24,data/raw/ravdess/video_speech/Video_Speech_Actor_24/Actor_24/02-01-06-02-02-01-24.mp4,24,test,06,5,fearful,02,02,01,02-01-06-02-02-01-24,canonical_02,/home/tonyhe/ravdess_avfusion/external/video_face_branch/early_fusion_facial_v2/fusion_pack_5f/sequences/02-01-06-02-02-01-24.npy,5,2048,02-01-06-02-02-01-24,canonical_02,5,5,fearful,0.06272493153810502,0.016116951964795588,0.2733083233237267,0.026311051100492477,0.06026327665895224,0.341484022885561,0.015061744302511216,0.20472968146204948,1,1,1,complete
01-06-02-02-02-24,02-01-06-02-02-02-24,02-01-06-02-02-02-24,data/raw/ravdess/video_speech/Video_Speech_Actor_24/Actor_24/02-01-06-02-02-02-24.mp4,24,test,06,5,fearful,02,02,02,02-01-06-02-02-02-24,canonical_02,/home/tonyhe/ravdess_avfusion/external/video_face_branch/early_fusion_facial_v2/fusion_pack_5f/sequences/02-01-06-02-02-02-24.npy,5,2048,02-01-06-02-02-02-24,canonical_02,5,7,surprise,0.05436795055866241,0.02482570633292198,0.06293514892458915,0.16001296220347286,0.20558756040409207,0.09950730614364148,0.0436134728603065,0.3491499193012714,1,1,1,complete
01-07-01-01-01-24,02-01-07-01-01-01-24,02-01-07-01-01-01-24,data/raw/ravdess/video_speech/Video_Speech_Actor_24/Actor_24/02-01-07-01-01-01-24.mp4,24,test,07,6,disgust,01,01,01,02-01-07-01-01-01-24,canonical_02,/home/tonyhe/ravdess_avfusion/external/video_face_branch/early_fusion_facial_v2/fusion_pack_5f/sequences/02-01-07-01-01-01-24.npy,5,2048,02-01-07-01-01-01-24,canonical_02,5,6,disgust,0.040507319197058675,0.04903497267514467,0.020604169555008413,0.21391782462596892,0.02396959625184536,0.023469764832407237,0.5767868772149086,0.051709464844316246,1,1,1,complete
01-07-01-01-02-24,02-01-07-01-01-02-24,02-01-07-01-01-02-24,data/raw/ravdess/video_speech/Video_Speech_Actor_24/Actor_24/02-01-07-01-01-02-24.mp4,24,test,07,6,disgust,01,01,02,02-01-07-01-01-02-24,canonical_02,/home/tonyhe/ravdess_avfusion/external/video_face_branch/early_fusion_facial_v2/fusion_pack_5f/sequences/02-01-07-01-01-02-24.npy,5,2048,02-01-07-01-01-02-24,canonical_02,5,6,disgust,0.03128997683525085,0.017616773769259454,0.0214106191881001,0.1779719214886427,0.1671383342705667,0.01493142144754529,0.5479701722040773,0.021670779632404446,1,1,1,complete
01-07-01-02-01-24,02-01-07-01-02-01-24,02-01-07-01-02-01-24,data/raw/ravdess/video_speech/Video_Speech_Actor_24/Actor_24/02-01-07-01-02-01-24.mp4,24,test,07,6,disgust,01,02,01,02-01-07-01-02-01-24,canonical_02,/home/tonyhe/ravdess_avfusion/external/video_face_branch/early_fusion_facial_v2/fusion_pack_5f/sequences/02-01-07-01-02-01-24.npy,5,2048,02-01-07-01-02-01-24,canonical_02,5,6,disgust,0.019987255707383154,0.008611865993589162,0.010763328429311514,0.016614192351698875,0.012041643541306258,0.011785033438354731,0.9008020997047425,0.019394588191062212,1,1,1,complete
01-07-01-02-02-24,02-01-07-01-02-02-24,02-01-07-01-02-02-24,data/raw/ravdess/video_speech/Video_Speech_Actor_24/Actor_24/02-01-07-01-02-02-24.mp4,24,test,07,6,disgust,01,02,02,02-01-07-01-02-02-24,canonical_02,/home/tonyhe/ravdess_avfusion/external/video_face_branch/early_fusion_facial_v2/fusion_pack_5f/sequences/02-01-07-01-02-02-24.npy,5,2048,02-01-07-01-02-02-24,canonical_02,5,6,disgust,0.0380736980587244,0.03832276184111834,0.038598159700632094,0.281261695176363,0.022252187179401518,0.011603386793285608,0.45548743605613706,0.1144006984308362,1,1,1,complete
01-07-02-01-01-24,02-01-07-02-01-01-24,02-01-07-02-01-01-24,data/raw/ravdess/video_speech/Video_Speech_Actor_24/Actor_24/02-01-07-02-01-01-24.mp4,24,test,07,6,disgust,02,01,01,02-01-07-02-01-01-24,canonical_02,/home/tonyhe/ravdess_avfusion/external/video_face_branch/early_fusion_facial_v2/fusion_pack_5f/sequences/02-01-07-02-01-01-24.npy,5,2048,02-01-07-02-01-01-24,canonical_02,5,6,disgust,0.03212037906050682,0.046295230835676195,0.01731252809986472,0.2604213964194059,0.041297830175608397,0.01383598642423749,0.5735076941549778,0.015208951570093632,1,1,1,complete
01-07-02-01-02-24,02-01-07-02-01-02-24,02-01-07-02-01-02-24,data/raw/ravdess/video_speech/Video_Speech_Actor_24/Actor_24/02-01-07-02-01-02-24.mp4,24,test,07,6,disgust,02,01,02,02-01-07-02-01-02-24,canonical_02,/home/tonyhe/ravdess_avfusion/external/video_face_branch/early_fusion_facial_v2/fusion_pack_5f/sequences/02-01-07-02-01-02-24.npy,5,2048,02-01-07-02-01-02-24,canonical_02,5,6,disgust,0.01827772129327059,0.007415077276527881,0.007061480451375246,0.019097138941287995,0.17643664134666323,0.005094148870557547,0.7595716215670109,0.0070462007075548175,1,1,1,complete
01-07-02-02-01-24,02-01-07-02-02-01-24,02-01-07-02-02-01-24,data/raw/ravdess/video_speech/Video_Speech_Actor_24/Actor_24/02-01-07-02-02-01-24.mp4,24,test,07,6,disgust,02,02,01,02-01-07-02-02-01-24,canonical_02,/home/tonyhe/ravdess_avfusion/external/video_face_branch/early_fusion_facial_v2/fusion_pack_5f/sequences/02-01-07-02-02-01-24.npy,5,2048,02-01-07-02-02-01-24,canonical_02,5,6,disgust,0.027373569458723067,0.052859599329531194,0.014932028949260712,0.15227914340794085,0.13416641065850854,0.012178680021315813,0.592029145359993,0.014181412942707538,1,1,1,complete
01-07-02-02-02-24,02-01-07-02-02-02-24,02-01-07-02-02-02-24,data/raw/ravdess/video_speech/Video_Speech_Actor_24/Actor_24/02-01-07-02-02-02-24.mp4,24,test,07,6,disgust,02,02,02,02-01-07-02-02-02-24,canonical_02,/home/tonyhe/ravdess_avfusion/external/video_face_branch/early_fusion_facial_v2/fusion_pack_5f/sequences/02-01-07-02-02-02-24.npy,5,2048,02-01-07-02-02-02-24,canonical_02,5,6,disgust,0.03142151720821858,0.01447872631251812,0.014221979584544898,0.18543918505311013,0.19365683998912572,0.030049371160566808,0.5184695318341255,0.012262833118438721,1,1,1,complete
01-08-01-01-01-24,02-01-08-01-01-01-24,02-01-08-01-01-01-24,data/raw/ravdess/video_speech/Video_Speech_Actor_24/Actor_24/02-01-08-01-01-01-24.mp4,24,test,08,7,surprise,01,01,01,02-01-08-01-01-01-24,canonical_02,/home/tonyhe/ravdess_avfusion/external/video_face_branch/early_fusion_facial_v2/fusion_pack_5f/sequences/02-01-08-01-01-01-24.npy,5,2048,02-01-08-01-01-01-24,canonical_02,5,7,surprise,0.12553930915892125,0.020853338576853276,0.20057710222899913,0.02551230611279607,0.07398188672959805,0.06242816802114248,0.04523228760808706,0.44587562382221224,1,1,1,complete
01-08-01-01-02-24,02-01-08-01-01-02-24,02-01-08-01-01-02-24,data/raw/ravdess/video_speech/Video_Speech_Actor_24/Actor_24/02-01-08-01-01-02-24.mp4,24,test,08,7,surprise,01,01,02,02-01-08-01-01-02-24,canonical_02,/home/tonyhe/ravdess_avfusion/external/video_face_branch/early_fusion_facial_v2/fusion_pack_5f/sequences/02-01-08-01-01-02-24.npy,5,2048,02-01-08-01-01-02-24,canonical_02,5,7,surprise,0.0387348584830761,0.03401260338723659,0.035703045688569544,0.02317369719967246,0.022965680994093417,0.38759497068822385,0.016116760764271022,0.44169835150241854,1,1,1,complete
01-08-01-02-01-24,02-01-08-01-02-01-24,02-01-08-01-02-01-24,data/raw/ravdess/video_speech/Video_Speech_Actor_24/Actor_24/02-01-08-01-02-01-24.mp4,24,test,08,7,surprise,01,02,01,02-01-08-01-02-01-24,canonical_02,/home/tonyhe/ravdess_avfusion/external/video_face_branch/early_fusion_facial_v2/fusion_pack_5f/sequences/02-01-08-01-02-01-24.npy,5,2048,02-01-08-01-02-01-24,canonical_02,5,7,surprise,0.03674116525799036,0.01875926898792386,0.027058852836489677,0.09953537858091295,0.32201162066776307,0.05306012080982327,0.04329033927060664,0.39954323321580887,1,1,1,complete
01-08-01-02-02-24,02-01-08-01-02-02-24,02-01-08-01-02-02-24,data/raw/ravdess/video_speech/Video_Speech_Actor_24/Actor_24/02-01-08-01-02-02-24.mp4,24,test,08,7,surprise,01,02,02,02-01-08-01-02-02-24,canonical_02,/home/tonyhe/ravdess_avfusion/external/video_face_branch/early_fusion_facial_v2/fusion_pack_5f/sequences/02-01-08-01-02-02-24.npy,5,2048,02-01-08-01-02-02-24,canonical_02,5,4,angry,0.03558860830962658,0.020902783051133154,0.02762215007096529,0.04851071005687117,0.4849545104429126,0.10124558843672275,0.02018921636044979,0.26098639741539953,1,1,1,complete
01-08-02-01-01-24,02-01-08-02-01-01-24,02-01-08-02-01-01-24,data/raw/ravdess/video_speech/Video_Speech_Actor_24/Actor_24/02-01-08-02-01-01-24.mp4,24,test,08,7,surprise,02,01,01,02-01-08-02-01-01-24,canonical_02,/home/tonyhe/ravdess_avfusion/external/video_face_branch/early_fusion_facial_v2/fusion_pack_5f/sequences/02-01-08-02-01-01-24.npy,5,2048,02-01-08-02-01-01-24,canonical_02,5,7,surprise,0.04377807304263115,0.021490044053643943,0.10629122499376535,0.019523255433887242,0.3199170302599669,0.09168358519673347,0.022513752989470958,0.3748030733317137,1,1,1,complete
01-08-02-01-02-24,02-01-08-02-01-02-24,02-01-08-02-01-02-24,data/raw/ravdess/video_speech/Video_Speech_Actor_24/Actor_24/02-01-08-02-01-02-24.mp4,24,test,08,7,surprise,02,01,02,02-01-08-02-01-02-24,canonical_02,/home/tonyhe/ravdess_avfusion/external/video_face_branch/early_fusion_facial_v2/fusion_pack_5f/sequences/02-01-08-02-01-02-24.npy,5,2048,02-01-08-02-01-02-24,canonical_02,5,4,angry,0.03458698261529207,0.012800631299614906,0.11239604987204074,0.015696366783231497,0.553562856093049,0.04514303412288427,0.032332750502973795,0.19348133597522973,1,1,1,complete
01-08-02-02-01-24,02-01-08-02-02-01-24,02-01-08-02-02-01-24,data/raw/ravdess/video_speech/Video_Speech_Actor_24/Actor_24/02-01-08-02-02-01-24.mp4,24,test,08,7,surprise,02,02,01,02-01-08-02-02-01-24,canonical_02,/home/tonyhe/ravdess_avfusion/external/video_face_branch/early_fusion_facial_v2/fusion_pack_5f/sequences/02-01-08-02-02-01-24.npy,5,2048,02-01-08-02-02-01-24,canonical_02,5,7,surprise,0.050265783071517946,0.05750691145658493,0.05052412748336792,0.08727092994377017,0.11326721385121345,0.2172844387590885,0.017753907851874827,0.40612669587135314,1,1,1,complete
01-08-02-02-02-24,02-01-08-02-02-02-24,02-01-08-02-02-02-24,data/raw/ravdess/video_speech/Video_Speech_Actor_24/Actor_24/02-01-08-02-02-02-24.mp4,24,test,08,7,surprise,02,02,02,02-01-08-02-02-02-24,canonical_02,/home/tonyhe/ravdess_avfusion/external/video_face_branch/early_fusion_facial_v2/fusion_pack_5f/sequences/02-01-08-02-02-02-24.npy,5,2048,02-01-08-02-02-02-24,canonical_02,5,4,angry,0.04090145565569401,0.01750332098454237,0.11242062933743,0.009257286693900824,0.4247929181903601,0.18700783122330905,0.03518368825316429,0.1729328442364931,1,1,1,complete
