av_key,sample_id,stem,wav_path,actor_id,split,emotion_code,label_id,label_name,intensity_code,statement_code,repetition_code,pred_id,pred_name,prob_neutral,prob_calm,prob_happy,prob_sad,prob_angry,prob_fearful,prob_disgust,prob_surprise,embedding_path,embedding_dim
01-01-01-01-01-01,03-01-01-01-01-01-01,03-01-01-01-01-01-01,data/raw/ravdess/audio_speech/Audio_Speech_Actors_01-24/Actor_01/03-01-01-01-01-01-01.wav,1,train,01,0,neutral,01,01,01,0,neutral,0.252645,0.115753,0.10358,0.08257,0.113358,0.097017,0.115571,0.119505,/home/tonyhe/ravdess_avfusion/external/audio_ser_speechbrain/speechbrain-develop-main/outputs/embeddings_ECAPA/train/03-01-01-01-01-01-01.npy,96
01-01-01-01-01-02,03-01-01-01-01-01-02,03-01-01-01-01-01-02,data/raw/ravdess/audio_speech/Audio_Speech_Actors_01-24/Actor_02/03-01-01-01-01-01-02.wav,2,train,01,0,neutral,01,01,01,0,neutral,0.246202,0.088789,0.103228,0.115378,0.106713,0.094592,0.101151,0.143948,/home/tonyhe/ravdess_avfusion/external/audio_ser_speechbrain/speechbrain-develop-main/outputs/embeddings_ECAPA/train/03-01-01-01-01-01-02.npy,96
01-01-01-01-01-03,03-01-01-01-01-01-03,03-01-01-01-01-01-03,data/raw/ravdess/audio_speech/Audio_Speech_Actors_01-24/Actor_03/03-01-01-01-01-01-03.wav,3,train,01,0,neutral,01,01,01,0,neutral,0.254565,0.108776,0.113323,0.145298,0.106495,0.065003,0.092363,0.114176,/home/tonyhe/ravdess_avfusion/external/audio_ser_speechbrain/speechbrain-develop-main/outputs/embeddings_ECAPA/train/03-01-01-01-01-01-03.npy,96
01-01-01-01-01-04,03-01-01-01-01-01-04,03-01-01-01-01-01-04,data/raw/ravdess/audio_speech/Audio_Speech_Actors_01-24/Actor_04/03-01-01-01-01-01-04.wav,4,train,01,0,neutral,01,01,01,0,neutral,0.261108,0.11559,0.11118,0.102648,0.113198,0.075104,0.101364,0.119809,/home/tonyhe/ravdess_avfusion/external/audio_ser_speechbrain/speechbrain-develop-main/outputs/embeddings_ECAPA/train/03-01-01-01-01-01-04.npy,96
01-01-01-01-01-05,03-01-01-01-01-01-05,03-01-01-01-01-01-05,data/raw/ravdess/audio_speech/Audio_Speech_Actors_01-24/Actor_05/03-01-01-01-01-01-05.wav,5,train,01,0,neutral,01,01,01,0,neutral,0.24198,0.153745,0.077647,0.08975,0.121354,0.100459,0.090863,0.124201,/home/tonyhe/ravdess_avfusion/external/audio_ser_speechbrain/speechbrain-develop-main/outputs/embeddings_ECAPA/train/03-01-01-01-01-01-05.npy,96
01-01-01-01-01-06,03-01-01-01-01-01-06,03-01-01-01-01-01-06,data/raw/ravdess/audio_speech/Audio_Speech_Actors_01-24/Actor_06/03-01-01-01-01-01-06.wav,6,train,01,0,neutral,01,01,01,0,neutral,0.256122,0.09099,0.120165,0.110386,0.097158,0.085227,0.126074,0.113877,/home/tonyhe/ravdess_avfusion/external/audio_ser_speechbrain/speechbrain-develop-main/outputs/embeddings_ECAPA/train/03-01-01-01-01-01-06.npy,96
01-01-01-01-01-07,03-01-01-01-01-01-07,03-01-01-01-01-01-07,data/raw/ravdess/audio_speech/Audio_Speech_Actors_01-24/Actor_07/03-01-01-01-01-01-07.wav,7,train,01,0,neutral,01,01,01,0,neutral,0.261861,0.113698,0.123926,0.094143,0.113424,0.088495,0.107835,0.096618,/home/tonyhe/ravdess_avfusion/external/audio_ser_speechbrain/speechbrain-develop-main/outputs/embeddings_ECAPA/train/03-01-01-01-01-01-07.npy,96
01-01-01-01-01-08,03-01-01-01-01-01-08,03-01-01-01-01-01-08,data/raw/ravdess/audio_speech/Audio_Speech_Actors_01-24/Actor_08/03-01-01-01-01-01-08.wav,8,train,01,0,neutral,01,01,01,0,neutral,0.236332,0.118375,0.096461,0.13428,0.091219,0.08835,0.083872,0.151112,/home/tonyhe/ravdess_avfusion/external/audio_ser_speechbrain/speechbrain-develop-main/outputs/embeddings_ECAPA/train/03-01-01-01-01-01-08.npy,96
01-01-01-01-01-09,03-01-01-01-01-01-09,03-01-01-01-01-01-09,data/raw/ravdess/audio_speech/Audio_Speech_Actors_01-24/Actor_09/03-01-01-01-01-01-09.wav,9,train,01,0,neutral,01,01,01,0,neutral,0.249092,0.119101,0.107415,0.097074,0.110945,0.102501,0.092502,0.12137,/home/tonyhe/ravdess_avfusion/external/audio_ser_speechbrain/speechbrain-develop-main/outputs/embeddings_ECAPA/train/03-01-01-01-01-01-09.npy,96
01-01-01-01-01-10,03-01-01-01-01-01-10,03-01-01-01-01-01-10,data/raw/ravdess/audio_speech/Audio_Speech_Actors_01-24/Actor_10/03-01-01-01-01-01-10.wav,10,train,01,0,neutral,01,01,01,0,neutral,0.243225,0.11604,0.113345,0.086552,0.109359,0.086038,0.116283,0.129158,/home/tonyhe/ravdess_avfusion/external/audio_ser_speechbrain/speechbrain-develop-main/outputs/embeddings_ECAPA/train/03-01-01-01-01-01-10.npy,96
01-01-01-01-01-11,03-01-01-01-01-01-11,03-01-01-01-01-01-11,data/raw/ravdess/audio_speech/Audio_Speech_Actors_01-24/Actor_11/03-01-01-01-01-01-11.wav,11,train,01,0,neutral,01,01,01,0,neutral,0.248704,0.133428,0.125703,0.090529,0.088433,0.115582,0.095274,0.102347,/home/tonyhe/ravdess_avfusion/external/audio_ser_speechbrain/speechbrain-develop-main/outputs/embeddings_ECAPA/train/03-01-01-01-01-01-11.npy,96
01-01-01-01-01-12,03-01-01-01-01-01-12,03-01-01-01-01-01-12,data/raw/ravdess/audio_speech/Audio_Speech_Actors_01-24/Actor_12/03-01-01-01-01-01-12.wav,12,train,01,0,neutral,01,01,01,0,neutral,0.256478,0.152417,0.102056,0.118828,0.090052,0.074362,0.09612,0.109686,/home/tonyhe/ravdess_avfusion/external/audio_ser_speechbrain/speechbrain-develop-main/outputs/embeddings_ECAPA/train/03-01-01-01-01-01-12.npy,96
01-01-01-01-01-13,03-01-01-01-01-01-13,03-01-01-01-01-01-13,data/raw/ravdess/audio_speech/Audio_Speech_Actors_01-24/Actor_13/03-01-01-01-01-01-13.wav,13,train,01,0,neutral,01,01,01,0,neutral,0.245786,0.152675,0.083854,0.10502,0.097431,0.077986,0.107353,0.129896,/home/tonyhe/ravdess_avfusion/external/audio_ser_speechbrain/speechbrain-develop-main/outputs/embeddings_ECAPA/train/03-01-01-01-01-01-13.npy,96
01-01-01-01-01-14,03-01-01-01-01-01-14,03-01-01-01-01-01-14,data/raw/ravdess/audio_speech/Audio_Speech_Actors_01-24/Actor_14/03-01-01-01-01-01-14.wav,14,train,01,0,neutral,01,01,01,0,neutral,0.231472,0.119247,0.089249,0.101754,0.10089,0.084205,0.105681,0.167501,/home/tonyhe/ravdess_avfusion/external/audio_ser_speechbrain/speechbrain-develop-main/outputs/embeddings_ECAPA/train/03-01-01-01-01-01-14.npy,96
01-01-01-01-01-15,03-01-01-01-01-01-15,03-01-01-01-01-01-15,data/raw/ravdess/audio_speech/Audio_Speech_Actors_01-24/Actor_15/03-01-01-01-01-01-15.wav,15,train,01,0,neutral,01,01,01,0,neutral,0.253482,0.123449,0.093698,0.117964,0.089566,0.073705,0.113587,0.134548,/home/tonyhe/ravdess_avfusion/external/audio_ser_speechbrain/speechbrain-develop-main/outputs/embeddings_ECAPA/train/03-01-01-01-01-01-15.npy,96
01-01-01-01-01-16,03-01-01-01-01-01-16,03-01-01-01-01-01-16,data/raw/ravdess/audio_speech/Audio_Speech_Actors_01-24/Actor_16/03-01-01-01-01-01-16.wav,16,train,01,0,neutral,01,01,01,0,neutral,0.258033,0.137509,0.107367,0.109205,0.096039,0.070371,0.11948,0.101996,/home/tonyhe/ravdess_avfusion/external/audio_ser_speechbrain/speechbrain-develop-main/outputs/embeddings_ECAPA/train/03-01-01-01-01-01-16.npy,96
01-01-01-01-02-01,03-01-01-01-01-02-01,03-01-01-01-01-02-01,data/raw/ravdess/audio_speech/Audio_Speech_Actors_01-24/Actor_01/03-01-01-01-01-02-01.wav,1,train,01,0,neutral,01,01,02,0,neutral,0.247938,0.091307,0.105913,0.097737,0.105657,0.098991,0.112802,0.139654,/home/tonyhe/ravdess_avfusion/external/audio_ser_speechbrain/speechbrain-develop-main/outputs/embeddings_ECAPA/train/03-01-01-01-01-02-01.npy,96
01-01-01-01-02-02,03-01-01-01-01-02-02,03-01-01-01-01-02-02,data/raw/ravdess/audio_speech/Audio_Speech_Actors_01-24/Actor_02/03-01-01-01-01-02-02.wav,2,train,01,0,neutral,01,01,02,0,neutral,0.28095,0.108843,0.095472,0.11188,0.116351,0.092358,0.096596,0.097551,/home/tonyhe/ravdess_avfusion/external/audio_ser_speechbrain/speechbrain-develop-main/outputs/embeddings_ECAPA/train/03-01-01-01-01-02-02.npy,96
01-01-01-01-02-03,03-01-01-01-01-02-03,03-01-01-01-01-02-03,data/raw/ravdess/audio_speech/Audio_Speech_Actors_01-24/Actor_03/03-01-01-01-01-02-03.wav,3,train,01,0,neutral,01,01,02,0,neutral,0.262379,0.126885,0.118868,0.101327,0.122067,0.074621,0.09793,0.095922,/home/tonyhe/ravdess_avfusion/external/audio_ser_speechbrain/speechbrain-develop-main/outputs/embeddings_ECAPA/train/03-01-01-01-01-02-03.npy,96
01-01-01-01-02-04,03-01-01-01-01-02-04,03-01-01-01-01-02-04,data/raw/ravdess/audio_speech/Audio_Speech_Actors_01-24/Actor_04/03-01-01-01-01-02-04.wav,4,train,01,0,neutral,01,01,02,0,neutral,0.267416,0.12465,0.102975,0.093077,0.101803,0.083849,0.116954,0.109277,/home/tonyhe/ravdess_avfusion/external/audio_ser_speechbrain/speechbrain-develop-main/outputs/embeddings_ECAPA/train/03-01-01-01-01-02-04.npy,96
01-01-01-01-02-05,03-01-01-01-01-02-05,03-01-01-01-01-02-05,data/raw/ravdess/audio_speech/Audio_Speech_Actors_01-24/Actor_05/03-01-01-01-01-02-05.wav,5,train,01,0,neutral,01,01,02,0,neutral,0.252821,0.133411,0.073559,0.08848,0.134687,0.094382,0.10643,0.116228,/home/tonyhe/ravdess_avfusion/external/audio_ser_speechbrain/speechbrain-develop-main/outputs/embeddings_ECAPA/train/03-01-01-01-01-02-05.npy,96
01-01-01-01-02-06,03-01-01-01-01-02-06,03-01-01-01-01-02-06,data/raw/ravdess/audio_speech/Audio_Speech_Actors_01-24/Actor_06/03-01-01-01-01-02-06.wav,6,train,01,0,neutral,01,01,02,0,neutral,0.260737,0.094092,0.120938,0.098622,0.102723,0.095265,0.120613,0.107011,/home/tonyhe/ravdess_avfusion/external/audio_ser_speechbrain/speechbrain-develop-main/outputs/embeddings_ECAPA/train/03-01-01-01-01-02-06.npy,96
01-01-01-01-02-07,03-01-01-01-01-02-07,03-01-01-01-01-02-07,data/raw/ravdess/audio_speech/Audio_Speech_Actors_01-24/Actor_07/03-01-01-01-01-02-07.wav,7,train,01,0,neutral,01,01,02,0,neutral,0.262353,0.103406,0.131597,0.100826,0.100178,0.096633,0.110399,0.094607,/home/tonyhe/ravdess_avfusion/external/audio_ser_speechbrain/speechbrain-develop-main/outputs/embeddings_ECAPA/train/03-01-01-01-01-02-07.npy,96
01-01-01-01-02-08,03-01-01-01-01-02-08,03-01-01-01-01-02-08,data/raw/ravdess/audio_speech/Audio_Speech_Actors_01-24/Actor_08/03-01-01-01-01-02-08.wav,8,train,01,0,neutral,01,01,02,0,neutral,0.261803,0.107646,0.072707,0.138724,0.105518,0.082564,0.124547,0.10649,/home/tonyhe/ravdess_avfusion/external/audio_ser_speechbrain/speechbrain-develop-main/outputs/embeddings_ECAPA/train/03-01-01-01-01-02-08.npy,96
01-01-01-01-02-09,03-01-01-01-01-02-09,03-01-01-01-01-02-09,data/raw/ravdess/audio_speech/Audio_Speech_Actors_01-24/Actor_09/03-01-01-01-01-02-09.wav,9,train,01,0,neutral,01,01,02,0,neutral,0.236388,0.140346,0.108967,0.087396,0.112431,0.085543,0.101399,0.12753,/home/tonyhe/ravdess_avfusion/external/audio_ser_speechbrain/speechbrain-develop-main/outputs/embeddings_ECAPA/train/03-01-01-01-01-02-09.npy,96
01-01-01-01-02-10,03-01-01-01-01-02-10,03-01-01-01-01-02-10,data/raw/ravdess/audio_speech/Audio_Speech_Actors_01-24/Actor_10/03-01-01-01-01-02-10.wav,10,train,01,0,neutral,01,01,02,0,neutral,0.262822,0.120519,0.098314,0.113523,0.121371,0.064386,0.122581,0.096485,/home/tonyhe/ravdess_avfusion/external/audio_ser_speechbrain/speechbrain-develop-main/outputs/embeddings_ECAPA/train/03-01-01-01-01-02-10.npy,96
01-01-01-01-02-11,03-01-01-01-01-02-11,03-01-01-01-01-02-11,data/raw/ravdess/audio_speech/Audio_Speech_Actors_01-24/Actor_11/03-01-01-01-01-02-11.wav,11,train,01,0,neutral,01,01,02,0,neutral,0.250982,0.124041,0.14206,0.105886,0.080318,0.097818,0.108884,0.090012,/home/tonyhe/ravdess_avfusion/external/audio_ser_speechbrain/speechbrain-develop-main/outputs/embeddings_ECAPA/train/03-01-01-01-01-02-11.npy,96
01-01-01-01-02-12,03-01-01-01-01-02-12,03-01-01-01-01-02-12,data/raw/ravdess/audio_speech/Audio_Speech_Actors_01-24/Actor_12/03-01-01-01-01-02-12.wav,12,train,01,0,neutral,01,01,02,0,neutral,0.263064,0.127581,0.101625,0.114335,0.08598,0.074483,0.122877,0.110057,/home/tonyhe/ravdess_avfusion/external/audio_ser_speechbrain/speechbrain-develop-main/outputs/embeddings_ECAPA/train/03-01-01-01-01-02-12.npy,96
01-01-01-01-02-13,03-01-01-01-01-02-13,03-01-01-01-01-02-13,data/raw/ravdess/audio_speech/Audio_Speech_Actors_01-24/Actor_13/03-01-01-01-01-02-13.wav,13,train,01,0,neutral,01,01,02,0,neutral,0.248096,0.125732,0.111899,0.098336,0.086282,0.078541,0.118047,0.133067,/home/tonyhe/ravdess_avfusion/external/audio_ser_speechbrain/speechbrain-develop-main/outputs/embeddings_ECAPA/train/03-01-01-01-01-02-13.npy,96
01-01-01-01-02-14,03-01-01-01-01-02-14,03-01-01-01-01-02-14,data/raw/ravdess/audio_speech/Audio_Speech_Actors_01-24/Actor_14/03-01-01-01-01-02-14.wav,14,train,01,0,neutral,01,01,02,0,neutral,0.220074,0.120368,0.106163,0.090476,0.083645,0.092811,0.119923,0.166539,/home/tonyhe/ravdess_avfusion/external/audio_ser_speechbrain/speechbrain-develop-main/outputs/embeddings_ECAPA/train/03-01-01-01-01-02-14.npy,96
01-01-01-01-02-15,03-01-01-01-01-02-15,03-01-01-01-01-02-15,data/raw/ravdess/audio_speech/Audio_Speech_Actors_01-24/Actor_15/03-01-01-01-01-02-15.wav,15,train,01,0,neutral,01,01,02,0,neutral,0.248945,0.146358,0.110703,0.137826,0.106194,0.065999,0.085506,0.098469,/home/tonyhe/ravdess_avfusion/external/audio_ser_speechbrain/speechbrain-develop-main/outputs/embeddings_ECAPA/train/03-01-01-01-01-02-15.npy,96
01-01-01-01-02-16,03-01-01-01-01-02-16,03-01-01-01-01-02-16,data/raw/ravdess/audio_speech/Audio_Speech_Actors_01-24/Actor_16/03-01-01-01-01-02-16.wav,16,train,01,0,neutral,01,01,02,0,neutral,0.254731,0.134719,0.11785,0.115192,0.090463,0.068141,0.10574,0.113163,/home/tonyhe/ravdess_avfusion/external/audio_ser_speechbrain/speechbrain-develop-main/outputs/embeddings_ECAPA/train/03-01-01-01-01-02-16.npy,96
01-01-01-02-01-01,03-01-01-01-02-01-01,03-01-01-01-02-01-01,data/raw/ravdess/audio_speech/Audio_Speech_Actors_01-24/Actor_01/03-01-01-01-02-01-01.wav,1,train,01,0,neutral,01,02,01,0,neutral,0.239536,0.120412,0.133318,0.097144,0.102514,0.087592,0.088955,0.130529,/home/tonyhe/ravdess_avfusion/external/audio_ser_speechbrain/speechbrain-develop-main/outputs/embeddings_ECAPA/train/03-01-01-01-02-01-01.npy,96
01-01-01-02-01-02,03-01-01-01-02-01-02,03-01-01-01-02-01-02,data/raw/ravdess/audio_speech/Audio_Speech_Actors_01-24/Actor_02/03-01-01-01-02-01-02.wav,2,train,01,0,neutral,01,02,01,0,neutral,0.244224,0.115017,0.119462,0.125529,0.109426,0.094108,0.073694,0.118539,/home/tonyhe/ravdess_avfusion/external/audio_ser_speechbrain/speechbrain-develop-main/outputs/embeddings_ECAPA/train/03-01-01-01-02-01-02.npy,96
01-01-01-02-01-03,03-01-01-01-02-01-03,03-01-01-01-02-01-03,data/raw/ravdess/audio_speech/Audio_Speech_Actors_01-24/Actor_03/03-01-01-01-02-01-03.wav,3,train,01,0,neutral,01,02,01,0,neutral,0.266337,0.113347,0.088958,0.130977,0.099744,0.067819,0.109213,0.123605,/home/tonyhe/ravdess_avfusion/external/audio_ser_speechbrain/speechbrain-develop-main/outputs/embeddings_ECAPA/train/03-01-01-01-02-01-03.npy,96
01-01-01-02-01-04,03-01-01-01-02-01-04,03-01-01-01-02-01-04,data/raw/ravdess/audio_speech/Audio_Speech_Actors_01-24/Actor_04/03-01-01-01-02-01-04.wav,4,train,01,0,neutral,01,02,01,0,neutral,0.245337,0.103315,0.110457,0.125779,0.078332,0.083982,0.106166,0.146633,/home/tonyhe/ravdess_avfusion/external/audio_ser_speechbrain/speechbrain-develop-main/outputs/embeddings_ECAPA/train/03-01-01-01-02-01-04.npy,96
01-01-01-02-01-05,03-01-01-01-02-01-05,03-01-01-01-02-01-05,data/raw/ravdess/audio_speech/Audio_Speech_Actors_01-24/Actor_05/03-01-01-01-02-01-05.wav,5,train,01,0,neutral,01,02,01,0,neutral,0.257485,0.111082,0.121413,0.100419,0.099247,0.085856,0.104483,0.120015,/home/tonyhe/ravdess_avfusion/external/audio_ser_speechbrain/speechbrain-develop-main/outputs/embeddings_ECAPA/train/03-01-01-01-02-01-05.npy,96
01-01-01-02-01-06,03-01-01-01-02-01-06,03-01-01-01-02-01-06,data/raw/ravdess/audio_speech/Audio_Speech_Actors_01-24/Actor_06/03-01-01-01-02-01-06.wav,6,train,01,0,neutral,01,02,01,0,neutral,0.257275,0.122026,0.139321,0.122111,0.08809,0.077374,0.106048,0.087756,/home/tonyhe/ravdess_avfusion/external/audio_ser_speechbrain/speechbrain-develop-main/outputs/embeddings_ECAPA/train/03-01-01-01-02-01-06.npy,96
01-01-01-02-01-07,03-01-01-01-02-01-07,03-01-01-01-02-01-07,data/raw/ravdess/audio_speech/Audio_Speech_Actors_01-24/Actor_07/03-01-01-01-02-01-07.wav,7,train,01,0,neutral,01,02,01,0,neutral,0.241969,0.119681,0.14119,0.088269,0.106306,0.097691,0.094806,0.110087,/home/tonyhe/ravdess_avfusion/external/audio_ser_speechbrain/speechbrain-develop-main/outputs/embeddings_ECAPA/train/03-01-01-01-02-01-07.npy,96
01-01-01-02-01-08,03-01-01-01-02-01-08,03-01-01-01-02-01-08,data/raw/ravdess/audio_speech/Audio_Speech_Actors_01-24/Actor_08/03-01-01-01-02-01-08.wav,8,train,01,0,neutral,01,02,01,0,neutral,0.265951,0.123629,0.100828,0.094345,0.097372,0.092553,0.104591,0.120731,/home/tonyhe/ravdess_avfusion/external/audio_ser_speechbrain/speechbrain-develop-main/outputs/embeddings_ECAPA/train/03-01-01-01-02-01-08.npy,96
01-01-01-02-01-09,03-01-01-01-02-01-09,03-01-01-01-02-01-09,data/raw/ravdess/audio_speech/Audio_Speech_Actors_01-24/Actor_09/03-01-01-01-02-01-09.wav,9,train,01,0,neutral,01,02,01,0,neutral,0.23142,0.105104,0.107138,0.102825,0.109318,0.067977,0.122399,0.15382,/home/tonyhe/ravdess_avfusion/external/audio_ser_speechbrain/speechbrain-develop-main/outputs/embeddings_ECAPA/train/03-01-01-01-02-01-09.npy,96
01-01-01-02-01-10,03-01-01-01-02-01-10,03-01-01-01-02-01-10,data/raw/ravdess/audio_speech/Audio_Speech_Actors_01-24/Actor_10/03-01-01-01-02-01-10.wav,10,train,01,0,neutral,01,02,01,0,neutral,0.268732,0.10656,0.119784,0.115582,0.088314,0.091789,0.11512,0.094119,/home/tonyhe/ravdess_avfusion/external/audio_ser_speechbrain/speechbrain-develop-main/outputs/embeddings_ECAPA/train/03-01-01-01-02-01-10.npy,96
01-01-01-02-01-11,03-01-01-01-02-01-11,03-01-01-01-02-01-11,data/raw/ravdess/audio_speech/Audio_Speech_Actors_01-24/Actor_11/03-01-01-01-02-01-11.wav,11,train,01,0,neutral,01,02,01,0,neutral,0.263164,0.130883,0.09837,0.086229,0.106353,0.099702,0.10134,0.113959,/home/tonyhe/ravdess_avfusion/external/audio_ser_speechbrain/speechbrain-develop-main/outputs/embeddings_ECAPA/train/03-01-01-01-02-01-11.npy,96
01-01-01-02-01-12,03-01-01-01-02-01-12,03-01-01-01-02-01-12,data/raw/ravdess/audio_speech/Audio_Speech_Actors_01-24/Actor_12/03-01-01-01-02-01-12.wav,12,train,01,0,neutral,01,02,01,0,neutral,0.269657,0.111441,0.114945,0.128932,0.091588,0.097023,0.103446,0.082969,/home/tonyhe/ravdess_avfusion/external/audio_ser_speechbrain/speechbrain-develop-main/outputs/embeddings_ECAPA/train/03-01-01-01-02-01-12.npy,96
01-01-01-02-01-13,03-01-01-01-02-01-13,03-01-01-01-02-01-13,data/raw/ravdess/audio_speech/Audio_Speech_Actors_01-24/Actor_13/03-01-01-01-02-01-13.wav,13,train,01,0,neutral,01,02,01,0,neutral,0.233972,0.144077,0.117091,0.103482,0.079366,0.076651,0.112761,0.132599,/home/tonyhe/ravdess_avfusion/external/audio_ser_speechbrain/speechbrain-develop-main/outputs/embeddings_ECAPA/train/03-01-01-01-02-01-13.npy,96
01-01-01-02-01-14,03-01-01-01-02-01-14,03-01-01-01-02-01-14,data/raw/ravdess/audio_speech/Audio_Speech_Actors_01-24/Actor_14/03-01-01-01-02-01-14.wav,14,train,01,0,neutral,01,02,01,7,surprise,0.194813,0.10854,0.102609,0.095455,0.089323,0.083281,0.125298,0.200681,/home/tonyhe/ravdess_avfusion/external/audio_ser_speechbrain/speechbrain-develop-main/outputs/embeddings_ECAPA/train/03-01-01-01-02-01-14.npy,96
01-01-01-02-01-15,03-01-01-01-02-01-15,03-01-01-01-02-01-15,data/raw/ravdess/audio_speech/Audio_Speech_Actors_01-24/Actor_15/03-01-01-01-02-01-15.wav,15,train,01,0,neutral,01,02,01,0,neutral,0.244221,0.1244,0.090031,0.120299,0.115638,0.061409,0.106264,0.137737,/home/tonyhe/ravdess_avfusion/external/audio_ser_speechbrain/speechbrain-develop-main/outputs/embeddings_ECAPA/train/03-01-01-01-02-01-15.npy,96
01-01-01-02-01-16,03-01-01-01-02-01-16,03-01-01-01-02-01-16,data/raw/ravdess/audio_speech/Audio_Speech_Actors_01-24/Actor_16/03-01-01-01-02-01-16.wav,16,train,01,0,neutral,01,02,01,0,neutral,0.266101,0.123415,0.107073,0.116311,0.091949,0.085675,0.091809,0.117666,/home/tonyhe/ravdess_avfusion/external/audio_ser_speechbrain/speechbrain-develop-main/outputs/embeddings_ECAPA/train/03-01-01-01-02-01-16.npy,96
01-01-01-02-02-01,03-01-01-01-02-02-01,03-01-01-01-02-02-01,data/raw/ravdess/audio_speech/Audio_Speech_Actors_01-24/Actor_01/03-01-01-01-02-02-01.wav,1,train,01,0,neutral,01,02,02,0,neutral,0.25249,0.116192,0.112593,0.105269,0.10927,0.103347,0.080178,0.120661,/home/tonyhe/ravdess_avfusion/external/audio_ser_speechbrain/speechbrain-develop-main/outputs/embeddings_ECAPA/train/03-01-01-01-02-02-01.npy,96
01-01-01-02-02-02,03-01-01-01-02-02-02,03-01-01-01-02-02-02,data/raw/ravdess/audio_speech/Audio_Speech_Actors_01-24/Actor_02/03-01-01-01-02-02-02.wav,2,train,01,0,neutral,01,02,02,0,neutral,0.260026,0.116941,0.114265,0.119629,0.105329,0.083056,0.080714,0.120039,/home/tonyhe/ravdess_avfusion/external/audio_ser_speechbrain/speechbrain-develop-main/outputs/embeddings_ECAPA/train/03-01-01-01-02-02-02.npy,96
01-01-01-02-02-03,03-01-01-01-02-02-03,03-01-01-01-02-02-03,data/raw/ravdess/audio_speech/Audio_Speech_Actors_01-24/Actor_03/03-01-01-01-02-02-03.wav,3,train,01,0,neutral,01,02,02,0,neutral,0.265921,0.138073,0.106548,0.115504,0.085666,0.077715,0.10251,0.108063,/home/tonyhe/ravdess_avfusion/external/audio_ser_speechbrain/speechbrain-develop-main/outputs/embeddings_ECAPA/train/03-01-01-01-02-02-03.npy,96
01-01-01-02-02-04,03-01-01-01-02-02-04,03-01-01-01-02-02-04,data/raw/ravdess/audio_speech/Audio_Speech_Actors_01-24/Actor_04/03-01-01-01-02-02-04.wav,4,train,01,0,neutral,01,02,02,0,neutral,0.243332,0.120844,0.120326,0.110376,0.081518,0.078502,0.105852,0.13925,/home/tonyhe/ravdess_avfusion/external/audio_ser_speechbrain/speechbrain-develop-main/outputs/embeddings_ECAPA/train/03-01-01-01-02-02-04.npy,96
01-01-01-02-02-05,03-01-01-01-02-02-05,03-01-01-01-02-02-05,data/raw/ravdess/audio_speech/Audio_Speech_Actors_01-24/Actor_05/03-01-01-01-02-02-05.wav,5,train,01,0,neutral,01,02,02,0,neutral,0.252388,0.129006,0.069366,0.11098,0.108897,0.096076,0.099538,0.133748,/home/tonyhe/ravdess_avfusion/external/audio_ser_speechbrain/speechbrain-develop-main/outputs/embeddings_ECAPA/train/03-01-01-01-02-02-05.npy,96
01-01-01-02-02-06,03-01-01-01-02-02-06,03-01-01-01-02-02-06,data/raw/ravdess/audio_speech/Audio_Speech_Actors_01-24/Actor_06/03-01-01-01-02-02-06.wav,6,train,01,0,neutral,01,02,02,0,neutral,0.260347,0.122224,0.124879,0.127743,0.098571,0.068117,0.104707,0.093411,/home/tonyhe/ravdess_avfusion/external/audio_ser_speechbrain/speechbrain-develop-main/outputs/embeddings_ECAPA/train/03-01-01-01-02-02-06.npy,96
01-01-01-02-02-07,03-01-01-01-02-02-07,03-01-01-01-02-02-07,data/raw/ravdess/audio_speech/Audio_Speech_Actors_01-24/Actor_07/03-01-01-01-02-02-07.wav,7,train,01,0,neutral,01,02,02,0,neutral,0.270854,0.117284,0.1124,0.092856,0.113674,0.094963,0.109347,0.088622,/home/tonyhe/ravdess_avfusion/external/audio_ser_speechbrain/speechbrain-develop-main/outputs/embeddings_ECAPA/train/03-01-01-01-02-02-07.npy,96
01-01-01-02-02-08,03-01-01-01-02-02-08,03-01-01-01-02-02-08,data/raw/ravdess/audio_speech/Audio_Speech_Actors_01-24/Actor_08/03-01-01-01-02-02-08.wav,8,train,01,0,neutral,01,02,02,0,neutral,0.260399,0.123586,0.080798,0.106351,0.112821,0.07932,0.10672,0.130004,/home/tonyhe/ravdess_avfusion/external/audio_ser_speechbrain/speechbrain-develop-main/outputs/embeddings_ECAPA/train/03-01-01-01-02-02-08.npy,96
01-01-01-02-02-09,03-01-01-01-02-02-09,03-01-01-01-02-02-09,data/raw/ravdess/audio_speech/Audio_Speech_Actors_01-24/Actor_09/03-01-01-01-02-02-09.wav,9,train,01,0,neutral,01,02,02,0,neutral,0.224362,0.110989,0.126079,0.083654,0.124691,0.083538,0.104347,0.14234,/home/tonyhe/ravdess_avfusion/external/audio_ser_speechbrain/speechbrain-develop-main/outputs/embeddings_ECAPA/train/03-01-01-01-02-02-09.npy,96
01-01-01-02-02-10,03-01-01-01-02-02-10,03-01-01-01-02-02-10,data/raw/ravdess/audio_speech/Audio_Speech_Actors_01-24/Actor_10/03-01-01-01-02-02-10.wav,10,train,01,0,neutral,01,02,02,0,neutral,0.243721,0.093237,0.12959,0.142566,0.079701,0.083865,0.121676,0.105642,/home/tonyhe/ravdess_avfusion/external/audio_ser_speechbrain/speechbrain-develop-main/outputs/embeddings_ECAPA/train/03-01-01-01-02-02-10.npy,96
01-01-01-02-02-11,03-01-01-01-02-02-11,03-01-01-01-02-02-11,data/raw/ravdess/audio_speech/Audio_Speech_Actors_01-24/Actor_11/03-01-01-01-02-02-11.wav,11,train,01,0,neutral,01,02,02,0,neutral,0.252331,0.125265,0.125342,0.082723,0.092149,0.099773,0.114168,0.108249,/home/tonyhe/ravdess_avfusion/external/audio_ser_speechbrain/speechbrain-develop-main/outputs/embeddings_ECAPA/train/03-01-01-01-02-02-11.npy,96
01-01-01-02-02-12,03-01-01-01-02-02-12,03-01-01-01-02-02-12,data/raw/ravdess/audio_speech/Audio_Speech_Actors_01-24/Actor_12/03-01-01-01-02-02-12.wav,12,train,01,0,neutral,01,02,02,0,neutral,0.237557,0.150738,0.075026,0.152901,0.091195,0.080684,0.11207,0.099829,/home/tonyhe/ravdess_avfusion/external/audio_ser_speechbrain/speechbrain-develop-main/outputs/embeddings_ECAPA/train/03-01-01-01-02-02-12.npy,96
01-01-01-02-02-13,03-01-01-01-02-02-13,03-01-01-01-02-02-13,data/raw/ravdess/audio_speech/Audio_Speech_Actors_01-24/Actor_13/03-01-01-01-02-02-13.wav,13,train,01,0,neutral,01,02,02,0,neutral,0.259352,0.129092,0.106848,0.095719,0.096823,0.088033,0.107288,0.116846,/home/tonyhe/ravdess_avfusion/external/audio_ser_speechbrain/speechbrain-develop-main/outputs/embeddings_ECAPA/train/03-01-01-01-02-02-13.npy,96
01-01-01-02-02-14,03-01-01-01-02-02-14,03-01-01-01-02-02-14,data/raw/ravdess/audio_speech/Audio_Speech_Actors_01-24/Actor_14/03-01-01-01-02-02-14.wav,14,train,01,0,neutral,01,02,02,0,neutral,0.239615,0.127572,0.102465,0.092483,0.090047,0.081401,0.12034,0.146078,/home/tonyhe/ravdess_avfusion/external/audio_ser_speechbrain/speechbrain-develop-main/outputs/embeddings_ECAPA/train/03-01-01-01-02-02-14.npy,96
01-01-01-02-02-15,03-01-01-01-02-02-15,03-01-01-01-02-02-15,data/raw/ravdess/audio_speech/Audio_Speech_Actors_01-24/Actor_15/03-01-01-01-02-02-15.wav,15,train,01,0,neutral,01,02,02,0,neutral,0.243639,0.127707,0.079192,0.131259,0.100208,0.065501,0.11171,0.140785,/home/tonyhe/ravdess_avfusion/external/audio_ser_speechbrain/speechbrain-develop-main/outputs/embeddings_ECAPA/train/03-01-01-01-02-02-15.npy,96
01-01-01-02-02-16,03-01-01-01-02-02-16,03-01-01-01-02-02-16,data/raw/ravdess/audio_speech/Audio_Speech_Actors_01-24/Actor_16/03-01-01-01-02-02-16.wav,16,train,01,0,neutral,01,02,02,0,neutral,0.245041,0.143556,0.125777,0.102584,0.087995,0.073603,0.104531,0.116913,/home/tonyhe/ravdess_avfusion/external/audio_ser_speechbrain/speechbrain-develop-main/outputs/embeddings_ECAPA/train/03-01-01-01-02-02-16.npy,96
01-02-01-01-01-01,03-01-02-01-01-01-01,03-01-02-01-01-01-01,data/raw/ravdess/audio_speech/Audio_Speech_Actors_01-24/Actor_01/03-01-02-01-01-01-01.wav,1,train,02,1,calm,01,01,01,1,calm,0.152491,0.242091,0.13579,0.102298,0.089082,0.079927,0.1103,0.088021,/home/tonyhe/ravdess_avfusion/external/audio_ser_speechbrain/speechbrain-develop-main/outputs/embeddings_ECAPA/train/03-01-02-01-01-01-01.npy,96
01-02-01-01-01-02,03-01-02-01-01-01-02,03-01-02-01-01-01-02,data/raw/ravdess/audio_speech/Audio_Speech_Actors_01-24/Actor_02/03-01-02-01-01-01-02.wav,2,train,02,1,calm,01,01,01,1,calm,0.146296,0.243756,0.149871,0.085733,0.094812,0.101857,0.084907,0.092769,/home/tonyhe/ravdess_avfusion/external/audio_ser_speechbrain/speechbrain-develop-main/outputs/embeddings_ECAPA/train/03-01-02-01-01-01-02.npy,96
01-02-01-01-01-03,03-01-02-01-01-01-03,03-01-02-01-01-01-03,data/raw/ravdess/audio_speech/Audio_Speech_Actors_01-24/Actor_03/03-01-02-01-01-01-03.wav,3,train,02,1,calm,01,01,01,1,calm,0.148014,0.248286,0.113373,0.130228,0.104936,0.074417,0.085981,0.094765,/home/tonyhe/ravdess_avfusion/external/audio_ser_speechbrain/speechbrain-develop-main/outputs/embeddings_ECAPA/train/03-01-02-01-01-01-03.npy,96
01-02-01-01-01-04,03-01-02-01-01-01-04,03-01-02-01-01-01-04,data/raw/ravdess/audio_speech/Audio_Speech_Actors_01-24/Actor_04/03-01-02-01-01-01-04.wav,4,train,02,1,calm,01,01,01,1,calm,0.143728,0.266756,0.11877,0.093184,0.11627,0.083401,0.095757,0.082135,/home/tonyhe/ravdess_avfusion/external/audio_ser_speechbrain/speechbrain-develop-main/outputs/embeddings_ECAPA/train/03-01-02-01-01-01-04.npy,96
01-02-01-01-01-05,03-01-02-01-01-01-05,03-01-02-01-01-01-05,data/raw/ravdess/audio_speech/Audio_Speech_Actors_01-24/Actor_05/03-01-02-01-01-01-05.wav,5,train,02,1,calm,01,01,01,1,calm,0.149119,0.251936,0.130013,0.08874,0.103495,0.07704,0.106954,0.092702,/home/tonyhe/ravdess_avfusion/external/audio_ser_speechbrain/speechbrain-develop-main/outputs/embeddings_ECAPA/train/03-01-02-01-01-01-05.npy,96
01-02-01-01-01-06,03-01-02-01-01-01-06,03-01-02-01-01-01-06,data/raw/ravdess/audio_speech/Audio_Speech_Actors_01-24/Actor_06/03-01-02-01-01-01-06.wav,6,train,02,1,calm,01,01,01,1,calm,0.094182,0.24945,0.111705,0.108553,0.100948,0.13873,0.115772,0.08066,/home/tonyhe/ravdess_avfusion/external/audio_ser_speechbrain/speechbrain-develop-main/outputs/embeddings_ECAPA/train/03-01-02-01-01-01-06.npy,96
01-02-01-01-01-07,03-01-02-01-01-01-07,03-01-02-01-01-01-07,data/raw/ravdess/audio_speech/Audio_Speech_Actors_01-24/Actor_07/03-01-02-01-01-01-07.wav,7,train,02,1,calm,01,01,01,1,calm,0.122748,0.258867,0.12682,0.096664,0.079892,0.103858,0.096021,0.115131,/home/tonyhe/ravdess_avfusion/external/audio_ser_speechbrain/speechbrain-develop-main/outputs/embeddings_ECAPA/train/03-01-02-01-01-01-07.npy,96
01-02-01-01-01-08,03-01-02-01-01-01-08,03-01-02-01-01-01-08,data/raw/ravdess/audio_speech/Audio_Speech_Actors_01-24/Actor_08/03-01-02-01-01-01-08.wav,8,train,02,1,calm,01,01,01,1,calm,0.135773,0.268285,0.101238,0.094288,0.098265,0.116831,0.093746,0.091575,/home/tonyhe/ravdess_avfusion/external/audio_ser_speechbrain/speechbrain-develop-main/outputs/embeddings_ECAPA/train/03-01-02-01-01-01-08.npy,96
01-02-01-01-01-09,03-01-02-01-01-01-09,03-01-02-01-01-01-09,data/raw/ravdess/audio_speech/Audio_Speech_Actors_01-24/Actor_09/03-01-02-01-01-01-09.wav,9,train,02,1,calm,01,01,01,1,calm,0.144181,0.24719,0.109783,0.071337,0.111219,0.108081,0.09129,0.11692,/home/tonyhe/ravdess_avfusion/external/audio_ser_speechbrain/speechbrain-develop-main/outputs/embeddings_ECAPA/train/03-01-02-01-01-01-09.npy,96
01-02-01-01-01-10,03-01-02-01-01-01-10,03-01-02-01-01-01-10,data/raw/ravdess/audio_speech/Audio_Speech_Actors_01-24/Actor_10/03-01-02-01-01-01-10.wav,10,train,02,1,calm,01,01,01,1,calm,0.121354,0.241182,0.152002,0.102025,0.125361,0.074505,0.099839,0.083731,/home/tonyhe/ravdess_avfusion/external/audio_ser_speechbrain/speechbrain-develop-main/outputs/embeddings_ECAPA/train/03-01-02-01-01-01-10.npy,96
01-02-01-01-01-11,03-01-02-01-01-01-11,03-01-02-01-01-01-11,data/raw/ravdess/audio_speech/Audio_Speech_Actors_01-24/Actor_11/03-01-02-01-01-01-11.wav,11,train,02,1,calm,01,01,01,1,calm,0.144134,0.264905,0.111153,0.112857,0.107529,0.106803,0.078896,0.073724,/home/tonyhe/ravdess_avfusion/external/audio_ser_speechbrain/speechbrain-develop-main/outputs/embeddings_ECAPA/train/03-01-02-01-01-01-11.npy,96
01-02-01-01-01-12,03-01-02-01-01-01-12,03-01-02-01-01-01-12,data/raw/ravdess/audio_speech/Audio_Speech_Actors_01-24/Actor_12/03-01-02-01-01-01-12.wav,12,train,02,1,calm,01,01,01,1,calm,0.120547,0.264588,0.132018,0.091471,0.109168,0.084875,0.093855,0.103478,/home/tonyhe/ravdess_avfusion/external/audio_ser_speechbrain/speechbrain-develop-main/outputs/embeddings_ECAPA/train/03-01-02-01-01-01-12.npy,96
01-02-01-01-01-13,03-01-02-01-01-01-13,03-01-02-01-01-01-13,data/raw/ravdess/audio_speech/Audio_Speech_Actors_01-24/Actor_13/03-01-02-01-01-01-13.wav,13,train,02,1,calm,01,01,01,1,calm,0.136435,0.248411,0.112895,0.104949,0.102114,0.07901,0.129755,0.086432,/home/tonyhe/ravdess_avfusion/external/audio_ser_speechbrain/speechbrain-develop-main/outputs/embeddings_ECAPA/train/03-01-02-01-01-01-13.npy,96
01-02-01-01-01-14,03-01-02-01-01-01-14,03-01-02-01-01-01-14,data/raw/ravdess/audio_speech/Audio_Speech_Actors_01-24/Actor_14/03-01-02-01-01-01-14.wav,14,train,02,1,calm,01,01,01,1,calm,0.136229,0.245876,0.142877,0.08706,0.09414,0.091219,0.090904,0.111697,/home/tonyhe/ravdess_avfusion/external/audio_ser_speechbrain/speechbrain-develop-main/outputs/embeddings_ECAPA/train/03-01-02-01-01-01-14.npy,96
01-02-01-01-01-15,03-01-02-01-01-01-15,03-01-02-01-01-01-15,data/raw/ravdess/audio_speech/Audio_Speech_Actors_01-24/Actor_15/03-01-02-01-01-01-15.wav,15,train,02,1,calm,01,01,01,1,calm,0.133634,0.264441,0.114553,0.086067,0.093407,0.087958,0.11249,0.107451,/home/tonyhe/ravdess_avfusion/external/audio_ser_speechbrain/speechbrain-develop-main/outputs/embeddings_ECAPA/train/03-01-02-01-01-01-15.npy,96
01-02-01-01-01-16,03-01-02-01-01-01-16,03-01-02-01-01-01-16,data/raw/ravdess/audio_speech/Audio_Speech_Actors_01-24/Actor_16/03-01-02-01-01-01-16.wav,16,train,02,1,calm,01,01,01,1,calm,0.127722,0.244271,0.146076,0.081743,0.099316,0.094371,0.089376,0.117125,/home/tonyhe/ravdess_avfusion/external/audio_ser_speechbrain/speechbrain-develop-main/outputs/embeddings_ECAPA/train/03-01-02-01-01-01-16.npy,96
01-02-01-01-02-01,03-01-02-01-01-02-01,03-01-02-01-01-02-01,data/raw/ravdess/audio_speech/Audio_Speech_Actors_01-24/Actor_01/03-01-02-01-01-02-01.wav,1,train,02,1,calm,01,01,02,1,calm,0.138323,0.266465,0.130181,0.094259,0.097193,0.091338,0.089845,0.092397,/home/tonyhe/ravdess_avfusion/external/audio_ser_speechbrain/speechbrain-develop-main/outputs/embeddings_ECAPA/train/03-01-02-01-01-02-01.npy,96
01-02-01-01-02-02,03-01-02-01-01-02-02,03-01-02-01-01-02-02,data/raw/ravdess/audio_speech/Audio_Speech_Actors_01-24/Actor_02/03-01-02-01-01-02-02.wav,2,train,02,1,calm,01,01,02,1,calm,0.113038,0.255969,0.137193,0.083441,0.094942,0.112715,0.089565,0.113138,/home/tonyhe/ravdess_avfusion/external/audio_ser_speechbrain/speechbrain-develop-main/outputs/embeddings_ECAPA/train/03-01-02-01-01-02-02.npy,96
01-02-01-01-02-03,03-01-02-01-01-02-03,03-01-02-01-01-02-03,data/raw/ravdess/audio_speech/Audio_Speech_Actors_01-24/Actor_03/03-01-02-01-01-02-03.wav,3,train,02,1,calm,01,01,02,1,calm,0.134147,0.265536,0.118118,0.112238,0.107281,0.083934,0.078454,0.100293,/home/tonyhe/ravdess_avfusion/external/audio_ser_speechbrain/speechbrain-develop-main/outputs/embeddings_ECAPA/train/03-01-02-01-01-02-03.npy,96
01-02-01-01-02-04,03-01-02-01-01-02-04,03-01-02-01-01-02-04,data/raw/ravdess/audio_speech/Audio_Speech_Actors_01-24/Actor_04/03-01-02-01-01-02-04.wav,4,train,02,1,calm,01,01,02,1,calm,0.108111,0.250253,0.144277,0.092541,0.11969,0.087658,0.116449,0.08102,/home/tonyhe/ravdess_avfusion/external/audio_ser_speechbrain/speechbrain-develop-main/outputs/embeddings_ECAPA/train/03-01-02-01-01-02-04.npy,96
01-02-01-01-02-05,03-01-02-01-01-02-05,03-01-02-01-01-02-05,data/raw/ravdess/audio_speech/Audio_Speech_Actors_01-24/Actor_05/03-01-02-01-01-02-05.wav,5,train,02,1,calm,01,01,02,1,calm,0.135658,0.245351,0.122636,0.094137,0.095521,0.073864,0.127289,0.105544,/home/tonyhe/ravdess_avfusion/external/audio_ser_speechbrain/speechbrain-develop-main/outputs/embeddings_ECAPA/train/03-01-02-01-01-02-05.npy,96
01-02-01-01-02-06,03-01-02-01-01-02-06,03-01-02-01-01-02-06,data/raw/ravdess/audio_speech/Audio_Speech_Actors_01-24/Actor_06/03-01-02-01-01-02-06.wav,6,train,02,1,calm,01,01,02,1,calm,0.106113,0.253242,0.124327,0.117543,0.088756,0.120282,0.106817,0.08292,/home/tonyhe/ravdess_avfusion/external/audio_ser_speechbrain/speechbrain-develop-main/outputs/embeddings_ECAPA/train/03-01-02-01-01-02-06.npy,96
01-02-01-01-02-07,03-01-02-01-01-02-07,03-01-02-01-01-02-07,data/raw/ravdess/audio_speech/Audio_Speech_Actors_01-24/Actor_07/03-01-02-01-01-02-07.wav,7,train,02,1,calm,01,01,02,1,calm,0.114628,0.268652,0.122194,0.090641,0.093595,0.103451,0.090403,0.116437,/home/tonyhe/ravdess_avfusion/external/audio_ser_speechbrain/speechbrain-develop-main/outputs/embeddings_ECAPA/train/03-01-02-01-01-02-07.npy,96
01-02-01-01-02-08,03-01-02-01-01-02-08,03-01-02-01-01-02-08,data/raw/ravdess/audio_speech/Audio_Speech_Actors_01-24/Actor_08/03-01-02-01-01-02-08.wav,8,train,02,1,calm,01,01,02,1,calm,0.116963,0.260723,0.103645,0.121509,0.098799,0.09549,0.10846,0.094411,/home/tonyhe/ravdess_avfusion/external/audio_ser_speechbrain/speechbrain-develop-main/outputs/embeddings_ECAPA/train/03-01-02-01-01-02-08.npy,96
01-02-01-01-02-09,03-01-02-01-01-02-09,03-01-02-01-01-02-09,data/raw/ravdess/audio_speech/Audio_Speech_Actors_01-24/Actor_09/03-01-02-01-01-02-09.wav,9,train,02,1,calm,01,01,02,1,calm,0.130782,0.255482,0.13301,0.075687,0.119714,0.104848,0.093078,0.087398,/home/tonyhe/ravdess_avfusion/external/audio_ser_speechbrain/speechbrain-develop-main/outputs/embeddings_ECAPA/train/03-01-02-01-01-02-09.npy,96
01-02-01-01-02-10,03-01-02-01-01-02-10,03-01-02-01-01-02-10,data/raw/ravdess/audio_speech/Audio_Speech_Actors_01-24/Actor_10/03-01-02-01-01-02-10.wav,10,train,02,1,calm,01,01,02,1,calm,0.133554,0.232494,0.1071,0.095802,0.08911,0.078249,0.138314,0.125377,/home/tonyhe/ravdess_avfusion/external/audio_ser_speechbrain/speechbrain-develop-main/outputs/embeddings_ECAPA/train/03-01-02-01-01-02-10.npy,96
01-02-01-01-02-11,03-01-02-01-01-02-11,03-01-02-01-01-02-11,data/raw/ravdess/audio_speech/Audio_Speech_Actors_01-24/Actor_11/03-01-02-01-01-02-11.wav,11,train,02,1,calm,01,01,02,1,calm,0.149679,0.259284,0.111816,0.115301,0.11116,0.106154,0.079321,0.067284,/home/tonyhe/ravdess_avfusion/external/audio_ser_speechbrain/speechbrain-develop-main/outputs/embeddings_ECAPA/train/03-01-02-01-01-02-11.npy,96
01-02-01-01-02-12,03-01-02-01-01-02-12,03-01-02-01-01-02-12,data/raw/ravdess/audio_speech/Audio_Speech_Actors_01-24/Actor_12/03-01-02-01-01-02-12.wav,12,train,02,1,calm,01,01,02,1,calm,0.134711,0.255258,0.088236,0.142888,0.099661,0.107842,0.08973,0.081673,/home/tonyhe/ravdess_avfusion/external/audio_ser_speechbrain/speechbrain-develop-main/outputs/embeddings_ECAPA/train/03-01-02-01-01-02-12.npy,96
01-02-01-01-02-13,03-01-02-01-01-02-13,03-01-02-01-01-02-13,data/raw/ravdess/audio_speech/Audio_Speech_Actors_01-24/Actor_13/03-01-02-01-01-02-13.wav,13,train,02,1,calm,01,01,02,1,calm,0.143705,0.242884,0.12178,0.087269,0.110507,0.072343,0.124711,0.096801,/home/tonyhe/ravdess_avfusion/external/audio_ser_speechbrain/speechbrain-develop-main/outputs/embeddings_ECAPA/train/03-01-02-01-01-02-13.npy,96
01-02-01-01-02-14,03-01-02-01-01-02-14,03-01-02-01-01-02-14,data/raw/ravdess/audio_speech/Audio_Speech_Actors_01-24/Actor_14/03-01-02-01-01-02-14.wav,14,train,02,1,calm,01,01,02,1,calm,0.144713,0.249882,0.115324,0.098947,0.093025,0.099756,0.088615,0.109738,/home/tonyhe/ravdess_avfusion/external/audio_ser_speechbrain/speechbrain-develop-main/outputs/embeddings_ECAPA/train/03-01-02-01-01-02-14.npy,96
01-02-01-01-02-15,03-01-02-01-01-02-15,03-01-02-01-01-02-15,data/raw/ravdess/audio_speech/Audio_Speech_Actors_01-24/Actor_15/03-01-02-01-01-02-15.wav,15,train,02,1,calm,01,01,02,1,calm,0.145083,0.253986,0.096427,0.11016,0.093551,0.081966,0.122447,0.09638,/home/tonyhe/ravdess_avfusion/external/audio_ser_speechbrain/speechbrain-develop-main/outputs/embeddings_ECAPA/train/03-01-02-01-01-02-15.npy,96
01-02-01-01-02-16,03-01-02-01-01-02-16,03-01-02-01-01-02-16,data/raw/ravdess/audio_speech/Audio_Speech_Actors_01-24/Actor_16/03-01-02-01-01-02-16.wav,16,train,02,1,calm,01,01,02,1,calm,0.14425,0.256069,0.129549,0.090911,0.104878,0.111589,0.085978,0.076777,/home/tonyhe/ravdess_avfusion/external/audio_ser_speechbrain/speechbrain-develop-main/outputs/embeddings_ECAPA/train/03-01-02-01-01-02-16.npy,96
01-02-01-02-01-01,03-01-02-01-02-01-01,03-01-02-01-02-01-01,data/raw/ravdess/audio_speech/Audio_Speech_Actors_01-24/Actor_01/03-01-02-01-02-01-01.wav,1,train,02,1,calm,01,02,01,1,calm,0.154337,0.239126,0.133397,0.085593,0.129554,0.078533,0.084798,0.094662,/home/tonyhe/ravdess_avfusion/external/audio_ser_speechbrain/speechbrain-develop-main/outputs/embeddings_ECAPA/train/03-01-02-01-02-01-01.npy,96
01-02-01-02-01-02,03-01-02-01-02-01-02,03-01-02-01-02-01-02,data/raw/ravdess/audio_speech/Audio_Speech_Actors_01-24/Actor_02/03-01-02-01-02-01-02.wav,2,train,02,1,calm,01,02,01,1,calm,0.146102,0.244054,0.132667,0.105017,0.077797,0.108811,0.089068,0.096485,/home/tonyhe/ravdess_avfusion/external/audio_ser_speechbrain/speechbrain-develop-main/outputs/embeddings_ECAPA/train/03-01-02-01-02-01-02.npy,96
01-02-01-02-01-03,03-01-02-01-02-01-03,03-01-02-01-02-01-03,data/raw/ravdess/audio_speech/Audio_Speech_Actors_01-24/Actor_03/03-01-02-01-02-01-03.wav,3,train,02,1,calm,01,02,01,1,calm,0.107978,0.249908,0.154281,0.110708,0.102351,0.086508,0.101087,0.087178,/home/tonyhe/ravdess_avfusion/external/audio_ser_speechbrain/speechbrain-develop-main/outputs/embeddings_ECAPA/train/03-01-02-01-02-01-03.npy,96
01-02-01-02-01-04,03-01-02-01-02-01-04,03-01-02-01-02-01-04,data/raw/ravdess/audio_speech/Audio_Speech_Actors_01-24/Actor_04/03-01-02-01-02-01-04.wav,4,train,02,1,calm,01,02,01,1,calm,0.142436,0.246701,0.11897,0.092269,0.10042,0.088516,0.126891,0.083796,/home/tonyhe/ravdess_avfusion/external/audio_ser_speechbrain/speechbrain-develop-main/outputs/embeddings_ECAPA/train/03-01-02-01-02-01-04.npy,96
01-02-01-02-01-05,03-01-02-01-02-01-05,03-01-02-01-02-01-05,data/raw/ravdess/audio_speech/Audio_Speech_Actors_01-24/Actor_05/03-01-02-01-02-01-05.wav,5,train,02,1,calm,01,02,01,1,calm,0.148773,0.25255,0.117952,0.097489,0.127082,0.07177,0.094282,0.090101,/home/tonyhe/ravdess_avfusion/external/audio_ser_speechbrain/speechbrain-develop-main/outputs/embeddings_ECAPA/train/03-01-02-01-02-01-05.npy,96
01-02-01-02-01-06,03-01-02-01-02-01-06,03-01-02-01-02-01-06,data/raw/ravdess/audio_speech/Audio_Speech_Actors_01-24/Actor_06/03-01-02-01-02-01-06.wav,6,train,02,1,calm,01,02,01,1,calm,0.108396,0.249768,0.129503,0.109391,0.085836,0.102377,0.116738,0.097992,/home/tonyhe/ravdess_avfusion/external/audio_ser_speechbrain/speechbrain-develop-main/outputs/embeddings_ECAPA/train/03-01-02-01-02-01-06.npy,96
01-02-01-02-01-07,03-01-02-01-02-01-07,03-01-02-01-02-01-07,data/raw/ravdess/audio_speech/Audio_Speech_Actors_01-24/Actor_07/03-01-02-01-02-01-07.wav,7,train,02,1,calm,01,02,01,1,calm,0.148898,0.258878,0.125093,0.110979,0.084556,0.086774,0.096393,0.088429,/home/tonyhe/ravdess_avfusion/external/audio_ser_speechbrain/speechbrain-develop-main/outputs/embeddings_ECAPA/train/03-01-02-01-02-01-07.npy,96
01-02-01-02-01-08,03-01-02-01-02-01-08,03-01-02-01-02-01-08,data/raw/ravdess/audio_speech/Audio_Speech_Actors_01-24/Actor_08/03-01-02-01-02-01-08.wav,8,train,02,1,calm,01,02,01,1,calm,0.123062,0.263816,0.105772,0.107929,0.09675,0.123409,0.098142,0.08112,/home/tonyhe/ravdess_avfusion/external/audio_ser_speechbrain/speechbrain-develop-main/outputs/embeddings_ECAPA/train/03-01-02-01-02-01-08.npy,96
01-02-01-02-01-09,03-01-02-01-02-01-09,03-01-02-01-02-01-09,data/raw/ravdess/audio_speech/Audio_Speech_Actors_01-24/Actor_09/03-01-02-01-02-01-09.wav,9,train,02,1,calm,01,02,01,1,calm,0.119887,0.240563,0.1039,0.067284,0.121258,0.139654,0.110436,0.097019,/home/tonyhe/ravdess_avfusion/external/audio_ser_speechbrain/speechbrain-develop-main/outputs/embeddings_ECAPA/train/03-01-02-01-02-01-09.npy,96
01-02-01-02-01-10,03-01-02-01-02-01-10,03-01-02-01-02-01-10,data/raw/ravdess/audio_speech/Audio_Speech_Actors_01-24/Actor_10/03-01-02-01-02-01-10.wav,10,train,02,1,calm,01,02,01,1,calm,0.134189,0.242248,0.147674,0.085736,0.126683,0.084664,0.100245,0.07856,/home/tonyhe/ravdess_avfusion/external/audio_ser_speechbrain/speechbrain-develop-main/outputs/embeddings_ECAPA/train/03-01-02-01-02-01-10.npy,96
01-02-01-02-01-11,03-01-02-01-02-01-11,03-01-02-01-02-01-11,data/raw/ravdess/audio_speech/Audio_Speech_Actors_01-24/Actor_11/03-01-02-01-02-01-11.wav,11,train,02,1,calm,01,02,01,1,calm,0.151533,0.255564,0.124856,0.080421,0.109888,0.101868,0.09434,0.081531,/home/tonyhe/ravdess_avfusion/external/audio_ser_speechbrain/speechbrain-develop-main/outputs/embeddings_ECAPA/train/03-01-02-01-02-01-11.npy,96
01-02-01-02-01-12,03-01-02-01-02-01-12,03-01-02-01-02-01-12,data/raw/ravdess/audio_speech/Audio_Speech_Actors_01-24/Actor_12/03-01-02-01-02-01-12.wav,12,train,02,1,calm,01,02,01,1,calm,0.134148,0.255777,0.132274,0.104286,0.088778,0.090618,0.10298,0.091139,/home/tonyhe/ravdess_avfusion/external/audio_ser_speechbrain/speechbrain-develop-main/outputs/embeddings_ECAPA/train/03-01-02-01-02-01-12.npy,96
01-02-01-02-01-13,03-01-02-01-02-01-13,03-01-02-01-02-01-13,data/raw/ravdess/audio_speech/Audio_Speech_Actors_01-24/Actor_13/03-01-02-01-02-01-13.wav,13,train,02,1,calm,01,02,01,1,calm,0.130607,0.259212,0.115554,0.098152,0.089596,0.084821,0.118223,0.103836,/home/tonyhe/ravdess_avfusion/external/audio_ser_speechbrain/speechbrain-develop-main/outputs/embeddings_ECAPA/train/03-01-02-01-02-01-13.npy,96
01-02-01-02-01-14,03-01-02-01-02-01-14,03-01-02-01-02-01-14,data/raw/ravdess/audio_speech/Audio_Speech_Actors_01-24/Actor_14/03-01-02-01-02-01-14.wav,14,train,02,1,calm,01,02,01,1,calm,0.124145,0.217998,0.12311,0.078245,0.095477,0.103627,0.107848,0.149549,/home/tonyhe/ravdess_avfusion/external/audio_ser_speechbrain/speechbrain-develop-main/outputs/embeddings_ECAPA/train/03-01-02-01-02-01-14.npy,96
01-02-01-02-01-15,03-01-02-01-02-01-15,03-01-02-01-02-01-15,data/raw/ravdess/audio_speech/Audio_Speech_Actors_01-24/Actor_15/03-01-02-01-02-01-15.wav,15,train,02,1,calm,01,02,01,1,calm,0.112472,0.25024,0.094765,0.107159,0.109814,0.097054,0.140038,0.08846,/home/tonyhe/ravdess_avfusion/external/audio_ser_speechbrain/speechbrain-develop-main/outputs/embeddings_ECAPA/train/03-01-02-01-02-01-15.npy,96
01-02-01-02-01-16,03-01-02-01-02-01-16,03-01-02-01-02-01-16,data/raw/ravdess/audio_speech/Audio_Speech_Actors_01-24/Actor_16/03-01-02-01-02-01-16.wav,16,train,02,1,calm,01,02,01,1,calm,0.140275,0.257791,0.134041,0.087881,0.095329,0.102324,0.093408,0.088953,/home/tonyhe/ravdess_avfusion/external/audio_ser_speechbrain/speechbrain-develop-main/outputs/embeddings_ECAPA/train/03-01-02-01-02-01-16.npy,96
01-02-01-02-02-01,03-01-02-01-02-02-01,03-01-02-01-02-02-01,data/raw/ravdess/audio_speech/Audio_Speech_Actors_01-24/Actor_01/03-01-02-01-02-02-01.wav,1,train,02,1,calm,01,02,02,1,calm,0.151099,0.234929,0.150726,0.079125,0.111232,0.093025,0.08781,0.092055,/home/tonyhe/ravdess_avfusion/external/audio_ser_speechbrain/speechbrain-develop-main/outputs/embeddings_ECAPA/train/03-01-02-01-02-02-01.npy,96
01-02-01-02-02-02,03-01-02-01-02-02-02,03-01-02-01-02-02-02,data/raw/ravdess/audio_speech/Audio_Speech_Actors_01-24/Actor_02/03-01-02-01-02-02-02.wav,2,train,02,1,calm,01,02,02,1,calm,0.128559,0.249474,0.144142,0.084688,0.084446,0.11175,0.098249,0.098692,/home/tonyhe/ravdess_avfusion/external/audio_ser_speechbrain/speechbrain-develop-main/outputs/embeddings_ECAPA/train/03-01-02-01-02-02-02.npy,96
01-02-01-02-02-03,03-01-02-01-02-02-03,03-01-02-01-02-02-03,data/raw/ravdess/audio_speech/Audio_Speech_Actors_01-24/Actor_03/03-01-02-01-02-02-03.wav,3,train,02,1,calm,01,02,02,1,calm,0.095936,0.274545,0.119291,0.103232,0.104584,0.10937,0.099725,0.093316,/home/tonyhe/ravdess_avfusion/external/audio_ser_speechbrain/speechbrain-develop-main/outputs/embeddings_ECAPA/train/03-01-02-01-02-02-03.npy,96
01-02-01-02-02-04,03-01-02-01-02-02-04,03-01-02-01-02-02-04,data/raw/ravdess/audio_speech/Audio_Speech_Actors_01-24/Actor_04/03-01-02-01-02-02-04.wav,4,train,02,1,calm,01,02,02,1,calm,0.138702,0.250141,0.131467,0.083717,0.105301,0.113647,0.10514,0.071885,/home/tonyhe/ravdess_avfusion/external/audio_ser_speechbrain/speechbrain-develop-main/outputs/embeddings_ECAPA/train/03-01-02-01-02-02-04.npy,96
01-02-01-02-02-05,03-01-02-01-02-02-05,03-01-02-01-02-02-05,data/raw/ravdess/audio_speech/Audio_Speech_Actors_01-24/Actor_05/03-01-02-01-02-02-05.wav,5,train,02,1,calm,01,02,02,1,calm,0.130824,0.269767,0.121932,0.086991,0.12087,0.091917,0.085859,0.091841,/home/tonyhe/ravdess_avfusion/external/audio_ser_speechbrain/speechbrain-develop-main/outputs/embeddings_ECAPA/train/03-01-02-01-02-02-05.npy,96
01-02-01-02-02-06,03-01-02-01-02-02-06,03-01-02-01-02-02-06,data/raw/ravdess/audio_speech/Audio_Speech_Actors_01-24/Actor_06/03-01-02-01-02-02-06.wav,6,train,02,1,calm,01,02,02,1,calm,0.16118,0.236605,0.099889,0.08809,0.129472,0.123074,0.092062,0.069628,/home/tonyhe/ravdess_avfusion/external/audio_ser_speechbrain/speechbrain-develop-main/outputs/embeddings_ECAPA/train/03-01-02-01-02-02-06.npy,96
01-02-01-02-02-07,03-01-02-01-02-02-07,03-01-02-01-02-02-07,data/raw/ravdess/audio_speech/Audio_Speech_Actors_01-24/Actor_07/03-01-02-01-02-02-07.wav,7,train,02,1,calm,01,02,02,1,calm,0.155252,0.231344,0.152393,0.103634,0.088486,0.075879,0.092289,0.100724,/home/tonyhe/ravdess_avfusion/external/audio_ser_speechbrain/speechbrain-develop-main/outputs/embeddings_ECAPA/train/03-01-02-01-02-02-07.npy,96
01-02-01-02-02-08,03-01-02-01-02-02-08,03-01-02-01-02-02-08,data/raw/ravdess/audio_speech/Audio_Speech_Actors_01-24/Actor_08/03-01-02-01-02-02-08.wav,8,train,02,1,calm,01,02,02,1,calm,0.141051,0.268666,0.099398,0.112419,0.09887,0.109628,0.084874,0.085095,/home/tonyhe/ravdess_avfusion/external/audio_ser_speechbrain/speechbrain-develop-main/outputs/embeddings_ECAPA/train/03-01-02-01-02-02-08.npy,96
01-02-01-02-02-09,03-01-02-01-02-02-09,03-01-02-01-02-02-09,data/raw/ravdess/audio_speech/Audio_Speech_Actors_01-24/Actor_09/03-01-02-01-02-02-09.wav,9,train,02,1,calm,01,02,02,1,calm,0.140971,0.247729,0.123558,0.078543,0.113879,0.083324,0.106985,0.105009,/home/tonyhe/ravdess_avfusion/external/audio_ser_speechbrain/speechbrain-develop-main/outputs/embeddings_ECAPA/train/03-01-02-01-02-02-09.npy,96
01-02-01-02-02-10,03-01-02-01-02-02-10,03-01-02-01-02-02-10,data/raw/ravdess/audio_speech/Audio_Speech_Actors_01-24/Actor_10/03-01-02-01-02-02-10.wav,10,train,02,1,calm,01,02,02,1,calm,0.14688,0.239049,0.116039,0.098539,0.13072,0.070694,0.106854,0.091225,/home/tonyhe/ravdess_avfusion/external/audio_ser_speechbrain/speechbrain-develop-main/outputs/embeddings_ECAPA/train/03-01-02-01-02-02-10.npy,96
01-02-01-02-02-11,03-01-02-01-02-02-11,03-01-02-01-02-02-11,data/raw/ravdess/audio_speech/Audio_Speech_Actors_01-24/Actor_11/03-01-02-01-02-02-11.wav,11,train,02,1,calm,01,02,02,1,calm,0.128591,0.266887,0.11478,0.102722,0.111939,0.083359,0.107206,0.084515,/home/tonyhe/ravdess_avfusion/external/audio_ser_speechbrain/speechbrain-develop-main/outputs/embeddings_ECAPA/train/03-01-02-01-02-02-11.npy,96
01-02-01-02-02-12,03-01-02-01-02-02-12,03-01-02-01-02-02-12,data/raw/ravdess/audio_speech/Audio_Speech_Actors_01-24/Actor_12/03-01-02-01-02-02-12.wav,12,train,02,1,calm,01,02,02,1,calm,0.14137,0.255369,0.120776,0.115621,0.087282,0.08343,0.097647,0.098506,/home/tonyhe/ravdess_avfusion/external/audio_ser_speechbrain/speechbrain-develop-main/outputs/embeddings_ECAPA/train/03-01-02-01-02-02-12.npy,96
01-02-01-02-02-13,03-01-02-01-02-02-13,03-01-02-01-02-02-13,data/raw/ravdess/audio_speech/Audio_Speech_Actors_01-24/Actor_13/03-01-02-01-02-02-13.wav,13,train,02,1,calm,01,02,02,1,calm,0.122293,0.267994,0.116248,0.096957,0.104821,0.083106,0.110241,0.09834,/home/tonyhe/ravdess_avfusion/external/audio_ser_speechbrain/speechbrain-develop-main/outputs/embeddings_ECAPA/train/03-01-02-01-02-02-13.npy,96
01-02-01-02-02-14,03-01-02-01-02-02-14,03-01-02-01-02-02-14,data/raw/ravdess/audio_speech/Audio_Speech_Actors_01-24/Actor_14/03-01-02-01-02-02-14.wav,14,train,02,1,calm,01,02,02,1,calm,0.108651,0.201095,0.145924,0.077013,0.093372,0.097565,0.111129,0.165251,/home/tonyhe/ravdess_avfusion/external/audio_ser_speechbrain/speechbrain-develop-main/outputs/embeddings_ECAPA/train/03-01-02-01-02-02-14.npy,96
01-02-01-02-02-15,03-01-02-01-02-02-15,03-01-02-01-02-02-15,data/raw/ravdess/audio_speech/Audio_Speech_Actors_01-24/Actor_15/03-01-02-01-02-02-15.wav,15,train,02,1,calm,01,02,02,1,calm,0.145414,0.250866,0.093702,0.107038,0.098378,0.077616,0.112509,0.114477,/home/tonyhe/ravdess_avfusion/external/audio_ser_speechbrain/speechbrain-develop-main/outputs/embeddings_ECAPA/train/03-01-02-01-02-02-15.npy,96
01-02-01-02-02-16,03-01-02-01-02-02-16,03-01-02-01-02-02-16,data/raw/ravdess/audio_speech/Audio_Speech_Actors_01-24/Actor_16/03-01-02-01-02-02-16.wav,16,train,02,1,calm,01,02,02,1,calm,0.138672,0.250679,0.144104,0.105151,0.091863,0.086322,0.091147,0.092061,/home/tonyhe/ravdess_avfusion/external/audio_ser_speechbrain/speechbrain-develop-main/outputs/embeddings_ECAPA/train/03-01-02-01-02-02-16.npy,96
01-02-02-01-01-01,03-01-02-02-01-01-01,03-01-02-02-01-01-01,data/raw/ravdess/audio_speech/Audio_Speech_Actors_01-24/Actor_01/03-01-02-02-01-01-01.wav,1,train,02,1,calm,02,01,01,1,calm,0.133396,0.248119,0.151183,0.088247,0.086298,0.098547,0.10169,0.092519,/home/tonyhe/ravdess_avfusion/external/audio_ser_speechbrain/speechbrain-develop-main/outputs/embeddings_ECAPA/train/03-01-02-02-01-01-01.npy,96
01-02-02-01-01-02,03-01-02-02-01-01-02,03-01-02-02-01-01-02,data/raw/ravdess/audio_speech/Audio_Speech_Actors_01-24/Actor_02/03-01-02-02-01-01-02.wav,2,train,02,1,calm,02,01,01,1,calm,0.144801,0.271837,0.102809,0.090874,0.106769,0.10087,0.084889,0.097151,/home/tonyhe/ravdess_avfusion/external/audio_ser_speechbrain/speechbrain-develop-main/outputs/embeddings_ECAPA/train/03-01-02-02-01-01-02.npy,96
01-02-02-01-01-03,03-01-02-02-01-01-03,03-01-02-02-01-01-03,data/raw/ravdess/audio_speech/Audio_Speech_Actors_01-24/Actor_03/03-01-02-02-01-01-03.wav,3,train,02,1,calm,02,01,01,1,calm,0.12662,0.253952,0.113847,0.099071,0.084594,0.104616,0.108939,0.10836,/home/tonyhe/ravdess_avfusion/external/audio_ser_speechbrain/speechbrain-develop-main/outputs/embeddings_ECAPA/train/03-01-02-02-01-01-03.npy,96
01-02-02-01-01-04,03-01-02-02-01-01-04,03-01-02-02-01-01-04,data/raw/ravdess/audio_speech/Audio_Speech_Actors_01-24/Actor_04/03-01-02-02-01-01-04.wav,4,train,02,1,calm,02,01,01,1,calm,0.1074,0.252057,0.11323,0.109317,0.106077,0.103617,0.13091,0.077393,/home/tonyhe/ravdess_avfusion/external/audio_ser_speechbrain/speechbrain-develop-main/outputs/embeddings_ECAPA/train/03-01-02-02-01-01-04.npy,96
01-02-02-01-01-05,03-01-02-02-01-01-05,03-01-02-02-01-01-05,data/raw/ravdess/audio_speech/Audio_Speech_Actors_01-24/Actor_05/03-01-02-02-01-01-05.wav,5,train,02,1,calm,02,01,01,1,calm,0.121391,0.249562,0.122074,0.080423,0.11635,0.078354,0.12681,0.105036,/home/tonyhe/ravdess_avfusion/external/audio_ser_speechbrain/speechbrain-develop-main/outputs/embeddings_ECAPA/train/03-01-02-02-01-01-05.npy,96
01-02-02-01-01-06,03-01-02-02-01-01-06,03-01-02-02-01-01-06,data/raw/ravdess/audio_speech/Audio_Speech_Actors_01-24/Actor_06/03-01-02-02-01-01-06.wav,6,train,02,1,calm,02,01,01,1,calm,0.104298,0.238966,0.120342,0.118741,0.091332,0.122534,0.127904,0.075882,/home/tonyhe/ravdess_avfusion/external/audio_ser_speechbrain/speechbrain-develop-main/outputs/embeddings_ECAPA/train/03-01-02-02-01-01-06.npy,96
01-02-02-01-01-07,03-01-02-02-01-01-07,03-01-02-02-01-01-07,data/raw/ravdess/audio_speech/Audio_Speech_Actors_01-24/Actor_07/03-01-02-02-01-01-07.wav,7,train,02,1,calm,02,01,01,1,calm,0.150334,0.218358,0.148792,0.101408,0.116129,0.104257,0.100784,0.059938,/home/tonyhe/ravdess_avfusion/external/audio_ser_speechbrain/speechbrain-develop-main/outputs/embeddings_ECAPA/train/03-01-02-02-01-01-07.npy,96
01-02-02-01-01-08,03-01-02-02-01-01-08,03-01-02-02-01-01-08,data/raw/ravdess/audio_speech/Audio_Speech_Actors_01-24/Actor_08/03-01-02-02-01-01-08.wav,8,train,02,1,calm,02,01,01,1,calm,0.123372,0.263689,0.123449,0.100392,0.104384,0.084653,0.114891,0.08517,/home/tonyhe/ravdess_avfusion/external/audio_ser_speechbrain/speechbrain-develop-main/outputs/embeddings_ECAPA/train/03-01-02-02-01-01-08.npy,96
01-02-02-01-01-09,03-01-02-02-01-01-09,03-01-02-02-01-01-09,data/raw/ravdess/audio_speech/Audio_Speech_Actors_01-24/Actor_09/03-01-02-02-01-01-09.wav,9,train,02,1,calm,02,01,01,1,calm,0.134889,0.25044,0.093469,0.120955,0.119055,0.123354,0.081005,0.076833,/home/tonyhe/ravdess_avfusion/external/audio_ser_speechbrain/speechbrain-develop-main/outputs/embeddings_ECAPA/train/03-01-02-02-01-01-09.npy,96
01-02-02-01-01-10,03-01-02-02-01-01-10,03-01-02-02-01-01-10,data/raw/ravdess/audio_speech/Audio_Speech_Actors_01-24/Actor_10/03-01-02-02-01-01-10.wav,10,train,02,1,calm,02,01,01,1,calm,0.125821,0.257829,0.101978,0.082894,0.109298,0.118744,0.117454,0.085982,/home/tonyhe/ravdess_avfusion/external/audio_ser_speechbrain/speechbrain-develop-main/outputs/embeddings_ECAPA/train/03-01-02-02-01-01-10.npy,96
01-02-02-01-01-11,03-01-02-02-01-01-11,03-01-02-02-01-01-11,data/raw/ravdess/audio_speech/Audio_Speech_Actors_01-24/Actor_11/03-01-02-02-01-01-11.wav,11,train,02,1,calm,02,01,01,1,calm,0.122361,0.260116,0.100664,0.114266,0.128308,0.088689,0.111862,0.073735,/home/tonyhe/ravdess_avfusion/external/audio_ser_speechbrain/speechbrain-develop-main/outputs/embeddings_ECAPA/train/03-01-02-02-01-01-11.npy,96
01-02-02-01-01-12,03-01-02-02-01-01-12,03-01-02-02-01-01-12,data/raw/ravdess/audio_speech/Audio_Speech_Actors_01-24/Actor_12/03-01-02-02-01-01-12.wav,12,train,02,1,calm,02,01,01,1,calm,0.148211,0.263072,0.091007,0.102761,0.096125,0.093218,0.106456,0.09915,/home/tonyhe/ravdess_avfusion/external/audio_ser_speechbrain/speechbrain-develop-main/outputs/embeddings_ECAPA/train/03-01-02-02-01-01-12.npy,96
01-02-02-01-01-13,03-01-02-02-01-01-13,03-01-02-02-01-01-13,data/raw/ravdess/audio_speech/Audio_Speech_Actors_01-24/Actor_13/03-01-02-02-01-01-13.wav,13,train,02,1,calm,02,01,01,1,calm,0.118281,0.277563,0.120598,0.087529,0.109016,0.092831,0.090214,0.103969,/home/tonyhe/ravdess_avfusion/external/audio_ser_speechbrain/speechbrain-develop-main/outputs/embeddings_ECAPA/train/03-01-02-02-01-01-13.npy,96
01-02-02-01-01-14,03-01-02-02-01-01-14,03-01-02-02-01-01-14,data/raw/ravdess/audio_speech/Audio_Speech_Actors_01-24/Actor_14/03-01-02-02-01-01-14.wav,14,train,02,1,calm,02,01,01,1,calm,0.14212,0.232655,0.100386,0.101861,0.08234,0.101515,0.119619,0.119504,/home/tonyhe/ravdess_avfusion/external/audio_ser_speechbrain/speechbrain-develop-main/outputs/embeddings_ECAPA/train/03-01-02-02-01-01-14.npy,96
01-02-02-01-01-15,03-01-02-02-01-01-15,03-01-02-02-01-01-15,data/raw/ravdess/audio_speech/Audio_Speech_Actors_01-24/Actor_15/03-01-02-02-01-01-15.wav,15,train,02,1,calm,02,01,01,1,calm,0.145651,0.253302,0.128212,0.094227,0.093458,0.08732,0.113792,0.084038,/home/tonyhe/ravdess_avfusion/external/audio_ser_speechbrain/speechbrain-develop-main/outputs/embeddings_ECAPA/train/03-01-02-02-01-01-15.npy,96
01-02-02-01-01-16,03-01-02-02-01-01-16,03-01-02-02-01-01-16,data/raw/ravdess/audio_speech/Audio_Speech_Actors_01-24/Actor_16/03-01-02-02-01-01-16.wav,16,train,02,1,calm,02,01,01,1,calm,0.121178,0.251914,0.134496,0.080834,0.107232,0.084992,0.105901,0.113452,/home/tonyhe/ravdess_avfusion/external/audio_ser_speechbrain/speechbrain-develop-main/outputs/embeddings_ECAPA/train/03-01-02-02-01-01-16.npy,96
01-02-02-01-02-01,03-01-02-02-01-02-01,03-01-02-02-01-02-01,data/raw/ravdess/audio_speech/Audio_Speech_Actors_01-24/Actor_01/03-01-02-02-01-02-01.wav,1,train,02,1,calm,02,01,02,1,calm,0.101072,0.26198,0.119041,0.103483,0.105474,0.108925,0.119649,0.080375,/home/tonyhe/ravdess_avfusion/external/audio_ser_speechbrain/speechbrain-develop-main/outputs/embeddings_ECAPA/train/03-01-02-02-01-02-01.npy,96
01-02-02-01-02-02,03-01-02-02-01-02-02,03-01-02-02-01-02-02,data/raw/ravdess/audio_speech/Audio_Speech_Actors_01-24/Actor_02/03-01-02-02-01-02-02.wav,2,train,02,1,calm,02,01,02,1,calm,0.111046,0.264634,0.132048,0.087217,0.099549,0.12475,0.085558,0.095199,/home/tonyhe/ravdess_avfusion/external/audio_ser_speechbrain/speechbrain-develop-main/outputs/embeddings_ECAPA/train/03-01-02-02-01-02-02.npy,96
01-02-02-01-02-03,03-01-02-02-01-02-03,03-01-02-02-01-02-03,data/raw/ravdess/audio_speech/Audio_Speech_Actors_01-24/Actor_03/03-01-02-02-01-02-03.wav,3,train,02,1,calm,02,01,02,1,calm,0.111204,0.261757,0.127491,0.114289,0.091552,0.109033,0.1012,0.083474,/home/tonyhe/ravdess_avfusion/external/audio_ser_speechbrain/speechbrain-develop-main/outputs/embeddings_ECAPA/train/03-01-02-02-01-02-03.npy,96
01-02-02-01-02-04,03-01-02-02-01-02-04,03-01-02-02-01-02-04,data/raw/ravdess/audio_speech/Audio_Speech_Actors_01-24/Actor_04/03-01-02-02-01-02-04.wav,4,train,02,1,calm,02,01,02,1,calm,0.124597,0.2349,0.13144,0.095416,0.134566,0.105234,0.113013,0.060833,/home/tonyhe/ravdess_avfusion/external/audio_ser_speechbrain/speechbrain-develop-main/outputs/embeddings_ECAPA/train/03-01-02-02-01-02-04.npy,96
01-02-02-01-02-05,03-01-02-02-01-02-05,03-01-02-02-01-02-05,data/raw/ravdess/audio_speech/Audio_Speech_Actors_01-24/Actor_05/03-01-02-02-01-02-05.wav,5,train,02,1,calm,02,01,02,1,calm,0.126634,0.26056,0.136519,0.094337,0.099277,0.086165,0.10756,0.088949,/home/tonyhe/ravdess_avfusion/external/audio_ser_speechbrain/speechbrain-develop-main/outputs/embeddings_ECAPA/train/03-01-02-02-01-02-05.npy,96
01-02-02-01-02-06,03-01-02-02-01-02-06,03-01-02-02-01-02-06,data/raw/ravdess/audio_speech/Audio_Speech_Actors_01-24/Actor_06/03-01-02-02-01-02-06.wav,6,train,02,1,calm,02,01,02,1,calm,0.106442,0.261186,0.133579,0.102577,0.099097,0.114935,0.107094,0.075091,/home/tonyhe/ravdess_avfusion/external/audio_ser_speechbrain/speechbrain-develop-main/outputs/embeddings_ECAPA/train/03-01-02-02-01-02-06.npy,96
01-02-02-01-02-07,03-01-02-02-01-02-07,03-01-02-02-01-02-07,data/raw/ravdess/audio_speech/Audio_Speech_Actors_01-24/Actor_07/03-01-02-02-01-02-07.wav,7,train,02,1,calm,02,01,02,1,calm,0.153826,0.213913,0.154868,0.107071,0.118754,0.085842,0.099187,0.066539,/home/tonyhe/ravdess_avfusion/external/audio_ser_speechbrain/speechbrain-develop-main/outputs/embeddings_ECAPA/train/03-01-02-02-01-02-07.npy,96
01-02-02-01-02-08,03-01-02-02-01-02-08,03-01-02-02-01-02-08,data/raw/ravdess/audio_speech/Audio_Speech_Actors_01-24/Actor_08/03-01-02-02-01-02-08.wav,8,train,02,1,calm,02,01,02,1,calm,0.122062,0.233405,0.093958,0.11571,0.103259,0.095138,0.150945,0.085523,/home/tonyhe/ravdess_avfusion/external/audio_ser_speechbrain/speechbrain-develop-main/outputs/embeddings_ECAPA/train/03-01-02-02-01-02-08.npy,96
01-02-02-01-02-09,03-01-02-02-01-02-09,03-01-02-02-01-02-09,data/raw/ravdess/audio_speech/Audio_Speech_Actors_01-24/Actor_09/03-01-02-02-01-02-09.wav,9,train,02,1,calm,02,01,02,1,calm,0.127654,0.246735,0.125371,0.118716,0.103899,0.119114,0.093152,0.065358,/home/tonyhe/ravdess_avfusion/external/audio_ser_speechbrain/speechbrain-develop-main/outputs/embeddings_ECAPA/train/03-01-02-02-01-02-09.npy,96
01-02-02-01-02-10,03-01-02-02-01-02-10,03-01-02-02-01-02-10,data/raw/ravdess/audio_speech/Audio_Speech_Actors_01-24/Actor_10/03-01-02-02-01-02-10.wav,10,train,02,1,calm,02,01,02,1,calm,0.137903,0.26052,0.114796,0.098194,0.086807,0.093505,0.113653,0.09462,/home/tonyhe/ravdess_avfusion/external/audio_ser_speechbrain/speechbrain-develop-main/outputs/embeddings_ECAPA/train/03-01-02-02-01-02-10.npy,96
01-02-02-01-02-11,03-01-02-02-01-02-11,03-01-02-02-01-02-11,data/raw/ravdess/audio_speech/Audio_Speech_Actors_01-24/Actor_11/03-01-02-02-01-02-11.wav,11,train,02,1,calm,02,01,02,1,calm,0.129195,0.275118,0.110947,0.115844,0.108391,0.090708,0.093638,0.07616,/home/tonyhe/ravdess_avfusion/external/audio_ser_speechbrain/speechbrain-develop-main/outputs/embeddings_ECAPA/train/03-01-02-02-01-02-11.npy,96
01-02-02-01-02-12,03-01-02-02-01-02-12,03-01-02-02-01-02-12,data/raw/ravdess/audio_speech/Audio_Speech_Actors_01-24/Actor_12/03-01-02-02-01-02-12.wav,12,train,02,1,calm,02,01,02,1,calm,0.148853,0.26134,0.092767,0.096151,0.131361,0.100806,0.087781,0.08094,/home/tonyhe/ravdess_avfusion/external/audio_ser_speechbrain/speechbrain-develop-main/outputs/embeddings_ECAPA/train/03-01-02-02-01-02-12.npy,96
01-02-02-01-02-13,03-01-02-02-01-02-13,03-01-02-02-01-02-13,data/raw/ravdess/audio_speech/Audio_Speech_Actors_01-24/Actor_13/03-01-02-02-01-02-13.wav,13,train,02,1,calm,02,01,02,1,calm,0.136681,0.248675,0.108652,0.073903,0.138218,0.084916,0.099189,0.109767,/home/tonyhe/ravdess_avfusion/external/audio_ser_speechbrain/speechbrain-develop-main/outputs/embeddings_ECAPA/train/03-01-02-02-01-02-13.npy,96
01-02-02-01-02-14,03-01-02-02-01-02-14,03-01-02-02-01-02-14,data/raw/ravdess/audio_speech/Audio_Speech_Actors_01-24/Actor_14/03-01-02-02-01-02-14.wav,14,train,02,1,calm,02,01,02,1,calm,0.099792,0.259613,0.096078,0.113945,0.098027,0.111409,0.099012,0.122124,/home/tonyhe/ravdess_avfusion/external/audio_ser_speechbrain/speechbrain-develop-main/outputs/embeddings_ECAPA/train/03-01-02-02-01-02-14.npy,96
01-02-02-01-02-15,03-01-02-02-01-02-15,03-01-02-02-01-02-15,data/raw/ravdess/audio_speech/Audio_Speech_Actors_01-24/Actor_15/03-01-02-02-01-02-15.wav,15,train,02,1,calm,02,01,02,1,calm,0.142379,0.250861,0.106897,0.070246,0.109493,0.090361,0.119401,0.110361,/home/tonyhe/ravdess_avfusion/external/audio_ser_speechbrain/speechbrain-develop-main/outputs/embeddings_ECAPA/train/03-01-02-02-01-02-15.npy,96
01-02-02-01-02-16,03-01-02-02-01-02-16,03-01-02-02-01-02-16,data/raw/ravdess/audio_speech/Audio_Speech_Actors_01-24/Actor_16/03-01-02-02-01-02-16.wav,16,train,02,1,calm,02,01,02,1,calm,0.118539,0.239577,0.14316,0.080289,0.115045,0.137952,0.086152,0.079286,/home/tonyhe/ravdess_avfusion/external/audio_ser_speechbrain/speechbrain-develop-main/outputs/embeddings_ECAPA/train/03-01-02-02-01-02-16.npy,96
01-02-02-02-01-01,03-01-02-02-02-01-01,03-01-02-02-02-01-01,data/raw/ravdess/audio_speech/Audio_Speech_Actors_01-24/Actor_01/03-01-02-02-02-01-01.wav,1,train,02,1,calm,02,02,01,1,calm,0.13096,0.242156,0.140629,0.088113,0.108419,0.081598,0.118794,0.089332,/home/tonyhe/ravdess_avfusion/external/audio_ser_speechbrain/speechbrain-develop-main/outputs/embeddings_ECAPA/train/03-01-02-02-02-01-01.npy,96
01-02-02-02-01-02,03-01-02-02-02-01-02,03-01-02-02-02-01-02,data/raw/ravdess/audio_speech/Audio_Speech_Actors_01-24/Actor_02/03-01-02-02-02-01-02.wav,2,train,02,1,calm,02,02,01,1,calm,0.172956,0.238905,0.114034,0.092248,0.096138,0.109349,0.10308,0.073291,/home/tonyhe/ravdess_avfusion/external/audio_ser_speechbrain/speechbrain-develop-main/outputs/embeddings_ECAPA/train/03-01-02-02-02-01-02.npy,96
01-02-02-02-01-03,03-01-02-02-02-01-03,03-01-02-02-02-01-03,data/raw/ravdess/audio_speech/Audio_Speech_Actors_01-24/Actor_03/03-01-02-02-02-01-03.wav,3,train,02,1,calm,02,02,01,1,calm,0.110793,0.260961,0.126679,0.120785,0.109348,0.096086,0.095485,0.079862,/home/tonyhe/ravdess_avfusion/external/audio_ser_speechbrain/speechbrain-develop-main/outputs/embeddings_ECAPA/train/03-01-02-02-02-01-03.npy,96
01-02-02-02-01-04,03-01-02-02-02-01-04,03-01-02-02-02-01-04,data/raw/ravdess/audio_speech/Audio_Speech_Actors_01-24/Actor_04/03-01-02-02-02-01-04.wav,4,train,02,1,calm,02,02,01,1,calm,0.104286,0.251679,0.133178,0.09265,0.111207,0.117656,0.117276,0.072069,/home/tonyhe/ravdess_avfusion/external/audio_ser_speechbrain/speechbrain-develop-main/outputs/embeddings_ECAPA/train/03-01-02-02-02-01-04.npy,96
01-02-02-02-01-05,03-01-02-02-02-01-05,03-01-02-02-02-01-05,data/raw/ravdess/audio_speech/Audio_Speech_Actors_01-24/Actor_05/03-01-02-02-02-01-05.wav,5,train,02,1,calm,02,02,01,1,calm,0.104721,0.272631,0.124518,0.091793,0.115293,0.104967,0.090595,0.095482,/home/tonyhe/ravdess_avfusion/external/audio_ser_speechbrain/speechbrain-develop-main/outputs/embeddings_ECAPA/train/03-01-02-02-02-01-05.npy,96
01-02-02-02-01-06,03-01-02-02-02-01-06,03-01-02-02-02-01-06,data/raw/ravdess/audio_speech/Audio_Speech_Actors_01-24/Actor_06/03-01-02-02-02-01-06.wav,6,train,02,1,calm,02,02,01,1,calm,0.125317,0.256713,0.120463,0.082753,0.102828,0.122968,0.112295,0.076663,/home/tonyhe/ravdess_avfusion/external/audio_ser_speechbrain/speechbrain-develop-main/outputs/embeddings_ECAPA/train/03-01-02-02-02-01-06.npy,96
01-02-02-02-01-07,03-01-02-02-02-01-07,03-01-02-02-02-01-07,data/raw/ravdess/audio_speech/Audio_Speech_Actors_01-24/Actor_07/03-01-02-02-02-01-07.wav,7,train,02,1,calm,02,02,01,1,calm,0.177642,0.212019,0.14017,0.109911,0.122878,0.083617,0.088984,0.06478,/home/tonyhe/ravdess_avfusion/external/audio_ser_speechbrain/speechbrain-develop-main/outputs/embeddings_ECAPA/train/03-01-02-02-02-01-07.npy,96
01-02-02-02-01-08,03-01-02-02-02-01-08,03-01-02-02-02-01-08,data/raw/ravdess/audio_speech/Audio_Speech_Actors_01-24/Actor_08/03-01-02-02-02-01-08.wav,8,train,02,1,calm,02,02,01,1,calm,0.121302,0.258007,0.101475,0.125296,0.116358,0.097277,0.107589,0.072696,/home/tonyhe/ravdess_avfusion/external/audio_ser_speechbrain/speechbrain-develop-main/outputs/embeddings_ECAPA/train/03-01-02-02-02-01-08.npy,96
01-02-02-02-01-09,03-01-02-02-02-01-09,03-01-02-02-02-01-09,data/raw/ravdess/audio_speech/Audio_Speech_Actors_01-24/Actor_09/03-01-02-02-02-01-09.wav,9,train,02,1,calm,02,02,01,1,calm,0.126674,0.263309,0.114567,0.085121,0.131772,0.108367,0.095811,0.074377,/home/tonyhe/ravdess_avfusion/external/audio_ser_speechbrain/speechbrain-develop-main/outputs/embeddings_ECAPA/train/03-01-02-02-02-01-09.npy,96
01-02-02-02-01-10,03-01-02-02-02-01-10,03-01-02-02-02-01-10,data/raw/ravdess/audio_speech/Audio_Speech_Actors_01-24/Actor_10/03-01-02-02-02-01-10.wav,10,train,02,1,calm,02,02,01,1,calm,0.14195,0.245461,0.117305,0.078769,0.14067,0.078926,0.092994,0.103925,/home/tonyhe/ravdess_avfusion/external/audio_ser_speechbrain/speechbrain-develop-main/outputs/embeddings_ECAPA/train/03-01-02-02-02-01-10.npy,96
01-02-02-02-01-11,03-01-02-02-02-01-11,03-01-02-02-02-01-11,data/raw/ravdess/audio_speech/Audio_Speech_Actors_01-24/Actor_11/03-01-02-02-02-01-11.wav,11,train,02,1,calm,02,02,01,1,calm,0.115378,0.269901,0.134668,0.092364,0.098712,0.102195,0.095396,0.091386,/home/tonyhe/ravdess_avfusion/external/audio_ser_speechbrain/speechbrain-develop-main/outputs/embeddings_ECAPA/train/03-01-02-02-02-01-11.npy,96
01-02-02-02-01-12,03-01-02-02-02-01-12,03-01-02-02-02-01-12,data/raw/ravdess/audio_speech/Audio_Speech_Actors_01-24/Actor_12/03-01-02-02-02-01-12.wav,12,train,02,1,calm,02,02,01,1,calm,0.119792,0.260272,0.12487,0.112595,0.080567,0.101592,0.100639,0.099674,/home/tonyhe/ravdess_avfusion/external/audio_ser_speechbrain/speechbrain-develop-main/outputs/embeddings_ECAPA/train/03-01-02-02-02-01-12.npy,96
01-02-02-02-01-13,03-01-02-02-02-01-13,03-01-02-02-02-01-13,data/raw/ravdess/audio_speech/Audio_Speech_Actors_01-24/Actor_13/03-01-02-02-02-01-13.wav,13,train,02,1,calm,02,02,01,1,calm,0.144585,0.25167,0.125119,0.09466,0.122951,0.078396,0.079861,0.102757,/home/tonyhe/ravdess_avfusion/external/audio_ser_speechbrain/speechbrain-develop-main/outputs/embeddings_ECAPA/train/03-01-02-02-02-01-13.npy,96
01-02-02-02-01-14,03-01-02-02-02-01-14,03-01-02-02-02-01-14,data/raw/ravdess/audio_speech/Audio_Speech_Actors_01-24/Actor_14/03-01-02-02-02-01-14.wav,14,train,02,1,calm,02,02,01,1,calm,0.14574,0.253676,0.118747,0.09466,0.101839,0.081004,0.107033,0.097302,/home/tonyhe/ravdess_avfusion/external/audio_ser_speechbrain/speechbrain-develop-main/outputs/embeddings_ECAPA/train/03-01-02-02-02-01-14.npy,96
01-02-02-02-01-15,03-01-02-02-02-01-15,03-01-02-02-02-01-15,data/raw/ravdess/audio_speech/Audio_Speech_Actors_01-24/Actor_15/03-01-02-02-02-01-15.wav,15,train,02,1,calm,02,02,01,1,calm,0.154197,0.234879,0.0843,0.11091,0.11101,0.067868,0.125692,0.111145,/home/tonyhe/ravdess_avfusion/external/audio_ser_speechbrain/speechbrain-develop-main/outputs/embeddings_ECAPA/train/03-01-02-02-02-01-15.npy,96
01-02-02-02-01-16,03-01-02-02-02-01-16,03-01-02-02-02-01-16,data/raw/ravdess/audio_speech/Audio_Speech_Actors_01-24/Actor_16/03-01-02-02-02-01-16.wav,16,train,02,1,calm,02,02,01,1,calm,0.126103,0.261545,0.132913,0.09264,0.086799,0.109662,0.092978,0.09736,/home/tonyhe/ravdess_avfusion/external/audio_ser_speechbrain/speechbrain-develop-main/outputs/embeddings_ECAPA/train/03-01-02-02-02-01-16.npy,96
01-02-02-02-02-01,03-01-02-02-02-02-01,03-01-02-02-02-02-01,data/raw/ravdess/audio_speech/Audio_Speech_Actors_01-24/Actor_01/03-01-02-02-02-02-01.wav,1,train,02,1,calm,02,02,02,1,calm,0.105856,0.228466,0.153345,0.103324,0.115137,0.093187,0.129651,0.071033,/home/tonyhe/ravdess_avfusion/external/audio_ser_speechbrain/speechbrain-develop-main/outputs/embeddings_ECAPA/train/03-01-02-02-02-02-01.npy,96
01-02-02-02-02-02,03-01-02-02-02-02-02,03-01-02-02-02-02-02,data/raw/ravdess/audio_speech/Audio_Speech_Actors_01-24/Actor_02/03-01-02-02-02-02-02.wav,2,train,02,1,calm,02,02,02,1,calm,0.120675,0.256759,0.101567,0.091811,0.089206,0.130829,0.111998,0.097153,/home/tonyhe/ravdess_avfusion/external/audio_ser_speechbrain/speechbrain-develop-main/outputs/embeddings_ECAPA/train/03-01-02-02-02-02-02.npy,96
01-02-02-02-02-03,03-01-02-02-02-02-03,03-01-02-02-02-02-03,data/raw/ravdess/audio_speech/Audio_Speech_Actors_01-24/Actor_03/03-01-02-02-02-02-03.wav,3,train,02,1,calm,02,02,02,1,calm,0.107023,0.257075,0.130537,0.111382,0.089283,0.092963,0.098567,0.11317,/home/tonyhe/ravdess_avfusion/external/audio_ser_speechbrain/speechbrain-develop-main/outputs/embeddings_ECAPA/train/03-01-02-02-02-02-03.npy,96
01-02-02-02-02-04,03-01-02-02-02-02-04,03-01-02-02-02-02-04,data/raw/ravdess/audio_speech/Audio_Speech_Actors_01-24/Actor_04/03-01-02-02-02-02-04.wav,4,train,02,1,calm,02,02,02,1,calm,0.11417,0.256361,0.126676,0.123604,0.109989,0.081302,0.109169,0.078728,/home/tonyhe/ravdess_avfusion/external/audio_ser_speechbrain/speechbrain-develop-main/outputs/embeddings_ECAPA/train/03-01-02-02-02-02-04.npy,96
01-02-02-02-02-05,03-01-02-02-02-02-05,03-01-02-02-02-02-05,data/raw/ravdess/audio_speech/Audio_Speech_Actors_01-24/Actor_05/03-01-02-02-02-02-05.wav,5,train,02,1,calm,02,02,02,1,calm,0.128617,0.276493,0.101195,0.113362,0.100019,0.096594,0.095073,0.088649,/home/tonyhe/ravdess_avfusion/external/audio_ser_speechbrain/speechbrain-develop-main/outputs/embeddings_ECAPA/train/03-01-02-02-02-02-05.npy,96
01-02-02-02-02-06,03-01-02-02-02-02-06,03-01-02-02-02-02-06,data/raw/ravdess/audio_speech/Audio_Speech_Actors_01-24/Actor_06/03-01-02-02-02-02-06.wav,6,train,02,1,calm,02,02,02,1,calm,0.12215,0.252244,0.135431,0.108701,0.096696,0.110636,0.106267,0.067876,/home/tonyhe/ravdess_avfusion/external/audio_ser_speechbrain/speechbrain-develop-main/outputs/embeddings_ECAPA/train/03-01-02-02-02-02-06.npy,96
01-02-02-02-02-07,03-01-02-02-02-02-07,03-01-02-02-02-02-07,data/raw/ravdess/audio_speech/Audio_Speech_Actors_01-24/Actor_07/03-01-02-02-02-02-07.wav,7,train,02,1,calm,02,02,02,1,calm,0.123115,0.266079,0.112838,0.129686,0.105587,0.102298,0.084798,0.0756,/home/tonyhe/ravdess_avfusion/external/audio_ser_speechbrain/speechbrain-develop-main/outputs/embeddings_ECAPA/train/03-01-02-02-02-02-07.npy,96
01-02-02-02-02-08,03-01-02-02-02-02-08,03-01-02-02-02-02-08,data/raw/ravdess/audio_speech/Audio_Speech_Actors_01-24/Actor_08/03-01-02-02-02-02-08.wav,8,train,02,1,calm,02,02,02,1,calm,0.09551,0.254719,0.104469,0.12754,0.10095,0.114043,0.113638,0.08913,/home/tonyhe/ravdess_avfusion/external/audio_ser_speechbrain/speechbrain-develop-main/outputs/embeddings_ECAPA/train/03-01-02-02-02-02-08.npy,96
01-02-02-02-02-09,03-01-02-02-02-02-09,03-01-02-02-02-02-09,data/raw/ravdess/audio_speech/Audio_Speech_Actors_01-24/Actor_09/03-01-02-02-02-02-09.wav,9,train,02,1,calm,02,02,02,1,calm,0.155934,0.237098,0.123318,0.082679,0.120443,0.074976,0.104824,0.100726,/home/tonyhe/ravdess_avfusion/external/audio_ser_speechbrain/speechbrain-develop-main/outputs/embeddings_ECAPA/train/03-01-02-02-02-02-09.npy,96
01-02-02-02-02-10,03-01-02-02-02-02-10,03-01-02-02-02-02-10,data/raw/ravdess/audio_speech/Audio_Speech_Actors_01-24/Actor_10/03-01-02-02-02-02-10.wav,10,train,02,1,calm,02,02,02,1,calm,0.141026,0.256215,0.094655,0.091949,0.095107,0.107681,0.090241,0.123127,/home/tonyhe/ravdess_avfusion/external/audio_ser_speechbrain/speechbrain-develop-main/outputs/embeddings_ECAPA/train/03-01-02-02-02-02-10.npy,96
01-02-02-02-02-11,03-01-02-02-02-02-11,03-01-02-02-02-02-11,data/raw/ravdess/audio_speech/Audio_Speech_Actors_01-24/Actor_11/03-01-02-02-02-02-11.wav,11,train,02,1,calm,02,02,02,1,calm,0.123412,0.274172,0.127664,0.100015,0.096733,0.104517,0.093085,0.080404,/home/tonyhe/ravdess_avfusion/external/audio_ser_speechbrain/speechbrain-develop-main/outputs/embeddings_ECAPA/train/03-01-02-02-02-02-11.npy,96
01-02-02-02-02-12,03-01-02-02-02-02-12,03-01-02-02-02-02-12,data/raw/ravdess/audio_speech/Audio_Speech_Actors_01-24/Actor_12/03-01-02-02-02-02-12.wav,12,train,02,1,calm,02,02,02,1,calm,0.096939,0.258382,0.109689,0.096649,0.119816,0.086898,0.117464,0.114162,/home/tonyhe/ravdess_avfusion/external/audio_ser_speechbrain/speechbrain-develop-main/outputs/embeddings_ECAPA/train/03-01-02-02-02-02-12.npy,96
01-02-02-02-02-13,03-01-02-02-02-02-13,03-01-02-02-02-02-13,data/raw/ravdess/audio_speech/Audio_Speech_Actors_01-24/Actor_13/03-01-02-02-02-02-13.wav,13,train,02,1,calm,02,02,02,1,calm,0.146781,0.251276,0.128432,0.083035,0.106286,0.083212,0.09409,0.106889,/home/tonyhe/ravdess_avfusion/external/audio_ser_speechbrain/speechbrain-develop-main/outputs/embeddings_ECAPA/train/03-01-02-02-02-02-13.npy,96
01-02-02-02-02-14,03-01-02-02-02-02-14,03-01-02-02-02-02-14,data/raw/ravdess/audio_speech/Audio_Speech_Actors_01-24/Actor_14/03-01-02-02-02-02-14.wav,14,train,02,1,calm,02,02,02,1,calm,0.099606,0.250371,0.114975,0.090819,0.095194,0.111776,0.125379,0.111881,/home/tonyhe/ravdess_avfusion/external/audio_ser_speechbrain/speechbrain-develop-main/outputs/embeddings_ECAPA/train/03-01-02-02-02-02-14.npy,96
01-02-02-02-02-15,03-01-02-02-02-02-15,03-01-02-02-02-02-15,data/raw/ravdess/audio_speech/Audio_Speech_Actors_01-24/Actor_15/03-01-02-02-02-02-15.wav,15,train,02,1,calm,02,02,02,1,calm,0.14212,0.252048,0.085501,0.095099,0.109917,0.092818,0.130123,0.092375,/home/tonyhe/ravdess_avfusion/external/audio_ser_speechbrain/speechbrain-develop-main/outputs/embeddings_ECAPA/train/03-01-02-02-02-02-15.npy,96
01-02-02-02-02-16,03-01-02-02-02-02-16,03-01-02-02-02-02-16,data/raw/ravdess/audio_speech/Audio_Speech_Actors_01-24/Actor_16/03-01-02-02-02-02-16.wav,16,train,02,1,calm,02,02,02,1,calm,0.129083,0.269167,0.125945,0.087325,0.096668,0.099327,0.096591,0.095894,/home/tonyhe/ravdess_avfusion/external/audio_ser_speechbrain/speechbrain-develop-main/outputs/embeddings_ECAPA/train/03-01-02-02-02-02-16.npy,96
01-03-01-01-01-01,03-01-03-01-01-01-01,03-01-03-01-01-01-01,data/raw/ravdess/audio_speech/Audio_Speech_Actors_01-24/Actor_01/03-01-03-01-01-01-01.wav,1,train,03,2,happy,01,01,01,2,happy,0.11512,0.111367,0.23343,0.082536,0.084515,0.104264,0.110989,0.157779,/home/tonyhe/ravdess_avfusion/external/audio_ser_speechbrain/speechbrain-develop-main/outputs/embeddings_ECAPA/train/03-01-03-01-01-01-01.npy,96
01-03-01-01-01-02,03-01-03-01-01-01-02,03-01-03-01-01-01-02,data/raw/ravdess/audio_speech/Audio_Speech_Actors_01-24/Actor_02/03-01-03-01-01-01-02.wav,2,train,03,2,happy,01,01,01,2,happy,0.136798,0.109784,0.238449,0.086478,0.102279,0.105191,0.092862,0.128159,/home/tonyhe/ravdess_avfusion/external/audio_ser_speechbrain/speechbrain-develop-main/outputs/embeddings_ECAPA/train/03-01-03-01-01-01-02.npy,96
01-03-01-01-01-03,03-01-03-01-01-01-03,03-01-03-01-01-01-03,data/raw/ravdess/audio_speech/Audio_Speech_Actors_01-24/Actor_03/03-01-03-01-01-01-03.wav,3,train,03,2,happy,01,01,01,2,happy,0.118973,0.103422,0.265402,0.117612,0.098426,0.099455,0.088051,0.108658,/home/tonyhe/ravdess_avfusion/external/audio_ser_speechbrain/speechbrain-develop-main/outputs/embeddings_ECAPA/train/03-01-03-01-01-01-03.npy,96
01-03-01-01-01-04,03-01-03-01-01-01-04,03-01-03-01-01-01-04,data/raw/ravdess/audio_speech/Audio_Speech_Actors_01-24/Actor_04/03-01-03-01-01-01-04.wav,4,train,03,2,happy,01,01,01,2,happy,0.12406,0.111585,0.220506,0.108544,0.084802,0.070149,0.125252,0.155104,/home/tonyhe/ravdess_avfusion/external/audio_ser_speechbrain/speechbrain-develop-main/outputs/embeddings_ECAPA/train/03-01-03-01-01-01-04.npy,96
01-03-01-01-01-05,03-01-03-01-01-01-05,03-01-03-01-01-01-05,data/raw/ravdess/audio_speech/Audio_Speech_Actors_01-24/Actor_05/03-01-03-01-01-01-05.wav,5,train,03,2,happy,01,01,01,2,happy,0.117347,0.135521,0.253402,0.106293,0.104327,0.081829,0.092694,0.108586,/home/tonyhe/ravdess_avfusion/external/audio_ser_speechbrain/speechbrain-develop-main/outputs/embeddings_ECAPA/train/03-01-03-01-01-01-05.npy,96
01-03-01-01-01-06,03-01-03-01-01-01-06,03-01-03-01-01-01-06,data/raw/ravdess/audio_speech/Audio_Speech_Actors_01-24/Actor_06/03-01-03-01-01-01-06.wav,6,train,03,2,happy,01,01,01,2,happy,0.13195,0.112438,0.249189,0.117794,0.086241,0.117237,0.09756,0.087592,/home/tonyhe/ravdess_avfusion/external/audio_ser_speechbrain/speechbrain-develop-main/outputs/embeddings_ECAPA/train/03-01-03-01-01-01-06.npy,96
01-03-01-01-01-07,03-01-03-01-01-01-07,03-01-03-01-01-01-07,data/raw/ravdess/audio_speech/Audio_Speech_Actors_01-24/Actor_07/03-01-03-01-01-01-07.wav,7,train,03,2,happy,01,01,01,2,happy,0.17486,0.126661,0.221178,0.115404,0.097955,0.088415,0.096816,0.07871,/home/tonyhe/ravdess_avfusion/external/audio_ser_speechbrain/speechbrain-develop-main/outputs/embeddings_ECAPA/train/03-01-03-01-01-01-07.npy,96
01-03-01-01-01-08,03-01-03-01-01-01-08,03-01-03-01-01-01-08,data/raw/ravdess/audio_speech/Audio_Speech_Actors_01-24/Actor_08/03-01-03-01-01-01-08.wav,8,train,03,2,happy,01,01,01,2,happy,0.140909,0.114415,0.210499,0.086831,0.08117,0.079371,0.139038,0.147767,/home/tonyhe/ravdess_avfusion/external/audio_ser_speechbrain/speechbrain-develop-main/outputs/embeddings_ECAPA/train/03-01-03-01-01-01-08.npy,96
01-03-01-01-01-09,03-01-03-01-01-01-09,03-01-03-01-01-01-09,data/raw/ravdess/audio_speech/Audio_Speech_Actors_01-24/Actor_09/03-01-03-01-01-01-09.wav,9,train,03,2,happy,01,01,01,2,happy,0.148933,0.151767,0.2245,0.110326,0.090589,0.074822,0.112415,0.086647,/home/tonyhe/ravdess_avfusion/external/audio_ser_speechbrain/speechbrain-develop-main/outputs/embeddings_ECAPA/train/03-01-03-01-01-01-09.npy,96
01-03-01-01-01-10,03-01-03-01-01-01-10,03-01-03-01-01-01-10,data/raw/ravdess/audio_speech/Audio_Speech_Actors_01-24/Actor_10/03-01-03-01-01-01-10.wav,10,train,03,2,happy,01,01,01,2,happy,0.09301,0.107798,0.249782,0.114194,0.099981,0.081875,0.113019,0.140342,/home/tonyhe/ravdess_avfusion/external/audio_ser_speechbrain/speechbrain-develop-main/outputs/embeddings_ECAPA/train/03-01-03-01-01-01-10.npy,96
01-03-01-01-01-11,03-01-03-01-01-01-11,03-01-03-01-01-01-11,data/raw/ravdess/audio_speech/Audio_Speech_Actors_01-24/Actor_11/03-01-03-01-01-01-11.wav,11,train,03,2,happy,01,01,01,2,happy,0.130462,0.115175,0.236289,0.101356,0.068328,0.112588,0.099641,0.136162,/home/tonyhe/ravdess_avfusion/external/audio_ser_speechbrain/speechbrain-develop-main/outputs/embeddings_ECAPA/train/03-01-03-01-01-01-11.npy,96
01-03-01-01-01-12,03-01-03-01-01-01-12,03-01-03-01-01-01-12,data/raw/ravdess/audio_speech/Audio_Speech_Actors_01-24/Actor_12/03-01-03-01-01-01-12.wav,12,train,03,2,happy,01,01,01,2,happy,0.127948,0.107817,0.25258,0.140091,0.079173,0.098218,0.09762,0.096554,/home/tonyhe/ravdess_avfusion/external/audio_ser_speechbrain/speechbrain-develop-main/outputs/embeddings_ECAPA/train/03-01-03-01-01-01-12.npy,96
01-03-01-01-01-13,03-01-03-01-01-01-13,03-01-03-01-01-01-13,data/raw/ravdess/audio_speech/Audio_Speech_Actors_01-24/Actor_13/03-01-03-01-01-01-13.wav,13,train,03,2,happy,01,01,01,2,happy,0.128884,0.12254,0.228334,0.102912,0.090518,0.083672,0.095026,0.148114,/home/tonyhe/ravdess_avfusion/external/audio_ser_speechbrain/speechbrain-develop-main/outputs/embeddings_ECAPA/train/03-01-03-01-01-01-13.npy,96
01-03-01-01-01-14,03-01-03-01-01-01-14,03-01-03-01-01-01-14,data/raw/ravdess/audio_speech/Audio_Speech_Actors_01-24/Actor_14/03-01-03-01-01-01-14.wav,14,train,03,2,happy,01,01,01,2,happy,0.086562,0.107456,0.256211,0.131791,0.080459,0.125424,0.100744,0.111353,/home/tonyhe/ravdess_avfusion/external/audio_ser_speechbrain/speechbrain-develop-main/outputs/embeddings_ECAPA/train/03-01-03-01-01-01-14.npy,96
01-03-01-01-01-15,03-01-03-01-01-01-15,03-01-03-01-01-01-15,data/raw/ravdess/audio_speech/Audio_Speech_Actors_01-24/Actor_15/03-01-03-01-01-01-15.wav,15,train,03,2,happy,01,01,01,2,happy,0.13804,0.114446,0.230735,0.099826,0.08565,0.085252,0.099407,0.146644,/home/tonyhe/ravdess_avfusion/external/audio_ser_speechbrain/speechbrain-develop-main/outputs/embeddings_ECAPA/train/03-01-03-01-01-01-15.npy,96
01-03-01-01-01-16,03-01-03-01-01-01-16,03-01-03-01-01-01-16,data/raw/ravdess/audio_speech/Audio_Speech_Actors_01-24/Actor_16/03-01-03-01-01-01-16.wav,16,train,03,2,happy,01,01,01,2,happy,0.115578,0.123548,0.238696,0.081492,0.103658,0.099464,0.094743,0.142822,/home/tonyhe/ravdess_avfusion/external/audio_ser_speechbrain/speechbrain-develop-main/outputs/embeddings_ECAPA/train/03-01-03-01-01-01-16.npy,96
01-03-01-01-02-01,03-01-03-01-01-02-01,03-01-03-01-01-02-01,data/raw/ravdess/audio_speech/Audio_Speech_Actors_01-24/Actor_01/03-01-03-01-01-02-01.wav,1,train,03,2,happy,01,01,02,2,happy,0.124224,0.106244,0.250233,0.112501,0.080356,0.098517,0.095589,0.132336,/home/tonyhe/ravdess_avfusion/external/audio_ser_speechbrain/speechbrain-develop-main/outputs/embeddings_ECAPA/train/03-01-03-01-01-02-01.npy,96
01-03-01-01-02-02,03-01-03-01-01-02-02,03-01-03-01-01-02-02,data/raw/ravdess/audio_speech/Audio_Speech_Actors_01-24/Actor_02/03-01-03-01-01-02-02.wav,2,train,03,2,happy,01,01,02,2,happy,0.128516,0.086859,0.245716,0.113027,0.096072,0.086132,0.122097,0.121582,/home/tonyhe/ravdess_avfusion/external/audio_ser_speechbrain/speechbrain-develop-main/outputs/embeddings_ECAPA/train/03-01-03-01-01-02-02.npy,96
01-03-01-01-02-03,03-01-03-01-01-02-03,03-01-03-01-01-02-03,data/raw/ravdess/audio_speech/Audio_Speech_Actors_01-24/Actor_03/03-01-03-01-01-02-03.wav,3,train,03,2,happy,01,01,02,2,happy,0.125105,0.098895,0.266738,0.100623,0.09826,0.100025,0.101419,0.108935,/home/tonyhe/ravdess_avfusion/external/audio_ser_speechbrain/speechbrain-develop-main/outputs/embeddings_ECAPA/train/03-01-03-01-01-02-03.npy,96
01-03-01-01-02-04,03-01-03-01-01-02-04,03-01-03-01-01-02-04,data/raw/ravdess/audio_speech/Audio_Speech_Actors_01-24/Actor_04/03-01-03-01-01-02-04.wav,4,train,03,2,happy,01,01,02,2,happy,0.104365,0.103415,0.236317,0.132594,0.082316,0.079159,0.111001,0.150832,/home/tonyhe/ravdess_avfusion/external/audio_ser_speechbrain/speechbrain-develop-main/outputs/embeddings_ECAPA/train/03-01-03-01-01-02-04.npy,96
01-03-01-01-02-05,03-01-03-01-01-02-05,03-01-03-01-01-02-05,data/raw/ravdess/audio_speech/Audio_Speech_Actors_01-24/Actor_05/03-01-03-01-01-02-05.wav,5,train,03,2,happy,01,01,02,2,happy,0.133867,0.128809,0.249348,0.10668,0.106261,0.088808,0.081905,0.104322,/home/tonyhe/ravdess_avfusion/external/audio_ser_speechbrain/speechbrain-develop-main/outputs/embeddings_ECAPA/train/03-01-03-01-01-02-05.npy,96
01-03-01-01-02-06,03-01-03-01-01-02-06,03-01-03-01-01-02-06,data/raw/ravdess/audio_speech/Audio_Speech_Actors_01-24/Actor_06/03-01-03-01-01-02-06.wav,6,train,03,2,happy,01,01,02,2,happy,0.130771,0.114445,0.248901,0.127862,0.098381,0.102045,0.093169,0.084425,/home/tonyhe/ravdess_avfusion/external/audio_ser_speechbrain/speechbrain-develop-main/outputs/embeddings_ECAPA/train/03-01-03-01-01-02-06.npy,96
01-03-01-01-02-07,03-01-03-01-01-02-07,03-01-03-01-01-02-07,data/raw/ravdess/audio_speech/Audio_Speech_Actors_01-24/Actor_07/03-01-03-01-01-02-07.wav,7,train,03,2,happy,01,01,02,2,happy,0.106877,0.124162,0.246289,0.082192,0.08236,0.108051,0.110079,0.13999,/home/tonyhe/ravdess_avfusion/external/audio_ser_speechbrain/speechbrain-develop-main/outputs/embeddings_ECAPA/train/03-01-03-01-01-02-07.npy,96
01-03-01-01-02-08,03-01-03-01-01-02-08,03-01-03-01-01-02-08,data/raw/ravdess/audio_speech/Audio_Speech_Actors_01-24/Actor_08/03-01-03-01-01-02-08.wav,8,train,03,2,happy,01,01,02,2,happy,0.115248,0.139774,0.252838,0.106295,0.085818,0.083834,0.112629,0.103564,/home/tonyhe/ravdess_avfusion/external/audio_ser_speechbrain/speechbrain-develop-main/outputs/embeddings_ECAPA/train/03-01-03-01-01-02-08.npy,96
01-03-01-01-02-09,03-01-03-01-01-02-09,03-01-03-01-01-02-09,data/raw/ravdess/audio_speech/Audio_Speech_Actors_01-24/Actor_09/03-01-03-01-01-02-09.wav,9,train,03,2,happy,01,01,02,2,happy,0.095157,0.115922,0.258954,0.085917,0.080636,0.115498,0.11049,0.137426,/home/tonyhe/ravdess_avfusion/external/audio_ser_speechbrain/speechbrain-develop-main/outputs/embeddings_ECAPA/train/03-01-03-01-01-02-09.npy,96
01-03-01-01-02-10,03-01-03-01-01-02-10,03-01-03-01-01-02-10,data/raw/ravdess/audio_speech/Audio_Speech_Actors_01-24/Actor_10/03-01-03-01-01-02-10.wav,10,train,03,2,happy,01,01,02,2,happy,0.092629,0.082182,0.244989,0.114924,0.076588,0.104326,0.141304,0.143059,/home/tonyhe/ravdess_avfusion/external/audio_ser_speechbrain/speechbrain-develop-main/outputs/embeddings_ECAPA/train/03-01-03-01-01-02-10.npy,96
01-03-01-01-02-11,03-01-03-01-01-02-11,03-01-03-01-01-02-11,data/raw/ravdess/audio_speech/Audio_Speech_Actors_01-24/Actor_11/03-01-03-01-01-02-11.wav,11,train,03,2,happy,01,01,02,2,happy,0.135283,0.118239,0.246115,0.091265,0.084211,0.099987,0.096154,0.128745,/home/tonyhe/ravdess_avfusion/external/audio_ser_speechbrain/speechbrain-develop-main/outputs/embeddings_ECAPA/train/03-01-03-01-01-02-11.npy,96
01-03-01-01-02-12,03-01-03-01-01-02-12,03-01-03-01-01-02-12,data/raw/ravdess/audio_speech/Audio_Speech_Actors_01-24/Actor_12/03-01-03-01-01-02-12.wav,12,train,03,2,happy,01,01,02,2,happy,0.114019,0.118612,0.260618,0.131145,0.084418,0.110557,0.089049,0.091582,/home/tonyhe/ravdess_avfusion/external/audio_ser_speechbrain/speechbrain-develop-main/outputs/embeddings_ECAPA/train/03-01-03-01-01-02-12.npy,96
01-03-01-01-02-13,03-01-03-01-01-02-13,03-01-03-01-01-02-13,data/raw/ravdess/audio_speech/Audio_Speech_Actors_01-24/Actor_13/03-01-03-01-01-02-13.wav,13,train,03,2,happy,01,01,02,2,happy,0.118193,0.128243,0.235253,0.106755,0.087094,0.088663,0.089905,0.145894,/home/tonyhe/ravdess_avfusion/external/audio_ser_speechbrain/speechbrain-develop-main/outputs/embeddings_ECAPA/train/03-01-03-01-01-02-13.npy,96
01-03-01-01-02-14,03-01-03-01-01-02-14,03-01-03-01-01-02-14,data/raw/ravdess/audio_speech/Audio_Speech_Actors_01-24/Actor_14/03-01-03-01-01-02-14.wav,14,train,03,2,happy,01,01,02,2,happy,0.07836,0.116954,0.218427,0.111785,0.102725,0.088302,0.111783,0.171665,/home/tonyhe/ravdess_avfusion/external/audio_ser_speechbrain/speechbrain-develop-main/outputs/embeddings_ECAPA/train/03-01-03-01-01-02-14.npy,96
01-03-01-01-02-15,03-01-03-01-01-02-15,03-01-03-01-01-02-15,data/raw/ravdess/audio_speech/Audio_Speech_Actors_01-24/Actor_15/03-01-03-01-01-02-15.wav,15,train,03,2,happy,01,01,02,2,happy,0.148639,0.126203,0.233112,0.132214,0.081898,0.084865,0.090931,0.102138,/home/tonyhe/ravdess_avfusion/external/audio_ser_speechbrain/speechbrain-develop-main/outputs/embeddings_ECAPA/train/03-01-03-01-01-02-15.npy,96
01-03-01-01-02-16,03-01-03-01-01-02-16,03-01-03-01-01-02-16,data/raw/ravdess/audio_speech/Audio_Speech_Actors_01-24/Actor_16/03-01-03-01-01-02-16.wav,16,train,03,2,happy,01,01,02,2,happy,0.108578,0.127965,0.243283,0.09619,0.086728,0.095117,0.10275,0.13939,/home/tonyhe/ravdess_avfusion/external/audio_ser_speechbrain/speechbrain-develop-main/outputs/embeddings_ECAPA/train/03-01-03-01-01-02-16.npy,96
01-03-01-02-01-01,03-01-03-01-02-01-01,03-01-03-01-02-01-01,data/raw/ravdess/audio_speech/Audio_Speech_Actors_01-24/Actor_01/03-01-03-01-02-01-01.wav,1,train,03,2,happy,01,02,01,2,happy,0.114007,0.105989,0.251856,0.104301,0.075486,0.089202,0.135571,0.123589,/home/tonyhe/ravdess_avfusion/external/audio_ser_speechbrain/speechbrain-develop-main/outputs/embeddings_ECAPA/train/03-01-03-01-02-01-01.npy,96
01-03-01-02-01-02,03-01-03-01-02-01-02,03-01-03-01-02-01-02,data/raw/ravdess/audio_speech/Audio_Speech_Actors_01-24/Actor_02/03-01-03-01-02-01-02.wav,2,train,03,2,happy,01,02,01,2,happy,0.13711,0.09647,0.238729,0.132517,0.082696,0.07634,0.128821,0.107316,/home/tonyhe/ravdess_avfusion/external/audio_ser_speechbrain/speechbrain-develop-main/outputs/embeddings_ECAPA/train/03-01-03-01-02-01-02.npy,96
01-03-01-02-01-03,03-01-03-01-02-01-03,03-01-03-01-02-01-03,data/raw/ravdess/audio_speech/Audio_Speech_Actors_01-24/Actor_03/03-01-03-01-02-01-03.wav,3,train,03,2,happy,01,02,01,2,happy,0.10845,0.133137,0.252597,0.100409,0.076835,0.087696,0.114411,0.126464,/home/tonyhe/ravdess_avfusion/external/audio_ser_speechbrain/speechbrain-develop-main/outputs/embeddings_ECAPA/train/03-01-03-01-02-01-03.npy,96
01-03-01-02-01-04,03-01-03-01-02-01-04,03-01-03-01-02-01-04,data/raw/ravdess/audio_speech/Audio_Speech_Actors_01-24/Actor_04/03-01-03-01-02-01-04.wav,4,train,03,2,happy,01,02,01,2,happy,0.11378,0.11806,0.253621,0.106416,0.08623,0.086638,0.102992,0.132264,/home/tonyhe/ravdess_avfusion/external/audio_ser_speechbrain/speechbrain-develop-main/outputs/embeddings_ECAPA/train/03-01-03-01-02-01-04.npy,96
01-03-01-02-01-05,03-01-03-01-02-01-05,03-01-03-01-02-01-05,data/raw/ravdess/audio_speech/Audio_Speech_Actors_01-24/Actor_05/03-01-03-01-02-01-05.wav,5,train,03,2,happy,01,02,01,2,happy,0.121644,0.134879,0.253927,0.103216,0.092006,0.111509,0.091264,0.091555,/home/tonyhe/ravdess_avfusion/external/audio_ser_speechbrain/speechbrain-develop-main/outputs/embeddings_ECAPA/train/03-01-03-01-02-01-05.npy,96
01-03-01-02-01-06,03-01-03-01-02-01-06,03-01-03-01-02-01-06,data/raw/ravdess/audio_speech/Audio_Speech_Actors_01-24/Actor_06/03-01-03-01-02-01-06.wav,6,train,03,2,happy,01,02,01,2,happy,0.119313,0.076872,0.233275,0.143588,0.077794,0.139054,0.103128,0.106976,/home/tonyhe/ravdess_avfusion/external/audio_ser_speechbrain/speechbrain-develop-main/outputs/embeddings_ECAPA/train/03-01-03-01-02-01-06.npy,96
01-03-01-02-01-07,03-01-03-01-02-01-07,03-01-03-01-02-01-07,data/raw/ravdess/audio_speech/Audio_Speech_Actors_01-24/Actor_07/03-01-03-01-02-01-07.wav,7,train,03,2,happy,01,02,01,2,happy,0.153155,0.102744,0.242023,0.091968,0.088479,0.108358,0.104717,0.108557,/home/tonyhe/ravdess_avfusion/external/audio_ser_speechbrain/speechbrain-develop-main/outputs/embeddings_ECAPA/train/03-01-03-01-02-01-07.npy,96
01-03-01-02-01-08,03-01-03-01-02-01-08,03-01-03-01-02-01-08,data/raw/ravdess/audio_speech/Audio_Speech_Actors_01-24/Actor_08/03-01-03-01-02-01-08.wav,8,train,03,2,happy,01,02,01,2,happy,0.119001,0.123972,0.260892,0.113478,0.077453,0.091851,0.10799,0.105363,/home/tonyhe/ravdess_avfusion/external/audio_ser_speechbrain/speechbrain-develop-main/outputs/embeddings_ECAPA/train/03-01-03-01-02-01-08.npy,96
01-03-01-02-01-09,03-01-03-01-02-01-09,03-01-03-01-02-01-09,data/raw/ravdess/audio_speech/Audio_Speech_Actors_01-24/Actor_09/03-01-03-01-02-01-09.wav,9,train,03,2,happy,01,02,01,2,happy,0.113144,0.13244,0.23252,0.081056,0.102233,0.085673,0.108744,0.144189,/home/tonyhe/ravdess_avfusion/external/audio_ser_speechbrain/speechbrain-develop-main/outputs/embeddings_ECAPA/train/03-01-03-01-02-01-09.npy,96
01-03-01-02-01-10,03-01-03-01-02-01-10,03-01-03-01-02-01-10,data/raw/ravdess/audio_speech/Audio_Speech_Actors_01-24/Actor_10/03-01-03-01-02-01-10.wav,10,train,03,2,happy,01,02,01,2,happy,0.09811,0.086372,0.210047,0.11724,0.059098,0.138208,0.137595,0.153329,/home/tonyhe/ravdess_avfusion/external/audio_ser_speechbrain/speechbrain-develop-main/outputs/embeddings_ECAPA/train/03-01-03-01-02-01-10.npy,96
01-03-01-02-01-11,03-01-03-01-02-01-11,03-01-03-01-02-01-11,data/raw/ravdess/audio_speech/Audio_Speech_Actors_01-24/Actor_11/03-01-03-01-02-01-11.wav,11,train,03,2,happy,01,02,01,2,happy,0.135784,0.112535,0.251414,0.089213,0.086679,0.102689,0.104222,0.117463,/home/tonyhe/ravdess_avfusion/external/audio_ser_speechbrain/speechbrain-develop-main/outputs/embeddings_ECAPA/train/03-01-03-01-02-01-11.npy,96
01-03-01-02-01-12,03-01-03-01-02-01-12,03-01-03-01-02-01-12,data/raw/ravdess/audio_speech/Audio_Speech_Actors_01-24/Actor_12/03-01-03-01-02-01-12.wav,12,train,03,2,happy,01,02,01,2,happy,0.125273,0.094906,0.248088,0.092959,0.089168,0.119718,0.099539,0.130349,/home/tonyhe/ravdess_avfusion/external/audio_ser_speechbrain/speechbrain-develop-main/outputs/embeddings_ECAPA/train/03-01-03-01-02-01-12.npy,96
01-03-01-02-01-13,03-01-03-01-02-01-13,03-01-03-01-02-01-13,data/raw/ravdess/audio_speech/Audio_Speech_Actors_01-24/Actor_13/03-01-03-01-02-01-13.wav,13,train,03,2,happy,01,02,01,2,happy,0.11294,0.122423,0.238655,0.085638,0.102481,0.097428,0.101277,0.139157,/home/tonyhe/ravdess_avfusion/external/audio_ser_speechbrain/speechbrain-develop-main/outputs/embeddings_ECAPA/train/03-01-03-01-02-01-13.npy,96
01-03-01-02-01-14,03-01-03-01-02-01-14,03-01-03-01-02-01-14,data/raw/ravdess/audio_speech/Audio_Speech_Actors_01-24/Actor_14/03-01-03-01-02-01-14.wav,14,train,03,2,happy,01,02,01,2,happy,0.076667,0.097931,0.244583,0.116155,0.074764,0.145934,0.111054,0.132912,/home/tonyhe/ravdess_avfusion/external/audio_ser_speechbrain/speechbrain-develop-main/outputs/embeddings_ECAPA/train/03-01-03-01-02-01-14.npy,96
01-03-01-02-01-15,03-01-03-01-02-01-15,03-01-03-01-02-01-15,data/raw/ravdess/audio_speech/Audio_Speech_Actors_01-24/Actor_15/03-01-03-01-02-01-15.wav,15,train,03,2,happy,01,02,01,2,happy,0.124297,0.114108,0.218606,0.110946,0.078152,0.071561,0.141981,0.14035,/home/tonyhe/ravdess_avfusion/external/audio_ser_speechbrain/speechbrain-develop-main/outputs/embeddings_ECAPA/train/03-01-03-01-02-01-15.npy,96
01-03-01-02-01-16,03-01-03-01-02-01-16,03-01-03-01-02-01-16,data/raw/ravdess/audio_speech/Audio_Speech_Actors_01-24/Actor_16/03-01-03-01-02-01-16.wav,16,train,03,2,happy,01,02,01,2,happy,0.129853,0.133387,0.249627,0.111252,0.080605,0.088086,0.099457,0.107734,/home/tonyhe/ravdess_avfusion/external/audio_ser_speechbrain/speechbrain-develop-main/outputs/embeddings_ECAPA/train/03-01-03-01-02-01-16.npy,96
01-03-01-02-02-01,03-01-03-01-02-02-01,03-01-03-01-02-02-01,data/raw/ravdess/audio_speech/Audio_Speech_Actors_01-24/Actor_01/03-01-03-01-02-02-01.wav,1,train,03,2,happy,01,02,02,2,happy,0.134932,0.102844,0.24328,0.092525,0.103824,0.083831,0.120622,0.118141,/home/tonyhe/ravdess_avfusion/external/audio_ser_speechbrain/speechbrain-develop-main/outputs/embeddings_ECAPA/train/03-01-03-01-02-02-01.npy,96
01-03-01-02-02-02,03-01-03-01-02-02-02,03-01-03-01-02-02-02,data/raw/ravdess/audio_speech/Audio_Speech_Actors_01-24/Actor_02/03-01-03-01-02-02-02.wav,2,train,03,2,happy,01,02,02,2,happy,0.139795,0.104833,0.253486,0.113762,0.095194,0.083515,0.104544,0.104872,/home/tonyhe/ravdess_avfusion/external/audio_ser_speechbrain/speechbrain-develop-main/outputs/embeddings_ECAPA/train/03-01-03-01-02-02-02.npy,96
01-03-01-02-02-03,03-01-03-01-02-02-03,03-01-03-01-02-02-03,data/raw/ravdess/audio_speech/Audio_Speech_Actors_01-24/Actor_03/03-01-03-01-02-02-03.wav,3,train,03,2,happy,01,02,02,2,happy,0.138126,0.121993,0.238842,0.082218,0.085759,0.103414,0.110522,0.119126,/home/tonyhe/ravdess_avfusion/external/audio_ser_speechbrain/speechbrain-develop-main/outputs/embeddings_ECAPA/train/03-01-03-01-02-02-03.npy,96
01-03-01-02-02-04,03-01-03-01-02-02-04,03-01-03-01-02-02-04,data/raw/ravdess/audio_speech/Audio_Speech_Actors_01-24/Actor_04/03-01-03-01-02-02-04.wav,4,train,03,2,happy,01,02,02,2,happy,0.127044,0.097951,0.225076,0.133311,0.084471,0.079394,0.097253,0.155499,/home/tonyhe/ravdess_avfusion/external/audio_ser_speechbrain/speechbrain-develop-main/outputs/embeddings_ECAPA/train/03-01-03-01-02-02-04.npy,96
01-03-01-02-02-05,03-01-03-01-02-02-05,03-01-03-01-02-02-05,data/raw/ravdess/audio_speech/Audio_Speech_Actors_01-24/Actor_05/03-01-03-01-02-02-05.wav,5,train,03,2,happy,01,02,02,2,happy,0.107966,0.139098,0.259485,0.107958,0.10237,0.084832,0.09986,0.098431,/home/tonyhe/ravdess_avfusion/external/audio_ser_speechbrain/speechbrain-develop-main/outputs/embeddings_ECAPA/train/03-01-03-01-02-02-05.npy,96
01-03-01-02-02-06,03-01-03-01-02-02-06,03-01-03-01-02-02-06,data/raw/ravdess/audio_speech/Audio_Speech_Actors_01-24/Actor_06/03-01-03-01-02-02-06.wav,6,train,03,2,happy,01,02,02,2,happy,0.144388,0.085153,0.214163,0.136922,0.088646,0.146093,0.084117,0.100518,/home/tonyhe/ravdess_avfusion/external/audio_ser_speechbrain/speechbrain-develop-main/outputs/embeddings_ECAPA/train/03-01-03-01-02-02-06.npy,96
01-03-01-02-02-07,03-01-03-01-02-02-07,03-01-03-01-02-02-07,data/raw/ravdess/audio_speech/Audio_Speech_Actors_01-24/Actor_07/03-01-03-01-02-02-07.wav,7,train,03,2,happy,01,02,02,2,happy,0.153155,0.102744,0.242023,0.091968,0.088479,0.108358,0.104717,0.108557,/home/tonyhe/ravdess_avfusion/external/audio_ser_speechbrain/speechbrain-develop-main/outputs/embeddings_ECAPA/train/03-01-03-01-02-02-07.npy,96
01-03-01-02-02-08,03-01-03-01-02-02-08,03-01-03-01-02-02-08,data/raw/ravdess/audio_speech/Audio_Speech_Actors_01-24/Actor_08/03-01-03-01-02-02-08.wav,8,train,03,2,happy,01,02,02,2,happy,0.09758,0.114464,0.271121,0.108149,0.073152,0.107074,0.117079,0.111381,/home/tonyhe/ravdess_avfusion/external/audio_ser_speechbrain/speechbrain-develop-main/outputs/embeddings_ECAPA/train/03-01-03-01-02-02-08.npy,96
01-03-01-02-02-09,03-01-03-01-02-02-09,03-01-03-01-02-02-09,data/raw/ravdess/audio_speech/Audio_Speech_Actors_01-24/Actor_09/03-01-03-01-02-02-09.wav,9,train,03,2,happy,01,02,02,2,happy,0.103255,0.130975,0.258517,0.091389,0.095298,0.085952,0.10977,0.124843,/home/tonyhe/ravdess_avfusion/external/audio_ser_speechbrain/speechbrain-develop-main/outputs/embeddings_ECAPA/train/03-01-03-01-02-02-09.npy,96
01-03-01-02-02-10,03-01-03-01-02-02-10,03-01-03-01-02-02-10,data/raw/ravdess/audio_speech/Audio_Speech_Actors_01-24/Actor_10/03-01-03-01-02-02-10.wav,10,train,03,2,happy,01,02,02,2,happy,0.106892,0.119141,0.2455,0.085081,0.089155,0.121927,0.097018,0.135285,/home/tonyhe/ravdess_avfusion/external/audio_ser_speechbrain/speechbrain-develop-main/outputs/embeddings_ECAPA/train/03-01-03-01-02-02-10.npy,96
01-03-01-02-02-11,03-01-03-01-02-02-11,03-01-03-01-02-02-11,data/raw/ravdess/audio_speech/Audio_Speech_Actors_01-24/Actor_11/03-01-03-01-02-02-11.wav,11,train,03,2,happy,01,02,02,2,happy,0.124608,0.114072,0.247241,0.089477,0.080664,0.09848,0.108773,0.136685,/home/tonyhe/ravdess_avfusion/external/audio_ser_speechbrain/speechbrain-develop-main/outputs/embeddings_ECAPA/train/03-01-03-01-02-02-11.npy,96
01-03-01-02-02-12,03-01-03-01-02-02-12,03-01-03-01-02-02-12,data/raw/ravdess/audio_speech/Audio_Speech_Actors_01-24/Actor_12/03-01-03-01-02-02-12.wav,12,train,03,2,happy,01,02,02,2,happy,0.119397,0.106821,0.264023,0.108511,0.10193,0.090348,0.098136,0.110834,/home/tonyhe/ravdess_avfusion/external/audio_ser_speechbrain/speechbrain-develop-main/outputs/embeddings_ECAPA/train/03-01-03-01-02-02-12.npy,96
01-03-01-02-02-13,03-01-03-01-02-02-13,03-01-03-01-02-02-13,data/raw/ravdess/audio_speech/Audio_Speech_Actors_01-24/Actor_13/03-01-03-01-02-02-13.wav,13,train,03,2,happy,01,02,02,2,happy,0.108511,0.130178,0.2593,0.098192,0.07643,0.104557,0.106901,0.115931,/home/tonyhe/ravdess_avfusion/external/audio_ser_speechbrain/speechbrain-develop-main/outputs/embeddings_ECAPA/train/03-01-03-01-02-02-13.npy,96
01-03-01-02-02-14,03-01-03-01-02-02-14,03-01-03-01-02-02-14,data/raw/ravdess/audio_speech/Audio_Speech_Actors_01-24/Actor_14/03-01-03-01-02-02-14.wav,14,train,03,2,happy,01,02,02,2,happy,0.081035,0.106257,0.255064,0.114029,0.09162,0.100639,0.11651,0.134846,/home/tonyhe/ravdess_avfusion/external/audio_ser_speechbrain/speechbrain-develop-main/outputs/embeddings_ECAPA/train/03-01-03-01-02-02-14.npy,96
01-03-01-02-02-15,03-01-03-01-02-02-15,03-01-03-01-02-02-15,data/raw/ravdess/audio_speech/Audio_Speech_Actors_01-24/Actor_15/03-01-03-01-02-02-15.wav,15,train,03,2,happy,01,02,02,2,happy,0.110051,0.10111,0.251289,0.117935,0.079259,0.092085,0.108517,0.139753,/home/tonyhe/ravdess_avfusion/external/audio_ser_speechbrain/speechbrain-develop-main/outputs/embeddings_ECAPA/train/03-01-03-01-02-02-15.npy,96
01-03-01-02-02-16,03-01-03-01-02-02-16,03-01-03-01-02-02-16,data/raw/ravdess/audio_speech/Audio_Speech_Actors_01-24/Actor_16/03-01-03-01-02-02-16.wav,16,train,03,2,happy,01,02,02,2,happy,0.129112,0.114534,0.247428,0.117508,0.080662,0.103413,0.087716,0.119626,/home/tonyhe/ravdess_avfusion/external/audio_ser_speechbrain/speechbrain-develop-main/outputs/embeddings_ECAPA/train/03-01-03-01-02-02-16.npy,96
01-03-02-01-01-01,03-01-03-02-01-01-01,03-01-03-02-01-01-01,data/raw/ravdess/audio_speech/Audio_Speech_Actors_01-24/Actor_01/03-01-03-02-01-01-01.wav,1,train,03,2,happy,02,01,01,2,happy,0.0988,0.117638,0.246868,0.082772,0.106583,0.090152,0.113905,0.143282,/home/tonyhe/ravdess_avfusion/external/audio_ser_speechbrain/speechbrain-develop-main/outputs/embeddings_ECAPA/train/03-01-03-02-01-01-01.npy,96
01-03-02-01-01-02,03-01-03-02-01-01-02,03-01-03-02-01-01-02,data/raw/ravdess/audio_speech/Audio_Speech_Actors_01-24/Actor_02/03-01-03-02-01-01-02.wav,2,train,03,2,happy,02,01,01,2,happy,0.097978,0.102105,0.258967,0.129303,0.081568,0.103946,0.125497,0.100634,/home/tonyhe/ravdess_avfusion/external/audio_ser_speechbrain/speechbrain-develop-main/outputs/embeddings_ECAPA/train/03-01-03-02-01-01-02.npy,96
01-03-02-01-01-03,03-01-03-02-01-01-03,03-01-03-02-01-01-03,data/raw/ravdess/audio_speech/Audio_Speech_Actors_01-24/Actor_03/03-01-03-02-01-01-03.wav,3,train,03,2,happy,02,01,01,2,happy,0.104279,0.112332,0.267866,0.088615,0.101856,0.090789,0.116365,0.117899,/home/tonyhe/ravdess_avfusion/external/audio_ser_speechbrain/speechbrain-develop-main/outputs/embeddings_ECAPA/train/03-01-03-02-01-01-03.npy,96
01-03-02-01-01-04,03-01-03-02-01-01-04,03-01-03-02-01-01-04,data/raw/ravdess/audio_speech/Audio_Speech_Actors_01-24/Actor_04/03-01-03-02-01-01-04.wav,4,train,03,2,happy,02,01,01,2,happy,0.093359,0.102989,0.257671,0.132402,0.078098,0.103906,0.107295,0.12428,/home/tonyhe/ravdess_avfusion/external/audio_ser_speechbrain/speechbrain-develop-main/outputs/embeddings_ECAPA/train/03-01-03-02-01-01-04.npy,96
01-03-02-01-01-05,03-01-03-02-01-01-05,03-01-03-02-01-01-05,data/raw/ravdess/audio_speech/Audio_Speech_Actors_01-24/Actor_05/03-01-03-02-01-01-05.wav,5,train,03,2,happy,02,01,01,2,happy,0.101402,0.090831,0.261096,0.098203,0.082991,0.101188,0.132401,0.13189,/home/tonyhe/ravdess_avfusion/external/audio_ser_speechbrain/speechbrain-develop-main/outputs/embeddings_ECAPA/train/03-01-03-02-01-01-05.npy,96
01-03-02-01-01-06,03-01-03-02-01-01-06,03-01-03-02-01-01-06,data/raw/ravdess/audio_speech/Audio_Speech_Actors_01-24/Actor_06/03-01-03-02-01-01-06.wav,6,train,03,2,happy,02,01,01,2,happy,0.117347,0.0807,0.239817,0.110834,0.100038,0.14791,0.100321,0.103033,/home/tonyhe/ravdess_avfusion/external/audio_ser_speechbrain/speechbrain-develop-main/outputs/embeddings_ECAPA/train/03-01-03-02-01-01-06.npy,96
01-03-02-01-01-07,03-01-03-02-01-01-07,03-01-03-02-01-01-07,data/raw/ravdess/audio_speech/Audio_Speech_Actors_01-24/Actor_07/03-01-03-02-01-01-07.wav,7,train,03,2,happy,02,01,01,2,happy,0.073052,0.095419,0.245554,0.129636,0.113806,0.102308,0.115181,0.125044,/home/tonyhe/ravdess_avfusion/external/audio_ser_speechbrain/speechbrain-develop-main/outputs/embeddings_ECAPA/train/03-01-03-02-01-01-07.npy,96
01-03-02-01-01-08,03-01-03-02-01-01-08,03-01-03-02-01-01-08,data/raw/ravdess/audio_speech/Audio_Speech_Actors_01-24/Actor_08/03-01-03-02-01-01-08.wav,8,train,03,2,happy,02,01,01,2,happy,0.09666,0.112219,0.244007,0.100874,0.070388,0.119265,0.105291,0.151296,/home/tonyhe/ravdess_avfusion/external/audio_ser_speechbrain/speechbrain-develop-main/outputs/embeddings_ECAPA/train/03-01-03-02-01-01-08.npy,96
01-03-02-01-01-09,03-01-03-02-01-01-09,03-01-03-02-01-01-09,data/raw/ravdess/audio_speech/Audio_Speech_Actors_01-24/Actor_09/03-01-03-02-01-01-09.wav,9,train,03,2,happy,02,01,01,2,happy,0.111906,0.137373,0.254788,0.11772,0.098539,0.116851,0.090402,0.072421,/home/tonyhe/ravdess_avfusion/external/audio_ser_speechbrain/speechbrain-develop-main/outputs/embeddings_ECAPA/train/03-01-03-02-01-01-09.npy,96
01-03-02-01-01-10,03-01-03-02-01-01-10,03-01-03-02-01-01-10,data/raw/ravdess/audio_speech/Audio_Speech_Actors_01-24/Actor_10/03-01-03-02-01-01-10.wav,10,train,03,2,happy,02,01,01,2,happy,0.123765,0.097583,0.234644,0.147159,0.078273,0.114021,0.095069,0.109485,/home/tonyhe/ravdess_avfusion/external/audio_ser_speechbrain/speechbrain-develop-main/outputs/embeddings_ECAPA/train/03-01-03-02-01-01-10.npy,96
01-03-02-01-01-11,03-01-03-02-01-01-11,03-01-03-02-01-01-11,data/raw/ravdess/audio_speech/Audio_Speech_Actors_01-24/Actor_11/03-01-03-02-01-01-11.wav,11,train,03,2,happy,02,01,01,2,happy,0.104388,0.09329,0.251058,0.086836,0.106875,0.089826,0.12363,0.144096,/home/tonyhe/ravdess_avfusion/external/audio_ser_speechbrain/speechbrain-develop-main/outputs/embeddings_ECAPA/train/03-01-03-02-01-01-11.npy,96
01-03-02-01-01-12,03-01-03-02-01-01-12,03-01-03-02-01-01-12,data/raw/ravdess/audio_speech/Audio_Speech_Actors_01-24/Actor_12/03-01-03-02-01-01-12.wav,12,train,03,2,happy,02,01,01,2,happy,0.11217,0.09725,0.23276,0.15554,0.118001,0.094824,0.079209,0.110246,/home/tonyhe/ravdess_avfusion/external/audio_ser_speechbrain/speechbrain-develop-main/outputs/embeddings_ECAPA/train/03-01-03-02-01-01-12.npy,96
01-03-02-01-01-13,03-01-03-02-01-01-13,03-01-03-02-01-01-13,data/raw/ravdess/audio_speech/Audio_Speech_Actors_01-24/Actor_13/03-01-03-02-01-01-13.wav,13,train,03,2,happy,02,01,01,2,happy,0.119075,0.102707,0.258683,0.128959,0.09393,0.092053,0.099712,0.104881,/home/tonyhe/ravdess_avfusion/external/audio_ser_speechbrain/speechbrain-develop-main/outputs/embeddings_ECAPA/train/03-01-03-02-01-01-13.npy,96
01-03-02-01-01-14,03-01-03-02-01-01-14,03-01-03-02-01-01-14,data/raw/ravdess/audio_speech/Audio_Speech_Actors_01-24/Actor_14/03-01-03-02-01-01-14.wav,14,train,03,2,happy,02,01,01,2,happy,0.10464,0.135995,0.236129,0.11173,0.102571,0.092099,0.098108,0.118728,/home/tonyhe/ravdess_avfusion/external/audio_ser_speechbrain/speechbrain-develop-main/outputs/embeddings_ECAPA/train/03-01-03-02-01-01-14.npy,96
01-03-02-01-01-15,03-01-03-02-01-01-15,03-01-03-02-01-01-15,data/raw/ravdess/audio_speech/Audio_Speech_Actors_01-24/Actor_15/03-01-03-02-01-01-15.wav,15,train,03,2,happy,02,01,01,2,happy,0.121056,0.127105,0.232436,0.117301,0.107554,0.087165,0.080876,0.126507,/home/tonyhe/ravdess_avfusion/external/audio_ser_speechbrain/speechbrain-develop-main/outputs/embeddings_ECAPA/train/03-01-03-02-01-01-15.npy,96
01-03-02-01-01-16,03-01-03-02-01-01-16,03-01-03-02-01-01-16,data/raw/ravdess/audio_speech/Audio_Speech_Actors_01-24/Actor_16/03-01-03-02-01-01-16.wav,16,train,03,2,happy,02,01,01,2,happy,0.099196,0.108522,0.250343,0.084083,0.096767,0.124031,0.094493,0.142566,/home/tonyhe/ravdess_avfusion/external/audio_ser_speechbrain/speechbrain-develop-main/outputs/embeddings_ECAPA/train/03-01-03-02-01-01-16.npy,96
01-03-02-01-02-01,03-01-03-02-01-02-01,03-01-03-02-01-02-01,data/raw/ravdess/audio_speech/Audio_Speech_Actors_01-24/Actor_01/03-01-03-02-01-02-01.wav,1,train,03,2,happy,02,01,02,2,happy,0.102356,0.126816,0.256594,0.088827,0.113165,0.12358,0.086917,0.101746,/home/tonyhe/ravdess_avfusion/external/audio_ser_speechbrain/speechbrain-develop-main/outputs/embeddings_ECAPA/train/03-01-03-02-01-02-01.npy,96
01-03-02-01-02-02,03-01-03-02-01-02-02,03-01-03-02-01-02-02,data/raw/ravdess/audio_speech/Audio_Speech_Actors_01-24/Actor_02/03-01-03-02-01-02-02.wav,2,train,03,2,happy,02,01,02,2,happy,0.104757,0.110223,0.261889,0.106894,0.08522,0.101847,0.134094,0.095077,/home/tonyhe/ravdess_avfusion/external/audio_ser_speechbrain/speechbrain-develop-main/outputs/embeddings_ECAPA/train/03-01-03-02-01-02-02.npy,96
01-03-02-01-02-03,03-01-03-02-01-02-03,03-01-03-02-01-02-03,data/raw/ravdess/audio_speech/Audio_Speech_Actors_01-24/Actor_03/03-01-03-02-01-02-03.wav,3,train,03,2,happy,02,01,02,2,happy,0.11849,0.112982,0.257302,0.123185,0.111627,0.080781,0.100869,0.094764,/home/tonyhe/ravdess_avfusion/external/audio_ser_speechbrain/speechbrain-develop-main/outputs/embeddings_ECAPA/train/03-01-03-02-01-02-03.npy,96
01-03-02-01-02-04,03-01-03-02-01-02-04,03-01-03-02-01-02-04,data/raw/ravdess/audio_speech/Audio_Speech_Actors_01-24/Actor_04/03-01-03-02-01-02-04.wav,4,train,03,2,happy,02,01,02,2,happy,0.101443,0.105221,0.224547,0.108104,0.11105,0.10323,0.08539,0.161014,/home/tonyhe/ravdess_avfusion/external/audio_ser_speechbrain/speechbrain-develop-main/outputs/embeddings_ECAPA/train/03-01-03-02-01-02-04.npy,96
01-03-02-01-02-05,03-01-03-02-01-02-05,03-01-03-02-01-02-05,data/raw/ravdess/audio_speech/Audio_Speech_Actors_01-24/Actor_05/03-01-03-02-01-02-05.wav,5,train,03,2,happy,02,01,02,2,happy,0.119885,0.097317,0.243218,0.108871,0.128706,0.081638,0.09817,0.122195,/home/tonyhe/ravdess_avfusion/external/audio_ser_speechbrain/speechbrain-develop-main/outputs/embeddings_ECAPA/train/03-01-03-02-01-02-05.npy,96
01-03-02-01-02-06,03-01-03-02-01-02-06,03-01-03-02-01-02-06,data/raw/ravdess/audio_speech/Audio_Speech_Actors_01-24/Actor_06/03-01-03-02-01-02-06.wav,6,train,03,2,happy,02,01,02,2,happy,0.123199,0.099444,0.246783,0.120576,0.097976,0.121584,0.083946,0.106492,/home/tonyhe/ravdess_avfusion/external/audio_ser_speechbrain/speechbrain-develop-main/outputs/embeddings_ECAPA/train/03-01-03-02-01-02-06.npy,96
01-03-02-01-02-07,03-01-03-02-01-02-07,03-01-03-02-01-02-07,data/raw/ravdess/audio_speech/Audio_Speech_Actors_01-24/Actor_07/03-01-03-02-01-02-07.wav,7,train,03,2,happy,02,01,02,2,happy,0.179881,0.102767,0.203569,0.096587,0.115625,0.095848,0.127511,0.078212,/home/tonyhe/ravdess_avfusion/external/audio_ser_speechbrain/speechbrain-develop-main/outputs/embeddings_ECAPA/train/03-01-03-02-01-02-07.npy,96
01-03-02-01-02-08,03-01-03-02-01-02-08,03-01-03-02-01-02-08,data/raw/ravdess/audio_speech/Audio_Speech_Actors_01-24/Actor_08/03-01-03-02-01-02-08.wav,8,train,03,2,happy,02,01,02,2,happy,0.102522,0.101791,0.266657,0.113471,0.075435,0.108708,0.110101,0.121314,/home/tonyhe/ravdess_avfusion/external/audio_ser_speechbrain/speechbrain-develop-main/outputs/embeddings_ECAPA/train/03-01-03-02-01-02-08.npy,96
01-03-02-01-02-09,03-01-03-02-01-02-09,03-01-03-02-01-02-09,data/raw/ravdess/audio_speech/Audio_Speech_Actors_01-24/Actor_09/03-01-03-02-01-02-09.wav,9,train,03,2,happy,02,01,02,2,happy,0.119826,0.139741,0.243268,0.128731,0.085772,0.109161,0.102551,0.07095,/home/tonyhe/ravdess_avfusion/external/audio_ser_speechbrain/speechbrain-develop-main/outputs/embeddings_ECAPA/train/03-01-03-02-01-02-09.npy,96
01-03-02-01-02-10,03-01-03-02-01-02-10,03-01-03-02-01-02-10,data/raw/ravdess/audio_speech/Audio_Speech_Actors_01-24/Actor_10/03-01-03-02-01-02-10.wav,10,train,03,2,happy,02,01,02,2,happy,0.120978,0.093636,0.246992,0.123804,0.077795,0.139517,0.094643,0.102636,/home/tonyhe/ravdess_avfusion/external/audio_ser_speechbrain/speechbrain-develop-main/outputs/embeddings_ECAPA/train/03-01-03-02-01-02-10.npy,96
01-03-02-01-02-11,03-01-03-02-01-02-11,03-01-03-02-01-02-11,data/raw/ravdess/audio_speech/Audio_Speech_Actors_01-24/Actor_11/03-01-03-02-01-02-11.wav,11,train,03,2,happy,02,01,02,2,happy,0.089269,0.122126,0.260248,0.086308,0.11689,0.113057,0.100079,0.112022,/home/tonyhe/ravdess_avfusion/external/audio_ser_speechbrain/speechbrain-develop-main/outputs/embeddings_ECAPA/train/03-01-03-02-01-02-11.npy,96
01-03-02-01-02-12,03-01-03-02-01-02-12,03-01-03-02-01-02-12,data/raw/ravdess/audio_speech/Audio_Speech_Actors_01-24/Actor_12/03-01-03-02-01-02-12.wav,12,train,03,2,happy,02,01,02,2,happy,0.102275,0.091553,0.248504,0.139828,0.119723,0.094563,0.092003,0.111551,/home/tonyhe/ravdess_avfusion/external/audio_ser_speechbrain/speechbrain-develop-main/outputs/embeddings_ECAPA/train/03-01-03-02-01-02-12.npy,96
01-03-02-01-02-13,03-01-03-02-01-02-13,03-01-03-02-01-02-13,data/raw/ravdess/audio_speech/Audio_Speech_Actors_01-24/Actor_13/03-01-03-02-01-02-13.wav,13,train,03,2,happy,02,01,02,2,happy,0.101105,0.090833,0.265629,0.095457,0.101529,0.099503,0.134783,0.11116,/home/tonyhe/ravdess_avfusion/external/audio_ser_speechbrain/speechbrain-develop-main/outputs/embeddings_ECAPA/train/03-01-03-02-01-02-13.npy,96
01-03-02-01-02-14,03-01-03-02-01-02-14,03-01-03-02-01-02-14,data/raw/ravdess/audio_speech/Audio_Speech_Actors_01-24/Actor_14/03-01-03-02-01-02-14.wav,14,train,03,2,happy,02,01,02,2,happy,0.092015,0.104153,0.256641,0.111911,0.106203,0.130874,0.107314,0.090889,/home/tonyhe/ravdess_avfusion/external/audio_ser_speechbrain/speechbrain-develop-main/outputs/embeddings_ECAPA/train/03-01-03-02-01-02-14.npy,96
01-03-02-01-02-15,03-01-03-02-01-02-15,03-01-03-02-01-02-15,data/raw/ravdess/audio_speech/Audio_Speech_Actors_01-24/Actor_15/03-01-03-02-01-02-15.wav,15,train,03,2,happy,02,01,02,2,happy,0.094609,0.115076,0.240526,0.115251,0.113195,0.084015,0.089267,0.148061,/home/tonyhe/ravdess_avfusion/external/audio_ser_speechbrain/speechbrain-develop-main/outputs/embeddings_ECAPA/train/03-01-03-02-01-02-15.npy,96
01-03-02-01-02-16,03-01-03-02-01-02-16,03-01-03-02-01-02-16,data/raw/ravdess/audio_speech/Audio_Speech_Actors_01-24/Actor_16/03-01-03-02-01-02-16.wav,16,train,03,2,happy,02,01,02,2,happy,0.107139,0.126364,0.253162,0.099635,0.107522,0.111463,0.082325,0.11239,/home/tonyhe/ravdess_avfusion/external/audio_ser_speechbrain/speechbrain-develop-main/outputs/embeddings_ECAPA/train/03-01-03-02-01-02-16.npy,96
01-03-02-02-01-01,03-01-03-02-02-01-01,03-01-03-02-02-01-01,data/raw/ravdess/audio_speech/Audio_Speech_Actors_01-24/Actor_01/03-01-03-02-02-01-01.wav,1,train,03,2,happy,02,02,01,2,happy,0.108879,0.118465,0.264483,0.098704,0.095512,0.122961,0.105587,0.085411,/home/tonyhe/ravdess_avfusion/external/audio_ser_speechbrain/speechbrain-develop-main/outputs/embeddings_ECAPA/train/03-01-03-02-02-01-01.npy,96
01-03-02-02-01-02,03-01-03-02-02-01-02,03-01-03-02-02-01-02,data/raw/ravdess/audio_speech/Audio_Speech_Actors_01-24/Actor_02/03-01-03-02-02-01-02.wav,2,train,03,2,happy,02,02,01,2,happy,0.102645,0.091503,0.256451,0.115514,0.075794,0.104758,0.1123,0.141036,/home/tonyhe/ravdess_avfusion/external/audio_ser_speechbrain/speechbrain-develop-main/outputs/embeddings_ECAPA/train/03-01-03-02-02-01-02.npy,96
01-03-02-02-01-03,03-01-03-02-02-01-03,03-01-03-02-02-01-03,data/raw/ravdess/audio_speech/Audio_Speech_Actors_01-24/Actor_03/03-01-03-02-02-01-03.wav,3,train,03,2,happy,02,02,01,2,happy,0.084865,0.09032,0.232158,0.141651,0.080378,0.095305,0.132956,0.142367,/home/tonyhe/ravdess_avfusion/external/audio_ser_speechbrain/speechbrain-develop-main/outputs/embeddings_ECAPA/train/03-01-03-02-02-01-03.npy,96
01-03-02-02-01-04,03-01-03-02-02-01-04,03-01-03-02-02-01-04,data/raw/ravdess/audio_speech/Audio_Speech_Actors_01-24/Actor_04/03-01-03-02-02-01-04.wav,4,train,03,2,happy,02,02,01,2,happy,0.092437,0.108478,0.231631,0.133934,0.07919,0.087336,0.119852,0.147142,/home/tonyhe/ravdess_avfusion/external/audio_ser_speechbrain/speechbrain-develop-main/outputs/embeddings_ECAPA/train/03-01-03-02-02-01-04.npy,96
01-03-02-02-01-05,03-01-03-02-02-01-05,03-01-03-02-02-01-05,data/raw/ravdess/audio_speech/Audio_Speech_Actors_01-24/Actor_05/03-01-03-02-02-01-05.wav,5,train,03,2,happy,02,02,01,2,happy,0.115784,0.146828,0.245039,0.09219,0.124421,0.09853,0.099691,0.077516,/home/tonyhe/ravdess_avfusion/external/audio_ser_speechbrain/speechbrain-develop-main/outputs/embeddings_ECAPA/train/03-01-03-02-02-01-05.npy,96
01-03-02-02-01-06,03-01-03-02-02-01-06,03-01-03-02-02-01-06,data/raw/ravdess/audio_speech/Audio_Speech_Actors_01-24/Actor_06/03-01-03-02-02-01-06.wav,6,train,03,2,happy,02,02,01,2,happy,0.08974,0.111407,0.25001,0.128069,0.111242,0.130535,0.091742,0.087255,/home/tonyhe/ravdess_avfusion/external/audio_ser_speechbrain/speechbrain-develop-main/outputs/embeddings_ECAPA/train/03-01-03-02-02-01-06.npy,96
01-03-02-02-01-07,03-01-03-02-02-01-07,03-01-03-02-02-01-07,data/raw/ravdess/audio_speech/Audio_Speech_Actors_01-24/Actor_07/03-01-03-02-02-01-07.wav,7,train,03,2,happy,02,02,01,2,happy,0.086586,0.133304,0.239603,0.139467,0.093002,0.1258,0.104348,0.077889,/home/tonyhe/ravdess_avfusion/external/audio_ser_speechbrain/speechbrain-develop-main/outputs/embeddings_ECAPA/train/03-01-03-02-02-01-07.npy,96
01-03-02-02-01-08,03-01-03-02-02-01-08,03-01-03-02-02-01-08,data/raw/ravdess/audio_speech/Audio_Speech_Actors_01-24/Actor_08/03-01-03-02-02-01-08.wav,8,train,03,2,happy,02,02,01,2,happy,0.084491,0.123666,0.236371,0.158842,0.076523,0.10613,0.113614,0.100364,/home/tonyhe/ravdess_avfusion/external/audio_ser_speechbrain/speechbrain-develop-main/outputs/embeddings_ECAPA/train/03-01-03-02-02-01-08.npy,96
01-03-02-02-01-09,03-01-03-02-02-01-09,03-01-03-02-02-01-09,data/raw/ravdess/audio_speech/Audio_Speech_Actors_01-24/Actor_09/03-01-03-02-02-01-09.wav,9,train,03,2,happy,02,02,01,2,happy,0.102625,0.089309,0.263826,0.106759,0.099397,0.112016,0.10316,0.122908,/home/tonyhe/ravdess_avfusion/external/audio_ser_speechbrain/speechbrain-develop-main/outputs/embeddings_ECAPA/train/03-01-03-02-02-01-09.npy,96
01-03-02-02-01-10,03-01-03-02-02-01-10,03-01-03-02-02-01-10,data/raw/ravdess/audio_speech/Audio_Speech_Actors_01-24/Actor_10/03-01-03-02-02-01-10.wav,10,train,03,2,happy,02,02,01,2,happy,0.122811,0.128097,0.231159,0.140835,0.092106,0.117734,0.085954,0.081304,/home/tonyhe/ravdess_avfusion/external/audio_ser_speechbrain/speechbrain-develop-main/outputs/embeddings_ECAPA/train/03-01-03-02-02-01-10.npy,96
01-03-02-02-01-11,03-01-03-02-02-01-11,03-01-03-02-02-01-11,data/raw/ravdess/audio_speech/Audio_Speech_Actors_01-24/Actor_11/03-01-03-02-02-01-11.wav,11,train,03,2,happy,02,02,01,2,happy,0.096041,0.119052,0.255631,0.0726,0.118322,0.120872,0.113672,0.103809,/home/tonyhe/ravdess_avfusion/external/audio_ser_speechbrain/speechbrain-develop-main/outputs/embeddings_ECAPA/train/03-01-03-02-02-01-11.npy,96
01-03-02-02-01-12,03-01-03-02-02-01-12,03-01-03-02-02-01-12,data/raw/ravdess/audio_speech/Audio_Speech_Actors_01-24/Actor_12/03-01-03-02-02-01-12.wav,12,train,03,2,happy,02,02,01,2,happy,0.098201,0.098751,0.253062,0.125748,0.095564,0.082271,0.109283,0.13712,/home/tonyhe/ravdess_avfusion/external/audio_ser_speechbrain/speechbrain-develop-main/outputs/embeddings_ECAPA/train/03-01-03-02-02-01-12.npy,96
01-03-02-02-01-13,03-01-03-02-02-01-13,03-01-03-02-02-01-13,data/raw/ravdess/audio_speech/Audio_Speech_Actors_01-24/Actor_13/03-01-03-02-02-01-13.wav,13,train,03,2,happy,02,02,01,2,happy,0.105351,0.098238,0.248603,0.101477,0.101493,0.10176,0.092794,0.150285,/home/tonyhe/ravdess_avfusion/external/audio_ser_speechbrain/speechbrain-develop-main/outputs/embeddings_ECAPA/train/03-01-03-02-02-01-13.npy,96
01-03-02-02-01-14,03-01-03-02-02-01-14,03-01-03-02-02-01-14,data/raw/ravdess/audio_speech/Audio_Speech_Actors_01-24/Actor_14/03-01-03-02-02-01-14.wav,14,train,03,2,happy,02,02,01,2,happy,0.103774,0.089197,0.252146,0.140388,0.099372,0.108077,0.098487,0.108558,/home/tonyhe/ravdess_avfusion/external/audio_ser_speechbrain/speechbrain-develop-main/outputs/embeddings_ECAPA/train/03-01-03-02-02-01-14.npy,96
01-03-02-02-01-15,03-01-03-02-02-01-15,03-01-03-02-02-01-15,data/raw/ravdess/audio_speech/Audio_Speech_Actors_01-24/Actor_15/03-01-03-02-02-01-15.wav,15,train,03,2,happy,02,02,01,2,happy,0.090326,0.098268,0.231245,0.13914,0.119276,0.073663,0.128401,0.119681,/home/tonyhe/ravdess_avfusion/external/audio_ser_speechbrain/speechbrain-develop-main/outputs/embeddings_ECAPA/train/03-01-03-02-02-01-15.npy,96
01-03-02-02-01-16,03-01-03-02-02-01-16,03-01-03-02-02-01-16,data/raw/ravdess/audio_speech/Audio_Speech_Actors_01-24/Actor_16/03-01-03-02-02-01-16.wav,16,train,03,2,happy,02,02,01,2,happy,0.098354,0.100056,0.260475,0.105527,0.084915,0.090862,0.127407,0.132404,/home/tonyhe/ravdess_avfusion/external/audio_ser_speechbrain/speechbrain-develop-main/outputs/embeddings_ECAPA/train/03-01-03-02-02-01-16.npy,96
01-03-02-02-02-01,03-01-03-02-02-02-01,03-01-03-02-02-02-01,data/raw/ravdess/audio_speech/Audio_Speech_Actors_01-24/Actor_01/03-01-03-02-02-02-01.wav,1,train,03,2,happy,02,02,02,2,happy,0.092177,0.104095,0.252628,0.119121,0.105294,0.108395,0.092612,0.125678,/home/tonyhe/ravdess_avfusion/external/audio_ser_speechbrain/speechbrain-develop-main/outputs/embeddings_ECAPA/train/03-01-03-02-02-02-01.npy,96
01-03-02-02-02-02,03-01-03-02-02-02-02,03-01-03-02-02-02-02,data/raw/ravdess/audio_speech/Audio_Speech_Actors_01-24/Actor_02/03-01-03-02-02-02-02.wav,2,train,03,2,happy,02,02,02,2,happy,0.089286,0.096593,0.276644,0.107108,0.089653,0.115399,0.114268,0.11105,/home/tonyhe/ravdess_avfusion/external/audio_ser_speechbrain/speechbrain-develop-main/outputs/embeddings_ECAPA/train/03-01-03-02-02-02-02.npy,96
01-03-02-02-02-03,03-01-03-02-02-02-03,03-01-03-02-02-02-03,data/raw/ravdess/audio_speech/Audio_Speech_Actors_01-24/Actor_03/03-01-03-02-02-02-03.wav,3,train,03,2,happy,02,02,02,2,happy,0.106709,0.121441,0.268617,0.106022,0.0903,0.106664,0.086996,0.113251,/home/tonyhe/ravdess_avfusion/external/audio_ser_speechbrain/speechbrain-develop-main/outputs/embeddings_ECAPA/train/03-01-03-02-02-02-03.npy,96
01-03-02-02-02-04,03-01-03-02-02-02-04,03-01-03-02-02-02-04,data/raw/ravdess/audio_speech/Audio_Speech_Actors_01-24/Actor_04/03-01-03-02-02-02-04.wav,4,train,03,2,happy,02,02,02,2,happy,0.078877,0.09361,0.231312,0.1339,0.073352,0.144756,0.131402,0.112791,/home/tonyhe/ravdess_avfusion/external/audio_ser_speechbrain/speechbrain-develop-main/outputs/embeddings_ECAPA/train/03-01-03-02-02-02-04.npy,96
01-03-02-02-02-05,03-01-03-02-02-02-05,03-01-03-02-02-02-05,data/raw/ravdess/audio_speech/Audio_Speech_Actors_01-24/Actor_05/03-01-03-02-02-02-05.wav,5,train,03,2,happy,02,02,02,2,happy,0.115155,0.111155,0.261834,0.090179,0.114914,0.090565,0.105719,0.110479,/home/tonyhe/ravdess_avfusion/external/audio_ser_speechbrain/speechbrain-develop-main/outputs/embeddings_ECAPA/train/03-01-03-02-02-02-05.npy,96
01-03-02-02-02-06,03-01-03-02-02-02-06,03-01-03-02-02-02-06,data/raw/ravdess/audio_speech/Audio_Speech_Actors_01-24/Actor_06/03-01-03-02-02-02-06.wav,6,train,03,2,happy,02,02,02,2,happy,0.099084,0.118622,0.24231,0.128203,0.10511,0.12998,0.097209,0.07948,/home/tonyhe/ravdess_avfusion/external/audio_ser_speechbrain/speechbrain-develop-main/outputs/embeddings_ECAPA/train/03-01-03-02-02-02-06.npy,96
01-03-02-02-02-07,03-01-03-02-02-02-07,03-01-03-02-02-02-07,data/raw/ravdess/audio_speech/Audio_Speech_Actors_01-24/Actor_07/03-01-03-02-02-02-07.wav,7,train,03,2,happy,02,02,02,2,happy,0.078723,0.100751,0.252755,0.125915,0.074715,0.129354,0.12414,0.113647,/home/tonyhe/ravdess_avfusion/external/audio_ser_speechbrain/speechbrain-develop-main/outputs/embeddings_ECAPA/train/03-01-03-02-02-02-07.npy,96
01-03-02-02-02-08,03-01-03-02-02-02-08,03-01-03-02-02-02-08,data/raw/ravdess/audio_speech/Audio_Speech_Actors_01-24/Actor_08/03-01-03-02-02-02-08.wav,8,train,03,2,happy,02,02,02,2,happy,0.08665,0.119643,0.218449,0.145856,0.060805,0.125126,0.128029,0.115442,/home/tonyhe/ravdess_avfusion/external/audio_ser_speechbrain/speechbrain-develop-main/outputs/embeddings_ECAPA/train/03-01-03-02-02-02-08.npy,96
01-03-02-02-02-09,03-01-03-02-02-02-09,03-01-03-02-02-02-09,data/raw/ravdess/audio_speech/Audio_Speech_Actors_01-24/Actor_09/03-01-03-02-02-02-09.wav,9,train,03,2,happy,02,02,02,2,happy,0.107406,0.153129,0.255087,0.108937,0.093197,0.10614,0.095318,0.080786,/home/tonyhe/ravdess_avfusion/external/audio_ser_speechbrain/speechbrain-develop-main/outputs/embeddings_ECAPA/train/03-01-03-02-02-02-09.npy,96
01-03-02-02-02-10,03-01-03-02-02-02-10,03-01-03-02-02-02-10,data/raw/ravdess/audio_speech/Audio_Speech_Actors_01-24/Actor_10/03-01-03-02-02-02-10.wav,10,train,03,2,happy,02,02,02,2,happy,0.110865,0.126244,0.222828,0.167408,0.083365,0.124871,0.076411,0.088008,/home/tonyhe/ravdess_avfusion/external/audio_ser_speechbrain/speechbrain-develop-main/outputs/embeddings_ECAPA/train/03-01-03-02-02-02-10.npy,96
01-03-02-02-02-11,03-01-03-02-02-02-11,03-01-03-02-02-02-11,data/raw/ravdess/audio_speech/Audio_Speech_Actors_01-24/Actor_11/03-01-03-02-02-02-11.wav,11,train,03,2,happy,02,02,02,2,happy,0.102945,0.117314,0.241887,0.098209,0.097048,0.087754,0.09823,0.156613,/home/tonyhe/ravdess_avfusion/external/audio_ser_speechbrain/speechbrain-develop-main/outputs/embeddings_ECAPA/train/03-01-03-02-02-02-11.npy,96
01-03-02-02-02-12,03-01-03-02-02-02-12,03-01-03-02-02-02-12,data/raw/ravdess/audio_speech/Audio_Speech_Actors_01-24/Actor_12/03-01-03-02-02-02-12.wav,12,train,03,2,happy,02,02,02,2,happy,0.099099,0.126615,0.253108,0.137912,0.096851,0.095552,0.106017,0.084845,/home/tonyhe/ravdess_avfusion/external/audio_ser_speechbrain/speechbrain-develop-main/outputs/embeddings_ECAPA/train/03-01-03-02-02-02-12.npy,96
01-03-02-02-02-13,03-01-03-02-02-02-13,03-01-03-02-02-02-13,data/raw/ravdess/audio_speech/Audio_Speech_Actors_01-24/Actor_13/03-01-03-02-02-02-13.wav,13,train,03,2,happy,02,02,02,2,happy,0.103264,0.086886,0.246452,0.109132,0.090204,0.098428,0.111259,0.154375,/home/tonyhe/ravdess_avfusion/external/audio_ser_speechbrain/speechbrain-develop-main/outputs/embeddings_ECAPA/train/03-01-03-02-02-02-13.npy,96
01-03-02-02-02-14,03-01-03-02-02-02-14,03-01-03-02-02-02-14,data/raw/ravdess/audio_speech/Audio_Speech_Actors_01-24/Actor_14/03-01-03-02-02-02-14.wav,14,train,03,2,happy,02,02,02,2,happy,0.110276,0.096194,0.242702,0.117835,0.085698,0.125847,0.097112,0.124337,/home/tonyhe/ravdess_avfusion/external/audio_ser_speechbrain/speechbrain-develop-main/outputs/embeddings_ECAPA/train/03-01-03-02-02-02-14.npy,96
01-03-02-02-02-15,03-01-03-02-02-02-15,03-01-03-02-02-02-15,data/raw/ravdess/audio_speech/Audio_Speech_Actors_01-24/Actor_15/03-01-03-02-02-02-15.wav,15,train,03,2,happy,02,02,02,2,happy,0.104056,0.097253,0.238145,0.101289,0.096106,0.093414,0.104032,0.165706,/home/tonyhe/ravdess_avfusion/external/audio_ser_speechbrain/speechbrain-develop-main/outputs/embeddings_ECAPA/train/03-01-03-02-02-02-15.npy,96
01-03-02-02-02-16,03-01-03-02-02-02-16,03-01-03-02-02-02-16,data/raw/ravdess/audio_speech/Audio_Speech_Actors_01-24/Actor_16/03-01-03-02-02-02-16.wav,16,train,03,2,happy,02,02,02,2,happy,0.118749,0.109983,0.260299,0.114289,0.114934,0.089067,0.101244,0.091434,/home/tonyhe/ravdess_avfusion/external/audio_ser_speechbrain/speechbrain-develop-main/outputs/embeddings_ECAPA/train/03-01-03-02-02-02-16.npy,96
01-04-01-01-01-01,03-01-04-01-01-01-01,03-01-04-01-01-01-01,data/raw/ravdess/audio_speech/Audio_Speech_Actors_01-24/Actor_01/03-01-04-01-01-01-01.wav,1,train,04,3,sad,01,01,01,3,sad,0.135401,0.100578,0.10921,0.262645,0.087315,0.099622,0.091312,0.113917,/home/tonyhe/ravdess_avfusion/external/audio_ser_speechbrain/speechbrain-develop-main/outputs/embeddings_ECAPA/train/03-01-04-01-01-01-01.npy,96
01-04-01-01-01-02,03-01-04-01-01-01-02,03-01-04-01-01-01-02,data/raw/ravdess/audio_speech/Audio_Speech_Actors_01-24/Actor_02/03-01-04-01-01-01-02.wav,2,train,04,3,sad,01,01,01,3,sad,0.148554,0.104445,0.09228,0.219224,0.094973,0.098313,0.123596,0.118614,/home/tonyhe/ravdess_avfusion/external/audio_ser_speechbrain/speechbrain-develop-main/outputs/embeddings_ECAPA/train/03-01-04-01-01-01-02.npy,96
01-04-01-01-01-03,03-01-04-01-01-01-03,03-01-04-01-01-01-03,data/raw/ravdess/audio_speech/Audio_Speech_Actors_01-24/Actor_03/03-01-04-01-01-01-03.wav,3,train,04,3,sad,01,01,01,3,sad,0.13494,0.08971,0.128879,0.259027,0.087717,0.083342,0.107256,0.109129,/home/tonyhe/ravdess_avfusion/external/audio_ser_speechbrain/speechbrain-develop-main/outputs/embeddings_ECAPA/train/03-01-04-01-01-01-03.npy,96
01-04-01-01-01-04,03-01-04-01-01-01-04,03-01-04-01-01-01-04,data/raw/ravdess/audio_speech/Audio_Speech_Actors_01-24/Actor_04/03-01-04-01-01-01-04.wav,4,train,04,3,sad,01,01,01,3,sad,0.14471,0.090439,0.093651,0.229454,0.088587,0.074632,0.128487,0.15004,/home/tonyhe/ravdess_avfusion/external/audio_ser_speechbrain/speechbrain-develop-main/outputs/embeddings_ECAPA/train/03-01-04-01-01-01-04.npy,96
01-04-01-01-01-05,03-01-04-01-01-01-05,03-01-04-01-01-01-05,data/raw/ravdess/audio_speech/Audio_Speech_Actors_01-24/Actor_05/03-01-04-01-01-01-05.wav,5,train,04,3,sad,01,01,01,3,sad,0.162037,0.152111,0.083031,0.20591,0.071515,0.110933,0.109919,0.104543,/home/tonyhe/ravdess_avfusion/external/audio_ser_speechbrain/speechbrain-develop-main/outputs/embeddings_ECAPA/train/03-01-04-01-01-01-05.npy,96
01-04-01-01-01-06,03-01-04-01-01-01-06,03-01-04-01-01-01-06,data/raw/ravdess/audio_speech/Audio_Speech_Actors_01-24/Actor_06/03-01-04-01-01-01-06.wav,6,train,04,3,sad,01,01,01,3,sad,0.142342,0.116367,0.108395,0.230902,0.0936,0.131828,0.079921,0.096644,/home/tonyhe/ravdess_avfusion/external/audio_ser_speechbrain/speechbrain-develop-main/outputs/embeddings_ECAPA/train/03-01-04-01-01-01-06.npy,96
01-04-01-01-01-07,03-01-04-01-01-01-07,03-01-04-01-01-01-07,data/raw/ravdess/audio_speech/Audio_Speech_Actors_01-24/Actor_07/03-01-04-01-01-01-07.wav,7,train,04,3,sad,01,01,01,3,sad,0.142021,0.127175,0.125152,0.243094,0.085237,0.107667,0.082756,0.086898,/home/tonyhe/ravdess_avfusion/external/audio_ser_speechbrain/speechbrain-develop-main/outputs/embeddings_ECAPA/train/03-01-04-01-01-01-07.npy,96
01-04-01-01-01-08,03-01-04-01-01-01-08,03-01-04-01-01-01-08,data/raw/ravdess/audio_speech/Audio_Speech_Actors_01-24/Actor_08/03-01-04-01-01-01-08.wav,8,train,04,3,sad,01,01,01,3,sad,0.132059,0.104874,0.089403,0.239039,0.09005,0.089631,0.144039,0.110905,/home/tonyhe/ravdess_avfusion/external/audio_ser_speechbrain/speechbrain-develop-main/outputs/embeddings_ECAPA/train/03-01-04-01-01-01-08.npy,96
01-04-01-01-01-09,03-01-04-01-01-01-09,03-01-04-01-01-01-09,data/raw/ravdess/audio_speech/Audio_Speech_Actors_01-24/Actor_09/03-01-04-01-01-01-09.wav,9,train,04,3,sad,01,01,01,3,sad,0.158926,0.083216,0.098393,0.247612,0.089594,0.099127,0.11595,0.107182,/home/tonyhe/ravdess_avfusion/external/audio_ser_speechbrain/speechbrain-develop-main/outputs/embeddings_ECAPA/train/03-01-04-01-01-01-09.npy,96
01-04-01-01-01-10,03-01-04-01-01-01-10,03-01-04-01-01-01-10,data/raw/ravdess/audio_speech/Audio_Speech_Actors_01-24/Actor_10/03-01-04-01-01-01-10.wav,10,train,04,3,sad,01,01,01,3,sad,0.133741,0.10894,0.077706,0.238643,0.084704,0.112221,0.110882,0.133162,/home/tonyhe/ravdess_avfusion/external/audio_ser_speechbrain/speechbrain-develop-main/outputs/embeddings_ECAPA/train/03-01-04-01-01-01-10.npy,96
01-04-01-01-01-11,03-01-04-01-01-01-11,03-01-04-01-01-01-11,data/raw/ravdess/audio_speech/Audio_Speech_Actors_01-24/Actor_11/03-01-04-01-01-01-11.wav,11,train,04,3,sad,01,01,01,3,sad,0.115444,0.085969,0.13735,0.238703,0.075821,0.102759,0.106412,0.137544,/home/tonyhe/ravdess_avfusion/external/audio_ser_speechbrain/speechbrain-develop-main/outputs/embeddings_ECAPA/train/03-01-04-01-01-01-11.npy,96
01-04-01-01-01-12,03-01-04-01-01-01-12,03-01-04-01-01-01-12,data/raw/ravdess/audio_speech/Audio_Speech_Actors_01-24/Actor_12/03-01-04-01-01-01-12.wav,12,train,04,3,sad,01,01,01,3,sad,0.143295,0.081116,0.142007,0.23989,0.094012,0.086969,0.113293,0.099418,/home/tonyhe/ravdess_avfusion/external/audio_ser_speechbrain/speechbrain-develop-main/outputs/embeddings_ECAPA/train/03-01-04-01-01-01-12.npy,96
01-04-01-01-01-13,03-01-04-01-01-01-13,03-01-04-01-01-01-13,data/raw/ravdess/audio_speech/Audio_Speech_Actors_01-24/Actor_13/03-01-04-01-01-01-13.wav,13,train,04,3,sad,01,01,01,3,sad,0.177111,0.10793,0.085951,0.208826,0.08065,0.082946,0.151378,0.105208,/home/tonyhe/ravdess_avfusion/external/audio_ser_speechbrain/speechbrain-develop-main/outputs/embeddings_ECAPA/train/03-01-04-01-01-01-13.npy,96
01-04-01-01-01-14,03-01-04-01-01-01-14,03-01-04-01-01-01-14,data/raw/ravdess/audio_speech/Audio_Speech_Actors_01-24/Actor_14/03-01-04-01-01-01-14.wav,14,train,04,3,sad,01,01,01,3,sad,0.143311,0.077431,0.094751,0.235663,0.079774,0.105165,0.124154,0.139752,/home/tonyhe/ravdess_avfusion/external/audio_ser_speechbrain/speechbrain-develop-main/outputs/embeddings_ECAPA/train/03-01-04-01-01-01-14.npy,96
01-04-01-01-01-15,03-01-04-01-01-01-15,03-01-04-01-01-01-15,data/raw/ravdess/audio_speech/Audio_Speech_Actors_01-24/Actor_15/03-01-04-01-01-01-15.wav,15,train,04,3,sad,01,01,01,3,sad,0.126283,0.0944,0.084646,0.244904,0.081731,0.097591,0.121852,0.148594,/home/tonyhe/ravdess_avfusion/external/audio_ser_speechbrain/speechbrain-develop-main/outputs/embeddings_ECAPA/train/03-01-04-01-01-01-15.npy,96
01-04-01-01-01-16,03-01-04-01-01-01-16,03-01-04-01-01-01-16,data/raw/ravdess/audio_speech/Audio_Speech_Actors_01-24/Actor_16/03-01-04-01-01-01-16.wav,16,train,04,3,sad,01,01,01,3,sad,0.119599,0.096782,0.12157,0.227916,0.074266,0.080458,0.123203,0.156207,/home/tonyhe/ravdess_avfusion/external/audio_ser_speechbrain/speechbrain-develop-main/outputs/embeddings_ECAPA/train/03-01-04-01-01-01-16.npy,96
01-04-01-01-02-01,03-01-04-01-01-02-01,03-01-04-01-01-02-01,data/raw/ravdess/audio_speech/Audio_Speech_Actors_01-24/Actor_01/03-01-04-01-01-02-01.wav,1,train,04,3,sad,01,01,02,3,sad,0.159462,0.101033,0.098596,0.224209,0.075657,0.081313,0.138241,0.121489,/home/tonyhe/ravdess_avfusion/external/audio_ser_speechbrain/speechbrain-develop-main/outputs/embeddings_ECAPA/train/03-01-04-01-01-02-01.npy,96
01-04-01-01-02-02,03-01-04-01-01-02-02,03-01-04-01-01-02-02,data/raw/ravdess/audio_speech/Audio_Speech_Actors_01-24/Actor_02/03-01-04-01-01-02-02.wav,2,train,04,3,sad,01,01,02,3,sad,0.150141,0.101729,0.106133,0.259863,0.094586,0.092122,0.100009,0.095418,/home/tonyhe/ravdess_avfusion/external/audio_ser_speechbrain/speechbrain-develop-main/outputs/embeddings_ECAPA/train/03-01-04-01-01-02-02.npy,96
01-04-01-01-02-03,03-01-04-01-01-02-03,03-01-04-01-01-02-03,data/raw/ravdess/audio_speech/Audio_Speech_Actors_01-24/Actor_03/03-01-04-01-01-02-03.wav,3,train,04,3,sad,01,01,02,3,sad,0.137866,0.12253,0.084227,0.25746,0.102755,0.093816,0.105406,0.095939,/home/tonyhe/ravdess_avfusion/external/audio_ser_speechbrain/speechbrain-develop-main/outputs/embeddings_ECAPA/train/03-01-04-01-01-02-03.npy,96
01-04-01-01-02-04,03-01-04-01-01-02-04,03-01-04-01-01-02-04,data/raw/ravdess/audio_speech/Audio_Speech_Actors_01-24/Actor_04/03-01-04-01-01-02-04.wav,4,train,04,3,sad,01,01,02,3,sad,0.128846,0.094785,0.097838,0.23334,0.099586,0.079655,0.097354,0.168597,/home/tonyhe/ravdess_avfusion/external/audio_ser_speechbrain/speechbrain-develop-main/outputs/embeddings_ECAPA/train/03-01-04-01-01-02-04.npy,96
01-04-01-01-02-05,03-01-04-01-01-02-05,03-01-04-01-01-02-05,data/raw/ravdess/audio_speech/Audio_Speech_Actors_01-24/Actor_05/03-01-04-01-01-02-05.wav,5,train,04,3,sad,01,01,02,3,sad,0.135576,0.138839,0.076416,0.217888,0.10059,0.138019,0.113142,0.07953,/home/tonyhe/ravdess_avfusion/external/audio_ser_speechbrain/speechbrain-develop-main/outputs/embeddings_ECAPA/train/03-01-04-01-01-02-05.npy,96
01-04-01-01-02-06,03-01-04-01-01-02-06,03-01-04-01-01-02-06,data/raw/ravdess/audio_speech/Audio_Speech_Actors_01-24/Actor_06/03-01-04-01-01-02-06.wav,6,train,04,3,sad,01,01,02,3,sad,0.154584,0.103515,0.102151,0.216661,0.117377,0.151144,0.075239,0.079329,/home/tonyhe/ravdess_avfusion/external/audio_ser_speechbrain/speechbrain-develop-main/outputs/embeddings_ECAPA/train/03-01-04-01-01-02-06.npy,96
01-04-01-01-02-07,03-01-04-01-01-02-07,03-01-04-01-01-02-07,data/raw/ravdess/audio_speech/Audio_Speech_Actors_01-24/Actor_07/03-01-04-01-01-02-07.wav,7,train,04,3,sad,01,01,02,3,sad,0.148472,0.122359,0.102201,0.248075,0.076099,0.093855,0.092655,0.116285,/home/tonyhe/ravdess_avfusion/external/audio_ser_speechbrain/speechbrain-develop-main/outputs/embeddings_ECAPA/train/03-01-04-01-01-02-07.npy,96
01-04-01-01-02-08,03-01-04-01-01-02-08,03-01-04-01-01-02-08,data/raw/ravdess/audio_speech/Audio_Speech_Actors_01-24/Actor_08/03-01-04-01-01-02-08.wav,8,train,04,3,sad,01,01,02,3,sad,0.149728,0.12058,0.089808,0.254011,0.086769,0.094367,0.110782,0.093954,/home/tonyhe/ravdess_avfusion/external/audio_ser_speechbrain/speechbrain-develop-main/outputs/embeddings_ECAPA/train/03-01-04-01-01-02-08.npy,96
01-04-01-01-02-09,03-01-04-01-01-02-09,03-01-04-01-01-02-09,data/raw/ravdess/audio_speech/Audio_Speech_Actors_01-24/Actor_09/03-01-04-01-01-02-09.wav,9,train,04,3,sad,01,01,02,3,sad,0.131495,0.131012,0.110996,0.247265,0.087923,0.112985,0.074552,0.103772,/home/tonyhe/ravdess_avfusion/external/audio_ser_speechbrain/speechbrain-develop-main/outputs/embeddings_ECAPA/train/03-01-04-01-01-02-09.npy,96
01-04-01-01-02-10,03-01-04-01-01-02-10,03-01-04-01-01-02-10,data/raw/ravdess/audio_speech/Audio_Speech_Actors_01-24/Actor_10/03-01-04-01-01-02-10.wav,10,train,04,3,sad,01,01,02,3,sad,0.113307,0.121496,0.081205,0.228968,0.103412,0.135035,0.12728,0.089297,/home/tonyhe/ravdess_avfusion/external/audio_ser_speechbrain/speechbrain-develop-main/outputs/embeddings_ECAPA/train/03-01-04-01-01-02-10.npy,96
01-04-01-01-02-11,03-01-04-01-01-02-11,03-01-04-01-01-02-11,data/raw/ravdess/audio_speech/Audio_Speech_Actors_01-24/Actor_11/03-01-04-01-01-02-11.wav,11,train,04,3,sad,01,01,02,3,sad,0.141245,0.111669,0.088731,0.235606,0.110627,0.107504,0.127831,0.076786,/home/tonyhe/ravdess_avfusion/external/audio_ser_speechbrain/speechbrain-develop-main/outputs/embeddings_ECAPA/train/03-01-04-01-01-02-11.npy,96
01-04-01-01-02-12,03-01-04-01-01-02-12,03-01-04-01-01-02-12,data/raw/ravdess/audio_speech/Audio_Speech_Actors_01-24/Actor_12/03-01-04-01-01-02-12.wav,12,train,04,3,sad,01,01,02,3,sad,0.133386,0.104616,0.115066,0.257727,0.089825,0.112429,0.09258,0.09437,/home/tonyhe/ravdess_avfusion/external/audio_ser_speechbrain/speechbrain-develop-main/outputs/embeddings_ECAPA/train/03-01-04-01-01-02-12.npy,96
01-04-01-01-02-13,03-01-04-01-01-02-13,03-01-04-01-01-02-13,data/raw/ravdess/audio_speech/Audio_Speech_Actors_01-24/Actor_13/03-01-04-01-01-02-13.wav,13,train,04,3,sad,01,01,02,3,sad,0.154368,0.096332,0.1049,0.237081,0.104738,0.10535,0.120816,0.076415,/home/tonyhe/ravdess_avfusion/external/audio_ser_speechbrain/speechbrain-develop-main/outputs/embeddings_ECAPA/train/03-01-04-01-01-02-13.npy,96
01-04-01-01-02-14,03-01-04-01-01-02-14,03-01-04-01-01-02-14,data/raw/ravdess/audio_speech/Audio_Speech_Actors_01-24/Actor_14/03-01-04-01-01-02-14.wav,14,train,04,3,sad,01,01,02,3,sad,0.139269,0.082164,0.097944,0.24034,0.095179,0.078141,0.1168,0.150163,/home/tonyhe/ravdess_avfusion/external/audio_ser_speechbrain/speechbrain-develop-main/outputs/embeddings_ECAPA/train/03-01-04-01-01-02-14.npy,96
01-04-01-01-02-15,03-01-04-01-01-02-15,03-01-04-01-01-02-15,data/raw/ravdess/audio_speech/Audio_Speech_Actors_01-24/Actor_15/03-01-04-01-01-02-15.wav,15,train,04,3,sad,01,01,02,3,sad,0.139692,0.109163,0.079913,0.259227,0.093052,0.11704,0.093339,0.108573,/home/tonyhe/ravdess_avfusion/external/audio_ser_speechbrain/speechbrain-develop-main/outputs/embeddings_ECAPA/train/03-01-04-01-01-02-15.npy,96
01-04-01-01-02-16,03-01-04-01-01-02-16,03-01-04-01-01-02-16,data/raw/ravdess/audio_speech/Audio_Speech_Actors_01-24/Actor_16/03-01-04-01-01-02-16.wav,16,train,04,3,sad,01,01,02,3,sad,0.158971,0.109869,0.119898,0.241111,0.072747,0.090448,0.096147,0.110808,/home/tonyhe/ravdess_avfusion/external/audio_ser_speechbrain/speechbrain-develop-main/outputs/embeddings_ECAPA/train/03-01-04-01-01-02-16.npy,96
01-04-01-02-01-01,03-01-04-01-02-01-01,03-01-04-01-02-01-01,data/raw/ravdess/audio_speech/Audio_Speech_Actors_01-24/Actor_01/03-01-04-01-02-01-01.wav,1,train,04,3,sad,01,02,01,3,sad,0.165314,0.143753,0.147138,0.180711,0.071282,0.07503,0.096483,0.120289,/home/tonyhe/ravdess_avfusion/external/audio_ser_speechbrain/speechbrain-develop-main/outputs/embeddings_ECAPA/train/03-01-04-01-02-01-01.npy,96
01-04-01-02-01-02,03-01-04-01-02-01-02,03-01-04-01-02-01-02,data/raw/ravdess/audio_speech/Audio_Speech_Actors_01-24/Actor_02/03-01-04-01-02-01-02.wav,2,train,04,3,sad,01,02,01,3,sad,0.145525,0.099369,0.122705,0.246819,0.074792,0.085325,0.104181,0.121284,/home/tonyhe/ravdess_avfusion/external/audio_ser_speechbrain/speechbrain-develop-main/outputs/embeddings_ECAPA/train/03-01-04-01-02-01-02.npy,96
01-04-01-02-01-03,03-01-04-01-02-01-03,03-01-04-01-02-01-03,data/raw/ravdess/audio_speech/Audio_Speech_Actors_01-24/Actor_03/03-01-04-01-02-01-03.wav,3,train,04,3,sad,01,02,01,3,sad,0.102647,0.138469,0.08428,0.245719,0.104651,0.107764,0.105506,0.110965,/home/tonyhe/ravdess_avfusion/external/audio_ser_speechbrain/speechbrain-develop-main/outputs/embeddings_ECAPA/train/03-01-04-01-02-01-03.npy,96
01-04-01-02-01-04,03-01-04-01-02-01-04,03-01-04-01-02-01-04,data/raw/ravdess/audio_speech/Audio_Speech_Actors_01-24/Actor_04/03-01-04-01-02-01-04.wav,4,train,04,3,sad,01,02,01,3,sad,0.135555,0.120552,0.069724,0.232913,0.108493,0.080223,0.106907,0.145632,/home/tonyhe/ravdess_avfusion/external/audio_ser_speechbrain/speechbrain-develop-main/outputs/embeddings_ECAPA/train/03-01-04-01-02-01-04.npy,96
01-04-01-02-01-05,03-01-04-01-02-01-05,03-01-04-01-02-01-05,data/raw/ravdess/audio_speech/Audio_Speech_Actors_01-24/Actor_05/03-01-04-01-02-01-05.wav,5,train,04,3,sad,01,02,01,3,sad,0.163437,0.103613,0.093353,0.231686,0.086437,0.123941,0.10923,0.088303,/home/tonyhe/ravdess_avfusion/external/audio_ser_speechbrain/speechbrain-develop-main/outputs/embeddings_ECAPA/train/03-01-04-01-02-01-05.npy,96
01-04-01-02-01-06,03-01-04-01-02-01-06,03-01-04-01-02-01-06,data/raw/ravdess/audio_speech/Audio_Speech_Actors_01-24/Actor_06/03-01-04-01-02-01-06.wav,6,train,04,3,sad,01,02,01,3,sad,0.131736,0.119527,0.11023,0.253266,0.07689,0.090034,0.119269,0.099048,/home/tonyhe/ravdess_avfusion/external/audio_ser_speechbrain/speechbrain-develop-main/outputs/embeddings_ECAPA/train/03-01-04-01-02-01-06.npy,96
01-04-01-02-01-07,03-01-04-01-02-01-07,03-01-04-01-02-01-07,data/raw/ravdess/audio_speech/Audio_Speech_Actors_01-24/Actor_07/03-01-04-01-02-01-07.wav,7,train,04,3,sad,01,02,01,3,sad,0.159484,0.122103,0.076798,0.245479,0.107951,0.077192,0.110631,0.100361,/home/tonyhe/ravdess_avfusion/external/audio_ser_speechbrain/speechbrain-develop-main/outputs/embeddings_ECAPA/train/03-01-04-01-02-01-07.npy,96
01-04-01-02-01-08,03-01-04-01-02-01-08,03-01-04-01-02-01-08,data/raw/ravdess/audio_speech/Audio_Speech_Actors_01-24/Actor_08/03-01-04-01-02-01-08.wav,8,train,04,3,sad,01,02,01,3,sad,0.117947,0.124586,0.091617,0.25167,0.087257,0.088922,0.126788,0.111213,/home/tonyhe/ravdess_avfusion/external/audio_ser_speechbrain/speechbrain-develop-main/outputs/embeddings_ECAPA/train/03-01-04-01-02-01-08.npy,96
01-04-01-02-01-09,03-01-04-01-02-01-09,03-01-04-01-02-01-09,data/raw/ravdess/audio_speech/Audio_Speech_Actors_01-24/Actor_09/03-01-04-01-02-01-09.wav,9,train,04,3,sad,01,02,01,3,sad,0.148646,0.098996,0.086525,0.220312,0.090854,0.082046,0.115897,0.156725,/home/tonyhe/ravdess_avfusion/external/audio_ser_speechbrain/speechbrain-develop-main/outputs/embeddings_ECAPA/train/03-01-04-01-02-01-09.npy,96
01-04-01-02-01-10,03-01-04-01-02-01-10,03-01-04-01-02-01-10,data/raw/ravdess/audio_speech/Audio_Speech_Actors_01-24/Actor_10/03-01-04-01-02-01-10.wav,10,train,04,3,sad,01,02,01,3,sad,0.12514,0.085738,0.097002,0.256264,0.088222,0.104563,0.134579,0.108492,/home/tonyhe/ravdess_avfusion/external/audio_ser_speechbrain/speechbrain-develop-main/outputs/embeddings_ECAPA/train/03-01-04-01-02-01-10.npy,96
01-04-01-02-01-11,03-01-04-01-02-01-11,03-01-04-01-02-01-11,data/raw/ravdess/audio_speech/Audio_Speech_Actors_01-24/Actor_11/03-01-04-01-02-01-11.wav,11,train,04,3,sad,01,02,01,3,sad,0.120337,0.10819,0.141424,0.215304,0.108162,0.102323,0.135652,0.068609,/home/tonyhe/ravdess_avfusion/external/audio_ser_speechbrain/speechbrain-develop-main/outputs/embeddings_ECAPA/train/03-01-04-01-02-01-11.npy,96
01-04-01-02-01-12,03-01-04-01-02-01-12,03-01-04-01-02-01-12,data/raw/ravdess/audio_speech/Audio_Speech_Actors_01-24/Actor_12/03-01-04-01-02-01-12.wav,12,train,04,3,sad,01,02,01,3,sad,0.157381,0.12798,0.097736,0.236312,0.072167,0.096199,0.102461,0.109765,/home/tonyhe/ravdess_avfusion/external/audio_ser_speechbrain/speechbrain-develop-main/outputs/embeddings_ECAPA/train/03-01-04-01-02-01-12.npy,96
01-04-01-02-01-13,03-01-04-01-02-01-13,03-01-04-01-02-01-13,data/raw/ravdess/audio_speech/Audio_Speech_Actors_01-24/Actor_13/03-01-04-01-02-01-13.wav,13,train,04,3,sad,01,02,01,3,sad,0.147971,0.13692,0.15177,0.177148,0.066219,0.072833,0.134211,0.112927,/home/tonyhe/ravdess_avfusion/external/audio_ser_speechbrain/speechbrain-develop-main/outputs/embeddings_ECAPA/train/03-01-04-01-02-01-13.npy,96
01-04-01-02-01-14,03-01-04-01-02-01-14,03-01-04-01-02-01-14,data/raw/ravdess/audio_speech/Audio_Speech_Actors_01-24/Actor_14/03-01-04-01-02-01-14.wav,14,train,04,3,sad,01,02,01,3,sad,0.114454,0.113005,0.084992,0.243649,0.100825,0.127939,0.123769,0.091367,/home/tonyhe/ravdess_avfusion/external/audio_ser_speechbrain/speechbrain-develop-main/outputs/embeddings_ECAPA/train/03-01-04-01-02-01-14.npy,96
01-04-01-02-01-15,03-01-04-01-02-01-15,03-01-04-01-02-01-15,data/raw/ravdess/audio_speech/Audio_Speech_Actors_01-24/Actor_15/03-01-04-01-02-01-15.wav,15,train,04,3,sad,01,02,01,3,sad,0.138309,0.112862,0.113708,0.250225,0.07564,0.088805,0.117975,0.102476,/home/tonyhe/ravdess_avfusion/external/audio_ser_speechbrain/speechbrain-develop-main/outputs/embeddings_ECAPA/train/03-01-04-01-02-01-15.npy,96
01-04-01-02-01-16,03-01-04-01-02-01-16,03-01-04-01-02-01-16,data/raw/ravdess/audio_speech/Audio_Speech_Actors_01-24/Actor_16/03-01-04-01-02-01-16.wav,16,train,04,3,sad,01,02,01,3,sad,0.165523,0.103923,0.112224,0.195458,0.068261,0.095018,0.112077,0.147516,/home/tonyhe/ravdess_avfusion/external/audio_ser_speechbrain/speechbrain-develop-main/outputs/embeddings_ECAPA/train/03-01-04-01-02-01-16.npy,96
01-04-01-02-02-01,03-01-04-01-02-02-01,03-01-04-01-02-02-01,data/raw/ravdess/audio_speech/Audio_Speech_Actors_01-24/Actor_01/03-01-04-01-02-02-01.wav,1,train,04,3,sad,01,02,02,3,sad,0.181931,0.078138,0.105183,0.218884,0.100686,0.076412,0.11179,0.126976,/home/tonyhe/ravdess_avfusion/external/audio_ser_speechbrain/speechbrain-develop-main/outputs/embeddings_ECAPA/train/03-01-04-01-02-02-01.npy,96
01-04-01-02-02-02,03-01-04-01-02-02-02,03-01-04-01-02-02-02,data/raw/ravdess/audio_speech/Audio_Speech_Actors_01-24/Actor_02/03-01-04-01-02-02-02.wav,2,train,04,3,sad,01,02,02,3,sad,0.148272,0.12348,0.100745,0.252745,0.079558,0.081279,0.105959,0.107961,/home/tonyhe/ravdess_avfusion/external/audio_ser_speechbrain/speechbrain-develop-main/outputs/embeddings_ECAPA/train/03-01-04-01-02-02-02.npy,96
01-04-01-02-02-03,03-01-04-01-02-02-03,03-01-04-01-02-02-03,data/raw/ravdess/audio_speech/Audio_Speech_Actors_01-24/Actor_03/03-01-04-01-02-02-03.wav,3,train,04,3,sad,01,02,02,3,sad,0.126785,0.111324,0.090186,0.248755,0.084089,0.10435,0.126849,0.107663,/home/tonyhe/ravdess_avfusion/external/audio_ser_speechbrain/speechbrain-develop-main/outputs/embeddings_ECAPA/train/03-01-04-01-02-02-03.npy,96
01-04-01-02-02-04,03-01-04-01-02-02-04,03-01-04-01-02-02-04,data/raw/ravdess/audio_speech/Audio_Speech_Actors_01-24/Actor_04/03-01-04-01-02-02-04.wav,4,train,04,3,sad,01,02,02,3,sad,0.130916,0.123264,0.077875,0.255263,0.100652,0.086699,0.10043,0.124901,/home/tonyhe/ravdess_avfusion/external/audio_ser_speechbrain/speechbrain-develop-main/outputs/embeddings_ECAPA/train/03-01-04-01-02-02-04.npy,96
01-04-01-02-02-05,03-01-04-01-02-02-05,03-01-04-01-02-02-05,data/raw/ravdess/audio_speech/Audio_Speech_Actors_01-24/Actor_05/03-01-04-01-02-02-05.wav,5,train,04,3,sad,01,02,02,3,sad,0.156377,0.136338,0.086352,0.216095,0.102912,0.118922,0.113679,0.069324,/home/tonyhe/ravdess_avfusion/external/audio_ser_speechbrain/speechbrain-develop-main/outputs/embeddings_ECAPA/train/03-01-04-01-02-02-05.npy,96
01-04-01-02-02-06,03-01-04-01-02-02-06,03-01-04-01-02-02-06,data/raw/ravdess/audio_speech/Audio_Speech_Actors_01-24/Actor_06/03-01-04-01-02-02-06.wav,6,train,04,3,sad,01,02,02,3,sad,0.133213,0.123354,0.107689,0.233265,0.071047,0.089212,0.129662,0.112556,/home/tonyhe/ravdess_avfusion/external/audio_ser_speechbrain/speechbrain-develop-main/outputs/embeddings_ECAPA/train/03-01-04-01-02-02-06.npy,96
01-04-01-02-02-07,03-01-04-01-02-02-07,03-01-04-01-02-02-07,data/raw/ravdess/audio_speech/Audio_Speech_Actors_01-24/Actor_07/03-01-04-01-02-02-07.wav,7,train,04,3,sad,01,02,02,3,sad,0.146957,0.090262,0.112825,0.255905,0.092124,0.098193,0.110887,0.092846,/home/tonyhe/ravdess_avfusion/external/audio_ser_speechbrain/speechbrain-develop-main/outputs/embeddings_ECAPA/train/03-01-04-01-02-02-07.npy,96
01-04-01-02-02-08,03-01-04-01-02-02-08,03-01-04-01-02-02-08,data/raw/ravdess/audio_speech/Audio_Speech_Actors_01-24/Actor_08/03-01-04-01-02-02-08.wav,8,train,04,3,sad,01,02,02,3,sad,0.121639,0.1099,0.078102,0.232701,0.096336,0.132508,0.117659,0.111155,/home/tonyhe/ravdess_avfusion/external/audio_ser_speechbrain/speechbrain-develop-main/outputs/embeddings_ECAPA/train/03-01-04-01-02-02-08.npy,96
01-04-01-02-02-09,03-01-04-01-02-02-09,03-01-04-01-02-02-09,data/raw/ravdess/audio_speech/Audio_Speech_Actors_01-24/Actor_09/03-01-04-01-02-02-09.wav,9,train,04,3,sad,01,02,02,3,sad,0.159502,0.117802,0.084112,0.221064,0.106573,0.123696,0.106325,0.080925,/home/tonyhe/ravdess_avfusion/external/audio_ser_speechbrain/speechbrain-develop-main/outputs/embeddings_ECAPA/train/03-01-04-01-02-02-09.npy,96
01-04-01-02-02-10,03-01-04-01-02-02-10,03-01-04-01-02-02-10,data/raw/ravdess/audio_speech/Audio_Speech_Actors_01-24/Actor_10/03-01-04-01-02-02-10.wav,10,train,04,3,sad,01,02,02,3,sad,0.128337,0.101278,0.079008,0.227121,0.086447,0.110864,0.155632,0.111313,/home/tonyhe/ravdess_avfusion/external/audio_ser_speechbrain/speechbrain-develop-main/outputs/embeddings_ECAPA/train/03-01-04-01-02-02-10.npy,96
01-04-01-02-02-11,03-01-04-01-02-02-11,03-01-04-01-02-02-11,data/raw/ravdess/audio_speech/Audio_Speech_Actors_01-24/Actor_11/03-01-04-01-02-02-11.wav,11,train,04,3,sad,01,02,02,3,sad,0.109779,0.084575,0.157782,0.21059,0.074157,0.103805,0.139997,0.119315,/home/tonyhe/ravdess_avfusion/external/audio_ser_speechbrain/speechbrain-develop-main/outputs/embeddings_ECAPA/train/03-01-04-01-02-02-11.npy,96
01-04-01-02-02-12,03-01-04-01-02-02-12,03-01-04-01-02-02-12,data/raw/ravdess/audio_speech/Audio_Speech_Actors_01-24/Actor_12/03-01-04-01-02-02-12.wav,12,train,04,3,sad,01,02,02,3,sad,0.129033,0.084896,0.120506,0.24343,0.089095,0.086515,0.1454,0.101126,/home/tonyhe/ravdess_avfusion/external/audio_ser_speechbrain/speechbrain-develop-main/outputs/embeddings_ECAPA/train/03-01-04-01-02-02-12.npy,96
01-04-01-02-02-13,03-01-04-01-02-02-13,03-01-04-01-02-02-13,data/raw/ravdess/audio_speech/Audio_Speech_Actors_01-24/Actor_13/03-01-04-01-02-02-13.wav,13,train,04,3,sad,01,02,02,3,sad,0.156009,0.110293,0.122156,0.241284,0.077606,0.101458,0.109019,0.082175,/home/tonyhe/ravdess_avfusion/external/audio_ser_speechbrain/speechbrain-develop-main/outputs/embeddings_ECAPA/train/03-01-04-01-02-02-13.npy,96
01-04-01-02-02-14,03-01-04-01-02-02-14,03-01-04-01-02-02-14,data/raw/ravdess/audio_speech/Audio_Speech_Actors_01-24/Actor_14/03-01-04-01-02-02-14.wav,14,train,04,3,sad,01,02,02,3,sad,0.116447,0.098261,0.120523,0.260109,0.077304,0.113096,0.108909,0.105351,/home/tonyhe/ravdess_avfusion/external/audio_ser_speechbrain/speechbrain-develop-main/outputs/embeddings_ECAPA/train/03-01-04-01-02-02-14.npy,96
01-04-01-02-02-15,03-01-04-01-02-02-15,03-01-04-01-02-02-15,data/raw/ravdess/audio_speech/Audio_Speech_Actors_01-24/Actor_15/03-01-04-01-02-02-15.wav,15,train,04,3,sad,01,02,02,3,sad,0.110885,0.111871,0.083169,0.231226,0.082597,0.094626,0.129561,0.156065,/home/tonyhe/ravdess_avfusion/external/audio_ser_speechbrain/speechbrain-develop-main/outputs/embeddings_ECAPA/train/03-01-04-01-02-02-15.npy,96
01-04-01-02-02-16,03-01-04-01-02-02-16,03-01-04-01-02-02-16,data/raw/ravdess/audio_speech/Audio_Speech_Actors_01-24/Actor_16/03-01-04-01-02-02-16.wav,16,train,04,3,sad,01,02,02,3,sad,0.137456,0.124597,0.137039,0.201654,0.060216,0.097051,0.113225,0.128761,/home/tonyhe/ravdess_avfusion/external/audio_ser_speechbrain/speechbrain-develop-main/outputs/embeddings_ECAPA/train/03-01-04-01-02-02-16.npy,96
01-04-02-01-01-01,03-01-04-02-01-01-01,03-01-04-02-01-01-01,data/raw/ravdess/audio_speech/Audio_Speech_Actors_01-24/Actor_01/03-01-04-02-01-01-01.wav,1,train,04,3,sad,02,01,01,3,sad,0.124014,0.095815,0.133237,0.238967,0.074943,0.096543,0.103398,0.133083,/home/tonyhe/ravdess_avfusion/external/audio_ser_speechbrain/speechbrain-develop-main/outputs/embeddings_ECAPA/train/03-01-04-02-01-01-01.npy,96
01-04-02-01-01-02,03-01-04-02-01-01-02,03-01-04-02-01-01-02,data/raw/ravdess/audio_speech/Audio_Speech_Actors_01-24/Actor_02/03-01-04-02-01-01-02.wav,2,train,04,3,sad,02,01,01,3,sad,0.108094,0.094913,0.120932,0.251182,0.078723,0.139835,0.091196,0.115124,/home/tonyhe/ravdess_avfusion/external/audio_ser_speechbrain/speechbrain-develop-main/outputs/embeddings_ECAPA/train/03-01-04-02-01-01-02.npy,96
01-04-02-01-01-03,03-01-04-02-01-01-03,03-01-04-02-01-01-03,data/raw/ravdess/audio_speech/Audio_Speech_Actors_01-24/Actor_03/03-01-04-02-01-01-03.wav,3,train,04,3,sad,02,01,01,3,sad,0.150796,0.07606,0.122057,0.237899,0.102876,0.070561,0.113555,0.126195,/home/tonyhe/ravdess_avfusion/external/audio_ser_speechbrain/speechbrain-develop-main/outputs/embeddings_ECAPA/train/03-01-04-02-01-01-03.npy,96
01-04-02-01-01-04,03-01-04-02-01-01-04,03-01-04-02-01-01-04,data/raw/ravdess/audio_speech/Audio_Speech_Actors_01-24/Actor_04/03-01-04-02-01-01-04.wav,4,train,04,3,sad,02,01,01,3,sad,0.125904,0.099136,0.108263,0.272994,0.097825,0.103842,0.084612,0.107425,/home/tonyhe/ravdess_avfusion/external/audio_ser_speechbrain/speechbrain-develop-main/outputs/embeddings_ECAPA/train/03-01-04-02-01-01-04.npy,96
01-04-02-01-01-05,03-01-04-02-01-01-05,03-01-04-02-01-01-05,data/raw/ravdess/audio_speech/Audio_Speech_Actors_01-24/Actor_05/03-01-04-02-01-01-05.wav,5,train,04,3,sad,02,01,01,3,sad,0.158701,0.112909,0.08946,0.247617,0.092241,0.111996,0.108035,0.07904,/home/tonyhe/ravdess_avfusion/external/audio_ser_speechbrain/speechbrain-develop-main/outputs/embeddings_ECAPA/train/03-01-04-02-01-01-05.npy,96
01-04-02-01-01-06,03-01-04-02-01-01-06,03-01-04-02-01-01-06,data/raw/ravdess/audio_speech/Audio_Speech_Actors_01-24/Actor_06/03-01-04-02-01-01-06.wav,6,train,04,3,sad,02,01,01,3,sad,0.106621,0.126871,0.113702,0.245704,0.094839,0.115142,0.117682,0.07944,/home/tonyhe/ravdess_avfusion/external/audio_ser_speechbrain/speechbrain-develop-main/outputs/embeddings_ECAPA/train/03-01-04-02-01-01-06.npy,96
01-04-02-01-01-07,03-01-04-02-01-01-07,03-01-04-02-01-01-07,data/raw/ravdess/audio_speech/Audio_Speech_Actors_01-24/Actor_07/03-01-04-02-01-01-07.wav,7,train,04,3,sad,02,01,01,3,sad,0.130221,0.106431,0.107565,0.256747,0.096729,0.108308,0.117373,0.076626,/home/tonyhe/ravdess_avfusion/external/audio_ser_speechbrain/speechbrain-develop-main/outputs/embeddings_ECAPA/train/03-01-04-02-01-01-07.npy,96
01-04-02-01-01-08,03-01-04-02-01-01-08,03-01-04-02-01-01-08,data/raw/ravdess/audio_speech/Audio_Speech_Actors_01-24/Actor_08/03-01-04-02-01-01-08.wav,8,train,04,3,sad,02,01,01,3,sad,0.103021,0.105251,0.095498,0.256849,0.084983,0.135658,0.100648,0.118092,/home/tonyhe/ravdess_avfusion/external/audio_ser_speechbrain/speechbrain-develop-main/outputs/embeddings_ECAPA/train/03-01-04-02-01-01-08.npy,96
01-04-02-01-01-09,03-01-04-02-01-01-09,03-01-04-02-01-01-09,data/raw/ravdess/audio_speech/Audio_Speech_Actors_01-24/Actor_09/03-01-04-02-01-01-09.wav,9,train,04,3,sad,02,01,01,3,sad,0.127314,0.143152,0.127734,0.213191,0.110286,0.118913,0.100251,0.059158,/home/tonyhe/ravdess_avfusion/external/audio_ser_speechbrain/speechbrain-develop-main/outputs/embeddings_ECAPA/train/03-01-04-02-01-01-09.npy,96
01-04-02-01-01-10,03-01-04-02-01-01-10,03-01-04-02-01-01-10,data/raw/ravdess/audio_speech/Audio_Speech_Actors_01-24/Actor_10/03-01-04-02-01-01-10.wav,10,train,04,3,sad,02,01,01,3,sad,0.110886,0.108613,0.113029,0.255853,0.085512,0.140932,0.090463,0.094711,/home/tonyhe/ravdess_avfusion/external/audio_ser_speechbrain/speechbrain-develop-main/outputs/embeddings_ECAPA/train/03-01-04-02-01-01-10.npy,96
01-04-02-01-01-11,03-01-04-02-01-01-11,03-01-04-02-01-01-11,data/raw/ravdess/audio_speech/Audio_Speech_Actors_01-24/Actor_11/03-01-04-02-01-01-11.wav,11,train,04,3,sad,02,01,01,3,sad,0.122687,0.067528,0.126896,0.230082,0.097964,0.08389,0.118456,0.152496,/home/tonyhe/ravdess_avfusion/external/audio_ser_speechbrain/speechbrain-develop-main/outputs/embeddings_ECAPA/train/03-01-04-02-01-01-11.npy,96
01-04-02-01-01-12,03-01-04-02-01-01-12,03-01-04-02-01-01-12,data/raw/ravdess/audio_speech/Audio_Speech_Actors_01-24/Actor_12/03-01-04-02-01-01-12.wav,12,train,04,3,sad,02,01,01,3,sad,0.138564,0.094429,0.114964,0.258541,0.102622,0.121432,0.091722,0.077725,/home/tonyhe/ravdess_avfusion/external/audio_ser_speechbrain/speechbrain-develop-main/outputs/embeddings_ECAPA/train/03-01-04-02-01-01-12.npy,96
01-04-02-01-01-13,03-01-04-02-01-01-13,03-01-04-02-01-01-13,data/raw/ravdess/audio_speech/Audio_Speech_Actors_01-24/Actor_13/03-01-04-02-01-01-13.wav,13,train,04,3,sad,02,01,01,3,sad,0.128813,0.090117,0.107035,0.248068,0.090318,0.121521,0.128793,0.085334,/home/tonyhe/ravdess_avfusion/external/audio_ser_speechbrain/speechbrain-develop-main/outputs/embeddings_ECAPA/train/03-01-04-02-01-01-13.npy,96
01-04-02-01-01-14,03-01-04-02-01-01-14,03-01-04-02-01-01-14,data/raw/ravdess/audio_speech/Audio_Speech_Actors_01-24/Actor_14/03-01-04-02-01-01-14.wav,14,train,04,3,sad,02,01,01,3,sad,0.087476,0.089015,0.10071,0.236696,0.114078,0.094707,0.146885,0.130433,/home/tonyhe/ravdess_avfusion/external/audio_ser_speechbrain/speechbrain-develop-main/outputs/embeddings_ECAPA/train/03-01-04-02-01-01-14.npy,96
01-04-02-01-01-15,03-01-04-02-01-01-15,03-01-04-02-01-01-15,data/raw/ravdess/audio_speech/Audio_Speech_Actors_01-24/Actor_15/03-01-04-02-01-01-15.wav,15,train,04,3,sad,02,01,01,3,sad,0.13561,0.133297,0.100985,0.253882,0.101606,0.118641,0.07067,0.085309,/home/tonyhe/ravdess_avfusion/external/audio_ser_speechbrain/speechbrain-develop-main/outputs/embeddings_ECAPA/train/03-01-04-02-01-01-15.npy,96
01-04-02-01-01-16,03-01-04-02-01-01-16,03-01-04-02-01-01-16,data/raw/ravdess/audio_speech/Audio_Speech_Actors_01-24/Actor_16/03-01-04-02-01-01-16.wav,16,train,04,3,sad,02,01,01,3,sad,0.121335,0.115155,0.125339,0.249971,0.085248,0.122497,0.102036,0.078419,/home/tonyhe/ravdess_avfusion/external/audio_ser_speechbrain/speechbrain-develop-main/outputs/embeddings_ECAPA/train/03-01-04-02-01-01-16.npy,96
01-04-02-01-02-01,03-01-04-02-01-02-01,03-01-04-02-01-02-01,data/raw/ravdess/audio_speech/Audio_Speech_Actors_01-24/Actor_01/03-01-04-02-01-02-01.wav,1,train,04,3,sad,02,01,02,3,sad,0.115845,0.103255,0.141742,0.220316,0.079746,0.111048,0.080279,0.147769,/home/tonyhe/ravdess_avfusion/external/audio_ser_speechbrain/speechbrain-develop-main/outputs/embeddings_ECAPA/train/03-01-04-02-01-02-01.npy,96
01-04-02-01-02-02,03-01-04-02-01-02-02,03-01-04-02-01-02-02,data/raw/ravdess/audio_speech/Audio_Speech_Actors_01-24/Actor_02/03-01-04-02-01-02-02.wav,2,train,04,3,sad,02,01,02,3,sad,0.141055,0.081423,0.103513,0.254229,0.087226,0.084823,0.133917,0.113815,/home/tonyhe/ravdess_avfusion/external/audio_ser_speechbrain/speechbrain-develop-main/outputs/embeddings_ECAPA/train/03-01-04-02-01-02-02.npy,96
01-04-02-01-02-03,03-01-04-02-01-02-03,03-01-04-02-01-02-03,data/raw/ravdess/audio_speech/Audio_Speech_Actors_01-24/Actor_03/03-01-04-02-01-02-03.wav,3,train,04,3,sad,02,01,02,3,sad,0.114949,0.077972,0.139232,0.247845,0.080788,0.122431,0.112009,0.104774,/home/tonyhe/ravdess_avfusion/external/audio_ser_speechbrain/speechbrain-develop-main/outputs/embeddings_ECAPA/train/03-01-04-02-01-02-03.npy,96
01-04-02-01-02-04,03-01-04-02-01-02-04,03-01-04-02-01-02-04,data/raw/ravdess/audio_speech/Audio_Speech_Actors_01-24/Actor_04/03-01-04-02-01-02-04.wav,4,train,04,3,sad,02,01,02,3,sad,0.12317,0.102348,0.09351,0.265328,0.106776,0.081453,0.097018,0.130396,/home/tonyhe/ravdess_avfusion/external/audio_ser_speechbrain/speechbrain-develop-main/outputs/embeddings_ECAPA/train/03-01-04-02-01-02-04.npy,96
01-04-02-01-02-05,03-01-04-02-01-02-05,03-01-04-02-01-02-05,data/raw/ravdess/audio_speech/Audio_Speech_Actors_01-24/Actor_05/03-01-04-02-01-02-05.wav,5,train,04,3,sad,02,01,02,3,sad,0.165271,0.110625,0.091971,0.233999,0.095651,0.129043,0.099058,0.074382,/home/tonyhe/ravdess_avfusion/external/audio_ser_speechbrain/speechbrain-develop-main/outputs/embeddings_ECAPA/train/03-01-04-02-01-02-05.npy,96
01-04-02-01-02-06,03-01-04-02-01-02-06,03-01-04-02-01-02-06,data/raw/ravdess/audio_speech/Audio_Speech_Actors_01-24/Actor_06/03-01-04-02-01-02-06.wav,6,train,04,3,sad,02,01,02,3,sad,0.104473,0.10488,0.083484,0.231124,0.088521,0.117116,0.145885,0.124517,/home/tonyhe/ravdess_avfusion/external/audio_ser_speechbrain/speechbrain-develop-main/outputs/embeddings_ECAPA/train/03-01-04-02-01-02-06.npy,96
01-04-02-01-02-07,03-01-04-02-01-02-07,03-01-04-02-01-02-07,data/raw/ravdess/audio_speech/Audio_Speech_Actors_01-24/Actor_07/03-01-04-02-01-02-07.wav,7,train,04,3,sad,02,01,02,3,sad,0.116455,0.091569,0.109769,0.26467,0.088475,0.102605,0.116918,0.109539,/home/tonyhe/ravdess_avfusion/external/audio_ser_speechbrain/speechbrain-develop-main/outputs/embeddings_ECAPA/train/03-01-04-02-01-02-07.npy,96
01-04-02-01-02-08,03-01-04-02-01-02-08,03-01-04-02-01-02-08,data/raw/ravdess/audio_speech/Audio_Speech_Actors_01-24/Actor_08/03-01-04-02-01-02-08.wav,8,train,04,3,sad,02,01,02,3,sad,0.10525,0.114142,0.102277,0.261649,0.080386,0.111496,0.116651,0.108149,/home/tonyhe/ravdess_avfusion/external/audio_ser_speechbrain/speechbrain-develop-main/outputs/embeddings_ECAPA/train/03-01-04-02-01-02-08.npy,96
01-04-02-01-02-09,03-01-04-02-01-02-09,03-01-04-02-01-02-09,data/raw/ravdess/audio_speech/Audio_Speech_Actors_01-24/Actor_09/03-01-04-02-01-02-09.wav,9,train,04,3,sad,02,01,02,3,sad,0.089947,0.123879,0.124103,0.227582,0.100341,0.144559,0.112491,0.077098,/home/tonyhe/ravdess_avfusion/external/audio_ser_speechbrain/speechbrain-develop-main/outputs/embeddings_ECAPA/train/03-01-04-02-01-02-09.npy,96
01-04-02-01-02-10,03-01-04-02-01-02-10,03-01-04-02-01-02-10,data/raw/ravdess/audio_speech/Audio_Speech_Actors_01-24/Actor_10/03-01-04-02-01-02-10.wav,10,train,04,3,sad,02,01,02,3,sad,0.104261,0.119353,0.12327,0.218342,0.111239,0.142602,0.111108,0.069825,/home/tonyhe/ravdess_avfusion/external/audio_ser_speechbrain/speechbrain-develop-main/outputs/embeddings_ECAPA/train/03-01-04-02-01-02-10.npy,96
01-04-02-01-02-11,03-01-04-02-01-02-11,03-01-04-02-01-02-11,data/raw/ravdess/audio_speech/Audio_Speech_Actors_01-24/Actor_11/03-01-04-02-01-02-11.wav,11,train,04,3,sad,02,01,02,3,sad,0.098739,0.113599,0.114506,0.251573,0.081286,0.123333,0.120844,0.09612,/home/tonyhe/ravdess_avfusion/external/audio_ser_speechbrain/speechbrain-develop-main/outputs/embeddings_ECAPA/train/03-01-04-02-01-02-11.npy,96
01-04-02-01-02-12,03-01-04-02-01-02-12,03-01-04-02-01-02-12,data/raw/ravdess/audio_speech/Audio_Speech_Actors_01-24/Actor_12/03-01-04-02-01-02-12.wav,12,train,04,3,sad,02,01,02,3,sad,0.128044,0.085591,0.104881,0.246581,0.078324,0.11605,0.110945,0.129583,/home/tonyhe/ravdess_avfusion/external/audio_ser_speechbrain/speechbrain-develop-main/outputs/embeddings_ECAPA/train/03-01-04-02-01-02-12.npy,96
01-04-02-01-02-13,03-01-04-02-01-02-13,03-01-04-02-01-02-13,data/raw/ravdess/audio_speech/Audio_Speech_Actors_01-24/Actor_13/03-01-04-02-01-02-13.wav,13,train,04,3,sad,02,01,02,3,sad,0.126315,0.078576,0.098056,0.252159,0.091056,0.117851,0.121115,0.114872,/home/tonyhe/ravdess_avfusion/external/audio_ser_speechbrain/speechbrain-develop-main/outputs/embeddings_ECAPA/train/03-01-04-02-01-02-13.npy,96
01-04-02-01-02-14,03-01-04-02-01-02-14,03-01-04-02-01-02-14,data/raw/ravdess/audio_speech/Audio_Speech_Actors_01-24/Actor_14/03-01-04-02-01-02-14.wav,14,train,04,3,sad,02,01,02,3,sad,0.096987,0.074485,0.120584,0.241794,0.082411,0.113695,0.130205,0.139839,/home/tonyhe/ravdess_avfusion/external/audio_ser_speechbrain/speechbrain-develop-main/outputs/embeddings_ECAPA/train/03-01-04-02-01-02-14.npy,96
01-04-02-01-02-15,03-01-04-02-01-02-15,03-01-04-02-01-02-15,data/raw/ravdess/audio_speech/Audio_Speech_Actors_01-24/Actor_15/03-01-04-02-01-02-15.wav,15,train,04,3,sad,02,01,02,3,sad,0.121316,0.109715,0.112833,0.270923,0.092888,0.116516,0.086892,0.088917,/home/tonyhe/ravdess_avfusion/external/audio_ser_speechbrain/speechbrain-develop-main/outputs/embeddings_ECAPA/train/03-01-04-02-01-02-15.npy,96
01-04-02-01-02-16,03-01-04-02-01-02-16,03-01-04-02-01-02-16,data/raw/ravdess/audio_speech/Audio_Speech_Actors_01-24/Actor_16/03-01-04-02-01-02-16.wav,16,train,04,3,sad,02,01,02,3,sad,0.112584,0.105981,0.09838,0.243451,0.080051,0.133061,0.128,0.098492,/home/tonyhe/ravdess_avfusion/external/audio_ser_speechbrain/speechbrain-develop-main/outputs/embeddings_ECAPA/train/03-01-04-02-01-02-16.npy,96
01-04-02-02-01-01,03-01-04-02-02-01-01,03-01-04-02-02-01-01,data/raw/ravdess/audio_speech/Audio_Speech_Actors_01-24/Actor_01/03-01-04-02-02-01-01.wav,1,train,04,3,sad,02,02,01,3,sad,0.127677,0.0663,0.13588,0.234293,0.093235,0.108573,0.102928,0.131115,/home/tonyhe/ravdess_avfusion/external/audio_ser_speechbrain/speechbrain-develop-main/outputs/embeddings_ECAPA/train/03-01-04-02-02-01-01.npy,96
01-04-02-02-01-02,03-01-04-02-02-01-02,03-01-04-02-02-01-02,data/raw/ravdess/audio_speech/Audio_Speech_Actors_01-24/Actor_02/03-01-04-02-02-01-02.wav,2,train,04,3,sad,02,02,01,3,sad,0.132788,0.089845,0.125653,0.241755,0.072457,0.079482,0.123657,0.134364,/home/tonyhe/ravdess_avfusion/external/audio_ser_speechbrain/speechbrain-develop-main/outputs/embeddings_ECAPA/train/03-01-04-02-02-01-02.npy,96
01-04-02-02-01-03,03-01-04-02-02-01-03,03-01-04-02-02-01-03,data/raw/ravdess/audio_speech/Audio_Speech_Actors_01-24/Actor_03/03-01-04-02-02-01-03.wav,3,train,04,3,sad,02,02,01,3,sad,0.112195,0.105115,0.112327,0.257093,0.097334,0.12331,0.110261,0.082366,/home/tonyhe/ravdess_avfusion/external/audio_ser_speechbrain/speechbrain-develop-main/outputs/embeddings_ECAPA/train/03-01-04-02-02-01-03.npy,96
01-04-02-02-01-04,03-01-04-02-02-01-04,03-01-04-02-02-01-04,data/raw/ravdess/audio_speech/Audio_Speech_Actors_01-24/Actor_04/03-01-04-02-02-01-04.wav,4,train,04,3,sad,02,02,01,3,sad,0.112953,0.138112,0.09189,0.245012,0.107424,0.129265,0.086657,0.088688,/home/tonyhe/ravdess_avfusion/external/audio_ser_speechbrain/speechbrain-develop-main/outputs/embeddings_ECAPA/train/03-01-04-02-02-01-04.npy,96
01-04-02-02-01-05,03-01-04-02-02-01-05,03-01-04-02-02-01-05,data/raw/ravdess/audio_speech/Audio_Speech_Actors_01-24/Actor_05/03-01-04-02-02-01-05.wav,5,train,04,3,sad,02,02,01,3,sad,0.144818,0.097666,0.103208,0.253377,0.078868,0.126149,0.091696,0.104219,/home/tonyhe/ravdess_avfusion/external/audio_ser_speechbrain/speechbrain-develop-main/outputs/embeddings_ECAPA/train/03-01-04-02-02-01-05.npy,96
01-04-02-02-01-06,03-01-04-02-02-01-06,03-01-04-02-02-01-06,data/raw/ravdess/audio_speech/Audio_Speech_Actors_01-24/Actor_06/03-01-04-02-02-01-06.wav,6,train,04,3,sad,02,02,01,3,sad,0.094386,0.131811,0.103739,0.243943,0.102455,0.100922,0.124729,0.098017,/home/tonyhe/ravdess_avfusion/external/audio_ser_speechbrain/speechbrain-develop-main/outputs/embeddings_ECAPA/train/03-01-04-02-02-01-06.npy,96
01-04-02-02-01-07,03-01-04-02-02-01-07,03-01-04-02-02-01-07,data/raw/ravdess/audio_speech/Audio_Speech_Actors_01-24/Actor_07/03-01-04-02-02-01-07.wav,7,train,04,3,sad,02,02,01,3,sad,0.105694,0.122545,0.114079,0.245316,0.091817,0.120606,0.120075,0.079868,/home/tonyhe/ravdess_avfusion/external/audio_ser_speechbrain/speechbrain-develop-main/outputs/embeddings_ECAPA/train/03-01-04-02-02-01-07.npy,96
01-04-02-02-01-08,03-01-04-02-02-01-08,03-01-04-02-02-01-08,data/raw/ravdess/audio_speech/Audio_Speech_Actors_01-24/Actor_08/03-01-04-02-02-01-08.wav,8,train,04,3,sad,02,02,01,3,sad,0.103873,0.116114,0.115514,0.242107,0.069471,0.109732,0.129404,0.113786,/home/tonyhe/ravdess_avfusion/external/audio_ser_speechbrain/speechbrain-develop-main/outputs/embeddings_ECAPA/train/03-01-04-02-02-01-08.npy,96
01-04-02-02-01-09,03-01-04-02-02-01-09,03-01-04-02-02-01-09,data/raw/ravdess/audio_speech/Audio_Speech_Actors_01-24/Actor_09/03-01-04-02-02-01-09.wav,9,train,04,3,sad,02,02,01,3,sad,0.127225,0.151137,0.10109,0.223795,0.114824,0.119544,0.099147,0.063237,/home/tonyhe/ravdess_avfusion/external/audio_ser_speechbrain/speechbrain-develop-main/outputs/embeddings_ECAPA/train/03-01-04-02-02-01-09.npy,96
01-04-02-02-01-10,03-01-04-02-02-01-10,03-01-04-02-02-01-10,data/raw/ravdess/audio_speech/Audio_Speech_Actors_01-24/Actor_10/03-01-04-02-02-01-10.wav,10,train,04,3,sad,02,02,01,3,sad,0.121783,0.117099,0.073616,0.239048,0.113695,0.123022,0.107365,0.104372,/home/tonyhe/ravdess_avfusion/external/audio_ser_speechbrain/speechbrain-develop-main/outputs/embeddings_ECAPA/train/03-01-04-02-02-01-10.npy,96
01-04-02-02-01-11,03-01-04-02-02-01-11,03-01-04-02-02-01-11,data/raw/ravdess/audio_speech/Audio_Speech_Actors_01-24/Actor_11/03-01-04-02-02-01-11.wav,11,train,04,3,sad,02,02,01,3,sad,0.137119,0.064371,0.12228,0.235378,0.102631,0.09773,0.125574,0.114917,/home/tonyhe/ravdess_avfusion/external/audio_ser_speechbrain/speechbrain-develop-main/outputs/embeddings_ECAPA/train/03-01-04-02-02-01-11.npy,96
01-04-02-02-01-12,03-01-04-02-02-01-12,03-01-04-02-02-01-12,data/raw/ravdess/audio_speech/Audio_Speech_Actors_01-24/Actor_12/03-01-04-02-02-01-12.wav,12,train,04,3,sad,02,02,01,3,sad,0.117867,0.098327,0.104278,0.265838,0.091238,0.11241,0.111455,0.098587,/home/tonyhe/ravdess_avfusion/external/audio_ser_speechbrain/speechbrain-develop-main/outputs/embeddings_ECAPA/train/03-01-04-02-02-01-12.npy,96
01-04-02-02-01-13,03-01-04-02-02-01-13,03-01-04-02-02-01-13,data/raw/ravdess/audio_speech/Audio_Speech_Actors_01-24/Actor_13/03-01-04-02-02-01-13.wav,13,train,04,3,sad,02,02,01,3,sad,0.124362,0.115974,0.130167,0.222671,0.077849,0.082487,0.14861,0.09788,/home/tonyhe/ravdess_avfusion/external/audio_ser_speechbrain/speechbrain-develop-main/outputs/embeddings_ECAPA/train/03-01-04-02-02-01-13.npy,96
01-04-02-02-01-14,03-01-04-02-02-01-14,03-01-04-02-02-01-14,data/raw/ravdess/audio_speech/Audio_Speech_Actors_01-24/Actor_14/03-01-04-02-02-01-14.wav,14,train,04,3,sad,02,02,01,3,sad,0.111321,0.085697,0.12339,0.254158,0.082821,0.11088,0.126086,0.105646,/home/tonyhe/ravdess_avfusion/external/audio_ser_speechbrain/speechbrain-develop-main/outputs/embeddings_ECAPA/train/03-01-04-02-02-01-14.npy,96
01-04-02-02-01-15,03-01-04-02-02-01-15,03-01-04-02-02-01-15,data/raw/ravdess/audio_speech/Audio_Speech_Actors_01-24/Actor_15/03-01-04-02-02-01-15.wav,15,train,04,3,sad,02,02,01,3,sad,0.114369,0.101145,0.101506,0.27135,0.097244,0.093286,0.117721,0.10338,/home/tonyhe/ravdess_avfusion/external/audio_ser_speechbrain/speechbrain-develop-main/outputs/embeddings_ECAPA/train/03-01-04-02-02-01-15.npy,96
01-04-02-02-01-16,03-01-04-02-02-01-16,03-01-04-02-02-01-16,data/raw/ravdess/audio_speech/Audio_Speech_Actors_01-24/Actor_16/03-01-04-02-02-01-16.wav,16,train,04,3,sad,02,02,01,3,sad,0.130283,0.100768,0.126088,0.256932,0.07567,0.091062,0.117874,0.101323,/home/tonyhe/ravdess_avfusion/external/audio_ser_speechbrain/speechbrain-develop-main/outputs/embeddings_ECAPA/train/03-01-04-02-02-01-16.npy,96
01-04-02-02-02-01,03-01-04-02-02-02-01,03-01-04-02-02-02-01,data/raw/ravdess/audio_speech/Audio_Speech_Actors_01-24/Actor_01/03-01-04-02-02-02-01.wav,1,train,04,3,sad,02,02,02,3,sad,0.129322,0.070014,0.144813,0.214215,0.112648,0.100343,0.08938,0.139266,/home/tonyhe/ravdess_avfusion/external/audio_ser_speechbrain/speechbrain-develop-main/outputs/embeddings_ECAPA/train/03-01-04-02-02-02-01.npy,96
01-04-02-02-02-02,03-01-04-02-02-02-02,03-01-04-02-02-02-02,data/raw/ravdess/audio_speech/Audio_Speech_Actors_01-24/Actor_02/03-01-04-02-02-02-02.wav,2,train,04,3,sad,02,02,02,3,sad,0.140337,0.085151,0.095832,0.236359,0.071542,0.102037,0.118923,0.149819,/home/tonyhe/ravdess_avfusion/external/audio_ser_speechbrain/speechbrain-develop-main/outputs/embeddings_ECAPA/train/03-01-04-02-02-02-02.npy,96
01-04-02-02-02-03,03-01-04-02-02-02-03,03-01-04-02-02-02-03,data/raw/ravdess/audio_speech/Audio_Speech_Actors_01-24/Actor_03/03-01-04-02-02-02-03.wav,3,train,04,3,sad,02,02,02,3,sad,0.10831,0.105058,0.120907,0.246308,0.089406,0.112779,0.12878,0.088451,/home/tonyhe/ravdess_avfusion/external/audio_ser_speechbrain/speechbrain-develop-main/outputs/embeddings_ECAPA/train/03-01-04-02-02-02-03.npy,96
01-04-02-02-02-04,03-01-04-02-02-02-04,03-01-04-02-02-02-04,data/raw/ravdess/audio_speech/Audio_Speech_Actors_01-24/Actor_04/03-01-04-02-02-02-04.wav,4,train,04,3,sad,02,02,02,3,sad,0.100416,0.116982,0.11203,0.265617,0.090382,0.103317,0.096556,0.1147,/home/tonyhe/ravdess_avfusion/external/audio_ser_speechbrain/speechbrain-develop-main/outputs/embeddings_ECAPA/train/03-01-04-02-02-02-04.npy,96
01-04-02-02-02-05,03-01-04-02-02-02-05,03-01-04-02-02-02-05,data/raw/ravdess/audio_speech/Audio_Speech_Actors_01-24/Actor_05/03-01-04-02-02-02-05.wav,5,train,04,3,sad,02,02,02,3,sad,0.159321,0.137076,0.111689,0.22587,0.079368,0.116889,0.074847,0.094939,/home/tonyhe/ravdess_avfusion/external/audio_ser_speechbrain/speechbrain-develop-main/outputs/embeddings_ECAPA/train/03-01-04-02-02-02-05.npy,96
01-04-02-02-02-06,03-01-04-02-02-02-06,03-01-04-02-02-02-06,data/raw/ravdess/audio_speech/Audio_Speech_Actors_01-24/Actor_06/03-01-04-02-02-02-06.wav,6,train,04,3,sad,02,02,02,3,sad,0.104516,0.117385,0.097882,0.242525,0.091592,0.154359,0.095259,0.096482,/home/tonyhe/ravdess_avfusion/external/audio_ser_speechbrain/speechbrain-develop-main/outputs/embeddings_ECAPA/train/03-01-04-02-02-02-06.npy,96
01-04-02-02-02-07,03-01-04-02-02-02-07,03-01-04-02-02-02-07,data/raw/ravdess/audio_speech/Audio_Speech_Actors_01-24/Actor_07/03-01-04-02-02-02-07.wav,7,train,04,3,sad,02,02,02,3,sad,0.131087,0.109978,0.124805,0.268856,0.097795,0.091497,0.095263,0.080719,/home/tonyhe/ravdess_avfusion/external/audio_ser_speechbrain/speechbrain-develop-main/outputs/embeddings_ECAPA/train/03-01-04-02-02-02-07.npy,96
01-04-02-02-02-08,03-01-04-02-02-02-08,03-01-04-02-02-02-08,data/raw/ravdess/audio_speech/Audio_Speech_Actors_01-24/Actor_08/03-01-04-02-02-02-08.wav,8,train,04,3,sad,02,02,02,3,sad,0.099069,0.121197,0.110219,0.248783,0.082459,0.130718,0.110043,0.097512,/home/tonyhe/ravdess_avfusion/external/audio_ser_speechbrain/speechbrain-develop-main/outputs/embeddings_ECAPA/train/03-01-04-02-02-02-08.npy,96
01-04-02-02-02-09,03-01-04-02-02-02-09,03-01-04-02-02-02-09,data/raw/ravdess/audio_speech/Audio_Speech_Actors_01-24/Actor_09/03-01-04-02-02-02-09.wav,9,train,04,3,sad,02,02,02,3,sad,0.113901,0.1411,0.112195,0.253285,0.090055,0.11473,0.093852,0.080884,/home/tonyhe/ravdess_avfusion/external/audio_ser_speechbrain/speechbrain-develop-main/outputs/embeddings_ECAPA/train/03-01-04-02-02-02-09.npy,96
01-04-02-02-02-10,03-01-04-02-02-02-10,03-01-04-02-02-02-10,data/raw/ravdess/audio_speech/Audio_Speech_Actors_01-24/Actor_10/03-01-04-02-02-02-10.wav,10,train,04,3,sad,02,02,02,3,sad,0.111439,0.12529,0.095381,0.227445,0.074644,0.098475,0.141967,0.125359,/home/tonyhe/ravdess_avfusion/external/audio_ser_speechbrain/speechbrain-develop-main/outputs/embeddings_ECAPA/train/03-01-04-02-02-02-10.npy,96
01-04-02-02-02-11,03-01-04-02-02-02-11,03-01-04-02-02-02-11,data/raw/ravdess/audio_speech/Audio_Speech_Actors_01-24/Actor_11/03-01-04-02-02-02-11.wav,11,train,04,3,sad,02,02,02,3,sad,0.119638,0.095063,0.097221,0.235102,0.083431,0.08172,0.151608,0.136218,/home/tonyhe/ravdess_avfusion/external/audio_ser_speechbrain/speechbrain-develop-main/outputs/embeddings_ECAPA/train/03-01-04-02-02-02-11.npy,96
01-04-02-02-02-12,03-01-04-02-02-02-12,03-01-04-02-02-02-12,data/raw/ravdess/audio_speech/Audio_Speech_Actors_01-24/Actor_12/03-01-04-02-02-02-12.wav,12,train,04,3,sad,02,02,02,3,sad,0.12998,0.129127,0.1029,0.260174,0.107014,0.113943,0.07498,0.081882,/home/tonyhe/ravdess_avfusion/external/audio_ser_speechbrain/speechbrain-develop-main/outputs/embeddings_ECAPA/train/03-01-04-02-02-02-12.npy,96
01-04-02-02-02-13,03-01-04-02-02-02-13,03-01-04-02-02-02-13,data/raw/ravdess/audio_speech/Audio_Speech_Actors_01-24/Actor_13/03-01-04-02-02-02-13.wav,13,train,04,3,sad,02,02,02,3,sad,0.145678,0.106278,0.132555,0.222155,0.06578,0.109437,0.11564,0.102476,/home/tonyhe/ravdess_avfusion/external/audio_ser_speechbrain/speechbrain-develop-main/outputs/embeddings_ECAPA/train/03-01-04-02-02-02-13.npy,96
01-04-02-02-02-14,03-01-04-02-02-02-14,03-01-04-02-02-02-14,data/raw/ravdess/audio_speech/Audio_Speech_Actors_01-24/Actor_14/03-01-04-02-02-02-14.wav,14,train,04,3,sad,02,02,02,3,sad,0.107383,0.089009,0.102713,0.267945,0.104268,0.117113,0.111325,0.100243,/home/tonyhe/ravdess_avfusion/external/audio_ser_speechbrain/speechbrain-develop-main/outputs/embeddings_ECAPA/train/03-01-04-02-02-02-14.npy,96
01-04-02-02-02-15,03-01-04-02-02-02-15,03-01-04-02-02-02-15,data/raw/ravdess/audio_speech/Audio_Speech_Actors_01-24/Actor_15/03-01-04-02-02-02-15.wav,15,train,04,3,sad,02,02,02,3,sad,0.103176,0.106558,0.110273,0.235526,0.088686,0.129511,0.137011,0.08926,/home/tonyhe/ravdess_avfusion/external/audio_ser_speechbrain/speechbrain-develop-main/outputs/embeddings_ECAPA/train/03-01-04-02-02-02-15.npy,96
01-04-02-02-02-16,03-01-04-02-02-02-16,03-01-04-02-02-02-16,data/raw/ravdess/audio_speech/Audio_Speech_Actors_01-24/Actor_16/03-01-04-02-02-02-16.wav,16,train,04,3,sad,02,02,02,3,sad,0.117525,0.110048,0.122637,0.246473,0.075956,0.123166,0.116183,0.088011,/home/tonyhe/ravdess_avfusion/external/audio_ser_speechbrain/speechbrain-develop-main/outputs/embeddings_ECAPA/train/03-01-04-02-02-02-16.npy,96
01-05-01-01-01-01,03-01-05-01-01-01-01,03-01-05-01-01-01-01,data/raw/ravdess/audio_speech/Audio_Speech_Actors_01-24/Actor_01/03-01-05-01-01-01-01.wav,1,train,05,4,angry,01,01,01,4,angry,0.108952,0.101111,0.125472,0.084939,0.245285,0.093524,0.10296,0.137757,/home/tonyhe/ravdess_avfusion/external/audio_ser_speechbrain/speechbrain-develop-main/outputs/embeddings_ECAPA/train/03-01-05-01-01-01-01.npy,96
01-05-01-01-01-02,03-01-05-01-01-01-02,03-01-05-01-01-01-02,data/raw/ravdess/audio_speech/Audio_Speech_Actors_01-24/Actor_02/03-01-05-01-01-01-02.wav,2,train,05,4,angry,01,01,01,4,angry,0.11282,0.084325,0.096928,0.130427,0.235082,0.094863,0.09655,0.149005,/home/tonyhe/ravdess_avfusion/external/audio_ser_speechbrain/speechbrain-develop-main/outputs/embeddings_ECAPA/train/03-01-05-01-01-01-02.npy,96
01-05-01-01-01-03,03-01-05-01-01-01-03,03-01-05-01-01-01-03,data/raw/ravdess/audio_speech/Audio_Speech_Actors_01-24/Actor_03/03-01-05-01-01-01-03.wav,3,train,05,4,angry,01,01,01,4,angry,0.099607,0.116618,0.091523,0.105537,0.241996,0.129482,0.135388,0.079848,/home/tonyhe/ravdess_avfusion/external/audio_ser_speechbrain/speechbrain-develop-main/outputs/embeddings_ECAPA/train/03-01-05-01-01-01-03.npy,96
01-05-01-01-01-04,03-01-05-01-01-01-04,03-01-05-01-01-01-04,data/raw/ravdess/audio_speech/Audio_Speech_Actors_01-24/Actor_04/03-01-05-01-01-01-04.wav,4,train,05,4,angry,01,01,01,4,angry,0.124048,0.101031,0.118985,0.107796,0.222481,0.066743,0.118453,0.140462,/home/tonyhe/ravdess_avfusion/external/audio_ser_speechbrain/speechbrain-develop-main/outputs/embeddings_ECAPA/train/03-01-05-01-01-01-04.npy,96
01-05-01-01-01-05,03-01-05-01-01-01-05,03-01-05-01-01-01-05,data/raw/ravdess/audio_speech/Audio_Speech_Actors_01-24/Actor_05/03-01-05-01-01-01-05.wav,5,train,05,4,angry,01,01,01,4,angry,0.156049,0.098249,0.125098,0.096561,0.216782,0.080151,0.096118,0.130993,/home/tonyhe/ravdess_avfusion/external/audio_ser_speechbrain/speechbrain-develop-main/outputs/embeddings_ECAPA/train/03-01-05-01-01-01-05.npy,96
01-05-01-01-01-06,03-01-05-01-01-01-06,03-01-05-01-01-01-06,data/raw/ravdess/audio_speech/Audio_Speech_Actors_01-24/Actor_06/03-01-05-01-01-01-06.wav,6,train,05,4,angry,01,01,01,4,angry,0.145784,0.096378,0.096054,0.09679,0.251245,0.114056,0.093063,0.106631,/home/tonyhe/ravdess_avfusion/external/audio_ser_speechbrain/speechbrain-develop-main/outputs/embeddings_ECAPA/train/03-01-05-01-01-01-06.npy,96
01-05-01-01-01-07,03-01-05-01-01-01-07,03-01-05-01-01-01-07,data/raw/ravdess/audio_speech/Audio_Speech_Actors_01-24/Actor_07/03-01-05-01-01-01-07.wav,7,train,05,4,angry,01,01,01,4,angry,0.103266,0.105323,0.077322,0.090259,0.247303,0.121779,0.135228,0.11952,/home/tonyhe/ravdess_avfusion/external/audio_ser_speechbrain/speechbrain-develop-main/outputs/embeddings_ECAPA/train/03-01-05-01-01-01-07.npy,96
01-05-01-01-01-08,03-01-05-01-01-01-08,03-01-05-01-01-01-08,data/raw/ravdess/audio_speech/Audio_Speech_Actors_01-24/Actor_08/03-01-05-01-01-01-08.wav,8,train,05,4,angry,01,01,01,4,angry,0.126345,0.096482,0.117869,0.098374,0.220863,0.082536,0.097417,0.160113,/home/tonyhe/ravdess_avfusion/external/audio_ser_speechbrain/speechbrain-develop-main/outputs/embeddings_ECAPA/train/03-01-05-01-01-01-08.npy,96
01-05-01-01-01-09,03-01-05-01-01-01-09,03-01-05-01-01-01-09,data/raw/ravdess/audio_speech/Audio_Speech_Actors_01-24/Actor_09/03-01-05-01-01-01-09.wav,9,train,05,4,angry,01,01,01,4,angry,0.122878,0.100548,0.135512,0.090648,0.22915,0.082796,0.114215,0.124253,/home/tonyhe/ravdess_avfusion/external/audio_ser_speechbrain/speechbrain-develop-main/outputs/embeddings_ECAPA/train/03-01-05-01-01-01-09.npy,96
01-05-01-01-01-10,03-01-05-01-01-01-10,03-01-05-01-01-01-10,data/raw/ravdess/audio_speech/Audio_Speech_Actors_01-24/Actor_10/03-01-05-01-01-01-10.wav,10,train,05,4,angry,01,01,01,4,angry,0.121285,0.13725,0.097237,0.089002,0.255288,0.087291,0.121761,0.090887,/home/tonyhe/ravdess_avfusion/external/audio_ser_speechbrain/speechbrain-develop-main/outputs/embeddings_ECAPA/train/03-01-05-01-01-01-10.npy,96
01-05-01-01-01-11,03-01-05-01-01-01-11,03-01-05-01-01-01-11,data/raw/ravdess/audio_speech/Audio_Speech_Actors_01-24/Actor_11/03-01-05-01-01-01-11.wav,11,train,05,4,angry,01,01,01,4,angry,0.107306,0.103107,0.119523,0.080622,0.225634,0.077999,0.150605,0.135204,/home/tonyhe/ravdess_avfusion/external/audio_ser_speechbrain/speechbrain-develop-main/outputs/embeddings_ECAPA/train/03-01-05-01-01-01-11.npy,96
01-05-01-01-01-12,03-01-05-01-01-01-12,03-01-05-01-01-01-12,data/raw/ravdess/audio_speech/Audio_Speech_Actors_01-24/Actor_12/03-01-05-01-01-01-12.wav,12,train,05,4,angry,01,01,01,4,angry,0.132831,0.103327,0.097931,0.120061,0.246298,0.069921,0.124535,0.105095,/home/tonyhe/ravdess_avfusion/external/audio_ser_speechbrain/speechbrain-develop-main/outputs/embeddings_ECAPA/train/03-01-05-01-01-01-12.npy,96
01-05-01-01-01-13,03-01-05-01-01-01-13,03-01-05-01-01-01-13,data/raw/ravdess/audio_speech/Audio_Speech_Actors_01-24/Actor_13/03-01-05-01-01-01-13.wav,13,train,05,4,angry,01,01,01,4,angry,0.10836,0.09054,0.091991,0.100453,0.252931,0.099396,0.120693,0.135636,/home/tonyhe/ravdess_avfusion/external/audio_ser_speechbrain/speechbrain-develop-main/outputs/embeddings_ECAPA/train/03-01-05-01-01-01-13.npy,96
01-05-01-01-01-14,03-01-05-01-01-01-14,03-01-05-01-01-01-14,data/raw/ravdess/audio_speech/Audio_Speech_Actors_01-24/Actor_14/03-01-05-01-01-01-14.wav,14,train,05,4,angry,01,01,01,4,angry,0.11196,0.09465,0.094463,0.103465,0.252624,0.120126,0.093845,0.128867,/home/tonyhe/ravdess_avfusion/external/audio_ser_speechbrain/speechbrain-develop-main/outputs/embeddings_ECAPA/train/03-01-05-01-01-01-14.npy,96
01-05-01-01-01-15,03-01-05-01-01-01-15,03-01-05-01-01-01-15,data/raw/ravdess/audio_speech/Audio_Speech_Actors_01-24/Actor_15/03-01-05-01-01-01-15.wav,15,train,05,4,angry,01,01,01,4,angry,0.140145,0.128303,0.086472,0.0882,0.228479,0.070978,0.12347,0.133952,/home/tonyhe/ravdess_avfusion/external/audio_ser_speechbrain/speechbrain-develop-main/outputs/embeddings_ECAPA/train/03-01-05-01-01-01-15.npy,96
01-05-01-01-01-16,03-01-05-01-01-01-16,03-01-05-01-01-01-16,data/raw/ravdess/audio_speech/Audio_Speech_Actors_01-24/Actor_16/03-01-05-01-01-01-16.wav,16,train,05,4,angry,01,01,01,4,angry,0.116503,0.083519,0.097607,0.097744,0.244448,0.097779,0.131054,0.131345,/home/tonyhe/ravdess_avfusion/external/audio_ser_speechbrain/speechbrain-develop-main/outputs/embeddings_ECAPA/train/03-01-05-01-01-01-16.npy,96
01-05-01-01-02-01,03-01-05-01-01-02-01,03-01-05-01-01-02-01,data/raw/ravdess/audio_speech/Audio_Speech_Actors_01-24/Actor_01/03-01-05-01-01-02-01.wav,1,train,05,4,angry,01,01,02,4,angry,0.096855,0.095336,0.113603,0.081313,0.237316,0.093506,0.126667,0.155404,/home/tonyhe/ravdess_avfusion/external/audio_ser_speechbrain/speechbrain-develop-main/outputs/embeddings_ECAPA/train/03-01-05-01-01-02-01.npy,96
01-05-01-01-02-02,03-01-05-01-01-02-02,03-01-05-01-01-02-02,data/raw/ravdess/audio_speech/Audio_Speech_Actors_01-24/Actor_02/03-01-05-01-01-02-02.wav,2,train,05,4,angry,01,01,02,4,angry,0.111247,0.08547,0.084203,0.12031,0.252549,0.108784,0.115305,0.122132,/home/tonyhe/ravdess_avfusion/external/audio_ser_speechbrain/speechbrain-develop-main/outputs/embeddings_ECAPA/train/03-01-05-01-01-02-02.npy,96
01-05-01-01-02-03,03-01-05-01-01-02-03,03-01-05-01-01-02-03,data/raw/ravdess/audio_speech/Audio_Speech_Actors_01-24/Actor_03/03-01-05-01-01-02-03.wav,3,train,05,4,angry,01,01,02,4,angry,0.103944,0.090111,0.115114,0.08681,0.240055,0.099761,0.149753,0.114452,/home/tonyhe/ravdess_avfusion/external/audio_ser_speechbrain/speechbrain-develop-main/outputs/embeddings_ECAPA/train/03-01-05-01-01-02-03.npy,96
01-05-01-01-02-04,03-01-05-01-01-02-04,03-01-05-01-01-02-04,data/raw/ravdess/audio_speech/Audio_Speech_Actors_01-24/Actor_04/03-01-05-01-01-02-04.wav,4,train,05,4,angry,01,01,02,4,angry,0.127078,0.097241,0.105451,0.089741,0.229695,0.0875,0.104722,0.158572,/home/tonyhe/ravdess_avfusion/external/audio_ser_speechbrain/speechbrain-develop-main/outputs/embeddings_ECAPA/train/03-01-05-01-01-02-04.npy,96
01-05-01-01-02-05,03-01-05-01-01-02-05,03-01-05-01-01-02-05,data/raw/ravdess/audio_speech/Audio_Speech_Actors_01-24/Actor_05/03-01-05-01-01-02-05.wav,5,train,05,4,angry,01,01,02,4,angry,0.134544,0.084438,0.11782,0.1125,0.236267,0.088519,0.12293,0.102982,/home/tonyhe/ravdess_avfusion/external/audio_ser_speechbrain/speechbrain-develop-main/outputs/embeddings_ECAPA/train/03-01-05-01-01-02-05.npy,96
01-05-01-01-02-06,03-01-05-01-01-02-06,03-01-05-01-01-02-06,data/raw/ravdess/audio_speech/Audio_Speech_Actors_01-24/Actor_06/03-01-05-01-01-02-06.wav,6,train,05,4,angry,01,01,02,4,angry,0.12091,0.098643,0.073408,0.107789,0.251633,0.099784,0.132818,0.115015,/home/tonyhe/ravdess_avfusion/external/audio_ser_speechbrain/speechbrain-develop-main/outputs/embeddings_ECAPA/train/03-01-05-01-01-02-06.npy,96
01-05-01-01-02-07,03-01-05-01-01-02-07,03-01-05-01-01-02-07,data/raw/ravdess/audio_speech/Audio_Speech_Actors_01-24/Actor_07/03-01-05-01-01-02-07.wav,7,train,05,4,angry,01,01,02,4,angry,0.086598,0.135808,0.103004,0.091317,0.24933,0.101272,0.108325,0.124347,/home/tonyhe/ravdess_avfusion/external/audio_ser_speechbrain/speechbrain-develop-main/outputs/embeddings_ECAPA/train/03-01-05-01-01-02-07.npy,96
01-05-01-01-02-08,03-01-05-01-01-02-08,03-01-05-01-01-02-08,data/raw/ravdess/audio_speech/Audio_Speech_Actors_01-24/Actor_08/03-01-05-01-01-02-08.wav,8,train,05,4,angry,01,01,02,4,angry,0.121343,0.094964,0.098121,0.114876,0.233918,0.082681,0.098371,0.155725,/home/tonyhe/ravdess_avfusion/external/audio_ser_speechbrain/speechbrain-develop-main/outputs/embeddings_ECAPA/train/03-01-05-01-01-02-08.npy,96
01-05-01-01-02-09,03-01-05-01-01-02-09,03-01-05-01-01-02-09,data/raw/ravdess/audio_speech/Audio_Speech_Actors_01-24/Actor_09/03-01-05-01-01-02-09.wav,9,train,05,4,angry,01,01,02,4,angry,0.133357,0.086703,0.11154,0.105107,0.245319,0.08852,0.116609,0.112844,/home/tonyhe/ravdess_avfusion/external/audio_ser_speechbrain/speechbrain-develop-main/outputs/embeddings_ECAPA/train/03-01-05-01-01-02-09.npy,96
01-05-01-01-02-10,03-01-05-01-01-02-10,03-01-05-01-01-02-10,data/raw/ravdess/audio_speech/Audio_Speech_Actors_01-24/Actor_10/03-01-05-01-01-02-10.wav,10,train,05,4,angry,01,01,02,4,angry,0.123168,0.124723,0.096931,0.089511,0.251786,0.076891,0.116484,0.120506,/home/tonyhe/ravdess_avfusion/external/audio_ser_speechbrain/speechbrain-develop-main/outputs/embeddings_ECAPA/train/03-01-05-01-01-02-10.npy,96
01-05-01-01-02-11,03-01-05-01-01-02-11,03-01-05-01-01-02-11,data/raw/ravdess/audio_speech/Audio_Speech_Actors_01-24/Actor_11/03-01-05-01-01-02-11.wav,11,train,05,4,angry,01,01,02,4,angry,0.107295,0.094113,0.110866,0.08658,0.241247,0.08312,0.140068,0.136711,/home/tonyhe/ravdess_avfusion/external/audio_ser_speechbrain/speechbrain-develop-main/outputs/embeddings_ECAPA/train/03-01-05-01-01-02-11.npy,96
01-05-01-01-02-12,03-01-05-01-01-02-12,03-01-05-01-01-02-12,data/raw/ravdess/audio_speech/Audio_Speech_Actors_01-24/Actor_12/03-01-05-01-01-02-12.wav,12,train,05,4,angry,01,01,02,4,angry,0.142848,0.086375,0.101132,0.102259,0.226953,0.078193,0.153003,0.109237,/home/tonyhe/ravdess_avfusion/external/audio_ser_speechbrain/speechbrain-develop-main/outputs/embeddings_ECAPA/train/03-01-05-01-01-02-12.npy,96
01-05-01-01-02-13,03-01-05-01-01-02-13,03-01-05-01-01-02-13,data/raw/ravdess/audio_speech/Audio_Speech_Actors_01-24/Actor_13/03-01-05-01-01-02-13.wav,13,train,05,4,angry,01,01,02,4,angry,0.109195,0.092077,0.079556,0.114489,0.252185,0.120665,0.10328,0.128554,/home/tonyhe/ravdess_avfusion/external/audio_ser_speechbrain/speechbrain-develop-main/outputs/embeddings_ECAPA/train/03-01-05-01-01-02-13.npy,96
01-05-01-01-02-14,03-01-05-01-01-02-14,03-01-05-01-01-02-14,data/raw/ravdess/audio_speech/Audio_Speech_Actors_01-24/Actor_14/03-01-05-01-01-02-14.wav,14,train,05,4,angry,01,01,02,4,angry,0.124913,0.111764,0.083273,0.102439,0.24975,0.088614,0.098246,0.141,/home/tonyhe/ravdess_avfusion/external/audio_ser_speechbrain/speechbrain-develop-main/outputs/embeddings_ECAPA/train/03-01-05-01-01-02-14.npy,96
01-05-01-01-02-15,03-01-05-01-01-02-15,03-01-05-01-01-02-15,data/raw/ravdess/audio_speech/Audio_Speech_Actors_01-24/Actor_15/03-01-05-01-01-02-15.wav,15,train,05,4,angry,01,01,02,4,angry,0.110547,0.134041,0.08276,0.095292,0.255374,0.086178,0.107543,0.128264,/home/tonyhe/ravdess_avfusion/external/audio_ser_speechbrain/speechbrain-develop-main/outputs/embeddings_ECAPA/train/03-01-05-01-01-02-15.npy,96
01-05-01-01-02-16,03-01-05-01-01-02-16,03-01-05-01-01-02-16,data/raw/ravdess/audio_speech/Audio_Speech_Actors_01-24/Actor_16/03-01-05-01-01-02-16.wav,16,train,05,4,angry,01,01,02,4,angry,0.122702,0.103314,0.083737,0.109808,0.258613,0.09308,0.11164,0.117105,/home/tonyhe/ravdess_avfusion/external/audio_ser_speechbrain/speechbrain-develop-main/outputs/embeddings_ECAPA/train/03-01-05-01-01-02-16.npy,96
01-05-01-02-01-01,03-01-05-01-02-01-01,03-01-05-01-02-01-01,data/raw/ravdess/audio_speech/Audio_Speech_Actors_01-24/Actor_01/03-01-05-01-02-01-01.wav,1,train,05,4,angry,01,02,01,4,angry,0.106267,0.105392,0.126946,0.081274,0.238498,0.099154,0.111146,0.131323,/home/tonyhe/ravdess_avfusion/external/audio_ser_speechbrain/speechbrain-develop-main/outputs/embeddings_ECAPA/train/03-01-05-01-02-01-01.npy,96
01-05-01-02-01-02,03-01-05-01-02-01-02,03-01-05-01-02-01-02,data/raw/ravdess/audio_speech/Audio_Speech_Actors_01-24/Actor_02/03-01-05-01-02-01-02.wav,2,train,05,4,angry,01,02,01,4,angry,0.130548,0.085018,0.097264,0.103073,0.235745,0.089331,0.122727,0.136294,/home/tonyhe/ravdess_avfusion/external/audio_ser_speechbrain/speechbrain-develop-main/outputs/embeddings_ECAPA/train/03-01-05-01-02-01-02.npy,96
01-05-01-02-01-03,03-01-05-01-02-01-03,03-01-05-01-02-01-03,data/raw/ravdess/audio_speech/Audio_Speech_Actors_01-24/Actor_03/03-01-05-01-02-01-03.wav,3,train,05,4,angry,01,02,01,4,angry,0.134962,0.103231,0.111533,0.087854,0.234354,0.134323,0.112789,0.080955,/home/tonyhe/ravdess_avfusion/external/audio_ser_speechbrain/speechbrain-develop-main/outputs/embeddings_ECAPA/train/03-01-05-01-02-01-03.npy,96
01-05-01-02-01-04,03-01-05-01-02-01-04,03-01-05-01-02-01-04,data/raw/ravdess/audio_speech/Audio_Speech_Actors_01-24/Actor_04/03-01-05-01-02-01-04.wav,4,train,05,4,angry,01,02,01,4,angry,0.114054,0.104371,0.10372,0.125032,0.235183,0.077347,0.107007,0.133286,/home/tonyhe/ravdess_avfusion/external/audio_ser_speechbrain/speechbrain-develop-main/outputs/embeddings_ECAPA/train/03-01-05-01-02-01-04.npy,96
01-05-01-02-01-05,03-01-05-01-02-01-05,03-01-05-01-02-01-05,data/raw/ravdess/audio_speech/Audio_Speech_Actors_01-24/Actor_05/03-01-05-01-02-01-05.wav,5,train,05,4,angry,01,02,01,4,angry,0.162869,0.112182,0.091818,0.090364,0.224008,0.116655,0.124056,0.078047,/home/tonyhe/ravdess_avfusion/external/audio_ser_speechbrain/speechbrain-develop-main/outputs/embeddings_ECAPA/train/03-01-05-01-02-01-05.npy,96
01-05-01-02-01-06,03-01-05-01-02-01-06,03-01-05-01-02-01-06,data/raw/ravdess/audio_speech/Audio_Speech_Actors_01-24/Actor_06/03-01-05-01-02-01-06.wav,6,train,05,4,angry,01,02,01,4,angry,0.137116,0.109308,0.085771,0.099197,0.259035,0.106254,0.10701,0.096308,/home/tonyhe/ravdess_avfusion/external/audio_ser_speechbrain/speechbrain-develop-main/outputs/embeddings_ECAPA/train/03-01-05-01-02-01-06.npy,96
01-05-01-02-01-07,03-01-05-01-02-01-07,03-01-05-01-02-01-07,data/raw/ravdess/audio_speech/Audio_Speech_Actors_01-24/Actor_07/03-01-05-01-02-01-07.wav,7,train,05,4,angry,01,02,01,4,angry,0.121112,0.08142,0.075175,0.132131,0.225421,0.105646,0.14455,0.114545,/home/tonyhe/ravdess_avfusion/external/audio_ser_speechbrain/speechbrain-develop-main/outputs/embeddings_ECAPA/train/03-01-05-01-02-01-07.npy,96
01-05-01-02-01-08,03-01-05-01-02-01-08,03-01-05-01-02-01-08,data/raw/ravdess/audio_speech/Audio_Speech_Actors_01-24/Actor_08/03-01-05-01-02-01-08.wav,8,train,05,4,angry,01,02,01,4,angry,0.120771,0.081873,0.079394,0.097866,0.213274,0.103989,0.129534,0.173299,/home/tonyhe/ravdess_avfusion/external/audio_ser_speechbrain/speechbrain-develop-main/outputs/embeddings_ECAPA/train/03-01-05-01-02-01-08.npy,96
01-05-01-02-01-09,03-01-05-01-02-01-09,03-01-05-01-02-01-09,data/raw/ravdess/audio_speech/Audio_Speech_Actors_01-24/Actor_09/03-01-05-01-02-01-09.wav,9,train,05,4,angry,01,02,01,4,angry,0.116963,0.085414,0.13429,0.096451,0.230535,0.093536,0.105368,0.137444,/home/tonyhe/ravdess_avfusion/external/audio_ser_speechbrain/speechbrain-develop-main/outputs/embeddings_ECAPA/train/03-01-05-01-02-01-09.npy,96
01-05-01-02-01-10,03-01-05-01-02-01-10,03-01-05-01-02-01-10,data/raw/ravdess/audio_speech/Audio_Speech_Actors_01-24/Actor_10/03-01-05-01-02-01-10.wav,10,train,05,4,angry,01,02,01,4,angry,0.130933,0.120299,0.064776,0.100028,0.230434,0.099676,0.139271,0.114583,/home/tonyhe/ravdess_avfusion/external/audio_ser_speechbrain/speechbrain-develop-main/outputs/embeddings_ECAPA/train/03-01-05-01-02-01-10.npy,96
01-05-01-02-01-11,03-01-05-01-02-01-11,03-01-05-01-02-01-11,data/raw/ravdess/audio_speech/Audio_Speech_Actors_01-24/Actor_11/03-01-05-01-02-01-11.wav,11,train,05,4,angry,01,02,01,4,angry,0.135407,0.10917,0.116844,0.072596,0.220258,0.084341,0.12978,0.131604,/home/tonyhe/ravdess_avfusion/external/audio_ser_speechbrain/speechbrain-develop-main/outputs/embeddings_ECAPA/train/03-01-05-01-02-01-11.npy,96
01-05-01-02-01-12,03-01-05-01-02-01-12,03-01-05-01-02-01-12,data/raw/ravdess/audio_speech/Audio_Speech_Actors_01-24/Actor_12/03-01-05-01-02-01-12.wav,12,train,05,4,angry,01,02,01,4,angry,0.107627,0.110572,0.096181,0.099568,0.20716,0.067664,0.16366,0.147568,/home/tonyhe/ravdess_avfusion/external/audio_ser_speechbrain/speechbrain-develop-main/outputs/embeddings_ECAPA/train/03-01-05-01-02-01-12.npy,96
01-05-01-02-01-13,03-01-05-01-02-01-13,03-01-05-01-02-01-13,data/raw/ravdess/audio_speech/Audio_Speech_Actors_01-24/Actor_13/03-01-05-01-02-01-13.wav,13,train,05,4,angry,01,02,01,4,angry,0.103995,0.089959,0.091777,0.117946,0.23604,0.114795,0.147943,0.097546,/home/tonyhe/ravdess_avfusion/external/audio_ser_speechbrain/speechbrain-develop-main/outputs/embeddings_ECAPA/train/03-01-05-01-02-01-13.npy,96
01-05-01-02-01-14,03-01-05-01-02-01-14,03-01-05-01-02-01-14,data/raw/ravdess/audio_speech/Audio_Speech_Actors_01-24/Actor_14/03-01-05-01-02-01-14.wav,14,train,05,4,angry,01,02,01,4,angry,0.135997,0.083755,0.096114,0.136057,0.233152,0.11205,0.089929,0.112946,/home/tonyhe/ravdess_avfusion/external/audio_ser_speechbrain/speechbrain-develop-main/outputs/embeddings_ECAPA/train/03-01-05-01-02-01-14.npy,96
01-05-01-02-01-15,03-01-05-01-02-01-15,03-01-05-01-02-01-15,data/raw/ravdess/audio_speech/Audio_Speech_Actors_01-24/Actor_15/03-01-05-01-02-01-15.wav,15,train,05,4,angry,01,02,01,4,angry,0.096847,0.088087,0.083898,0.128783,0.220458,0.099226,0.157303,0.125398,/home/tonyhe/ravdess_avfusion/external/audio_ser_speechbrain/speechbrain-develop-main/outputs/embeddings_ECAPA/train/03-01-05-01-02-01-15.npy,96
01-05-01-02-01-16,03-01-05-01-02-01-16,03-01-05-01-02-01-16,data/raw/ravdess/audio_speech/Audio_Speech_Actors_01-24/Actor_16/03-01-05-01-02-01-16.wav,16,train,05,4,angry,01,02,01,4,angry,0.136773,0.085079,0.114167,0.117348,0.22465,0.07289,0.137911,0.111182,/home/tonyhe/ravdess_avfusion/external/audio_ser_speechbrain/speechbrain-develop-main/outputs/embeddings_ECAPA/train/03-01-05-01-02-01-16.npy,96
01-05-01-02-02-01,03-01-05-01-02-02-01,03-01-05-01-02-02-01,data/raw/ravdess/audio_speech/Audio_Speech_Actors_01-24/Actor_01/03-01-05-01-02-02-01.wav,1,train,05,4,angry,01,02,02,4,angry,0.110619,0.124648,0.121727,0.082594,0.242813,0.08438,0.117697,0.115522,/home/tonyhe/ravdess_avfusion/external/audio_ser_speechbrain/speechbrain-develop-main/outputs/embeddings_ECAPA/train/03-01-05-01-02-02-01.npy,96
01-05-01-02-02-02,03-01-05-01-02-02-02,03-01-05-01-02-02-02,data/raw/ravdess/audio_speech/Audio_Speech_Actors_01-24/Actor_02/03-01-05-01-02-02-02.wav,2,train,05,4,angry,01,02,02,4,angry,0.12237,0.107413,0.096978,0.088642,0.250132,0.108781,0.129637,0.096048,/home/tonyhe/ravdess_avfusion/external/audio_ser_speechbrain/speechbrain-develop-main/outputs/embeddings_ECAPA/train/03-01-05-01-02-02-02.npy,96
01-05-01-02-02-03,03-01-05-01-02-02-03,03-01-05-01-02-02-03,data/raw/ravdess/audio_speech/Audio_Speech_Actors_01-24/Actor_03/03-01-05-01-02-02-03.wav,3,train,05,4,angry,01,02,02,4,angry,0.112248,0.109318,0.101269,0.07748,0.24258,0.111856,0.13082,0.11443,/home/tonyhe/ravdess_avfusion/external/audio_ser_speechbrain/speechbrain-develop-main/outputs/embeddings_ECAPA/train/03-01-05-01-02-02-03.npy,96
01-05-01-02-02-04,03-01-05-01-02-02-04,03-01-05-01-02-02-04,data/raw/ravdess/audio_speech/Audio_Speech_Actors_01-24/Actor_04/03-01-05-01-02-02-04.wav,4,train,05,4,angry,01,02,02,4,angry,0.128418,0.106836,0.084487,0.114102,0.241767,0.075303,0.129082,0.120005,/home/tonyhe/ravdess_avfusion/external/audio_ser_speechbrain/speechbrain-develop-main/outputs/embeddings_ECAPA/train/03-01-05-01-02-02-04.npy,96
01-05-01-02-02-05,03-01-05-01-02-02-05,03-01-05-01-02-02-05,data/raw/ravdess/audio_speech/Audio_Speech_Actors_01-24/Actor_05/03-01-05-01-02-02-05.wav,5,train,05,4,angry,01,02,02,4,angry,0.128965,0.121304,0.104806,0.089888,0.229863,0.09293,0.150613,0.081631,/home/tonyhe/ravdess_avfusion/external/audio_ser_speechbrain/speechbrain-develop-main/outputs/embeddings_ECAPA/train/03-01-05-01-02-02-05.npy,96
01-05-01-02-02-06,03-01-05-01-02-02-06,03-01-05-01-02-02-06,data/raw/ravdess/audio_speech/Audio_Speech_Actors_01-24/Actor_06/03-01-05-01-02-02-06.wav,6,train,05,4,angry,01,02,02,4,angry,0.132628,0.111698,0.092134,0.096141,0.264032,0.098543,0.107948,0.096877,/home/tonyhe/ravdess_avfusion/external/audio_ser_speechbrain/speechbrain-develop-main/outputs/embeddings_ECAPA/train/03-01-05-01-02-02-06.npy,96
01-05-01-02-02-07,03-01-05-01-02-02-07,03-01-05-01-02-02-07,data/raw/ravdess/audio_speech/Audio_Speech_Actors_01-24/Actor_07/03-01-05-01-02-02-07.wav,7,train,05,4,angry,01,02,02,4,angry,0.103773,0.087329,0.085343,0.090204,0.218628,0.092253,0.155062,0.167407,/home/tonyhe/ravdess_avfusion/external/audio_ser_speechbrain/speechbrain-develop-main/outputs/embeddings_ECAPA/train/03-01-05-01-02-02-07.npy,96
01-05-01-02-02-08,03-01-05-01-02-02-08,03-01-05-01-02-02-08,data/raw/ravdess/audio_speech/Audio_Speech_Actors_01-24/Actor_08/03-01-05-01-02-02-08.wav,8,train,05,4,angry,01,02,02,4,angry,0.115675,0.103729,0.09508,0.087203,0.228007,0.083925,0.130589,0.155791,/home/tonyhe/ravdess_avfusion/external/audio_ser_speechbrain/speechbrain-develop-main/outputs/embeddings_ECAPA/train/03-01-05-01-02-02-08.npy,96
01-05-01-02-02-09,03-01-05-01-02-02-09,03-01-05-01-02-02-09,data/raw/ravdess/audio_speech/Audio_Speech_Actors_01-24/Actor_09/03-01-05-01-02-02-09.wav,9,train,05,4,angry,01,02,02,4,angry,0.13296,0.080154,0.130195,0.108083,0.226296,0.081983,0.12181,0.118519,/home/tonyhe/ravdess_avfusion/external/audio_ser_speechbrain/speechbrain-develop-main/outputs/embeddings_ECAPA/train/03-01-05-01-02-02-09.npy,96
01-05-01-02-02-10,03-01-05-01-02-02-10,03-01-05-01-02-02-10,data/raw/ravdess/audio_speech/Audio_Speech_Actors_01-24/Actor_10/03-01-05-01-02-02-10.wav,10,train,05,4,angry,01,02,02,4,angry,0.124567,0.125342,0.077022,0.06784,0.20325,0.103653,0.150524,0.147803,/home/tonyhe/ravdess_avfusion/external/audio_ser_speechbrain/speechbrain-develop-main/outputs/embeddings_ECAPA/train/03-01-05-01-02-02-10.npy,96
01-05-01-02-02-11,03-01-05-01-02-02-11,03-01-05-01-02-02-11,data/raw/ravdess/audio_speech/Audio_Speech_Actors_01-24/Actor_11/03-01-05-01-02-02-11.wav,11,train,05,4,angry,01,02,02,4,angry,0.118951,0.113558,0.106492,0.091108,0.253538,0.085302,0.136973,0.094078,/home/tonyhe/ravdess_avfusion/external/audio_ser_speechbrain/speechbrain-develop-main/outputs/embeddings_ECAPA/train/03-01-05-01-02-02-11.npy,96
01-05-01-02-02-12,03-01-05-01-02-02-12,03-01-05-01-02-02-12,data/raw/ravdess/audio_speech/Audio_Speech_Actors_01-24/Actor_12/03-01-05-01-02-02-12.wav,12,train,05,4,angry,01,02,02,4,angry,0.123824,0.081614,0.110914,0.108169,0.205087,0.07603,0.152369,0.141993,/home/tonyhe/ravdess_avfusion/external/audio_ser_speechbrain/speechbrain-develop-main/outputs/embeddings_ECAPA/train/03-01-05-01-02-02-12.npy,96
01-05-01-02-02-13,03-01-05-01-02-02-13,03-01-05-01-02-02-13,data/raw/ravdess/audio_speech/Audio_Speech_Actors_01-24/Actor_13/03-01-05-01-02-02-13.wav,13,train,05,4,angry,01,02,02,4,angry,0.121314,0.097761,0.081831,0.126258,0.245931,0.094048,0.127633,0.105224,/home/tonyhe/ravdess_avfusion/external/audio_ser_speechbrain/speechbrain-develop-main/outputs/embeddings_ECAPA/train/03-01-05-01-02-02-13.npy,96
01-05-01-02-02-14,03-01-05-01-02-02-14,03-01-05-01-02-02-14,data/raw/ravdess/audio_speech/Audio_Speech_Actors_01-24/Actor_14/03-01-05-01-02-02-14.wav,14,train,05,4,angry,01,02,02,4,angry,0.129412,0.09542,0.102836,0.108364,0.247999,0.092428,0.101694,0.121848,/home/tonyhe/ravdess_avfusion/external/audio_ser_speechbrain/speechbrain-develop-main/outputs/embeddings_ECAPA/train/03-01-05-01-02-02-14.npy,96
01-05-01-02-02-15,03-01-05-01-02-02-15,03-01-05-01-02-02-15,data/raw/ravdess/audio_speech/Audio_Speech_Actors_01-24/Actor_15/03-01-05-01-02-02-15.wav,15,train,05,4,angry,01,02,02,4,angry,0.122724,0.102873,0.094005,0.108126,0.250016,0.08618,0.092957,0.143119,/home/tonyhe/ravdess_avfusion/external/audio_ser_speechbrain/speechbrain-develop-main/outputs/embeddings_ECAPA/train/03-01-05-01-02-02-15.npy,96
01-05-01-02-02-16,03-01-05-01-02-02-16,03-01-05-01-02-02-16,data/raw/ravdess/audio_speech/Audio_Speech_Actors_01-24/Actor_16/03-01-05-01-02-02-16.wav,16,train,05,4,angry,01,02,02,4,angry,0.137439,0.079355,0.109097,0.104018,0.234396,0.105924,0.132865,0.096906,/home/tonyhe/ravdess_avfusion/external/audio_ser_speechbrain/speechbrain-develop-main/outputs/embeddings_ECAPA/train/03-01-05-01-02-02-16.npy,96
01-05-02-01-01-01,03-01-05-02-01-01-01,03-01-05-02-01-01-01,data/raw/ravdess/audio_speech/Audio_Speech_Actors_01-24/Actor_01/03-01-05-02-01-01-01.wav,1,train,05,4,angry,02,01,01,4,angry,0.122554,0.088276,0.106639,0.101095,0.249505,0.119134,0.117241,0.095555,/home/tonyhe/ravdess_avfusion/external/audio_ser_speechbrain/speechbrain-develop-main/outputs/embeddings_ECAPA/train/03-01-05-02-01-01-01.npy,96
01-05-02-01-01-02,03-01-05-02-01-01-02,03-01-05-02-01-01-02,data/raw/ravdess/audio_speech/Audio_Speech_Actors_01-24/Actor_02/03-01-05-02-01-01-02.wav,2,train,05,4,angry,02,01,01,4,angry,0.109798,0.107639,0.099808,0.082788,0.247292,0.097007,0.111069,0.144598,/home/tonyhe/ravdess_avfusion/external/audio_ser_speechbrain/speechbrain-develop-main/outputs/embeddings_ECAPA/train/03-01-05-02-01-01-02.npy,96
01-05-02-01-01-03,03-01-05-02-01-01-03,03-01-05-02-01-01-03,data/raw/ravdess/audio_speech/Audio_Speech_Actors_01-24/Actor_03/03-01-05-02-01-01-03.wav,3,train,05,4,angry,02,01,01,4,angry,0.13151,0.104765,0.089989,0.1083,0.236979,0.115882,0.130893,0.081682,/home/tonyhe/ravdess_avfusion/external/audio_ser_speechbrain/speechbrain-develop-main/outputs/embeddings_ECAPA/train/03-01-05-02-01-01-03.npy,96
01-05-02-01-01-04,03-01-05-02-01-01-04,03-01-05-02-01-01-04,data/raw/ravdess/audio_speech/Audio_Speech_Actors_01-24/Actor_04/03-01-05-02-01-01-04.wav,4,train,05,4,angry,02,01,01,4,angry,0.10128,0.111987,0.085275,0.097136,0.251496,0.119776,0.090914,0.142136,/home/tonyhe/ravdess_avfusion/external/audio_ser_speechbrain/speechbrain-develop-main/outputs/embeddings_ECAPA/train/03-01-05-02-01-01-04.npy,96
01-05-02-01-01-05,03-01-05-02-01-01-05,03-01-05-02-01-01-05,data/raw/ravdess/audio_speech/Audio_Speech_Actors_01-24/Actor_05/03-01-05-02-01-01-05.wav,5,train,05,4,angry,02,01,01,4,angry,0.134438,0.113579,0.103647,0.089851,0.238245,0.119758,0.079532,0.120951,/home/tonyhe/ravdess_avfusion/external/audio_ser_speechbrain/speechbrain-develop-main/outputs/embeddings_ECAPA/train/03-01-05-02-01-01-05.npy,96
01-05-02-01-01-06,03-01-05-02-01-01-06,03-01-05-02-01-01-06,data/raw/ravdess/audio_speech/Audio_Speech_Actors_01-24/Actor_06/03-01-05-02-01-01-06.wav,6,train,05,4,angry,02,01,01,4,angry,0.11245,0.109874,0.099464,0.089204,0.256171,0.137544,0.094417,0.100876,/home/tonyhe/ravdess_avfusion/external/audio_ser_speechbrain/speechbrain-develop-main/outputs/embeddings_ECAPA/train/03-01-05-02-01-01-06.npy,96
01-05-02-01-01-07,03-01-05-02-01-01-07,03-01-05-02-01-01-07,data/raw/ravdess/audio_speech/Audio_Speech_Actors_01-24/Actor_07/03-01-05-02-01-01-07.wav,7,train,05,4,angry,02,01,01,4,angry,0.114096,0.10881,0.098255,0.113674,0.263728,0.088893,0.100416,0.112127,/home/tonyhe/ravdess_avfusion/external/audio_ser_speechbrain/speechbrain-develop-main/outputs/embeddings_ECAPA/train/03-01-05-02-01-01-07.npy,96
01-05-02-01-01-08,03-01-05-02-01-01-08,03-01-05-02-01-01-08,data/raw/ravdess/audio_speech/Audio_Speech_Actors_01-24/Actor_08/03-01-05-02-01-01-08.wav,8,train,05,4,angry,02,01,01,4,angry,0.124185,0.125647,0.085117,0.092811,0.263129,0.087975,0.108309,0.112825,/home/tonyhe/ravdess_avfusion/external/audio_ser_speechbrain/speechbrain-develop-main/outputs/embeddings_ECAPA/train/03-01-05-02-01-01-08.npy,96
01-05-02-01-01-09,03-01-05-02-01-01-09,03-01-05-02-01-01-09,data/raw/ravdess/audio_speech/Audio_Speech_Actors_01-24/Actor_09/03-01-05-02-01-01-09.wav,9,train,05,4,angry,02,01,01,4,angry,0.106946,0.090158,0.101531,0.116976,0.257334,0.094575,0.10654,0.12594,/home/tonyhe/ravdess_avfusion/external/audio_ser_speechbrain/speechbrain-develop-main/outputs/embeddings_ECAPA/train/03-01-05-02-01-01-09.npy,96
01-05-02-01-01-10,03-01-05-02-01-01-10,03-01-05-02-01-01-10,data/raw/ravdess/audio_speech/Audio_Speech_Actors_01-24/Actor_10/03-01-05-02-01-01-10.wav,10,train,05,4,angry,02,01,01,4,angry,0.097716,0.110723,0.132974,0.079197,0.235777,0.094374,0.10991,0.139328,/home/tonyhe/ravdess_avfusion/external/audio_ser_speechbrain/speechbrain-develop-main/outputs/embeddings_ECAPA/train/03-01-05-02-01-01-10.npy,96
01-05-02-01-01-11,03-01-05-02-01-01-11,03-01-05-02-01-01-11,data/raw/ravdess/audio_speech/Audio_Speech_Actors_01-24/Actor_11/03-01-05-02-01-01-11.wav,11,train,05,4,angry,02,01,01,4,angry,0.092785,0.105597,0.094882,0.082704,0.25122,0.107973,0.135961,0.128878,/home/tonyhe/ravdess_avfusion/external/audio_ser_speechbrain/speechbrain-develop-main/outputs/embeddings_ECAPA/train/03-01-05-02-01-01-11.npy,96
01-05-02-01-01-12,03-01-05-02-01-01-12,03-01-05-02-01-01-12,data/raw/ravdess/audio_speech/Audio_Speech_Actors_01-24/Actor_12/03-01-05-02-01-01-12.wav,12,train,05,4,angry,02,01,01,4,angry,0.112992,0.120939,0.111518,0.101568,0.254081,0.083297,0.101055,0.114549,/home/tonyhe/ravdess_avfusion/external/audio_ser_speechbrain/speechbrain-develop-main/outputs/embeddings_ECAPA/train/03-01-05-02-01-01-12.npy,96
01-05-02-01-01-13,03-01-05-02-01-01-13,03-01-05-02-01-01-13,data/raw/ravdess/audio_speech/Audio_Speech_Actors_01-24/Actor_13/03-01-05-02-01-01-13.wav,13,train,05,4,angry,02,01,01,4,angry,0.096729,0.119066,0.098701,0.108966,0.265878,0.114854,0.087537,0.108268,/home/tonyhe/ravdess_avfusion/external/audio_ser_speechbrain/speechbrain-develop-main/outputs/embeddings_ECAPA/train/03-01-05-02-01-01-13.npy,96
01-05-02-01-01-14,03-01-05-02-01-01-14,03-01-05-02-01-01-14,data/raw/ravdess/audio_speech/Audio_Speech_Actors_01-24/Actor_14/03-01-05-02-01-01-14.wav,14,train,05,4,angry,02,01,01,4,angry,0.145167,0.094035,0.105717,0.13424,0.237788,0.096958,0.083729,0.102367,/home/tonyhe/ravdess_avfusion/external/audio_ser_speechbrain/speechbrain-develop-main/outputs/embeddings_ECAPA/train/03-01-05-02-01-01-14.npy,96
01-05-02-01-01-15,03-01-05-02-01-01-15,03-01-05-02-01-01-15,data/raw/ravdess/audio_speech/Audio_Speech_Actors_01-24/Actor_15/03-01-05-02-01-01-15.wav,15,train,05,4,angry,02,01,01,4,angry,0.11021,0.103415,0.109045,0.099151,0.246561,0.082539,0.103038,0.146042,/home/tonyhe/ravdess_avfusion/external/audio_ser_speechbrain/speechbrain-develop-main/outputs/embeddings_ECAPA/train/03-01-05-02-01-01-15.npy,96
01-05-02-01-01-16,03-01-05-02-01-01-16,03-01-05-02-01-01-16,data/raw/ravdess/audio_speech/Audio_Speech_Actors_01-24/Actor_16/03-01-05-02-01-01-16.wav,16,train,05,4,angry,02,01,01,4,angry,0.104422,0.098605,0.095472,0.089823,0.266732,0.107166,0.116624,0.121156,/home/tonyhe/ravdess_avfusion/external/audio_ser_speechbrain/speechbrain-develop-main/outputs/embeddings_ECAPA/train/03-01-05-02-01-01-16.npy,96
01-05-02-01-02-01,03-01-05-02-01-02-01,03-01-05-02-01-02-01,data/raw/ravdess/audio_speech/Audio_Speech_Actors_01-24/Actor_01/03-01-05-02-01-02-01.wav,1,train,05,4,angry,02,01,02,4,angry,0.100743,0.128439,0.10976,0.098203,0.262732,0.104858,0.110664,0.084602,/home/tonyhe/ravdess_avfusion/external/audio_ser_speechbrain/speechbrain-develop-main/outputs/embeddings_ECAPA/train/03-01-05-02-01-02-01.npy,96
01-05-02-01-02-02,03-01-05-02-01-02-02,03-01-05-02-01-02-02,data/raw/ravdess/audio_speech/Audio_Speech_Actors_01-24/Actor_02/03-01-05-02-01-02-02.wav,2,train,05,4,angry,02,01,02,4,angry,0.107836,0.100723,0.096631,0.087158,0.255161,0.100294,0.114784,0.137413,/home/tonyhe/ravdess_avfusion/external/audio_ser_speechbrain/speechbrain-develop-main/outputs/embeddings_ECAPA/train/03-01-05-02-01-02-02.npy,96
01-05-02-01-02-03,03-01-05-02-01-02-03,03-01-05-02-01-02-03,data/raw/ravdess/audio_speech/Audio_Speech_Actors_01-24/Actor_03/03-01-05-02-01-02-03.wav,3,train,05,4,angry,02,01,02,4,angry,0.127169,0.106534,0.090965,0.102843,0.243285,0.114249,0.13618,0.078775,/home/tonyhe/ravdess_avfusion/external/audio_ser_speechbrain/speechbrain-develop-main/outputs/embeddings_ECAPA/train/03-01-05-02-01-02-03.npy,96
01-05-02-01-02-04,03-01-05-02-01-02-04,03-01-05-02-01-02-04,data/raw/ravdess/audio_speech/Audio_Speech_Actors_01-24/Actor_04/03-01-05-02-01-02-04.wav,4,train,05,4,angry,02,01,02,4,angry,0.102847,0.111526,0.095907,0.085335,0.265632,0.103947,0.110067,0.124739,/home/tonyhe/ravdess_avfusion/external/audio_ser_speechbrain/speechbrain-develop-main/outputs/embeddings_ECAPA/train/03-01-05-02-01-02-04.npy,96
01-05-02-01-02-05,03-01-05-02-01-02-05,03-01-05-02-01-02-05,data/raw/ravdess/audio_speech/Audio_Speech_Actors_01-24/Actor_05/03-01-05-02-01-02-05.wav,5,train,05,4,angry,02,01,02,4,angry,0.117951,0.09262,0.09005,0.108306,0.264468,0.111737,0.105824,0.109043,/home/tonyhe/ravdess_avfusion/external/audio_ser_speechbrain/speechbrain-develop-main/outputs/embeddings_ECAPA/train/03-01-05-02-01-02-05.npy,96
01-05-02-01-02-06,03-01-05-02-01-02-06,03-01-05-02-01-02-06,data/raw/ravdess/audio_speech/Audio_Speech_Actors_01-24/Actor_06/03-01-05-02-01-02-06.wav,6,train,05,4,angry,02,01,02,4,angry,0.114113,0.105343,0.12791,0.090355,0.250133,0.116126,0.101786,0.094234,/home/tonyhe/ravdess_avfusion/external/audio_ser_speechbrain/speechbrain-develop-main/outputs/embeddings_ECAPA/train/03-01-05-02-01-02-06.npy,96
01-05-02-01-02-07,03-01-05-02-01-02-07,03-01-05-02-01-02-07,data/raw/ravdess/audio_speech/Audio_Speech_Actors_01-24/Actor_07/03-01-05-02-01-02-07.wav,7,train,05,4,angry,02,01,02,4,angry,0.109663,0.126063,0.108118,0.125119,0.249425,0.079099,0.102534,0.099979,/home/tonyhe/ravdess_avfusion/external/audio_ser_speechbrain/speechbrain-develop-main/outputs/embeddings_ECAPA/train/03-01-05-02-01-02-07.npy,96
01-05-02-01-02-08,03-01-05-02-01-02-08,03-01-05-02-01-02-08,data/raw/ravdess/audio_speech/Audio_Speech_Actors_01-24/Actor_08/03-01-05-02-01-02-08.wav,8,train,05,4,angry,02,01,02,4,angry,0.120016,0.107292,0.107417,0.102471,0.229603,0.087967,0.088231,0.157003,/home/tonyhe/ravdess_avfusion/external/audio_ser_speechbrain/speechbrain-develop-main/outputs/embeddings_ECAPA/train/03-01-05-02-01-02-08.npy,96
01-05-02-01-02-09,03-01-05-02-01-02-09,03-01-05-02-01-02-09,data/raw/ravdess/audio_speech/Audio_Speech_Actors_01-24/Actor_09/03-01-05-02-01-02-09.wav,9,train,05,4,angry,02,01,02,4,angry,0.117515,0.098442,0.113175,0.086723,0.254219,0.112813,0.104117,0.112998,/home/tonyhe/ravdess_avfusion/external/audio_ser_speechbrain/speechbrain-develop-main/outputs/embeddings_ECAPA/train/03-01-05-02-01-02-09.npy,96
01-05-02-01-02-10,03-01-05-02-01-02-10,03-01-05-02-01-02-10,data/raw/ravdess/audio_speech/Audio_Speech_Actors_01-24/Actor_10/03-01-05-02-01-02-10.wav,10,train,05,4,angry,02,01,02,4,angry,0.108899,0.124571,0.121036,0.090076,0.242983,0.086436,0.094559,0.131441,/home/tonyhe/ravdess_avfusion/external/audio_ser_speechbrain/speechbrain-develop-main/outputs/embeddings_ECAPA/train/03-01-05-02-01-02-10.npy,96
01-05-02-01-02-11,03-01-05-02-01-02-11,03-01-05-02-01-02-11,data/raw/ravdess/audio_speech/Audio_Speech_Actors_01-24/Actor_11/03-01-05-02-01-02-11.wav,11,train,05,4,angry,02,01,02,4,angry,0.098785,0.104299,0.111729,0.083152,0.244137,0.086261,0.137538,0.1341,/home/tonyhe/ravdess_avfusion/external/audio_ser_speechbrain/speechbrain-develop-main/outputs/embeddings_ECAPA/train/03-01-05-02-01-02-11.npy,96
01-05-02-01-02-12,03-01-05-02-01-02-12,03-01-05-02-01-02-12,data/raw/ravdess/audio_speech/Audio_Speech_Actors_01-24/Actor_12/03-01-05-02-01-02-12.wav,12,train,05,4,angry,02,01,02,4,angry,0.101923,0.125205,0.084373,0.109239,0.253683,0.111359,0.121248,0.09297,/home/tonyhe/ravdess_avfusion/external/audio_ser_speechbrain/speechbrain-develop-main/outputs/embeddings_ECAPA/train/03-01-05-02-01-02-12.npy,96
01-05-02-01-02-13,03-01-05-02-01-02-13,03-01-05-02-01-02-13,data/raw/ravdess/audio_speech/Audio_Speech_Actors_01-24/Actor_13/03-01-05-02-01-02-13.wav,13,train,05,4,angry,02,01,02,4,angry,0.102806,0.096892,0.096717,0.099577,0.261584,0.11055,0.121307,0.110566,/home/tonyhe/ravdess_avfusion/external/audio_ser_speechbrain/speechbrain-develop-main/outputs/embeddings_ECAPA/train/03-01-05-02-01-02-13.npy,96
01-05-02-01-02-14,03-01-05-02-01-02-14,03-01-05-02-01-02-14,data/raw/ravdess/audio_speech/Audio_Speech_Actors_01-24/Actor_14/03-01-05-02-01-02-14.wav,14,train,05,4,angry,02,01,02,4,angry,0.120971,0.094543,0.090146,0.120467,0.252733,0.119024,0.092389,0.109728,/home/tonyhe/ravdess_avfusion/external/audio_ser_speechbrain/speechbrain-develop-main/outputs/embeddings_ECAPA/train/03-01-05-02-01-02-14.npy,96
01-05-02-01-02-15,03-01-05-02-01-02-15,03-01-05-02-01-02-15,data/raw/ravdess/audio_speech/Audio_Speech_Actors_01-24/Actor_15/03-01-05-02-01-02-15.wav,15,train,05,4,angry,02,01,02,4,angry,0.111295,0.128578,0.100105,0.10574,0.254159,0.0752,0.105311,0.119611,/home/tonyhe/ravdess_avfusion/external/audio_ser_speechbrain/speechbrain-develop-main/outputs/embeddings_ECAPA/train/03-01-05-02-01-02-15.npy,96
01-05-02-01-02-16,03-01-05-02-01-02-16,03-01-05-02-01-02-16,data/raw/ravdess/audio_speech/Audio_Speech_Actors_01-24/Actor_16/03-01-05-02-01-02-16.wav,16,train,05,4,angry,02,01,02,4,angry,0.120945,0.122999,0.121247,0.100508,0.250209,0.082775,0.094083,0.107234,/home/tonyhe/ravdess_avfusion/external/audio_ser_speechbrain/speechbrain-develop-main/outputs/embeddings_ECAPA/train/03-01-05-02-01-02-16.npy,96
01-05-02-02-01-01,03-01-05-02-02-01-01,03-01-05-02-02-01-01,data/raw/ravdess/audio_speech/Audio_Speech_Actors_01-24/Actor_01/03-01-05-02-02-01-01.wav,1,train,05,4,angry,02,02,01,4,angry,0.105447,0.091774,0.106936,0.087542,0.238223,0.138785,0.134134,0.09716,/home/tonyhe/ravdess_avfusion/external/audio_ser_speechbrain/speechbrain-develop-main/outputs/embeddings_ECAPA/train/03-01-05-02-02-01-01.npy,96
01-05-02-02-01-02,03-01-05-02-02-01-02,03-01-05-02-02-01-02,data/raw/ravdess/audio_speech/Audio_Speech_Actors_01-24/Actor_02/03-01-05-02-02-01-02.wav,2,train,05,4,angry,02,02,01,4,angry,0.100198,0.09585,0.117178,0.089244,0.247052,0.102385,0.12817,0.119923,/home/tonyhe/ravdess_avfusion/external/audio_ser_speechbrain/speechbrain-develop-main/outputs/embeddings_ECAPA/train/03-01-05-02-02-01-02.npy,96
01-05-02-02-01-03,03-01-05-02-02-01-03,03-01-05-02-02-01-03,data/raw/ravdess/audio_speech/Audio_Speech_Actors_01-24/Actor_03/03-01-05-02-02-01-03.wav,3,train,05,4,angry,02,02,01,4,angry,0.109285,0.090608,0.105212,0.09723,0.246623,0.120077,0.138321,0.092642,/home/tonyhe/ravdess_avfusion/external/audio_ser_speechbrain/speechbrain-develop-main/outputs/embeddings_ECAPA/train/03-01-05-02-02-01-03.npy,96
01-05-02-02-01-04,03-01-05-02-02-01-04,03-01-05-02-02-01-04,data/raw/ravdess/audio_speech/Audio_Speech_Actors_01-24/Actor_04/03-01-05-02-02-01-04.wav,4,train,05,4,angry,02,02,01,4,angry,0.098562,0.116183,0.098799,0.13537,0.234077,0.134732,0.099509,0.082767,/home/tonyhe/ravdess_avfusion/external/audio_ser_speechbrain/speechbrain-develop-main/outputs/embeddings_ECAPA/train/03-01-05-02-02-01-04.npy,96
01-05-02-02-01-05,03-01-05-02-02-01-05,03-01-05-02-02-01-05,data/raw/ravdess/audio_speech/Audio_Speech_Actors_01-24/Actor_05/03-01-05-02-02-01-05.wav,5,train,05,4,angry,02,02,01,4,angry,0.110279,0.099521,0.119217,0.088429,0.24548,0.093092,0.119328,0.124653,/home/tonyhe/ravdess_avfusion/external/audio_ser_speechbrain/speechbrain-develop-main/outputs/embeddings_ECAPA/train/03-01-05-02-02-01-05.npy,96
01-05-02-02-01-06,03-01-05-02-02-01-06,03-01-05-02-02-01-06,data/raw/ravdess/audio_speech/Audio_Speech_Actors_01-24/Actor_06/03-01-05-02-02-01-06.wav,6,train,05,4,angry,02,02,01,4,angry,0.127842,0.121013,0.099153,0.100392,0.259758,0.089937,0.115906,0.085999,/home/tonyhe/ravdess_avfusion/external/audio_ser_speechbrain/speechbrain-develop-main/outputs/embeddings_ECAPA/train/03-01-05-02-02-01-06.npy,96
01-05-02-02-01-07,03-01-05-02-02-01-07,03-01-05-02-02-01-07,data/raw/ravdess/audio_speech/Audio_Speech_Actors_01-24/Actor_07/03-01-05-02-02-01-07.wav,7,train,05,4,angry,02,02,01,4,angry,0.097101,0.104212,0.094279,0.154485,0.242042,0.108287,0.086406,0.113189,/home/tonyhe/ravdess_avfusion/external/audio_ser_speechbrain/speechbrain-develop-main/outputs/embeddings_ECAPA/train/03-01-05-02-02-01-07.npy,96
01-05-02-02-01-08,03-01-05-02-02-01-08,03-01-05-02-02-01-08,data/raw/ravdess/audio_speech/Audio_Speech_Actors_01-24/Actor_08/03-01-05-02-02-01-08.wav,8,train,05,4,angry,02,02,01,4,angry,0.109853,0.106241,0.098112,0.08739,0.24167,0.105215,0.098876,0.152643,/home/tonyhe/ravdess_avfusion/external/audio_ser_speechbrain/speechbrain-develop-main/outputs/embeddings_ECAPA/train/03-01-05-02-02-01-08.npy,96
01-05-02-02-01-09,03-01-05-02-02-01-09,03-01-05-02-02-01-09,data/raw/ravdess/audio_speech/Audio_Speech_Actors_01-24/Actor_09/03-01-05-02-02-01-09.wav,9,train,05,4,angry,02,02,01,4,angry,0.10231,0.097458,0.115846,0.07878,0.238089,0.139696,0.111668,0.116152,/home/tonyhe/ravdess_avfusion/external/audio_ser_speechbrain/speechbrain-develop-main/outputs/embeddings_ECAPA/train/03-01-05-02-02-01-09.npy,96
01-05-02-02-01-10,03-01-05-02-02-01-10,03-01-05-02-02-01-10,data/raw/ravdess/audio_speech/Audio_Speech_Actors_01-24/Actor_10/03-01-05-02-02-01-10.wav,10,train,05,4,angry,02,02,01,4,angry,0.136856,0.11273,0.105426,0.091721,0.237416,0.075577,0.10384,0.136434,/home/tonyhe/ravdess_avfusion/external/audio_ser_speechbrain/speechbrain-develop-main/outputs/embeddings_ECAPA/train/03-01-05-02-02-01-10.npy,96
01-05-02-02-01-11,03-01-05-02-02-01-11,03-01-05-02-02-01-11,data/raw/ravdess/audio_speech/Audio_Speech_Actors_01-24/Actor_11/03-01-05-02-02-01-11.wav,11,train,05,4,angry,02,02,01,4,angry,0.112347,0.100835,0.091537,0.094014,0.258724,0.093523,0.132302,0.116719,/home/tonyhe/ravdess_avfusion/external/audio_ser_speechbrain/speechbrain-develop-main/outputs/embeddings_ECAPA/train/03-01-05-02-02-01-11.npy,96
01-05-02-02-01-12,03-01-05-02-02-01-12,03-01-05-02-02-01-12,data/raw/ravdess/audio_speech/Audio_Speech_Actors_01-24/Actor_12/03-01-05-02-02-01-12.wav,12,train,05,4,angry,02,02,01,4,angry,0.101019,0.112944,0.119646,0.117563,0.244517,0.077872,0.105628,0.120809,/home/tonyhe/ravdess_avfusion/external/audio_ser_speechbrain/speechbrain-develop-main/outputs/embeddings_ECAPA/train/03-01-05-02-02-01-12.npy,96
01-05-02-02-01-13,03-01-05-02-02-01-13,03-01-05-02-02-01-13,data/raw/ravdess/audio_speech/Audio_Speech_Actors_01-24/Actor_13/03-01-05-02-02-01-13.wav,13,train,05,4,angry,02,02,01,4,angry,0.097802,0.112721,0.091773,0.08416,0.257447,0.11384,0.11541,0.126848,/home/tonyhe/ravdess_avfusion/external/audio_ser_speechbrain/speechbrain-develop-main/outputs/embeddings_ECAPA/train/03-01-05-02-02-01-13.npy,96
01-05-02-02-01-14,03-01-05-02-02-01-14,03-01-05-02-02-01-14,data/raw/ravdess/audio_speech/Audio_Speech_Actors_01-24/Actor_14/03-01-05-02-02-01-14.wav,14,train,05,4,angry,02,02,01,4,angry,0.123708,0.110255,0.113894,0.100157,0.243,0.114058,0.096153,0.098777,/home/tonyhe/ravdess_avfusion/external/audio_ser_speechbrain/speechbrain-develop-main/outputs/embeddings_ECAPA/train/03-01-05-02-02-01-14.npy,96
01-05-02-02-01-15,03-01-05-02-02-01-15,03-01-05-02-02-01-15,data/raw/ravdess/audio_speech/Audio_Speech_Actors_01-24/Actor_15/03-01-05-02-02-01-15.wav,15,train,05,4,angry,02,02,01,4,angry,0.127956,0.087549,0.079615,0.132038,0.24409,0.084816,0.125637,0.118297,/home/tonyhe/ravdess_avfusion/external/audio_ser_speechbrain/speechbrain-develop-main/outputs/embeddings_ECAPA/train/03-01-05-02-02-01-15.npy,96
01-05-02-02-01-16,03-01-05-02-02-01-16,03-01-05-02-02-01-16,data/raw/ravdess/audio_speech/Audio_Speech_Actors_01-24/Actor_16/03-01-05-02-02-01-16.wav,16,train,05,4,angry,02,02,01,4,angry,0.106682,0.087625,0.092955,0.115937,0.255117,0.090919,0.115928,0.134837,/home/tonyhe/ravdess_avfusion/external/audio_ser_speechbrain/speechbrain-develop-main/outputs/embeddings_ECAPA/train/03-01-05-02-02-01-16.npy,96
01-05-02-02-02-01,03-01-05-02-02-02-01,03-01-05-02-02-02-01,data/raw/ravdess/audio_speech/Audio_Speech_Actors_01-24/Actor_01/03-01-05-02-02-02-01.wav,1,train,05,4,angry,02,02,02,4,angry,0.091044,0.102385,0.108742,0.092537,0.235212,0.113713,0.146832,0.109535,/home/tonyhe/ravdess_avfusion/external/audio_ser_speechbrain/speechbrain-develop-main/outputs/embeddings_ECAPA/train/03-01-05-02-02-02-01.npy,96
01-05-02-02-02-02,03-01-05-02-02-02-02,03-01-05-02-02-02-02,data/raw/ravdess/audio_speech/Audio_Speech_Actors_01-24/Actor_02/03-01-05-02-02-02-02.wav,2,train,05,4,angry,02,02,02,4,angry,0.117935,0.095004,0.107547,0.088539,0.241933,0.093439,0.112504,0.143101,/home/tonyhe/ravdess_avfusion/external/audio_ser_speechbrain/speechbrain-develop-main/outputs/embeddings_ECAPA/train/03-01-05-02-02-02-02.npy,96
01-05-02-02-02-03,03-01-05-02-02-02-03,03-01-05-02-02-02-03,data/raw/ravdess/audio_speech/Audio_Speech_Actors_01-24/Actor_03/03-01-05-02-02-02-03.wav,3,train,05,4,angry,02,02,02,4,angry,0.115557,0.10737,0.118382,0.084644,0.242454,0.115181,0.134049,0.082361,/home/tonyhe/ravdess_avfusion/external/audio_ser_speechbrain/speechbrain-develop-main/outputs/embeddings_ECAPA/train/03-01-05-02-02-02-03.npy,96
01-05-02-02-02-04,03-01-05-02-02-02-04,03-01-05-02-02-02-04,data/raw/ravdess/audio_speech/Audio_Speech_Actors_01-24/Actor_04/03-01-05-02-02-02-04.wav,4,train,05,4,angry,02,02,02,4,angry,0.090304,0.126247,0.08121,0.117315,0.238641,0.089134,0.104892,0.152256,/home/tonyhe/ravdess_avfusion/external/audio_ser_speechbrain/speechbrain-develop-main/outputs/embeddings_ECAPA/train/03-01-05-02-02-02-04.npy,96
01-05-02-02-02-05,03-01-05-02-02-02-05,03-01-05-02-02-02-05,data/raw/ravdess/audio_speech/Audio_Speech_Actors_01-24/Actor_05/03-01-05-02-02-02-05.wav,5,train,05,4,angry,02,02,02,4,angry,0.109768,0.106185,0.096036,0.096369,0.269944,0.110454,0.108378,0.102867,/home/tonyhe/ravdess_avfusion/external/audio_ser_speechbrain/speechbrain-develop-main/outputs/embeddings_ECAPA/train/03-01-05-02-02-02-05.npy,96
01-05-02-02-02-06,03-01-05-02-02-02-06,03-01-05-02-02-02-06,data/raw/ravdess/audio_speech/Audio_Speech_Actors_01-24/Actor_06/03-01-05-02-02-02-06.wav,6,train,05,4,angry,02,02,02,4,angry,0.119416,0.111698,0.114787,0.116926,0.249719,0.105311,0.109093,0.07305,/home/tonyhe/ravdess_avfusion/external/audio_ser_speechbrain/speechbrain-develop-main/outputs/embeddings_ECAPA/train/03-01-05-02-02-02-06.npy,96
01-05-02-02-02-07,03-01-05-02-02-02-07,03-01-05-02-02-02-07,data/raw/ravdess/audio_speech/Audio_Speech_Actors_01-24/Actor_07/03-01-05-02-02-02-07.wav,7,train,05,4,angry,02,02,02,4,angry,0.113854,0.109524,0.095661,0.131187,0.257334,0.088404,0.104755,0.099281,/home/tonyhe/ravdess_avfusion/external/audio_ser_speechbrain/speechbrain-develop-main/outputs/embeddings_ECAPA/train/03-01-05-02-02-02-07.npy,96
01-05-02-02-02-08,03-01-05-02-02-02-08,03-01-05-02-02-02-08,data/raw/ravdess/audio_speech/Audio_Speech_Actors_01-24/Actor_08/03-01-05-02-02-02-08.wav,8,train,05,4,angry,02,02,02,4,angry,0.119619,0.090647,0.077935,0.117022,0.222763,0.109114,0.096163,0.166738,/home/tonyhe/ravdess_avfusion/external/audio_ser_speechbrain/speechbrain-develop-main/outputs/embeddings_ECAPA/train/03-01-05-02-02-02-08.npy,96
01-05-02-02-02-09,03-01-05-02-02-02-09,03-01-05-02-02-02-09,data/raw/ravdess/audio_speech/Audio_Speech_Actors_01-24/Actor_09/03-01-05-02-02-02-09.wav,9,train,05,4,angry,02,02,02,4,angry,0.127426,0.106037,0.086763,0.08328,0.247343,0.104872,0.126844,0.117434,/home/tonyhe/ravdess_avfusion/external/audio_ser_speechbrain/speechbrain-develop-main/outputs/embeddings_ECAPA/train/03-01-05-02-02-02-09.npy,96
01-05-02-02-02-10,03-01-05-02-02-02-10,03-01-05-02-02-02-10,data/raw/ravdess/audio_speech/Audio_Speech_Actors_01-24/Actor_10/03-01-05-02-02-02-10.wav,10,train,05,4,angry,02,02,02,4,angry,0.139975,0.118991,0.111614,0.098013,0.218626,0.064098,0.125809,0.122874,/home/tonyhe/ravdess_avfusion/external/audio_ser_speechbrain/speechbrain-develop-main/outputs/embeddings_ECAPA/train/03-01-05-02-02-02-10.npy,96
01-05-02-02-02-11,03-01-05-02-02-02-11,03-01-05-02-02-02-11,data/raw/ravdess/audio_speech/Audio_Speech_Actors_01-24/Actor_11/03-01-05-02-02-02-11.wav,11,train,05,4,angry,02,02,02,4,angry,0.099449,0.100123,0.096057,0.070294,0.234198,0.135673,0.131509,0.132697,/home/tonyhe/ravdess_avfusion/external/audio_ser_speechbrain/speechbrain-develop-main/outputs/embeddings_ECAPA/train/03-01-05-02-02-02-11.npy,96
01-05-02-02-02-12,03-01-05-02-02-02-12,03-01-05-02-02-02-12,data/raw/ravdess/audio_speech/Audio_Speech_Actors_01-24/Actor_12/03-01-05-02-02-02-12.wav,12,train,05,4,angry,02,02,02,4,angry,0.116543,0.116168,0.097301,0.111589,0.259174,0.112653,0.10775,0.078824,/home/tonyhe/ravdess_avfusion/external/audio_ser_speechbrain/speechbrain-develop-main/outputs/embeddings_ECAPA/train/03-01-05-02-02-02-12.npy,96
01-05-02-02-02-13,03-01-05-02-02-02-13,03-01-05-02-02-02-13,data/raw/ravdess/audio_speech/Audio_Speech_Actors_01-24/Actor_13/03-01-05-02-02-02-13.wav,13,train,05,4,angry,02,02,02,4,angry,0.09315,0.142551,0.086743,0.090871,0.25088,0.108688,0.117841,0.109275,/home/tonyhe/ravdess_avfusion/external/audio_ser_speechbrain/speechbrain-develop-main/outputs/embeddings_ECAPA/train/03-01-05-02-02-02-13.npy,96
01-05-02-02-02-14,03-01-05-02-02-02-14,03-01-05-02-02-02-14,data/raw/ravdess/audio_speech/Audio_Speech_Actors_01-24/Actor_14/03-01-05-02-02-02-14.wav,14,train,05,4,angry,02,02,02,4,angry,0.131068,0.103605,0.106865,0.124907,0.245264,0.116274,0.092224,0.079794,/home/tonyhe/ravdess_avfusion/external/audio_ser_speechbrain/speechbrain-develop-main/outputs/embeddings_ECAPA/train/03-01-05-02-02-02-14.npy,96
01-05-02-02-02-15,03-01-05-02-02-02-15,03-01-05-02-02-02-15,data/raw/ravdess/audio_speech/Audio_Speech_Actors_01-24/Actor_15/03-01-05-02-02-02-15.wav,15,train,05,4,angry,02,02,02,4,angry,0.129469,0.098583,0.072711,0.146416,0.242935,0.092384,0.093485,0.124018,/home/tonyhe/ravdess_avfusion/external/audio_ser_speechbrain/speechbrain-develop-main/outputs/embeddings_ECAPA/train/03-01-05-02-02-02-15.npy,96
01-05-02-02-02-16,03-01-05-02-02-02-16,03-01-05-02-02-02-16,data/raw/ravdess/audio_speech/Audio_Speech_Actors_01-24/Actor_16/03-01-05-02-02-02-16.wav,16,train,05,4,angry,02,02,02,4,angry,0.113047,0.074966,0.104615,0.137007,0.239167,0.094131,0.116643,0.120424,/home/tonyhe/ravdess_avfusion/external/audio_ser_speechbrain/speechbrain-develop-main/outputs/embeddings_ECAPA/train/03-01-05-02-02-02-16.npy,96
01-06-01-01-01-01,03-01-06-01-01-01-01,03-01-06-01-01-01-01,data/raw/ravdess/audio_speech/Audio_Speech_Actors_01-24/Actor_01/03-01-06-01-01-01-01.wav,1,train,06,5,fearful,01,01,01,5,fearful,0.09613,0.096843,0.105687,0.146492,0.092715,0.238558,0.084375,0.139201,/home/tonyhe/ravdess_avfusion/external/audio_ser_speechbrain/speechbrain-develop-main/outputs/embeddings_ECAPA/train/03-01-06-01-01-01-01.npy,96
01-06-01-01-01-02,03-01-06-01-01-01-02,03-01-06-01-01-01-02,data/raw/ravdess/audio_speech/Audio_Speech_Actors_01-24/Actor_02/03-01-06-01-01-01-02.wav,2,train,06,5,fearful,01,01,01,5,fearful,0.08627,0.124428,0.119809,0.096487,0.078444,0.264178,0.11133,0.119053,/home/tonyhe/ravdess_avfusion/external/audio_ser_speechbrain/speechbrain-develop-main/outputs/embeddings_ECAPA/train/03-01-06-01-01-01-02.npy,96
01-06-01-01-01-03,03-01-06-01-01-01-03,03-01-06-01-01-01-03,data/raw/ravdess/audio_speech/Audio_Speech_Actors_01-24/Actor_03/03-01-06-01-01-01-03.wav,3,train,06,5,fearful,01,01,01,5,fearful,0.091557,0.095749,0.086209,0.108085,0.097127,0.266327,0.125509,0.129437,/home/tonyhe/ravdess_avfusion/external/audio_ser_speechbrain/speechbrain-develop-main/outputs/embeddings_ECAPA/train/03-01-06-01-01-01-03.npy,96
01-06-01-01-01-04,03-01-06-01-01-01-04,03-01-06-01-01-01-04,data/raw/ravdess/audio_speech/Audio_Speech_Actors_01-24/Actor_04/03-01-06-01-01-01-04.wav,4,train,06,5,fearful,01,01,01,5,fearful,0.08637,0.099753,0.107086,0.119942,0.078808,0.248008,0.110158,0.149874,/home/tonyhe/ravdess_avfusion/external/audio_ser_speechbrain/speechbrain-develop-main/outputs/embeddings_ECAPA/train/03-01-06-01-01-01-04.npy,96
01-06-01-01-01-05,03-01-06-01-01-01-05,03-01-06-01-01-01-05,data/raw/ravdess/audio_speech/Audio_Speech_Actors_01-24/Actor_05/03-01-06-01-01-01-05.wav,5,train,06,5,fearful,01,01,01,5,fearful,0.101937,0.079326,0.115809,0.080138,0.091854,0.244568,0.130175,0.156194,/home/tonyhe/ravdess_avfusion/external/audio_ser_speechbrain/speechbrain-develop-main/outputs/embeddings_ECAPA/train/03-01-06-01-01-01-05.npy,96
01-06-01-01-01-06,03-01-06-01-01-01-06,03-01-06-01-01-01-06,data/raw/ravdess/audio_speech/Audio_Speech_Actors_01-24/Actor_06/03-01-06-01-01-01-06.wav,6,train,06,5,fearful,01,01,01,5,fearful,0.099323,0.117146,0.091688,0.13018,0.092256,0.260457,0.099766,0.109184,/home/tonyhe/ravdess_avfusion/external/audio_ser_speechbrain/speechbrain-develop-main/outputs/embeddings_ECAPA/train/03-01-06-01-01-01-06.npy,96
01-06-01-01-01-07,03-01-06-01-01-01-07,03-01-06-01-01-01-07,data/raw/ravdess/audio_speech/Audio_Speech_Actors_01-24/Actor_07/03-01-06-01-01-01-07.wav,7,train,06,5,fearful,01,01,01,5,fearful,0.111653,0.097679,0.086466,0.135102,0.088246,0.248775,0.119319,0.112758,/home/tonyhe/ravdess_avfusion/external/audio_ser_speechbrain/speechbrain-develop-main/outputs/embeddings_ECAPA/train/03-01-06-01-01-01-07.npy,96
01-06-01-01-01-08,03-01-06-01-01-01-08,03-01-06-01-01-01-08,data/raw/ravdess/audio_speech/Audio_Speech_Actors_01-24/Actor_08/03-01-06-01-01-01-08.wav,8,train,06,5,fearful,01,01,01,5,fearful,0.089,0.114445,0.092142,0.139822,0.085278,0.248063,0.116289,0.114961,/home/tonyhe/ravdess_avfusion/external/audio_ser_speechbrain/speechbrain-develop-main/outputs/embeddings_ECAPA/train/03-01-06-01-01-01-08.npy,96
01-06-01-01-01-09,03-01-06-01-01-01-09,03-01-06-01-01-01-09,data/raw/ravdess/audio_speech/Audio_Speech_Actors_01-24/Actor_09/03-01-06-01-01-01-09.wav,9,train,06,5,fearful,01,01,01,5,fearful,0.101562,0.095318,0.080229,0.113759,0.130992,0.243629,0.109005,0.125507,/home/tonyhe/ravdess_avfusion/external/audio_ser_speechbrain/speechbrain-develop-main/outputs/embeddings_ECAPA/train/03-01-06-01-01-01-09.npy,96
01-06-01-01-01-10,03-01-06-01-01-01-10,03-01-06-01-01-01-10,data/raw/ravdess/audio_speech/Audio_Speech_Actors_01-24/Actor_10/03-01-06-01-01-01-10.wav,10,train,06,5,fearful,01,01,01,5,fearful,0.077653,0.092169,0.11882,0.107505,0.077362,0.242836,0.148579,0.135076,/home/tonyhe/ravdess_avfusion/external/audio_ser_speechbrain/speechbrain-develop-main/outputs/embeddings_ECAPA/train/03-01-06-01-01-01-10.npy,96
01-06-01-01-01-11,03-01-06-01-01-01-11,03-01-06-01-01-01-11,data/raw/ravdess/audio_speech/Audio_Speech_Actors_01-24/Actor_11/03-01-06-01-01-01-11.wav,11,train,06,5,fearful,01,01,01,5,fearful,0.075149,0.090026,0.133263,0.106592,0.08079,0.237978,0.158417,0.117786,/home/tonyhe/ravdess_avfusion/external/audio_ser_speechbrain/speechbrain-develop-main/outputs/embeddings_ECAPA/train/03-01-06-01-01-01-11.npy,96
01-06-01-01-01-12,03-01-06-01-01-01-12,03-01-06-01-01-01-12,data/raw/ravdess/audio_speech/Audio_Speech_Actors_01-24/Actor_12/03-01-06-01-01-01-12.wav,12,train,06,5,fearful,01,01,01,5,fearful,0.090437,0.116258,0.098432,0.109984,0.092501,0.272575,0.099365,0.12045,/home/tonyhe/ravdess_avfusion/external/audio_ser_speechbrain/speechbrain-develop-main/outputs/embeddings_ECAPA/train/03-01-06-01-01-01-12.npy,96
01-06-01-01-01-13,03-01-06-01-01-01-13,03-01-06-01-01-01-13,data/raw/ravdess/audio_speech/Audio_Speech_Actors_01-24/Actor_13/03-01-06-01-01-01-13.wav,13,train,06,5,fearful,01,01,01,5,fearful,0.112904,0.072411,0.141424,0.087227,0.08202,0.194779,0.138879,0.170357,/home/tonyhe/ravdess_avfusion/external/audio_ser_speechbrain/speechbrain-develop-main/outputs/embeddings_ECAPA/train/03-01-06-01-01-01-13.npy,96
01-06-01-01-01-14,03-01-06-01-01-01-14,03-01-06-01-01-01-14,data/raw/ravdess/audio_speech/Audio_Speech_Actors_01-24/Actor_14/03-01-06-01-01-01-14.wav,14,train,06,5,fearful,01,01,01,5,fearful,0.100834,0.096811,0.091147,0.125368,0.106391,0.264203,0.116253,0.098993,/home/tonyhe/ravdess_avfusion/external/audio_ser_speechbrain/speechbrain-develop-main/outputs/embeddings_ECAPA/train/03-01-06-01-01-01-14.npy,96
01-06-01-01-01-15,03-01-06-01-01-01-15,03-01-06-01-01-01-15,data/raw/ravdess/audio_speech/Audio_Speech_Actors_01-24/Actor_15/03-01-06-01-01-01-15.wav,15,train,06,5,fearful,01,01,01,5,fearful,0.098581,0.131436,0.074083,0.121544,0.114084,0.24575,0.113138,0.101384,/home/tonyhe/ravdess_avfusion/external/audio_ser_speechbrain/speechbrain-develop-main/outputs/embeddings_ECAPA/train/03-01-06-01-01-01-15.npy,96
01-06-01-01-01-16,03-01-06-01-01-01-16,03-01-06-01-01-01-16,data/raw/ravdess/audio_speech/Audio_Speech_Actors_01-24/Actor_16/03-01-06-01-01-01-16.wav,16,train,06,5,fearful,01,01,01,5,fearful,0.09475,0.095442,0.122975,0.112843,0.094283,0.279397,0.101918,0.098391,/home/tonyhe/ravdess_avfusion/external/audio_ser_speechbrain/speechbrain-develop-main/outputs/embeddings_ECAPA/train/03-01-06-01-01-01-16.npy,96
01-06-01-01-02-01,03-01-06-01-01-02-01,03-01-06-01-01-02-01,data/raw/ravdess/audio_speech/Audio_Speech_Actors_01-24/Actor_01/03-01-06-01-01-02-01.wav,1,train,06,5,fearful,01,01,02,5,fearful,0.083919,0.090525,0.103014,0.096679,0.108594,0.270598,0.115595,0.131076,/home/tonyhe/ravdess_avfusion/external/audio_ser_speechbrain/speechbrain-develop-main/outputs/embeddings_ECAPA/train/03-01-06-01-01-02-01.npy,96
01-06-01-01-02-02,03-01-06-01-01-02-02,03-01-06-01-01-02-02,data/raw/ravdess/audio_speech/Audio_Speech_Actors_01-24/Actor_02/03-01-06-01-01-02-02.wav,2,train,06,5,fearful,01,01,02,5,fearful,0.094691,0.107841,0.125498,0.105314,0.077924,0.263289,0.097095,0.128347,/home/tonyhe/ravdess_avfusion/external/audio_ser_speechbrain/speechbrain-develop-main/outputs/embeddings_ECAPA/train/03-01-06-01-01-02-02.npy,96
01-06-01-01-02-03,03-01-06-01-01-02-03,03-01-06-01-01-02-03,data/raw/ravdess/audio_speech/Audio_Speech_Actors_01-24/Actor_03/03-01-06-01-01-02-03.wav,3,train,06,5,fearful,01,01,02,5,fearful,0.092754,0.092522,0.091235,0.106266,0.118725,0.260782,0.134597,0.10312,/home/tonyhe/ravdess_avfusion/external/audio_ser_speechbrain/speechbrain-develop-main/outputs/embeddings_ECAPA/train/03-01-06-01-01-02-03.npy,96
01-06-01-01-02-04,03-01-06-01-01-02-04,03-01-06-01-01-02-04,data/raw/ravdess/audio_speech/Audio_Speech_Actors_01-24/Actor_04/03-01-06-01-01-02-04.wav,4,train,06,5,fearful,01,01,02,5,fearful,0.09369,0.098613,0.098403,0.109129,0.087248,0.261643,0.109379,0.141894,/home/tonyhe/ravdess_avfusion/external/audio_ser_speechbrain/speechbrain-develop-main/outputs/embeddings_ECAPA/train/03-01-06-01-01-02-04.npy,96
01-06-01-01-02-05,03-01-06-01-01-02-05,03-01-06-01-01-02-05,data/raw/ravdess/audio_speech/Audio_Speech_Actors_01-24/Actor_05/03-01-06-01-01-02-05.wav,5,train,06,5,fearful,01,01,02,5,fearful,0.133874,0.067517,0.101224,0.098696,0.108112,0.222571,0.123082,0.144924,/home/tonyhe/ravdess_avfusion/external/audio_ser_speechbrain/speechbrain-develop-main/outputs/embeddings_ECAPA/train/03-01-06-01-01-02-05.npy,96
01-06-01-01-02-06,03-01-06-01-01-02-06,03-01-06-01-01-02-06,data/raw/ravdess/audio_speech/Audio_Speech_Actors_01-24/Actor_06/03-01-06-01-01-02-06.wav,6,train,06,5,fearful,01,01,02,5,fearful,0.097623,0.109097,0.104268,0.110387,0.094655,0.283377,0.099213,0.10138,/home/tonyhe/ravdess_avfusion/external/audio_ser_speechbrain/speechbrain-develop-main/outputs/embeddings_ECAPA/train/03-01-06-01-01-02-06.npy,96
01-06-01-01-02-07,03-01-06-01-01-02-07,03-01-06-01-01-02-07,data/raw/ravdess/audio_speech/Audio_Speech_Actors_01-24/Actor_07/03-01-06-01-01-02-07.wav,7,train,06,5,fearful,01,01,02,5,fearful,0.103608,0.076982,0.118066,0.105125,0.08299,0.247849,0.133824,0.131555,/home/tonyhe/ravdess_avfusion/external/audio_ser_speechbrain/speechbrain-develop-main/outputs/embeddings_ECAPA/train/03-01-06-01-01-02-07.npy,96
01-06-01-01-02-08,03-01-06-01-01-02-08,03-01-06-01-01-02-08,data/raw/ravdess/audio_speech/Audio_Speech_Actors_01-24/Actor_08/03-01-06-01-01-02-08.wav,8,train,06,5,fearful,01,01,02,5,fearful,0.092664,0.114314,0.085378,0.119466,0.092729,0.257066,0.108515,0.129869,/home/tonyhe/ravdess_avfusion/external/audio_ser_speechbrain/speechbrain-develop-main/outputs/embeddings_ECAPA/train/03-01-06-01-01-02-08.npy,96
01-06-01-01-02-09,03-01-06-01-01-02-09,03-01-06-01-01-02-09,data/raw/ravdess/audio_speech/Audio_Speech_Actors_01-24/Actor_09/03-01-06-01-01-02-09.wav,9,train,06,5,fearful,01,01,02,5,fearful,0.099151,0.099641,0.102715,0.099012,0.123312,0.251843,0.114842,0.109485,/home/tonyhe/ravdess_avfusion/external/audio_ser_speechbrain/speechbrain-develop-main/outputs/embeddings_ECAPA/train/03-01-06-01-01-02-09.npy,96
01-06-01-01-02-10,03-01-06-01-01-02-10,03-01-06-01-01-02-10,data/raw/ravdess/audio_speech/Audio_Speech_Actors_01-24/Actor_10/03-01-06-01-01-02-10.wav,10,train,06,5,fearful,01,01,02,5,fearful,0.097173,0.127803,0.074301,0.107249,0.089304,0.226419,0.130764,0.146986,/home/tonyhe/ravdess_avfusion/external/audio_ser_speechbrain/speechbrain-develop-main/outputs/embeddings_ECAPA/train/03-01-06-01-01-02-10.npy,96
01-06-01-01-02-11,03-01-06-01-01-02-11,03-01-06-01-01-02-11,data/raw/ravdess/audio_speech/Audio_Speech_Actors_01-24/Actor_11/03-01-06-01-01-02-11.wav,11,train,06,5,fearful,01,01,02,5,fearful,0.073027,0.082771,0.155971,0.08978,0.07619,0.209306,0.153835,0.15912,/home/tonyhe/ravdess_avfusion/external/audio_ser_speechbrain/speechbrain-develop-main/outputs/embeddings_ECAPA/train/03-01-06-01-01-02-11.npy,96
01-06-01-01-02-12,03-01-06-01-01-02-12,03-01-06-01-01-02-12,data/raw/ravdess/audio_speech/Audio_Speech_Actors_01-24/Actor_12/03-01-06-01-01-02-12.wav,12,train,06,5,fearful,01,01,02,5,fearful,0.084575,0.078924,0.121481,0.134713,0.08549,0.255843,0.119538,0.119436,/home/tonyhe/ravdess_avfusion/external/audio_ser_speechbrain/speechbrain-develop-main/outputs/embeddings_ECAPA/train/03-01-06-01-01-02-12.npy,96
01-06-01-01-02-13,03-01-06-01-01-02-13,03-01-06-01-01-02-13,data/raw/ravdess/audio_speech/Audio_Speech_Actors_01-24/Actor_13/03-01-06-01-01-02-13.wav,13,train,06,5,fearful,01,01,02,5,fearful,0.08537,0.075406,0.101827,0.110776,0.093943,0.239643,0.155997,0.137038,/home/tonyhe/ravdess_avfusion/external/audio_ser_speechbrain/speechbrain-develop-main/outputs/embeddings_ECAPA/train/03-01-06-01-01-02-13.npy,96
01-06-01-01-02-14,03-01-06-01-01-02-14,03-01-06-01-01-02-14,data/raw/ravdess/audio_speech/Audio_Speech_Actors_01-24/Actor_14/03-01-06-01-01-02-14.wav,14,train,06,5,fearful,01,01,02,5,fearful,0.085105,0.109992,0.083804,0.101662,0.10568,0.266506,0.117287,0.129964,/home/tonyhe/ravdess_avfusion/external/audio_ser_speechbrain/speechbrain-develop-main/outputs/embeddings_ECAPA/train/03-01-06-01-01-02-14.npy,96
01-06-01-01-02-15,03-01-06-01-01-02-15,03-01-06-01-01-02-15,data/raw/ravdess/audio_speech/Audio_Speech_Actors_01-24/Actor_15/03-01-06-01-01-02-15.wav,15,train,06,5,fearful,01,01,02,5,fearful,0.079105,0.097975,0.087569,0.121128,0.089303,0.223873,0.167254,0.133793,/home/tonyhe/ravdess_avfusion/external/audio_ser_speechbrain/speechbrain-develop-main/outputs/embeddings_ECAPA/train/03-01-06-01-01-02-15.npy,96
01-06-01-01-02-16,03-01-06-01-01-02-16,03-01-06-01-01-02-16,data/raw/ravdess/audio_speech/Audio_Speech_Actors_01-24/Actor_16/03-01-06-01-01-02-16.wav,16,train,06,5,fearful,01,01,02,5,fearful,0.083776,0.08506,0.124657,0.142679,0.086766,0.250005,0.114011,0.113046,/home/tonyhe/ravdess_avfusion/external/audio_ser_speechbrain/speechbrain-develop-main/outputs/embeddings_ECAPA/train/03-01-06-01-01-02-16.npy,96
01-06-01-02-01-01,03-01-06-01-02-01-01,03-01-06-01-02-01-01,data/raw/ravdess/audio_speech/Audio_Speech_Actors_01-24/Actor_01/03-01-06-01-02-01-01.wav,1,train,06,5,fearful,01,02,01,5,fearful,0.108672,0.07099,0.13262,0.115864,0.100681,0.234116,0.104081,0.132977,/home/tonyhe/ravdess_avfusion/external/audio_ser_speechbrain/speechbrain-develop-main/outputs/embeddings_ECAPA/train/03-01-06-01-02-01-01.npy,96
01-06-01-02-01-02,03-01-06-01-02-01-02,03-01-06-01-02-01-02,data/raw/ravdess/audio_speech/Audio_Speech_Actors_01-24/Actor_02/03-01-06-01-02-01-02.wav,2,train,06,5,fearful,01,02,01,5,fearful,0.088635,0.112905,0.122709,0.131791,0.074589,0.253706,0.105114,0.110551,/home/tonyhe/ravdess_avfusion/external/audio_ser_speechbrain/speechbrain-develop-main/outputs/embeddings_ECAPA/train/03-01-06-01-02-01-02.npy,96
01-06-01-02-01-03,03-01-06-01-02-01-03,03-01-06-01-02-01-03,data/raw/ravdess/audio_speech/Audio_Speech_Actors_01-24/Actor_03/03-01-06-01-02-01-03.wav,3,train,06,5,fearful,01,02,01,5,fearful,0.084279,0.082507,0.103669,0.101592,0.092925,0.2493,0.127843,0.157884,/home/tonyhe/ravdess_avfusion/external/audio_ser_speechbrain/speechbrain-develop-main/outputs/embeddings_ECAPA/train/03-01-06-01-02-01-03.npy,96
01-06-01-02-01-04,03-01-06-01-02-01-04,03-01-06-01-02-01-04,data/raw/ravdess/audio_speech/Audio_Speech_Actors_01-24/Actor_04/03-01-06-01-02-01-04.wav,4,train,06,5,fearful,01,02,01,5,fearful,0.091456,0.101295,0.118372,0.132352,0.071164,0.240891,0.116878,0.127592,/home/tonyhe/ravdess_avfusion/external/audio_ser_speechbrain/speechbrain-develop-main/outputs/embeddings_ECAPA/train/03-01-06-01-02-01-04.npy,96
01-06-01-02-01-05,03-01-06-01-02-01-05,03-01-06-01-02-01-05,data/raw/ravdess/audio_speech/Audio_Speech_Actors_01-24/Actor_05/03-01-06-01-02-01-05.wav,5,train,06,5,fearful,01,02,01,5,fearful,0.126158,0.092954,0.125566,0.097303,0.073998,0.228142,0.111011,0.144869,/home/tonyhe/ravdess_avfusion/external/audio_ser_speechbrain/speechbrain-develop-main/outputs/embeddings_ECAPA/train/03-01-06-01-02-01-05.npy,96
01-06-01-02-01-06,03-01-06-01-02-01-06,03-01-06-01-02-01-06,data/raw/ravdess/audio_speech/Audio_Speech_Actors_01-24/Actor_06/03-01-06-01-02-01-06.wav,6,train,06,5,fearful,01,02,01,5,fearful,0.104316,0.121201,0.110529,0.149245,0.071586,0.230083,0.109778,0.103262,/home/tonyhe/ravdess_avfusion/external/audio_ser_speechbrain/speechbrain-develop-main/outputs/embeddings_ECAPA/train/03-01-06-01-02-01-06.npy,96
01-06-01-02-01-07,03-01-06-01-02-01-07,03-01-06-01-02-01-07,data/raw/ravdess/audio_speech/Audio_Speech_Actors_01-24/Actor_07/03-01-06-01-02-01-07.wav,7,train,06,5,fearful,01,02,01,5,fearful,0.108195,0.077763,0.107797,0.110534,0.082182,0.242958,0.149949,0.120622,/home/tonyhe/ravdess_avfusion/external/audio_ser_speechbrain/speechbrain-develop-main/outputs/embeddings_ECAPA/train/03-01-06-01-02-01-07.npy,96
01-06-01-02-01-08,03-01-06-01-02-01-08,03-01-06-01-02-01-08,data/raw/ravdess/audio_speech/Audio_Speech_Actors_01-24/Actor_08/03-01-06-01-02-01-08.wav,8,train,06,5,fearful,01,02,01,5,fearful,0.120097,0.101494,0.085126,0.139459,0.116518,0.241189,0.089509,0.106608,/home/tonyhe/ravdess_avfusion/external/audio_ser_speechbrain/speechbrain-develop-main/outputs/embeddings_ECAPA/train/03-01-06-01-02-01-08.npy,96
01-06-01-02-01-09,03-01-06-01-02-01-09,03-01-06-01-02-01-09,data/raw/ravdess/audio_speech/Audio_Speech_Actors_01-24/Actor_09/03-01-06-01-02-01-09.wav,9,train,06,5,fearful,01,02,01,5,fearful,0.118572,0.123985,0.074262,0.106813,0.111286,0.241653,0.113554,0.109875,/home/tonyhe/ravdess_avfusion/external/audio_ser_speechbrain/speechbrain-develop-main/outputs/embeddings_ECAPA/train/03-01-06-01-02-01-09.npy,96
01-06-01-02-01-10,03-01-06-01-02-01-10,03-01-06-01-02-01-10,data/raw/ravdess/audio_speech/Audio_Speech_Actors_01-24/Actor_10/03-01-06-01-02-01-10.wav,10,train,06,5,fearful,01,02,01,5,fearful,0.094795,0.112367,0.086231,0.095712,0.088514,0.229615,0.154461,0.138306,/home/tonyhe/ravdess_avfusion/external/audio_ser_speechbrain/speechbrain-develop-main/outputs/embeddings_ECAPA/train/03-01-06-01-02-01-10.npy,96
01-06-01-02-01-11,03-01-06-01-02-01-11,03-01-06-01-02-01-11,data/raw/ravdess/audio_speech/Audio_Speech_Actors_01-24/Actor_11/03-01-06-01-02-01-11.wav,11,train,06,5,fearful,01,02,01,5,fearful,0.107334,0.0729,0.121624,0.125777,0.069843,0.211248,0.130184,0.161089,/home/tonyhe/ravdess_avfusion/external/audio_ser_speechbrain/speechbrain-develop-main/outputs/embeddings_ECAPA/train/03-01-06-01-02-01-11.npy,96
01-06-01-02-01-12,03-01-06-01-02-01-12,03-01-06-01-02-01-12,data/raw/ravdess/audio_speech/Audio_Speech_Actors_01-24/Actor_12/03-01-06-01-02-01-12.wav,12,train,06,5,fearful,01,02,01,5,fearful,0.097774,0.083979,0.088991,0.153929,0.087756,0.232946,0.121724,0.132901,/home/tonyhe/ravdess_avfusion/external/audio_ser_speechbrain/speechbrain-develop-main/outputs/embeddings_ECAPA/train/03-01-06-01-02-01-12.npy,96
01-06-01-02-01-13,03-01-06-01-02-01-13,03-01-06-01-02-01-13,data/raw/ravdess/audio_speech/Audio_Speech_Actors_01-24/Actor_13/03-01-06-01-02-01-13.wav,13,train,06,5,fearful,01,02,01,5,fearful,0.093363,0.073767,0.117456,0.107279,0.096534,0.254234,0.141797,0.11557,/home/tonyhe/ravdess_avfusion/external/audio_ser_speechbrain/speechbrain-develop-main/outputs/embeddings_ECAPA/train/03-01-06-01-02-01-13.npy,96
01-06-01-02-01-14,03-01-06-01-02-01-14,03-01-06-01-02-01-14,data/raw/ravdess/audio_speech/Audio_Speech_Actors_01-24/Actor_14/03-01-06-01-02-01-14.wav,14,train,06,5,fearful,01,02,01,5,fearful,0.080535,0.095003,0.104559,0.119036,0.080879,0.225098,0.12299,0.1719,/home/tonyhe/ravdess_avfusion/external/audio_ser_speechbrain/speechbrain-develop-main/outputs/embeddings_ECAPA/train/03-01-06-01-02-01-14.npy,96
01-06-01-02-01-15,03-01-06-01-02-01-15,03-01-06-01-02-01-15,data/raw/ravdess/audio_speech/Audio_Speech_Actors_01-24/Actor_15/03-01-06-01-02-01-15.wav,15,train,06,5,fearful,01,02,01,5,fearful,0.087509,0.098133,0.084172,0.109566,0.084336,0.216237,0.182328,0.137718,/home/tonyhe/ravdess_avfusion/external/audio_ser_speechbrain/speechbrain-develop-main/outputs/embeddings_ECAPA/train/03-01-06-01-02-01-15.npy,96
01-06-01-02-01-16,03-01-06-01-02-01-16,03-01-06-01-02-01-16,data/raw/ravdess/audio_speech/Audio_Speech_Actors_01-24/Actor_16/03-01-06-01-02-01-16.wav,16,train,06,5,fearful,01,02,01,5,fearful,0.098433,0.083002,0.128727,0.121649,0.086917,0.264667,0.112313,0.104292,/home/tonyhe/ravdess_avfusion/external/audio_ser_speechbrain/speechbrain-develop-main/outputs/embeddings_ECAPA/train/03-01-06-01-02-01-16.npy,96
01-06-01-02-02-01,03-01-06-01-02-02-01,03-01-06-01-02-02-01,data/raw/ravdess/audio_speech/Audio_Speech_Actors_01-24/Actor_01/03-01-06-01-02-02-01.wav,1,train,06,5,fearful,01,02,02,5,fearful,0.075645,0.088052,0.135004,0.109647,0.0875,0.250955,0.113674,0.139523,/home/tonyhe/ravdess_avfusion/external/audio_ser_speechbrain/speechbrain-develop-main/outputs/embeddings_ECAPA/train/03-01-06-01-02-02-01.npy,96
01-06-01-02-02-02,03-01-06-01-02-02-02,03-01-06-01-02-02-02,data/raw/ravdess/audio_speech/Audio_Speech_Actors_01-24/Actor_02/03-01-06-01-02-02-02.wav,2,train,06,5,fearful,01,02,02,5,fearful,0.093689,0.110621,0.11304,0.103899,0.073285,0.260996,0.125634,0.118836,/home/tonyhe/ravdess_avfusion/external/audio_ser_speechbrain/speechbrain-develop-main/outputs/embeddings_ECAPA/train/03-01-06-01-02-02-02.npy,96
01-06-01-02-02-03,03-01-06-01-02-02-03,03-01-06-01-02-02-03,data/raw/ravdess/audio_speech/Audio_Speech_Actors_01-24/Actor_03/03-01-06-01-02-02-03.wav,3,train,06,5,fearful,01,02,02,5,fearful,0.10708,0.090039,0.121217,0.110068,0.086035,0.267785,0.101042,0.116735,/home/tonyhe/ravdess_avfusion/external/audio_ser_speechbrain/speechbrain-develop-main/outputs/embeddings_ECAPA/train/03-01-06-01-02-02-03.npy,96
01-06-01-02-02-04,03-01-06-01-02-02-04,03-01-06-01-02-02-04,data/raw/ravdess/audio_speech/Audio_Speech_Actors_01-24/Actor_04/03-01-06-01-02-02-04.wav,4,train,06,5,fearful,01,02,02,5,fearful,0.081368,0.099081,0.136635,0.133747,0.079668,0.244996,0.110166,0.114338,/home/tonyhe/ravdess_avfusion/external/audio_ser_speechbrain/speechbrain-develop-main/outputs/embeddings_ECAPA/train/03-01-06-01-02-02-04.npy,96
01-06-01-02-02-05,03-01-06-01-02-02-05,03-01-06-01-02-02-05,data/raw/ravdess/audio_speech/Audio_Speech_Actors_01-24/Actor_05/03-01-06-01-02-02-05.wav,5,train,06,5,fearful,01,02,02,5,fearful,0.123286,0.074829,0.143934,0.088891,0.09848,0.213669,0.102719,0.154192,/home/tonyhe/ravdess_avfusion/external/audio_ser_speechbrain/speechbrain-develop-main/outputs/embeddings_ECAPA/train/03-01-06-01-02-02-05.npy,96
01-06-01-02-02-06,03-01-06-01-02-02-06,03-01-06-01-02-02-06,data/raw/ravdess/audio_speech/Audio_Speech_Actors_01-24/Actor_06/03-01-06-01-02-02-06.wav,6,train,06,5,fearful,01,02,02,5,fearful,0.107891,0.109802,0.095125,0.112588,0.118028,0.268367,0.090906,0.097293,/home/tonyhe/ravdess_avfusion/external/audio_ser_speechbrain/speechbrain-develop-main/outputs/embeddings_ECAPA/train/03-01-06-01-02-02-06.npy,96
01-06-01-02-02-07,03-01-06-01-02-02-07,03-01-06-01-02-02-07,data/raw/ravdess/audio_speech/Audio_Speech_Actors_01-24/Actor_07/03-01-06-01-02-02-07.wav,7,train,06,5,fearful,01,02,02,5,fearful,0.129309,0.080225,0.096158,0.129579,0.083886,0.227787,0.114763,0.138294,/home/tonyhe/ravdess_avfusion/external/audio_ser_speechbrain/speechbrain-develop-main/outputs/embeddings_ECAPA/train/03-01-06-01-02-02-07.npy,96
01-06-01-02-02-08,03-01-06-01-02-02-08,03-01-06-01-02-02-08,data/raw/ravdess/audio_speech/Audio_Speech_Actors_01-24/Actor_08/03-01-06-01-02-02-08.wav,8,train,06,5,fearful,01,02,02,5,fearful,0.097473,0.085062,0.089327,0.154532,0.085555,0.210473,0.157343,0.120235,/home/tonyhe/ravdess_avfusion/external/audio_ser_speechbrain/speechbrain-develop-main/outputs/embeddings_ECAPA/train/03-01-06-01-02-02-08.npy,96
01-06-01-02-02-09,03-01-06-01-02-02-09,03-01-06-01-02-02-09,data/raw/ravdess/audio_speech/Audio_Speech_Actors_01-24/Actor_09/03-01-06-01-02-02-09.wav,9,train,06,5,fearful,01,02,02,5,fearful,0.09497,0.110159,0.096635,0.105885,0.124934,0.243668,0.103021,0.120728,/home/tonyhe/ravdess_avfusion/external/audio_ser_speechbrain/speechbrain-develop-main/outputs/embeddings_ECAPA/train/03-01-06-01-02-02-09.npy,96
01-06-01-02-02-10,03-01-06-01-02-02-10,03-01-06-01-02-02-10,data/raw/ravdess/audio_speech/Audio_Speech_Actors_01-24/Actor_10/03-01-06-01-02-02-10.wav,10,train,06,5,fearful,01,02,02,5,fearful,0.090551,0.109962,0.093126,0.113087,0.084909,0.247405,0.13499,0.125971,/home/tonyhe/ravdess_avfusion/external/audio_ser_speechbrain/speechbrain-develop-main/outputs/embeddings_ECAPA/train/03-01-06-01-02-02-10.npy,96
01-06-01-02-02-11,03-01-06-01-02-02-11,03-01-06-01-02-02-11,data/raw/ravdess/audio_speech/Audio_Speech_Actors_01-24/Actor_11/03-01-06-01-02-02-11.wav,11,train,06,5,fearful,01,02,02,5,fearful,0.101189,0.072946,0.12623,0.110318,0.07086,0.203813,0.134966,0.179679,/home/tonyhe/ravdess_avfusion/external/audio_ser_speechbrain/speechbrain-develop-main/outputs/embeddings_ECAPA/train/03-01-06-01-02-02-11.npy,96
01-06-01-02-02-12,03-01-06-01-02-02-12,03-01-06-01-02-02-12,data/raw/ravdess/audio_speech/Audio_Speech_Actors_01-24/Actor_12/03-01-06-01-02-02-12.wav,12,train,06,5,fearful,01,02,02,5,fearful,0.08897,0.094067,0.083408,0.128097,0.088601,0.241458,0.135018,0.140381,/home/tonyhe/ravdess_avfusion/external/audio_ser_speechbrain/speechbrain-develop-main/outputs/embeddings_ECAPA/train/03-01-06-01-02-02-12.npy,96
01-06-01-02-02-13,03-01-06-01-02-02-13,03-01-06-01-02-02-13,data/raw/ravdess/audio_speech/Audio_Speech_Actors_01-24/Actor_13/03-01-06-01-02-02-13.wav,13,train,06,5,fearful,01,02,02,5,fearful,0.106583,0.080443,0.100297,0.081509,0.125092,0.256437,0.136488,0.113151,/home/tonyhe/ravdess_avfusion/external/audio_ser_speechbrain/speechbrain-develop-main/outputs/embeddings_ECAPA/train/03-01-06-01-02-02-13.npy,96
01-06-01-02-02-14,03-01-06-01-02-02-14,03-01-06-01-02-02-14,data/raw/ravdess/audio_speech/Audio_Speech_Actors_01-24/Actor_14/03-01-06-01-02-02-14.wav,14,train,06,5,fearful,01,02,02,5,fearful,0.09766,0.094446,0.125849,0.099267,0.077356,0.263019,0.122715,0.119687,/home/tonyhe/ravdess_avfusion/external/audio_ser_speechbrain/speechbrain-develop-main/outputs/embeddings_ECAPA/train/03-01-06-01-02-02-14.npy,96
01-06-01-02-02-15,03-01-06-01-02-02-15,03-01-06-01-02-02-15,data/raw/ravdess/audio_speech/Audio_Speech_Actors_01-24/Actor_15/03-01-06-01-02-02-15.wav,15,train,06,5,fearful,01,02,02,5,fearful,0.109649,0.118122,0.07772,0.127386,0.105808,0.229645,0.144424,0.087246,/home/tonyhe/ravdess_avfusion/external/audio_ser_speechbrain/speechbrain-develop-main/outputs/embeddings_ECAPA/train/03-01-06-01-02-02-15.npy,96
01-06-01-02-02-16,03-01-06-01-02-02-16,03-01-06-01-02-02-16,data/raw/ravdess/audio_speech/Audio_Speech_Actors_01-24/Actor_16/03-01-06-01-02-02-16.wav,16,train,06,5,fearful,01,02,02,5,fearful,0.091313,0.088252,0.106642,0.145578,0.094463,0.253194,0.123158,0.0974,/home/tonyhe/ravdess_avfusion/external/audio_ser_speechbrain/speechbrain-develop-main/outputs/embeddings_ECAPA/train/03-01-06-01-02-02-16.npy,96
01-06-02-01-01-01,03-01-06-02-01-01-01,03-01-06-02-01-01-01,data/raw/ravdess/audio_speech/Audio_Speech_Actors_01-24/Actor_01/03-01-06-02-01-01-01.wav,1,train,06,5,fearful,02,01,01,5,fearful,0.100668,0.089093,0.114217,0.103823,0.099781,0.281773,0.108959,0.101686,/home/tonyhe/ravdess_avfusion/external/audio_ser_speechbrain/speechbrain-develop-main/outputs/embeddings_ECAPA/train/03-01-06-02-01-01-01.npy,96
01-06-02-01-01-02,03-01-06-02-01-01-02,03-01-06-02-01-01-02,data/raw/ravdess/audio_speech/Audio_Speech_Actors_01-24/Actor_02/03-01-06-02-01-01-02.wav,2,train,06,5,fearful,02,01,01,5,fearful,0.102271,0.114165,0.122202,0.098907,0.078977,0.268243,0.114458,0.100777,/home/tonyhe/ravdess_avfusion/external/audio_ser_speechbrain/speechbrain-develop-main/outputs/embeddings_ECAPA/train/03-01-06-02-01-01-02.npy,96
01-06-02-01-01-03,03-01-06-02-01-01-03,03-01-06-02-01-01-03,data/raw/ravdess/audio_speech/Audio_Speech_Actors_01-24/Actor_03/03-01-06-02-01-01-03.wav,3,train,06,5,fearful,02,01,01,5,fearful,0.087699,0.092946,0.101961,0.128563,0.110994,0.267268,0.113212,0.097358,/home/tonyhe/ravdess_avfusion/external/audio_ser_speechbrain/speechbrain-develop-main/outputs/embeddings_ECAPA/train/03-01-06-02-01-01-03.npy,96
01-06-02-01-01-04,03-01-06-02-01-01-04,03-01-06-02-01-01-04,data/raw/ravdess/audio_speech/Audio_Speech_Actors_01-24/Actor_04/03-01-06-02-01-01-04.wav,4,train,06,5,fearful,02,01,01,5,fearful,0.089385,0.095926,0.098627,0.145243,0.091288,0.248725,0.117675,0.113132,/home/tonyhe/ravdess_avfusion/external/audio_ser_speechbrain/speechbrain-develop-main/outputs/embeddings_ECAPA/train/03-01-06-02-01-01-04.npy,96
01-06-02-01-01-05,03-01-06-02-01-01-05,03-01-06-02-01-01-05,data/raw/ravdess/audio_speech/Audio_Speech_Actors_01-24/Actor_05/03-01-06-02-01-01-05.wav,5,train,06,5,fearful,02,01,01,5,fearful,0.098804,0.078571,0.08778,0.139259,0.118027,0.231526,0.119952,0.126082,/home/tonyhe/ravdess_avfusion/external/audio_ser_speechbrain/speechbrain-develop-main/outputs/embeddings_ECAPA/train/03-01-06-02-01-01-05.npy,96
01-06-02-01-01-06,03-01-06-02-01-01-06,03-01-06-02-01-01-06,data/raw/ravdess/audio_speech/Audio_Speech_Actors_01-24/Actor_06/03-01-06-02-01-01-06.wav,6,train,06,5,fearful,02,01,01,5,fearful,0.114301,0.092293,0.121734,0.096685,0.098593,0.260755,0.106383,0.109254,/home/tonyhe/ravdess_avfusion/external/audio_ser_speechbrain/speechbrain-develop-main/outputs/embeddings_ECAPA/train/03-01-06-02-01-01-06.npy,96
01-06-02-01-01-07,03-01-06-02-01-01-07,03-01-06-02-01-01-07,data/raw/ravdess/audio_speech/Audio_Speech_Actors_01-24/Actor_07/03-01-06-02-01-01-07.wav,7,train,06,5,fearful,02,01,01,5,fearful,0.077848,0.084515,0.097971,0.1147,0.107841,0.257839,0.126083,0.133202,/home/tonyhe/ravdess_avfusion/external/audio_ser_speechbrain/speechbrain-develop-main/outputs/embeddings_ECAPA/train/03-01-06-02-01-01-07.npy,96
01-06-02-01-01-08,03-01-06-02-01-01-08,03-01-06-02-01-01-08,data/raw/ravdess/audio_speech/Audio_Speech_Actors_01-24/Actor_08/03-01-06-02-01-01-08.wav,8,train,06,5,fearful,02,01,01,5,fearful,0.101095,0.087163,0.112997,0.113304,0.109812,0.27495,0.093534,0.107145,/home/tonyhe/ravdess_avfusion/external/audio_ser_speechbrain/speechbrain-develop-main/outputs/embeddings_ECAPA/train/03-01-06-02-01-01-08.npy,96
01-06-02-01-01-09,03-01-06-02-01-01-09,03-01-06-02-01-01-09,data/raw/ravdess/audio_speech/Audio_Speech_Actors_01-24/Actor_09/03-01-06-02-01-01-09.wav,9,train,06,5,fearful,02,01,01,5,fearful,0.123642,0.105913,0.106689,0.129241,0.090418,0.25406,0.107391,0.082646,/home/tonyhe/ravdess_avfusion/external/audio_ser_speechbrain/speechbrain-develop-main/outputs/embeddings_ECAPA/train/03-01-06-02-01-01-09.npy,96
01-06-02-01-01-10,03-01-06-02-01-01-10,03-01-06-02-01-01-10,data/raw/ravdess/audio_speech/Audio_Speech_Actors_01-24/Actor_10/03-01-06-02-01-01-10.wav,10,train,06,5,fearful,02,01,01,5,fearful,0.085164,0.125144,0.118456,0.108549,0.110568,0.27448,0.09401,0.08363,/home/tonyhe/ravdess_avfusion/external/audio_ser_speechbrain/speechbrain-develop-main/outputs/embeddings_ECAPA/train/03-01-06-02-01-01-10.npy,96
01-06-02-01-01-11,03-01-06-02-01-01-11,03-01-06-02-01-01-11,data/raw/ravdess/audio_speech/Audio_Speech_Actors_01-24/Actor_11/03-01-06-02-01-01-11.wav,11,train,06,5,fearful,02,01,01,5,fearful,0.097799,0.07695,0.124588,0.109165,0.102686,0.225076,0.089109,0.174628,/home/tonyhe/ravdess_avfusion/external/audio_ser_speechbrain/speechbrain-develop-main/outputs/embeddings_ECAPA/train/03-01-06-02-01-01-11.npy,96
01-06-02-01-01-12,03-01-06-02-01-01-12,03-01-06-02-01-01-12,data/raw/ravdess/audio_speech/Audio_Speech_Actors_01-24/Actor_12/03-01-06-02-01-01-12.wav,12,train,06,5,fearful,02,01,01,5,fearful,0.100808,0.093979,0.123152,0.094205,0.07622,0.258418,0.130099,0.123119,/home/tonyhe/ravdess_avfusion/external/audio_ser_speechbrain/speechbrain-develop-main/outputs/embeddings_ECAPA/train/03-01-06-02-01-01-12.npy,96
01-06-02-01-01-13,03-01-06-02-01-01-13,03-01-06-02-01-01-13,data/raw/ravdess/audio_speech/Audio_Speech_Actors_01-24/Actor_13/03-01-06-02-01-01-13.wav,13,train,06,5,fearful,02,01,01,5,fearful,0.093783,0.067686,0.101901,0.103084,0.116888,0.232523,0.158011,0.126123,/home/tonyhe/ravdess_avfusion/external/audio_ser_speechbrain/speechbrain-develop-main/outputs/embeddings_ECAPA/train/03-01-06-02-01-01-13.npy,96
01-06-02-01-01-14,03-01-06-02-01-01-14,03-01-06-02-01-01-14,data/raw/ravdess/audio_speech/Audio_Speech_Actors_01-24/Actor_14/03-01-06-02-01-01-14.wav,14,train,06,5,fearful,02,01,01,5,fearful,0.116638,0.10394,0.098039,0.089088,0.110678,0.271509,0.106457,0.103651,/home/tonyhe/ravdess_avfusion/external/audio_ser_speechbrain/speechbrain-develop-main/outputs/embeddings_ECAPA/train/03-01-06-02-01-01-14.npy,96
01-06-02-01-01-15,03-01-06-02-01-01-15,03-01-06-02-01-01-15,data/raw/ravdess/audio_speech/Audio_Speech_Actors_01-24/Actor_15/03-01-06-02-01-01-15.wav,15,train,06,5,fearful,02,01,01,5,fearful,0.082692,0.083337,0.086614,0.126022,0.111693,0.252691,0.126241,0.130712,/home/tonyhe/ravdess_avfusion/external/audio_ser_speechbrain/speechbrain-develop-main/outputs/embeddings_ECAPA/train/03-01-06-02-01-01-15.npy,96
01-06-02-01-01-16,03-01-06-02-01-01-16,03-01-06-02-01-01-16,data/raw/ravdess/audio_speech/Audio_Speech_Actors_01-24/Actor_16/03-01-06-02-01-01-16.wav,16,train,06,5,fearful,02,01,01,5,fearful,0.100914,0.127042,0.117335,0.105958,0.096667,0.265776,0.106448,0.079859,/home/tonyhe/ravdess_avfusion/external/audio_ser_speechbrain/speechbrain-develop-main/outputs/embeddings_ECAPA/train/03-01-06-02-01-01-16.npy,96
01-06-02-01-02-01,03-01-06-02-01-02-01,03-01-06-02-01-02-01,data/raw/ravdess/audio_speech/Audio_Speech_Actors_01-24/Actor_01/03-01-06-02-01-02-01.wav,1,train,06,5,fearful,02,01,02,5,fearful,0.096933,0.10613,0.117867,0.130108,0.102547,0.264938,0.098185,0.08329,/home/tonyhe/ravdess_avfusion/external/audio_ser_speechbrain/speechbrain-develop-main/outputs/embeddings_ECAPA/train/03-01-06-02-01-02-01.npy,96
01-06-02-01-02-02,03-01-06-02-01-02-02,03-01-06-02-01-02-02,data/raw/ravdess/audio_speech/Audio_Speech_Actors_01-24/Actor_02/03-01-06-02-01-02-02.wav,2,train,06,5,fearful,02,01,02,5,fearful,0.112928,0.102491,0.123543,0.108244,0.088258,0.270644,0.103665,0.090227,/home/tonyhe/ravdess_avfusion/external/audio_ser_speechbrain/speechbrain-develop-main/outputs/embeddings_ECAPA/train/03-01-06-02-01-02-02.npy,96
01-06-02-01-02-03,03-01-06-02-01-02-03,03-01-06-02-01-02-03,data/raw/ravdess/audio_speech/Audio_Speech_Actors_01-24/Actor_03/03-01-06-02-01-02-03.wav,3,train,06,5,fearful,02,01,02,5,fearful,0.093052,0.084318,0.119703,0.13397,0.104129,0.259076,0.115407,0.090346,/home/tonyhe/ravdess_avfusion/external/audio_ser_speechbrain/speechbrain-develop-main/outputs/embeddings_ECAPA/train/03-01-06-02-01-02-03.npy,96
01-06-02-01-02-04,03-01-06-02-01-02-04,03-01-06-02-01-02-04,data/raw/ravdess/audio_speech/Audio_Speech_Actors_01-24/Actor_04/03-01-06-02-01-02-04.wav,4,train,06,5,fearful,02,01,02,5,fearful,0.101245,0.087442,0.097301,0.114971,0.096487,0.262691,0.117242,0.122621,/home/tonyhe/ravdess_avfusion/external/audio_ser_speechbrain/speechbrain-develop-main/outputs/embeddings_ECAPA/train/03-01-06-02-01-02-04.npy,96
01-06-02-01-02-05,03-01-06-02-01-02-05,03-01-06-02-01-02-05,data/raw/ravdess/audio_speech/Audio_Speech_Actors_01-24/Actor_05/03-01-06-02-01-02-05.wav,5,train,06,5,fearful,02,01,02,5,fearful,0.117785,0.09473,0.111577,0.096254,0.124183,0.25895,0.107166,0.089356,/home/tonyhe/ravdess_avfusion/external/audio_ser_speechbrain/speechbrain-develop-main/outputs/embeddings_ECAPA/train/03-01-06-02-01-02-05.npy,96
01-06-02-01-02-06,03-01-06-02-01-02-06,03-01-06-02-01-02-06,data/raw/ravdess/audio_speech/Audio_Speech_Actors_01-24/Actor_06/03-01-06-02-01-02-06.wav,6,train,06,5,fearful,02,01,02,5,fearful,0.092386,0.100694,0.109334,0.111125,0.088081,0.242622,0.13387,0.121888,/home/tonyhe/ravdess_avfusion/external/audio_ser_speechbrain/speechbrain-develop-main/outputs/embeddings_ECAPA/train/03-01-06-02-01-02-06.npy,96
01-06-02-01-02-07,03-01-06-02-01-02-07,03-01-06-02-01-02-07,data/raw/ravdess/audio_speech/Audio_Speech_Actors_01-24/Actor_07/03-01-06-02-01-02-07.wav,7,train,06,5,fearful,02,01,02,5,fearful,0.096096,0.09163,0.100242,0.122172,0.102033,0.250872,0.115682,0.121272,/home/tonyhe/ravdess_avfusion/external/audio_ser_speechbrain/speechbrain-develop-main/outputs/embeddings_ECAPA/train/03-01-06-02-01-02-07.npy,96
01-06-02-01-02-08,03-01-06-02-01-02-08,03-01-06-02-01-02-08,data/raw/ravdess/audio_speech/Audio_Speech_Actors_01-24/Actor_08/03-01-06-02-01-02-08.wav,8,train,06,5,fearful,02,01,02,5,fearful,0.0917,0.098453,0.125068,0.111259,0.091799,0.27592,0.090996,0.114806,/home/tonyhe/ravdess_avfusion/external/audio_ser_speechbrain/speechbrain-develop-main/outputs/embeddings_ECAPA/train/03-01-06-02-01-02-08.npy,96
01-06-02-01-02-09,03-01-06-02-01-02-09,03-01-06-02-01-02-09,data/raw/ravdess/audio_speech/Audio_Speech_Actors_01-24/Actor_09/03-01-06-02-01-02-09.wav,9,train,06,5,fearful,02,01,02,5,fearful,0.104371,0.09953,0.093878,0.088521,0.096547,0.266681,0.116669,0.133804,/home/tonyhe/ravdess_avfusion/external/audio_ser_speechbrain/speechbrain-develop-main/outputs/embeddings_ECAPA/train/03-01-06-02-01-02-09.npy,96
01-06-02-01-02-10,03-01-06-02-01-02-10,03-01-06-02-01-02-10,data/raw/ravdess/audio_speech/Audio_Speech_Actors_01-24/Actor_10/03-01-06-02-01-02-10.wav,10,train,06,5,fearful,02,01,02,5,fearful,0.076834,0.116319,0.116068,0.111048,0.106365,0.273554,0.108191,0.091622,/home/tonyhe/ravdess_avfusion/external/audio_ser_speechbrain/speechbrain-develop-main/outputs/embeddings_ECAPA/train/03-01-06-02-01-02-10.npy,96
01-06-02-01-02-11,03-01-06-02-01-02-11,03-01-06-02-01-02-11,data/raw/ravdess/audio_speech/Audio_Speech_Actors_01-24/Actor_11/03-01-06-02-01-02-11.wav,11,train,06,5,fearful,02,01,02,5,fearful,0.093869,0.089526,0.139081,0.094409,0.087815,0.265164,0.099108,0.131027,/home/tonyhe/ravdess_avfusion/external/audio_ser_speechbrain/speechbrain-develop-main/outputs/embeddings_ECAPA/train/03-01-06-02-01-02-11.npy,96
01-06-02-01-02-12,03-01-06-02-01-02-12,03-01-06-02-01-02-12,data/raw/ravdess/audio_speech/Audio_Speech_Actors_01-24/Actor_12/03-01-06-02-01-02-12.wav,12,train,06,5,fearful,02,01,02,5,fearful,0.092648,0.103099,0.106491,0.101121,0.095401,0.272977,0.123295,0.104966,/home/tonyhe/ravdess_avfusion/external/audio_ser_speechbrain/speechbrain-develop-main/outputs/embeddings_ECAPA/train/03-01-06-02-01-02-12.npy,96
01-06-02-01-02-13,03-01-06-02-01-02-13,03-01-06-02-01-02-13,data/raw/ravdess/audio_speech/Audio_Speech_Actors_01-24/Actor_13/03-01-06-02-01-02-13.wav,13,train,06,5,fearful,02,01,02,5,fearful,0.076873,0.097812,0.104125,0.097338,0.120992,0.243198,0.095143,0.164519,/home/tonyhe/ravdess_avfusion/external/audio_ser_speechbrain/speechbrain-develop-main/outputs/embeddings_ECAPA/train/03-01-06-02-01-02-13.npy,96
01-06-02-01-02-14,03-01-06-02-01-02-14,03-01-06-02-01-02-14,data/raw/ravdess/audio_speech/Audio_Speech_Actors_01-24/Actor_14/03-01-06-02-01-02-14.wav,14,train,06,5,fearful,02,01,02,5,fearful,0.118175,0.100107,0.114762,0.120687,0.090909,0.260197,0.091083,0.104081,/home/tonyhe/ravdess_avfusion/external/audio_ser_speechbrain/speechbrain-develop-main/outputs/embeddings_ECAPA/train/03-01-06-02-01-02-14.npy,96
01-06-02-01-02-15,03-01-06-02-01-02-15,03-01-06-02-01-02-15,data/raw/ravdess/audio_speech/Audio_Speech_Actors_01-24/Actor_15/03-01-06-02-01-02-15.wav,15,train,06,5,fearful,02,01,02,5,fearful,0.093218,0.075101,0.127662,0.102492,0.101599,0.26837,0.12502,0.106539,/home/tonyhe/ravdess_avfusion/external/audio_ser_speechbrain/speechbrain-develop-main/outputs/embeddings_ECAPA/train/03-01-06-02-01-02-15.npy,96
01-06-02-01-02-16,03-01-06-02-01-02-16,03-01-06-02-01-02-16,data/raw/ravdess/audio_speech/Audio_Speech_Actors_01-24/Actor_16/03-01-06-02-01-02-16.wav,16,train,06,5,fearful,02,01,02,5,fearful,0.102266,0.115577,0.128923,0.106233,0.079428,0.24899,0.125695,0.092887,/home/tonyhe/ravdess_avfusion/external/audio_ser_speechbrain/speechbrain-develop-main/outputs/embeddings_ECAPA/train/03-01-06-02-01-02-16.npy,96
01-06-02-02-01-01,03-01-06-02-02-01-01,03-01-06-02-02-01-01,data/raw/ravdess/audio_speech/Audio_Speech_Actors_01-24/Actor_01/03-01-06-02-02-01-01.wav,1,train,06,5,fearful,02,02,01,5,fearful,0.125677,0.094288,0.118442,0.095679,0.109004,0.25826,0.114494,0.084156,/home/tonyhe/ravdess_avfusion/external/audio_ser_speechbrain/speechbrain-develop-main/outputs/embeddings_ECAPA/train/03-01-06-02-02-01-01.npy,96
01-06-02-02-01-02,03-01-06-02-02-01-02,03-01-06-02-02-01-02,data/raw/ravdess/audio_speech/Audio_Speech_Actors_01-24/Actor_02/03-01-06-02-02-01-02.wav,2,train,06,5,fearful,02,02,01,5,fearful,0.107082,0.126553,0.108408,0.138628,0.0785,0.246158,0.096196,0.098474,/home/tonyhe/ravdess_avfusion/external/audio_ser_speechbrain/speechbrain-develop-main/outputs/embeddings_ECAPA/train/03-01-06-02-02-01-02.npy,96
01-06-02-02-01-03,03-01-06-02-02-01-03,03-01-06-02-02-01-03,data/raw/ravdess/audio_speech/Audio_Speech_Actors_01-24/Actor_03/03-01-06-02-02-01-03.wav,3,train,06,5,fearful,02,02,01,5,fearful,0.103556,0.082737,0.086853,0.139248,0.109886,0.247708,0.122992,0.107019,/home/tonyhe/ravdess_avfusion/external/audio_ser_speechbrain/speechbrain-develop-main/outputs/embeddings_ECAPA/train/03-01-06-02-02-01-03.npy,96
01-06-02-02-01-04,03-01-06-02-02-01-04,03-01-06-02-02-01-04,data/raw/ravdess/audio_speech/Audio_Speech_Actors_01-24/Actor_04/03-01-06-02-02-01-04.wav,4,train,06,5,fearful,02,02,01,5,fearful,0.106606,0.086063,0.087347,0.114428,0.113879,0.259576,0.115262,0.11684,/home/tonyhe/ravdess_avfusion/external/audio_ser_speechbrain/speechbrain-develop-main/outputs/embeddings_ECAPA/train/03-01-06-02-02-01-04.npy,96
01-06-02-02-01-05,03-01-06-02-02-01-05,03-01-06-02-02-01-05,data/raw/ravdess/audio_speech/Audio_Speech_Actors_01-24/Actor_05/03-01-06-02-02-01-05.wav,5,train,06,5,fearful,02,02,01,5,fearful,0.116048,0.071064,0.086504,0.156677,0.104454,0.190893,0.142861,0.131498,/home/tonyhe/ravdess_avfusion/external/audio_ser_speechbrain/speechbrain-develop-main/outputs/embeddings_ECAPA/train/03-01-06-02-02-01-05.npy,96
01-06-02-02-01-06,03-01-06-02-02-01-06,03-01-06-02-02-01-06,data/raw/ravdess/audio_speech/Audio_Speech_Actors_01-24/Actor_06/03-01-06-02-02-01-06.wav,6,train,06,5,fearful,02,02,01,5,fearful,0.109524,0.107851,0.119032,0.105592,0.104759,0.267552,0.092298,0.09339,/home/tonyhe/ravdess_avfusion/external/audio_ser_speechbrain/speechbrain-develop-main/outputs/embeddings_ECAPA/train/03-01-06-02-02-01-06.npy,96
01-06-02-02-01-07,03-01-06-02-02-01-07,03-01-06-02-02-01-07,data/raw/ravdess/audio_speech/Audio_Speech_Actors_01-24/Actor_07/03-01-06-02-02-01-07.wav,7,train,06,5,fearful,02,02,01,5,fearful,0.087401,0.108968,0.102528,0.118714,0.091402,0.263302,0.0975,0.130183,/home/tonyhe/ravdess_avfusion/external/audio_ser_speechbrain/speechbrain-develop-main/outputs/embeddings_ECAPA/train/03-01-06-02-02-01-07.npy,96
01-06-02-02-01-08,03-01-06-02-02-01-08,03-01-06-02-02-01-08,data/raw/ravdess/audio_speech/Audio_Speech_Actors_01-24/Actor_08/03-01-06-02-02-01-08.wav,8,train,06,5,fearful,02,02,01,5,fearful,0.10755,0.081732,0.105587,0.098236,0.093033,0.255448,0.115205,0.143209,/home/tonyhe/ravdess_avfusion/external/audio_ser_speechbrain/speechbrain-develop-main/outputs/embeddings_ECAPA/train/03-01-06-02-02-01-08.npy,96
01-06-02-02-01-09,03-01-06-02-02-01-09,03-01-06-02-02-01-09,data/raw/ravdess/audio_speech/Audio_Speech_Actors_01-24/Actor_09/03-01-06-02-02-01-09.wav,9,train,06,5,fearful,02,02,01,5,fearful,0.095619,0.098011,0.130245,0.093323,0.095795,0.271612,0.095845,0.11955,/home/tonyhe/ravdess_avfusion/external/audio_ser_speechbrain/speechbrain-develop-main/outputs/embeddings_ECAPA/train/03-01-06-02-02-01-09.npy,96
01-06-02-02-01-10,03-01-06-02-02-01-10,03-01-06-02-02-01-10,data/raw/ravdess/audio_speech/Audio_Speech_Actors_01-24/Actor_10/03-01-06-02-02-01-10.wav,10,train,06,5,fearful,02,02,01,5,fearful,0.088046,0.097837,0.124902,0.111071,0.108812,0.265465,0.124324,0.079544,/home/tonyhe/ravdess_avfusion/external/audio_ser_speechbrain/speechbrain-develop-main/outputs/embeddings_ECAPA/train/03-01-06-02-02-01-10.npy,96
01-06-02-02-01-11,03-01-06-02-02-01-11,03-01-06-02-02-01-11,data/raw/ravdess/audio_speech/Audio_Speech_Actors_01-24/Actor_11/03-01-06-02-02-01-11.wav,11,train,06,5,fearful,02,02,01,5,fearful,0.107554,0.079832,0.092497,0.119396,0.107528,0.224314,0.095859,0.173022,/home/tonyhe/ravdess_avfusion/external/audio_ser_speechbrain/speechbrain-develop-main/outputs/embeddings_ECAPA/train/03-01-06-02-02-01-11.npy,96
01-06-02-02-01-12,03-01-06-02-02-01-12,03-01-06-02-02-01-12,data/raw/ravdess/audio_speech/Audio_Speech_Actors_01-24/Actor_12/03-01-06-02-02-01-12.wav,12,train,06,5,fearful,02,02,01,5,fearful,0.103058,0.118001,0.128925,0.097714,0.080373,0.257324,0.110548,0.104058,/home/tonyhe/ravdess_avfusion/external/audio_ser_speechbrain/speechbrain-develop-main/outputs/embeddings_ECAPA/train/03-01-06-02-02-01-12.npy,96
01-06-02-02-01-13,03-01-06-02-02-01-13,03-01-06-02-02-01-13,data/raw/ravdess/audio_speech/Audio_Speech_Actors_01-24/Actor_13/03-01-06-02-02-01-13.wav,13,train,06,5,fearful,02,02,01,5,fearful,0.07709,0.102274,0.098279,0.077127,0.163135,0.202455,0.147028,0.132612,/home/tonyhe/ravdess_avfusion/external/audio_ser_speechbrain/speechbrain-develop-main/outputs/embeddings_ECAPA/train/03-01-06-02-02-01-13.npy,96
01-06-02-02-01-14,03-01-06-02-02-01-14,03-01-06-02-02-01-14,data/raw/ravdess/audio_speech/Audio_Speech_Actors_01-24/Actor_14/03-01-06-02-02-01-14.wav,14,train,06,5,fearful,02,02,01,5,fearful,0.101069,0.102303,0.123864,0.10522,0.082119,0.27098,0.108269,0.106176,/home/tonyhe/ravdess_avfusion/external/audio_ser_speechbrain/speechbrain-develop-main/outputs/embeddings_ECAPA/train/03-01-06-02-02-01-14.npy,96
01-06-02-02-01-15,03-01-06-02-02-01-15,03-01-06-02-02-01-15,data/raw/ravdess/audio_speech/Audio_Speech_Actors_01-24/Actor_15/03-01-06-02-02-01-15.wav,15,train,06,5,fearful,02,02,01,5,fearful,0.100475,0.074185,0.08454,0.132547,0.100706,0.223894,0.151577,0.132077,/home/tonyhe/ravdess_avfusion/external/audio_ser_speechbrain/speechbrain-develop-main/outputs/embeddings_ECAPA/train/03-01-06-02-02-01-15.npy,96
01-06-02-02-01-16,03-01-06-02-02-01-16,03-01-06-02-02-01-16,data/raw/ravdess/audio_speech/Audio_Speech_Actors_01-24/Actor_16/03-01-06-02-02-01-16.wav,16,train,06,5,fearful,02,02,01,5,fearful,0.112753,0.105019,0.106087,0.140193,0.107276,0.245841,0.105332,0.077499,/home/tonyhe/ravdess_avfusion/external/audio_ser_speechbrain/speechbrain-develop-main/outputs/embeddings_ECAPA/train/03-01-06-02-02-01-16.npy,96
01-06-02-02-02-01,03-01-06-02-02-02-01,03-01-06-02-02-02-01,data/raw/ravdess/audio_speech/Audio_Speech_Actors_01-24/Actor_01/03-01-06-02-02-02-01.wav,1,train,06,5,fearful,02,02,02,5,fearful,0.108001,0.092119,0.107435,0.116635,0.089168,0.263677,0.105029,0.117936,/home/tonyhe/ravdess_avfusion/external/audio_ser_speechbrain/speechbrain-develop-main/outputs/embeddings_ECAPA/train/03-01-06-02-02-02-01.npy,96
01-06-02-02-02-02,03-01-06-02-02-02-02,03-01-06-02-02-02-02,data/raw/ravdess/audio_speech/Audio_Speech_Actors_01-24/Actor_02/03-01-06-02-02-02-02.wav,2,train,06,5,fearful,02,02,02,5,fearful,0.101745,0.117306,0.112484,0.112121,0.090933,0.271201,0.109568,0.084641,/home/tonyhe/ravdess_avfusion/external/audio_ser_speechbrain/speechbrain-develop-main/outputs/embeddings_ECAPA/train/03-01-06-02-02-02-02.npy,96
01-06-02-02-02-03,03-01-06-02-02-02-03,03-01-06-02-02-02-03,data/raw/ravdess/audio_speech/Audio_Speech_Actors_01-24/Actor_03/03-01-06-02-02-02-03.wav,3,train,06,5,fearful,02,02,02,5,fearful,0.099403,0.081671,0.090908,0.14039,0.112112,0.234673,0.140874,0.099968,/home/tonyhe/ravdess_avfusion/external/audio_ser_speechbrain/speechbrain-develop-main/outputs/embeddings_ECAPA/train/03-01-06-02-02-02-03.npy,96
01-06-02-02-02-04,03-01-06-02-02-02-04,03-01-06-02-02-02-04,data/raw/ravdess/audio_speech/Audio_Speech_Actors_01-24/Actor_04/03-01-06-02-02-02-04.wav,4,train,06,5,fearful,02,02,02,5,fearful,0.099287,0.091794,0.120212,0.104057,0.12493,0.244018,0.101696,0.114006,/home/tonyhe/ravdess_avfusion/external/audio_ser_speechbrain/speechbrain-develop-main/outputs/embeddings_ECAPA/train/03-01-06-02-02-02-04.npy,96
01-06-02-02-02-05,03-01-06-02-02-02-05,03-01-06-02-02-02-05,data/raw/ravdess/audio_speech/Audio_Speech_Actors_01-24/Actor_05/03-01-06-02-02-02-05.wav,5,train,06,5,fearful,02,02,02,5,fearful,0.114953,0.097982,0.101195,0.128702,0.104481,0.241474,0.117033,0.094178,/home/tonyhe/ravdess_avfusion/external/audio_ser_speechbrain/speechbrain-develop-main/outputs/embeddings_ECAPA/train/03-01-06-02-02-02-05.npy,96
01-06-02-02-02-06,03-01-06-02-02-02-06,03-01-06-02-02-02-06,data/raw/ravdess/audio_speech/Audio_Speech_Actors_01-24/Actor_06/03-01-06-02-02-02-06.wav,6,train,06,5,fearful,02,02,02,5,fearful,0.10269,0.11273,0.119488,0.077312,0.106187,0.26095,0.108779,0.111864,/home/tonyhe/ravdess_avfusion/external/audio_ser_speechbrain/speechbrain-develop-main/outputs/embeddings_ECAPA/train/03-01-06-02-02-02-06.npy,96
01-06-02-02-02-07,03-01-06-02-02-02-07,03-01-06-02-02-02-07,data/raw/ravdess/audio_speech/Audio_Speech_Actors_01-24/Actor_07/03-01-06-02-02-02-07.wav,7,train,06,5,fearful,02,02,02,5,fearful,0.077249,0.095353,0.107834,0.125139,0.111396,0.242681,0.090362,0.149986,/home/tonyhe/ravdess_avfusion/external/audio_ser_speechbrain/speechbrain-develop-main/outputs/embeddings_ECAPA/train/03-01-06-02-02-02-07.npy,96
01-06-02-02-02-08,03-01-06-02-02-02-08,03-01-06-02-02-02-08,data/raw/ravdess/audio_speech/Audio_Speech_Actors_01-24/Actor_08/03-01-06-02-02-02-08.wav,8,train,06,5,fearful,02,02,02,5,fearful,0.092631,0.084069,0.095286,0.084238,0.10065,0.250793,0.156895,0.135437,/home/tonyhe/ravdess_avfusion/external/audio_ser_speechbrain/speechbrain-develop-main/outputs/embeddings_ECAPA/train/03-01-06-02-02-02-08.npy,96
01-06-02-02-02-09,03-01-06-02-02-02-09,03-01-06-02-02-02-09,data/raw/ravdess/audio_speech/Audio_Speech_Actors_01-24/Actor_09/03-01-06-02-02-02-09.wav,9,train,06,5,fearful,02,02,02,5,fearful,0.105837,0.112436,0.12887,0.091919,0.094191,0.26606,0.097486,0.1032,/home/tonyhe/ravdess_avfusion/external/audio_ser_speechbrain/speechbrain-develop-main/outputs/embeddings_ECAPA/train/03-01-06-02-02-02-09.npy,96
01-06-02-02-02-10,03-01-06-02-02-02-10,03-01-06-02-02-02-10,data/raw/ravdess/audio_speech/Audio_Speech_Actors_01-24/Actor_10/03-01-06-02-02-02-10.wav,10,train,06,5,fearful,02,02,02,5,fearful,0.095008,0.08427,0.102571,0.113053,0.104177,0.273856,0.118396,0.108669,/home/tonyhe/ravdess_avfusion/external/audio_ser_speechbrain/speechbrain-develop-main/outputs/embeddings_ECAPA/train/03-01-06-02-02-02-10.npy,96
01-06-02-02-02-11,03-01-06-02-02-02-11,03-01-06-02-02-02-11,data/raw/ravdess/audio_speech/Audio_Speech_Actors_01-24/Actor_11/03-01-06-02-02-02-11.wav,11,train,06,5,fearful,02,02,02,5,fearful,0.099482,0.086172,0.108213,0.088859,0.100871,0.272459,0.108011,0.135933,/home/tonyhe/ravdess_avfusion/external/audio_ser_speechbrain/speechbrain-develop-main/outputs/embeddings_ECAPA/train/03-01-06-02-02-02-11.npy,96
01-06-02-02-02-12,03-01-06-02-02-02-12,03-01-06-02-02-02-12,data/raw/ravdess/audio_speech/Audio_Speech_Actors_01-24/Actor_12/03-01-06-02-02-02-12.wav,12,train,06,5,fearful,02,02,02,5,fearful,0.095084,0.113295,0.112993,0.10128,0.102452,0.277195,0.108401,0.089301,/home/tonyhe/ravdess_avfusion/external/audio_ser_speechbrain/speechbrain-develop-main/outputs/embeddings_ECAPA/train/03-01-06-02-02-02-12.npy,96
01-06-02-02-02-13,03-01-06-02-02-02-13,03-01-06-02-02-02-13,data/raw/ravdess/audio_speech/Audio_Speech_Actors_01-24/Actor_13/03-01-06-02-02-02-13.wav,13,train,06,5,fearful,02,02,02,5,fearful,0.079079,0.086174,0.124277,0.093962,0.100547,0.259223,0.14864,0.108098,/home/tonyhe/ravdess_avfusion/external/audio_ser_speechbrain/speechbrain-develop-main/outputs/embeddings_ECAPA/train/03-01-06-02-02-02-13.npy,96
01-06-02-02-02-14,03-01-06-02-02-02-14,03-01-06-02-02-02-14,data/raw/ravdess/audio_speech/Audio_Speech_Actors_01-24/Actor_14/03-01-06-02-02-02-14.wav,14,train,06,5,fearful,02,02,02,5,fearful,0.102946,0.107534,0.119314,0.105541,0.084567,0.271336,0.102637,0.106124,/home/tonyhe/ravdess_avfusion/external/audio_ser_speechbrain/speechbrain-develop-main/outputs/embeddings_ECAPA/train/03-01-06-02-02-02-14.npy,96
01-06-02-02-02-15,03-01-06-02-02-02-15,03-01-06-02-02-02-15,data/raw/ravdess/audio_speech/Audio_Speech_Actors_01-24/Actor_15/03-01-06-02-02-02-15.wav,15,train,06,5,fearful,02,02,02,5,fearful,0.10863,0.070027,0.095274,0.097188,0.113803,0.236842,0.132581,0.145655,/home/tonyhe/ravdess_avfusion/external/audio_ser_speechbrain/speechbrain-develop-main/outputs/embeddings_ECAPA/train/03-01-06-02-02-02-15.npy,96
01-06-02-02-02-16,03-01-06-02-02-02-16,03-01-06-02-02-02-16,data/raw/ravdess/audio_speech/Audio_Speech_Actors_01-24/Actor_16/03-01-06-02-02-02-16.wav,16,train,06,5,fearful,02,02,02,5,fearful,0.132074,0.104119,0.115506,0.104664,0.105666,0.251789,0.108438,0.077745,/home/tonyhe/ravdess_avfusion/external/audio_ser_speechbrain/speechbrain-develop-main/outputs/embeddings_ECAPA/train/03-01-06-02-02-02-16.npy,96
01-07-01-01-01-01,03-01-07-01-01-01-01,03-01-07-01-01-01-01,data/raw/ravdess/audio_speech/Audio_Speech_Actors_01-24/Actor_01/03-01-07-01-01-01-01.wav,1,train,07,6,disgust,01,01,01,6,disgust,0.111167,0.104485,0.129407,0.084901,0.147553,0.083099,0.238227,0.101161,/home/tonyhe/ravdess_avfusion/external/audio_ser_speechbrain/speechbrain-develop-main/outputs/embeddings_ECAPA/train/03-01-07-01-01-01-01.npy,96
01-07-01-01-01-02,03-01-07-01-01-01-02,03-01-07-01-01-01-02,data/raw/ravdess/audio_speech/Audio_Speech_Actors_01-24/Actor_02/03-01-07-01-01-01-02.wav,2,train,07,6,disgust,01,01,01,6,disgust,0.114105,0.089024,0.103223,0.103344,0.09369,0.101608,0.271598,0.123408,/home/tonyhe/ravdess_avfusion/external/audio_ser_speechbrain/speechbrain-develop-main/outputs/embeddings_ECAPA/train/03-01-07-01-01-01-02.npy,96
01-07-01-01-01-03,03-01-07-01-01-01-03,03-01-07-01-01-01-03,data/raw/ravdess/audio_speech/Audio_Speech_Actors_01-24/Actor_03/03-01-07-01-01-01-03.wav,3,train,07,6,disgust,01,01,01,6,disgust,0.095801,0.076216,0.105971,0.091645,0.107303,0.127759,0.268197,0.127109,/home/tonyhe/ravdess_avfusion/external/audio_ser_speechbrain/speechbrain-develop-main/outputs/embeddings_ECAPA/train/03-01-07-01-01-01-03.npy,96
01-07-01-01-01-04,03-01-07-01-01-01-04,03-01-07-01-01-01-04,data/raw/ravdess/audio_speech/Audio_Speech_Actors_01-24/Actor_04/03-01-07-01-01-01-04.wav,4,train,07,6,disgust,01,01,01,6,disgust,0.08998,0.096537,0.093811,0.109426,0.135287,0.082683,0.240111,0.152166,/home/tonyhe/ravdess_avfusion/external/audio_ser_speechbrain/speechbrain-develop-main/outputs/embeddings_ECAPA/train/03-01-07-01-01-01-04.npy,96
01-07-01-01-01-05,03-01-07-01-01-01-05,03-01-07-01-01-01-05,data/raw/ravdess/audio_speech/Audio_Speech_Actors_01-24/Actor_05/03-01-07-01-01-01-05.wav,5,train,07,6,disgust,01,01,01,6,disgust,0.148583,0.134879,0.079453,0.084084,0.122538,0.091596,0.229561,0.109307,/home/tonyhe/ravdess_avfusion/external/audio_ser_speechbrain/speechbrain-develop-main/outputs/embeddings_ECAPA/train/03-01-07-01-01-01-05.npy,96
01-07-01-01-01-06,03-01-07-01-01-01-06,03-01-07-01-01-01-06,data/raw/ravdess/audio_speech/Audio_Speech_Actors_01-24/Actor_06/03-01-07-01-01-01-06.wav,6,train,07,6,disgust,01,01,01,6,disgust,0.092038,0.145949,0.085862,0.107061,0.10615,0.114562,0.235957,0.11242,/home/tonyhe/ravdess_avfusion/external/audio_ser_speechbrain/speechbrain-develop-main/outputs/embeddings_ECAPA/train/03-01-07-01-01-01-06.npy,96
01-07-01-01-01-07,03-01-07-01-01-01-07,03-01-07-01-01-01-07,data/raw/ravdess/audio_speech/Audio_Speech_Actors_01-24/Actor_07/03-01-07-01-01-01-07.wav,7,train,07,6,disgust,01,01,01,6,disgust,0.086484,0.10847,0.097403,0.094267,0.11973,0.09705,0.2475,0.149096,/home/tonyhe/ravdess_avfusion/external/audio_ser_speechbrain/speechbrain-develop-main/outputs/embeddings_ECAPA/train/03-01-07-01-01-01-07.npy,96
01-07-01-01-01-08,03-01-07-01-01-01-08,03-01-07-01-01-01-08,data/raw/ravdess/audio_speech/Audio_Speech_Actors_01-24/Actor_08/03-01-07-01-01-01-08.wav,8,train,07,6,disgust,01,01,01,6,disgust,0.118729,0.091017,0.104115,0.089412,0.103982,0.076854,0.252096,0.163794,/home/tonyhe/ravdess_avfusion/external/audio_ser_speechbrain/speechbrain-develop-main/outputs/embeddings_ECAPA/train/03-01-07-01-01-01-08.npy,96
01-07-01-01-01-09,03-01-07-01-01-01-09,03-01-07-01-01-01-09,data/raw/ravdess/audio_speech/Audio_Speech_Actors_01-24/Actor_09/03-01-07-01-01-01-09.wav,9,train,07,6,disgust,01,01,01,6,disgust,0.122768,0.093458,0.113825,0.106058,0.091057,0.076293,0.257671,0.138871,/home/tonyhe/ravdess_avfusion/external/audio_ser_speechbrain/speechbrain-develop-main/outputs/embeddings_ECAPA/train/03-01-07-01-01-01-09.npy,96
01-07-01-01-01-10,03-01-07-01-01-01-10,03-01-07-01-01-01-10,data/raw/ravdess/audio_speech/Audio_Speech_Actors_01-24/Actor_10/03-01-07-01-01-01-10.wav,10,train,07,6,disgust,01,01,01,6,disgust,0.110858,0.101122,0.083874,0.112489,0.092788,0.118093,0.261378,0.119398,/home/tonyhe/ravdess_avfusion/external/audio_ser_speechbrain/speechbrain-develop-main/outputs/embeddings_ECAPA/train/03-01-07-01-01-01-10.npy,96
01-07-01-01-01-11,03-01-07-01-01-01-11,03-01-07-01-01-01-11,data/raw/ravdess/audio_speech/Audio_Speech_Actors_01-24/Actor_11/03-01-07-01-01-01-11.wav,11,train,07,6,disgust,01,01,01,6,disgust,0.097568,0.099115,0.112248,0.094603,0.120786,0.087294,0.267755,0.120632,/home/tonyhe/ravdess_avfusion/external/audio_ser_speechbrain/speechbrain-develop-main/outputs/embeddings_ECAPA/train/03-01-07-01-01-01-11.npy,96
01-07-01-01-01-12,03-01-07-01-01-01-12,03-01-07-01-01-01-12,data/raw/ravdess/audio_speech/Audio_Speech_Actors_01-24/Actor_12/03-01-07-01-01-01-12.wav,12,train,07,6,disgust,01,01,01,6,disgust,0.105676,0.083088,0.097657,0.113699,0.08674,0.105274,0.261297,0.146571,/home/tonyhe/ravdess_avfusion/external/audio_ser_speechbrain/speechbrain-develop-main/outputs/embeddings_ECAPA/train/03-01-07-01-01-01-12.npy,96
01-07-01-01-01-13,03-01-07-01-01-01-13,03-01-07-01-01-01-13,data/raw/ravdess/audio_speech/Audio_Speech_Actors_01-24/Actor_13/03-01-07-01-01-01-13.wav,13,train,07,6,disgust,01,01,01,6,disgust,0.126477,0.130422,0.084898,0.091238,0.113321,0.092203,0.242867,0.118575,/home/tonyhe/ravdess_avfusion/external/audio_ser_speechbrain/speechbrain-develop-main/outputs/embeddings_ECAPA/train/03-01-07-01-01-01-13.npy,96
01-07-01-01-01-14,03-01-07-01-01-01-14,03-01-07-01-01-01-14,data/raw/ravdess/audio_speech/Audio_Speech_Actors_01-24/Actor_14/03-01-07-01-01-01-14.wav,14,train,07,6,disgust,01,01,01,6,disgust,0.075757,0.125052,0.119696,0.114416,0.094435,0.115478,0.235069,0.120097,/home/tonyhe/ravdess_avfusion/external/audio_ser_speechbrain/speechbrain-develop-main/outputs/embeddings_ECAPA/train/03-01-07-01-01-01-14.npy,96
01-07-01-01-01-15,03-01-07-01-01-01-15,03-01-07-01-01-01-15,data/raw/ravdess/audio_speech/Audio_Speech_Actors_01-24/Actor_15/03-01-07-01-01-01-15.wav,15,train,07,6,disgust,01,01,01,6,disgust,0.10443,0.109275,0.091029,0.099261,0.085033,0.117898,0.260687,0.132388,/home/tonyhe/ravdess_avfusion/external/audio_ser_speechbrain/speechbrain-develop-main/outputs/embeddings_ECAPA/train/03-01-07-01-01-01-15.npy,96
01-07-01-01-01-16,03-01-07-01-01-01-16,03-01-07-01-01-01-16,data/raw/ravdess/audio_speech/Audio_Speech_Actors_01-24/Actor_16/03-01-07-01-01-01-16.wav,16,train,07,6,disgust,01,01,01,6,disgust,0.09763,0.08289,0.114521,0.079561,0.118694,0.114986,0.267885,0.123833,/home/tonyhe/ravdess_avfusion/external/audio_ser_speechbrain/speechbrain-develop-main/outputs/embeddings_ECAPA/train/03-01-07-01-01-01-16.npy,96
01-07-01-01-02-01,03-01-07-01-01-02-01,03-01-07-01-01-02-01,data/raw/ravdess/audio_speech/Audio_Speech_Actors_01-24/Actor_01/03-01-07-01-01-02-01.wav,1,train,07,6,disgust,01,01,02,6,disgust,0.103365,0.110716,0.13737,0.073838,0.091364,0.10329,0.25608,0.123978,/home/tonyhe/ravdess_avfusion/external/audio_ser_speechbrain/speechbrain-develop-main/outputs/embeddings_ECAPA/train/03-01-07-01-01-02-01.npy,96
01-07-01-01-02-02,03-01-07-01-01-02-02,03-01-07-01-01-02-02,data/raw/ravdess/audio_speech/Audio_Speech_Actors_01-24/Actor_02/03-01-07-01-01-02-02.wav,2,train,07,6,disgust,01,01,02,6,disgust,0.124226,0.081428,0.114499,0.104615,0.087154,0.11026,0.260922,0.116896,/home/tonyhe/ravdess_avfusion/external/audio_ser_speechbrain/speechbrain-develop-main/outputs/embeddings_ECAPA/train/03-01-07-01-01-02-02.npy,96
01-07-01-01-02-03,03-01-07-01-01-02-03,03-01-07-01-01-02-03,data/raw/ravdess/audio_speech/Audio_Speech_Actors_01-24/Actor_03/03-01-07-01-01-02-03.wav,3,train,07,6,disgust,01,01,02,6,disgust,0.102528,0.080672,0.092963,0.085127,0.146155,0.119707,0.248803,0.124046,/home/tonyhe/ravdess_avfusion/external/audio_ser_speechbrain/speechbrain-develop-main/outputs/embeddings_ECAPA/train/03-01-07-01-01-02-03.npy,96
01-07-01-01-02-04,03-01-07-01-01-02-04,03-01-07-01-01-02-04,data/raw/ravdess/audio_speech/Audio_Speech_Actors_01-24/Actor_04/03-01-07-01-01-02-04.wav,4,train,07,6,disgust,01,01,02,6,disgust,0.088122,0.078709,0.11234,0.108418,0.101708,0.098407,0.26435,0.147947,/home/tonyhe/ravdess_avfusion/external/audio_ser_speechbrain/speechbrain-develop-main/outputs/embeddings_ECAPA/train/03-01-07-01-01-02-04.npy,96
01-07-01-01-02-05,03-01-07-01-01-02-05,03-01-07-01-01-02-05,data/raw/ravdess/audio_speech/Audio_Speech_Actors_01-24/Actor_05/03-01-07-01-01-02-05.wav,5,train,07,6,disgust,01,01,02,6,disgust,0.125133,0.093685,0.074719,0.086852,0.133311,0.105231,0.245348,0.135722,/home/tonyhe/ravdess_avfusion/external/audio_ser_speechbrain/speechbrain-develop-main/outputs/embeddings_ECAPA/train/03-01-07-01-01-02-05.npy,96
01-07-01-01-02-06,03-01-07-01-01-02-06,03-01-07-01-01-02-06,data/raw/ravdess/audio_speech/Audio_Speech_Actors_01-24/Actor_06/03-01-07-01-01-02-06.wav,6,train,07,6,disgust,01,01,02,6,disgust,0.083754,0.135738,0.092689,0.126039,0.101953,0.134332,0.221311,0.104184,/home/tonyhe/ravdess_avfusion/external/audio_ser_speechbrain/speechbrain-develop-main/outputs/embeddings_ECAPA/train/03-01-07-01-01-02-06.npy,96
01-07-01-01-02-07,03-01-07-01-01-02-07,03-01-07-01-01-02-07,data/raw/ravdess/audio_speech/Audio_Speech_Actors_01-24/Actor_07/03-01-07-01-01-02-07.wav,7,train,07,6,disgust,01,01,02,6,disgust,0.097294,0.088629,0.128875,0.073807,0.108831,0.100713,0.259718,0.142133,/home/tonyhe/ravdess_avfusion/external/audio_ser_speechbrain/speechbrain-develop-main/outputs/embeddings_ECAPA/train/03-01-07-01-01-02-07.npy,96
01-07-01-01-02-08,03-01-07-01-01-02-08,03-01-07-01-01-02-08,data/raw/ravdess/audio_speech/Audio_Speech_Actors_01-24/Actor_08/03-01-07-01-01-02-08.wav,8,train,07,6,disgust,01,01,02,6,disgust,0.113647,0.097349,0.089407,0.118937,0.140436,0.084458,0.245875,0.109892,/home/tonyhe/ravdess_avfusion/external/audio_ser_speechbrain/speechbrain-develop-main/outputs/embeddings_ECAPA/train/03-01-07-01-01-02-08.npy,96
01-07-01-01-02-09,03-01-07-01-01-02-09,03-01-07-01-01-02-09,data/raw/ravdess/audio_speech/Audio_Speech_Actors_01-24/Actor_09/03-01-07-01-01-02-09.wav,9,train,07,6,disgust,01,01,02,6,disgust,0.115695,0.092623,0.094191,0.119461,0.111847,0.077697,0.251942,0.136544,/home/tonyhe/ravdess_avfusion/external/audio_ser_speechbrain/speechbrain-develop-main/outputs/embeddings_ECAPA/train/03-01-07-01-01-02-09.npy,96
01-07-01-01-02-10,03-01-07-01-01-02-10,03-01-07-01-01-02-10,data/raw/ravdess/audio_speech/Audio_Speech_Actors_01-24/Actor_10/03-01-07-01-01-02-10.wav,10,train,07,6,disgust,01,01,02,6,disgust,0.121276,0.106452,0.091639,0.108418,0.082038,0.107876,0.258611,0.123689,/home/tonyhe/ravdess_avfusion/external/audio_ser_speechbrain/speechbrain-develop-main/outputs/embeddings_ECAPA/train/03-01-07-01-01-02-10.npy,96
01-07-01-01-02-11,03-01-07-01-01-02-11,03-01-07-01-01-02-11,data/raw/ravdess/audio_speech/Audio_Speech_Actors_01-24/Actor_11/03-01-07-01-01-02-11.wav,11,train,07,6,disgust,01,01,02,6,disgust,0.107321,0.09615,0.121262,0.097294,0.111977,0.080744,0.266706,0.118546,/home/tonyhe/ravdess_avfusion/external/audio_ser_speechbrain/speechbrain-develop-main/outputs/embeddings_ECAPA/train/03-01-07-01-01-02-11.npy,96
01-07-01-01-02-12,03-01-07-01-01-02-12,03-01-07-01-01-02-12,data/raw/ravdess/audio_speech/Audio_Speech_Actors_01-24/Actor_12/03-01-07-01-01-02-12.wav,12,train,07,6,disgust,01,01,02,6,disgust,0.126607,0.096999,0.101707,0.133982,0.09333,0.106883,0.243721,0.096771,/home/tonyhe/ravdess_avfusion/external/audio_ser_speechbrain/speechbrain-develop-main/outputs/embeddings_ECAPA/train/03-01-07-01-01-02-12.npy,96
01-07-01-01-02-13,03-01-07-01-01-02-13,03-01-07-01-01-02-13,data/raw/ravdess/audio_speech/Audio_Speech_Actors_01-24/Actor_13/03-01-07-01-01-02-13.wav,13,train,07,6,disgust,01,01,02,6,disgust,0.118925,0.099304,0.081513,0.095744,0.10957,0.101834,0.259176,0.133935,/home/tonyhe/ravdess_avfusion/external/audio_ser_speechbrain/speechbrain-develop-main/outputs/embeddings_ECAPA/train/03-01-07-01-01-02-13.npy,96
01-07-01-01-02-14,03-01-07-01-01-02-14,03-01-07-01-01-02-14,data/raw/ravdess/audio_speech/Audio_Speech_Actors_01-24/Actor_14/03-01-07-01-01-02-14.wav,14,train,07,6,disgust,01,01,02,6,disgust,0.105249,0.075875,0.123305,0.082489,0.102779,0.09346,0.236174,0.18067,/home/tonyhe/ravdess_avfusion/external/audio_ser_speechbrain/speechbrain-develop-main/outputs/embeddings_ECAPA/train/03-01-07-01-01-02-14.npy,96
01-07-01-01-02-15,03-01-07-01-01-02-15,03-01-07-01-01-02-15,data/raw/ravdess/audio_speech/Audio_Speech_Actors_01-24/Actor_15/03-01-07-01-01-02-15.wav,15,train,07,6,disgust,01,01,02,6,disgust,0.104718,0.118361,0.133523,0.121481,0.112374,0.102563,0.229016,0.077964,/home/tonyhe/ravdess_avfusion/external/audio_ser_speechbrain/speechbrain-develop-main/outputs/embeddings_ECAPA/train/03-01-07-01-01-02-15.npy,96
01-07-01-01-02-16,03-01-07-01-01-02-16,03-01-07-01-01-02-16,data/raw/ravdess/audio_speech/Audio_Speech_Actors_01-24/Actor_16/03-01-07-01-01-02-16.wav,16,train,07,6,disgust,01,01,02,6,disgust,0.102572,0.06879,0.130775,0.085367,0.10383,0.105643,0.259715,0.143309,/home/tonyhe/ravdess_avfusion/external/audio_ser_speechbrain/speechbrain-develop-main/outputs/embeddings_ECAPA/train/03-01-07-01-01-02-16.npy,96
01-07-01-02-01-01,03-01-07-01-02-01-01,03-01-07-01-02-01-01,data/raw/ravdess/audio_speech/Audio_Speech_Actors_01-24/Actor_01/03-01-07-01-02-01-01.wav,1,train,07,6,disgust,01,02,01,6,disgust,0.114668,0.102318,0.11304,0.094826,0.103757,0.099949,0.267437,0.104005,/home/tonyhe/ravdess_avfusion/external/audio_ser_speechbrain/speechbrain-develop-main/outputs/embeddings_ECAPA/train/03-01-07-01-02-01-01.npy,96
01-07-01-02-01-02,03-01-07-01-02-01-02,03-01-07-01-02-01-02,data/raw/ravdess/audio_speech/Audio_Speech_Actors_01-24/Actor_02/03-01-07-01-02-01-02.wav,2,train,07,6,disgust,01,02,01,6,disgust,0.123429,0.097093,0.113819,0.112351,0.094275,0.089721,0.258852,0.11046,/home/tonyhe/ravdess_avfusion/external/audio_ser_speechbrain/speechbrain-develop-main/outputs/embeddings_ECAPA/train/03-01-07-01-02-01-02.npy,96
01-07-01-02-01-03,03-01-07-01-02-01-03,03-01-07-01-02-01-03,data/raw/ravdess/audio_speech/Audio_Speech_Actors_01-24/Actor_03/03-01-07-01-02-01-03.wav,3,train,07,6,disgust,01,02,01,6,disgust,0.088297,0.102328,0.096258,0.091035,0.095056,0.130955,0.259522,0.13655,/home/tonyhe/ravdess_avfusion/external/audio_ser_speechbrain/speechbrain-develop-main/outputs/embeddings_ECAPA/train/03-01-07-01-02-01-03.npy,96
01-07-01-02-01-04,03-01-07-01-02-01-04,03-01-07-01-02-01-04,data/raw/ravdess/audio_speech/Audio_Speech_Actors_01-24/Actor_04/03-01-07-01-02-01-04.wav,4,train,07,6,disgust,01,02,01,6,disgust,0.101691,0.091264,0.118042,0.122989,0.098858,0.081279,0.249551,0.136325,/home/tonyhe/ravdess_avfusion/external/audio_ser_speechbrain/speechbrain-develop-main/outputs/embeddings_ECAPA/train/03-01-07-01-02-01-04.npy,96
01-07-01-02-01-05,03-01-07-01-02-01-05,03-01-07-01-02-01-05,data/raw/ravdess/audio_speech/Audio_Speech_Actors_01-24/Actor_05/03-01-07-01-02-01-05.wav,5,train,07,6,disgust,01,02,01,6,disgust,0.112329,0.140291,0.081874,0.101197,0.12429,0.106163,0.23311,0.100746,/home/tonyhe/ravdess_avfusion/external/audio_ser_speechbrain/speechbrain-develop-main/outputs/embeddings_ECAPA/train/03-01-07-01-02-01-05.npy,96
01-07-01-02-01-06,03-01-07-01-02-01-06,03-01-07-01-02-01-06,data/raw/ravdess/audio_speech/Audio_Speech_Actors_01-24/Actor_06/03-01-07-01-02-01-06.wav,6,train,07,6,disgust,01,02,01,6,disgust,0.103123,0.108772,0.09348,0.101127,0.089657,0.10285,0.256106,0.144885,/home/tonyhe/ravdess_avfusion/external/audio_ser_speechbrain/speechbrain-develop-main/outputs/embeddings_ECAPA/train/03-01-07-01-02-01-06.npy,96
01-07-01-02-01-07,03-01-07-01-02-01-07,03-01-07-01-02-01-07,data/raw/ravdess/audio_speech/Audio_Speech_Actors_01-24/Actor_07/03-01-07-01-02-01-07.wav,7,train,07,6,disgust,01,02,01,6,disgust,0.122569,0.106268,0.089629,0.086676,0.094081,0.092157,0.253834,0.154788,/home/tonyhe/ravdess_avfusion/external/audio_ser_speechbrain/speechbrain-develop-main/outputs/embeddings_ECAPA/train/03-01-07-01-02-01-07.npy,96
01-07-01-02-01-08,03-01-07-01-02-01-08,03-01-07-01-02-01-08,data/raw/ravdess/audio_speech/Audio_Speech_Actors_01-24/Actor_08/03-01-07-01-02-01-08.wav,8,train,07,6,disgust,01,02,01,6,disgust,0.118668,0.100999,0.082268,0.116809,0.106575,0.08948,0.25714,0.128061,/home/tonyhe/ravdess_avfusion/external/audio_ser_speechbrain/speechbrain-develop-main/outputs/embeddings_ECAPA/train/03-01-07-01-02-01-08.npy,96
01-07-01-02-01-09,03-01-07-01-02-01-09,03-01-07-01-02-01-09,data/raw/ravdess/audio_speech/Audio_Speech_Actors_01-24/Actor_09/03-01-07-01-02-01-09.wav,9,train,07,6,disgust,01,02,01,6,disgust,0.14652,0.085073,0.107857,0.095816,0.138726,0.07115,0.228374,0.126485,/home/tonyhe/ravdess_avfusion/external/audio_ser_speechbrain/speechbrain-develop-main/outputs/embeddings_ECAPA/train/03-01-07-01-02-01-09.npy,96
01-07-01-02-01-10,03-01-07-01-02-01-10,03-01-07-01-02-01-10,data/raw/ravdess/audio_speech/Audio_Speech_Actors_01-24/Actor_10/03-01-07-01-02-01-10.wav,10,train,07,6,disgust,01,02,01,6,disgust,0.130127,0.095298,0.075247,0.099248,0.112803,0.122343,0.250473,0.114461,/home/tonyhe/ravdess_avfusion/external/audio_ser_speechbrain/speechbrain-develop-main/outputs/embeddings_ECAPA/train/03-01-07-01-02-01-10.npy,96
01-07-01-02-01-11,03-01-07-01-02-01-11,03-01-07-01-02-01-11,data/raw/ravdess/audio_speech/Audio_Speech_Actors_01-24/Actor_11/03-01-07-01-02-01-11.wav,11,train,07,6,disgust,01,02,01,6,disgust,0.120382,0.095642,0.126471,0.077671,0.098801,0.081587,0.248036,0.151412,/home/tonyhe/ravdess_avfusion/external/audio_ser_speechbrain/speechbrain-develop-main/outputs/embeddings_ECAPA/train/03-01-07-01-02-01-11.npy,96
01-07-01-02-01-12,03-01-07-01-02-01-12,03-01-07-01-02-01-12,data/raw/ravdess/audio_speech/Audio_Speech_Actors_01-24/Actor_12/03-01-07-01-02-01-12.wav,12,train,07,6,disgust,01,02,01,6,disgust,0.107656,0.089293,0.094569,0.097795,0.102588,0.097294,0.268901,0.141905,/home/tonyhe/ravdess_avfusion/external/audio_ser_speechbrain/speechbrain-develop-main/outputs/embeddings_ECAPA/train/03-01-07-01-02-01-12.npy,96
01-07-01-02-01-13,03-01-07-01-02-01-13,03-01-07-01-02-01-13,data/raw/ravdess/audio_speech/Audio_Speech_Actors_01-24/Actor_13/03-01-07-01-02-01-13.wav,13,train,07,6,disgust,01,02,01,6,disgust,0.111638,0.10204,0.093123,0.083321,0.124994,0.090819,0.262165,0.131899,/home/tonyhe/ravdess_avfusion/external/audio_ser_speechbrain/speechbrain-develop-main/outputs/embeddings_ECAPA/train/03-01-07-01-02-01-13.npy,96
01-07-01-02-01-14,03-01-07-01-02-01-14,03-01-07-01-02-01-14,data/raw/ravdess/audio_speech/Audio_Speech_Actors_01-24/Actor_14/03-01-07-01-02-01-14.wav,14,train,07,6,disgust,01,02,01,6,disgust,0.10079,0.078097,0.108259,0.093605,0.123726,0.089122,0.251577,0.154824,/home/tonyhe/ravdess_avfusion/external/audio_ser_speechbrain/speechbrain-develop-main/outputs/embeddings_ECAPA/train/03-01-07-01-02-01-14.npy,96
01-07-01-02-01-15,03-01-07-01-02-01-15,03-01-07-01-02-01-15,data/raw/ravdess/audio_speech/Audio_Speech_Actors_01-24/Actor_15/03-01-07-01-02-01-15.wav,15,train,07,6,disgust,01,02,01,6,disgust,0.107788,0.086625,0.09907,0.130916,0.083522,0.096211,0.256195,0.139674,/home/tonyhe/ravdess_avfusion/external/audio_ser_speechbrain/speechbrain-develop-main/outputs/embeddings_ECAPA/train/03-01-07-01-02-01-15.npy,96
01-07-01-02-01-16,03-01-07-01-02-01-16,03-01-07-01-02-01-16,data/raw/ravdess/audio_speech/Audio_Speech_Actors_01-24/Actor_16/03-01-07-01-02-01-16.wav,16,train,07,6,disgust,01,02,01,6,disgust,0.131599,0.093151,0.096152,0.093209,0.097429,0.087273,0.249777,0.15141,/home/tonyhe/ravdess_avfusion/external/audio_ser_speechbrain/speechbrain-develop-main/outputs/embeddings_ECAPA/train/03-01-07-01-02-01-16.npy,96
01-07-01-02-02-01,03-01-07-01-02-02-01,03-01-07-01-02-02-01,data/raw/ravdess/audio_speech/Audio_Speech_Actors_01-24/Actor_01/03-01-07-01-02-02-01.wav,1,train,07,6,disgust,01,02,02,6,disgust,0.109945,0.11858,0.136194,0.084078,0.103245,0.080789,0.244049,0.12312,/home/tonyhe/ravdess_avfusion/external/audio_ser_speechbrain/speechbrain-develop-main/outputs/embeddings_ECAPA/train/03-01-07-01-02-02-01.npy,96
01-07-01-02-02-02,03-01-07-01-02-02-02,03-01-07-01-02-02-02,data/raw/ravdess/audio_speech/Audio_Speech_Actors_01-24/Actor_02/03-01-07-01-02-02-02.wav,2,train,07,6,disgust,01,02,02,6,disgust,0.104038,0.085389,0.1199,0.120646,0.076038,0.106666,0.253669,0.133655,/home/tonyhe/ravdess_avfusion/external/audio_ser_speechbrain/speechbrain-develop-main/outputs/embeddings_ECAPA/train/03-01-07-01-02-02-02.npy,96
01-07-01-02-02-03,03-01-07-01-02-02-03,03-01-07-01-02-02-03,data/raw/ravdess/audio_speech/Audio_Speech_Actors_01-24/Actor_03/03-01-07-01-02-02-03.wav,3,train,07,6,disgust,01,02,02,6,disgust,0.109364,0.093639,0.095084,0.105841,0.135021,0.093293,0.254382,0.113376,/home/tonyhe/ravdess_avfusion/external/audio_ser_speechbrain/speechbrain-develop-main/outputs/embeddings_ECAPA/train/03-01-07-01-02-02-03.npy,96
01-07-01-02-02-04,03-01-07-01-02-02-04,03-01-07-01-02-02-04,data/raw/ravdess/audio_speech/Audio_Speech_Actors_01-24/Actor_04/03-01-07-01-02-02-04.wav,4,train,07,6,disgust,01,02,02,6,disgust,0.089427,0.073276,0.118509,0.111227,0.09952,0.109439,0.251544,0.147059,/home/tonyhe/ravdess_avfusion/external/audio_ser_speechbrain/speechbrain-develop-main/outputs/embeddings_ECAPA/train/03-01-07-01-02-02-04.npy,96
01-07-01-02-02-05,03-01-07-01-02-02-05,03-01-07-01-02-02-05,data/raw/ravdess/audio_speech/Audio_Speech_Actors_01-24/Actor_05/03-01-07-01-02-02-05.wav,5,train,07,6,disgust,01,02,02,6,disgust,0.103209,0.103263,0.110177,0.103009,0.10841,0.083908,0.265164,0.12286,/home/tonyhe/ravdess_avfusion/external/audio_ser_speechbrain/speechbrain-develop-main/outputs/embeddings_ECAPA/train/03-01-07-01-02-02-05.npy,96
01-07-01-02-02-06,03-01-07-01-02-02-06,03-01-07-01-02-02-06,data/raw/ravdess/audio_speech/Audio_Speech_Actors_01-24/Actor_06/03-01-07-01-02-02-06.wav,6,train,07,6,disgust,01,02,02,6,disgust,0.08649,0.114549,0.087368,0.118234,0.100188,0.133382,0.241791,0.117998,/home/tonyhe/ravdess_avfusion/external/audio_ser_speechbrain/speechbrain-develop-main/outputs/embeddings_ECAPA/train/03-01-07-01-02-02-06.npy,96
01-07-01-02-02-07,03-01-07-01-02-02-07,03-01-07-01-02-02-07,data/raw/ravdess/audio_speech/Audio_Speech_Actors_01-24/Actor_07/03-01-07-01-02-02-07.wav,7,train,07,6,disgust,01,02,02,6,disgust,0.098941,0.103823,0.088428,0.097318,0.123388,0.090449,0.259416,0.138237,/home/tonyhe/ravdess_avfusion/external/audio_ser_speechbrain/speechbrain-develop-main/outputs/embeddings_ECAPA/train/03-01-07-01-02-02-07.npy,96
01-07-01-02-02-08,03-01-07-01-02-02-08,03-01-07-01-02-02-08,data/raw/ravdess/audio_speech/Audio_Speech_Actors_01-24/Actor_08/03-01-07-01-02-02-08.wav,8,train,07,6,disgust,01,02,02,6,disgust,0.131259,0.099007,0.098881,0.098267,0.086785,0.083004,0.238037,0.16476,/home/tonyhe/ravdess_avfusion/external/audio_ser_speechbrain/speechbrain-develop-main/outputs/embeddings_ECAPA/train/03-01-07-01-02-02-08.npy,96
01-07-01-02-02-09,03-01-07-01-02-02-09,03-01-07-01-02-02-09,data/raw/ravdess/audio_speech/Audio_Speech_Actors_01-24/Actor_09/03-01-07-01-02-02-09.wav,9,train,07,6,disgust,01,02,02,6,disgust,0.108337,0.108237,0.095228,0.108467,0.102784,0.087651,0.257185,0.132111,/home/tonyhe/ravdess_avfusion/external/audio_ser_speechbrain/speechbrain-develop-main/outputs/embeddings_ECAPA/train/03-01-07-01-02-02-09.npy,96
01-07-01-02-02-10,03-01-07-01-02-02-10,03-01-07-01-02-02-10,data/raw/ravdess/audio_speech/Audio_Speech_Actors_01-24/Actor_10/03-01-07-01-02-02-10.wav,10,train,07,6,disgust,01,02,02,6,disgust,0.0938,0.107881,0.105237,0.105083,0.096738,0.125975,0.258038,0.107248,/home/tonyhe/ravdess_avfusion/external/audio_ser_speechbrain/speechbrain-develop-main/outputs/embeddings_ECAPA/train/03-01-07-01-02-02-10.npy,96
01-07-01-02-02-11,03-01-07-01-02-02-11,03-01-07-01-02-02-11,data/raw/ravdess/audio_speech/Audio_Speech_Actors_01-24/Actor_11/03-01-07-01-02-02-11.wav,11,train,07,6,disgust,01,02,02,6,disgust,0.132782,0.09641,0.108561,0.080477,0.111541,0.077338,0.247372,0.145519,/home/tonyhe/ravdess_avfusion/external/audio_ser_speechbrain/speechbrain-develop-main/outputs/embeddings_ECAPA/train/03-01-07-01-02-02-11.npy,96
01-07-01-02-02-12,03-01-07-01-02-02-12,03-01-07-01-02-02-12,data/raw/ravdess/audio_speech/Audio_Speech_Actors_01-24/Actor_12/03-01-07-01-02-02-12.wav,12,train,07,6,disgust,01,02,02,6,disgust,0.102073,0.102218,0.104301,0.123664,0.106492,0.086331,0.25891,0.116011,/home/tonyhe/ravdess_avfusion/external/audio_ser_speechbrain/speechbrain-develop-main/outputs/embeddings_ECAPA/train/03-01-07-01-02-02-12.npy,96
01-07-01-02-02-13,03-01-07-01-02-02-13,03-01-07-01-02-02-13,data/raw/ravdess/audio_speech/Audio_Speech_Actors_01-24/Actor_13/03-01-07-01-02-02-13.wav,13,train,07,6,disgust,01,02,02,6,disgust,0.118389,0.08955,0.08871,0.085378,0.127962,0.097319,0.261126,0.131566,/home/tonyhe/ravdess_avfusion/external/audio_ser_speechbrain/speechbrain-develop-main/outputs/embeddings_ECAPA/train/03-01-07-01-02-02-13.npy,96
01-07-01-02-02-14,03-01-07-01-02-02-14,03-01-07-01-02-02-14,data/raw/ravdess/audio_speech/Audio_Speech_Actors_01-24/Actor_14/03-01-07-01-02-02-14.wav,14,train,07,6,disgust,01,02,02,6,disgust,0.095508,0.114806,0.10018,0.106065,0.118922,0.119285,0.248423,0.096811,/home/tonyhe/ravdess_avfusion/external/audio_ser_speechbrain/speechbrain-develop-main/outputs/embeddings_ECAPA/train/03-01-07-01-02-02-14.npy,96
01-07-01-02-02-15,03-01-07-01-02-02-15,03-01-07-01-02-02-15,data/raw/ravdess/audio_speech/Audio_Speech_Actors_01-24/Actor_15/03-01-07-01-02-02-15.wav,15,train,07,6,disgust,01,02,02,6,disgust,0.102014,0.090399,0.10073,0.129863,0.110583,0.084221,0.254463,0.127726,/home/tonyhe/ravdess_avfusion/external/audio_ser_speechbrain/speechbrain-develop-main/outputs/embeddings_ECAPA/train/03-01-07-01-02-02-15.npy,96
01-07-01-02-02-16,03-01-07-01-02-02-16,03-01-07-01-02-02-16,data/raw/ravdess/audio_speech/Audio_Speech_Actors_01-24/Actor_16/03-01-07-01-02-02-16.wav,16,train,07,6,disgust,01,02,02,6,disgust,0.139838,0.075998,0.124094,0.097053,0.104709,0.114013,0.244795,0.0995,/home/tonyhe/ravdess_avfusion/external/audio_ser_speechbrain/speechbrain-develop-main/outputs/embeddings_ECAPA/train/03-01-07-01-02-02-16.npy,96
01-07-02-01-01-01,03-01-07-02-01-01-01,03-01-07-02-01-01-01,data/raw/ravdess/audio_speech/Audio_Speech_Actors_01-24/Actor_01/03-01-07-02-01-01-01.wav,1,train,07,6,disgust,02,01,01,6,disgust,0.086252,0.080671,0.086777,0.095001,0.142239,0.118117,0.246825,0.144118,/home/tonyhe/ravdess_avfusion/external/audio_ser_speechbrain/speechbrain-develop-main/outputs/embeddings_ECAPA/train/03-01-07-02-01-01-01.npy,96
01-07-02-01-01-02,03-01-07-02-01-01-02,03-01-07-02-01-01-02,data/raw/ravdess/audio_speech/Audio_Speech_Actors_01-24/Actor_02/03-01-07-02-01-01-02.wav,2,train,07,6,disgust,02,01,01,6,disgust,0.080088,0.101639,0.128568,0.099043,0.093246,0.131402,0.253714,0.112299,/home/tonyhe/ravdess_avfusion/external/audio_ser_speechbrain/speechbrain-develop-main/outputs/embeddings_ECAPA/train/03-01-07-02-01-01-02.npy,96
01-07-02-01-01-03,03-01-07-02-01-01-03,03-01-07-02-01-01-03,data/raw/ravdess/audio_speech/Audio_Speech_Actors_01-24/Actor_03/03-01-07-02-01-01-03.wav,3,train,07,6,disgust,02,01,01,6,disgust,0.107899,0.074273,0.10064,0.102567,0.086,0.119209,0.250222,0.159191,/home/tonyhe/ravdess_avfusion/external/audio_ser_speechbrain/speechbrain-develop-main/outputs/embeddings_ECAPA/train/03-01-07-02-01-01-03.npy,96
01-07-02-01-01-04,03-01-07-02-01-01-04,03-01-07-02-01-01-04,data/raw/ravdess/audio_speech/Audio_Speech_Actors_01-24/Actor_04/03-01-07-02-01-01-04.wav,4,train,07,6,disgust,02,01,01,6,disgust,0.091225,0.0721,0.103722,0.122007,0.1406,0.089894,0.234855,0.145598,/home/tonyhe/ravdess_avfusion/external/audio_ser_speechbrain/speechbrain-develop-main/outputs/embeddings_ECAPA/train/03-01-07-02-01-01-04.npy,96
01-07-02-01-01-05,03-01-07-02-01-01-05,03-01-07-02-01-01-05,data/raw/ravdess/audio_speech/Audio_Speech_Actors_01-24/Actor_05/03-01-07-02-01-01-05.wav,5,train,07,6,disgust,02,01,01,6,disgust,0.117792,0.10495,0.095702,0.084652,0.127,0.092561,0.263376,0.113968,/home/tonyhe/ravdess_avfusion/external/audio_ser_speechbrain/speechbrain-develop-main/outputs/embeddings_ECAPA/train/03-01-07-02-01-01-05.npy,96
01-07-02-01-01-06,03-01-07-02-01-01-06,03-01-07-02-01-01-06,data/raw/ravdess/audio_speech/Audio_Speech_Actors_01-24/Actor_06/03-01-07-02-01-01-06.wav,6,train,07,6,disgust,02,01,01,6,disgust,0.089752,0.087938,0.092037,0.098563,0.087106,0.135873,0.254901,0.153829,/home/tonyhe/ravdess_avfusion/external/audio_ser_speechbrain/speechbrain-develop-main/outputs/embeddings_ECAPA/train/03-01-07-02-01-01-06.npy,96
01-07-02-01-01-07,03-01-07-02-01-01-07,03-01-07-02-01-01-07,data/raw/ravdess/audio_speech/Audio_Speech_Actors_01-24/Actor_07/03-01-07-02-01-01-07.wav,7,train,07,6,disgust,02,01,01,6,disgust,0.098725,0.083871,0.098931,0.126196,0.136258,0.088419,0.244207,0.123392,/home/tonyhe/ravdess_avfusion/external/audio_ser_speechbrain/speechbrain-develop-main/outputs/embeddings_ECAPA/train/03-01-07-02-01-01-07.npy,96
01-07-02-01-01-08,03-01-07-02-01-01-08,03-01-07-02-01-01-08,data/raw/ravdess/audio_speech/Audio_Speech_Actors_01-24/Actor_08/03-01-07-02-01-01-08.wav,8,train,07,6,disgust,02,01,01,6,disgust,0.087742,0.105298,0.080689,0.126262,0.11819,0.096411,0.234659,0.150749,/home/tonyhe/ravdess_avfusion/external/audio_ser_speechbrain/speechbrain-develop-main/outputs/embeddings_ECAPA/train/03-01-07-02-01-01-08.npy,96
01-07-02-01-01-09,03-01-07-02-01-01-09,03-01-07-02-01-01-09,data/raw/ravdess/audio_speech/Audio_Speech_Actors_01-24/Actor_09/03-01-07-02-01-01-09.wav,9,train,07,6,disgust,02,01,01,6,disgust,0.106111,0.088978,0.095559,0.086176,0.127989,0.097125,0.259814,0.138249,/home/tonyhe/ravdess_avfusion/external/audio_ser_speechbrain/speechbrain-develop-main/outputs/embeddings_ECAPA/train/03-01-07-02-01-01-09.npy,96
01-07-02-01-01-10,03-01-07-02-01-01-10,03-01-07-02-01-01-10,data/raw/ravdess/audio_speech/Audio_Speech_Actors_01-24/Actor_10/03-01-07-02-01-01-10.wav,10,train,07,6,disgust,02,01,01,6,disgust,0.084667,0.09394,0.124625,0.081832,0.0837,0.120389,0.259868,0.150979,/home/tonyhe/ravdess_avfusion/external/audio_ser_speechbrain/speechbrain-develop-main/outputs/embeddings_ECAPA/train/03-01-07-02-01-01-10.npy,96
01-07-02-01-01-11,03-01-07-02-01-01-11,03-01-07-02-01-01-11,data/raw/ravdess/audio_speech/Audio_Speech_Actors_01-24/Actor_11/03-01-07-02-01-01-11.wav,11,train,07,6,disgust,02,01,01,6,disgust,0.116971,0.094489,0.149688,0.096441,0.11641,0.073861,0.242245,0.109896,/home/tonyhe/ravdess_avfusion/external/audio_ser_speechbrain/speechbrain-develop-main/outputs/embeddings_ECAPA/train/03-01-07-02-01-01-11.npy,96
01-07-02-01-01-12,03-01-07-02-01-01-12,03-01-07-02-01-01-12,data/raw/ravdess/audio_speech/Audio_Speech_Actors_01-24/Actor_12/03-01-07-02-01-01-12.wav,12,train,07,6,disgust,02,01,01,6,disgust,0.085697,0.084773,0.09875,0.104071,0.115394,0.141864,0.25024,0.119211,/home/tonyhe/ravdess_avfusion/external/audio_ser_speechbrain/speechbrain-develop-main/outputs/embeddings_ECAPA/train/03-01-07-02-01-01-12.npy,96
01-07-02-01-01-13,03-01-07-02-01-01-13,03-01-07-02-01-01-13,data/raw/ravdess/audio_speech/Audio_Speech_Actors_01-24/Actor_13/03-01-07-02-01-01-13.wav,13,train,07,6,disgust,02,01,01,6,disgust,0.100883,0.093884,0.090747,0.095674,0.126371,0.097004,0.264044,0.131392,/home/tonyhe/ravdess_avfusion/external/audio_ser_speechbrain/speechbrain-develop-main/outputs/embeddings_ECAPA/train/03-01-07-02-01-01-13.npy,96
01-07-02-01-01-14,03-01-07-02-01-01-14,03-01-07-02-01-01-14,data/raw/ravdess/audio_speech/Audio_Speech_Actors_01-24/Actor_14/03-01-07-02-01-01-14.wav,14,train,07,6,disgust,02,01,01,6,disgust,0.108612,0.104729,0.107011,0.118747,0.135419,0.103434,0.235484,0.086562,/home/tonyhe/ravdess_avfusion/external/audio_ser_speechbrain/speechbrain-develop-main/outputs/embeddings_ECAPA/train/03-01-07-02-01-01-14.npy,96
01-07-02-01-01-15,03-01-07-02-01-01-15,03-01-07-02-01-01-15,data/raw/ravdess/audio_speech/Audio_Speech_Actors_01-24/Actor_15/03-01-07-02-01-01-15.wav,15,train,07,6,disgust,02,01,01,6,disgust,0.13399,0.070359,0.112152,0.113551,0.105921,0.103899,0.250438,0.10969,/home/tonyhe/ravdess_avfusion/external/audio_ser_speechbrain/speechbrain-develop-main/outputs/embeddings_ECAPA/train/03-01-07-02-01-01-15.npy,96
01-07-02-01-01-16,03-01-07-02-01-01-16,03-01-07-02-01-01-16,data/raw/ravdess/audio_speech/Audio_Speech_Actors_01-24/Actor_16/03-01-07-02-01-01-16.wav,16,train,07,6,disgust,02,01,01,6,disgust,0.110142,0.083412,0.100595,0.102485,0.116828,0.091868,0.269429,0.125241,/home/tonyhe/ravdess_avfusion/external/audio_ser_speechbrain/speechbrain-develop-main/outputs/embeddings_ECAPA/train/03-01-07-02-01-01-16.npy,96
01-07-02-01-02-01,03-01-07-02-01-02-01,03-01-07-02-01-02-01,data/raw/ravdess/audio_speech/Audio_Speech_Actors_01-24/Actor_01/03-01-07-02-01-02-01.wav,1,train,07,6,disgust,02,01,02,6,disgust,0.092007,0.089645,0.110471,0.085475,0.124212,0.107962,0.261659,0.128568,/home/tonyhe/ravdess_avfusion/external/audio_ser_speechbrain/speechbrain-develop-main/outputs/embeddings_ECAPA/train/03-01-07-02-01-02-01.npy,96
01-07-02-01-02-02,03-01-07-02-01-02-02,03-01-07-02-01-02-02,data/raw/ravdess/audio_speech/Audio_Speech_Actors_01-24/Actor_02/03-01-07-02-01-02-02.wav,2,train,07,6,disgust,02,01,02,6,disgust,0.081413,0.108704,0.108562,0.094942,0.113422,0.132911,0.253554,0.106493,/home/tonyhe/ravdess_avfusion/external/audio_ser_speechbrain/speechbrain-develop-main/outputs/embeddings_ECAPA/train/03-01-07-02-01-02-02.npy,96
01-07-02-01-02-03,03-01-07-02-01-02-03,03-01-07-02-01-02-03,data/raw/ravdess/audio_speech/Audio_Speech_Actors_01-24/Actor_03/03-01-07-02-01-02-03.wav,3,train,07,6,disgust,02,01,02,6,disgust,0.109722,0.097147,0.086174,0.104537,0.107056,0.13074,0.255744,0.10888,/home/tonyhe/ravdess_avfusion/external/audio_ser_speechbrain/speechbrain-develop-main/outputs/embeddings_ECAPA/train/03-01-07-02-01-02-03.npy,96
01-07-02-01-02-04,03-01-07-02-01-02-04,03-01-07-02-01-02-04,data/raw/ravdess/audio_speech/Audio_Speech_Actors_01-24/Actor_04/03-01-07-02-01-02-04.wav,4,train,07,6,disgust,02,01,02,6,disgust,0.094677,0.081958,0.105532,0.106019,0.126929,0.090359,0.257752,0.136774,/home/tonyhe/ravdess_avfusion/external/audio_ser_speechbrain/speechbrain-develop-main/outputs/embeddings_ECAPA/train/03-01-07-02-01-02-04.npy,96
01-07-02-01-02-05,03-01-07-02-01-02-05,03-01-07-02-01-02-05,data/raw/ravdess/audio_speech/Audio_Speech_Actors_01-24/Actor_05/03-01-07-02-01-02-05.wav,5,train,07,6,disgust,02,01,02,6,disgust,0.115974,0.073225,0.105114,0.125594,0.137247,0.082043,0.239913,0.12089,/home/tonyhe/ravdess_avfusion/external/audio_ser_speechbrain/speechbrain-develop-main/outputs/embeddings_ECAPA/train/03-01-07-02-01-02-05.npy,96
01-07-02-01-02-06,03-01-07-02-01-02-06,03-01-07-02-01-02-06,data/raw/ravdess/audio_speech/Audio_Speech_Actors_01-24/Actor_06/03-01-07-02-01-02-06.wav,6,train,07,6,disgust,02,01,02,6,disgust,0.116946,0.084003,0.100107,0.103789,0.11818,0.082233,0.250875,0.143868,/home/tonyhe/ravdess_avfusion/external/audio_ser_speechbrain/speechbrain-develop-main/outputs/embeddings_ECAPA/train/03-01-07-02-01-02-06.npy,96
01-07-02-01-02-07,03-01-07-02-01-02-07,03-01-07-02-01-02-07,data/raw/ravdess/audio_speech/Audio_Speech_Actors_01-24/Actor_07/03-01-07-02-01-02-07.wav,7,train,07,6,disgust,02,01,02,6,disgust,0.09327,0.085001,0.097459,0.103044,0.129237,0.090147,0.254831,0.147011,/home/tonyhe/ravdess_avfusion/external/audio_ser_speechbrain/speechbrain-develop-main/outputs/embeddings_ECAPA/train/03-01-07-02-01-02-07.npy,96
01-07-02-01-02-08,03-01-07-02-01-02-08,03-01-07-02-01-02-08,data/raw/ravdess/audio_speech/Audio_Speech_Actors_01-24/Actor_08/03-01-07-02-01-02-08.wav,8,train,07,6,disgust,02,01,02,6,disgust,0.128601,0.081907,0.118991,0.125045,0.090055,0.08476,0.253416,0.117225,/home/tonyhe/ravdess_avfusion/external/audio_ser_speechbrain/speechbrain-develop-main/outputs/embeddings_ECAPA/train/03-01-07-02-01-02-08.npy,96
01-07-02-01-02-09,03-01-07-02-01-02-09,03-01-07-02-01-02-09,data/raw/ravdess/audio_speech/Audio_Speech_Actors_01-24/Actor_09/03-01-07-02-01-02-09.wav,9,train,07,6,disgust,02,01,02,6,disgust,0.101605,0.092184,0.104736,0.133382,0.111906,0.08052,0.252872,0.122796,/home/tonyhe/ravdess_avfusion/external/audio_ser_speechbrain/speechbrain-develop-main/outputs/embeddings_ECAPA/train/03-01-07-02-01-02-09.npy,96
01-07-02-01-02-10,03-01-07-02-01-02-10,03-01-07-02-01-02-10,data/raw/ravdess/audio_speech/Audio_Speech_Actors_01-24/Actor_10/03-01-07-02-01-02-10.wav,10,train,07,6,disgust,02,01,02,6,disgust,0.114823,0.103064,0.11895,0.083847,0.138595,0.089457,0.250209,0.101056,/home/tonyhe/ravdess_avfusion/external/audio_ser_speechbrain/speechbrain-develop-main/outputs/embeddings_ECAPA/train/03-01-07-02-01-02-10.npy,96
01-07-02-01-02-11,03-01-07-02-01-02-11,03-01-07-02-01-02-11,data/raw/ravdess/audio_speech/Audio_Speech_Actors_01-24/Actor_11/03-01-07-02-01-02-11.wav,11,train,07,6,disgust,02,01,02,6,disgust,0.109501,0.11763,0.135348,0.10396,0.100562,0.1349,0.222878,0.075221,/home/tonyhe/ravdess_avfusion/external/audio_ser_speechbrain/speechbrain-develop-main/outputs/embeddings_ECAPA/train/03-01-07-02-01-02-11.npy,96
01-07-02-01-02-12,03-01-07-02-01-02-12,03-01-07-02-01-02-12,data/raw/ravdess/audio_speech/Audio_Speech_Actors_01-24/Actor_12/03-01-07-02-01-02-12.wav,12,train,07,6,disgust,02,01,02,6,disgust,0.095871,0.091764,0.115929,0.084781,0.106515,0.10623,0.275843,0.123068,/home/tonyhe/ravdess_avfusion/external/audio_ser_speechbrain/speechbrain-develop-main/outputs/embeddings_ECAPA/train/03-01-07-02-01-02-12.npy,96
01-07-02-01-02-13,03-01-07-02-01-02-13,03-01-07-02-01-02-13,data/raw/ravdess/audio_speech/Audio_Speech_Actors_01-24/Actor_13/03-01-07-02-01-02-13.wav,13,train,07,6,disgust,02,01,02,6,disgust,0.098542,0.071473,0.099225,0.111671,0.104245,0.098923,0.254425,0.161497,/home/tonyhe/ravdess_avfusion/external/audio_ser_speechbrain/speechbrain-develop-main/outputs/embeddings_ECAPA/train/03-01-07-02-01-02-13.npy,96
01-07-02-01-02-14,03-01-07-02-01-02-14,03-01-07-02-01-02-14,data/raw/ravdess/audio_speech/Audio_Speech_Actors_01-24/Actor_14/03-01-07-02-01-02-14.wav,14,train,07,6,disgust,02,01,02,6,disgust,0.093482,0.087428,0.104124,0.095989,0.078315,0.133714,0.245195,0.161754,/home/tonyhe/ravdess_avfusion/external/audio_ser_speechbrain/speechbrain-develop-main/outputs/embeddings_ECAPA/train/03-01-07-02-01-02-14.npy,96
01-07-02-01-02-15,03-01-07-02-01-02-15,03-01-07-02-01-02-15,data/raw/ravdess/audio_speech/Audio_Speech_Actors_01-24/Actor_15/03-01-07-02-01-02-15.wav,15,train,07,6,disgust,02,01,02,6,disgust,0.101377,0.098995,0.098334,0.140663,0.085968,0.097537,0.247537,0.129588,/home/tonyhe/ravdess_avfusion/external/audio_ser_speechbrain/speechbrain-develop-main/outputs/embeddings_ECAPA/train/03-01-07-02-01-02-15.npy,96
01-07-02-01-02-16,03-01-07-02-01-02-16,03-01-07-02-01-02-16,data/raw/ravdess/audio_speech/Audio_Speech_Actors_01-24/Actor_16/03-01-07-02-01-02-16.wav,16,train,07,6,disgust,02,01,02,6,disgust,0.101461,0.112312,0.105694,0.087953,0.109422,0.088835,0.261823,0.132499,/home/tonyhe/ravdess_avfusion/external/audio_ser_speechbrain/speechbrain-develop-main/outputs/embeddings_ECAPA/train/03-01-07-02-01-02-16.npy,96
01-07-02-02-01-01,03-01-07-02-02-01-01,03-01-07-02-02-01-01,data/raw/ravdess/audio_speech/Audio_Speech_Actors_01-24/Actor_01/03-01-07-02-02-01-01.wav,1,train,07,6,disgust,02,02,01,6,disgust,0.112421,0.081809,0.088918,0.096117,0.131585,0.09643,0.258499,0.134221,/home/tonyhe/ravdess_avfusion/external/audio_ser_speechbrain/speechbrain-develop-main/outputs/embeddings_ECAPA/train/03-01-07-02-02-01-01.npy,96
01-07-02-02-01-02,03-01-07-02-02-01-02,03-01-07-02-02-01-02,data/raw/ravdess/audio_speech/Audio_Speech_Actors_01-24/Actor_02/03-01-07-02-02-01-02.wav,2,train,07,6,disgust,02,02,01,6,disgust,0.096978,0.095261,0.134383,0.094789,0.085179,0.129462,0.254999,0.108948,/home/tonyhe/ravdess_avfusion/external/audio_ser_speechbrain/speechbrain-develop-main/outputs/embeddings_ECAPA/train/03-01-07-02-02-01-02.npy,96
01-07-02-02-01-03,03-01-07-02-02-01-03,03-01-07-02-02-01-03,data/raw/ravdess/audio_speech/Audio_Speech_Actors_01-24/Actor_03/03-01-07-02-02-01-03.wav,3,train,07,6,disgust,02,02,01,6,disgust,0.123356,0.086796,0.092041,0.104518,0.141103,0.07439,0.239735,0.138062,/home/tonyhe/ravdess_avfusion/external/audio_ser_speechbrain/speechbrain-develop-main/outputs/embeddings_ECAPA/train/03-01-07-02-02-01-03.npy,96
01-07-02-02-01-04,03-01-07-02-02-01-04,03-01-07-02-02-01-04,data/raw/ravdess/audio_speech/Audio_Speech_Actors_01-24/Actor_04/03-01-07-02-02-01-04.wav,4,train,07,6,disgust,02,02,01,6,disgust,0.112361,0.090825,0.101623,0.111475,0.099489,0.118749,0.258116,0.107362,/home/tonyhe/ravdess_avfusion/external/audio_ser_speechbrain/speechbrain-develop-main/outputs/embeddings_ECAPA/train/03-01-07-02-02-01-04.npy,96
01-07-02-02-01-05,03-01-07-02-02-01-05,03-01-07-02-02-01-05,data/raw/ravdess/audio_speech/Audio_Speech_Actors_01-24/Actor_05/03-01-07-02-02-01-05.wav,5,train,07,6,disgust,02,02,01,6,disgust,0.101325,0.103529,0.100298,0.091786,0.141277,0.107056,0.255037,0.099693,/home/tonyhe/ravdess_avfusion/external/audio_ser_speechbrain/speechbrain-develop-main/outputs/embeddings_ECAPA/train/03-01-07-02-02-01-05.npy,96
01-07-02-02-01-06,03-01-07-02-02-01-06,03-01-07-02-02-01-06,data/raw/ravdess/audio_speech/Audio_Speech_Actors_01-24/Actor_06/03-01-07-02-02-01-06.wav,6,train,07,6,disgust,02,02,01,6,disgust,0.133462,0.103644,0.094154,0.078347,0.113298,0.098884,0.258563,0.119649,/home/tonyhe/ravdess_avfusion/external/audio_ser_speechbrain/speechbrain-develop-main/outputs/embeddings_ECAPA/train/03-01-07-02-02-01-06.npy,96
01-07-02-02-01-07,03-01-07-02-02-01-07,03-01-07-02-02-01-07,data/raw/ravdess/audio_speech/Audio_Speech_Actors_01-24/Actor_07/03-01-07-02-02-01-07.wav,7,train,07,6,disgust,02,02,01,6,disgust,0.107139,0.089983,0.104847,0.14352,0.095788,0.080752,0.238151,0.139821,/home/tonyhe/ravdess_avfusion/external/audio_ser_speechbrain/speechbrain-develop-main/outputs/embeddings_ECAPA/train/03-01-07-02-02-01-07.npy,96
01-07-02-02-01-08,03-01-07-02-02-01-08,03-01-07-02-02-01-08,data/raw/ravdess/audio_speech/Audio_Speech_Actors_01-24/Actor_08/03-01-07-02-02-01-08.wav,8,train,07,6,disgust,02,02,01,6,disgust,0.11314,0.082382,0.092294,0.112989,0.107814,0.095456,0.261502,0.134423,/home/tonyhe/ravdess_avfusion/external/audio_ser_speechbrain/speechbrain-develop-main/outputs/embeddings_ECAPA/train/03-01-07-02-02-01-08.npy,96
01-07-02-02-01-09,03-01-07-02-02-01-09,03-01-07-02-02-01-09,data/raw/ravdess/audio_speech/Audio_Speech_Actors_01-24/Actor_09/03-01-07-02-02-01-09.wav,9,train,07,6,disgust,02,02,01,6,disgust,0.12119,0.078829,0.101234,0.104259,0.132727,0.074945,0.247488,0.139327,/home/tonyhe/ravdess_avfusion/external/audio_ser_speechbrain/speechbrain-develop-main/outputs/embeddings_ECAPA/train/03-01-07-02-02-01-09.npy,96
01-07-02-02-01-10,03-01-07-02-02-01-10,03-01-07-02-02-01-10,data/raw/ravdess/audio_speech/Audio_Speech_Actors_01-24/Actor_10/03-01-07-02-02-01-10.wav,10,train,07,6,disgust,02,02,01,6,disgust,0.088865,0.112861,0.121716,0.095112,0.081684,0.111562,0.257193,0.131006,/home/tonyhe/ravdess_avfusion/external/audio_ser_speechbrain/speechbrain-develop-main/outputs/embeddings_ECAPA/train/03-01-07-02-02-01-10.npy,96
01-07-02-02-01-11,03-01-07-02-02-01-11,03-01-07-02-02-01-11,data/raw/ravdess/audio_speech/Audio_Speech_Actors_01-24/Actor_11/03-01-07-02-02-01-11.wav,11,train,07,6,disgust,02,02,01,6,disgust,0.087693,0.10155,0.132693,0.10076,0.10531,0.121749,0.254918,0.095327,/home/tonyhe/ravdess_avfusion/external/audio_ser_speechbrain/speechbrain-develop-main/outputs/embeddings_ECAPA/train/03-01-07-02-02-01-11.npy,96
01-07-02-02-01-12,03-01-07-02-02-01-12,03-01-07-02-02-01-12,data/raw/ravdess/audio_speech/Audio_Speech_Actors_01-24/Actor_12/03-01-07-02-02-01-12.wav,12,train,07,6,disgust,02,02,01,6,disgust,0.099369,0.102043,0.112209,0.121828,0.108108,0.082305,0.255237,0.1189,/home/tonyhe/ravdess_avfusion/external/audio_ser_speechbrain/speechbrain-develop-main/outputs/embeddings_ECAPA/train/03-01-07-02-02-01-12.npy,96
01-07-02-02-01-13,03-01-07-02-02-01-13,03-01-07-02-02-01-13,data/raw/ravdess/audio_speech/Audio_Speech_Actors_01-24/Actor_13/03-01-07-02-02-01-13.wav,13,train,07,6,disgust,02,02,01,6,disgust,0.105998,0.09308,0.100735,0.088496,0.089652,0.105213,0.272499,0.144327,/home/tonyhe/ravdess_avfusion/external/audio_ser_speechbrain/speechbrain-develop-main/outputs/embeddings_ECAPA/train/03-01-07-02-02-01-13.npy,96
01-07-02-02-01-14,03-01-07-02-02-01-14,03-01-07-02-02-01-14,data/raw/ravdess/audio_speech/Audio_Speech_Actors_01-24/Actor_14/03-01-07-02-02-01-14.wav,14,train,07,6,disgust,02,02,01,6,disgust,0.084833,0.129856,0.091621,0.12085,0.109843,0.111293,0.235809,0.115894,/home/tonyhe/ravdess_avfusion/external/audio_ser_speechbrain/speechbrain-develop-main/outputs/embeddings_ECAPA/train/03-01-07-02-02-01-14.npy,96
01-07-02-02-01-15,03-01-07-02-02-01-15,03-01-07-02-02-01-15,data/raw/ravdess/audio_speech/Audio_Speech_Actors_01-24/Actor_15/03-01-07-02-02-01-15.wav,15,train,07,6,disgust,02,02,01,6,disgust,0.100102,0.108172,0.084574,0.114733,0.101011,0.105968,0.250378,0.135063,/home/tonyhe/ravdess_avfusion/external/audio_ser_speechbrain/speechbrain-develop-main/outputs/embeddings_ECAPA/train/03-01-07-02-02-01-15.npy,96
01-07-02-02-01-16,03-01-07-02-02-01-16,03-01-07-02-02-01-16,data/raw/ravdess/audio_speech/Audio_Speech_Actors_01-24/Actor_16/03-01-07-02-02-01-16.wav,16,train,07,6,disgust,02,02,01,6,disgust,0.106904,0.09083,0.090574,0.112875,0.132213,0.108332,0.251717,0.106554,/home/tonyhe/ravdess_avfusion/external/audio_ser_speechbrain/speechbrain-develop-main/outputs/embeddings_ECAPA/train/03-01-07-02-02-01-16.npy,96
01-07-02-02-02-01,03-01-07-02-02-02-01,03-01-07-02-02-02-01,data/raw/ravdess/audio_speech/Audio_Speech_Actors_01-24/Actor_01/03-01-07-02-02-02-01.wav,1,train,07,6,disgust,02,02,02,6,disgust,0.083474,0.104026,0.123744,0.088552,0.096193,0.100313,0.26223,0.141468,/home/tonyhe/ravdess_avfusion/external/audio_ser_speechbrain/speechbrain-develop-main/outputs/embeddings_ECAPA/train/03-01-07-02-02-02-01.npy,96
01-07-02-02-02-02,03-01-07-02-02-02-02,03-01-07-02-02-02-02,data/raw/ravdess/audio_speech/Audio_Speech_Actors_01-24/Actor_02/03-01-07-02-02-02-02.wav,2,train,07,6,disgust,02,02,02,6,disgust,0.09433,0.088494,0.138764,0.107783,0.099878,0.105325,0.259974,0.105453,/home/tonyhe/ravdess_avfusion/external/audio_ser_speechbrain/speechbrain-develop-main/outputs/embeddings_ECAPA/train/03-01-07-02-02-02-02.npy,96
01-07-02-02-02-03,03-01-07-02-02-02-03,03-01-07-02-02-02-03,data/raw/ravdess/audio_speech/Audio_Speech_Actors_01-24/Actor_03/03-01-07-02-02-02-03.wav,3,train,07,6,disgust,02,02,02,6,disgust,0.094274,0.078225,0.101063,0.099596,0.123761,0.114734,0.263415,0.124932,/home/tonyhe/ravdess_avfusion/external/audio_ser_speechbrain/speechbrain-develop-main/outputs/embeddings_ECAPA/train/03-01-07-02-02-02-03.npy,96
01-07-02-02-02-04,03-01-07-02-02-02-04,03-01-07-02-02-02-04,data/raw/ravdess/audio_speech/Audio_Speech_Actors_01-24/Actor_04/03-01-07-02-02-02-04.wav,4,train,07,6,disgust,02,02,02,6,disgust,0.082773,0.09657,0.127135,0.09765,0.129543,0.103504,0.248604,0.114221,/home/tonyhe/ravdess_avfusion/external/audio_ser_speechbrain/speechbrain-develop-main/outputs/embeddings_ECAPA/train/03-01-07-02-02-02-04.npy,96
01-07-02-02-02-05,03-01-07-02-02-02-05,03-01-07-02-02-02-05,data/raw/ravdess/audio_speech/Audio_Speech_Actors_01-24/Actor_05/03-01-07-02-02-02-05.wav,5,train,07,6,disgust,02,02,02,6,disgust,0.102256,0.125654,0.117381,0.117561,0.11761,0.106819,0.233038,0.079682,/home/tonyhe/ravdess_avfusion/external/audio_ser_speechbrain/speechbrain-develop-main/outputs/embeddings_ECAPA/train/03-01-07-02-02-02-05.npy,96
01-07-02-02-02-06,03-01-07-02-02-02-06,03-01-07-02-02-02-06,data/raw/ravdess/audio_speech/Audio_Speech_Actors_01-24/Actor_06/03-01-07-02-02-02-06.wav,6,train,07,6,disgust,02,02,02,6,disgust,0.122615,0.087367,0.082615,0.136868,0.100334,0.094509,0.249485,0.126208,/home/tonyhe/ravdess_avfusion/external/audio_ser_speechbrain/speechbrain-develop-main/outputs/embeddings_ECAPA/train/03-01-07-02-02-02-06.npy,96
01-07-02-02-02-07,03-01-07-02-02-02-07,03-01-07-02-02-02-07,data/raw/ravdess/audio_speech/Audio_Speech_Actors_01-24/Actor_07/03-01-07-02-02-02-07.wav,7,train,07,6,disgust,02,02,02,6,disgust,0.098333,0.100651,0.075463,0.119373,0.118688,0.102621,0.244651,0.140222,/home/tonyhe/ravdess_avfusion/external/audio_ser_speechbrain/speechbrain-develop-main/outputs/embeddings_ECAPA/train/03-01-07-02-02-02-07.npy,96
01-07-02-02-02-08,03-01-07-02-02-02-08,03-01-07-02-02-02-08,data/raw/ravdess/audio_speech/Audio_Speech_Actors_01-24/Actor_08/03-01-07-02-02-02-08.wav,8,train,07,6,disgust,02,02,02,6,disgust,0.127663,0.08378,0.083618,0.090133,0.105653,0.095311,0.241951,0.171891,/home/tonyhe/ravdess_avfusion/external/audio_ser_speechbrain/speechbrain-develop-main/outputs/embeddings_ECAPA/train/03-01-07-02-02-02-08.npy,96
01-07-02-02-02-09,03-01-07-02-02-02-09,03-01-07-02-02-02-09,data/raw/ravdess/audio_speech/Audio_Speech_Actors_01-24/Actor_09/03-01-07-02-02-02-09.wav,9,train,07,6,disgust,02,02,02,6,disgust,0.147871,0.086777,0.116396,0.113229,0.122457,0.073861,0.234441,0.104968,/home/tonyhe/ravdess_avfusion/external/audio_ser_speechbrain/speechbrain-develop-main/outputs/embeddings_ECAPA/train/03-01-07-02-02-02-09.npy,96
01-07-02-02-02-10,03-01-07-02-02-02-10,03-01-07-02-02-02-10,data/raw/ravdess/audio_speech/Audio_Speech_Actors_01-24/Actor_10/03-01-07-02-02-02-10.wav,10,train,07,6,disgust,02,02,02,6,disgust,0.108826,0.106133,0.118449,0.084949,0.102019,0.094514,0.267734,0.117375,/home/tonyhe/ravdess_avfusion/external/audio_ser_speechbrain/speechbrain-develop-main/outputs/embeddings_ECAPA/train/03-01-07-02-02-02-10.npy,96
01-07-02-02-02-11,03-01-07-02-02-02-11,03-01-07-02-02-02-11,data/raw/ravdess/audio_speech/Audio_Speech_Actors_01-24/Actor_11/03-01-07-02-02-02-11.wav,11,train,07,6,disgust,02,02,02,6,disgust,0.096281,0.092461,0.12419,0.083734,0.131729,0.086028,0.255785,0.129791,/home/tonyhe/ravdess_avfusion/external/audio_ser_speechbrain/speechbrain-develop-main/outputs/embeddings_ECAPA/train/03-01-07-02-02-02-11.npy,96
01-07-02-02-02-12,03-01-07-02-02-02-12,03-01-07-02-02-02-12,data/raw/ravdess/audio_speech/Audio_Speech_Actors_01-24/Actor_12/03-01-07-02-02-02-12.wav,12,train,07,6,disgust,02,02,02,6,disgust,0.085548,0.113944,0.118967,0.108017,0.092691,0.102095,0.255917,0.122823,/home/tonyhe/ravdess_avfusion/external/audio_ser_speechbrain/speechbrain-develop-main/outputs/embeddings_ECAPA/train/03-01-07-02-02-02-12.npy,96
01-07-02-02-02-13,03-01-07-02-02-02-13,03-01-07-02-02-02-13,data/raw/ravdess/audio_speech/Audio_Speech_Actors_01-24/Actor_13/03-01-07-02-02-02-13.wav,13,train,07,6,disgust,02,02,02,6,disgust,0.113779,0.109648,0.131724,0.087654,0.110017,0.072664,0.245776,0.128738,/home/tonyhe/ravdess_avfusion/external/audio_ser_speechbrain/speechbrain-develop-main/outputs/embeddings_ECAPA/train/03-01-07-02-02-02-13.npy,96
01-07-02-02-02-14,03-01-07-02-02-02-14,03-01-07-02-02-02-14,data/raw/ravdess/audio_speech/Audio_Speech_Actors_01-24/Actor_14/03-01-07-02-02-02-14.wav,14,train,07,6,disgust,02,02,02,6,disgust,0.097244,0.082348,0.112651,0.115753,0.094097,0.099322,0.26032,0.138264,/home/tonyhe/ravdess_avfusion/external/audio_ser_speechbrain/speechbrain-develop-main/outputs/embeddings_ECAPA/train/03-01-07-02-02-02-14.npy,96
01-07-02-02-02-15,03-01-07-02-02-02-15,03-01-07-02-02-02-15,data/raw/ravdess/audio_speech/Audio_Speech_Actors_01-24/Actor_15/03-01-07-02-02-02-15.wav,15,train,07,6,disgust,02,02,02,6,disgust,0.104379,0.079035,0.092263,0.136764,0.116266,0.109654,0.248789,0.112851,/home/tonyhe/ravdess_avfusion/external/audio_ser_speechbrain/speechbrain-develop-main/outputs/embeddings_ECAPA/train/03-01-07-02-02-02-15.npy,96
01-07-02-02-02-16,03-01-07-02-02-02-16,03-01-07-02-02-02-16,data/raw/ravdess/audio_speech/Audio_Speech_Actors_01-24/Actor_16/03-01-07-02-02-02-16.wav,16,train,07,6,disgust,02,02,02,6,disgust,0.105785,0.089979,0.106054,0.104323,0.125188,0.083129,0.264266,0.121276,/home/tonyhe/ravdess_avfusion/external/audio_ser_speechbrain/speechbrain-develop-main/outputs/embeddings_ECAPA/train/03-01-07-02-02-02-16.npy,96
01-08-01-01-01-01,03-01-08-01-01-01-01,03-01-08-01-01-01-01,data/raw/ravdess/audio_speech/Audio_Speech_Actors_01-24/Actor_01/03-01-08-01-01-01-01.wav,1,train,08,7,surprise,01,01,01,7,surprise,0.131803,0.109851,0.128184,0.100393,0.119014,0.085318,0.094006,0.231431,/home/tonyhe/ravdess_avfusion/external/audio_ser_speechbrain/speechbrain-develop-main/outputs/embeddings_ECAPA/train/03-01-08-01-01-01-01.npy,96
01-08-01-01-01-02,03-01-08-01-01-01-02,03-01-08-01-01-01-02,data/raw/ravdess/audio_speech/Audio_Speech_Actors_01-24/Actor_02/03-01-08-01-01-01-02.wav,2,train,08,7,surprise,01,01,01,7,surprise,0.108684,0.083978,0.114096,0.107406,0.10812,0.091076,0.119319,0.267321,/home/tonyhe/ravdess_avfusion/external/audio_ser_speechbrain/speechbrain-develop-main/outputs/embeddings_ECAPA/train/03-01-08-01-01-01-02.npy,96
01-08-01-01-01-03,03-01-08-01-01-01-03,03-01-08-01-01-01-03,data/raw/ravdess/audio_speech/Audio_Speech_Actors_01-24/Actor_03/03-01-08-01-01-01-03.wav,3,train,08,7,surprise,01,01,01,7,surprise,0.115348,0.081185,0.143888,0.099069,0.081058,0.123295,0.114348,0.24181,/home/tonyhe/ravdess_avfusion/external/audio_ser_speechbrain/speechbrain-develop-main/outputs/embeddings_ECAPA/train/03-01-08-01-01-01-03.npy,96
01-08-01-01-01-04,03-01-08-01-01-01-04,03-01-08-01-01-01-04,data/raw/ravdess/audio_speech/Audio_Speech_Actors_01-24/Actor_04/03-01-08-01-01-01-04.wav,4,train,08,7,surprise,01,01,01,7,surprise,0.118528,0.07675,0.12595,0.105611,0.098461,0.101288,0.114746,0.258666,/home/tonyhe/ravdess_avfusion/external/audio_ser_speechbrain/speechbrain-develop-main/outputs/embeddings_ECAPA/train/03-01-08-01-01-01-04.npy,96
01-08-01-01-01-05,03-01-08-01-01-01-05,03-01-08-01-01-01-05,data/raw/ravdess/audio_speech/Audio_Speech_Actors_01-24/Actor_05/03-01-08-01-01-01-05.wav,5,train,08,7,surprise,01,01,01,7,surprise,0.115905,0.079858,0.126624,0.087193,0.107889,0.104062,0.125345,0.253125,/home/tonyhe/ravdess_avfusion/external/audio_ser_speechbrain/speechbrain-develop-main/outputs/embeddings_ECAPA/train/03-01-08-01-01-01-05.npy,96
01-08-01-01-01-06,03-01-08-01-01-01-06,03-01-08-01-01-01-06,data/raw/ravdess/audio_speech/Audio_Speech_Actors_01-24/Actor_06/03-01-08-01-01-01-06.wav,6,train,08,7,surprise,01,01,01,7,surprise,0.122782,0.107687,0.108394,0.074374,0.097899,0.102684,0.137033,0.249147,/home/tonyhe/ravdess_avfusion/external/audio_ser_speechbrain/speechbrain-develop-main/outputs/embeddings_ECAPA/train/03-01-08-01-01-01-06.npy,96
01-08-01-01-01-07,03-01-08-01-01-01-07,03-01-08-01-01-01-07,data/raw/ravdess/audio_speech/Audio_Speech_Actors_01-24/Actor_07/03-01-08-01-01-01-07.wav,7,train,08,7,surprise,01,01,01,7,surprise,0.105577,0.089938,0.106102,0.089998,0.100435,0.102881,0.136432,0.268637,/home/tonyhe/ravdess_avfusion/external/audio_ser_speechbrain/speechbrain-develop-main/outputs/embeddings_ECAPA/train/03-01-08-01-01-01-07.npy,96
01-08-01-01-01-08,03-01-08-01-01-01-08,03-01-08-01-01-01-08,data/raw/ravdess/audio_speech/Audio_Speech_Actors_01-24/Actor_08/03-01-08-01-01-01-08.wav,8,train,08,7,surprise,01,01,01,7,surprise,0.093159,0.087544,0.101623,0.104758,0.084435,0.115175,0.137967,0.275337,/home/tonyhe/ravdess_avfusion/external/audio_ser_speechbrain/speechbrain-develop-main/outputs/embeddings_ECAPA/train/03-01-08-01-01-01-08.npy,96
01-08-01-01-01-09,03-01-08-01-01-01-09,03-01-08-01-01-01-09,data/raw/ravdess/audio_speech/Audio_Speech_Actors_01-24/Actor_09/03-01-08-01-01-01-09.wav,9,train,08,7,surprise,01,01,01,7,surprise,0.145274,0.122194,0.106319,0.085036,0.086254,0.110023,0.116448,0.22845,/home/tonyhe/ravdess_avfusion/external/audio_ser_speechbrain/speechbrain-develop-main/outputs/embeddings_ECAPA/train/03-01-08-01-01-01-09.npy,96
01-08-01-01-01-10,03-01-08-01-01-01-10,03-01-08-01-01-01-10,data/raw/ravdess/audio_speech/Audio_Speech_Actors_01-24/Actor_10/03-01-08-01-01-01-10.wav,10,train,08,7,surprise,01,01,01,7,surprise,0.125853,0.085647,0.111935,0.106249,0.094001,0.103119,0.113291,0.259905,/home/tonyhe/ravdess_avfusion/external/audio_ser_speechbrain/speechbrain-develop-main/outputs/embeddings_ECAPA/train/03-01-08-01-01-01-10.npy,96
01-08-01-01-01-11,03-01-08-01-01-01-11,03-01-08-01-01-01-11,data/raw/ravdess/audio_speech/Audio_Speech_Actors_01-24/Actor_11/03-01-08-01-01-01-11.wav,11,train,08,7,surprise,01,01,01,7,surprise,0.112559,0.070796,0.13365,0.101167,0.085455,0.115679,0.129682,0.251012,/home/tonyhe/ravdess_avfusion/external/audio_ser_speechbrain/speechbrain-develop-main/outputs/embeddings_ECAPA/train/03-01-08-01-01-01-11.npy,96
01-08-01-01-01-12,03-01-08-01-01-01-12,03-01-08-01-01-01-12,data/raw/ravdess/audio_speech/Audio_Speech_Actors_01-24/Actor_12/03-01-08-01-01-01-12.wav,12,train,08,7,surprise,01,01,01,7,surprise,0.117526,0.080061,0.119717,0.11725,0.095691,0.090647,0.121913,0.257195,/home/tonyhe/ravdess_avfusion/external/audio_ser_speechbrain/speechbrain-develop-main/outputs/embeddings_ECAPA/train/03-01-08-01-01-01-12.npy,96
01-08-01-01-01-13,03-01-08-01-01-01-13,03-01-08-01-01-01-13,data/raw/ravdess/audio_speech/Audio_Speech_Actors_01-24/Actor_13/03-01-08-01-01-01-13.wav,13,train,08,7,surprise,01,01,01,7,surprise,0.112539,0.073095,0.140564,0.096908,0.106797,0.088482,0.139429,0.242185,/home/tonyhe/ravdess_avfusion/external/audio_ser_speechbrain/speechbrain-develop-main/outputs/embeddings_ECAPA/train/03-01-08-01-01-01-13.npy,96
01-08-01-01-01-14,03-01-08-01-01-01-14,03-01-08-01-01-01-14,data/raw/ravdess/audio_speech/Audio_Speech_Actors_01-24/Actor_14/03-01-08-01-01-01-14.wav,14,train,08,7,surprise,01,01,01,7,surprise,0.128992,0.098525,0.120807,0.09248,0.080869,0.097124,0.130294,0.25091,/home/tonyhe/ravdess_avfusion/external/audio_ser_speechbrain/speechbrain-develop-main/outputs/embeddings_ECAPA/train/03-01-08-01-01-01-14.npy,96
01-08-01-01-01-15,03-01-08-01-01-01-15,03-01-08-01-01-01-15,data/raw/ravdess/audio_speech/Audio_Speech_Actors_01-24/Actor_15/03-01-08-01-01-01-15.wav,15,train,08,7,surprise,01,01,01,7,surprise,0.106622,0.103063,0.107977,0.122246,0.07999,0.097695,0.145457,0.236951,/home/tonyhe/ravdess_avfusion/external/audio_ser_speechbrain/speechbrain-develop-main/outputs/embeddings_ECAPA/train/03-01-08-01-01-01-15.npy,96
01-08-01-01-01-16,03-01-08-01-01-01-16,03-01-08-01-01-01-16,data/raw/ravdess/audio_speech/Audio_Speech_Actors_01-24/Actor_16/03-01-08-01-01-01-16.wav,16,train,08,7,surprise,01,01,01,7,surprise,0.128456,0.082635,0.153223,0.096195,0.081489,0.105662,0.121573,0.230765,/home/tonyhe/ravdess_avfusion/external/audio_ser_speechbrain/speechbrain-develop-main/outputs/embeddings_ECAPA/train/03-01-08-01-01-01-16.npy,96
01-08-01-01-02-01,03-01-08-01-01-02-01,03-01-08-01-01-02-01,data/raw/ravdess/audio_speech/Audio_Speech_Actors_01-24/Actor_01/03-01-08-01-01-02-01.wav,1,train,08,7,surprise,01,01,02,7,surprise,0.120913,0.09345,0.151162,0.103925,0.099982,0.088247,0.105506,0.236815,/home/tonyhe/ravdess_avfusion/external/audio_ser_speechbrain/speechbrain-develop-main/outputs/embeddings_ECAPA/train/03-01-08-01-01-02-01.npy,96
01-08-01-01-02-02,03-01-08-01-01-02-02,03-01-08-01-01-02-02,data/raw/ravdess/audio_speech/Audio_Speech_Actors_01-24/Actor_02/03-01-08-01-01-02-02.wav,2,train,08,7,surprise,01,01,02,7,surprise,0.115098,0.089667,0.122529,0.094327,0.097155,0.088506,0.128628,0.264089,/home/tonyhe/ravdess_avfusion/external/audio_ser_speechbrain/speechbrain-develop-main/outputs/embeddings_ECAPA/train/03-01-08-01-01-02-02.npy,96
01-08-01-01-02-03,03-01-08-01-01-02-03,03-01-08-01-01-02-03,data/raw/ravdess/audio_speech/Audio_Speech_Actors_01-24/Actor_03/03-01-08-01-01-02-03.wav,3,train,08,7,surprise,01,01,02,7,surprise,0.111856,0.087375,0.102785,0.079247,0.093637,0.129849,0.14541,0.249842,/home/tonyhe/ravdess_avfusion/external/audio_ser_speechbrain/speechbrain-develop-main/outputs/embeddings_ECAPA/train/03-01-08-01-01-02-03.npy,96
01-08-01-01-02-04,03-01-08-01-01-02-04,03-01-08-01-01-02-04,data/raw/ravdess/audio_speech/Audio_Speech_Actors_01-24/Actor_04/03-01-08-01-01-02-04.wav,4,train,08,7,surprise,01,01,02,7,surprise,0.118267,0.088302,0.135222,0.113028,0.09655,0.084659,0.110808,0.253163,/home/tonyhe/ravdess_avfusion/external/audio_ser_speechbrain/speechbrain-develop-main/outputs/embeddings_ECAPA/train/03-01-08-01-01-02-04.npy,96
01-08-01-01-02-05,03-01-08-01-01-02-05,03-01-08-01-01-02-05,data/raw/ravdess/audio_speech/Audio_Speech_Actors_01-24/Actor_05/03-01-08-01-01-02-05.wav,5,train,08,7,surprise,01,01,02,7,surprise,0.133159,0.094047,0.118492,0.098152,0.116972,0.08542,0.107206,0.246552,/home/tonyhe/ravdess_avfusion/external/audio_ser_speechbrain/speechbrain-develop-main/outputs/embeddings_ECAPA/train/03-01-08-01-01-02-05.npy,96
01-08-01-01-02-06,03-01-08-01-01-02-06,03-01-08-01-01-02-06,data/raw/ravdess/audio_speech/Audio_Speech_Actors_01-24/Actor_06/03-01-08-01-01-02-06.wav,6,train,08,7,surprise,01,01,02,7,surprise,0.1243,0.09462,0.114283,0.091659,0.100923,0.098004,0.117609,0.258602,/home/tonyhe/ravdess_avfusion/external/audio_ser_speechbrain/speechbrain-develop-main/outputs/embeddings_ECAPA/train/03-01-08-01-01-02-06.npy,96
01-08-01-01-02-07,03-01-08-01-01-02-07,03-01-08-01-01-02-07,data/raw/ravdess/audio_speech/Audio_Speech_Actors_01-24/Actor_07/03-01-08-01-01-02-07.wav,7,train,08,7,surprise,01,01,02,7,surprise,0.104029,0.090729,0.126335,0.083537,0.114273,0.093684,0.128096,0.259318,/home/tonyhe/ravdess_avfusion/external/audio_ser_speechbrain/speechbrain-develop-main/outputs/embeddings_ECAPA/train/03-01-08-01-01-02-07.npy,96
01-08-01-01-02-08,03-01-08-01-01-02-08,03-01-08-01-01-02-08,data/raw/ravdess/audio_speech/Audio_Speech_Actors_01-24/Actor_08/03-01-08-01-01-02-08.wav,8,train,08,7,surprise,01,01,02,7,surprise,0.110111,0.079721,0.103953,0.10277,0.09757,0.097743,0.136062,0.272071,/home/tonyhe/ravdess_avfusion/external/audio_ser_speechbrain/speechbrain-develop-main/outputs/embeddings_ECAPA/train/03-01-08-01-01-02-08.npy,96
01-08-01-01-02-09,03-01-08-01-01-02-09,03-01-08-01-01-02-09,data/raw/ravdess/audio_speech/Audio_Speech_Actors_01-24/Actor_09/03-01-08-01-01-02-09.wav,9,train,08,7,surprise,01,01,02,7,surprise,0.151578,0.133251,0.127928,0.085175,0.104576,0.083849,0.101466,0.212178,/home/tonyhe/ravdess_avfusion/external/audio_ser_speechbrain/speechbrain-develop-main/outputs/embeddings_ECAPA/train/03-01-08-01-01-02-09.npy,96
01-08-01-01-02-10,03-01-08-01-01-02-10,03-01-08-01-01-02-10,data/raw/ravdess/audio_speech/Audio_Speech_Actors_01-24/Actor_10/03-01-08-01-01-02-10.wav,10,train,08,7,surprise,01,01,02,7,surprise,0.123345,0.085684,0.111292,0.085443,0.100857,0.103192,0.132192,0.257995,/home/tonyhe/ravdess_avfusion/external/audio_ser_speechbrain/speechbrain-develop-main/outputs/embeddings_ECAPA/train/03-01-08-01-01-02-10.npy,96
01-08-01-01-02-11,03-01-08-01-01-02-11,03-01-08-01-01-02-11,data/raw/ravdess/audio_speech/Audio_Speech_Actors_01-24/Actor_11/03-01-08-01-01-02-11.wav,11,train,08,7,surprise,01,01,02,7,surprise,0.098075,0.0822,0.16269,0.096291,0.086353,0.100418,0.130123,0.24385,/home/tonyhe/ravdess_avfusion/external/audio_ser_speechbrain/speechbrain-develop-main/outputs/embeddings_ECAPA/train/03-01-08-01-01-02-11.npy,96
01-08-01-01-02-12,03-01-08-01-01-02-12,03-01-08-01-01-02-12,data/raw/ravdess/audio_speech/Audio_Speech_Actors_01-24/Actor_12/03-01-08-01-01-02-12.wav,12,train,08,7,surprise,01,01,02,7,surprise,0.108766,0.102048,0.09464,0.110057,0.109377,0.080066,0.134021,0.261026,/home/tonyhe/ravdess_avfusion/external/audio_ser_speechbrain/speechbrain-develop-main/outputs/embeddings_ECAPA/train/03-01-08-01-01-02-12.npy,96
01-08-01-01-02-13,03-01-08-01-01-02-13,03-01-08-01-01-02-13,data/raw/ravdess/audio_speech/Audio_Speech_Actors_01-24/Actor_13/03-01-08-01-01-02-13.wav,13,train,08,7,surprise,01,01,02,7,surprise,0.124995,0.097358,0.129989,0.075217,0.108456,0.109955,0.11732,0.236711,/home/tonyhe/ravdess_avfusion/external/audio_ser_speechbrain/speechbrain-develop-main/outputs/embeddings_ECAPA/train/03-01-08-01-01-02-13.npy,96
01-08-01-01-02-14,03-01-08-01-01-02-14,03-01-08-01-01-02-14,data/raw/ravdess/audio_speech/Audio_Speech_Actors_01-24/Actor_14/03-01-08-01-01-02-14.wav,14,train,08,7,surprise,01,01,02,7,surprise,0.133339,0.087925,0.110277,0.103494,0.087499,0.097867,0.122935,0.256665,/home/tonyhe/ravdess_avfusion/external/audio_ser_speechbrain/speechbrain-develop-main/outputs/embeddings_ECAPA/train/03-01-08-01-01-02-14.npy,96
01-08-01-01-02-15,03-01-08-01-01-02-15,03-01-08-01-01-02-15,data/raw/ravdess/audio_speech/Audio_Speech_Actors_01-24/Actor_15/03-01-08-01-01-02-15.wav,15,train,08,7,surprise,01,01,02,7,surprise,0.133488,0.089125,0.125991,0.099837,0.101154,0.08442,0.120091,0.245894,/home/tonyhe/ravdess_avfusion/external/audio_ser_speechbrain/speechbrain-develop-main/outputs/embeddings_ECAPA/train/03-01-08-01-01-02-15.npy,96
01-08-01-01-02-16,03-01-08-01-01-02-16,03-01-08-01-01-02-16,data/raw/ravdess/audio_speech/Audio_Speech_Actors_01-24/Actor_16/03-01-08-01-01-02-16.wav,16,train,08,7,surprise,01,01,02,7,surprise,0.131933,0.079181,0.13236,0.109043,0.106792,0.081868,0.118272,0.240551,/home/tonyhe/ravdess_avfusion/external/audio_ser_speechbrain/speechbrain-develop-main/outputs/embeddings_ECAPA/train/03-01-08-01-01-02-16.npy,96
01-08-01-02-01-01,03-01-08-01-02-01-01,03-01-08-01-02-01-01,data/raw/ravdess/audio_speech/Audio_Speech_Actors_01-24/Actor_01/03-01-08-01-02-01-01.wav,1,train,08,7,surprise,01,02,01,7,surprise,0.104885,0.105477,0.148342,0.087162,0.107791,0.090712,0.117909,0.237722,/home/tonyhe/ravdess_avfusion/external/audio_ser_speechbrain/speechbrain-develop-main/outputs/embeddings_ECAPA/train/03-01-08-01-02-01-01.npy,96
01-08-01-02-01-02,03-01-08-01-02-01-02,03-01-08-01-02-01-02,data/raw/ravdess/audio_speech/Audio_Speech_Actors_01-24/Actor_02/03-01-08-01-02-01-02.wav,2,train,08,7,surprise,01,02,01,7,surprise,0.118645,0.090464,0.103425,0.108636,0.099879,0.087396,0.123179,0.268375,/home/tonyhe/ravdess_avfusion/external/audio_ser_speechbrain/speechbrain-develop-main/outputs/embeddings_ECAPA/train/03-01-08-01-02-01-02.npy,96
01-08-01-02-01-03,03-01-08-01-02-01-03,03-01-08-01-02-01-03,data/raw/ravdess/audio_speech/Audio_Speech_Actors_01-24/Actor_03/03-01-08-01-02-01-03.wav,3,train,08,7,surprise,01,02,01,7,surprise,0.120872,0.068624,0.113087,0.100808,0.08866,0.104993,0.159658,0.243298,/home/tonyhe/ravdess_avfusion/external/audio_ser_speechbrain/speechbrain-develop-main/outputs/embeddings_ECAPA/train/03-01-08-01-02-01-03.npy,96
01-08-01-02-01-04,03-01-08-01-02-01-04,03-01-08-01-02-01-04,data/raw/ravdess/audio_speech/Audio_Speech_Actors_01-24/Actor_04/03-01-08-01-02-01-04.wav,4,train,08,7,surprise,01,02,01,7,surprise,0.109181,0.099103,0.108555,0.112888,0.108135,0.078692,0.131728,0.251717,/home/tonyhe/ravdess_avfusion/external/audio_ser_speechbrain/speechbrain-develop-main/outputs/embeddings_ECAPA/train/03-01-08-01-02-01-04.npy,96
01-08-01-02-01-05,03-01-08-01-02-01-05,03-01-08-01-02-01-05,data/raw/ravdess/audio_speech/Audio_Speech_Actors_01-24/Actor_05/03-01-08-01-02-01-05.wav,5,train,08,7,surprise,01,02,01,7,surprise,0.146783,0.083893,0.124926,0.11045,0.094541,0.119653,0.093888,0.225866,/home/tonyhe/ravdess_avfusion/external/audio_ser_speechbrain/speechbrain-develop-main/outputs/embeddings_ECAPA/train/03-01-08-01-02-01-05.npy,96
01-08-01-02-01-06,03-01-08-01-02-01-06,03-01-08-01-02-01-06,data/raw/ravdess/audio_speech/Audio_Speech_Actors_01-24/Actor_06/03-01-08-01-02-01-06.wav,6,train,08,7,surprise,01,02,01,7,surprise,0.121017,0.093877,0.116828,0.114452,0.082208,0.098853,0.11641,0.256355,/home/tonyhe/ravdess_avfusion/external/audio_ser_speechbrain/speechbrain-develop-main/outputs/embeddings_ECAPA/train/03-01-08-01-02-01-06.npy,96
01-08-01-02-01-07,03-01-08-01-02-01-07,03-01-08-01-02-01-07,data/raw/ravdess/audio_speech/Audio_Speech_Actors_01-24/Actor_07/03-01-08-01-02-01-07.wav,7,train,08,7,surprise,01,02,01,7,surprise,0.110036,0.102474,0.091684,0.090898,0.100853,0.109205,0.127492,0.267359,/home/tonyhe/ravdess_avfusion/external/audio_ser_speechbrain/speechbrain-develop-main/outputs/embeddings_ECAPA/train/03-01-08-01-02-01-07.npy,96
01-08-01-02-01-08,03-01-08-01-02-01-08,03-01-08-01-02-01-08,data/raw/ravdess/audio_speech/Audio_Speech_Actors_01-24/Actor_08/03-01-08-01-02-01-08.wav,8,train,08,7,surprise,01,02,01,7,surprise,0.103873,0.101708,0.109605,0.095654,0.080267,0.119321,0.121943,0.26763,/home/tonyhe/ravdess_avfusion/external/audio_ser_speechbrain/speechbrain-develop-main/outputs/embeddings_ECAPA/train/03-01-08-01-02-01-08.npy,96
01-08-01-02-01-09,03-01-08-01-02-01-09,03-01-08-01-02-01-09,data/raw/ravdess/audio_speech/Audio_Speech_Actors_01-24/Actor_09/03-01-08-01-02-01-09.wav,9,train,08,7,surprise,01,02,01,7,surprise,0.146699,0.090719,0.113056,0.093211,0.096024,0.080806,0.142888,0.236597,/home/tonyhe/ravdess_avfusion/external/audio_ser_speechbrain/speechbrain-develop-main/outputs/embeddings_ECAPA/train/03-01-08-01-02-01-09.npy,96
01-08-01-02-01-10,03-01-08-01-02-01-10,03-01-08-01-02-01-10,data/raw/ravdess/audio_speech/Audio_Speech_Actors_01-24/Actor_10/03-01-08-01-02-01-10.wav,10,train,08,7,surprise,01,02,01,7,surprise,0.100071,0.08196,0.106953,0.115066,0.097121,0.093499,0.131416,0.273913,/home/tonyhe/ravdess_avfusion/external/audio_ser_speechbrain/speechbrain-develop-main/outputs/embeddings_ECAPA/train/03-01-08-01-02-01-10.npy,96
01-08-01-02-01-11,03-01-08-01-02-01-11,03-01-08-01-02-01-11,data/raw/ravdess/audio_speech/Audio_Speech_Actors_01-24/Actor_11/03-01-08-01-02-01-11.wav,11,train,08,7,surprise,01,02,01,7,surprise,0.10524,0.077346,0.130908,0.106145,0.103793,0.094559,0.119664,0.262345,/home/tonyhe/ravdess_avfusion/external/audio_ser_speechbrain/speechbrain-develop-main/outputs/embeddings_ECAPA/train/03-01-08-01-02-01-11.npy,96
01-08-01-02-01-12,03-01-08-01-02-01-12,03-01-08-01-02-01-12,data/raw/ravdess/audio_speech/Audio_Speech_Actors_01-24/Actor_12/03-01-08-01-02-01-12.wav,12,train,08,7,surprise,01,02,01,7,surprise,0.129864,0.086284,0.118986,0.100966,0.095808,0.088467,0.123981,0.255642,/home/tonyhe/ravdess_avfusion/external/audio_ser_speechbrain/speechbrain-develop-main/outputs/embeddings_ECAPA/train/03-01-08-01-02-01-12.npy,96
01-08-01-02-01-13,03-01-08-01-02-01-13,03-01-08-01-02-01-13,data/raw/ravdess/audio_speech/Audio_Speech_Actors_01-24/Actor_13/03-01-08-01-02-01-13.wav,13,train,08,7,surprise,01,02,01,7,surprise,0.11889,0.099212,0.107117,0.096853,0.095082,0.09297,0.124461,0.265414,/home/tonyhe/ravdess_avfusion/external/audio_ser_speechbrain/speechbrain-develop-main/outputs/embeddings_ECAPA/train/03-01-08-01-02-01-13.npy,96
01-08-01-02-01-14,03-01-08-01-02-01-14,03-01-08-01-02-01-14,data/raw/ravdess/audio_speech/Audio_Speech_Actors_01-24/Actor_14/03-01-08-01-02-01-14.wav,14,train,08,7,surprise,01,02,01,7,surprise,0.124312,0.103234,0.117639,0.102108,0.07911,0.108821,0.112261,0.252515,/home/tonyhe/ravdess_avfusion/external/audio_ser_speechbrain/speechbrain-develop-main/outputs/embeddings_ECAPA/train/03-01-08-01-02-01-14.npy,96
01-08-01-02-01-15,03-01-08-01-02-01-15,03-01-08-01-02-01-15,data/raw/ravdess/audio_speech/Audio_Speech_Actors_01-24/Actor_15/03-01-08-01-02-01-15.wav,15,train,08,7,surprise,01,02,01,7,surprise,0.108849,0.117104,0.122455,0.130537,0.081761,0.078172,0.136404,0.224718,/home/tonyhe/ravdess_avfusion/external/audio_ser_speechbrain/speechbrain-develop-main/outputs/embeddings_ECAPA/train/03-01-08-01-02-01-15.npy,96
01-08-01-02-01-16,03-01-08-01-02-01-16,03-01-08-01-02-01-16,data/raw/ravdess/audio_speech/Audio_Speech_Actors_01-24/Actor_16/03-01-08-01-02-01-16.wav,16,train,08,7,surprise,01,02,01,7,surprise,0.1111,0.070911,0.135261,0.114577,0.090697,0.108133,0.119821,0.2495,/home/tonyhe/ravdess_avfusion/external/audio_ser_speechbrain/speechbrain-develop-main/outputs/embeddings_ECAPA/train/03-01-08-01-02-01-16.npy,96
01-08-01-02-02-01,03-01-08-01-02-02-01,03-01-08-01-02-02-01,data/raw/ravdess/audio_speech/Audio_Speech_Actors_01-24/Actor_01/03-01-08-01-02-02-01.wav,1,train,08,7,surprise,01,02,02,7,surprise,0.134576,0.095413,0.120421,0.090094,0.112103,0.082419,0.126991,0.237983,/home/tonyhe/ravdess_avfusion/external/audio_ser_speechbrain/speechbrain-develop-main/outputs/embeddings_ECAPA/train/03-01-08-01-02-02-01.npy,96
01-08-01-02-02-02,03-01-08-01-02-02-02,03-01-08-01-02-02-02,data/raw/ravdess/audio_speech/Audio_Speech_Actors_01-24/Actor_02/03-01-08-01-02-02-02.wav,2,train,08,7,surprise,01,02,02,7,surprise,0.128125,0.092304,0.111021,0.105472,0.088879,0.100844,0.112328,0.261026,/home/tonyhe/ravdess_avfusion/external/audio_ser_speechbrain/speechbrain-develop-main/outputs/embeddings_ECAPA/train/03-01-08-01-02-02-02.npy,96
01-08-01-02-02-03,03-01-08-01-02-02-03,03-01-08-01-02-02-03,data/raw/ravdess/audio_speech/Audio_Speech_Actors_01-24/Actor_03/03-01-08-01-02-02-03.wav,3,train,08,7,surprise,01,02,02,7,surprise,0.115137,0.07825,0.144403,0.122744,0.092098,0.075472,0.137845,0.234051,/home/tonyhe/ravdess_avfusion/external/audio_ser_speechbrain/speechbrain-develop-main/outputs/embeddings_ECAPA/train/03-01-08-01-02-02-03.npy,96
01-08-01-02-02-04,03-01-08-01-02-02-04,03-01-08-01-02-02-04,data/raw/ravdess/audio_speech/Audio_Speech_Actors_01-24/Actor_04/03-01-08-01-02-02-04.wav,4,train,08,7,surprise,01,02,02,7,surprise,0.109107,0.090027,0.111615,0.110149,0.098231,0.103769,0.111856,0.265247,/home/tonyhe/ravdess_avfusion/external/audio_ser_speechbrain/speechbrain-develop-main/outputs/embeddings_ECAPA/train/03-01-08-01-02-02-04.npy,96
01-08-01-02-02-05,03-01-08-01-02-02-05,03-01-08-01-02-02-05,data/raw/ravdess/audio_speech/Audio_Speech_Actors_01-24/Actor_05/03-01-08-01-02-02-05.wav,5,train,08,7,surprise,01,02,02,7,surprise,0.123149,0.078684,0.139306,0.099601,0.097345,0.102545,0.114155,0.245215,/home/tonyhe/ravdess_avfusion/external/audio_ser_speechbrain/speechbrain-develop-main/outputs/embeddings_ECAPA/train/03-01-08-01-02-02-05.npy,96
01-08-01-02-02-06,03-01-08-01-02-02-06,03-01-08-01-02-02-06,data/raw/ravdess/audio_speech/Audio_Speech_Actors_01-24/Actor_06/03-01-08-01-02-02-06.wav,6,train,08,7,surprise,01,02,02,7,surprise,0.122157,0.082594,0.10145,0.099011,0.091431,0.145315,0.113964,0.244079,/home/tonyhe/ravdess_avfusion/external/audio_ser_speechbrain/speechbrain-develop-main/outputs/embeddings_ECAPA/train/03-01-08-01-02-02-06.npy,96
01-08-01-02-02-07,03-01-08-01-02-02-07,03-01-08-01-02-02-07,data/raw/ravdess/audio_speech/Audio_Speech_Actors_01-24/Actor_07/03-01-08-01-02-02-07.wav,7,train,08,7,surprise,01,02,02,7,surprise,0.124217,0.084546,0.088895,0.0915,0.093182,0.127436,0.142633,0.247591,/home/tonyhe/ravdess_avfusion/external/audio_ser_speechbrain/speechbrain-develop-main/outputs/embeddings_ECAPA/train/03-01-08-01-02-02-07.npy,96
01-08-01-02-02-08,03-01-08-01-02-02-08,03-01-08-01-02-02-08,data/raw/ravdess/audio_speech/Audio_Speech_Actors_01-24/Actor_08/03-01-08-01-02-02-08.wav,8,train,08,7,surprise,01,02,02,7,surprise,0.116845,0.089433,0.096567,0.099021,0.09084,0.10116,0.135376,0.270757,/home/tonyhe/ravdess_avfusion/external/audio_ser_speechbrain/speechbrain-develop-main/outputs/embeddings_ECAPA/train/03-01-08-01-02-02-08.npy,96
01-08-01-02-02-09,03-01-08-01-02-02-09,03-01-08-01-02-02-09,data/raw/ravdess/audio_speech/Audio_Speech_Actors_01-24/Actor_09/03-01-08-01-02-02-09.wav,9,train,08,7,surprise,01,02,02,7,surprise,0.144831,0.106794,0.121452,0.087476,0.103228,0.075013,0.131308,0.229899,/home/tonyhe/ravdess_avfusion/external/audio_ser_speechbrain/speechbrain-develop-main/outputs/embeddings_ECAPA/train/03-01-08-01-02-02-09.npy,96
01-08-01-02-02-10,03-01-08-01-02-02-10,03-01-08-01-02-02-10,data/raw/ravdess/audio_speech/Audio_Speech_Actors_01-24/Actor_10/03-01-08-01-02-02-10.wav,10,train,08,7,surprise,01,02,02,7,surprise,0.125373,0.081548,0.103078,0.097688,0.10618,0.102959,0.121613,0.26156,/home/tonyhe/ravdess_avfusion/external/audio_ser_speechbrain/speechbrain-develop-main/outputs/embeddings_ECAPA/train/03-01-08-01-02-02-10.npy,96
01-08-01-02-02-11,03-01-08-01-02-02-11,03-01-08-01-02-02-11,data/raw/ravdess/audio_speech/Audio_Speech_Actors_01-24/Actor_11/03-01-08-01-02-02-11.wav,11,train,08,7,surprise,01,02,02,7,surprise,0.108678,0.080614,0.124213,0.093169,0.079672,0.117067,0.144981,0.251606,/home/tonyhe/ravdess_avfusion/external/audio_ser_speechbrain/speechbrain-develop-main/outputs/embeddings_ECAPA/train/03-01-08-01-02-02-11.npy,96
01-08-01-02-02-12,03-01-08-01-02-02-12,03-01-08-01-02-02-12,data/raw/ravdess/audio_speech/Audio_Speech_Actors_01-24/Actor_12/03-01-08-01-02-02-12.wav,12,train,08,7,surprise,01,02,02,7,surprise,0.11775,0.08516,0.111952,0.106585,0.086765,0.092831,0.132126,0.266831,/home/tonyhe/ravdess_avfusion/external/audio_ser_speechbrain/speechbrain-develop-main/outputs/embeddings_ECAPA/train/03-01-08-01-02-02-12.npy,96
01-08-01-02-02-13,03-01-08-01-02-02-13,03-01-08-01-02-02-13,data/raw/ravdess/audio_speech/Audio_Speech_Actors_01-24/Actor_13/03-01-08-01-02-02-13.wav,13,train,08,7,surprise,01,02,02,7,surprise,0.109097,0.0978,0.114825,0.095784,0.096373,0.098081,0.116524,0.271516,/home/tonyhe/ravdess_avfusion/external/audio_ser_speechbrain/speechbrain-develop-main/outputs/embeddings_ECAPA/train/03-01-08-01-02-02-13.npy,96
01-08-01-02-02-14,03-01-08-01-02-02-14,03-01-08-01-02-02-14,data/raw/ravdess/audio_speech/Audio_Speech_Actors_01-24/Actor_14/03-01-08-01-02-02-14.wav,14,train,08,7,surprise,01,02,02,7,surprise,0.114875,0.102798,0.127563,0.084636,0.080226,0.107928,0.129918,0.252055,/home/tonyhe/ravdess_avfusion/external/audio_ser_speechbrain/speechbrain-develop-main/outputs/embeddings_ECAPA/train/03-01-08-01-02-02-14.npy,96
01-08-01-02-02-15,03-01-08-01-02-02-15,03-01-08-01-02-02-15,data/raw/ravdess/audio_speech/Audio_Speech_Actors_01-24/Actor_15/03-01-08-01-02-02-15.wav,15,train,08,7,surprise,01,02,02,7,surprise,0.140176,0.074699,0.134441,0.123984,0.068501,0.108175,0.137035,0.212988,/home/tonyhe/ravdess_avfusion/external/audio_ser_speechbrain/speechbrain-develop-main/outputs/embeddings_ECAPA/train/03-01-08-01-02-02-15.npy,96
01-08-01-02-02-16,03-01-08-01-02-02-16,03-01-08-01-02-02-16,data/raw/ravdess/audio_speech/Audio_Speech_Actors_01-24/Actor_16/03-01-08-01-02-02-16.wav,16,train,08,7,surprise,01,02,02,7,surprise,0.116489,0.072436,0.099914,0.101313,0.113485,0.092545,0.148008,0.25581,/home/tonyhe/ravdess_avfusion/external/audio_ser_speechbrain/speechbrain-develop-main/outputs/embeddings_ECAPA/train/03-01-08-01-02-02-16.npy,96
01-08-02-01-01-01,03-01-08-02-01-01-01,03-01-08-02-01-01-01,data/raw/ravdess/audio_speech/Audio_Speech_Actors_01-24/Actor_01/03-01-08-02-01-01-01.wav,1,train,08,7,surprise,02,01,01,7,surprise,0.108297,0.087913,0.139624,0.087494,0.111865,0.092918,0.120593,0.251296,/home/tonyhe/ravdess_avfusion/external/audio_ser_speechbrain/speechbrain-develop-main/outputs/embeddings_ECAPA/train/03-01-08-02-01-01-01.npy,96
01-08-02-01-01-02,03-01-08-02-01-01-02,03-01-08-02-01-01-02,data/raw/ravdess/audio_speech/Audio_Speech_Actors_01-24/Actor_02/03-01-08-02-01-01-02.wav,2,train,08,7,surprise,02,01,01,7,surprise,0.094065,0.083295,0.103875,0.098009,0.122513,0.096389,0.130855,0.270999,/home/tonyhe/ravdess_avfusion/external/audio_ser_speechbrain/speechbrain-develop-main/outputs/embeddings_ECAPA/train/03-01-08-02-01-01-02.npy,96
01-08-02-01-01-03,03-01-08-02-01-01-03,03-01-08-02-01-01-03,data/raw/ravdess/audio_speech/Audio_Speech_Actors_01-24/Actor_03/03-01-08-02-01-01-03.wav,3,train,08,7,surprise,02,01,01,7,surprise,0.114139,0.067443,0.106853,0.115648,0.092651,0.115921,0.132058,0.255286,/home/tonyhe/ravdess_avfusion/external/audio_ser_speechbrain/speechbrain-develop-main/outputs/embeddings_ECAPA/train/03-01-08-02-01-01-03.npy,96
01-08-02-01-01-04,03-01-08-02-01-01-04,03-01-08-02-01-01-04,data/raw/ravdess/audio_speech/Audio_Speech_Actors_01-24/Actor_04/03-01-08-02-01-01-04.wav,4,train,08,7,surprise,02,01,01,7,surprise,0.090376,0.084874,0.131853,0.102365,0.108409,0.096147,0.124023,0.261953,/home/tonyhe/ravdess_avfusion/external/audio_ser_speechbrain/speechbrain-develop-main/outputs/embeddings_ECAPA/train/03-01-08-02-01-01-04.npy,96
01-08-02-01-01-05,03-01-08-02-01-01-05,03-01-08-02-01-01-05,data/raw/ravdess/audio_speech/Audio_Speech_Actors_01-24/Actor_05/03-01-08-02-01-01-05.wav,5,train,08,7,surprise,02,01,01,7,surprise,0.098385,0.094409,0.116322,0.072338,0.106938,0.111775,0.141153,0.258679,/home/tonyhe/ravdess_avfusion/external/audio_ser_speechbrain/speechbrain-develop-main/outputs/embeddings_ECAPA/train/03-01-08-02-01-01-05.npy,96
01-08-02-01-01-06,03-01-08-02-01-01-06,03-01-08-02-01-01-06,data/raw/ravdess/audio_speech/Audio_Speech_Actors_01-24/Actor_06/03-01-08-02-01-01-06.wav,6,train,08,7,surprise,02,01,01,7,surprise,0.104756,0.100262,0.111245,0.093777,0.080306,0.163955,0.108303,0.237397,/home/tonyhe/ravdess_avfusion/external/audio_ser_speechbrain/speechbrain-develop-main/outputs/embeddings_ECAPA/train/03-01-08-02-01-01-06.npy,96
01-08-02-01-01-07,03-01-08-02-01-01-07,03-01-08-02-01-01-07,data/raw/ravdess/audio_speech/Audio_Speech_Actors_01-24/Actor_07/03-01-08-02-01-01-07.wav,7,train,08,7,surprise,02,01,01,7,surprise,0.083044,0.083454,0.110716,0.112835,0.104284,0.097797,0.142998,0.264872,/home/tonyhe/ravdess_avfusion/external/audio_ser_speechbrain/speechbrain-develop-main/outputs/embeddings_ECAPA/train/03-01-08-02-01-01-07.npy,96
01-08-02-01-01-08,03-01-08-02-01-01-08,03-01-08-02-01-01-08,data/raw/ravdess/audio_speech/Audio_Speech_Actors_01-24/Actor_08/03-01-08-02-01-01-08.wav,8,train,08,7,surprise,02,01,01,7,surprise,0.081703,0.090913,0.099746,0.091265,0.103924,0.123252,0.136637,0.272561,/home/tonyhe/ravdess_avfusion/external/audio_ser_speechbrain/speechbrain-develop-main/outputs/embeddings_ECAPA/train/03-01-08-02-01-01-08.npy,96
01-08-02-01-01-09,03-01-08-02-01-01-09,03-01-08-02-01-01-09,data/raw/ravdess/audio_speech/Audio_Speech_Actors_01-24/Actor_09/03-01-08-02-01-01-09.wav,9,train,08,7,surprise,02,01,01,7,surprise,0.116923,0.082193,0.138538,0.091146,0.101925,0.097133,0.124299,0.247843,/home/tonyhe/ravdess_avfusion/external/audio_ser_speechbrain/speechbrain-develop-main/outputs/embeddings_ECAPA/train/03-01-08-02-01-01-09.npy,96
01-08-02-01-01-10,03-01-08-02-01-01-10,03-01-08-02-01-01-10,data/raw/ravdess/audio_speech/Audio_Speech_Actors_01-24/Actor_10/03-01-08-02-01-01-10.wav,10,train,08,7,surprise,02,01,01,7,surprise,0.095765,0.10172,0.109182,0.094796,0.12873,0.101488,0.105883,0.262437,/home/tonyhe/ravdess_avfusion/external/audio_ser_speechbrain/speechbrain-develop-main/outputs/embeddings_ECAPA/train/03-01-08-02-01-01-10.npy,96
01-08-02-01-01-11,03-01-08-02-01-01-11,03-01-08-02-01-01-11,data/raw/ravdess/audio_speech/Audio_Speech_Actors_01-24/Actor_11/03-01-08-02-01-01-11.wav,11,train,08,7,surprise,02,01,01,7,surprise,0.109217,0.079121,0.142486,0.099181,0.094739,0.100021,0.119326,0.255909,/home/tonyhe/ravdess_avfusion/external/audio_ser_speechbrain/speechbrain-develop-main/outputs/embeddings_ECAPA/train/03-01-08-02-01-01-11.npy,96
01-08-02-01-01-12,03-01-08-02-01-01-12,03-01-08-02-01-01-12,data/raw/ravdess/audio_speech/Audio_Speech_Actors_01-24/Actor_12/03-01-08-02-01-01-12.wav,12,train,08,7,surprise,02,01,01,7,surprise,0.09766,0.080445,0.114247,0.10223,0.097914,0.104184,0.129675,0.273644,/home/tonyhe/ravdess_avfusion/external/audio_ser_speechbrain/speechbrain-develop-main/outputs/embeddings_ECAPA/train/03-01-08-02-01-01-12.npy,96
01-08-02-01-01-13,03-01-08-02-01-01-13,03-01-08-02-01-01-13,data/raw/ravdess/audio_speech/Audio_Speech_Actors_01-24/Actor_13/03-01-08-02-01-01-13.wav,13,train,08,7,surprise,02,01,01,7,surprise,0.084436,0.084682,0.10956,0.103701,0.118654,0.098952,0.135544,0.264471,/home/tonyhe/ravdess_avfusion/external/audio_ser_speechbrain/speechbrain-develop-main/outputs/embeddings_ECAPA/train/03-01-08-02-01-01-13.npy,96
01-08-02-01-01-14,03-01-08-02-01-01-14,03-01-08-02-01-01-14,data/raw/ravdess/audio_speech/Audio_Speech_Actors_01-24/Actor_14/03-01-08-02-01-01-14.wav,14,train,08,7,surprise,02,01,01,7,surprise,0.126244,0.099324,0.108925,0.093882,0.093829,0.082179,0.140836,0.254781,/home/tonyhe/ravdess_avfusion/external/audio_ser_speechbrain/speechbrain-develop-main/outputs/embeddings_ECAPA/train/03-01-08-02-01-01-14.npy,96
01-08-02-01-01-15,03-01-08-02-01-01-15,03-01-08-02-01-01-15,data/raw/ravdess/audio_speech/Audio_Speech_Actors_01-24/Actor_15/03-01-08-02-01-01-15.wav,15,train,08,7,surprise,02,01,01,7,surprise,0.106412,0.077858,0.116773,0.083226,0.10818,0.10698,0.139621,0.260949,/home/tonyhe/ravdess_avfusion/external/audio_ser_speechbrain/speechbrain-develop-main/outputs/embeddings_ECAPA/train/03-01-08-02-01-01-15.npy,96
01-08-02-01-01-16,03-01-08-02-01-01-16,03-01-08-02-01-01-16,data/raw/ravdess/audio_speech/Audio_Speech_Actors_01-24/Actor_16/03-01-08-02-01-01-16.wav,16,train,08,7,surprise,02,01,01,7,surprise,0.118158,0.078908,0.149551,0.103638,0.087815,0.093149,0.12477,0.244011,/home/tonyhe/ravdess_avfusion/external/audio_ser_speechbrain/speechbrain-develop-main/outputs/embeddings_ECAPA/train/03-01-08-02-01-01-16.npy,96
01-08-02-01-02-01,03-01-08-02-01-02-01,03-01-08-02-01-02-01,data/raw/ravdess/audio_speech/Audio_Speech_Actors_01-24/Actor_01/03-01-08-02-01-02-01.wav,1,train,08,7,surprise,02,01,02,7,surprise,0.107423,0.082709,0.122252,0.106585,0.111479,0.094078,0.115781,0.259693,/home/tonyhe/ravdess_avfusion/external/audio_ser_speechbrain/speechbrain-develop-main/outputs/embeddings_ECAPA/train/03-01-08-02-01-02-01.npy,96
01-08-02-01-02-02,03-01-08-02-01-02-02,03-01-08-02-01-02-02,data/raw/ravdess/audio_speech/Audio_Speech_Actors_01-24/Actor_02/03-01-08-02-01-02-02.wav,2,train,08,7,surprise,02,01,02,7,surprise,0.10847,0.074727,0.108539,0.124826,0.105,0.088565,0.128426,0.261448,/home/tonyhe/ravdess_avfusion/external/audio_ser_speechbrain/speechbrain-develop-main/outputs/embeddings_ECAPA/train/03-01-08-02-01-02-02.npy,96
01-08-02-01-02-03,03-01-08-02-01-02-03,03-01-08-02-01-02-03,data/raw/ravdess/audio_speech/Audio_Speech_Actors_01-24/Actor_03/03-01-08-02-01-02-03.wav,3,train,08,7,surprise,02,01,02,7,surprise,0.09972,0.081332,0.113293,0.115845,0.116394,0.099029,0.109273,0.265115,/home/tonyhe/ravdess_avfusion/external/audio_ser_speechbrain/speechbrain-develop-main/outputs/embeddings_ECAPA/train/03-01-08-02-01-02-03.npy,96
01-08-02-01-02-04,03-01-08-02-01-02-04,03-01-08-02-01-02-04,data/raw/ravdess/audio_speech/Audio_Speech_Actors_01-24/Actor_04/03-01-08-02-01-02-04.wav,4,train,08,7,surprise,02,01,02,7,surprise,0.090233,0.083045,0.115387,0.09291,0.116169,0.109887,0.12404,0.268328,/home/tonyhe/ravdess_avfusion/external/audio_ser_speechbrain/speechbrain-develop-main/outputs/embeddings_ECAPA/train/03-01-08-02-01-02-04.npy,96
01-08-02-01-02-05,03-01-08-02-01-02-05,03-01-08-02-01-02-05,data/raw/ravdess/audio_speech/Audio_Speech_Actors_01-24/Actor_05/03-01-08-02-01-02-05.wav,5,train,08,7,surprise,02,01,02,7,surprise,0.112629,0.096679,0.139153,0.067652,0.119322,0.094693,0.141678,0.228194,/home/tonyhe/ravdess_avfusion/external/audio_ser_speechbrain/speechbrain-develop-main/outputs/embeddings_ECAPA/train/03-01-08-02-01-02-05.npy,96
01-08-02-01-02-06,03-01-08-02-01-02-06,03-01-08-02-01-02-06,data/raw/ravdess/audio_speech/Audio_Speech_Actors_01-24/Actor_06/03-01-08-02-01-02-06.wav,6,train,08,7,surprise,02,01,02,7,surprise,0.124948,0.091829,0.115372,0.076519,0.125429,0.121005,0.109329,0.23557,/home/tonyhe/ravdess_avfusion/external/audio_ser_speechbrain/speechbrain-develop-main/outputs/embeddings_ECAPA/train/03-01-08-02-01-02-06.npy,96
01-08-02-01-02-07,03-01-08-02-01-02-07,03-01-08-02-01-02-07,data/raw/ravdess/audio_speech/Audio_Speech_Actors_01-24/Actor_07/03-01-08-02-01-02-07.wav,7,train,08,7,surprise,02,01,02,7,surprise,0.087831,0.087004,0.092295,0.092427,0.114073,0.113207,0.14538,0.267781,/home/tonyhe/ravdess_avfusion/external/audio_ser_speechbrain/speechbrain-develop-main/outputs/embeddings_ECAPA/train/03-01-08-02-01-02-07.npy,96
01-08-02-01-02-08,03-01-08-02-01-02-08,03-01-08-02-01-02-08,data/raw/ravdess/audio_speech/Audio_Speech_Actors_01-24/Actor_08/03-01-08-02-01-02-08.wav,8,train,08,7,surprise,02,01,02,7,surprise,0.091152,0.080953,0.120615,0.087655,0.090947,0.122711,0.138457,0.26751,/home/tonyhe/ravdess_avfusion/external/audio_ser_speechbrain/speechbrain-develop-main/outputs/embeddings_ECAPA/train/03-01-08-02-01-02-08.npy,96
01-08-02-01-02-09,03-01-08-02-01-02-09,03-01-08-02-01-02-09,data/raw/ravdess/audio_speech/Audio_Speech_Actors_01-24/Actor_09/03-01-08-02-01-02-09.wav,9,train,08,7,surprise,02,01,02,7,surprise,0.134365,0.096959,0.124224,0.091936,0.105561,0.088824,0.113671,0.244459,/home/tonyhe/ravdess_avfusion/external/audio_ser_speechbrain/speechbrain-develop-main/outputs/embeddings_ECAPA/train/03-01-08-02-01-02-09.npy,96
01-08-02-01-02-10,03-01-08-02-01-02-10,03-01-08-02-01-02-10,data/raw/ravdess/audio_speech/Audio_Speech_Actors_01-24/Actor_10/03-01-08-02-01-02-10.wav,10,train,08,7,surprise,02,01,02,7,surprise,0.100411,0.094492,0.104399,0.072839,0.12002,0.122921,0.131861,0.253058,/home/tonyhe/ravdess_avfusion/external/audio_ser_speechbrain/speechbrain-develop-main/outputs/embeddings_ECAPA/train/03-01-08-02-01-02-10.npy,96
01-08-02-01-02-11,03-01-08-02-01-02-11,03-01-08-02-01-02-11,data/raw/ravdess/audio_speech/Audio_Speech_Actors_01-24/Actor_11/03-01-08-02-01-02-11.wav,11,train,08,7,surprise,02,01,02,7,surprise,0.086081,0.088361,0.140832,0.087816,0.087078,0.110456,0.142509,0.256866,/home/tonyhe/ravdess_avfusion/external/audio_ser_speechbrain/speechbrain-develop-main/outputs/embeddings_ECAPA/train/03-01-08-02-01-02-11.npy,96
01-08-02-01-02-12,03-01-08-02-01-02-12,03-01-08-02-01-02-12,data/raw/ravdess/audio_speech/Audio_Speech_Actors_01-24/Actor_12/03-01-08-02-01-02-12.wav,12,train,08,7,surprise,02,01,02,7,surprise,0.094337,0.09283,0.129579,0.095322,0.080773,0.136888,0.116765,0.253506,/home/tonyhe/ravdess_avfusion/external/audio_ser_speechbrain/speechbrain-develop-main/outputs/embeddings_ECAPA/train/03-01-08-02-01-02-12.npy,96
01-08-02-01-02-13,03-01-08-02-01-02-13,03-01-08-02-01-02-13,data/raw/ravdess/audio_speech/Audio_Speech_Actors_01-24/Actor_13/03-01-08-02-01-02-13.wav,13,train,08,7,surprise,02,01,02,7,surprise,0.110214,0.080776,0.138292,0.10685,0.089492,0.090986,0.132348,0.251042,/home/tonyhe/ravdess_avfusion/external/audio_ser_speechbrain/speechbrain-develop-main/outputs/embeddings_ECAPA/train/03-01-08-02-01-02-13.npy,96
01-08-02-01-02-14,03-01-08-02-01-02-14,03-01-08-02-01-02-14,data/raw/ravdess/audio_speech/Audio_Speech_Actors_01-24/Actor_14/03-01-08-02-01-02-14.wav,14,train,08,7,surprise,02,01,02,7,surprise,0.120778,0.089662,0.134426,0.073633,0.114735,0.097131,0.133853,0.235782,/home/tonyhe/ravdess_avfusion/external/audio_ser_speechbrain/speechbrain-develop-main/outputs/embeddings_ECAPA/train/03-01-08-02-01-02-14.npy,96
01-08-02-01-02-15,03-01-08-02-01-02-15,03-01-08-02-01-02-15,data/raw/ravdess/audio_speech/Audio_Speech_Actors_01-24/Actor_15/03-01-08-02-01-02-15.wav,15,train,08,7,surprise,02,01,02,7,surprise,0.09123,0.092458,0.161723,0.094577,0.095455,0.11664,0.10691,0.241006,/home/tonyhe/ravdess_avfusion/external/audio_ser_speechbrain/speechbrain-develop-main/outputs/embeddings_ECAPA/train/03-01-08-02-01-02-15.npy,96
01-08-02-01-02-16,03-01-08-02-01-02-16,03-01-08-02-01-02-16,data/raw/ravdess/audio_speech/Audio_Speech_Actors_01-24/Actor_16/03-01-08-02-01-02-16.wav,16,train,08,7,surprise,02,01,02,7,surprise,0.119036,0.075558,0.142152,0.092871,0.114043,0.091515,0.126463,0.238362,/home/tonyhe/ravdess_avfusion/external/audio_ser_speechbrain/speechbrain-develop-main/outputs/embeddings_ECAPA/train/03-01-08-02-01-02-16.npy,96
01-08-02-02-01-01,03-01-08-02-02-01-01,03-01-08-02-02-01-01,data/raw/ravdess/audio_speech/Audio_Speech_Actors_01-24/Actor_01/03-01-08-02-02-01-01.wav,1,train,08,7,surprise,02,02,01,7,surprise,0.107478,0.088555,0.127499,0.086161,0.119491,0.104636,0.118271,0.247909,/home/tonyhe/ravdess_avfusion/external/audio_ser_speechbrain/speechbrain-develop-main/outputs/embeddings_ECAPA/train/03-01-08-02-02-01-01.npy,96
01-08-02-02-01-02,03-01-08-02-02-01-02,03-01-08-02-02-01-02,data/raw/ravdess/audio_speech/Audio_Speech_Actors_01-24/Actor_02/03-01-08-02-02-01-02.wav,2,train,08,7,surprise,02,02,01,7,surprise,0.121588,0.098336,0.101186,0.100107,0.122088,0.077103,0.123137,0.256454,/home/tonyhe/ravdess_avfusion/external/audio_ser_speechbrain/speechbrain-develop-main/outputs/embeddings_ECAPA/train/03-01-08-02-02-01-02.npy,96
01-08-02-02-01-03,03-01-08-02-02-01-03,03-01-08-02-02-01-03,data/raw/ravdess/audio_speech/Audio_Speech_Actors_01-24/Actor_03/03-01-08-02-02-01-03.wav,3,train,08,7,surprise,02,02,01,7,surprise,0.094978,0.091463,0.126052,0.099994,0.083861,0.132516,0.120075,0.251061,/home/tonyhe/ravdess_avfusion/external/audio_ser_speechbrain/speechbrain-develop-main/outputs/embeddings_ECAPA/train/03-01-08-02-02-01-03.npy,96
01-08-02-02-01-04,03-01-08-02-02-01-04,03-01-08-02-02-01-04,data/raw/ravdess/audio_speech/Audio_Speech_Actors_01-24/Actor_04/03-01-08-02-02-01-04.wav,4,train,08,7,surprise,02,02,01,7,surprise,0.102469,0.088926,0.115257,0.113145,0.09704,0.09182,0.120587,0.270756,/home/tonyhe/ravdess_avfusion/external/audio_ser_speechbrain/speechbrain-develop-main/outputs/embeddings_ECAPA/train/03-01-08-02-02-01-04.npy,96
01-08-02-02-01-05,03-01-08-02-02-01-05,03-01-08-02-02-01-05,data/raw/ravdess/audio_speech/Audio_Speech_Actors_01-24/Actor_05/03-01-08-02-02-01-05.wav,5,train,08,7,surprise,02,02,01,7,surprise,0.123036,0.10406,0.150423,0.089363,0.107943,0.07442,0.12946,0.221296,/home/tonyhe/ravdess_avfusion/external/audio_ser_speechbrain/speechbrain-develop-main/outputs/embeddings_ECAPA/train/03-01-08-02-02-01-05.npy,96
01-08-02-02-01-06,03-01-08-02-02-01-06,03-01-08-02-02-01-06,data/raw/ravdess/audio_speech/Audio_Speech_Actors_01-24/Actor_06/03-01-08-02-02-01-06.wav,6,train,08,7,surprise,02,02,01,7,surprise,0.112123,0.09648,0.112421,0.089253,0.092841,0.131502,0.112978,0.252402,/home/tonyhe/ravdess_avfusion/external/audio_ser_speechbrain/speechbrain-develop-main/outputs/embeddings_ECAPA/train/03-01-08-02-02-01-06.npy,96
01-08-02-02-01-07,03-01-08-02-02-01-07,03-01-08-02-02-01-07,data/raw/ravdess/audio_speech/Audio_Speech_Actors_01-24/Actor_07/03-01-08-02-02-01-07.wav,7,train,08,7,surprise,02,02,01,7,surprise,0.088016,0.092967,0.124702,0.080444,0.100535,0.126398,0.123503,0.263434,/home/tonyhe/ravdess_avfusion/external/audio_ser_speechbrain/speechbrain-develop-main/outputs/embeddings_ECAPA/train/03-01-08-02-02-01-07.npy,96
01-08-02-02-01-08,03-01-08-02-02-01-08,03-01-08-02-02-01-08,data/raw/ravdess/audio_speech/Audio_Speech_Actors_01-24/Actor_08/03-01-08-02-02-01-08.wav,8,train,08,7,surprise,02,02,01,7,surprise,0.10614,0.090426,0.101439,0.08925,0.105429,0.100914,0.132628,0.273773,/home/tonyhe/ravdess_avfusion/external/audio_ser_speechbrain/speechbrain-develop-main/outputs/embeddings_ECAPA/train/03-01-08-02-02-01-08.npy,96
01-08-02-02-01-09,03-01-08-02-02-01-09,03-01-08-02-02-01-09,data/raw/ravdess/audio_speech/Audio_Speech_Actors_01-24/Actor_09/03-01-08-02-02-01-09.wav,9,train,08,7,surprise,02,02,01,7,surprise,0.129343,0.088097,0.110256,0.096877,0.10649,0.08078,0.135964,0.252192,/home/tonyhe/ravdess_avfusion/external/audio_ser_speechbrain/speechbrain-develop-main/outputs/embeddings_ECAPA/train/03-01-08-02-02-01-09.npy,96
01-08-02-02-01-10,03-01-08-02-02-01-10,03-01-08-02-02-01-10,data/raw/ravdess/audio_speech/Audio_Speech_Actors_01-24/Actor_10/03-01-08-02-02-01-10.wav,10,train,08,7,surprise,02,02,01,7,surprise,0.110365,0.097873,0.130482,0.104307,0.091668,0.097683,0.114538,0.253085,/home/tonyhe/ravdess_avfusion/external/audio_ser_speechbrain/speechbrain-develop-main/outputs/embeddings_ECAPA/train/03-01-08-02-02-01-10.npy,96
01-08-02-02-01-11,03-01-08-02-02-01-11,03-01-08-02-02-01-11,data/raw/ravdess/audio_speech/Audio_Speech_Actors_01-24/Actor_11/03-01-08-02-02-01-11.wav,11,train,08,7,surprise,02,02,01,7,surprise,0.099375,0.073556,0.122181,0.101268,0.105116,0.096463,0.137203,0.26484,/home/tonyhe/ravdess_avfusion/external/audio_ser_speechbrain/speechbrain-develop-main/outputs/embeddings_ECAPA/train/03-01-08-02-02-01-11.npy,96
01-08-02-02-01-12,03-01-08-02-02-01-12,03-01-08-02-02-01-12,data/raw/ravdess/audio_speech/Audio_Speech_Actors_01-24/Actor_12/03-01-08-02-02-01-12.wav,12,train,08,7,surprise,02,02,01,7,surprise,0.088776,0.072774,0.107527,0.114915,0.129413,0.085204,0.163078,0.238314,/home/tonyhe/ravdess_avfusion/external/audio_ser_speechbrain/speechbrain-develop-main/outputs/embeddings_ECAPA/train/03-01-08-02-02-01-12.npy,96
01-08-02-02-01-13,03-01-08-02-02-01-13,03-01-08-02-02-01-13,data/raw/ravdess/audio_speech/Audio_Speech_Actors_01-24/Actor_13/03-01-08-02-02-01-13.wav,13,train,08,7,surprise,02,02,01,7,surprise,0.096625,0.071167,0.13459,0.100821,0.116054,0.093994,0.141433,0.245317,/home/tonyhe/ravdess_avfusion/external/audio_ser_speechbrain/speechbrain-develop-main/outputs/embeddings_ECAPA/train/03-01-08-02-02-01-13.npy,96
01-08-02-02-01-14,03-01-08-02-02-01-14,03-01-08-02-02-01-14,data/raw/ravdess/audio_speech/Audio_Speech_Actors_01-24/Actor_14/03-01-08-02-02-01-14.wav,14,train,08,7,surprise,02,02,01,7,surprise,0.106973,0.090373,0.108981,0.095318,0.093615,0.103322,0.134128,0.267292,/home/tonyhe/ravdess_avfusion/external/audio_ser_speechbrain/speechbrain-develop-main/outputs/embeddings_ECAPA/train/03-01-08-02-02-01-14.npy,96
01-08-02-02-01-15,03-01-08-02-02-01-15,03-01-08-02-02-01-15,data/raw/ravdess/audio_speech/Audio_Speech_Actors_01-24/Actor_15/03-01-08-02-02-01-15.wav,15,train,08,7,surprise,02,02,01,7,surprise,0.13294,0.084769,0.099286,0.115029,0.09162,0.093745,0.12417,0.258443,/home/tonyhe/ravdess_avfusion/external/audio_ser_speechbrain/speechbrain-develop-main/outputs/embeddings_ECAPA/train/03-01-08-02-02-01-15.npy,96
01-08-02-02-01-16,03-01-08-02-02-01-16,03-01-08-02-02-01-16,data/raw/ravdess/audio_speech/Audio_Speech_Actors_01-24/Actor_16/03-01-08-02-02-01-16.wav,16,train,08,7,surprise,02,02,01,7,surprise,0.113507,0.067558,0.127981,0.099734,0.089661,0.107359,0.14584,0.248359,/home/tonyhe/ravdess_avfusion/external/audio_ser_speechbrain/speechbrain-develop-main/outputs/embeddings_ECAPA/train/03-01-08-02-02-01-16.npy,96
01-08-02-02-02-01,03-01-08-02-02-02-01,03-01-08-02-02-02-01,data/raw/ravdess/audio_speech/Audio_Speech_Actors_01-24/Actor_01/03-01-08-02-02-02-01.wav,1,train,08,7,surprise,02,02,02,7,surprise,0.110071,0.087362,0.13496,0.090881,0.098232,0.103553,0.11673,0.258211,/home/tonyhe/ravdess_avfusion/external/audio_ser_speechbrain/speechbrain-develop-main/outputs/embeddings_ECAPA/train/03-01-08-02-02-02-01.npy,96
01-08-02-02-02-02,03-01-08-02-02-02-02,03-01-08-02-02-02-02,data/raw/ravdess/audio_speech/Audio_Speech_Actors_01-24/Actor_02/03-01-08-02-02-02-02.wav,2,train,08,7,surprise,02,02,02,7,surprise,0.105957,0.10218,0.103089,0.093361,0.091482,0.102322,0.13282,0.268789,/home/tonyhe/ravdess_avfusion/external/audio_ser_speechbrain/speechbrain-develop-main/outputs/embeddings_ECAPA/train/03-01-08-02-02-02-02.npy,96
01-08-02-02-02-03,03-01-08-02-02-02-03,03-01-08-02-02-02-03,data/raw/ravdess/audio_speech/Audio_Speech_Actors_01-24/Actor_03/03-01-08-02-02-02-03.wav,3,train,08,7,surprise,02,02,02,7,surprise,0.114758,0.075528,0.117805,0.088669,0.106905,0.115622,0.12448,0.256234,/home/tonyhe/ravdess_avfusion/external/audio_ser_speechbrain/speechbrain-develop-main/outputs/embeddings_ECAPA/train/03-01-08-02-02-02-03.npy,96
01-08-02-02-02-04,03-01-08-02-02-02-04,03-01-08-02-02-02-04,data/raw/ravdess/audio_speech/Audio_Speech_Actors_01-24/Actor_04/03-01-08-02-02-02-04.wav,4,train,08,7,surprise,02,02,02,7,surprise,0.090959,0.075061,0.102878,0.1003,0.110528,0.111309,0.145051,0.263914,/home/tonyhe/ravdess_avfusion/external/audio_ser_speechbrain/speechbrain-develop-main/outputs/embeddings_ECAPA/train/03-01-08-02-02-02-04.npy,96
01-08-02-02-02-05,03-01-08-02-02-02-05,03-01-08-02-02-02-05,data/raw/ravdess/audio_speech/Audio_Speech_Actors_01-24/Actor_05/03-01-08-02-02-02-05.wav,5,train,08,7,surprise,02,02,02,7,surprise,0.122752,0.094079,0.147091,0.086491,0.088829,0.088071,0.133709,0.238977,/home/tonyhe/ravdess_avfusion/external/audio_ser_speechbrain/speechbrain-develop-main/outputs/embeddings_ECAPA/train/03-01-08-02-02-02-05.npy,96
01-08-02-02-02-06,03-01-08-02-02-02-06,03-01-08-02-02-02-06,data/raw/ravdess/audio_speech/Audio_Speech_Actors_01-24/Actor_06/03-01-08-02-02-02-06.wav,6,train,08,7,surprise,02,02,02,7,surprise,0.112035,0.090763,0.108746,0.076894,0.098956,0.146504,0.122897,0.243206,/home/tonyhe/ravdess_avfusion/external/audio_ser_speechbrain/speechbrain-develop-main/outputs/embeddings_ECAPA/train/03-01-08-02-02-02-06.npy,96
01-08-02-02-02-07,03-01-08-02-02-02-07,03-01-08-02-02-02-07,data/raw/ravdess/audio_speech/Audio_Speech_Actors_01-24/Actor_07/03-01-08-02-02-02-07.wav,7,train,08,7,surprise,02,02,02,7,surprise,0.100945,0.105333,0.11587,0.076697,0.119268,0.107607,0.11679,0.25749,/home/tonyhe/ravdess_avfusion/external/audio_ser_speechbrain/speechbrain-develop-main/outputs/embeddings_ECAPA/train/03-01-08-02-02-02-07.npy,96
01-08-02-02-02-08,03-01-08-02-02-02-08,03-01-08-02-02-02-08,data/raw/ravdess/audio_speech/Audio_Speech_Actors_01-24/Actor_08/03-01-08-02-02-02-08.wav,8,train,08,7,surprise,02,02,02,7,surprise,0.091339,0.089412,0.126372,0.081747,0.09425,0.106638,0.14444,0.265804,/home/tonyhe/ravdess_avfusion/external/audio_ser_speechbrain/speechbrain-develop-main/outputs/embeddings_ECAPA/train/03-01-08-02-02-02-08.npy,96
01-08-02-02-02-09,03-01-08-02-02-02-09,03-01-08-02-02-02-09,data/raw/ravdess/audio_speech/Audio_Speech_Actors_01-24/Actor_09/03-01-08-02-02-02-09.wav,9,train,08,7,surprise,02,02,02,7,surprise,0.139427,0.08578,0.098655,0.098334,0.126288,0.075974,0.137031,0.238511,/home/tonyhe/ravdess_avfusion/external/audio_ser_speechbrain/speechbrain-develop-main/outputs/embeddings_ECAPA/train/03-01-08-02-02-02-09.npy,96
01-08-02-02-02-10,03-01-08-02-02-02-10,03-01-08-02-02-02-10,data/raw/ravdess/audio_speech/Audio_Speech_Actors_01-24/Actor_10/03-01-08-02-02-02-10.wav,10,train,08,7,surprise,02,02,02,7,surprise,0.097596,0.096543,0.113587,0.090476,0.09385,0.104429,0.134497,0.269022,/home/tonyhe/ravdess_avfusion/external/audio_ser_speechbrain/speechbrain-develop-main/outputs/embeddings_ECAPA/train/03-01-08-02-02-02-10.npy,96
01-08-02-02-02-11,03-01-08-02-02-02-11,03-01-08-02-02-02-11,data/raw/ravdess/audio_speech/Audio_Speech_Actors_01-24/Actor_11/03-01-08-02-02-02-11.wav,11,train,08,7,surprise,02,02,02,7,surprise,0.091265,0.085567,0.108344,0.104932,0.100711,0.094247,0.142384,0.27255,/home/tonyhe/ravdess_avfusion/external/audio_ser_speechbrain/speechbrain-develop-main/outputs/embeddings_ECAPA/train/03-01-08-02-02-02-11.npy,96
01-08-02-02-02-12,03-01-08-02-02-02-12,03-01-08-02-02-02-12,data/raw/ravdess/audio_speech/Audio_Speech_Actors_01-24/Actor_12/03-01-08-02-02-02-12.wav,12,train,08,7,surprise,02,02,02,7,surprise,0.096623,0.091594,0.10736,0.100506,0.101785,0.090414,0.145265,0.266453,/home/tonyhe/ravdess_avfusion/external/audio_ser_speechbrain/speechbrain-develop-main/outputs/embeddings_ECAPA/train/03-01-08-02-02-02-12.npy,96
01-08-02-02-02-13,03-01-08-02-02-02-13,03-01-08-02-02-02-13,data/raw/ravdess/audio_speech/Audio_Speech_Actors_01-24/Actor_13/03-01-08-02-02-02-13.wav,13,train,08,7,surprise,02,02,02,7,surprise,0.116105,0.070795,0.144676,0.09996,0.09724,0.095478,0.135408,0.240338,/home/tonyhe/ravdess_avfusion/external/audio_ser_speechbrain/speechbrain-develop-main/outputs/embeddings_ECAPA/train/03-01-08-02-02-02-13.npy,96
01-08-02-02-02-14,03-01-08-02-02-02-14,03-01-08-02-02-02-14,data/raw/ravdess/audio_speech/Audio_Speech_Actors_01-24/Actor_14/03-01-08-02-02-02-14.wav,14,train,08,7,surprise,02,02,02,7,surprise,0.115785,0.096196,0.099762,0.107764,0.095353,0.096482,0.126796,0.261862,/home/tonyhe/ravdess_avfusion/external/audio_ser_speechbrain/speechbrain-develop-main/outputs/embeddings_ECAPA/train/03-01-08-02-02-02-14.npy,96
01-08-02-02-02-15,03-01-08-02-02-02-15,03-01-08-02-02-02-15,data/raw/ravdess/audio_speech/Audio_Speech_Actors_01-24/Actor_15/03-01-08-02-02-02-15.wav,15,train,08,7,surprise,02,02,02,7,surprise,0.102267,0.082663,0.132559,0.141675,0.088291,0.077713,0.132895,0.241937,/home/tonyhe/ravdess_avfusion/external/audio_ser_speechbrain/speechbrain-develop-main/outputs/embeddings_ECAPA/train/03-01-08-02-02-02-15.npy,96
01-08-02-02-02-16,03-01-08-02-02-02-16,03-01-08-02-02-02-16,data/raw/ravdess/audio_speech/Audio_Speech_Actors_01-24/Actor_16/03-01-08-02-02-02-16.wav,16,train,08,7,surprise,02,02,02,7,surprise,0.120073,0.078949,0.129224,0.106364,0.091387,0.096692,0.121211,0.2561,/home/tonyhe/ravdess_avfusion/external/audio_ser_speechbrain/speechbrain-develop-main/outputs/embeddings_ECAPA/train/03-01-08-02-02-02-16.npy,96
01-01-01-01-01-17,03-01-01-01-01-01-17,03-01-01-01-01-01-17,data/raw/ravdess/audio_speech/Audio_Speech_Actors_01-24/Actor_17/03-01-01-01-01-01-17.wav,17,valid,01,0,neutral,01,01,01,5,fearful,0.107183,0.122021,0.141984,0.165833,0.063072,0.186278,0.115754,0.097873,/home/tonyhe/ravdess_avfusion/external/audio_ser_speechbrain/speechbrain-develop-main/outputs/embeddings_ECAPA/valid/03-01-01-01-01-01-17.npy,96
01-01-01-01-01-18,03-01-01-01-01-01-18,03-01-01-01-01-01-18,data/raw/ravdess/audio_speech/Audio_Speech_Actors_01-24/Actor_18/03-01-01-01-01-01-18.wav,18,valid,01,0,neutral,01,01,01,6,disgust,0.161325,0.160736,0.081271,0.134649,0.125718,0.068296,0.166292,0.101712,/home/tonyhe/ravdess_avfusion/external/audio_ser_speechbrain/speechbrain-develop-main/outputs/embeddings_ECAPA/valid/03-01-01-01-01-01-18.npy,96
01-01-01-01-01-19,03-01-01-01-01-01-19,03-01-01-01-01-01-19,data/raw/ravdess/audio_speech/Audio_Speech_Actors_01-24/Actor_19/03-01-01-01-01-01-19.wav,19,valid,01,0,neutral,01,01,01,0,neutral,0.238236,0.145367,0.123831,0.104294,0.098695,0.120426,0.087067,0.082085,/home/tonyhe/ravdess_avfusion/external/audio_ser_speechbrain/speechbrain-develop-main/outputs/embeddings_ECAPA/valid/03-01-01-01-01-01-19.npy,96
01-01-01-01-01-20,03-01-01-01-01-01-20,03-01-01-01-01-01-20,data/raw/ravdess/audio_speech/Audio_Speech_Actors_01-24/Actor_20/03-01-01-01-01-01-20.wav,20,valid,01,0,neutral,01,01,01,7,surprise,0.159399,0.130133,0.076286,0.147535,0.086742,0.098271,0.119492,0.182141,/home/tonyhe/ravdess_avfusion/external/audio_ser_speechbrain/speechbrain-develop-main/outputs/embeddings_ECAPA/valid/03-01-01-01-01-01-20.npy,96
01-01-01-01-02-17,03-01-01-01-01-02-17,03-01-01-01-01-02-17,data/raw/ravdess/audio_speech/Audio_Speech_Actors_01-24/Actor_17/03-01-01-01-01-02-17.wav,17,valid,01,0,neutral,01,01,02,5,fearful,0.107782,0.123057,0.118568,0.125535,0.074881,0.216462,0.098906,0.13481,/home/tonyhe/ravdess_avfusion/external/audio_ser_speechbrain/speechbrain-develop-main/outputs/embeddings_ECAPA/valid/03-01-01-01-01-02-17.npy,96
01-01-01-01-02-18,03-01-01-01-01-02-18,03-01-01-01-01-02-18,data/raw/ravdess/audio_speech/Audio_Speech_Actors_01-24/Actor_18/03-01-01-01-01-02-18.wav,18,valid,01,0,neutral,01,01,02,1,calm,0.158118,0.162437,0.072516,0.135046,0.122409,0.077642,0.116026,0.155806,/home/tonyhe/ravdess_avfusion/external/audio_ser_speechbrain/speechbrain-develop-main/outputs/embeddings_ECAPA/valid/03-01-01-01-01-02-18.npy,96
01-01-01-01-02-19,03-01-01-01-01-02-19,03-01-01-01-01-02-19,data/raw/ravdess/audio_speech/Audio_Speech_Actors_01-24/Actor_19/03-01-01-01-01-02-19.wav,19,valid,01,0,neutral,01,01,02,0,neutral,0.218857,0.131638,0.094964,0.14223,0.101902,0.129387,0.118332,0.062691,/home/tonyhe/ravdess_avfusion/external/audio_ser_speechbrain/speechbrain-develop-main/outputs/embeddings_ECAPA/valid/03-01-01-01-01-02-19.npy,96
01-01-01-01-02-20,03-01-01-01-01-02-20,03-01-01-01-01-02-20,data/raw/ravdess/audio_speech/Audio_Speech_Actors_01-24/Actor_20/03-01-01-01-01-02-20.wav,20,valid,01,0,neutral,01,01,02,0,neutral,0.260731,0.143551,0.076501,0.134769,0.112704,0.082624,0.095262,0.093857,/home/tonyhe/ravdess_avfusion/external/audio_ser_speechbrain/speechbrain-develop-main/outputs/embeddings_ECAPA/valid/03-01-01-01-01-02-20.npy,96
01-01-01-02-01-17,03-01-01-01-02-01-17,03-01-01-01-02-01-17,data/raw/ravdess/audio_speech/Audio_Speech_Actors_01-24/Actor_17/03-01-01-01-02-01-17.wav,17,valid,01,0,neutral,01,02,01,5,fearful,0.116515,0.112003,0.121796,0.090131,0.07355,0.230364,0.127923,0.127717,/home/tonyhe/ravdess_avfusion/external/audio_ser_speechbrain/speechbrain-develop-main/outputs/embeddings_ECAPA/valid/03-01-01-01-02-01-17.npy,96
01-01-01-02-01-18,03-01-01-01-02-01-18,03-01-01-01-02-01-18,data/raw/ravdess/audio_speech/Audio_Speech_Actors_01-24/Actor_18/03-01-01-01-02-01-18.wav,18,valid,01,0,neutral,01,02,01,1,calm,0.160483,0.160693,0.071034,0.147337,0.110359,0.10485,0.148075,0.097169,/home/tonyhe/ravdess_avfusion/external/audio_ser_speechbrain/speechbrain-develop-main/outputs/embeddings_ECAPA/valid/03-01-01-01-02-01-18.npy,96
01-01-01-02-01-19,03-01-01-01-02-01-19,03-01-01-01-02-01-19,data/raw/ravdess/audio_speech/Audio_Speech_Actors_01-24/Actor_19/03-01-01-01-02-01-19.wav,19,valid,01,0,neutral,01,02,01,0,neutral,0.258232,0.13086,0.10158,0.12467,0.087384,0.102109,0.099689,0.095476,/home/tonyhe/ravdess_avfusion/external/audio_ser_speechbrain/speechbrain-develop-main/outputs/embeddings_ECAPA/valid/03-01-01-01-02-01-19.npy,96
01-01-01-02-01-20,03-01-01-01-02-01-20,03-01-01-01-02-01-20,data/raw/ravdess/audio_speech/Audio_Speech_Actors_01-24/Actor_20/03-01-01-01-02-01-20.wav,20,valid,01,0,neutral,01,02,01,0,neutral,0.191817,0.143909,0.074441,0.098291,0.109481,0.093228,0.115131,0.1737,/home/tonyhe/ravdess_avfusion/external/audio_ser_speechbrain/speechbrain-develop-main/outputs/embeddings_ECAPA/valid/03-01-01-01-02-01-20.npy,96
01-01-01-02-02-17,03-01-01-01-02-02-17,03-01-01-01-02-02-17,data/raw/ravdess/audio_speech/Audio_Speech_Actors_01-24/Actor_17/03-01-01-01-02-02-17.wav,17,valid,01,0,neutral,01,02,02,7,surprise,0.113103,0.104346,0.115951,0.123795,0.063894,0.174238,0.118181,0.186492,/home/tonyhe/ravdess_avfusion/external/audio_ser_speechbrain/speechbrain-develop-main/outputs/embeddings_ECAPA/valid/03-01-01-01-02-02-17.npy,96
01-01-01-02-02-18,03-01-01-01-02-02-18,03-01-01-01-02-02-18,data/raw/ravdess/audio_speech/Audio_Speech_Actors_01-24/Actor_18/03-01-01-01-02-02-18.wav,18,valid,01,0,neutral,01,02,02,1,calm,0.140271,0.166695,0.098006,0.109913,0.106896,0.07537,0.162938,0.139911,/home/tonyhe/ravdess_avfusion/external/audio_ser_speechbrain/speechbrain-develop-main/outputs/embeddings_ECAPA/valid/03-01-01-01-02-02-18.npy,96
01-01-01-02-02-19,03-01-01-01-02-02-19,03-01-01-01-02-02-19,data/raw/ravdess/audio_speech/Audio_Speech_Actors_01-24/Actor_19/03-01-01-01-02-02-19.wav,19,valid,01,0,neutral,01,02,02,0,neutral,0.222083,0.138843,0.106054,0.142118,0.074554,0.128535,0.091984,0.095829,/home/tonyhe/ravdess_avfusion/external/audio_ser_speechbrain/speechbrain-develop-main/outputs/embeddings_ECAPA/valid/03-01-01-01-02-02-19.npy,96
01-01-01-02-02-20,03-01-01-01-02-02-20,03-01-01-01-02-02-20,data/raw/ravdess/audio_speech/Audio_Speech_Actors_01-24/Actor_20/03-01-01-01-02-02-20.wav,20,valid,01,0,neutral,01,02,02,1,calm,0.177063,0.178398,0.073917,0.089899,0.102622,0.095237,0.125154,0.157709,/home/tonyhe/ravdess_avfusion/external/audio_ser_speechbrain/speechbrain-develop-main/outputs/embeddings_ECAPA/valid/03-01-01-01-02-02-20.npy,96
01-02-01-01-01-17,03-01-02-01-01-01-17,03-01-02-01-01-01-17,data/raw/ravdess/audio_speech/Audio_Speech_Actors_01-24/Actor_17/03-01-02-01-01-01-17.wav,17,valid,02,1,calm,01,01,01,5,fearful,0.115849,0.114539,0.12793,0.094382,0.063937,0.201241,0.125318,0.156804,/home/tonyhe/ravdess_avfusion/external/audio_ser_speechbrain/speechbrain-develop-main/outputs/embeddings_ECAPA/valid/03-01-02-01-01-01-17.npy,96
01-02-01-01-01-18,03-01-02-01-01-01-18,03-01-02-01-01-01-18,data/raw/ravdess/audio_speech/Audio_Speech_Actors_01-24/Actor_18/03-01-02-01-01-01-18.wav,18,valid,02,1,calm,01,01,01,1,calm,0.116957,0.197605,0.083235,0.160908,0.095194,0.137993,0.110507,0.097601,/home/tonyhe/ravdess_avfusion/external/audio_ser_speechbrain/speechbrain-develop-main/outputs/embeddings_ECAPA/valid/03-01-02-01-01-01-18.npy,96
01-02-01-01-01-19,03-01-02-01-01-01-19,03-01-02-01-01-01-19,data/raw/ravdess/audio_speech/Audio_Speech_Actors_01-24/Actor_19/03-01-02-01-01-01-19.wav,19,valid,02,1,calm,01,01,01,1,calm,0.173992,0.22296,0.105567,0.142664,0.115488,0.102372,0.074297,0.062659,/home/tonyhe/ravdess_avfusion/external/audio_ser_speechbrain/speechbrain-develop-main/outputs/embeddings_ECAPA/valid/03-01-02-01-01-01-19.npy,96
01-02-01-01-01-20,03-01-02-01-01-01-20,03-01-02-01-01-01-20,data/raw/ravdess/audio_speech/Audio_Speech_Actors_01-24/Actor_20/03-01-02-01-01-01-20.wav,20,valid,02,1,calm,01,01,01,6,disgust,0.114502,0.163626,0.071488,0.130259,0.105659,0.116204,0.173907,0.124356,/home/tonyhe/ravdess_avfusion/external/audio_ser_speechbrain/speechbrain-develop-main/outputs/embeddings_ECAPA/valid/03-01-02-01-01-01-20.npy,96
01-02-01-01-02-17,03-01-02-01-01-02-17,03-01-02-01-01-02-17,data/raw/ravdess/audio_speech/Audio_Speech_Actors_01-24/Actor_17/03-01-02-01-01-02-17.wav,17,valid,02,1,calm,01,01,02,5,fearful,0.114977,0.098484,0.142982,0.088481,0.078769,0.250199,0.105545,0.120564,/home/tonyhe/ravdess_avfusion/external/audio_ser_speechbrain/speechbrain-develop-main/outputs/embeddings_ECAPA/valid/03-01-02-01-01-02-17.npy,96
01-02-01-01-02-18,03-01-02-01-01-02-18,03-01-02-01-01-02-18,data/raw/ravdess/audio_speech/Audio_Speech_Actors_01-24/Actor_18/03-01-02-01-01-02-18.wav,18,valid,02,1,calm,01,01,02,1,calm,0.097688,0.195879,0.07778,0.159255,0.1055,0.127997,0.1215,0.114401,/home/tonyhe/ravdess_avfusion/external/audio_ser_speechbrain/speechbrain-develop-main/outputs/embeddings_ECAPA/valid/03-01-02-01-01-02-18.npy,96
01-02-01-01-02-19,03-01-02-01-01-02-19,03-01-02-01-01-02-19,data/raw/ravdess/audio_speech/Audio_Speech_Actors_01-24/Actor_19/03-01-02-01-01-02-19.wav,19,valid,02,1,calm,01,01,02,0,neutral,0.197623,0.174987,0.141187,0.133115,0.101842,0.109893,0.069257,0.072096,/home/tonyhe/ravdess_avfusion/external/audio_ser_speechbrain/speechbrain-develop-main/outputs/embeddings_ECAPA/valid/03-01-02-01-01-02-19.npy,96
01-02-01-01-02-20,03-01-02-01-01-02-20,03-01-02-01-01-02-20,data/raw/ravdess/audio_speech/Audio_Speech_Actors_01-24/Actor_20/03-01-02-01-01-02-20.wav,20,valid,02,1,calm,01,01,02,1,calm,0.124823,0.198709,0.072974,0.131117,0.094421,0.122413,0.118286,0.137259,/home/tonyhe/ravdess_avfusion/external/audio_ser_speechbrain/speechbrain-develop-main/outputs/embeddings_ECAPA/valid/03-01-02-01-01-02-20.npy,96
01-02-01-02-01-17,03-01-02-01-02-01-17,03-01-02-01-02-01-17,data/raw/ravdess/audio_speech/Audio_Speech_Actors_01-24/Actor_17/03-01-02-01-02-01-17.wav,17,valid,02,1,calm,01,02,01,5,fearful,0.113577,0.077138,0.122238,0.109095,0.065202,0.195643,0.151813,0.165295,/home/tonyhe/ravdess_avfusion/external/audio_ser_speechbrain/speechbrain-develop-main/outputs/embeddings_ECAPA/valid/03-01-02-01-02-01-17.npy,96
01-02-01-02-01-18,03-01-02-01-02-01-18,03-01-02-01-02-01-18,data/raw/ravdess/audio_speech/Audio_Speech_Actors_01-24/Actor_18/03-01-02-01-02-01-18.wav,18,valid,02,1,calm,01,02,01,1,calm,0.107429,0.241401,0.122042,0.122828,0.095721,0.118768,0.111977,0.079834,/home/tonyhe/ravdess_avfusion/external/audio_ser_speechbrain/speechbrain-develop-main/outputs/embeddings_ECAPA/valid/03-01-02-01-02-01-18.npy,96
01-02-01-02-01-19,03-01-02-01-02-01-19,03-01-02-01-02-01-19,data/raw/ravdess/audio_speech/Audio_Speech_Actors_01-24/Actor_19/03-01-02-01-02-01-19.wav,19,valid,02,1,calm,01,02,01,0,neutral,0.207848,0.132922,0.110349,0.191719,0.101704,0.104665,0.077355,0.073437,/home/tonyhe/ravdess_avfusion/external/audio_ser_speechbrain/speechbrain-develop-main/outputs/embeddings_ECAPA/valid/03-01-02-01-02-01-19.npy,96
01-02-01-02-01-20,03-01-02-01-02-01-20,03-01-02-01-02-01-20,data/raw/ravdess/audio_speech/Audio_Speech_Actors_01-24/Actor_20/03-01-02-01-02-01-20.wav,20,valid,02,1,calm,01,02,01,1,calm,0.144562,0.153118,0.063221,0.14125,0.101116,0.100787,0.152434,0.143512,/home/tonyhe/ravdess_avfusion/external/audio_ser_speechbrain/speechbrain-develop-main/outputs/embeddings_ECAPA/valid/03-01-02-01-02-01-20.npy,96
01-02-01-02-02-17,03-01-02-01-02-02-17,03-01-02-01-02-02-17,data/raw/ravdess/audio_speech/Audio_Speech_Actors_01-24/Actor_17/03-01-02-01-02-02-17.wav,17,valid,02,1,calm,01,02,02,5,fearful,0.116624,0.101061,0.120284,0.097479,0.077046,0.250837,0.122852,0.113819,/home/tonyhe/ravdess_avfusion/external/audio_ser_speechbrain/speechbrain-develop-main/outputs/embeddings_ECAPA/valid/03-01-02-01-02-02-17.npy,96
01-02-01-02-02-18,03-01-02-01-02-02-18,03-01-02-01-02-02-18,data/raw/ravdess/audio_speech/Audio_Speech_Actors_01-24/Actor_18/03-01-02-01-02-02-18.wav,18,valid,02,1,calm,01,02,02,1,calm,0.098514,0.239879,0.135399,0.138585,0.091836,0.107254,0.100464,0.088068,/home/tonyhe/ravdess_avfusion/external/audio_ser_speechbrain/speechbrain-develop-main/outputs/embeddings_ECAPA/valid/03-01-02-01-02-02-18.npy,96
01-02-01-02-02-19,03-01-02-01-02-02-19,03-01-02-01-02-02-19,data/raw/ravdess/audio_speech/Audio_Speech_Actors_01-24/Actor_19/03-01-02-01-02-02-19.wav,19,valid,02,1,calm,01,02,02,3,sad,0.154053,0.181181,0.117821,0.192104,0.084294,0.108608,0.065607,0.096333,/home/tonyhe/ravdess_avfusion/external/audio_ser_speechbrain/speechbrain-develop-main/outputs/embeddings_ECAPA/valid/03-01-02-01-02-02-19.npy,96
01-02-01-02-02-20,03-01-02-01-02-02-20,03-01-02-01-02-02-20,data/raw/ravdess/audio_speech/Audio_Speech_Actors_01-24/Actor_20/03-01-02-01-02-02-20.wav,20,valid,02,1,calm,01,02,02,1,calm,0.111664,0.202071,0.077457,0.120918,0.100118,0.100282,0.136486,0.151003,/home/tonyhe/ravdess_avfusion/external/audio_ser_speechbrain/speechbrain-develop-main/outputs/embeddings_ECAPA/valid/03-01-02-01-02-02-20.npy,96
01-02-02-01-01-17,03-01-02-02-01-01-17,03-01-02-02-01-01-17,data/raw/ravdess/audio_speech/Audio_Speech_Actors_01-24/Actor_17/03-01-02-02-01-01-17.wav,17,valid,02,1,calm,02,01,01,5,fearful,0.109371,0.122379,0.133515,0.111202,0.07055,0.229061,0.136596,0.087326,/home/tonyhe/ravdess_avfusion/external/audio_ser_speechbrain/speechbrain-develop-main/outputs/embeddings_ECAPA/valid/03-01-02-02-01-01-17.npy,96
01-02-02-01-01-18,03-01-02-02-01-01-18,03-01-02-02-01-01-18,data/raw/ravdess/audio_speech/Audio_Speech_Actors_01-24/Actor_18/03-01-02-02-01-01-18.wav,18,valid,02,1,calm,02,01,01,1,calm,0.109863,0.257573,0.116192,0.132769,0.099134,0.10522,0.098718,0.08053,/home/tonyhe/ravdess_avfusion/external/audio_ser_speechbrain/speechbrain-develop-main/outputs/embeddings_ECAPA/valid/03-01-02-02-01-01-18.npy,96
01-02-02-01-01-19,03-01-02-02-01-01-19,03-01-02-02-01-01-19,data/raw/ravdess/audio_speech/Audio_Speech_Actors_01-24/Actor_19/03-01-02-02-01-01-19.wav,19,valid,02,1,calm,02,01,01,1,calm,0.128424,0.19656,0.166162,0.128846,0.110668,0.121713,0.088212,0.059415,/home/tonyhe/ravdess_avfusion/external/audio_ser_speechbrain/speechbrain-develop-main/outputs/embeddings_ECAPA/valid/03-01-02-02-01-01-19.npy,96
01-02-02-01-01-20,03-01-02-02-01-01-20,03-01-02-02-01-01-20,data/raw/ravdess/audio_speech/Audio_Speech_Actors_01-24/Actor_20/03-01-02-02-01-01-20.wav,20,valid,02,1,calm,02,01,01,1,calm,0.11396,0.203889,0.079636,0.145725,0.089074,0.114261,0.13164,0.121815,/home/tonyhe/ravdess_avfusion/external/audio_ser_speechbrain/speechbrain-develop-main/outputs/embeddings_ECAPA/valid/03-01-02-02-01-01-20.npy,96
01-02-02-01-02-17,03-01-02-02-01-02-17,03-01-02-02-01-02-17,data/raw/ravdess/audio_speech/Audio_Speech_Actors_01-24/Actor_17/03-01-02-02-01-02-17.wav,17,valid,02,1,calm,02,01,02,5,fearful,0.117572,0.142068,0.086224,0.137315,0.076348,0.211854,0.104471,0.124147,/home/tonyhe/ravdess_avfusion/external/audio_ser_speechbrain/speechbrain-develop-main/outputs/embeddings_ECAPA/valid/03-01-02-02-01-02-17.npy,96
01-02-02-01-02-18,03-01-02-02-01-02-18,03-01-02-02-01-02-18,data/raw/ravdess/audio_speech/Audio_Speech_Actors_01-24/Actor_18/03-01-02-02-01-02-18.wav,18,valid,02,1,calm,02,01,02,1,calm,0.122614,0.253678,0.0959,0.133278,0.119206,0.108326,0.094123,0.072874,/home/tonyhe/ravdess_avfusion/external/audio_ser_speechbrain/speechbrain-develop-main/outputs/embeddings_ECAPA/valid/03-01-02-02-01-02-18.npy,96
01-02-02-01-02-19,03-01-02-02-01-02-19,03-01-02-02-01-02-19,data/raw/ravdess/audio_speech/Audio_Speech_Actors_01-24/Actor_19/03-01-02-02-01-02-19.wav,19,valid,02,1,calm,02,01,02,1,calm,0.102463,0.239517,0.128438,0.145898,0.108512,0.103134,0.070751,0.101288,/home/tonyhe/ravdess_avfusion/external/audio_ser_speechbrain/speechbrain-develop-main/outputs/embeddings_ECAPA/valid/03-01-02-02-01-02-19.npy,96
01-02-02-01-02-20,03-01-02-02-01-02-20,03-01-02-02-01-02-20,data/raw/ravdess/audio_speech/Audio_Speech_Actors_01-24/Actor_20/03-01-02-02-01-02-20.wav,20,valid,02,1,calm,02,01,02,1,calm,0.109888,0.215211,0.083562,0.153191,0.112197,0.121951,0.117758,0.08624,/home/tonyhe/ravdess_avfusion/external/audio_ser_speechbrain/speechbrain-develop-main/outputs/embeddings_ECAPA/valid/03-01-02-02-01-02-20.npy,96
01-02-02-02-01-17,03-01-02-02-02-01-17,03-01-02-02-02-01-17,data/raw/ravdess/audio_speech/Audio_Speech_Actors_01-24/Actor_17/03-01-02-02-02-01-17.wav,17,valid,02,1,calm,02,02,01,5,fearful,0.091294,0.117981,0.12691,0.101537,0.080396,0.252764,0.136487,0.092632,/home/tonyhe/ravdess_avfusion/external/audio_ser_speechbrain/speechbrain-develop-main/outputs/embeddings_ECAPA/valid/03-01-02-02-02-01-17.npy,96
01-02-02-02-01-18,03-01-02-02-02-01-18,03-01-02-02-02-01-18,data/raw/ravdess/audio_speech/Audio_Speech_Actors_01-24/Actor_18/03-01-02-02-02-01-18.wav,18,valid,02,1,calm,02,02,01,1,calm,0.092531,0.252698,0.126542,0.122916,0.09614,0.10775,0.111609,0.089814,/home/tonyhe/ravdess_avfusion/external/audio_ser_speechbrain/speechbrain-develop-main/outputs/embeddings_ECAPA/valid/03-01-02-02-02-01-18.npy,96
01-02-02-02-01-19,03-01-02-02-02-01-19,03-01-02-02-02-01-19,data/raw/ravdess/audio_speech/Audio_Speech_Actors_01-24/Actor_19/03-01-02-02-02-01-19.wav,19,valid,02,1,calm,02,02,01,1,calm,0.116869,0.241239,0.104144,0.160949,0.101474,0.107425,0.072555,0.095344,/home/tonyhe/ravdess_avfusion/external/audio_ser_speechbrain/speechbrain-develop-main/outputs/embeddings_ECAPA/valid/03-01-02-02-02-01-19.npy,96
01-02-02-02-01-20,03-01-02-02-02-01-20,03-01-02-02-02-01-20,data/raw/ravdess/audio_speech/Audio_Speech_Actors_01-24/Actor_20/03-01-02-02-02-01-20.wav,20,valid,02,1,calm,02,02,01,1,calm,0.115693,0.169247,0.075746,0.145125,0.090208,0.11183,0.166789,0.125362,/home/tonyhe/ravdess_avfusion/external/audio_ser_speechbrain/speechbrain-develop-main/outputs/embeddings_ECAPA/valid/03-01-02-02-02-01-20.npy,96
01-02-02-02-02-17,03-01-02-02-02-02-17,03-01-02-02-02-02-17,data/raw/ravdess/audio_speech/Audio_Speech_Actors_01-24/Actor_17/03-01-02-02-02-02-17.wav,17,valid,02,1,calm,02,02,02,5,fearful,0.096054,0.149164,0.099434,0.11926,0.073225,0.206478,0.13169,0.124696,/home/tonyhe/ravdess_avfusion/external/audio_ser_speechbrain/speechbrain-develop-main/outputs/embeddings_ECAPA/valid/03-01-02-02-02-02-17.npy,96
01-02-02-02-02-18,03-01-02-02-02-02-18,03-01-02-02-02-02-18,data/raw/ravdess/audio_speech/Audio_Speech_Actors_01-24/Actor_18/03-01-02-02-02-02-18.wav,18,valid,02,1,calm,02,02,02,1,calm,0.101835,0.258765,0.131242,0.09473,0.108221,0.113111,0.105073,0.087022,/home/tonyhe/ravdess_avfusion/external/audio_ser_speechbrain/speechbrain-develop-main/outputs/embeddings_ECAPA/valid/03-01-02-02-02-02-18.npy,96
01-02-02-02-02-19,03-01-02-02-02-02-19,03-01-02-02-02-02-19,data/raw/ravdess/audio_speech/Audio_Speech_Actors_01-24/Actor_19/03-01-02-02-02-02-19.wav,19,valid,02,1,calm,02,02,02,1,calm,0.145533,0.212908,0.119315,0.174052,0.10237,0.107135,0.071998,0.06669,/home/tonyhe/ravdess_avfusion/external/audio_ser_speechbrain/speechbrain-develop-main/outputs/embeddings_ECAPA/valid/03-01-02-02-02-02-19.npy,96
01-02-02-02-02-20,03-01-02-02-02-02-20,03-01-02-02-02-02-20,data/raw/ravdess/audio_speech/Audio_Speech_Actors_01-24/Actor_20/03-01-02-02-02-02-20.wav,20,valid,02,1,calm,02,02,02,3,sad,0.123057,0.161996,0.078963,0.167795,0.08174,0.101989,0.128676,0.155784,/home/tonyhe/ravdess_avfusion/external/audio_ser_speechbrain/speechbrain-develop-main/outputs/embeddings_ECAPA/valid/03-01-02-02-02-02-20.npy,96
01-03-01-01-01-17,03-01-03-01-01-01-17,03-01-03-01-01-01-17,data/raw/ravdess/audio_speech/Audio_Speech_Actors_01-24/Actor_17/03-01-03-01-01-01-17.wav,17,valid,03,2,happy,01,01,01,5,fearful,0.093774,0.085282,0.149439,0.108699,0.06316,0.227406,0.134545,0.137696,/home/tonyhe/ravdess_avfusion/external/audio_ser_speechbrain/speechbrain-develop-main/outputs/embeddings_ECAPA/valid/03-01-03-01-01-01-17.npy,96
01-03-01-01-01-18,03-01-03-01-01-01-18,03-01-03-01-01-01-18,data/raw/ravdess/audio_speech/Audio_Speech_Actors_01-24/Actor_18/03-01-03-01-01-01-18.wav,18,valid,03,2,happy,01,01,01,2,happy,0.076387,0.147068,0.213244,0.139696,0.087168,0.104859,0.104539,0.127039,/home/tonyhe/ravdess_avfusion/external/audio_ser_speechbrain/speechbrain-develop-main/outputs/embeddings_ECAPA/valid/03-01-03-01-01-01-18.npy,96
01-03-01-01-01-19,03-01-03-01-01-01-19,03-01-03-01-01-01-19,data/raw/ravdess/audio_speech/Audio_Speech_Actors_01-24/Actor_19/03-01-03-01-01-01-19.wav,19,valid,03,2,happy,01,01,01,2,happy,0.130629,0.14146,0.15967,0.07764,0.132873,0.140343,0.083867,0.133518,/home/tonyhe/ravdess_avfusion/external/audio_ser_speechbrain/speechbrain-develop-main/outputs/embeddings_ECAPA/valid/03-01-03-01-01-01-19.npy,96
01-03-01-01-01-20,03-01-03-01-01-01-20,03-01-03-01-01-01-20,data/raw/ravdess/audio_speech/Audio_Speech_Actors_01-24/Actor_20/03-01-03-01-01-01-20.wav,20,valid,03,2,happy,01,01,01,7,surprise,0.124564,0.094016,0.127383,0.167595,0.122734,0.081171,0.081846,0.200692,/home/tonyhe/ravdess_avfusion/external/audio_ser_speechbrain/speechbrain-develop-main/outputs/embeddings_ECAPA/valid/03-01-03-01-01-01-20.npy,96
01-03-01-01-02-17,03-01-03-01-01-02-17,03-01-03-01-01-02-17,data/raw/ravdess/audio_speech/Audio_Speech_Actors_01-24/Actor_17/03-01-03-01-01-02-17.wav,17,valid,03,2,happy,01,01,02,2,happy,0.109722,0.085652,0.208313,0.137891,0.065877,0.154246,0.140735,0.097565,/home/tonyhe/ravdess_avfusion/external/audio_ser_speechbrain/speechbrain-develop-main/outputs/embeddings_ECAPA/valid/03-01-03-01-01-02-17.npy,96
01-03-01-01-02-18,03-01-03-01-01-02-18,03-01-03-01-01-02-18,data/raw/ravdess/audio_speech/Audio_Speech_Actors_01-24/Actor_18/03-01-03-01-01-02-18.wav,18,valid,03,2,happy,01,01,02,2,happy,0.109564,0.122015,0.177006,0.089882,0.060379,0.120023,0.169779,0.151352,/home/tonyhe/ravdess_avfusion/external/audio_ser_speechbrain/speechbrain-develop-main/outputs/embeddings_ECAPA/valid/03-01-03-01-01-02-18.npy,96
01-03-01-01-02-19,03-01-03-01-01-02-19,03-01-03-01-01-02-19,data/raw/ravdess/audio_speech/Audio_Speech_Actors_01-24/Actor_19/03-01-03-01-01-02-19.wav,19,valid,03,2,happy,01,01,02,2,happy,0.095413,0.135239,0.24817,0.09132,0.082961,0.142795,0.10549,0.098612,/home/tonyhe/ravdess_avfusion/external/audio_ser_speechbrain/speechbrain-develop-main/outputs/embeddings_ECAPA/valid/03-01-03-01-01-02-19.npy,96
01-03-01-01-02-20,03-01-03-01-01-02-20,03-01-03-01-01-02-20,data/raw/ravdess/audio_speech/Audio_Speech_Actors_01-24/Actor_20/03-01-03-01-01-02-20.wav,20,valid,03,2,happy,01,01,02,7,surprise,0.119593,0.125707,0.119473,0.141942,0.105912,0.092373,0.07569,0.21931,/home/tonyhe/ravdess_avfusion/external/audio_ser_speechbrain/speechbrain-develop-main/outputs/embeddings_ECAPA/valid/03-01-03-01-01-02-20.npy,96
01-03-01-02-01-17,03-01-03-01-02-01-17,03-01-03-01-02-01-17,data/raw/ravdess/audio_speech/Audio_Speech_Actors_01-24/Actor_17/03-01-03-01-02-01-17.wav,17,valid,03,2,happy,01,02,01,2,happy,0.110283,0.125354,0.199201,0.112801,0.105877,0.146615,0.131359,0.06851,/home/tonyhe/ravdess_avfusion/external/audio_ser_speechbrain/speechbrain-develop-main/outputs/embeddings_ECAPA/valid/03-01-03-01-02-01-17.npy,96
01-03-01-02-01-18,03-01-03-01-02-01-18,03-01-03-01-02-01-18,data/raw/ravdess/audio_speech/Audio_Speech_Actors_01-24/Actor_18/03-01-03-01-02-01-18.wav,18,valid,03,2,happy,01,02,01,2,happy,0.076253,0.136185,0.213528,0.125922,0.068799,0.124176,0.142712,0.112426,/home/tonyhe/ravdess_avfusion/external/audio_ser_speechbrain/speechbrain-develop-main/outputs/embeddings_ECAPA/valid/03-01-03-01-02-01-18.npy,96
01-03-01-02-01-19,03-01-03-01-02-01-19,03-01-03-01-02-01-19,data/raw/ravdess/audio_speech/Audio_Speech_Actors_01-24/Actor_19/03-01-03-01-02-01-19.wav,19,valid,03,2,happy,01,02,01,0,neutral,0.209768,0.146729,0.140842,0.107566,0.100203,0.116829,0.099198,0.078866,/home/tonyhe/ravdess_avfusion/external/audio_ser_speechbrain/speechbrain-develop-main/outputs/embeddings_ECAPA/valid/03-01-03-01-02-01-19.npy,96
01-03-01-02-01-20,03-01-03-01-02-01-20,03-01-03-01-02-01-20,data/raw/ravdess/audio_speech/Audio_Speech_Actors_01-24/Actor_20/03-01-03-01-02-01-20.wav,20,valid,03,2,happy,01,02,01,0,neutral,0.177092,0.110931,0.157115,0.150058,0.12735,0.069469,0.080862,0.127124,/home/tonyhe/ravdess_avfusion/external/audio_ser_speechbrain/speechbrain-develop-main/outputs/embeddings_ECAPA/valid/03-01-03-01-02-01-20.npy,96
01-03-01-02-02-17,03-01-03-01-02-02-17,03-01-03-01-02-02-17,data/raw/ravdess/audio_speech/Audio_Speech_Actors_01-24/Actor_17/03-01-03-01-02-02-17.wav,17,valid,03,2,happy,01,02,02,2,happy,0.116335,0.106339,0.203696,0.110995,0.069592,0.126341,0.178855,0.087846,/home/tonyhe/ravdess_avfusion/external/audio_ser_speechbrain/speechbrain-develop-main/outputs/embeddings_ECAPA/valid/03-01-03-01-02-02-17.npy,96
01-03-01-02-02-18,03-01-03-01-02-02-18,03-01-03-01-02-02-18,data/raw/ravdess/audio_speech/Audio_Speech_Actors_01-24/Actor_18/03-01-03-01-02-02-18.wav,18,valid,03,2,happy,01,02,02,2,happy,0.074073,0.142174,0.202356,0.118477,0.071974,0.109588,0.152389,0.128968,/home/tonyhe/ravdess_avfusion/external/audio_ser_speechbrain/speechbrain-develop-main/outputs/embeddings_ECAPA/valid/03-01-03-01-02-02-18.npy,96
01-03-01-02-02-19,03-01-03-01-02-02-19,03-01-03-01-02-02-19,data/raw/ravdess/audio_speech/Audio_Speech_Actors_01-24/Actor_19/03-01-03-01-02-02-19.wav,19,valid,03,2,happy,01,02,02,0,neutral,0.187787,0.132248,0.128442,0.094903,0.137374,0.103433,0.096947,0.118866,/home/tonyhe/ravdess_avfusion/external/audio_ser_speechbrain/speechbrain-develop-main/outputs/embeddings_ECAPA/valid/03-01-03-01-02-02-19.npy,96
01-03-01-02-02-20,03-01-03-01-02-02-20,03-01-03-01-02-02-20,data/raw/ravdess/audio_speech/Audio_Speech_Actors_01-24/Actor_20/03-01-03-01-02-02-20.wav,20,valid,03,2,happy,01,02,02,7,surprise,0.108131,0.138918,0.11994,0.171358,0.081775,0.102419,0.08197,0.195488,/home/tonyhe/ravdess_avfusion/external/audio_ser_speechbrain/speechbrain-develop-main/outputs/embeddings_ECAPA/valid/03-01-03-01-02-02-20.npy,96
01-03-02-01-01-17,03-01-03-02-01-01-17,03-01-03-02-01-01-17,data/raw/ravdess/audio_speech/Audio_Speech_Actors_01-24/Actor_17/03-01-03-02-01-01-17.wav,17,valid,03,2,happy,02,01,01,7,surprise,0.079159,0.071493,0.135998,0.105942,0.091243,0.199126,0.11385,0.20319,/home/tonyhe/ravdess_avfusion/external/audio_ser_speechbrain/speechbrain-develop-main/outputs/embeddings_ECAPA/valid/03-01-03-02-01-01-17.npy,96
01-03-02-01-01-18,03-01-03-02-01-01-18,03-01-03-02-01-01-18,data/raw/ravdess/audio_speech/Audio_Speech_Actors_01-24/Actor_18/03-01-03-02-01-01-18.wav,18,valid,03,2,happy,02,01,01,1,calm,0.142058,0.191456,0.142169,0.133292,0.084716,0.107784,0.071084,0.12744,/home/tonyhe/ravdess_avfusion/external/audio_ser_speechbrain/speechbrain-develop-main/outputs/embeddings_ECAPA/valid/03-01-03-02-01-01-18.npy,96
01-03-02-01-01-19,03-01-03-02-01-01-19,03-01-03-02-01-01-19,data/raw/ravdess/audio_speech/Audio_Speech_Actors_01-24/Actor_19/03-01-03-02-01-01-19.wav,19,valid,03,2,happy,02,01,01,2,happy,0.098766,0.104459,0.227077,0.08177,0.103549,0.09779,0.15775,0.128839,/home/tonyhe/ravdess_avfusion/external/audio_ser_speechbrain/speechbrain-develop-main/outputs/embeddings_ECAPA/valid/03-01-03-02-01-01-19.npy,96
01-03-02-01-01-20,03-01-03-02-01-01-20,03-01-03-02-01-01-20,data/raw/ravdess/audio_speech/Audio_Speech_Actors_01-24/Actor_20/03-01-03-02-01-01-20.wav,20,valid,03,2,happy,02,01,01,3,sad,0.146104,0.10685,0.156755,0.171679,0.087926,0.069717,0.099154,0.161814,/home/tonyhe/ravdess_avfusion/external/audio_ser_speechbrain/speechbrain-develop-main/outputs/embeddings_ECAPA/valid/03-01-03-02-01-01-20.npy,96
01-03-02-01-02-17,03-01-03-02-01-02-17,03-01-03-02-01-02-17,data/raw/ravdess/audio_speech/Audio_Speech_Actors_01-24/Actor_17/03-01-03-02-01-02-17.wav,17,valid,03,2,happy,02,01,02,5,fearful,0.090733,0.092697,0.12701,0.074475,0.094827,0.248778,0.121313,0.150168,/home/tonyhe/ravdess_avfusion/external/audio_ser_speechbrain/speechbrain-develop-main/outputs/embeddings_ECAPA/valid/03-01-03-02-01-02-17.npy,96
01-03-02-01-02-18,03-01-03-02-01-02-18,03-01-03-02-01-02-18,data/raw/ravdess/audio_speech/Audio_Speech_Actors_01-24/Actor_18/03-01-03-02-01-02-18.wav,18,valid,03,2,happy,02,01,02,2,happy,0.096862,0.149846,0.197724,0.113119,0.077266,0.145677,0.091253,0.128253,/home/tonyhe/ravdess_avfusion/external/audio_ser_speechbrain/speechbrain-develop-main/outputs/embeddings_ECAPA/valid/03-01-03-02-01-02-18.npy,96
01-03-02-01-02-19,03-01-03-02-01-02-19,03-01-03-02-01-02-19,data/raw/ravdess/audio_speech/Audio_Speech_Actors_01-24/Actor_19/03-01-03-02-01-02-19.wav,19,valid,03,2,happy,02,01,02,7,surprise,0.066139,0.085803,0.123072,0.119341,0.13464,0.156169,0.155536,0.159301,/home/tonyhe/ravdess_avfusion/external/audio_ser_speechbrain/speechbrain-develop-main/outputs/embeddings_ECAPA/valid/03-01-03-02-01-02-19.npy,96
01-03-02-01-02-20,03-01-03-02-01-02-20,03-01-03-02-01-02-20,data/raw/ravdess/audio_speech/Audio_Speech_Actors_01-24/Actor_20/03-01-03-02-01-02-20.wav,20,valid,03,2,happy,02,01,02,3,sad,0.094112,0.144727,0.169321,0.179134,0.08367,0.156266,0.096748,0.076022,/home/tonyhe/ravdess_avfusion/external/audio_ser_speechbrain/speechbrain-develop-main/outputs/embeddings_ECAPA/valid/03-01-03-02-01-02-20.npy,96
01-03-02-02-01-17,03-01-03-02-02-01-17,03-01-03-02-02-01-17,data/raw/ravdess/audio_speech/Audio_Speech_Actors_01-24/Actor_17/03-01-03-02-02-01-17.wav,17,valid,03,2,happy,02,02,01,5,fearful,0.074276,0.08064,0.144497,0.080015,0.083948,0.194503,0.174765,0.167356,/home/tonyhe/ravdess_avfusion/external/audio_ser_speechbrain/speechbrain-develop-main/outputs/embeddings_ECAPA/valid/03-01-03-02-02-01-17.npy,96
01-03-02-02-01-18,03-01-03-02-02-01-18,03-01-03-02-02-01-18,data/raw/ravdess/audio_speech/Audio_Speech_Actors_01-24/Actor_18/03-01-03-02-02-01-18.wav,18,valid,03,2,happy,02,02,01,2,happy,0.11842,0.119326,0.233461,0.102118,0.08795,0.123006,0.079607,0.136111,/home/tonyhe/ravdess_avfusion/external/audio_ser_speechbrain/speechbrain-develop-main/outputs/embeddings_ECAPA/valid/03-01-03-02-02-01-18.npy,96
01-03-02-02-01-19,03-01-03-02-02-01-19,03-01-03-02-02-01-19,data/raw/ravdess/audio_speech/Audio_Speech_Actors_01-24/Actor_19/03-01-03-02-02-01-19.wav,19,valid,03,2,happy,02,02,01,3,sad,0.094036,0.077772,0.166964,0.196157,0.100276,0.109494,0.12389,0.131411,/home/tonyhe/ravdess_avfusion/external/audio_ser_speechbrain/speechbrain-develop-main/outputs/embeddings_ECAPA/valid/03-01-03-02-02-01-19.npy,96
01-03-02-02-01-20,03-01-03-02-02-01-20,03-01-03-02-02-01-20,data/raw/ravdess/audio_speech/Audio_Speech_Actors_01-24/Actor_20/03-01-03-02-02-01-20.wav,20,valid,03,2,happy,02,02,01,4,angry,0.147223,0.109187,0.090827,0.152901,0.196319,0.075565,0.082639,0.14534,/home/tonyhe/ravdess_avfusion/external/audio_ser_speechbrain/speechbrain-develop-main/outputs/embeddings_ECAPA/valid/03-01-03-02-02-01-20.npy,96
01-03-02-02-02-17,03-01-03-02-02-02-17,03-01-03-02-02-02-17,data/raw/ravdess/audio_speech/Audio_Speech_Actors_01-24/Actor_17/03-01-03-02-02-02-17.wav,17,valid,03,2,happy,02,02,02,2,happy,0.078963,0.073629,0.201489,0.101915,0.091277,0.148588,0.186987,0.117152,/home/tonyhe/ravdess_avfusion/external/audio_ser_speechbrain/speechbrain-develop-main/outputs/embeddings_ECAPA/valid/03-01-03-02-02-02-17.npy,96
01-03-02-02-02-18,03-01-03-02-02-02-18,03-01-03-02-02-02-18,data/raw/ravdess/audio_speech/Audio_Speech_Actors_01-24/Actor_18/03-01-03-02-02-02-18.wav,18,valid,03,2,happy,02,02,02,1,calm,0.117417,0.19135,0.182282,0.101488,0.075398,0.13922,0.085382,0.107463,/home/tonyhe/ravdess_avfusion/external/audio_ser_speechbrain/speechbrain-develop-main/outputs/embeddings_ECAPA/valid/03-01-03-02-02-02-18.npy,96
01-03-02-02-02-19,03-01-03-02-02-02-19,03-01-03-02-02-02-19,data/raw/ravdess/audio_speech/Audio_Speech_Actors_01-24/Actor_19/03-01-03-02-02-02-19.wav,19,valid,03,2,happy,02,02,02,2,happy,0.107254,0.097034,0.181092,0.107656,0.175625,0.074941,0.133107,0.123291,/home/tonyhe/ravdess_avfusion/external/audio_ser_speechbrain/speechbrain-develop-main/outputs/embeddings_ECAPA/valid/03-01-03-02-02-02-19.npy,96
01-03-02-02-02-20,03-01-03-02-02-02-20,03-01-03-02-02-02-20,data/raw/ravdess/audio_speech/Audio_Speech_Actors_01-24/Actor_20/03-01-03-02-02-02-20.wav,20,valid,03,2,happy,02,02,02,3,sad,0.123815,0.129892,0.089747,0.183823,0.114022,0.152583,0.099551,0.106566,/home/tonyhe/ravdess_avfusion/external/audio_ser_speechbrain/speechbrain-develop-main/outputs/embeddings_ECAPA/valid/03-01-03-02-02-02-20.npy,96
01-04-01-01-01-17,03-01-04-01-01-01-17,03-01-04-01-01-01-17,data/raw/ravdess/audio_speech/Audio_Speech_Actors_01-24/Actor_17/03-01-04-01-01-01-17.wav,17,valid,04,3,sad,01,01,01,5,fearful,0.087875,0.095402,0.171819,0.123524,0.060454,0.185065,0.157446,0.118415,/home/tonyhe/ravdess_avfusion/external/audio_ser_speechbrain/speechbrain-develop-main/outputs/embeddings_ECAPA/valid/03-01-04-01-01-01-17.npy,96
01-04-01-01-01-18,03-01-04-01-01-01-18,03-01-04-01-01-01-18,data/raw/ravdess/audio_speech/Audio_Speech_Actors_01-24/Actor_18/03-01-04-01-01-01-18.wav,18,valid,04,3,sad,01,01,01,3,sad,0.152044,0.117707,0.112014,0.227641,0.107655,0.070587,0.121072,0.09128,/home/tonyhe/ravdess_avfusion/external/audio_ser_speechbrain/speechbrain-develop-main/outputs/embeddings_ECAPA/valid/03-01-04-01-01-01-18.npy,96
01-04-01-01-01-19,03-01-04-01-01-01-19,03-01-04-01-01-01-19,data/raw/ravdess/audio_speech/Audio_Speech_Actors_01-24/Actor_19/03-01-04-01-01-01-19.wav,19,valid,04,3,sad,01,01,01,7,surprise,0.171236,0.082452,0.100737,0.13019,0.07819,0.149273,0.112561,0.17536,/home/tonyhe/ravdess_avfusion/external/audio_ser_speechbrain/speechbrain-develop-main/outputs/embeddings_ECAPA/valid/03-01-04-01-01-01-19.npy,96
01-04-01-01-01-20,03-01-04-01-01-01-20,03-01-04-01-01-01-20,data/raw/ravdess/audio_speech/Audio_Speech_Actors_01-24/Actor_20/03-01-04-01-01-01-20.wav,20,valid,04,3,sad,01,01,01,3,sad,0.088364,0.152807,0.081958,0.167688,0.106523,0.163839,0.145674,0.093146,/home/tonyhe/ravdess_avfusion/external/audio_ser_speechbrain/speechbrain-develop-main/outputs/embeddings_ECAPA/valid/03-01-04-01-01-01-20.npy,96
01-04-01-01-02-17,03-01-04-01-01-02-17,03-01-04-01-01-02-17,data/raw/ravdess/audio_speech/Audio_Speech_Actors_01-24/Actor_17/03-01-04-01-01-02-17.wav,17,valid,04,3,sad,01,01,02,5,fearful,0.090755,0.095622,0.147451,0.11233,0.070351,0.248276,0.120309,0.114906,/home/tonyhe/ravdess_avfusion/external/audio_ser_speechbrain/speechbrain-develop-main/outputs/embeddings_ECAPA/valid/03-01-04-01-01-02-17.npy,96
01-04-01-01-02-18,03-01-04-01-01-02-18,03-01-04-01-01-02-18,data/raw/ravdess/audio_speech/Audio_Speech_Actors_01-24/Actor_18/03-01-04-01-01-02-18.wav,18,valid,04,3,sad,01,01,02,3,sad,0.119829,0.132325,0.104162,0.169534,0.14919,0.067841,0.152197,0.10492,/home/tonyhe/ravdess_avfusion/external/audio_ser_speechbrain/speechbrain-develop-main/outputs/embeddings_ECAPA/valid/03-01-04-01-01-02-18.npy,96
01-04-01-01-02-19,03-01-04-01-01-02-19,03-01-04-01-01-02-19,data/raw/ravdess/audio_speech/Audio_Speech_Actors_01-24/Actor_19/03-01-04-01-01-02-19.wav,19,valid,04,3,sad,01,01,02,3,sad,0.108792,0.126969,0.083985,0.182724,0.089435,0.129278,0.175144,0.103673,/home/tonyhe/ravdess_avfusion/external/audio_ser_speechbrain/speechbrain-develop-main/outputs/embeddings_ECAPA/valid/03-01-04-01-01-02-19.npy,96
01-04-01-01-02-20,03-01-04-01-01-02-20,03-01-04-01-01-02-20,data/raw/ravdess/audio_speech/Audio_Speech_Actors_01-24/Actor_20/03-01-04-01-01-02-20.wav,20,valid,04,3,sad,01,01,02,3,sad,0.133795,0.127171,0.087887,0.178422,0.099734,0.134798,0.147587,0.090605,/home/tonyhe/ravdess_avfusion/external/audio_ser_speechbrain/speechbrain-develop-main/outputs/embeddings_ECAPA/valid/03-01-04-01-01-02-20.npy,96
01-04-01-02-01-17,03-01-04-01-02-01-17,03-01-04-01-02-01-17,data/raw/ravdess/audio_speech/Audio_Speech_Actors_01-24/Actor_17/03-01-04-01-02-01-17.wav,17,valid,04,3,sad,01,02,01,2,happy,0.129715,0.088503,0.19378,0.119246,0.06177,0.149258,0.148814,0.108914,/home/tonyhe/ravdess_avfusion/external/audio_ser_speechbrain/speechbrain-develop-main/outputs/embeddings_ECAPA/valid/03-01-04-01-02-01-17.npy,96
01-04-01-02-01-18,03-01-04-01-02-01-18,03-01-04-01-02-01-18,data/raw/ravdess/audio_speech/Audio_Speech_Actors_01-24/Actor_18/03-01-04-01-02-01-18.wav,18,valid,04,3,sad,01,02,01,1,calm,0.13115,0.192352,0.074762,0.181547,0.105435,0.094815,0.112404,0.107534,/home/tonyhe/ravdess_avfusion/external/audio_ser_speechbrain/speechbrain-develop-main/outputs/embeddings_ECAPA/valid/03-01-04-01-02-01-18.npy,96
01-04-01-02-01-19,03-01-04-01-02-01-19,03-01-04-01-02-01-19,data/raw/ravdess/audio_speech/Audio_Speech_Actors_01-24/Actor_19/03-01-04-01-02-01-19.wav,19,valid,04,3,sad,01,02,01,0,neutral,0.186312,0.086227,0.105357,0.15208,0.074006,0.117805,0.109077,0.169136,/home/tonyhe/ravdess_avfusion/external/audio_ser_speechbrain/speechbrain-develop-main/outputs/embeddings_ECAPA/valid/03-01-04-01-02-01-19.npy,96
01-04-01-02-01-20,03-01-04-01-02-01-20,03-01-04-01-02-01-20,data/raw/ravdess/audio_speech/Audio_Speech_Actors_01-24/Actor_20/03-01-04-01-02-01-20.wav,20,valid,04,3,sad,01,02,01,3,sad,0.127318,0.106429,0.060701,0.168473,0.117131,0.102676,0.168212,0.149059,/home/tonyhe/ravdess_avfusion/external/audio_ser_speechbrain/speechbrain-develop-main/outputs/embeddings_ECAPA/valid/03-01-04-01-02-01-20.npy,96
01-04-01-02-02-17,03-01-04-01-02-02-17,03-01-04-01-02-02-17,data/raw/ravdess/audio_speech/Audio_Speech_Actors_01-24/Actor_17/03-01-04-01-02-02-17.wav,17,valid,04,3,sad,01,02,02,2,happy,0.098347,0.068421,0.182926,0.156892,0.072439,0.150448,0.147728,0.122799,/home/tonyhe/ravdess_avfusion/external/audio_ser_speechbrain/speechbrain-develop-main/outputs/embeddings_ECAPA/valid/03-01-04-01-02-02-17.npy,96
01-04-01-02-02-18,03-01-04-01-02-02-18,03-01-04-01-02-02-18,data/raw/ravdess/audio_speech/Audio_Speech_Actors_01-24/Actor_18/03-01-04-01-02-02-18.wav,18,valid,04,3,sad,01,02,02,1,calm,0.123601,0.206055,0.069241,0.162477,0.1253,0.104699,0.109795,0.098831,/home/tonyhe/ravdess_avfusion/external/audio_ser_speechbrain/speechbrain-develop-main/outputs/embeddings_ECAPA/valid/03-01-04-01-02-02-18.npy,96
01-04-01-02-02-19,03-01-04-01-02-02-19,03-01-04-01-02-02-19,data/raw/ravdess/audio_speech/Audio_Speech_Actors_01-24/Actor_19/03-01-04-01-02-02-19.wav,19,valid,04,3,sad,01,02,02,0,neutral,0.222537,0.163701,0.090267,0.172941,0.101915,0.090378,0.089836,0.068426,/home/tonyhe/ravdess_avfusion/external/audio_ser_speechbrain/speechbrain-develop-main/outputs/embeddings_ECAPA/valid/03-01-04-01-02-02-19.npy,96
01-04-01-02-02-20,03-01-04-01-02-02-20,03-01-04-01-02-02-20,data/raw/ravdess/audio_speech/Audio_Speech_Actors_01-24/Actor_20/03-01-04-01-02-02-20.wav,20,valid,04,3,sad,01,02,02,3,sad,0.1184,0.14672,0.072027,0.155496,0.114293,0.146631,0.146639,0.099796,/home/tonyhe/ravdess_avfusion/external/audio_ser_speechbrain/speechbrain-develop-main/outputs/embeddings_ECAPA/valid/03-01-04-01-02-02-20.npy,96
01-04-02-01-01-17,03-01-04-02-01-01-17,03-01-04-02-01-01-17,data/raw/ravdess/audio_speech/Audio_Speech_Actors_01-24/Actor_17/03-01-04-02-01-01-17.wav,17,valid,04,3,sad,02,01,01,5,fearful,0.098586,0.085765,0.122821,0.098349,0.106827,0.277069,0.105959,0.104624,/home/tonyhe/ravdess_avfusion/external/audio_ser_speechbrain/speechbrain-develop-main/outputs/embeddings_ECAPA/valid/03-01-04-02-01-01-17.npy,96
01-04-02-01-01-18,03-01-04-02-01-01-18,03-01-04-02-01-01-18,data/raw/ravdess/audio_speech/Audio_Speech_Actors_01-24/Actor_18/03-01-04-02-01-01-18.wav,18,valid,04,3,sad,02,01,01,0,neutral,0.197813,0.139909,0.144489,0.126056,0.140205,0.083982,0.067441,0.100104,/home/tonyhe/ravdess_avfusion/external/audio_ser_speechbrain/speechbrain-develop-main/outputs/embeddings_ECAPA/valid/03-01-04-02-01-01-18.npy,96
01-04-02-01-01-19,03-01-04-02-01-01-19,03-01-04-02-01-01-19,data/raw/ravdess/audio_speech/Audio_Speech_Actors_01-24/Actor_19/03-01-04-02-01-01-19.wav,19,valid,04,3,sad,02,01,01,3,sad,0.090722,0.062655,0.137469,0.192897,0.085713,0.124392,0.16611,0.140042,/home/tonyhe/ravdess_avfusion/external/audio_ser_speechbrain/speechbrain-develop-main/outputs/embeddings_ECAPA/valid/03-01-04-02-01-01-19.npy,96
01-04-02-01-01-20,03-01-04-02-01-01-20,03-01-04-02-01-01-20,data/raw/ravdess/audio_speech/Audio_Speech_Actors_01-24/Actor_20/03-01-04-02-01-01-20.wav,20,valid,04,3,sad,02,01,01,3,sad,0.130961,0.086756,0.105314,0.252238,0.072807,0.116425,0.118883,0.116615,/home/tonyhe/ravdess_avfusion/external/audio_ser_speechbrain/speechbrain-develop-main/outputs/embeddings_ECAPA/valid/03-01-04-02-01-01-20.npy,96
01-04-02-01-02-17,03-01-04-02-01-02-17,03-01-04-02-01-02-17,data/raw/ravdess/audio_speech/Audio_Speech_Actors_01-24/Actor_17/03-01-04-02-01-02-17.wav,17,valid,04,3,sad,02,01,02,5,fearful,0.078836,0.079691,0.182965,0.132954,0.076834,0.202553,0.137002,0.109166,/home/tonyhe/ravdess_avfusion/external/audio_ser_speechbrain/speechbrain-develop-main/outputs/embeddings_ECAPA/valid/03-01-04-02-01-02-17.npy,96
01-04-02-01-02-18,03-01-04-02-01-02-18,03-01-04-02-01-02-18,data/raw/ravdess/audio_speech/Audio_Speech_Actors_01-24/Actor_18/03-01-04-02-01-02-18.wav,18,valid,04,3,sad,02,01,02,0,neutral,0.163479,0.160011,0.136152,0.147811,0.105193,0.138273,0.065734,0.083347,/home/tonyhe/ravdess_avfusion/external/audio_ser_speechbrain/speechbrain-develop-main/outputs/embeddings_ECAPA/valid/03-01-04-02-01-02-18.npy,96
01-04-02-01-02-19,03-01-04-02-01-02-19,03-01-04-02-01-02-19,data/raw/ravdess/audio_speech/Audio_Speech_Actors_01-24/Actor_19/03-01-04-02-01-02-19.wav,19,valid,04,3,sad,02,01,02,6,disgust,0.131639,0.055684,0.112525,0.139348,0.109957,0.101738,0.212646,0.136463,/home/tonyhe/ravdess_avfusion/external/audio_ser_speechbrain/speechbrain-develop-main/outputs/embeddings_ECAPA/valid/03-01-04-02-01-02-19.npy,96
01-04-02-01-02-20,03-01-04-02-01-02-20,03-01-04-02-01-02-20,data/raw/ravdess/audio_speech/Audio_Speech_Actors_01-24/Actor_20/03-01-04-02-01-02-20.wav,20,valid,04,3,sad,02,01,02,3,sad,0.132499,0.119075,0.141887,0.243963,0.076855,0.111226,0.088044,0.086451,/home/tonyhe/ravdess_avfusion/external/audio_ser_speechbrain/speechbrain-develop-main/outputs/embeddings_ECAPA/valid/03-01-04-02-01-02-20.npy,96
01-04-02-02-01-17,03-01-04-02-02-01-17,03-01-04-02-02-01-17,data/raw/ravdess/audio_speech/Audio_Speech_Actors_01-24/Actor_17/03-01-04-02-02-01-17.wav,17,valid,04,3,sad,02,02,01,5,fearful,0.09188,0.087044,0.118504,0.14712,0.09903,0.23198,0.140325,0.084117,/home/tonyhe/ravdess_avfusion/external/audio_ser_speechbrain/speechbrain-develop-main/outputs/embeddings_ECAPA/valid/03-01-04-02-02-01-17.npy,96
01-04-02-02-01-18,03-01-04-02-02-01-18,03-01-04-02-02-01-18,data/raw/ravdess/audio_speech/Audio_Speech_Actors_01-24/Actor_18/03-01-04-02-02-01-18.wav,18,valid,04,3,sad,02,02,01,1,calm,0.127051,0.186781,0.127391,0.183462,0.108975,0.111546,0.061797,0.092996,/home/tonyhe/ravdess_avfusion/external/audio_ser_speechbrain/speechbrain-develop-main/outputs/embeddings_ECAPA/valid/03-01-04-02-02-01-18.npy,96
01-04-02-02-01-19,03-01-04-02-02-01-19,03-01-04-02-02-01-19,data/raw/ravdess/audio_speech/Audio_Speech_Actors_01-24/Actor_19/03-01-04-02-02-01-19.wav,19,valid,04,3,sad,02,02,01,3,sad,0.153358,0.062419,0.126205,0.192082,0.087854,0.112307,0.116677,0.149098,/home/tonyhe/ravdess_avfusion/external/audio_ser_speechbrain/speechbrain-develop-main/outputs/embeddings_ECAPA/valid/03-01-04-02-02-01-19.npy,96
01-04-02-02-01-20,03-01-04-02-02-01-20,03-01-04-02-02-01-20,data/raw/ravdess/audio_speech/Audio_Speech_Actors_01-24/Actor_20/03-01-04-02-02-01-20.wav,20,valid,04,3,sad,02,02,01,3,sad,0.119526,0.089018,0.107957,0.237301,0.076752,0.085118,0.123961,0.160367,/home/tonyhe/ravdess_avfusion/external/audio_ser_speechbrain/speechbrain-develop-main/outputs/embeddings_ECAPA/valid/03-01-04-02-02-01-20.npy,96
01-04-02-02-02-17,03-01-04-02-02-02-17,03-01-04-02-02-02-17,data/raw/ravdess/audio_speech/Audio_Speech_Actors_01-24/Actor_17/03-01-04-02-02-02-17.wav,17,valid,04,3,sad,02,02,02,5,fearful,0.095056,0.073197,0.133072,0.132998,0.094622,0.240672,0.134844,0.09554,/home/tonyhe/ravdess_avfusion/external/audio_ser_speechbrain/speechbrain-develop-main/outputs/embeddings_ECAPA/valid/03-01-04-02-02-02-17.npy,96
01-04-02-02-02-18,03-01-04-02-02-02-18,03-01-04-02-02-02-18,data/raw/ravdess/audio_speech/Audio_Speech_Actors_01-24/Actor_18/03-01-04-02-02-02-18.wav,18,valid,04,3,sad,02,02,02,1,calm,0.118207,0.181003,0.136984,0.151718,0.178126,0.095114,0.064938,0.07391,/home/tonyhe/ravdess_avfusion/external/audio_ser_speechbrain/speechbrain-develop-main/outputs/embeddings_ECAPA/valid/03-01-04-02-02-02-18.npy,96
01-04-02-02-02-19,03-01-04-02-02-02-19,03-01-04-02-02-02-19,data/raw/ravdess/audio_speech/Audio_Speech_Actors_01-24/Actor_19/03-01-04-02-02-02-19.wav,19,valid,04,3,sad,02,02,02,3,sad,0.143128,0.058452,0.156076,0.182236,0.08651,0.110677,0.128961,0.13396,/home/tonyhe/ravdess_avfusion/external/audio_ser_speechbrain/speechbrain-develop-main/outputs/embeddings_ECAPA/valid/03-01-04-02-02-02-19.npy,96
01-04-02-02-02-20,03-01-04-02-02-02-20,03-01-04-02-02-02-20,data/raw/ravdess/audio_speech/Audio_Speech_Actors_01-24/Actor_20/03-01-04-02-02-02-20.wav,20,valid,04,3,sad,02,02,02,3,sad,0.161471,0.10631,0.120683,0.255021,0.081281,0.095867,0.0914,0.087967,/home/tonyhe/ravdess_avfusion/external/audio_ser_speechbrain/speechbrain-develop-main/outputs/embeddings_ECAPA/valid/03-01-04-02-02-02-20.npy,96
01-05-01-01-01-17,03-01-05-01-01-01-17,03-01-05-01-01-01-17,data/raw/ravdess/audio_speech/Audio_Speech_Actors_01-24/Actor_17/03-01-05-01-01-01-17.wav,17,valid,05,4,angry,01,01,01,5,fearful,0.113032,0.07272,0.135321,0.102563,0.082111,0.187597,0.176464,0.130193,/home/tonyhe/ravdess_avfusion/external/audio_ser_speechbrain/speechbrain-develop-main/outputs/embeddings_ECAPA/valid/03-01-05-01-01-01-17.npy,96
01-05-01-01-01-18,03-01-05-01-01-01-18,03-01-05-01-01-01-18,data/raw/ravdess/audio_speech/Audio_Speech_Actors_01-24/Actor_18/03-01-05-01-01-01-18.wav,18,valid,05,4,angry,01,01,01,4,angry,0.114216,0.099023,0.167942,0.109441,0.199416,0.072398,0.126992,0.110571,/home/tonyhe/ravdess_avfusion/external/audio_ser_speechbrain/speechbrain-develop-main/outputs/embeddings_ECAPA/valid/03-01-05-01-01-01-18.npy,96
01-05-01-01-01-19,03-01-05-01-01-01-19,03-01-05-01-01-01-19,data/raw/ravdess/audio_speech/Audio_Speech_Actors_01-24/Actor_19/03-01-05-01-01-01-19.wav,19,valid,05,4,angry,01,01,01,4,angry,0.109429,0.09423,0.1451,0.09135,0.212841,0.075869,0.15284,0.118341,/home/tonyhe/ravdess_avfusion/external/audio_ser_speechbrain/speechbrain-develop-main/outputs/embeddings_ECAPA/valid/03-01-05-01-01-01-19.npy,96
01-05-01-01-01-20,03-01-05-01-01-01-20,03-01-05-01-01-01-20,data/raw/ravdess/audio_speech/Audio_Speech_Actors_01-24/Actor_20/03-01-05-01-01-01-20.wav,20,valid,05,4,angry,01,01,01,3,sad,0.154734,0.144295,0.092939,0.165993,0.076983,0.129521,0.090503,0.145031,/home/tonyhe/ravdess_avfusion/external/audio_ser_speechbrain/speechbrain-develop-main/outputs/embeddings_ECAPA/valid/03-01-05-01-01-01-20.npy,96
01-05-01-01-02-17,03-01-05-01-01-02-17,03-01-05-01-01-02-17,data/raw/ravdess/audio_speech/Audio_Speech_Actors_01-24/Actor_17/03-01-05-01-01-02-17.wav,17,valid,05,4,angry,01,01,02,5,fearful,0.093904,0.119013,0.118446,0.089125,0.110119,0.261981,0.117554,0.089858,/home/tonyhe/ravdess_avfusion/external/audio_ser_speechbrain/speechbrain-develop-main/outputs/embeddings_ECAPA/valid/03-01-05-01-01-02-17.npy,96
01-05-01-01-02-18,03-01-05-01-01-02-18,03-01-05-01-01-02-18,data/raw/ravdess/audio_speech/Audio_Speech_Actors_01-24/Actor_18/03-01-05-01-01-02-18.wav,18,valid,05,4,angry,01,01,02,5,fearful,0.089168,0.123255,0.085962,0.141814,0.135741,0.185035,0.158268,0.080757,/home/tonyhe/ravdess_avfusion/external/audio_ser_speechbrain/speechbrain-develop-main/outputs/embeddings_ECAPA/valid/03-01-05-01-01-02-18.npy,96
01-05-01-01-02-19,03-01-05-01-01-02-19,03-01-05-01-01-02-19,data/raw/ravdess/audio_speech/Audio_Speech_Actors_01-24/Actor_19/03-01-05-01-01-02-19.wav,19,valid,05,4,angry,01,01,02,4,angry,0.117512,0.094424,0.153605,0.100801,0.222492,0.090677,0.13531,0.085178,/home/tonyhe/ravdess_avfusion/external/audio_ser_speechbrain/speechbrain-develop-main/outputs/embeddings_ECAPA/valid/03-01-05-01-01-02-19.npy,96
01-05-01-01-02-20,03-01-05-01-01-02-20,03-01-05-01-01-02-20,data/raw/ravdess/audio_speech/Audio_Speech_Actors_01-24/Actor_20/03-01-05-01-01-02-20.wav,20,valid,05,4,angry,01,01,02,4,angry,0.075766,0.14663,0.126425,0.115064,0.170123,0.127048,0.07622,0.162725,/home/tonyhe/ravdess_avfusion/external/audio_ser_speechbrain/speechbrain-develop-main/outputs/embeddings_ECAPA/valid/03-01-05-01-01-02-20.npy,96
01-05-01-02-01-17,03-01-05-01-02-01-17,03-01-05-01-02-01-17,data/raw/ravdess/audio_speech/Audio_Speech_Actors_01-24/Actor_17/03-01-05-01-02-01-17.wav,17,valid,05,4,angry,01,02,01,5,fearful,0.089918,0.082057,0.175842,0.089013,0.132276,0.207546,0.111405,0.111943,/home/tonyhe/ravdess_avfusion/external/audio_ser_speechbrain/speechbrain-develop-main/outputs/embeddings_ECAPA/valid/03-01-05-01-02-01-17.npy,96
01-05-01-02-01-18,03-01-05-01-02-01-18,03-01-05-01-02-01-18,data/raw/ravdess/audio_speech/Audio_Speech_Actors_01-24/Actor_18/03-01-05-01-02-01-18.wav,18,valid,05,4,angry,01,02,01,4,angry,0.099416,0.093712,0.117168,0.098855,0.229544,0.077908,0.142251,0.141145,/home/tonyhe/ravdess_avfusion/external/audio_ser_speechbrain/speechbrain-develop-main/outputs/embeddings_ECAPA/valid/03-01-05-01-02-01-18.npy,96
01-05-01-02-01-19,03-01-05-01-02-01-19,03-01-05-01-02-01-19,data/raw/ravdess/audio_speech/Audio_Speech_Actors_01-24/Actor_19/03-01-05-01-02-01-19.wav,19,valid,05,4,angry,01,02,01,2,happy,0.128972,0.13513,0.199217,0.08743,0.132295,0.073295,0.106528,0.137133,/home/tonyhe/ravdess_avfusion/external/audio_ser_speechbrain/speechbrain-develop-main/outputs/embeddings_ECAPA/valid/03-01-05-01-02-01-19.npy,96
01-05-01-02-01-20,03-01-05-01-02-01-20,03-01-05-01-02-01-20,data/raw/ravdess/audio_speech/Audio_Speech_Actors_01-24/Actor_20/03-01-05-01-02-01-20.wav,20,valid,05,4,angry,01,02,01,3,sad,0.112768,0.066972,0.098392,0.183528,0.127288,0.088041,0.166602,0.156409,/home/tonyhe/ravdess_avfusion/external/audio_ser_speechbrain/speechbrain-develop-main/outputs/embeddings_ECAPA/valid/03-01-05-01-02-01-20.npy,96
01-05-01-02-02-17,03-01-05-01-02-02-17,03-01-05-01-02-02-17,data/raw/ravdess/audio_speech/Audio_Speech_Actors_01-24/Actor_17/03-01-05-01-02-02-17.wav,17,valid,05,4,angry,01,02,02,5,fearful,0.122105,0.098622,0.132519,0.108965,0.095841,0.192636,0.169015,0.080296,/home/tonyhe/ravdess_avfusion/external/audio_ser_speechbrain/speechbrain-develop-main/outputs/embeddings_ECAPA/valid/03-01-05-01-02-02-17.npy,96
01-05-01-02-02-18,03-01-05-01-02-02-18,03-01-05-01-02-02-18,data/raw/ravdess/audio_speech/Audio_Speech_Actors_01-24/Actor_18/03-01-05-01-02-02-18.wav,18,valid,05,4,angry,01,02,02,4,angry,0.103899,0.118139,0.140701,0.107084,0.203477,0.068141,0.122569,0.135989,/home/tonyhe/ravdess_avfusion/external/audio_ser_speechbrain/speechbrain-develop-main/outputs/embeddings_ECAPA/valid/03-01-05-01-02-02-18.npy,96
01-05-01-02-02-19,03-01-05-01-02-02-19,03-01-05-01-02-02-19,data/raw/ravdess/audio_speech/Audio_Speech_Actors_01-24/Actor_19/03-01-05-01-02-02-19.wav,19,valid,05,4,angry,01,02,02,4,angry,0.120164,0.096726,0.117139,0.103733,0.241244,0.082512,0.141003,0.097478,/home/tonyhe/ravdess_avfusion/external/audio_ser_speechbrain/speechbrain-develop-main/outputs/embeddings_ECAPA/valid/03-01-05-01-02-02-19.npy,96
01-05-01-02-02-20,03-01-05-01-02-02-20,03-01-05-01-02-02-20,data/raw/ravdess/audio_speech/Audio_Speech_Actors_01-24/Actor_20/03-01-05-01-02-02-20.wav,20,valid,05,4,angry,01,02,02,4,angry,0.07554,0.15589,0.113057,0.164312,0.173138,0.093783,0.128803,0.095477,/home/tonyhe/ravdess_avfusion/external/audio_ser_speechbrain/speechbrain-develop-main/outputs/embeddings_ECAPA/valid/03-01-05-01-02-02-20.npy,96
01-05-02-01-01-17,03-01-05-02-01-01-17,03-01-05-02-01-01-17,data/raw/ravdess/audio_speech/Audio_Speech_Actors_01-24/Actor_17/03-01-05-02-01-01-17.wav,17,valid,05,4,angry,02,01,01,2,happy,0.096348,0.091694,0.256123,0.110018,0.132206,0.123365,0.097084,0.093162,/home/tonyhe/ravdess_avfusion/external/audio_ser_speechbrain/speechbrain-develop-main/outputs/embeddings_ECAPA/valid/03-01-05-02-01-01-17.npy,96
01-05-02-01-01-18,03-01-05-02-01-01-18,03-01-05-02-01-01-18,data/raw/ravdess/audio_speech/Audio_Speech_Actors_01-24/Actor_18/03-01-05-02-01-01-18.wav,18,valid,05,4,angry,02,01,01,4,angry,0.15065,0.152272,0.113045,0.110121,0.194109,0.078003,0.073427,0.128374,/home/tonyhe/ravdess_avfusion/external/audio_ser_speechbrain/speechbrain-develop-main/outputs/embeddings_ECAPA/valid/03-01-05-02-01-01-18.npy,96
01-05-02-01-01-19,03-01-05-02-01-01-19,03-01-05-02-01-01-19,data/raw/ravdess/audio_speech/Audio_Speech_Actors_01-24/Actor_19/03-01-05-02-01-01-19.wav,19,valid,05,4,angry,02,01,01,4,angry,0.110168,0.113824,0.124552,0.111441,0.251462,0.078569,0.110534,0.09945,/home/tonyhe/ravdess_avfusion/external/audio_ser_speechbrain/speechbrain-develop-main/outputs/embeddings_ECAPA/valid/03-01-05-02-01-01-19.npy,96
01-05-02-01-01-20,03-01-05-02-01-01-20,03-01-05-02-01-01-20,data/raw/ravdess/audio_speech/Audio_Speech_Actors_01-24/Actor_20/03-01-05-02-01-01-20.wav,20,valid,05,4,angry,02,01,01,4,angry,0.13142,0.107351,0.105551,0.095759,0.251119,0.107664,0.118399,0.082737,/home/tonyhe/ravdess_avfusion/external/audio_ser_speechbrain/speechbrain-develop-main/outputs/embeddings_ECAPA/valid/03-01-05-02-01-01-20.npy,96
01-05-02-01-02-17,03-01-05-02-01-02-17,03-01-05-02-01-02-17,data/raw/ravdess/audio_speech/Audio_Speech_Actors_01-24/Actor_17/03-01-05-02-01-02-17.wav,17,valid,05,4,angry,02,01,02,2,happy,0.124388,0.106696,0.19251,0.092933,0.164958,0.157701,0.083578,0.077236,/home/tonyhe/ravdess_avfusion/external/audio_ser_speechbrain/speechbrain-develop-main/outputs/embeddings_ECAPA/valid/03-01-05-02-01-02-17.npy,96
01-05-02-01-02-18,03-01-05-02-01-02-18,03-01-05-02-01-02-18,data/raw/ravdess/audio_speech/Audio_Speech_Actors_01-24/Actor_18/03-01-05-02-01-02-18.wav,18,valid,05,4,angry,02,01,02,4,angry,0.088918,0.118832,0.132118,0.100655,0.214156,0.089873,0.105017,0.15043,/home/tonyhe/ravdess_avfusion/external/audio_ser_speechbrain/speechbrain-develop-main/outputs/embeddings_ECAPA/valid/03-01-05-02-01-02-18.npy,96
01-05-02-01-02-19,03-01-05-02-01-02-19,03-01-05-02-01-02-19,data/raw/ravdess/audio_speech/Audio_Speech_Actors_01-24/Actor_19/03-01-05-02-01-02-19.wav,19,valid,05,4,angry,02,01,02,4,angry,0.095553,0.138029,0.115528,0.089644,0.246991,0.09208,0.122648,0.099528,/home/tonyhe/ravdess_avfusion/external/audio_ser_speechbrain/speechbrain-develop-main/outputs/embeddings_ECAPA/valid/03-01-05-02-01-02-19.npy,96
01-05-02-01-02-20,03-01-05-02-01-02-20,03-01-05-02-01-02-20,data/raw/ravdess/audio_speech/Audio_Speech_Actors_01-24/Actor_20/03-01-05-02-01-02-20.wav,20,valid,05,4,angry,02,01,02,4,angry,0.169623,0.154748,0.088662,0.13356,0.207395,0.097593,0.082508,0.06591,/home/tonyhe/ravdess_avfusion/external/audio_ser_speechbrain/speechbrain-develop-main/outputs/embeddings_ECAPA/valid/03-01-05-02-01-02-20.npy,96
01-05-02-02-01-17,03-01-05-02-02-01-17,03-01-05-02-02-01-17,data/raw/ravdess/audio_speech/Audio_Speech_Actors_01-24/Actor_17/03-01-05-02-02-01-17.wav,17,valid,05,4,angry,02,02,01,2,happy,0.086424,0.089287,0.203849,0.126527,0.180923,0.120938,0.08603,0.106021,/home/tonyhe/ravdess_avfusion/external/audio_ser_speechbrain/speechbrain-develop-main/outputs/embeddings_ECAPA/valid/03-01-05-02-02-01-17.npy,96
01-05-02-02-01-18,03-01-05-02-02-01-18,03-01-05-02-02-01-18,data/raw/ravdess/audio_speech/Audio_Speech_Actors_01-24/Actor_18/03-01-05-02-02-01-18.wav,18,valid,05,4,angry,02,02,01,4,angry,0.105575,0.156399,0.141287,0.121433,0.174268,0.06632,0.097973,0.136744,/home/tonyhe/ravdess_avfusion/external/audio_ser_speechbrain/speechbrain-develop-main/outputs/embeddings_ECAPA/valid/03-01-05-02-02-01-18.npy,96
01-05-02-02-01-19,03-01-05-02-02-01-19,03-01-05-02-02-01-19,data/raw/ravdess/audio_speech/Audio_Speech_Actors_01-24/Actor_19/03-01-05-02-02-01-19.wav,19,valid,05,4,angry,02,02,01,4,angry,0.131422,0.130017,0.11933,0.082821,0.233497,0.085135,0.111593,0.106186,/home/tonyhe/ravdess_avfusion/external/audio_ser_speechbrain/speechbrain-develop-main/outputs/embeddings_ECAPA/valid/03-01-05-02-02-01-19.npy,96
01-05-02-02-01-20,03-01-05-02-02-01-20,03-01-05-02-02-01-20,data/raw/ravdess/audio_speech/Audio_Speech_Actors_01-24/Actor_20/03-01-05-02-02-01-20.wav,20,valid,05,4,angry,02,02,01,4,angry,0.126894,0.144361,0.13455,0.15845,0.200742,0.079448,0.082012,0.073542,/home/tonyhe/ravdess_avfusion/external/audio_ser_speechbrain/speechbrain-develop-main/outputs/embeddings_ECAPA/valid/03-01-05-02-02-01-20.npy,96
01-05-02-02-02-17,03-01-05-02-02-02-17,03-01-05-02-02-02-17,data/raw/ravdess/audio_speech/Audio_Speech_Actors_01-24/Actor_17/03-01-05-02-02-02-17.wav,17,valid,05,4,angry,02,02,02,2,happy,0.119787,0.128013,0.212594,0.092542,0.156334,0.126678,0.093986,0.070065,/home/tonyhe/ravdess_avfusion/external/audio_ser_speechbrain/speechbrain-develop-main/outputs/embeddings_ECAPA/valid/03-01-05-02-02-02-17.npy,96
01-05-02-02-02-18,03-01-05-02-02-02-18,03-01-05-02-02-02-18,data/raw/ravdess/audio_speech/Audio_Speech_Actors_01-24/Actor_18/03-01-05-02-02-02-18.wav,18,valid,05,4,angry,02,02,02,4,angry,0.108183,0.153788,0.123771,0.105074,0.203519,0.075677,0.10012,0.129868,/home/tonyhe/ravdess_avfusion/external/audio_ser_speechbrain/speechbrain-develop-main/outputs/embeddings_ECAPA/valid/03-01-05-02-02-02-18.npy,96
01-05-02-02-02-19,03-01-05-02-02-02-19,03-01-05-02-02-02-19,data/raw/ravdess/audio_speech/Audio_Speech_Actors_01-24/Actor_19/03-01-05-02-02-02-19.wav,19,valid,05,4,angry,02,02,02,4,angry,0.10659,0.102765,0.112326,0.12779,0.239612,0.07626,0.136353,0.098304,/home/tonyhe/ravdess_avfusion/external/audio_ser_speechbrain/speechbrain-develop-main/outputs/embeddings_ECAPA/valid/03-01-05-02-02-02-19.npy,96
01-05-02-02-02-20,03-01-05-02-02-02-20,03-01-05-02-02-02-20,data/raw/ravdess/audio_speech/Audio_Speech_Actors_01-24/Actor_20/03-01-05-02-02-02-20.wav,20,valid,05,4,angry,02,02,02,4,angry,0.076458,0.072991,0.147086,0.129989,0.161839,0.114146,0.146913,0.150579,/home/tonyhe/ravdess_avfusion/external/audio_ser_speechbrain/speechbrain-develop-main/outputs/embeddings_ECAPA/valid/03-01-05-02-02-02-20.npy,96
01-06-01-01-01-17,03-01-06-01-01-01-17,03-01-06-01-01-01-17,data/raw/ravdess/audio_speech/Audio_Speech_Actors_01-24/Actor_17/03-01-06-01-01-01-17.wav,17,valid,06,5,fearful,01,01,01,5,fearful,0.097702,0.072055,0.152168,0.091979,0.075594,0.225789,0.133966,0.150747,/home/tonyhe/ravdess_avfusion/external/audio_ser_speechbrain/speechbrain-develop-main/outputs/embeddings_ECAPA/valid/03-01-06-01-01-01-17.npy,96
01-06-01-01-01-18,03-01-06-01-01-01-18,03-01-06-01-01-01-18,data/raw/ravdess/audio_speech/Audio_Speech_Actors_01-24/Actor_18/03-01-06-01-01-01-18.wav,18,valid,06,5,fearful,01,01,01,5,fearful,0.105847,0.105628,0.139596,0.109608,0.071683,0.213389,0.097592,0.156656,/home/tonyhe/ravdess_avfusion/external/audio_ser_speechbrain/speechbrain-develop-main/outputs/embeddings_ECAPA/valid/03-01-06-01-01-01-18.npy,96
01-06-01-01-01-19,03-01-06-01-01-01-19,03-01-06-01-01-01-19,data/raw/ravdess/audio_speech/Audio_Speech_Actors_01-24/Actor_19/03-01-06-01-01-01-19.wav,19,valid,06,5,fearful,01,01,01,5,fearful,0.084124,0.100448,0.084598,0.10528,0.13507,0.219991,0.158121,0.112368,/home/tonyhe/ravdess_avfusion/external/audio_ser_speechbrain/speechbrain-develop-main/outputs/embeddings_ECAPA/valid/03-01-06-01-01-01-19.npy,96
01-06-01-01-01-20,03-01-06-01-01-01-20,03-01-06-01-01-01-20,data/raw/ravdess/audio_speech/Audio_Speech_Actors_01-24/Actor_20/03-01-06-01-01-01-20.wav,20,valid,06,5,fearful,01,01,01,7,surprise,0.106376,0.098196,0.094674,0.18969,0.091657,0.104313,0.103185,0.211909,/home/tonyhe/ravdess_avfusion/external/audio_ser_speechbrain/speechbrain-develop-main/outputs/embeddings_ECAPA/valid/03-01-06-01-01-01-20.npy,96
01-06-01-01-02-17,03-01-06-01-01-02-17,03-01-06-01-01-02-17,data/raw/ravdess/audio_speech/Audio_Speech_Actors_01-24/Actor_17/03-01-06-01-01-02-17.wav,17,valid,06,5,fearful,01,01,02,5,fearful,0.089704,0.091007,0.132245,0.08133,0.09771,0.278426,0.11472,0.11486,/home/tonyhe/ravdess_avfusion/external/audio_ser_speechbrain/speechbrain-develop-main/outputs/embeddings_ECAPA/valid/03-01-06-01-01-02-17.npy,96
01-06-01-01-02-18,03-01-06-01-01-02-18,03-01-06-01-01-02-18,data/raw/ravdess/audio_speech/Audio_Speech_Actors_01-24/Actor_18/03-01-06-01-01-02-18.wav,18,valid,06,5,fearful,01,01,02,7,surprise,0.099381,0.122128,0.147267,0.088606,0.099279,0.130851,0.093195,0.219294,/home/tonyhe/ravdess_avfusion/external/audio_ser_speechbrain/speechbrain-develop-main/outputs/embeddings_ECAPA/valid/03-01-06-01-01-02-18.npy,96
01-06-01-01-02-19,03-01-06-01-01-02-19,03-01-06-01-01-02-19,data/raw/ravdess/audio_speech/Audio_Speech_Actors_01-24/Actor_19/03-01-06-01-01-02-19.wav,19,valid,06,5,fearful,01,01,02,5,fearful,0.09977,0.150778,0.084356,0.078441,0.1237,0.228863,0.098588,0.135504,/home/tonyhe/ravdess_avfusion/external/audio_ser_speechbrain/speechbrain-develop-main/outputs/embeddings_ECAPA/valid/03-01-06-01-01-02-19.npy,96
01-06-01-01-02-20,03-01-06-01-01-02-20,03-01-06-01-01-02-20,data/raw/ravdess/audio_speech/Audio_Speech_Actors_01-24/Actor_20/03-01-06-01-01-02-20.wav,20,valid,06,5,fearful,01,01,02,3,sad,0.117481,0.092249,0.09573,0.215079,0.087285,0.107669,0.097957,0.18655,/home/tonyhe/ravdess_avfusion/external/audio_ser_speechbrain/speechbrain-develop-main/outputs/embeddings_ECAPA/valid/03-01-06-01-01-02-20.npy,96
01-06-01-02-01-17,03-01-06-01-02-01-17,03-01-06-01-02-01-17,data/raw/ravdess/audio_speech/Audio_Speech_Actors_01-24/Actor_17/03-01-06-01-02-01-17.wav,17,valid,06,5,fearful,01,02,01,5,fearful,0.101083,0.109089,0.107863,0.105273,0.098162,0.282919,0.100428,0.095182,/home/tonyhe/ravdess_avfusion/external/audio_ser_speechbrain/speechbrain-develop-main/outputs/embeddings_ECAPA/valid/03-01-06-01-02-01-17.npy,96
01-06-01-02-01-18,03-01-06-01-02-01-18,03-01-06-01-02-01-18,data/raw/ravdess/audio_speech/Audio_Speech_Actors_01-24/Actor_18/03-01-06-01-02-01-18.wav,18,valid,06,5,fearful,01,02,01,7,surprise,0.078276,0.123604,0.120867,0.149994,0.076115,0.147444,0.149814,0.153886,/home/tonyhe/ravdess_avfusion/external/audio_ser_speechbrain/speechbrain-develop-main/outputs/embeddings_ECAPA/valid/03-01-06-01-02-01-18.npy,96
01-06-01-02-01-19,03-01-06-01-02-01-19,03-01-06-01-02-01-19,data/raw/ravdess/audio_speech/Audio_Speech_Actors_01-24/Actor_19/03-01-06-01-02-01-19.wav,19,valid,06,5,fearful,01,02,01,6,disgust,0.08668,0.113925,0.080019,0.134805,0.096368,0.170515,0.186931,0.130755,/home/tonyhe/ravdess_avfusion/external/audio_ser_speechbrain/speechbrain-develop-main/outputs/embeddings_ECAPA/valid/03-01-06-01-02-01-19.npy,96
01-06-01-02-01-20,03-01-06-01-02-01-20,03-01-06-01-02-01-20,data/raw/ravdess/audio_speech/Audio_Speech_Actors_01-24/Actor_20/03-01-06-01-02-01-20.wav,20,valid,06,5,fearful,01,02,01,7,surprise,0.12064,0.099254,0.072014,0.157529,0.085137,0.123115,0.126566,0.215745,/home/tonyhe/ravdess_avfusion/external/audio_ser_speechbrain/speechbrain-develop-main/outputs/embeddings_ECAPA/valid/03-01-06-01-02-01-20.npy,96
01-06-01-02-02-17,03-01-06-01-02-02-17,03-01-06-01-02-02-17,data/raw/ravdess/audio_speech/Audio_Speech_Actors_01-24/Actor_17/03-01-06-01-02-02-17.wav,17,valid,06,5,fearful,01,02,02,5,fearful,0.081045,0.111441,0.121186,0.078187,0.161234,0.247516,0.098451,0.10094,/home/tonyhe/ravdess_avfusion/external/audio_ser_speechbrain/speechbrain-develop-main/outputs/embeddings_ECAPA/valid/03-01-06-01-02-02-17.npy,96
01-06-01-02-02-18,03-01-06-01-02-02-18,03-01-06-01-02-02-18,data/raw/ravdess/audio_speech/Audio_Speech_Actors_01-24/Actor_18/03-01-06-01-02-02-18.wav,18,valid,06,5,fearful,01,02,02,5,fearful,0.107634,0.124064,0.132868,0.153719,0.06365,0.196141,0.123669,0.098256,/home/tonyhe/ravdess_avfusion/external/audio_ser_speechbrain/speechbrain-develop-main/outputs/embeddings_ECAPA/valid/03-01-06-01-02-02-18.npy,96
01-06-01-02-02-19,03-01-06-01-02-02-19,03-01-06-01-02-02-19,data/raw/ravdess/audio_speech/Audio_Speech_Actors_01-24/Actor_19/03-01-06-01-02-02-19.wav,19,valid,06,5,fearful,01,02,02,5,fearful,0.130546,0.109649,0.070492,0.14372,0.093211,0.178416,0.156879,0.117086,/home/tonyhe/ravdess_avfusion/external/audio_ser_speechbrain/speechbrain-develop-main/outputs/embeddings_ECAPA/valid/03-01-06-01-02-02-19.npy,96
01-06-01-02-02-20,03-01-06-01-02-02-20,03-01-06-01-02-02-20,data/raw/ravdess/audio_speech/Audio_Speech_Actors_01-24/Actor_20/03-01-06-01-02-02-20.wav,20,valid,06,5,fearful,01,02,02,3,sad,0.10793,0.140313,0.072112,0.158399,0.083552,0.156693,0.144737,0.136265,/home/tonyhe/ravdess_avfusion/external/audio_ser_speechbrain/speechbrain-develop-main/outputs/embeddings_ECAPA/valid/03-01-06-01-02-02-20.npy,96
01-06-02-01-01-17,03-01-06-02-01-01-17,03-01-06-02-01-01-17,data/raw/ravdess/audio_speech/Audio_Speech_Actors_01-24/Actor_17/03-01-06-02-01-01-17.wav,17,valid,06,5,fearful,02,01,01,5,fearful,0.101424,0.113588,0.134591,0.080224,0.139904,0.249504,0.089715,0.091051,/home/tonyhe/ravdess_avfusion/external/audio_ser_speechbrain/speechbrain-develop-main/outputs/embeddings_ECAPA/valid/03-01-06-02-01-01-17.npy,96
01-06-02-01-01-18,03-01-06-02-01-01-18,03-01-06-02-01-01-18,data/raw/ravdess/audio_speech/Audio_Speech_Actors_01-24/Actor_18/03-01-06-02-01-01-18.wav,18,valid,06,5,fearful,02,01,01,5,fearful,0.128739,0.125779,0.104972,0.130549,0.137817,0.175654,0.064819,0.131669,/home/tonyhe/ravdess_avfusion/external/audio_ser_speechbrain/speechbrain-develop-main/outputs/embeddings_ECAPA/valid/03-01-06-02-01-01-18.npy,96
01-06-02-01-01-19,03-01-06-02-01-01-19,03-01-06-02-01-01-19,data/raw/ravdess/audio_speech/Audio_Speech_Actors_01-24/Actor_19/03-01-06-02-01-01-19.wav,19,valid,06,5,fearful,02,01,01,5,fearful,0.07921,0.096805,0.188634,0.097757,0.091977,0.210696,0.137699,0.097222,/home/tonyhe/ravdess_avfusion/external/audio_ser_speechbrain/speechbrain-develop-main/outputs/embeddings_ECAPA/valid/03-01-06-02-01-01-19.npy,96
01-06-02-01-01-20,03-01-06-02-01-01-20,03-01-06-02-01-01-20,data/raw/ravdess/audio_speech/Audio_Speech_Actors_01-24/Actor_20/03-01-06-02-01-01-20.wav,20,valid,06,5,fearful,02,01,01,7,surprise,0.136016,0.096964,0.105737,0.113801,0.067871,0.164838,0.143613,0.17116,/home/tonyhe/ravdess_avfusion/external/audio_ser_speechbrain/speechbrain-develop-main/outputs/embeddings_ECAPA/valid/03-01-06-02-01-01-20.npy,96
01-06-02-01-02-17,03-01-06-02-01-02-17,03-01-06-02-01-02-17,data/raw/ravdess/audio_speech/Audio_Speech_Actors_01-24/Actor_17/03-01-06-02-01-02-17.wav,17,valid,06,5,fearful,02,01,02,5,fearful,0.083335,0.111702,0.117608,0.06985,0.161525,0.232479,0.106068,0.117434,/home/tonyhe/ravdess_avfusion/external/audio_ser_speechbrain/speechbrain-develop-main/outputs/embeddings_ECAPA/valid/03-01-06-02-01-02-17.npy,96
01-06-02-01-02-18,03-01-06-02-01-02-18,03-01-06-02-01-02-18,data/raw/ravdess/audio_speech/Audio_Speech_Actors_01-24/Actor_18/03-01-06-02-01-02-18.wav,18,valid,06,5,fearful,02,01,02,4,angry,0.155817,0.14918,0.101431,0.098951,0.157053,0.149807,0.063724,0.124037,/home/tonyhe/ravdess_avfusion/external/audio_ser_speechbrain/speechbrain-develop-main/outputs/embeddings_ECAPA/valid/03-01-06-02-01-02-18.npy,96
01-06-02-01-02-19,03-01-06-02-01-02-19,03-01-06-02-01-02-19,data/raw/ravdess/audio_speech/Audio_Speech_Actors_01-24/Actor_19/03-01-06-02-01-02-19.wav,19,valid,06,5,fearful,02,01,02,3,sad,0.086675,0.070005,0.111778,0.184632,0.136932,0.092634,0.175058,0.142287,/home/tonyhe/ravdess_avfusion/external/audio_ser_speechbrain/speechbrain-develop-main/outputs/embeddings_ECAPA/valid/03-01-06-02-01-02-19.npy,96
01-06-02-01-02-20,03-01-06-02-01-02-20,03-01-06-02-01-02-20,data/raw/ravdess/audio_speech/Audio_Speech_Actors_01-24/Actor_20/03-01-06-02-01-02-20.wav,20,valid,06,5,fearful,02,01,02,5,fearful,0.110965,0.157979,0.135809,0.11859,0.098822,0.195656,0.082444,0.099736,/home/tonyhe/ravdess_avfusion/external/audio_ser_speechbrain/speechbrain-develop-main/outputs/embeddings_ECAPA/valid/03-01-06-02-01-02-20.npy,96
01-06-02-02-01-17,03-01-06-02-02-01-17,03-01-06-02-02-01-17,data/raw/ravdess/audio_speech/Audio_Speech_Actors_01-24/Actor_17/03-01-06-02-02-01-17.wav,17,valid,06,5,fearful,02,02,01,5,fearful,0.089498,0.121789,0.125996,0.065298,0.176364,0.209158,0.09378,0.118116,/home/tonyhe/ravdess_avfusion/external/audio_ser_speechbrain/speechbrain-develop-main/outputs/embeddings_ECAPA/valid/03-01-06-02-02-01-17.npy,96
01-06-02-02-01-18,03-01-06-02-02-01-18,03-01-06-02-02-01-18,data/raw/ravdess/audio_speech/Audio_Speech_Actors_01-24/Actor_18/03-01-06-02-02-01-18.wav,18,valid,06,5,fearful,02,02,01,5,fearful,0.078088,0.118625,0.169082,0.126449,0.100147,0.175845,0.079995,0.15177,/home/tonyhe/ravdess_avfusion/external/audio_ser_speechbrain/speechbrain-develop-main/outputs/embeddings_ECAPA/valid/03-01-06-02-02-01-18.npy,96
01-06-02-02-01-19,03-01-06-02-02-01-19,03-01-06-02-02-01-19,data/raw/ravdess/audio_speech/Audio_Speech_Actors_01-24/Actor_19/03-01-06-02-02-01-19.wav,19,valid,06,5,fearful,02,02,01,7,surprise,0.085186,0.075756,0.082733,0.136938,0.150166,0.12754,0.151068,0.190612,/home/tonyhe/ravdess_avfusion/external/audio_ser_speechbrain/speechbrain-develop-main/outputs/embeddings_ECAPA/valid/03-01-06-02-02-01-19.npy,96
01-06-02-02-01-20,03-01-06-02-02-01-20,03-01-06-02-02-01-20,data/raw/ravdess/audio_speech/Audio_Speech_Actors_01-24/Actor_20/03-01-06-02-02-01-20.wav,20,valid,06,5,fearful,02,02,01,7,surprise,0.164954,0.120203,0.106546,0.159074,0.105466,0.088281,0.076561,0.178914,/home/tonyhe/ravdess_avfusion/external/audio_ser_speechbrain/speechbrain-develop-main/outputs/embeddings_ECAPA/valid/03-01-06-02-02-01-20.npy,96
01-06-02-02-02-17,03-01-06-02-02-02-17,03-01-06-02-02-02-17,data/raw/ravdess/audio_speech/Audio_Speech_Actors_01-24/Actor_17/03-01-06-02-02-02-17.wav,17,valid,06,5,fearful,02,02,02,5,fearful,0.075613,0.118837,0.107555,0.087191,0.131782,0.264585,0.114883,0.099555,/home/tonyhe/ravdess_avfusion/external/audio_ser_speechbrain/speechbrain-develop-main/outputs/embeddings_ECAPA/valid/03-01-06-02-02-02-17.npy,96
01-06-02-02-02-18,03-01-06-02-02-02-18,03-01-06-02-02-02-18,data/raw/ravdess/audio_speech/Audio_Speech_Actors_01-24/Actor_18/03-01-06-02-02-02-18.wav,18,valid,06,5,fearful,02,02,02,1,calm,0.116585,0.16502,0.144714,0.133165,0.155278,0.107423,0.056893,0.120923,/home/tonyhe/ravdess_avfusion/external/audio_ser_speechbrain/speechbrain-develop-main/outputs/embeddings_ECAPA/valid/03-01-06-02-02-02-18.npy,96
01-06-02-02-02-19,03-01-06-02-02-02-19,03-01-06-02-02-02-19,data/raw/ravdess/audio_speech/Audio_Speech_Actors_01-24/Actor_19/03-01-06-02-02-02-19.wav,19,valid,06,5,fearful,02,02,02,5,fearful,0.100874,0.093853,0.074671,0.130463,0.152102,0.213979,0.120822,0.113238,/home/tonyhe/ravdess_avfusion/external/audio_ser_speechbrain/speechbrain-develop-main/outputs/embeddings_ECAPA/valid/03-01-06-02-02-02-19.npy,96
01-06-02-02-02-20,03-01-06-02-02-02-20,03-01-06-02-02-02-20,data/raw/ravdess/audio_speech/Audio_Speech_Actors_01-24/Actor_20/03-01-06-02-02-02-20.wav,20,valid,06,5,fearful,02,02,02,5,fearful,0.131926,0.115859,0.087014,0.131703,0.088705,0.235551,0.101231,0.108011,/home/tonyhe/ravdess_avfusion/external/audio_ser_speechbrain/speechbrain-develop-main/outputs/embeddings_ECAPA/valid/03-01-06-02-02-02-20.npy,96
01-07-01-01-01-17,03-01-07-01-01-01-17,03-01-07-01-01-01-17,data/raw/ravdess/audio_speech/Audio_Speech_Actors_01-24/Actor_17/03-01-07-01-01-01-17.wav,17,valid,07,6,disgust,01,01,01,5,fearful,0.085034,0.093157,0.130002,0.067331,0.097248,0.198235,0.194089,0.134904,/home/tonyhe/ravdess_avfusion/external/audio_ser_speechbrain/speechbrain-develop-main/outputs/embeddings_ECAPA/valid/03-01-07-01-01-01-17.npy,96
01-07-01-01-01-18,03-01-07-01-01-01-18,03-01-07-01-01-01-18,data/raw/ravdess/audio_speech/Audio_Speech_Actors_01-24/Actor_18/03-01-07-01-01-01-18.wav,18,valid,07,6,disgust,01,01,01,6,disgust,0.111511,0.084764,0.082298,0.136558,0.153136,0.099041,0.220615,0.112076,/home/tonyhe/ravdess_avfusion/external/audio_ser_speechbrain/speechbrain-develop-main/outputs/embeddings_ECAPA/valid/03-01-07-01-01-01-18.npy,96
01-07-01-01-01-19,03-01-07-01-01-01-19,03-01-07-01-01-01-19,data/raw/ravdess/audio_speech/Audio_Speech_Actors_01-24/Actor_19/03-01-07-01-01-01-19.wav,19,valid,07,6,disgust,01,01,01,6,disgust,0.090579,0.077067,0.13558,0.169717,0.11368,0.098878,0.212159,0.10234,/home/tonyhe/ravdess_avfusion/external/audio_ser_speechbrain/speechbrain-develop-main/outputs/embeddings_ECAPA/valid/03-01-07-01-01-01-19.npy,96
01-07-01-01-01-20,03-01-07-01-01-01-20,03-01-07-01-01-01-20,data/raw/ravdess/audio_speech/Audio_Speech_Actors_01-24/Actor_20/03-01-07-01-01-01-20.wav,20,valid,07,6,disgust,01,01,01,6,disgust,0.083013,0.076185,0.082363,0.098033,0.157534,0.127015,0.189875,0.185982,/home/tonyhe/ravdess_avfusion/external/audio_ser_speechbrain/speechbrain-develop-main/outputs/embeddings_ECAPA/valid/03-01-07-01-01-01-20.npy,96
01-07-01-01-02-17,03-01-07-01-01-02-17,03-01-07-01-01-02-17,data/raw/ravdess/audio_speech/Audio_Speech_Actors_01-24/Actor_17/03-01-07-01-01-02-17.wav,17,valid,07,6,disgust,01,01,02,6,disgust,0.087763,0.080804,0.16091,0.070109,0.106757,0.119802,0.195233,0.178621,/home/tonyhe/ravdess_avfusion/external/audio_ser_speechbrain/speechbrain-develop-main/outputs/embeddings_ECAPA/valid/03-01-07-01-01-02-17.npy,96
01-07-01-01-02-18,03-01-07-01-01-02-18,03-01-07-01-01-02-18,data/raw/ravdess/audio_speech/Audio_Speech_Actors_01-24/Actor_18/03-01-07-01-01-02-18.wav,18,valid,07,6,disgust,01,01,02,4,angry,0.113502,0.084821,0.104099,0.114786,0.199093,0.090582,0.188591,0.104525,/home/tonyhe/ravdess_avfusion/external/audio_ser_speechbrain/speechbrain-develop-main/outputs/embeddings_ECAPA/valid/03-01-07-01-01-02-18.npy,96
01-07-01-01-02-19,03-01-07-01-01-02-19,03-01-07-01-01-02-19,data/raw/ravdess/audio_speech/Audio_Speech_Actors_01-24/Actor_19/03-01-07-01-01-02-19.wav,19,valid,07,6,disgust,01,01,02,6,disgust,0.09688,0.122525,0.143533,0.104376,0.119962,0.100877,0.23121,0.080636,/home/tonyhe/ravdess_avfusion/external/audio_ser_speechbrain/speechbrain-develop-main/outputs/embeddings_ECAPA/valid/03-01-07-01-01-02-19.npy,96
01-07-01-01-02-20,03-01-07-01-01-02-20,03-01-07-01-01-02-20,data/raw/ravdess/audio_speech/Audio_Speech_Actors_01-24/Actor_20/03-01-07-01-01-02-20.wav,20,valid,07,6,disgust,01,01,02,6,disgust,0.088702,0.131959,0.069146,0.138403,0.13144,0.120419,0.199926,0.120003,/home/tonyhe/ravdess_avfusion/external/audio_ser_speechbrain/speechbrain-develop-main/outputs/embeddings_ECAPA/valid/03-01-07-01-01-02-20.npy,96
01-07-01-02-01-17,03-01-07-01-02-01-17,03-01-07-01-02-01-17,data/raw/ravdess/audio_speech/Audio_Speech_Actors_01-24/Actor_17/03-01-07-01-02-01-17.wav,17,valid,07,6,disgust,01,02,01,6,disgust,0.091221,0.083531,0.163969,0.088234,0.122558,0.08531,0.19237,0.172807,/home/tonyhe/ravdess_avfusion/external/audio_ser_speechbrain/speechbrain-develop-main/outputs/embeddings_ECAPA/valid/03-01-07-01-02-01-17.npy,96
01-07-01-02-01-18,03-01-07-01-02-01-18,03-01-07-01-02-01-18,data/raw/ravdess/audio_speech/Audio_Speech_Actors_01-24/Actor_18/03-01-07-01-02-01-18.wav,18,valid,07,6,disgust,01,02,01,6,disgust,0.082681,0.09814,0.113887,0.16524,0.115702,0.120806,0.205997,0.097546,/home/tonyhe/ravdess_avfusion/external/audio_ser_speechbrain/speechbrain-develop-main/outputs/embeddings_ECAPA/valid/03-01-07-01-02-01-18.npy,96
01-07-01-02-01-19,03-01-07-01-02-01-19,03-01-07-01-02-01-19,data/raw/ravdess/audio_speech/Audio_Speech_Actors_01-24/Actor_19/03-01-07-01-02-01-19.wav,19,valid,07,6,disgust,01,02,01,6,disgust,0.094725,0.106808,0.145102,0.096015,0.135535,0.121241,0.222692,0.077883,/home/tonyhe/ravdess_avfusion/external/audio_ser_speechbrain/speechbrain-develop-main/outputs/embeddings_ECAPA/valid/03-01-07-01-02-01-19.npy,96
01-07-01-02-01-20,03-01-07-01-02-01-20,03-01-07-01-02-01-20,data/raw/ravdess/audio_speech/Audio_Speech_Actors_01-24/Actor_20/03-01-07-01-02-01-20.wav,20,valid,07,6,disgust,01,02,01,6,disgust,0.090114,0.100977,0.078408,0.101927,0.115061,0.106857,0.244903,0.161753,/home/tonyhe/ravdess_avfusion/external/audio_ser_speechbrain/speechbrain-develop-main/outputs/embeddings_ECAPA/valid/03-01-07-01-02-01-20.npy,96
01-07-01-02-02-17,03-01-07-01-02-02-17,03-01-07-01-02-02-17,data/raw/ravdess/audio_speech/Audio_Speech_Actors_01-24/Actor_17/03-01-07-01-02-02-17.wav,17,valid,07,6,disgust,01,02,02,6,disgust,0.072413,0.096647,0.110097,0.099579,0.098781,0.184673,0.221422,0.116389,/home/tonyhe/ravdess_avfusion/external/audio_ser_speechbrain/speechbrain-develop-main/outputs/embeddings_ECAPA/valid/03-01-07-01-02-02-17.npy,96
01-07-01-02-02-18,03-01-07-01-02-02-18,03-01-07-01-02-02-18,data/raw/ravdess/audio_speech/Audio_Speech_Actors_01-24/Actor_18/03-01-07-01-02-02-18.wav,18,valid,07,6,disgust,01,02,02,6,disgust,0.089795,0.079826,0.117755,0.134778,0.119558,0.085099,0.231364,0.141824,/home/tonyhe/ravdess_avfusion/external/audio_ser_speechbrain/speechbrain-develop-main/outputs/embeddings_ECAPA/valid/03-01-07-01-02-02-18.npy,96
01-07-01-02-02-19,03-01-07-01-02-02-19,03-01-07-01-02-02-19,data/raw/ravdess/audio_speech/Audio_Speech_Actors_01-24/Actor_19/03-01-07-01-02-02-19.wav,19,valid,07,6,disgust,01,02,02,6,disgust,0.109571,0.110784,0.153534,0.070219,0.098729,0.102043,0.238945,0.116175,/home/tonyhe/ravdess_avfusion/external/audio_ser_speechbrain/speechbrain-develop-main/outputs/embeddings_ECAPA/valid/03-01-07-01-02-02-19.npy,96
01-07-01-02-02-20,03-01-07-01-02-02-20,03-01-07-01-02-02-20,data/raw/ravdess/audio_speech/Audio_Speech_Actors_01-24/Actor_20/03-01-07-01-02-02-20.wav,20,valid,07,6,disgust,01,02,02,6,disgust,0.093158,0.121823,0.089913,0.115204,0.098425,0.112823,0.249954,0.1187,/home/tonyhe/ravdess_avfusion/external/audio_ser_speechbrain/speechbrain-develop-main/outputs/embeddings_ECAPA/valid/03-01-07-01-02-02-20.npy,96
01-07-02-01-01-17,03-01-07-02-01-01-17,03-01-07-02-01-01-17,data/raw/ravdess/audio_speech/Audio_Speech_Actors_01-24/Actor_17/03-01-07-02-01-01-17.wav,17,valid,07,6,disgust,02,01,01,6,disgust,0.08075,0.073077,0.090068,0.089392,0.128755,0.125643,0.218569,0.193748,/home/tonyhe/ravdess_avfusion/external/audio_ser_speechbrain/speechbrain-develop-main/outputs/embeddings_ECAPA/valid/03-01-07-02-01-01-17.npy,96
01-07-02-01-01-18,03-01-07-02-01-01-18,03-01-07-02-01-01-18,data/raw/ravdess/audio_speech/Audio_Speech_Actors_01-24/Actor_18/03-01-07-02-01-01-18.wav,18,valid,07,6,disgust,02,01,01,4,angry,0.117747,0.081525,0.098194,0.129656,0.22122,0.098777,0.114616,0.138264,/home/tonyhe/ravdess_avfusion/external/audio_ser_speechbrain/speechbrain-develop-main/outputs/embeddings_ECAPA/valid/03-01-07-02-01-01-18.npy,96
01-07-02-01-01-19,03-01-07-02-01-01-19,03-01-07-02-01-01-19,data/raw/ravdess/audio_speech/Audio_Speech_Actors_01-24/Actor_19/03-01-07-02-01-01-19.wav,19,valid,07,6,disgust,02,01,01,6,disgust,0.068572,0.132359,0.129429,0.101619,0.107472,0.128176,0.223484,0.108889,/home/tonyhe/ravdess_avfusion/external/audio_ser_speechbrain/speechbrain-develop-main/outputs/embeddings_ECAPA/valid/03-01-07-02-01-01-19.npy,96
01-07-02-01-01-20,03-01-07-02-01-01-20,03-01-07-02-01-01-20,data/raw/ravdess/audio_speech/Audio_Speech_Actors_01-24/Actor_20/03-01-07-02-01-01-20.wav,20,valid,07,6,disgust,02,01,01,6,disgust,0.088211,0.078798,0.073731,0.134945,0.181146,0.106042,0.182493,0.154634,/home/tonyhe/ravdess_avfusion/external/audio_ser_speechbrain/speechbrain-develop-main/outputs/embeddings_ECAPA/valid/03-01-07-02-01-01-20.npy,96
01-07-02-01-02-17,03-01-07-02-01-02-17,03-01-07-02-01-02-17,data/raw/ravdess/audio_speech/Audio_Speech_Actors_01-24/Actor_17/03-01-07-02-01-02-17.wav,17,valid,07,6,disgust,02,01,02,6,disgust,0.083216,0.071073,0.109446,0.080873,0.115469,0.118458,0.238266,0.183199,/home/tonyhe/ravdess_avfusion/external/audio_ser_speechbrain/speechbrain-develop-main/outputs/embeddings_ECAPA/valid/03-01-07-02-01-02-17.npy,96
01-07-02-01-02-18,03-01-07-02-01-02-18,03-01-07-02-01-02-18,data/raw/ravdess/audio_speech/Audio_Speech_Actors_01-24/Actor_18/03-01-07-02-01-02-18.wav,18,valid,07,6,disgust,02,01,02,7,surprise,0.115945,0.087384,0.12564,0.125429,0.150824,0.067751,0.132196,0.194831,/home/tonyhe/ravdess_avfusion/external/audio_ser_speechbrain/speechbrain-develop-main/outputs/embeddings_ECAPA/valid/03-01-07-02-01-02-18.npy,96
01-07-02-01-02-19,03-01-07-02-01-02-19,03-01-07-02-01-02-19,data/raw/ravdess/audio_speech/Audio_Speech_Actors_01-24/Actor_19/03-01-07-02-01-02-19.wav,19,valid,07,6,disgust,02,01,02,6,disgust,0.092612,0.104727,0.101789,0.105835,0.160159,0.142814,0.210016,0.082048,/home/tonyhe/ravdess_avfusion/external/audio_ser_speechbrain/speechbrain-develop-main/outputs/embeddings_ECAPA/valid/03-01-07-02-01-02-19.npy,96
01-07-02-01-02-20,03-01-07-02-01-02-20,03-01-07-02-01-02-20,data/raw/ravdess/audio_speech/Audio_Speech_Actors_01-24/Actor_20/03-01-07-02-01-02-20.wav,20,valid,07,6,disgust,02,01,02,4,angry,0.081512,0.081655,0.083791,0.153197,0.177629,0.117469,0.138717,0.166029,/home/tonyhe/ravdess_avfusion/external/audio_ser_speechbrain/speechbrain-develop-main/outputs/embeddings_ECAPA/valid/03-01-07-02-01-02-20.npy,96
01-07-02-02-01-17,03-01-07-02-02-01-17,03-01-07-02-02-01-17,data/raw/ravdess/audio_speech/Audio_Speech_Actors_01-24/Actor_17/03-01-07-02-02-01-17.wav,17,valid,07,6,disgust,02,02,01,6,disgust,0.077948,0.124168,0.102879,0.082954,0.097211,0.145941,0.229676,0.139223,/home/tonyhe/ravdess_avfusion/external/audio_ser_speechbrain/speechbrain-develop-main/outputs/embeddings_ECAPA/valid/03-01-07-02-02-01-17.npy,96
01-07-02-02-01-18,03-01-07-02-02-01-18,03-01-07-02-02-01-18,data/raw/ravdess/audio_speech/Audio_Speech_Actors_01-24/Actor_18/03-01-07-02-02-01-18.wav,18,valid,07,6,disgust,02,02,01,6,disgust,0.102705,0.084782,0.139192,0.108141,0.169592,0.088228,0.178703,0.128658,/home/tonyhe/ravdess_avfusion/external/audio_ser_speechbrain/speechbrain-develop-main/outputs/embeddings_ECAPA/valid/03-01-07-02-02-01-18.npy,96
01-07-02-02-01-19,03-01-07-02-02-01-19,03-01-07-02-02-01-19,data/raw/ravdess/audio_speech/Audio_Speech_Actors_01-24/Actor_19/03-01-07-02-02-01-19.wav,19,valid,07,6,disgust,02,02,01,6,disgust,0.084336,0.088735,0.092165,0.108697,0.18226,0.128022,0.202473,0.113312,/home/tonyhe/ravdess_avfusion/external/audio_ser_speechbrain/speechbrain-develop-main/outputs/embeddings_ECAPA/valid/03-01-07-02-02-01-19.npy,96
01-07-02-02-01-20,03-01-07-02-02-01-20,03-01-07-02-02-01-20,data/raw/ravdess/audio_speech/Audio_Speech_Actors_01-24/Actor_20/03-01-07-02-02-01-20.wav,20,valid,07,6,disgust,02,02,01,6,disgust,0.088858,0.084789,0.09314,0.132664,0.150871,0.09506,0.21221,0.142407,/home/tonyhe/ravdess_avfusion/external/audio_ser_speechbrain/speechbrain-develop-main/outputs/embeddings_ECAPA/valid/03-01-07-02-02-01-20.npy,96
01-07-02-02-02-17,03-01-07-02-02-02-17,03-01-07-02-02-02-17,data/raw/ravdess/audio_speech/Audio_Speech_Actors_01-24/Actor_17/03-01-07-02-02-02-17.wav,17,valid,07,6,disgust,02,02,02,6,disgust,0.079779,0.090546,0.1244,0.091662,0.10105,0.120139,0.266587,0.125837,/home/tonyhe/ravdess_avfusion/external/audio_ser_speechbrain/speechbrain-develop-main/outputs/embeddings_ECAPA/valid/03-01-07-02-02-02-17.npy,96
01-07-02-02-02-18,03-01-07-02-02-02-18,03-01-07-02-02-02-18,data/raw/ravdess/audio_speech/Audio_Speech_Actors_01-24/Actor_18/03-01-07-02-02-02-18.wav,18,valid,07,6,disgust,02,02,02,4,angry,0.133283,0.133988,0.110504,0.164496,0.184506,0.067119,0.112624,0.093481,/home/tonyhe/ravdess_avfusion/external/audio_ser_speechbrain/speechbrain-develop-main/outputs/embeddings_ECAPA/valid/03-01-07-02-02-02-18.npy,96
01-07-02-02-02-19,03-01-07-02-02-02-19,03-01-07-02-02-02-19,data/raw/ravdess/audio_speech/Audio_Speech_Actors_01-24/Actor_19/03-01-07-02-02-02-19.wav,19,valid,07,6,disgust,02,02,02,6,disgust,0.099475,0.069798,0.091974,0.118194,0.147347,0.10098,0.230695,0.141536,/home/tonyhe/ravdess_avfusion/external/audio_ser_speechbrain/speechbrain-develop-main/outputs/embeddings_ECAPA/valid/03-01-07-02-02-02-19.npy,96
01-07-02-02-02-20,03-01-07-02-02-02-20,03-01-07-02-02-02-20,data/raw/ravdess/audio_speech/Audio_Speech_Actors_01-24/Actor_20/03-01-07-02-02-02-20.wav,20,valid,07,6,disgust,02,02,02,4,angry,0.089754,0.105559,0.078591,0.134246,0.17847,0.148167,0.173994,0.091219,/home/tonyhe/ravdess_avfusion/external/audio_ser_speechbrain/speechbrain-develop-main/outputs/embeddings_ECAPA/valid/03-01-07-02-02-02-20.npy,96
01-08-01-01-01-17,03-01-08-01-01-01-17,03-01-08-01-01-01-17,data/raw/ravdess/audio_speech/Audio_Speech_Actors_01-24/Actor_17/03-01-08-01-01-01-17.wav,17,valid,08,7,surprise,01,01,01,7,surprise,0.088816,0.076944,0.143142,0.105536,0.073908,0.138623,0.140177,0.232854,/home/tonyhe/ravdess_avfusion/external/audio_ser_speechbrain/speechbrain-develop-main/outputs/embeddings_ECAPA/valid/03-01-08-01-01-01-17.npy,96
01-08-01-01-01-18,03-01-08-01-01-01-18,03-01-08-01-01-01-18,data/raw/ravdess/audio_speech/Audio_Speech_Actors_01-24/Actor_18/03-01-08-01-01-01-18.wav,18,valid,08,7,surprise,01,01,01,3,sad,0.098999,0.10763,0.080935,0.181375,0.090299,0.096778,0.172271,0.171714,/home/tonyhe/ravdess_avfusion/external/audio_ser_speechbrain/speechbrain-develop-main/outputs/embeddings_ECAPA/valid/03-01-08-01-01-01-18.npy,96
01-08-01-01-01-19,03-01-08-01-01-01-19,03-01-08-01-01-01-19,data/raw/ravdess/audio_speech/Audio_Speech_Actors_01-24/Actor_19/03-01-08-01-01-01-19.wav,19,valid,08,7,surprise,01,01,01,6,disgust,0.113842,0.109664,0.101639,0.117896,0.148051,0.087403,0.223033,0.098473,/home/tonyhe/ravdess_avfusion/external/audio_ser_speechbrain/speechbrain-develop-main/outputs/embeddings_ECAPA/valid/03-01-08-01-01-01-19.npy,96
01-08-01-01-01-20,03-01-08-01-01-01-20,03-01-08-01-01-01-20,data/raw/ravdess/audio_speech/Audio_Speech_Actors_01-24/Actor_20/03-01-08-01-01-01-20.wav,20,valid,08,7,surprise,01,01,01,7,surprise,0.11648,0.077033,0.11086,0.113669,0.080445,0.129626,0.125003,0.246884,/home/tonyhe/ravdess_avfusion/external/audio_ser_speechbrain/speechbrain-develop-main/outputs/embeddings_ECAPA/valid/03-01-08-01-01-01-20.npy,96
01-08-01-01-02-17,03-01-08-01-01-02-17,03-01-08-01-01-02-17,data/raw/ravdess/audio_speech/Audio_Speech_Actors_01-24/Actor_17/03-01-08-01-01-02-17.wav,17,valid,08,7,surprise,01,01,02,5,fearful,0.061509,0.111663,0.106608,0.090297,0.097621,0.200253,0.159063,0.172986,/home/tonyhe/ravdess_avfusion/external/audio_ser_speechbrain/speechbrain-develop-main/outputs/embeddings_ECAPA/valid/03-01-08-01-01-02-17.npy,96
01-08-01-01-02-18,03-01-08-01-01-02-18,03-01-08-01-01-02-18,data/raw/ravdess/audio_speech/Audio_Speech_Actors_01-24/Actor_18/03-01-08-01-01-02-18.wav,18,valid,08,7,surprise,01,01,02,7,surprise,0.102235,0.119985,0.096489,0.146145,0.081187,0.087069,0.177279,0.189611,/home/tonyhe/ravdess_avfusion/external/audio_ser_speechbrain/speechbrain-develop-main/outputs/embeddings_ECAPA/valid/03-01-08-01-01-02-18.npy,96
01-08-01-01-02-19,03-01-08-01-01-02-19,03-01-08-01-01-02-19,data/raw/ravdess/audio_speech/Audio_Speech_Actors_01-24/Actor_19/03-01-08-01-01-02-19.wav,19,valid,08,7,surprise,01,01,02,0,neutral,0.172086,0.112032,0.167588,0.095483,0.087912,0.098413,0.103516,0.16297,/home/tonyhe/ravdess_avfusion/external/audio_ser_speechbrain/speechbrain-develop-main/outputs/embeddings_ECAPA/valid/03-01-08-01-01-02-19.npy,96
01-08-01-01-02-20,03-01-08-01-01-02-20,03-01-08-01-01-02-20,data/raw/ravdess/audio_speech/Audio_Speech_Actors_01-24/Actor_20/03-01-08-01-01-02-20.wav,20,valid,08,7,surprise,01,01,02,7,surprise,0.111061,0.078095,0.094101,0.127978,0.09174,0.111437,0.131952,0.253637,/home/tonyhe/ravdess_avfusion/external/audio_ser_speechbrain/speechbrain-develop-main/outputs/embeddings_ECAPA/valid/03-01-08-01-01-02-20.npy,96
01-08-01-02-01-17,03-01-08-01-02-01-17,03-01-08-01-02-01-17,data/raw/ravdess/audio_speech/Audio_Speech_Actors_01-24/Actor_17/03-01-08-01-02-01-17.wav,17,valid,08,7,surprise,01,02,01,7,surprise,0.074364,0.100342,0.092736,0.135869,0.084676,0.130001,0.189359,0.192653,/home/tonyhe/ravdess_avfusion/external/audio_ser_speechbrain/speechbrain-develop-main/outputs/embeddings_ECAPA/valid/03-01-08-01-02-01-17.npy,96
01-08-01-02-01-18,03-01-08-01-02-01-18,03-01-08-01-02-01-18,data/raw/ravdess/audio_speech/Audio_Speech_Actors_01-24/Actor_18/03-01-08-01-02-01-18.wav,18,valid,08,7,surprise,01,02,01,6,disgust,0.088116,0.157207,0.102589,0.146766,0.091823,0.09472,0.184752,0.134028,/home/tonyhe/ravdess_avfusion/external/audio_ser_speechbrain/speechbrain-develop-main/outputs/embeddings_ECAPA/valid/03-01-08-01-02-01-18.npy,96
01-08-01-02-01-19,03-01-08-01-02-01-19,03-01-08-01-02-01-19,data/raw/ravdess/audio_speech/Audio_Speech_Actors_01-24/Actor_19/03-01-08-01-02-01-19.wav,19,valid,08,7,surprise,01,02,01,6,disgust,0.118221,0.10615,0.083346,0.139569,0.140892,0.080252,0.211686,0.119885,/home/tonyhe/ravdess_avfusion/external/audio_ser_speechbrain/speechbrain-develop-main/outputs/embeddings_ECAPA/valid/03-01-08-01-02-01-19.npy,96
01-08-01-02-01-20,03-01-08-01-02-01-20,03-01-08-01-02-01-20,data/raw/ravdess/audio_speech/Audio_Speech_Actors_01-24/Actor_20/03-01-08-01-02-01-20.wav,20,valid,08,7,surprise,01,02,01,7,surprise,0.105205,0.089727,0.088016,0.094805,0.097568,0.136938,0.154861,0.232879,/home/tonyhe/ravdess_avfusion/external/audio_ser_speechbrain/speechbrain-develop-main/outputs/embeddings_ECAPA/valid/03-01-08-01-02-01-20.npy,96
01-08-01-02-02-17,03-01-08-01-02-02-17,03-01-08-01-02-02-17,data/raw/ravdess/audio_speech/Audio_Speech_Actors_01-24/Actor_17/03-01-08-01-02-02-17.wav,17,valid,08,7,surprise,01,02,02,7,surprise,0.095074,0.09043,0.146458,0.098316,0.065426,0.12547,0.179959,0.198868,/home/tonyhe/ravdess_avfusion/external/audio_ser_speechbrain/speechbrain-develop-main/outputs/embeddings_ECAPA/valid/03-01-08-01-02-02-17.npy,96
01-08-01-02-02-18,03-01-08-01-02-02-18,03-01-08-01-02-02-18,data/raw/ravdess/audio_speech/Audio_Speech_Actors_01-24/Actor_18/03-01-08-01-02-02-18.wav,18,valid,08,7,surprise,01,02,02,7,surprise,0.082329,0.133892,0.106238,0.159096,0.083994,0.094612,0.168854,0.170985,/home/tonyhe/ravdess_avfusion/external/audio_ser_speechbrain/speechbrain-develop-main/outputs/embeddings_ECAPA/valid/03-01-08-01-02-02-18.npy,96
01-08-01-02-02-19,03-01-08-01-02-02-19,03-01-08-01-02-02-19,data/raw/ravdess/audio_speech/Audio_Speech_Actors_01-24/Actor_19/03-01-08-01-02-02-19.wav,19,valid,08,7,surprise,01,02,02,7,surprise,0.186369,0.115138,0.113535,0.113333,0.094467,0.093991,0.095841,0.187326,/home/tonyhe/ravdess_avfusion/external/audio_ser_speechbrain/speechbrain-develop-main/outputs/embeddings_ECAPA/valid/03-01-08-01-02-02-19.npy,96
01-08-01-02-02-20,03-01-08-01-02-02-20,03-01-08-01-02-02-20,data/raw/ravdess/audio_speech/Audio_Speech_Actors_01-24/Actor_20/03-01-08-01-02-02-20.wav,20,valid,08,7,surprise,01,02,02,7,surprise,0.124547,0.087633,0.088392,0.085699,0.099407,0.124014,0.142447,0.247861,/home/tonyhe/ravdess_avfusion/external/audio_ser_speechbrain/speechbrain-develop-main/outputs/embeddings_ECAPA/valid/03-01-08-01-02-02-20.npy,96
01-08-02-01-01-17,03-01-08-02-01-01-17,03-01-08-02-01-01-17,data/raw/ravdess/audio_speech/Audio_Speech_Actors_01-24/Actor_17/03-01-08-02-01-01-17.wav,17,valid,08,7,surprise,02,01,01,7,surprise,0.069,0.097949,0.105885,0.08968,0.102089,0.135922,0.146446,0.253029,/home/tonyhe/ravdess_avfusion/external/audio_ser_speechbrain/speechbrain-develop-main/outputs/embeddings_ECAPA/valid/03-01-08-02-01-01-17.npy,96
01-08-02-01-01-18,03-01-08-02-01-01-18,03-01-08-02-01-01-18,data/raw/ravdess/audio_speech/Audio_Speech_Actors_01-24/Actor_18/03-01-08-02-01-01-18.wav,18,valid,08,7,surprise,02,01,01,7,surprise,0.073094,0.094983,0.0848,0.127273,0.128656,0.11564,0.136751,0.238803,/home/tonyhe/ravdess_avfusion/external/audio_ser_speechbrain/speechbrain-develop-main/outputs/embeddings_ECAPA/valid/03-01-08-02-01-01-18.npy,96
01-08-02-01-01-19,03-01-08-02-01-01-19,03-01-08-02-01-01-19,data/raw/ravdess/audio_speech/Audio_Speech_Actors_01-24/Actor_19/03-01-08-02-01-01-19.wav,19,valid,08,7,surprise,02,01,01,3,sad,0.076376,0.108588,0.103308,0.187574,0.090598,0.1092,0.154163,0.170192,/home/tonyhe/ravdess_avfusion/external/audio_ser_speechbrain/speechbrain-develop-main/outputs/embeddings_ECAPA/valid/03-01-08-02-01-01-19.npy,96
01-08-02-01-01-20,03-01-08-02-01-01-20,03-01-08-02-01-01-20,data/raw/ravdess/audio_speech/Audio_Speech_Actors_01-24/Actor_20/03-01-08-02-01-01-20.wav,20,valid,08,7,surprise,02,01,01,5,fearful,0.093497,0.091757,0.14125,0.083368,0.076135,0.206005,0.135681,0.172306,/home/tonyhe/ravdess_avfusion/external/audio_ser_speechbrain/speechbrain-develop-main/outputs/embeddings_ECAPA/valid/03-01-08-02-01-01-20.npy,96
01-08-02-01-02-17,03-01-08-02-01-02-17,03-01-08-02-01-02-17,data/raw/ravdess/audio_speech/Audio_Speech_Actors_01-24/Actor_17/03-01-08-02-01-02-17.wav,17,valid,08,7,surprise,02,01,02,7,surprise,0.06409,0.118848,0.09737,0.085384,0.099488,0.157219,0.18424,0.19336,/home/tonyhe/ravdess_avfusion/external/audio_ser_speechbrain/speechbrain-develop-main/outputs/embeddings_ECAPA/valid/03-01-08-02-01-02-17.npy,96
01-08-02-01-02-18,03-01-08-02-01-02-18,03-01-08-02-01-02-18,data/raw/ravdess/audio_speech/Audio_Speech_Actors_01-24/Actor_18/03-01-08-02-01-02-18.wav,18,valid,08,7,surprise,02,01,02,7,surprise,0.077314,0.136783,0.086843,0.112105,0.105645,0.11105,0.141259,0.229001,/home/tonyhe/ravdess_avfusion/external/audio_ser_speechbrain/speechbrain-develop-main/outputs/embeddings_ECAPA/valid/03-01-08-02-01-02-18.npy,96
01-08-02-01-02-19,03-01-08-02-01-02-19,03-01-08-02-01-02-19,data/raw/ravdess/audio_speech/Audio_Speech_Actors_01-24/Actor_19/03-01-08-02-01-02-19.wav,19,valid,08,7,surprise,02,01,02,6,disgust,0.073734,0.081727,0.110495,0.118596,0.133797,0.110462,0.216526,0.154663,/home/tonyhe/ravdess_avfusion/external/audio_ser_speechbrain/speechbrain-develop-main/outputs/embeddings_ECAPA/valid/03-01-08-02-01-02-19.npy,96
01-08-02-01-02-20,03-01-08-02-01-02-20,03-01-08-02-01-02-20,data/raw/ravdess/audio_speech/Audio_Speech_Actors_01-24/Actor_20/03-01-08-02-01-02-20.wav,20,valid,08,7,surprise,02,01,02,7,surprise,0.121901,0.068035,0.084395,0.11604,0.09556,0.122193,0.153243,0.238633,/home/tonyhe/ravdess_avfusion/external/audio_ser_speechbrain/speechbrain-develop-main/outputs/embeddings_ECAPA/valid/03-01-08-02-01-02-20.npy,96
01-08-02-02-01-17,03-01-08-02-02-01-17,03-01-08-02-02-01-17,data/raw/ravdess/audio_speech/Audio_Speech_Actors_01-24/Actor_17/03-01-08-02-02-01-17.wav,17,valid,08,7,surprise,02,02,01,7,surprise,0.076284,0.084009,0.113231,0.101161,0.09209,0.163138,0.16354,0.206547,/home/tonyhe/ravdess_avfusion/external/audio_ser_speechbrain/speechbrain-develop-main/outputs/embeddings_ECAPA/valid/03-01-08-02-02-01-17.npy,96
01-08-02-02-01-18,03-01-08-02-02-01-18,03-01-08-02-02-01-18,data/raw/ravdess/audio_speech/Audio_Speech_Actors_01-24/Actor_18/03-01-08-02-02-01-18.wav,18,valid,08,7,surprise,02,02,01,7,surprise,0.088872,0.138843,0.094018,0.132424,0.096344,0.087506,0.178195,0.183798,/home/tonyhe/ravdess_avfusion/external/audio_ser_speechbrain/speechbrain-develop-main/outputs/embeddings_ECAPA/valid/03-01-08-02-02-01-18.npy,96
01-08-02-02-01-19,03-01-08-02-02-01-19,03-01-08-02-02-01-19,data/raw/ravdess/audio_speech/Audio_Speech_Actors_01-24/Actor_19/03-01-08-02-02-01-19.wav,19,valid,08,7,surprise,02,02,01,3,sad,0.095234,0.078853,0.132683,0.221892,0.076962,0.12135,0.115586,0.15744,/home/tonyhe/ravdess_avfusion/external/audio_ser_speechbrain/speechbrain-develop-main/outputs/embeddings_ECAPA/valid/03-01-08-02-02-01-19.npy,96
01-08-02-02-01-20,03-01-08-02-02-01-20,03-01-08-02-02-01-20,data/raw/ravdess/audio_speech/Audio_Speech_Actors_01-24/Actor_20/03-01-08-02-02-01-20.wav,20,valid,08,7,surprise,02,02,01,5,fearful,0.086703,0.116065,0.136382,0.111361,0.063879,0.200532,0.162492,0.122586,/home/tonyhe/ravdess_avfusion/external/audio_ser_speechbrain/speechbrain-develop-main/outputs/embeddings_ECAPA/valid/03-01-08-02-02-01-20.npy,96
01-08-02-02-02-17,03-01-08-02-02-02-17,03-01-08-02-02-02-17,data/raw/ravdess/audio_speech/Audio_Speech_Actors_01-24/Actor_17/03-01-08-02-02-02-17.wav,17,valid,08,7,surprise,02,02,02,7,surprise,0.064334,0.10687,0.106893,0.088342,0.116664,0.123327,0.194775,0.198795,/home/tonyhe/ravdess_avfusion/external/audio_ser_speechbrain/speechbrain-develop-main/outputs/embeddings_ECAPA/valid/03-01-08-02-02-02-17.npy,96
01-08-02-02-02-18,03-01-08-02-02-02-18,03-01-08-02-02-02-18,data/raw/ravdess/audio_speech/Audio_Speech_Actors_01-24/Actor_18/03-01-08-02-02-02-18.wav,18,valid,08,7,surprise,02,02,02,7,surprise,0.085443,0.12599,0.086309,0.114829,0.087586,0.145801,0.124788,0.229255,/home/tonyhe/ravdess_avfusion/external/audio_ser_speechbrain/speechbrain-develop-main/outputs/embeddings_ECAPA/valid/03-01-08-02-02-02-18.npy,96
01-08-02-02-02-19,03-01-08-02-02-02-19,03-01-08-02-02-02-19,data/raw/ravdess/audio_speech/Audio_Speech_Actors_01-24/Actor_19/03-01-08-02-02-02-19.wav,19,valid,08,7,surprise,02,02,02,7,surprise,0.110476,0.067569,0.149779,0.130033,0.085471,0.092012,0.156378,0.208281,/home/tonyhe/ravdess_avfusion/external/audio_ser_speechbrain/speechbrain-develop-main/outputs/embeddings_ECAPA/valid/03-01-08-02-02-02-19.npy,96
01-08-02-02-02-20,03-01-08-02-02-02-20,03-01-08-02-02-02-20,data/raw/ravdess/audio_speech/Audio_Speech_Actors_01-24/Actor_20/03-01-08-02-02-02-20.wav,20,valid,08,7,surprise,02,02,02,5,fearful,0.095848,0.087832,0.092597,0.09909,0.091223,0.25986,0.145294,0.128256,/home/tonyhe/ravdess_avfusion/external/audio_ser_speechbrain/speechbrain-develop-main/outputs/embeddings_ECAPA/valid/03-01-08-02-02-02-20.npy,96
01-01-01-01-01-21,03-01-01-01-01-01-21,03-01-01-01-01-01-21,data/raw/ravdess/audio_speech/Audio_Speech_Actors_01-24/Actor_21/03-01-01-01-01-01-21.wav,21,test,01,0,neutral,01,01,01,1,calm,0.160856,0.162393,0.124503,0.135911,0.077465,0.080415,0.104118,0.154337,/home/tonyhe/ravdess_avfusion/external/audio_ser_speechbrain/speechbrain-develop-main/outputs/embeddings_ECAPA/test/03-01-01-01-01-01-21.npy,96
01-01-01-01-01-22,03-01-01-01-01-01-22,03-01-01-01-01-01-22,data/raw/ravdess/audio_speech/Audio_Speech_Actors_01-24/Actor_22/03-01-01-01-01-01-22.wav,22,test,01,0,neutral,01,01,01,4,angry,0.157386,0.14505,0.092543,0.086213,0.176695,0.170109,0.099573,0.072431,/home/tonyhe/ravdess_avfusion/external/audio_ser_speechbrain/speechbrain-develop-main/outputs/embeddings_ECAPA/test/03-01-01-01-01-01-22.npy,96
01-01-01-01-01-23,03-01-01-01-01-01-23,03-01-01-01-01-01-23,data/raw/ravdess/audio_speech/Audio_Speech_Actors_01-24/Actor_23/03-01-01-01-01-01-23.wav,23,test,01,0,neutral,01,01,01,2,happy,0.141946,0.154737,0.1881,0.097467,0.124806,0.084271,0.074383,0.13429,/home/tonyhe/ravdess_avfusion/external/audio_ser_speechbrain/speechbrain-develop-main/outputs/embeddings_ECAPA/test/03-01-01-01-01-01-23.npy,96
01-01-01-01-01-24,03-01-01-01-01-01-24,03-01-01-01-01-01-24,data/raw/ravdess/audio_speech/Audio_Speech_Actors_01-24/Actor_24/03-01-01-01-01-01-24.wav,24,test,01,0,neutral,01,01,01,3,sad,0.155005,0.101336,0.074396,0.185679,0.094447,0.072448,0.156597,0.160093,/home/tonyhe/ravdess_avfusion/external/audio_ser_speechbrain/speechbrain-develop-main/outputs/embeddings_ECAPA/test/03-01-01-01-01-01-24.npy,96
01-01-01-01-02-21,03-01-01-01-01-02-21,03-01-01-01-01-02-21,data/raw/ravdess/audio_speech/Audio_Speech_Actors_01-24/Actor_21/03-01-01-01-01-02-21.wav,21,test,01,0,neutral,01,01,02,0,neutral,0.196742,0.161063,0.112249,0.17008,0.07613,0.082859,0.092469,0.108407,/home/tonyhe/ravdess_avfusion/external/audio_ser_speechbrain/speechbrain-develop-main/outputs/embeddings_ECAPA/test/03-01-01-01-01-02-21.npy,96
01-01-01-01-02-22,03-01-01-01-01-02-22,03-01-01-01-01-02-22,data/raw/ravdess/audio_speech/Audio_Speech_Actors_01-24/Actor_22/03-01-01-01-01-02-22.wav,22,test,01,0,neutral,01,01,02,5,fearful,0.168157,0.092692,0.100547,0.086314,0.141433,0.182916,0.119216,0.108725,/home/tonyhe/ravdess_avfusion/external/audio_ser_speechbrain/speechbrain-develop-main/outputs/embeddings_ECAPA/test/03-01-01-01-01-02-22.npy,96
01-01-01-01-02-23,03-01-01-01-01-02-23,03-01-01-01-01-02-23,data/raw/ravdess/audio_speech/Audio_Speech_Actors_01-24/Actor_23/03-01-01-01-01-02-23.wav,23,test,01,0,neutral,01,01,02,7,surprise,0.141454,0.101638,0.162733,0.11488,0.122326,0.082964,0.083306,0.190698,/home/tonyhe/ravdess_avfusion/external/audio_ser_speechbrain/speechbrain-develop-main/outputs/embeddings_ECAPA/test/03-01-01-01-01-02-23.npy,96
01-01-01-01-02-24,03-01-01-01-01-02-24,03-01-01-01-01-02-24,data/raw/ravdess/audio_speech/Audio_Speech_Actors_01-24/Actor_24/03-01-01-01-01-02-24.wav,24,test,01,0,neutral,01,01,02,3,sad,0.13709,0.11374,0.070927,0.225353,0.099654,0.08593,0.141132,0.126174,/home/tonyhe/ravdess_avfusion/external/audio_ser_speechbrain/speechbrain-develop-main/outputs/embeddings_ECAPA/test/03-01-01-01-01-02-24.npy,96
01-01-01-02-01-21,03-01-01-01-02-01-21,03-01-01-01-02-01-21,data/raw/ravdess/audio_speech/Audio_Speech_Actors_01-24/Actor_21/03-01-01-01-02-01-21.wav,21,test,01,0,neutral,01,02,01,0,neutral,0.162859,0.156402,0.147431,0.147632,0.117829,0.065733,0.113795,0.088319,/home/tonyhe/ravdess_avfusion/external/audio_ser_speechbrain/speechbrain-develop-main/outputs/embeddings_ECAPA/test/03-01-01-01-02-01-21.npy,96
01-01-01-02-01-22,03-01-01-01-02-01-22,03-01-01-01-02-01-22,data/raw/ravdess/audio_speech/Audio_Speech_Actors_01-24/Actor_22/03-01-01-01-02-01-22.wav,22,test,01,0,neutral,01,02,01,0,neutral,0.161433,0.158579,0.153186,0.112484,0.138476,0.076111,0.105755,0.093977,/home/tonyhe/ravdess_avfusion/external/audio_ser_speechbrain/speechbrain-develop-main/outputs/embeddings_ECAPA/test/03-01-01-01-02-01-22.npy,96
01-01-01-02-01-23,03-01-01-01-02-01-23,03-01-01-01-02-01-23,data/raw/ravdess/audio_speech/Audio_Speech_Actors_01-24/Actor_23/03-01-01-01-02-01-23.wav,23,test,01,0,neutral,01,02,01,7,surprise,0.11314,0.13327,0.148325,0.072879,0.140508,0.09379,0.0998,0.198288,/home/tonyhe/ravdess_avfusion/external/audio_ser_speechbrain/speechbrain-develop-main/outputs/embeddings_ECAPA/test/03-01-01-01-02-01-23.npy,96
01-01-01-02-01-24,03-01-01-01-02-01-24,03-01-01-01-02-01-24,data/raw/ravdess/audio_speech/Audio_Speech_Actors_01-24/Actor_24/03-01-01-01-02-01-24.wav,24,test,01,0,neutral,01,02,01,0,neutral,0.193912,0.132853,0.076789,0.150868,0.101593,0.062355,0.160687,0.120943,/home/tonyhe/ravdess_avfusion/external/audio_ser_speechbrain/speechbrain-develop-main/outputs/embeddings_ECAPA/test/03-01-01-01-02-01-24.npy,96
01-01-01-02-02-21,03-01-01-01-02-02-21,03-01-01-01-02-02-21,data/raw/ravdess/audio_speech/Audio_Speech_Actors_01-24/Actor_21/03-01-01-01-02-02-21.wav,21,test,01,0,neutral,01,02,02,0,neutral,0.184437,0.154148,0.165804,0.138493,0.103177,0.090037,0.090813,0.073091,/home/tonyhe/ravdess_avfusion/external/audio_ser_speechbrain/speechbrain-develop-main/outputs/embeddings_ECAPA/test/03-01-01-01-02-02-21.npy,96
01-01-01-02-02-22,03-01-01-01-02-02-22,03-01-01-01-02-02-22,data/raw/ravdess/audio_speech/Audio_Speech_Actors_01-24/Actor_22/03-01-01-01-02-02-22.wav,22,test,01,0,neutral,01,02,02,0,neutral,0.197367,0.11207,0.102576,0.106961,0.195024,0.088106,0.097224,0.100672,/home/tonyhe/ravdess_avfusion/external/audio_ser_speechbrain/speechbrain-develop-main/outputs/embeddings_ECAPA/test/03-01-01-01-02-02-22.npy,96
01-01-01-02-02-23,03-01-01-01-02-02-23,03-01-01-01-02-02-23,data/raw/ravdess/audio_speech/Audio_Speech_Actors_01-24/Actor_23/03-01-01-01-02-02-23.wav,23,test,01,0,neutral,01,02,02,2,happy,0.130224,0.124462,0.172483,0.081561,0.140395,0.090748,0.09291,0.167217,/home/tonyhe/ravdess_avfusion/external/audio_ser_speechbrain/speechbrain-develop-main/outputs/embeddings_ECAPA/test/03-01-01-01-02-02-23.npy,96
01-01-01-02-02-24,03-01-01-01-02-02-24,03-01-01-01-02-02-24,data/raw/ravdess/audio_speech/Audio_Speech_Actors_01-24/Actor_24/03-01-01-01-02-02-24.wav,24,test,01,0,neutral,01,02,02,3,sad,0.173775,0.096707,0.08907,0.204864,0.103677,0.066861,0.156,0.109047,/home/tonyhe/ravdess_avfusion/external/audio_ser_speechbrain/speechbrain-develop-main/outputs/embeddings_ECAPA/test/03-01-01-01-02-02-24.npy,96
01-02-01-01-01-21,03-01-02-01-01-01-21,03-01-02-01-01-01-21,data/raw/ravdess/audio_speech/Audio_Speech_Actors_01-24/Actor_21/03-01-02-01-01-01-21.wav,21,test,02,1,calm,01,01,01,1,calm,0.151811,0.206453,0.141621,0.135098,0.071786,0.097222,0.107669,0.08834,/home/tonyhe/ravdess_avfusion/external/audio_ser_speechbrain/speechbrain-develop-main/outputs/embeddings_ECAPA/test/03-01-02-01-01-01-21.npy,96
01-02-01-01-01-22,03-01-02-01-01-01-22,03-01-02-01-01-01-22,data/raw/ravdess/audio_speech/Audio_Speech_Actors_01-24/Actor_22/03-01-02-01-01-01-22.wav,22,test,02,1,calm,01,01,01,4,angry,0.133784,0.155309,0.140313,0.118152,0.164214,0.117384,0.109006,0.06184,/home/tonyhe/ravdess_avfusion/external/audio_ser_speechbrain/speechbrain-develop-main/outputs/embeddings_ECAPA/test/03-01-02-01-01-01-22.npy,96
01-02-01-01-01-23,03-01-02-01-01-01-23,03-01-02-01-01-01-23,data/raw/ravdess/audio_speech/Audio_Speech_Actors_01-24/Actor_23/03-01-02-01-01-01-23.wav,23,test,02,1,calm,01,01,01,1,calm,0.165107,0.194973,0.167069,0.100953,0.103769,0.091273,0.076476,0.10038,/home/tonyhe/ravdess_avfusion/external/audio_ser_speechbrain/speechbrain-develop-main/outputs/embeddings_ECAPA/test/03-01-02-01-01-01-23.npy,96
01-02-01-01-01-24,03-01-02-01-01-01-24,03-01-02-01-01-01-24,data/raw/ravdess/audio_speech/Audio_Speech_Actors_01-24/Actor_24/03-01-02-01-01-01-24.wav,24,test,02,1,calm,01,01,01,3,sad,0.175355,0.142359,0.093115,0.180331,0.077541,0.078726,0.144516,0.108057,/home/tonyhe/ravdess_avfusion/external/audio_ser_speechbrain/speechbrain-develop-main/outputs/embeddings_ECAPA/test/03-01-02-01-01-01-24.npy,96
01-02-01-01-02-21,03-01-02-01-01-02-21,03-01-02-01-01-02-21,data/raw/ravdess/audio_speech/Audio_Speech_Actors_01-24/Actor_21/03-01-02-01-01-02-21.wav,21,test,02,1,calm,01,01,02,1,calm,0.13664,0.235378,0.138988,0.146241,0.092916,0.095519,0.082826,0.071492,/home/tonyhe/ravdess_avfusion/external/audio_ser_speechbrain/speechbrain-develop-main/outputs/embeddings_ECAPA/test/03-01-02-01-01-02-21.npy,96
01-02-01-01-02-22,03-01-02-01-01-02-22,03-01-02-01-01-02-22,data/raw/ravdess/audio_speech/Audio_Speech_Actors_01-24/Actor_22/03-01-02-01-01-02-22.wav,22,test,02,1,calm,01,01,02,3,sad,0.114288,0.138873,0.13971,0.145281,0.144748,0.123787,0.126096,0.067217,/home/tonyhe/ravdess_avfusion/external/audio_ser_speechbrain/speechbrain-develop-main/outputs/embeddings_ECAPA/test/03-01-02-01-01-02-22.npy,96
01-02-01-01-02-23,03-01-02-01-01-02-23,03-01-02-01-01-02-23,data/raw/ravdess/audio_speech/Audio_Speech_Actors_01-24/Actor_23/03-01-02-01-01-02-23.wav,23,test,02,1,calm,01,01,02,2,happy,0.142962,0.147993,0.192832,0.080993,0.097289,0.130471,0.079529,0.12793,/home/tonyhe/ravdess_avfusion/external/audio_ser_speechbrain/speechbrain-develop-main/outputs/embeddings_ECAPA/test/03-01-02-01-01-02-23.npy,96
01-02-01-01-02-24,03-01-02-01-01-02-24,03-01-02-01-01-02-24,data/raw/ravdess/audio_speech/Audio_Speech_Actors_01-24/Actor_24/03-01-02-01-01-02-24.wav,24,test,02,1,calm,01,01,02,0,neutral,0.218063,0.135006,0.087676,0.144974,0.085123,0.080797,0.152092,0.096267,/home/tonyhe/ravdess_avfusion/external/audio_ser_speechbrain/speechbrain-develop-main/outputs/embeddings_ECAPA/test/03-01-02-01-01-02-24.npy,96
01-02-01-02-01-21,03-01-02-01-02-01-21,03-01-02-01-02-01-21,data/raw/ravdess/audio_speech/Audio_Speech_Actors_01-24/Actor_21/03-01-02-01-02-01-21.wav,21,test,02,1,calm,01,02,01,1,calm,0.148259,0.212612,0.129338,0.134152,0.098479,0.084511,0.1228,0.069848,/home/tonyhe/ravdess_avfusion/external/audio_ser_speechbrain/speechbrain-develop-main/outputs/embeddings_ECAPA/test/03-01-02-01-02-01-21.npy,96
01-02-01-02-01-22,03-01-02-01-02-01-22,03-01-02-01-02-01-22,data/raw/ravdess/audio_speech/Audio_Speech_Actors_01-24/Actor_22/03-01-02-01-02-01-22.wav,22,test,02,1,calm,01,02,01,4,angry,0.12171,0.120008,0.104771,0.098888,0.178888,0.148124,0.148711,0.078899,/home/tonyhe/ravdess_avfusion/external/audio_ser_speechbrain/speechbrain-develop-main/outputs/embeddings_ECAPA/test/03-01-02-01-02-01-22.npy,96
01-02-01-02-01-23,03-01-02-01-02-01-23,03-01-02-01-02-01-23,data/raw/ravdess/audio_speech/Audio_Speech_Actors_01-24/Actor_23/03-01-02-01-02-01-23.wav,23,test,02,1,calm,01,02,01,2,happy,0.099617,0.161932,0.191624,0.064061,0.116181,0.134585,0.101192,0.130806,/home/tonyhe/ravdess_avfusion/external/audio_ser_speechbrain/speechbrain-develop-main/outputs/embeddings_ECAPA/test/03-01-02-01-02-01-23.npy,96
01-02-01-02-01-24,03-01-02-01-02-01-24,03-01-02-01-02-01-24,data/raw/ravdess/audio_speech/Audio_Speech_Actors_01-24/Actor_24/03-01-02-01-02-01-24.wav,24,test,02,1,calm,01,02,01,1,calm,0.113184,0.220663,0.091253,0.105644,0.121907,0.106612,0.157376,0.083362,/home/tonyhe/ravdess_avfusion/external/audio_ser_speechbrain/speechbrain-develop-main/outputs/embeddings_ECAPA/test/03-01-02-01-02-01-24.npy,96
01-02-01-02-02-21,03-01-02-01-02-02-21,03-01-02-01-02-02-21,data/raw/ravdess/audio_speech/Audio_Speech_Actors_01-24/Actor_21/03-01-02-01-02-02-21.wav,21,test,02,1,calm,01,02,02,1,calm,0.14364,0.242906,0.137668,0.100338,0.088311,0.092734,0.11471,0.079694,/home/tonyhe/ravdess_avfusion/external/audio_ser_speechbrain/speechbrain-develop-main/outputs/embeddings_ECAPA/test/03-01-02-01-02-02-21.npy,96
01-02-01-02-02-22,03-01-02-01-02-02-22,03-01-02-01-02-02-22,data/raw/ravdess/audio_speech/Audio_Speech_Actors_01-24/Actor_22/03-01-02-01-02-02-22.wav,22,test,02,1,calm,01,02,02,4,angry,0.134069,0.109674,0.116599,0.166007,0.179112,0.107311,0.120939,0.066288,/home/tonyhe/ravdess_avfusion/external/audio_ser_speechbrain/speechbrain-develop-main/outputs/embeddings_ECAPA/test/03-01-02-01-02-02-22.npy,96
01-02-01-02-02-23,03-01-02-01-02-02-23,03-01-02-01-02-02-23,data/raw/ravdess/audio_speech/Audio_Speech_Actors_01-24/Actor_23/03-01-02-01-02-02-23.wav,23,test,02,1,calm,01,02,02,2,happy,0.128338,0.182124,0.18397,0.076514,0.10159,0.093709,0.10118,0.132574,/home/tonyhe/ravdess_avfusion/external/audio_ser_speechbrain/speechbrain-develop-main/outputs/embeddings_ECAPA/test/03-01-02-01-02-02-23.npy,96
01-02-01-02-02-24,03-01-02-01-02-02-24,03-01-02-01-02-02-24,data/raw/ravdess/audio_speech/Audio_Speech_Actors_01-24/Actor_24/03-01-02-01-02-02-24.wav,24,test,02,1,calm,01,02,02,1,calm,0.156019,0.213247,0.084188,0.107431,0.094137,0.10297,0.140746,0.101263,/home/tonyhe/ravdess_avfusion/external/audio_ser_speechbrain/speechbrain-develop-main/outputs/embeddings_ECAPA/test/03-01-02-01-02-02-24.npy,96
01-02-02-01-01-21,03-01-02-02-01-01-21,03-01-02-02-01-01-21,data/raw/ravdess/audio_speech/Audio_Speech_Actors_01-24/Actor_21/03-01-02-02-01-01-21.wav,21,test,02,1,calm,02,01,01,1,calm,0.103878,0.229964,0.137144,0.139124,0.091001,0.127315,0.096995,0.074579,/home/tonyhe/ravdess_avfusion/external/audio_ser_speechbrain/speechbrain-develop-main/outputs/embeddings_ECAPA/test/03-01-02-02-01-01-21.npy,96
01-02-02-01-01-22,03-01-02-02-01-01-22,03-01-02-02-01-01-22,data/raw/ravdess/audio_speech/Audio_Speech_Actors_01-24/Actor_22/03-01-02-02-01-01-22.wav,22,test,02,1,calm,02,01,01,1,calm,0.085424,0.191264,0.13775,0.111818,0.149513,0.131428,0.125359,0.067443,/home/tonyhe/ravdess_avfusion/external/audio_ser_speechbrain/speechbrain-develop-main/outputs/embeddings_ECAPA/test/03-01-02-02-01-01-22.npy,96
01-02-02-01-01-23,03-01-02-02-01-01-23,03-01-02-02-01-01-23,data/raw/ravdess/audio_speech/Audio_Speech_Actors_01-24/Actor_23/03-01-02-02-01-01-23.wav,23,test,02,1,calm,02,01,01,2,happy,0.130898,0.184062,0.204795,0.082325,0.101752,0.095473,0.087646,0.113048,/home/tonyhe/ravdess_avfusion/external/audio_ser_speechbrain/speechbrain-develop-main/outputs/embeddings_ECAPA/test/03-01-02-02-01-01-23.npy,96
01-02-02-01-01-24,03-01-02-02-01-01-24,03-01-02-02-01-01-24,data/raw/ravdess/audio_speech/Audio_Speech_Actors_01-24/Actor_24/03-01-02-02-01-01-24.wav,24,test,02,1,calm,02,01,01,3,sad,0.122833,0.172044,0.102962,0.197042,0.109578,0.064998,0.127431,0.103111,/home/tonyhe/ravdess_avfusion/external/audio_ser_speechbrain/speechbrain-develop-main/outputs/embeddings_ECAPA/test/03-01-02-02-01-01-24.npy,96
01-02-02-01-02-21,03-01-02-02-01-02-21,03-01-02-02-01-02-21,data/raw/ravdess/audio_speech/Audio_Speech_Actors_01-24/Actor_21/03-01-02-02-01-02-21.wav,21,test,02,1,calm,02,01,02,1,calm,0.113912,0.226964,0.121843,0.142583,0.10464,0.093841,0.124512,0.071704,/home/tonyhe/ravdess_avfusion/external/audio_ser_speechbrain/speechbrain-develop-main/outputs/embeddings_ECAPA/test/03-01-02-02-01-02-21.npy,96
01-02-02-01-02-22,03-01-02-02-01-02-22,03-01-02-02-01-02-22,data/raw/ravdess/audio_speech/Audio_Speech_Actors_01-24/Actor_22/03-01-02-02-01-02-22.wav,22,test,02,1,calm,02,01,02,2,happy,0.073111,0.162462,0.169563,0.09291,0.149194,0.139622,0.122768,0.09037,/home/tonyhe/ravdess_avfusion/external/audio_ser_speechbrain/speechbrain-develop-main/outputs/embeddings_ECAPA/test/03-01-02-02-01-02-22.npy,96
01-02-02-01-02-23,03-01-02-02-01-02-23,03-01-02-02-01-02-23,data/raw/ravdess/audio_speech/Audio_Speech_Actors_01-24/Actor_23/03-01-02-02-01-02-23.wav,23,test,02,1,calm,02,01,02,2,happy,0.141204,0.152527,0.219012,0.112508,0.07925,0.093659,0.093348,0.108492,/home/tonyhe/ravdess_avfusion/external/audio_ser_speechbrain/speechbrain-develop-main/outputs/embeddings_ECAPA/test/03-01-02-02-01-02-23.npy,96
01-02-02-01-02-24,03-01-02-02-01-02-24,03-01-02-02-01-02-24,data/raw/ravdess/audio_speech/Audio_Speech_Actors_01-24/Actor_24/03-01-02-02-01-02-24.wav,24,test,02,1,calm,02,01,02,3,sad,0.143609,0.171538,0.092735,0.226772,0.094153,0.097919,0.097086,0.076188,/home/tonyhe/ravdess_avfusion/external/audio_ser_speechbrain/speechbrain-develop-main/outputs/embeddings_ECAPA/test/03-01-02-02-01-02-24.npy,96
01-02-02-02-01-21,03-01-02-02-02-01-21,03-01-02-02-02-01-21,data/raw/ravdess/audio_speech/Audio_Speech_Actors_01-24/Actor_21/03-01-02-02-02-01-21.wav,21,test,02,1,calm,02,02,01,1,calm,0.135865,0.208002,0.150183,0.123149,0.122489,0.077769,0.119045,0.063498,/home/tonyhe/ravdess_avfusion/external/audio_ser_speechbrain/speechbrain-develop-main/outputs/embeddings_ECAPA/test/03-01-02-02-02-01-21.npy,96
01-02-02-02-01-22,03-01-02-02-02-01-22,03-01-02-02-02-01-22,data/raw/ravdess/audio_speech/Audio_Speech_Actors_01-24/Actor_22/03-01-02-02-02-01-22.wav,22,test,02,1,calm,02,02,01,1,calm,0.117077,0.20863,0.106898,0.107178,0.150095,0.137534,0.111448,0.06114,/home/tonyhe/ravdess_avfusion/external/audio_ser_speechbrain/speechbrain-develop-main/outputs/embeddings_ECAPA/test/03-01-02-02-02-01-22.npy,96
01-02-02-02-01-23,03-01-02-02-02-01-23,03-01-02-02-02-01-23,data/raw/ravdess/audio_speech/Audio_Speech_Actors_01-24/Actor_23/03-01-02-02-02-01-23.wav,23,test,02,1,calm,02,02,01,2,happy,0.106881,0.148462,0.184612,0.061605,0.115133,0.128658,0.10421,0.150439,/home/tonyhe/ravdess_avfusion/external/audio_ser_speechbrain/speechbrain-develop-main/outputs/embeddings_ECAPA/test/03-01-02-02-02-01-23.npy,96
01-02-02-02-01-24,03-01-02-02-02-01-24,03-01-02-02-02-01-24,data/raw/ravdess/audio_speech/Audio_Speech_Actors_01-24/Actor_24/03-01-02-02-02-01-24.wav,24,test,02,1,calm,02,02,01,1,calm,0.137541,0.207517,0.104817,0.147267,0.092308,0.080416,0.146532,0.083602,/home/tonyhe/ravdess_avfusion/external/audio_ser_speechbrain/speechbrain-develop-main/outputs/embeddings_ECAPA/test/03-01-02-02-02-01-24.npy,96
01-02-02-02-02-21,03-01-02-02-02-02-21,03-01-02-02-02-02-21,data/raw/ravdess/audio_speech/Audio_Speech_Actors_01-24/Actor_21/03-01-02-02-02-02-21.wav,21,test,02,1,calm,02,02,02,1,calm,0.113931,0.197783,0.15651,0.130923,0.117749,0.081749,0.133339,0.068017,/home/tonyhe/ravdess_avfusion/external/audio_ser_speechbrain/speechbrain-develop-main/outputs/embeddings_ECAPA/test/03-01-02-02-02-02-21.npy,96
01-02-02-02-02-22,03-01-02-02-02-02-22,03-01-02-02-02-02-22,data/raw/ravdess/audio_speech/Audio_Speech_Actors_01-24/Actor_22/03-01-02-02-02-02-22.wav,22,test,02,1,calm,02,02,02,1,calm,0.131544,0.210929,0.108689,0.109808,0.159536,0.117289,0.10056,0.061644,/home/tonyhe/ravdess_avfusion/external/audio_ser_speechbrain/speechbrain-develop-main/outputs/embeddings_ECAPA/test/03-01-02-02-02-02-22.npy,96
01-02-02-02-02-23,03-01-02-02-02-02-23,03-01-02-02-02-02-23,data/raw/ravdess/audio_speech/Audio_Speech_Actors_01-24/Actor_23/03-01-02-02-02-02-23.wav,23,test,02,1,calm,02,02,02,1,calm,0.150343,0.16901,0.161174,0.078258,0.144654,0.127799,0.073512,0.09525,/home/tonyhe/ravdess_avfusion/external/audio_ser_speechbrain/speechbrain-develop-main/outputs/embeddings_ECAPA/test/03-01-02-02-02-02-23.npy,96
01-02-02-02-02-24,03-01-02-02-02-02-24,03-01-02-02-02-02-24,data/raw/ravdess/audio_speech/Audio_Speech_Actors_01-24/Actor_24/03-01-02-02-02-02-24.wav,24,test,02,1,calm,02,02,02,1,calm,0.103978,0.202019,0.088115,0.155905,0.120594,0.101014,0.144999,0.083376,/home/tonyhe/ravdess_avfusion/external/audio_ser_speechbrain/speechbrain-develop-main/outputs/embeddings_ECAPA/test/03-01-02-02-02-02-24.npy,96
01-03-01-01-01-21,03-01-03-01-01-01-21,03-01-03-01-01-01-21,data/raw/ravdess/audio_speech/Audio_Speech_Actors_01-24/Actor_21/03-01-03-01-01-01-21.wav,21,test,03,2,happy,01,01,01,2,happy,0.111191,0.172903,0.208231,0.10958,0.09031,0.07884,0.109932,0.119014,/home/tonyhe/ravdess_avfusion/external/audio_ser_speechbrain/speechbrain-develop-main/outputs/embeddings_ECAPA/test/03-01-03-01-01-01-21.npy,96
01-03-01-01-01-22,03-01-03-01-01-01-22,03-01-03-01-01-01-22,data/raw/ravdess/audio_speech/Audio_Speech_Actors_01-24/Actor_22/03-01-03-01-01-01-22.wav,22,test,03,2,happy,01,01,01,5,fearful,0.111464,0.099892,0.149651,0.073643,0.149421,0.17156,0.142938,0.101431,/home/tonyhe/ravdess_avfusion/external/audio_ser_speechbrain/speechbrain-develop-main/outputs/embeddings_ECAPA/test/03-01-03-01-01-01-22.npy,96
01-03-01-01-01-23,03-01-03-01-01-01-23,03-01-03-01-01-01-23,data/raw/ravdess/audio_speech/Audio_Speech_Actors_01-24/Actor_23/03-01-03-01-01-01-23.wav,23,test,03,2,happy,01,01,01,7,surprise,0.115154,0.087847,0.125087,0.116292,0.146732,0.091312,0.099991,0.217584,/home/tonyhe/ravdess_avfusion/external/audio_ser_speechbrain/speechbrain-develop-main/outputs/embeddings_ECAPA/test/03-01-03-01-01-01-23.npy,96
01-03-01-01-01-24,03-01-03-01-01-01-24,03-01-03-01-01-01-24,data/raw/ravdess/audio_speech/Audio_Speech_Actors_01-24/Actor_24/03-01-03-01-01-01-24.wav,24,test,03,2,happy,01,01,01,0,neutral,0.16254,0.073997,0.12756,0.158603,0.114817,0.076189,0.125791,0.160502,/home/tonyhe/ravdess_avfusion/external/audio_ser_speechbrain/speechbrain-develop-main/outputs/embeddings_ECAPA/test/03-01-03-01-01-01-24.npy,96
01-03-01-01-02-21,03-01-03-01-01-02-21,03-01-03-01-01-02-21,data/raw/ravdess/audio_speech/Audio_Speech_Actors_01-24/Actor_21/03-01-03-01-01-02-21.wav,21,test,03,2,happy,01,01,02,2,happy,0.109936,0.184807,0.221637,0.100199,0.096836,0.086068,0.105795,0.094722,/home/tonyhe/ravdess_avfusion/external/audio_ser_speechbrain/speechbrain-develop-main/outputs/embeddings_ECAPA/test/03-01-03-01-01-02-21.npy,96
01-03-01-01-02-22,03-01-03-01-01-02-22,03-01-03-01-01-02-22,data/raw/ravdess/audio_speech/Audio_Speech_Actors_01-24/Actor_22/03-01-03-01-01-02-22.wav,22,test,03,2,happy,01,01,02,2,happy,0.086552,0.111677,0.225759,0.065153,0.125357,0.134318,0.11666,0.134524,/home/tonyhe/ravdess_avfusion/external/audio_ser_speechbrain/speechbrain-develop-main/outputs/embeddings_ECAPA/test/03-01-03-01-01-02-22.npy,96
01-03-01-01-02-23,03-01-03-01-01-02-23,03-01-03-01-01-02-23,data/raw/ravdess/audio_speech/Audio_Speech_Actors_01-24/Actor_23/03-01-03-01-01-02-23.wav,23,test,03,2,happy,01,01,02,2,happy,0.124628,0.154618,0.179596,0.096995,0.109098,0.100967,0.071198,0.1629,/home/tonyhe/ravdess_avfusion/external/audio_ser_speechbrain/speechbrain-develop-main/outputs/embeddings_ECAPA/test/03-01-03-01-01-02-23.npy,96
01-03-01-01-02-24,03-01-03-01-01-02-24,03-01-03-01-01-02-24,data/raw/ravdess/audio_speech/Audio_Speech_Actors_01-24/Actor_24/03-01-03-01-01-02-24.wav,24,test,03,2,happy,01,01,02,6,disgust,0.10693,0.127111,0.141336,0.128781,0.094506,0.065448,0.179373,0.156515,/home/tonyhe/ravdess_avfusion/external/audio_ser_speechbrain/speechbrain-develop-main/outputs/embeddings_ECAPA/test/03-01-03-01-01-02-24.npy,96
01-03-01-02-01-21,03-01-03-01-02-01-21,03-01-03-01-02-01-21,data/raw/ravdess/audio_speech/Audio_Speech_Actors_01-24/Actor_21/03-01-03-01-02-01-21.wav,21,test,03,2,happy,01,02,01,2,happy,0.131618,0.167057,0.211469,0.121012,0.109361,0.07399,0.106701,0.078792,/home/tonyhe/ravdess_avfusion/external/audio_ser_speechbrain/speechbrain-develop-main/outputs/embeddings_ECAPA/test/03-01-03-01-02-01-21.npy,96
01-03-01-02-01-22,03-01-03-01-02-01-22,03-01-03-01-02-01-22,data/raw/ravdess/audio_speech/Audio_Speech_Actors_01-24/Actor_22/03-01-03-01-02-01-22.wav,22,test,03,2,happy,01,02,01,5,fearful,0.105865,0.081318,0.142857,0.075781,0.145367,0.161172,0.131226,0.156413,/home/tonyhe/ravdess_avfusion/external/audio_ser_speechbrain/speechbrain-develop-main/outputs/embeddings_ECAPA/test/03-01-03-01-02-01-22.npy,96
01-03-01-02-01-23,03-01-03-01-02-01-23,03-01-03-01-02-01-23,data/raw/ravdess/audio_speech/Audio_Speech_Actors_01-24/Actor_23/03-01-03-01-02-01-23.wav,23,test,03,2,happy,01,02,01,7,surprise,0.093642,0.129148,0.151448,0.079082,0.136295,0.103976,0.097693,0.208717,/home/tonyhe/ravdess_avfusion/external/audio_ser_speechbrain/speechbrain-develop-main/outputs/embeddings_ECAPA/test/03-01-03-01-02-01-23.npy,96
01-03-01-02-01-24,03-01-03-01-02-01-24,03-01-03-01-02-01-24,data/raw/ravdess/audio_speech/Audio_Speech_Actors_01-24/Actor_24/03-01-03-01-02-01-24.wav,24,test,03,2,happy,01,02,01,0,neutral,0.17804,0.116563,0.095217,0.155002,0.108705,0.054747,0.12325,0.168477,/home/tonyhe/ravdess_avfusion/external/audio_ser_speechbrain/speechbrain-develop-main/outputs/embeddings_ECAPA/test/03-01-03-01-02-01-24.npy,96
01-03-01-02-02-21,03-01-03-01-02-02-21,03-01-03-01-02-02-21,data/raw/ravdess/audio_speech/Audio_Speech_Actors_01-24/Actor_21/03-01-03-01-02-02-21.wav,21,test,03,2,happy,01,02,02,2,happy,0.120308,0.150268,0.238132,0.098614,0.108629,0.095154,0.113231,0.075664,/home/tonyhe/ravdess_avfusion/external/audio_ser_speechbrain/speechbrain-develop-main/outputs/embeddings_ECAPA/test/03-01-03-01-02-02-21.npy,96
01-03-01-02-02-22,03-01-03-01-02-02-22,03-01-03-01-02-02-22,data/raw/ravdess/audio_speech/Audio_Speech_Actors_01-24/Actor_22/03-01-03-01-02-02-22.wav,22,test,03,2,happy,01,02,02,4,angry,0.099825,0.086224,0.163273,0.088451,0.181035,0.144634,0.109612,0.126946,/home/tonyhe/ravdess_avfusion/external/audio_ser_speechbrain/speechbrain-develop-main/outputs/embeddings_ECAPA/test/03-01-03-01-02-02-22.npy,96
01-03-01-02-02-23,03-01-03-01-02-02-23,03-01-03-01-02-02-23,data/raw/ravdess/audio_speech/Audio_Speech_Actors_01-24/Actor_23/03-01-03-01-02-02-23.wav,23,test,03,2,happy,01,02,02,7,surprise,0.073417,0.111052,0.149278,0.101474,0.13594,0.144655,0.089605,0.194579,/home/tonyhe/ravdess_avfusion/external/audio_ser_speechbrain/speechbrain-develop-main/outputs/embeddings_ECAPA/test/03-01-03-01-02-02-23.npy,96
01-03-01-02-02-24,03-01-03-01-02-02-24,03-01-03-01-02-02-24,data/raw/ravdess/audio_speech/Audio_Speech_Actors_01-24/Actor_24/03-01-03-01-02-02-24.wav,24,test,03,2,happy,01,02,02,3,sad,0.15006,0.129095,0.152675,0.171985,0.130661,0.056418,0.122717,0.086388,/home/tonyhe/ravdess_avfusion/external/audio_ser_speechbrain/speechbrain-develop-main/outputs/embeddings_ECAPA/test/03-01-03-01-02-02-24.npy,96
01-03-02-01-01-21,03-01-03-02-01-01-21,03-01-03-02-01-01-21,data/raw/ravdess/audio_speech/Audio_Speech_Actors_01-24/Actor_21/03-01-03-02-01-01-21.wav,21,test,03,2,happy,02,01,01,2,happy,0.129302,0.13049,0.202639,0.108058,0.135225,0.063327,0.108947,0.122012,/home/tonyhe/ravdess_avfusion/external/audio_ser_speechbrain/speechbrain-develop-main/outputs/embeddings_ECAPA/test/03-01-03-02-01-01-21.npy,96
01-03-02-01-01-22,03-01-03-02-01-01-22,03-01-03-02-01-01-22,data/raw/ravdess/audio_speech/Audio_Speech_Actors_01-24/Actor_22/03-01-03-02-01-01-22.wav,22,test,03,2,happy,02,01,01,2,happy,0.11428,0.100003,0.195574,0.080138,0.140338,0.089489,0.107636,0.172543,/home/tonyhe/ravdess_avfusion/external/audio_ser_speechbrain/speechbrain-develop-main/outputs/embeddings_ECAPA/test/03-01-03-02-01-01-22.npy,96
01-03-02-01-01-23,03-01-03-02-01-01-23,03-01-03-02-01-01-23,data/raw/ravdess/audio_speech/Audio_Speech_Actors_01-24/Actor_23/03-01-03-02-01-01-23.wav,23,test,03,2,happy,02,01,01,7,surprise,0.119953,0.126632,0.122347,0.106276,0.132962,0.100534,0.074415,0.216881,/home/tonyhe/ravdess_avfusion/external/audio_ser_speechbrain/speechbrain-develop-main/outputs/embeddings_ECAPA/test/03-01-03-02-01-01-23.npy,96
01-03-02-01-01-24,03-01-03-02-01-01-24,03-01-03-02-01-01-24,data/raw/ravdess/audio_speech/Audio_Speech_Actors_01-24/Actor_24/03-01-03-02-01-01-24.wav,24,test,03,2,happy,02,01,01,2,happy,0.077644,0.129796,0.191866,0.119157,0.108975,0.088927,0.170956,0.112678,/home/tonyhe/ravdess_avfusion/external/audio_ser_speechbrain/speechbrain-develop-main/outputs/embeddings_ECAPA/test/03-01-03-02-01-01-24.npy,96
01-03-02-01-02-21,03-01-03-02-01-02-21,03-01-03-02-01-02-21,data/raw/ravdess/audio_speech/Audio_Speech_Actors_01-24/Actor_21/03-01-03-02-01-02-21.wav,21,test,03,2,happy,02,01,02,2,happy,0.122614,0.141338,0.197453,0.084428,0.141406,0.073105,0.103576,0.136081,/home/tonyhe/ravdess_avfusion/external/audio_ser_speechbrain/speechbrain-develop-main/outputs/embeddings_ECAPA/test/03-01-03-02-01-02-21.npy,96
01-03-02-01-02-22,03-01-03-02-01-02-22,03-01-03-02-01-02-22,data/raw/ravdess/audio_speech/Audio_Speech_Actors_01-24/Actor_22/03-01-03-02-01-02-22.wav,22,test,03,2,happy,02,01,02,2,happy,0.087755,0.080087,0.197877,0.075972,0.106299,0.104146,0.152881,0.194983,/home/tonyhe/ravdess_avfusion/external/audio_ser_speechbrain/speechbrain-develop-main/outputs/embeddings_ECAPA/test/03-01-03-02-01-02-22.npy,96
01-03-02-01-02-23,03-01-03-02-01-02-23,03-01-03-02-01-02-23,data/raw/ravdess/audio_speech/Audio_Speech_Actors_01-24/Actor_23/03-01-03-02-01-02-23.wav,23,test,03,2,happy,02,01,02,7,surprise,0.122158,0.138815,0.132632,0.110842,0.143294,0.088024,0.070383,0.193851,/home/tonyhe/ravdess_avfusion/external/audio_ser_speechbrain/speechbrain-develop-main/outputs/embeddings_ECAPA/test/03-01-03-02-01-02-23.npy,96
01-03-02-01-02-24,03-01-03-02-01-02-24,03-01-03-02-01-02-24,data/raw/ravdess/audio_speech/Audio_Speech_Actors_01-24/Actor_24/03-01-03-02-01-02-24.wav,24,test,03,2,happy,02,01,02,2,happy,0.103597,0.071517,0.210679,0.16355,0.098164,0.095763,0.148837,0.107893,/home/tonyhe/ravdess_avfusion/external/audio_ser_speechbrain/speechbrain-develop-main/outputs/embeddings_ECAPA/test/03-01-03-02-01-02-24.npy,96
01-03-02-02-01-21,03-01-03-02-02-01-21,03-01-03-02-02-01-21,data/raw/ravdess/audio_speech/Audio_Speech_Actors_01-24/Actor_21/03-01-03-02-02-01-21.wav,21,test,03,2,happy,02,02,01,2,happy,0.095482,0.113672,0.244808,0.095736,0.087034,0.091463,0.146678,0.125127,/home/tonyhe/ravdess_avfusion/external/audio_ser_speechbrain/speechbrain-develop-main/outputs/embeddings_ECAPA/test/03-01-03-02-02-01-21.npy,96
01-03-02-02-01-22,03-01-03-02-02-01-22,03-01-03-02-02-01-22,data/raw/ravdess/audio_speech/Audio_Speech_Actors_01-24/Actor_22/03-01-03-02-02-01-22.wav,22,test,03,2,happy,02,02,01,6,disgust,0.075457,0.078447,0.161296,0.072386,0.105617,0.118499,0.196556,0.191743,/home/tonyhe/ravdess_avfusion/external/audio_ser_speechbrain/speechbrain-develop-main/outputs/embeddings_ECAPA/test/03-01-03-02-02-01-22.npy,96
01-03-02-02-01-23,03-01-03-02-02-01-23,03-01-03-02-02-01-23,data/raw/ravdess/audio_speech/Audio_Speech_Actors_01-24/Actor_23/03-01-03-02-02-01-23.wav,23,test,03,2,happy,02,02,01,7,surprise,0.117903,0.16358,0.125804,0.081334,0.142873,0.120984,0.072488,0.175034,/home/tonyhe/ravdess_avfusion/external/audio_ser_speechbrain/speechbrain-develop-main/outputs/embeddings_ECAPA/test/03-01-03-02-02-01-23.npy,96
01-03-02-02-01-24,03-01-03-02-02-01-24,03-01-03-02-02-01-24,data/raw/ravdess/audio_speech/Audio_Speech_Actors_01-24/Actor_24/03-01-03-02-02-01-24.wav,24,test,03,2,happy,02,02,01,2,happy,0.121395,0.118453,0.160871,0.150612,0.129021,0.088056,0.157074,0.074518,/home/tonyhe/ravdess_avfusion/external/audio_ser_speechbrain/speechbrain-develop-main/outputs/embeddings_ECAPA/test/03-01-03-02-02-01-24.npy,96
01-03-02-02-02-21,03-01-03-02-02-02-21,03-01-03-02-02-02-21,data/raw/ravdess/audio_speech/Audio_Speech_Actors_01-24/Actor_21/03-01-03-02-02-02-21.wav,21,test,03,2,happy,02,02,02,2,happy,0.139773,0.135336,0.228666,0.088356,0.116605,0.083918,0.106829,0.100518,/home/tonyhe/ravdess_avfusion/external/audio_ser_speechbrain/speechbrain-develop-main/outputs/embeddings_ECAPA/test/03-01-03-02-02-02-21.npy,96
01-03-02-02-02-22,03-01-03-02-02-02-22,03-01-03-02-02-02-22,data/raw/ravdess/audio_speech/Audio_Speech_Actors_01-24/Actor_22/03-01-03-02-02-02-22.wav,22,test,03,2,happy,02,02,02,6,disgust,0.0875,0.094965,0.161691,0.062727,0.138819,0.113771,0.178349,0.162178,/home/tonyhe/ravdess_avfusion/external/audio_ser_speechbrain/speechbrain-develop-main/outputs/embeddings_ECAPA/test/03-01-03-02-02-02-22.npy,96
01-03-02-02-02-23,03-01-03-02-02-02-23,03-01-03-02-02-02-23,data/raw/ravdess/audio_speech/Audio_Speech_Actors_01-24/Actor_23/03-01-03-02-02-02-23.wav,23,test,03,2,happy,02,02,02,7,surprise,0.116097,0.138621,0.126855,0.093915,0.170226,0.095873,0.075474,0.182939,/home/tonyhe/ravdess_avfusion/external/audio_ser_speechbrain/speechbrain-develop-main/outputs/embeddings_ECAPA/test/03-01-03-02-02-02-23.npy,96
01-03-02-02-02-24,03-01-03-02-02-02-24,03-01-03-02-02-02-24,data/raw/ravdess/audio_speech/Audio_Speech_Actors_01-24/Actor_24/03-01-03-02-02-02-24.wav,24,test,03,2,happy,02,02,02,3,sad,0.085788,0.097189,0.161957,0.170943,0.116173,0.133756,0.143744,0.090451,/home/tonyhe/ravdess_avfusion/external/audio_ser_speechbrain/speechbrain-develop-main/outputs/embeddings_ECAPA/test/03-01-03-02-02-02-24.npy,96
01-04-01-01-01-21,03-01-04-01-01-01-21,03-01-04-01-01-01-21,data/raw/ravdess/audio_speech/Audio_Speech_Actors_01-24/Actor_21/03-01-04-01-01-01-21.wav,21,test,04,3,sad,01,01,01,3,sad,0.100023,0.1501,0.134323,0.182566,0.101938,0.0715,0.158819,0.10073,/home/tonyhe/ravdess_avfusion/external/audio_ser_speechbrain/speechbrain-develop-main/outputs/embeddings_ECAPA/test/03-01-04-01-01-01-21.npy,96
01-04-01-01-01-22,03-01-04-01-01-01-22,03-01-04-01-01-01-22,data/raw/ravdess/audio_speech/Audio_Speech_Actors_01-24/Actor_22/03-01-04-01-01-01-22.wav,22,test,04,3,sad,01,01,01,3,sad,0.11932,0.099584,0.098221,0.217796,0.13305,0.134746,0.117792,0.079492,/home/tonyhe/ravdess_avfusion/external/audio_ser_speechbrain/speechbrain-develop-main/outputs/embeddings_ECAPA/test/03-01-04-01-01-01-22.npy,96
01-04-01-01-01-23,03-01-04-01-01-01-23,03-01-04-01-01-01-23,data/raw/ravdess/audio_speech/Audio_Speech_Actors_01-24/Actor_23/03-01-04-01-01-01-23.wav,23,test,04,3,sad,01,01,01,2,happy,0.108888,0.118228,0.223719,0.120511,0.11437,0.087484,0.111691,0.11511,/home/tonyhe/ravdess_avfusion/external/audio_ser_speechbrain/speechbrain-develop-main/outputs/embeddings_ECAPA/test/03-01-04-01-01-01-23.npy,96
01-04-01-01-01-24,03-01-04-01-01-01-24,03-01-04-01-01-01-24,data/raw/ravdess/audio_speech/Audio_Speech_Actors_01-24/Actor_24/03-01-04-01-01-01-24.wav,24,test,04,3,sad,01,01,01,3,sad,0.145812,0.133121,0.080952,0.180775,0.111258,0.114513,0.160467,0.073103,/home/tonyhe/ravdess_avfusion/external/audio_ser_speechbrain/speechbrain-develop-main/outputs/embeddings_ECAPA/test/03-01-04-01-01-01-24.npy,96
01-04-01-01-02-21,03-01-04-01-01-02-21,03-01-04-01-01-02-21,data/raw/ravdess/audio_speech/Audio_Speech_Actors_01-24/Actor_21/03-01-04-01-01-02-21.wav,21,test,04,3,sad,01,01,02,1,calm,0.09305,0.177752,0.128163,0.149611,0.091449,0.091043,0.170785,0.098147,/home/tonyhe/ravdess_avfusion/external/audio_ser_speechbrain/speechbrain-develop-main/outputs/embeddings_ECAPA/test/03-01-04-01-01-02-21.npy,96
01-04-01-01-02-22,03-01-04-01-01-02-22,03-01-04-01-01-02-22,data/raw/ravdess/audio_speech/Audio_Speech_Actors_01-24/Actor_22/03-01-04-01-01-02-22.wav,22,test,04,3,sad,01,01,02,3,sad,0.149819,0.088485,0.10184,0.166179,0.141516,0.154011,0.115162,0.082987,/home/tonyhe/ravdess_avfusion/external/audio_ser_speechbrain/speechbrain-develop-main/outputs/embeddings_ECAPA/test/03-01-04-01-01-02-22.npy,96
01-04-01-01-02-23,03-01-04-01-01-02-23,03-01-04-01-01-02-23,data/raw/ravdess/audio_speech/Audio_Speech_Actors_01-24/Actor_23/03-01-04-01-01-02-23.wav,23,test,04,3,sad,01,01,02,2,happy,0.104952,0.129394,0.218013,0.11629,0.103157,0.122223,0.130767,0.075205,/home/tonyhe/ravdess_avfusion/external/audio_ser_speechbrain/speechbrain-develop-main/outputs/embeddings_ECAPA/test/03-01-04-01-01-02-23.npy,96
01-04-01-01-02-24,03-01-04-01-01-02-24,03-01-04-01-01-02-24,data/raw/ravdess/audio_speech/Audio_Speech_Actors_01-24/Actor_24/03-01-04-01-01-02-24.wav,24,test,04,3,sad,01,01,02,3,sad,0.128585,0.129389,0.073664,0.199992,0.097273,0.096191,0.167558,0.107348,/home/tonyhe/ravdess_avfusion/external/audio_ser_speechbrain/speechbrain-develop-main/outputs/embeddings_ECAPA/test/03-01-04-01-01-02-24.npy,96
01-04-01-02-01-21,03-01-04-01-02-01-21,03-01-04-01-02-01-21,data/raw/ravdess/audio_speech/Audio_Speech_Actors_01-24/Actor_21/03-01-04-01-02-01-21.wav,21,test,04,3,sad,01,02,01,2,happy,0.103036,0.144145,0.183275,0.146278,0.104606,0.082848,0.159777,0.076035,/home/tonyhe/ravdess_avfusion/external/audio_ser_speechbrain/speechbrain-develop-main/outputs/embeddings_ECAPA/test/03-01-04-01-02-01-21.npy,96
01-04-01-02-01-22,03-01-04-01-02-01-22,03-01-04-01-02-01-22,data/raw/ravdess/audio_speech/Audio_Speech_Actors_01-24/Actor_22/03-01-04-01-02-01-22.wav,22,test,04,3,sad,01,02,01,6,disgust,0.113389,0.118263,0.147973,0.153733,0.129934,0.111846,0.155738,0.069124,/home/tonyhe/ravdess_avfusion/external/audio_ser_speechbrain/speechbrain-develop-main/outputs/embeddings_ECAPA/test/03-01-04-01-02-01-22.npy,96
01-04-01-02-01-23,03-01-04-01-02-01-23,03-01-04-01-02-01-23,data/raw/ravdess/audio_speech/Audio_Speech_Actors_01-24/Actor_23/03-01-04-01-02-01-23.wav,23,test,04,3,sad,01,02,01,4,angry,0.152296,0.096774,0.085452,0.105322,0.192784,0.086332,0.16157,0.11947,/home/tonyhe/ravdess_avfusion/external/audio_ser_speechbrain/speechbrain-develop-main/outputs/embeddings_ECAPA/test/03-01-04-01-02-01-23.npy,96
01-04-01-02-01-24,03-01-04-01-02-01-24,03-01-04-01-02-01-24,data/raw/ravdess/audio_speech/Audio_Speech_Actors_01-24/Actor_24/03-01-04-01-02-01-24.wav,24,test,04,3,sad,01,02,01,0,neutral,0.205577,0.13184,0.101502,0.177388,0.084512,0.06717,0.137823,0.094188,/home/tonyhe/ravdess_avfusion/external/audio_ser_speechbrain/speechbrain-develop-main/outputs/embeddings_ECAPA/test/03-01-04-01-02-01-24.npy,96
01-04-01-02-02-21,03-01-04-01-02-02-21,03-01-04-01-02-02-21,data/raw/ravdess/audio_speech/Audio_Speech_Actors_01-24/Actor_21/03-01-04-01-02-02-21.wav,21,test,04,3,sad,01,02,02,2,happy,0.114331,0.129942,0.187078,0.177199,0.098752,0.078591,0.13788,0.076227,/home/tonyhe/ravdess_avfusion/external/audio_ser_speechbrain/speechbrain-develop-main/outputs/embeddings_ECAPA/test/03-01-04-01-02-02-21.npy,96
01-04-01-02-02-22,03-01-04-01-02-02-22,03-01-04-01-02-02-22,data/raw/ravdess/audio_speech/Audio_Speech_Actors_01-24/Actor_22/03-01-04-01-02-02-22.wav,22,test,04,3,sad,01,02,02,3,sad,0.146435,0.073025,0.112582,0.186936,0.134034,0.096929,0.160733,0.089327,/home/tonyhe/ravdess_avfusion/external/audio_ser_speechbrain/speechbrain-develop-main/outputs/embeddings_ECAPA/test/03-01-04-01-02-02-22.npy,96
01-04-01-02-02-23,03-01-04-01-02-02-23,03-01-04-01-02-02-23,data/raw/ravdess/audio_speech/Audio_Speech_Actors_01-24/Actor_23/03-01-04-01-02-02-23.wav,23,test,04,3,sad,01,02,02,7,surprise,0.123964,0.133142,0.067879,0.121583,0.139874,0.08653,0.14342,0.183607,/home/tonyhe/ravdess_avfusion/external/audio_ser_speechbrain/speechbrain-develop-main/outputs/embeddings_ECAPA/test/03-01-04-01-02-02-23.npy,96
01-04-01-02-02-24,03-01-04-01-02-02-24,03-01-04-01-02-02-24,data/raw/ravdess/audio_speech/Audio_Speech_Actors_01-24/Actor_24/03-01-04-01-02-02-24.wav,24,test,04,3,sad,01,02,02,6,disgust,0.135832,0.140774,0.061773,0.148503,0.121232,0.095445,0.183427,0.113014,/home/tonyhe/ravdess_avfusion/external/audio_ser_speechbrain/speechbrain-develop-main/outputs/embeddings_ECAPA/test/03-01-04-01-02-02-24.npy,96
01-04-02-01-01-21,03-01-04-02-01-01-21,03-01-04-02-01-01-21,data/raw/ravdess/audio_speech/Audio_Speech_Actors_01-24/Actor_21/03-01-04-02-01-01-21.wav,21,test,04,3,sad,02,01,01,2,happy,0.108562,0.112027,0.222211,0.162935,0.115237,0.071752,0.116406,0.090871,/home/tonyhe/ravdess_avfusion/external/audio_ser_speechbrain/speechbrain-develop-main/outputs/embeddings_ECAPA/test/03-01-04-02-01-01-21.npy,96
01-04-02-01-01-22,03-01-04-02-01-01-22,03-01-04-02-01-01-22,data/raw/ravdess/audio_speech/Audio_Speech_Actors_01-24/Actor_22/03-01-04-02-01-01-22.wav,22,test,04,3,sad,02,01,01,2,happy,0.092939,0.103298,0.172064,0.074315,0.146244,0.166299,0.131563,0.113278,/home/tonyhe/ravdess_avfusion/external/audio_ser_speechbrain/speechbrain-develop-main/outputs/embeddings_ECAPA/test/03-01-04-02-01-01-22.npy,96
01-04-02-01-01-23,03-01-04-02-01-01-23,03-01-04-02-01-01-23,data/raw/ravdess/audio_speech/Audio_Speech_Actors_01-24/Actor_23/03-01-04-02-01-01-23.wav,23,test,04,3,sad,02,01,01,6,disgust,0.109829,0.08515,0.117039,0.114208,0.085903,0.08292,0.257203,0.147748,/home/tonyhe/ravdess_avfusion/external/audio_ser_speechbrain/speechbrain-develop-main/outputs/embeddings_ECAPA/test/03-01-04-02-01-01-23.npy,96
01-04-02-01-01-24,03-01-04-02-01-01-24,03-01-04-02-01-01-24,data/raw/ravdess/audio_speech/Audio_Speech_Actors_01-24/Actor_24/03-01-04-02-01-01-24.wav,24,test,04,3,sad,02,01,01,3,sad,0.123192,0.07593,0.117995,0.201454,0.092465,0.100088,0.110313,0.178563,/home/tonyhe/ravdess_avfusion/external/audio_ser_speechbrain/speechbrain-develop-main/outputs/embeddings_ECAPA/test/03-01-04-02-01-01-24.npy,96
01-04-02-01-02-21,03-01-04-02-01-02-21,03-01-04-02-01-02-21,data/raw/ravdess/audio_speech/Audio_Speech_Actors_01-24/Actor_21/03-01-04-02-01-02-21.wav,21,test,04,3,sad,02,01,02,2,happy,0.123009,0.108872,0.211734,0.155803,0.122079,0.067207,0.119652,0.091645,/home/tonyhe/ravdess_avfusion/external/audio_ser_speechbrain/speechbrain-develop-main/outputs/embeddings_ECAPA/test/03-01-04-02-01-02-21.npy,96
01-04-02-01-02-22,03-01-04-02-01-02-22,03-01-04-02-01-02-22,data/raw/ravdess/audio_speech/Audio_Speech_Actors_01-24/Actor_22/03-01-04-02-01-02-22.wav,22,test,04,3,sad,02,01,02,6,disgust,0.153194,0.073047,0.117252,0.140036,0.112597,0.12432,0.180106,0.099447,/home/tonyhe/ravdess_avfusion/external/audio_ser_speechbrain/speechbrain-develop-main/outputs/embeddings_ECAPA/test/03-01-04-02-01-02-22.npy,96
01-04-02-01-02-23,03-01-04-02-01-02-23,03-01-04-02-01-02-23,data/raw/ravdess/audio_speech/Audio_Speech_Actors_01-24/Actor_23/03-01-04-02-01-02-23.wav,23,test,04,3,sad,02,01,02,6,disgust,0.081855,0.095587,0.132182,0.126342,0.076287,0.139482,0.229267,0.118996,/home/tonyhe/ravdess_avfusion/external/audio_ser_speechbrain/speechbrain-develop-main/outputs/embeddings_ECAPA/test/03-01-04-02-01-02-23.npy,96
01-04-02-01-02-24,03-01-04-02-01-02-24,03-01-04-02-01-02-24,data/raw/ravdess/audio_speech/Audio_Speech_Actors_01-24/Actor_24/03-01-04-02-01-02-24.wav,24,test,04,3,sad,02,01,02,3,sad,0.148838,0.070124,0.085271,0.189397,0.140456,0.091443,0.156159,0.118313,/home/tonyhe/ravdess_avfusion/external/audio_ser_speechbrain/speechbrain-develop-main/outputs/embeddings_ECAPA/test/03-01-04-02-01-02-24.npy,96
01-04-02-02-01-21,03-01-04-02-02-01-21,03-01-04-02-02-01-21,data/raw/ravdess/audio_speech/Audio_Speech_Actors_01-24/Actor_21/03-01-04-02-02-01-21.wav,21,test,04,3,sad,02,02,01,2,happy,0.115259,0.114892,0.211707,0.144016,0.115627,0.065996,0.140126,0.092379,/home/tonyhe/ravdess_avfusion/external/audio_ser_speechbrain/speechbrain-develop-main/outputs/embeddings_ECAPA/test/03-01-04-02-02-01-21.npy,96
01-04-02-02-01-22,03-01-04-02-02-01-22,03-01-04-02-02-01-22,data/raw/ravdess/audio_speech/Audio_Speech_Actors_01-24/Actor_22/03-01-04-02-02-01-22.wav,22,test,04,3,sad,02,02,01,3,sad,0.137863,0.072614,0.125608,0.179993,0.162031,0.099333,0.122077,0.100481,/home/tonyhe/ravdess_avfusion/external/audio_ser_speechbrain/speechbrain-develop-main/outputs/embeddings_ECAPA/test/03-01-04-02-02-01-22.npy,96
01-04-02-02-01-23,03-01-04-02-02-01-23,03-01-04-02-02-01-23,data/raw/ravdess/audio_speech/Audio_Speech_Actors_01-24/Actor_23/03-01-04-02-02-01-23.wav,23,test,04,3,sad,02,02,01,6,disgust,0.107901,0.076411,0.12192,0.133864,0.080871,0.107242,0.237456,0.134336,/home/tonyhe/ravdess_avfusion/external/audio_ser_speechbrain/speechbrain-develop-main/outputs/embeddings_ECAPA/test/03-01-04-02-02-01-23.npy,96
01-04-02-02-01-24,03-01-04-02-02-01-24,03-01-04-02-02-01-24,data/raw/ravdess/audio_speech/Audio_Speech_Actors_01-24/Actor_24/03-01-04-02-02-01-24.wav,24,test,04,3,sad,02,02,01,3,sad,0.109777,0.073057,0.096867,0.217983,0.125553,0.082893,0.166071,0.127798,/home/tonyhe/ravdess_avfusion/external/audio_ser_speechbrain/speechbrain-develop-main/outputs/embeddings_ECAPA/test/03-01-04-02-02-01-24.npy,96
01-04-02-02-02-21,03-01-04-02-02-02-21,03-01-04-02-02-02-21,data/raw/ravdess/audio_speech/Audio_Speech_Actors_01-24/Actor_21/03-01-04-02-02-02-21.wav,21,test,04,3,sad,02,02,02,2,happy,0.113874,0.098181,0.222901,0.172852,0.097106,0.071005,0.120838,0.103243,/home/tonyhe/ravdess_avfusion/external/audio_ser_speechbrain/speechbrain-develop-main/outputs/embeddings_ECAPA/test/03-01-04-02-02-02-21.npy,96
01-04-02-02-02-22,03-01-04-02-02-02-22,03-01-04-02-02-02-22,data/raw/ravdess/audio_speech/Audio_Speech_Actors_01-24/Actor_22/03-01-04-02-02-02-22.wav,22,test,04,3,sad,02,02,02,4,angry,0.135431,0.075994,0.103586,0.153553,0.181617,0.156879,0.079555,0.113384,/home/tonyhe/ravdess_avfusion/external/audio_ser_speechbrain/speechbrain-develop-main/outputs/embeddings_ECAPA/test/03-01-04-02-02-02-22.npy,96
01-04-02-02-02-23,03-01-04-02-02-02-23,03-01-04-02-02-02-23,data/raw/ravdess/audio_speech/Audio_Speech_Actors_01-24/Actor_23/03-01-04-02-02-02-23.wav,23,test,04,3,sad,02,02,02,5,fearful,0.088125,0.124907,0.138528,0.101905,0.076112,0.218199,0.161331,0.090893,/home/tonyhe/ravdess_avfusion/external/audio_ser_speechbrain/speechbrain-develop-main/outputs/embeddings_ECAPA/test/03-01-04-02-02-02-23.npy,96
01-04-02-02-02-24,03-01-04-02-02-02-24,03-01-04-02-02-02-24,data/raw/ravdess/audio_speech/Audio_Speech_Actors_01-24/Actor_24/03-01-04-02-02-02-24.wav,24,test,04,3,sad,02,02,02,3,sad,0.136115,0.101379,0.083543,0.230462,0.131769,0.08213,0.143828,0.090775,/home/tonyhe/ravdess_avfusion/external/audio_ser_speechbrain/speechbrain-develop-main/outputs/embeddings_ECAPA/test/03-01-04-02-02-02-24.npy,96
01-05-01-01-01-21,03-01-05-01-01-01-21,03-01-05-01-01-01-21,data/raw/ravdess/audio_speech/Audio_Speech_Actors_01-24/Actor_21/03-01-05-01-01-01-21.wav,21,test,05,4,angry,01,01,01,2,happy,0.099325,0.081683,0.211336,0.091625,0.160435,0.12113,0.116297,0.118169,/home/tonyhe/ravdess_avfusion/external/audio_ser_speechbrain/speechbrain-develop-main/outputs/embeddings_ECAPA/test/03-01-05-01-01-01-21.npy,96
01-05-01-01-01-22,03-01-05-01-01-01-22,03-01-05-01-01-01-22,data/raw/ravdess/audio_speech/Audio_Speech_Actors_01-24/Actor_22/03-01-05-01-01-01-22.wav,22,test,05,4,angry,01,01,01,4,angry,0.143674,0.069578,0.102219,0.094013,0.183548,0.095402,0.173,0.138566,/home/tonyhe/ravdess_avfusion/external/audio_ser_speechbrain/speechbrain-develop-main/outputs/embeddings_ECAPA/test/03-01-05-01-01-01-22.npy,96
01-05-01-01-01-23,03-01-05-01-01-01-23,03-01-05-01-01-01-23,data/raw/ravdess/audio_speech/Audio_Speech_Actors_01-24/Actor_23/03-01-05-01-01-01-23.wav,23,test,05,4,angry,01,01,01,4,angry,0.098056,0.080992,0.133514,0.080503,0.196083,0.124607,0.108759,0.177484,/home/tonyhe/ravdess_avfusion/external/audio_ser_speechbrain/speechbrain-develop-main/outputs/embeddings_ECAPA/test/03-01-05-01-01-01-23.npy,96
01-05-01-01-01-24,03-01-05-01-01-01-24,03-01-05-01-01-01-24,data/raw/ravdess/audio_speech/Audio_Speech_Actors_01-24/Actor_24/03-01-05-01-01-01-24.wav,24,test,05,4,angry,01,01,01,4,angry,0.127122,0.085978,0.081909,0.11341,0.22908,0.081432,0.153283,0.127787,/home/tonyhe/ravdess_avfusion/external/audio_ser_speechbrain/speechbrain-develop-main/outputs/embeddings_ECAPA/test/03-01-05-01-01-01-24.npy,96
01-05-01-01-02-21,03-01-05-01-01-02-21,03-01-05-01-01-02-21,data/raw/ravdess/audio_speech/Audio_Speech_Actors_01-24/Actor_21/03-01-05-01-01-02-21.wav,21,test,05,4,angry,01,01,02,2,happy,0.116068,0.090487,0.187958,0.090427,0.175116,0.087696,0.11403,0.138218,/home/tonyhe/ravdess_avfusion/external/audio_ser_speechbrain/speechbrain-develop-main/outputs/embeddings_ECAPA/test/03-01-05-01-01-02-21.npy,96
01-05-01-01-02-22,03-01-05-01-01-02-22,03-01-05-01-01-02-22,data/raw/ravdess/audio_speech/Audio_Speech_Actors_01-24/Actor_22/03-01-05-01-01-02-22.wav,22,test,05,4,angry,01,01,02,4,angry,0.13538,0.085714,0.103974,0.084109,0.227898,0.102476,0.146566,0.113885,/home/tonyhe/ravdess_avfusion/external/audio_ser_speechbrain/speechbrain-develop-main/outputs/embeddings_ECAPA/test/03-01-05-01-01-02-22.npy,96
01-05-01-01-02-23,03-01-05-01-01-02-23,03-01-05-01-01-02-23,data/raw/ravdess/audio_speech/Audio_Speech_Actors_01-24/Actor_23/03-01-05-01-01-02-23.wav,23,test,05,4,angry,01,01,02,4,angry,0.101543,0.088069,0.125542,0.091858,0.201691,0.124424,0.088927,0.177946,/home/tonyhe/ravdess_avfusion/external/audio_ser_speechbrain/speechbrain-develop-main/outputs/embeddings_ECAPA/test/03-01-05-01-01-02-23.npy,96
01-05-01-01-02-24,03-01-05-01-01-02-24,03-01-05-01-01-02-24,data/raw/ravdess/audio_speech/Audio_Speech_Actors_01-24/Actor_24/03-01-05-01-01-02-24.wav,24,test,05,4,angry,01,01,02,4,angry,0.135719,0.066251,0.10465,0.120757,0.198161,0.086086,0.143683,0.144693,/home/tonyhe/ravdess_avfusion/external/audio_ser_speechbrain/speechbrain-develop-main/outputs/embeddings_ECAPA/test/03-01-05-01-01-02-24.npy,96
01-05-01-02-01-21,03-01-05-01-02-01-21,03-01-05-01-02-01-21,data/raw/ravdess/audio_speech/Audio_Speech_Actors_01-24/Actor_21/03-01-05-01-02-01-21.wav,21,test,05,4,angry,01,02,01,4,angry,0.109973,0.099983,0.177315,0.124327,0.193598,0.109542,0.10456,0.080703,/home/tonyhe/ravdess_avfusion/external/audio_ser_speechbrain/speechbrain-develop-main/outputs/embeddings_ECAPA/test/03-01-05-01-02-01-21.npy,96
01-05-01-02-01-22,03-01-05-01-02-01-22,03-01-05-01-02-01-22,data/raw/ravdess/audio_speech/Audio_Speech_Actors_01-24/Actor_22/03-01-05-01-02-01-22.wav,22,test,05,4,angry,01,02,01,4,angry,0.144494,0.07861,0.097742,0.104924,0.227235,0.089187,0.147609,0.1102,/home/tonyhe/ravdess_avfusion/external/audio_ser_speechbrain/speechbrain-develop-main/outputs/embeddings_ECAPA/test/03-01-05-01-02-01-22.npy,96
01-05-01-02-01-23,03-01-05-01-02-01-23,03-01-05-01-02-01-23,data/raw/ravdess/audio_speech/Audio_Speech_Actors_01-24/Actor_23/03-01-05-01-02-01-23.wav,23,test,05,4,angry,01,02,01,4,angry,0.092934,0.121143,0.100265,0.088861,0.216545,0.119926,0.086977,0.17335,/home/tonyhe/ravdess_avfusion/external/audio_ser_speechbrain/speechbrain-develop-main/outputs/embeddings_ECAPA/test/03-01-05-01-02-01-23.npy,96
01-05-01-02-01-24,03-01-05-01-02-01-24,03-01-05-01-02-01-24,data/raw/ravdess/audio_speech/Audio_Speech_Actors_01-24/Actor_24/03-01-05-01-02-01-24.wav,24,test,05,4,angry,01,02,01,0,neutral,0.187576,0.072985,0.092845,0.124852,0.176158,0.076406,0.143561,0.125618,/home/tonyhe/ravdess_avfusion/external/audio_ser_speechbrain/speechbrain-develop-main/outputs/embeddings_ECAPA/test/03-01-05-01-02-01-24.npy,96
01-05-01-02-02-21,03-01-05-01-02-02-21,03-01-05-01-02-02-21,data/raw/ravdess/audio_speech/Audio_Speech_Actors_01-24/Actor_21/03-01-05-01-02-02-21.wav,21,test,05,4,angry,01,02,02,4,angry,0.112802,0.076145,0.155094,0.09924,0.205917,0.104856,0.132014,0.113933,/home/tonyhe/ravdess_avfusion/external/audio_ser_speechbrain/speechbrain-develop-main/outputs/embeddings_ECAPA/test/03-01-05-01-02-02-21.npy,96
01-05-01-02-02-22,03-01-05-01-02-02-22,03-01-05-01-02-02-22,data/raw/ravdess/audio_speech/Audio_Speech_Actors_01-24/Actor_22/03-01-05-01-02-02-22.wav,22,test,05,4,angry,01,02,02,4,angry,0.154023,0.073759,0.106913,0.10509,0.204261,0.083462,0.158283,0.114209,/home/tonyhe/ravdess_avfusion/external/audio_ser_speechbrain/speechbrain-develop-main/outputs/embeddings_ECAPA/test/03-01-05-01-02-02-22.npy,96
01-05-01-02-02-23,03-01-05-01-02-02-23,03-01-05-01-02-02-23,data/raw/ravdess/audio_speech/Audio_Speech_Actors_01-24/Actor_23/03-01-05-01-02-02-23.wav,23,test,05,4,angry,01,02,02,4,angry,0.097843,0.0978,0.139844,0.088516,0.188566,0.130541,0.081779,0.175111,/home/tonyhe/ravdess_avfusion/external/audio_ser_speechbrain/speechbrain-develop-main/outputs/embeddings_ECAPA/test/03-01-05-01-02-02-23.npy,96
01-05-01-02-02-24,03-01-05-01-02-02-24,03-01-05-01-02-02-24,data/raw/ravdess/audio_speech/Audio_Speech_Actors_01-24/Actor_24/03-01-05-01-02-02-24.wav,24,test,05,4,angry,01,02,02,4,angry,0.147106,0.105725,0.088649,0.112014,0.241267,0.080763,0.129211,0.095265,/home/tonyhe/ravdess_avfusion/external/audio_ser_speechbrain/speechbrain-develop-main/outputs/embeddings_ECAPA/test/03-01-05-01-02-02-24.npy,96
01-05-02-01-01-21,03-01-05-02-01-01-21,03-01-05-02-01-01-21,data/raw/ravdess/audio_speech/Audio_Speech_Actors_01-24/Actor_21/03-01-05-02-01-01-21.wav,21,test,05,4,angry,02,01,01,4,angry,0.093111,0.146901,0.166557,0.074527,0.208488,0.098668,0.107426,0.104322,/home/tonyhe/ravdess_avfusion/external/audio_ser_speechbrain/speechbrain-develop-main/outputs/embeddings_ECAPA/test/03-01-05-02-01-01-21.npy,96
01-05-02-01-01-22,03-01-05-02-01-01-22,03-01-05-02-01-01-22,data/raw/ravdess/audio_speech/Audio_Speech_Actors_01-24/Actor_22/03-01-05-02-01-01-22.wav,22,test,05,4,angry,02,01,01,4,angry,0.095809,0.096931,0.121569,0.074656,0.239044,0.110833,0.117452,0.143707,/home/tonyhe/ravdess_avfusion/external/audio_ser_speechbrain/speechbrain-develop-main/outputs/embeddings_ECAPA/test/03-01-05-02-01-01-22.npy,96
01-05-02-01-01-23,03-01-05-02-01-01-23,03-01-05-02-01-01-23,data/raw/ravdess/audio_speech/Audio_Speech_Actors_01-24/Actor_23/03-01-05-02-01-01-23.wav,23,test,05,4,angry,02,01,01,4,angry,0.116757,0.132086,0.148977,0.113674,0.194039,0.09453,0.066562,0.133377,/home/tonyhe/ravdess_avfusion/external/audio_ser_speechbrain/speechbrain-develop-main/outputs/embeddings_ECAPA/test/03-01-05-02-01-01-23.npy,96
01-05-02-01-01-24,03-01-05-02-01-01-24,03-01-05-02-01-01-24,data/raw/ravdess/audio_speech/Audio_Speech_Actors_01-24/Actor_24/03-01-05-02-01-01-24.wav,24,test,05,4,angry,02,01,01,4,angry,0.12344,0.105176,0.076156,0.115618,0.249279,0.086011,0.130385,0.113936,/home/tonyhe/ravdess_avfusion/external/audio_ser_speechbrain/speechbrain-develop-main/outputs/embeddings_ECAPA/test/03-01-05-02-01-01-24.npy,96
01-05-02-01-02-21,03-01-05-02-01-02-21,03-01-05-02-01-02-21,data/raw/ravdess/audio_speech/Audio_Speech_Actors_01-24/Actor_21/03-01-05-02-01-02-21.wav,21,test,05,4,angry,02,01,02,4,angry,0.101194,0.122078,0.164275,0.067735,0.191328,0.090406,0.143798,0.119188,/home/tonyhe/ravdess_avfusion/external/audio_ser_speechbrain/speechbrain-develop-main/outputs/embeddings_ECAPA/test/03-01-05-02-01-02-21.npy,96
01-05-02-01-02-22,03-01-05-02-01-02-22,03-01-05-02-01-02-22,data/raw/ravdess/audio_speech/Audio_Speech_Actors_01-24/Actor_22/03-01-05-02-01-02-22.wav,22,test,05,4,angry,02,01,02,4,angry,0.112259,0.087334,0.09891,0.094843,0.255895,0.096278,0.13887,0.11561,/home/tonyhe/ravdess_avfusion/external/audio_ser_speechbrain/speechbrain-develop-main/outputs/embeddings_ECAPA/test/03-01-05-02-01-02-22.npy,96
01-05-02-01-02-23,03-01-05-02-01-02-23,03-01-05-02-01-02-23,data/raw/ravdess/audio_speech/Audio_Speech_Actors_01-24/Actor_23/03-01-05-02-01-02-23.wav,23,test,05,4,angry,02,01,02,4,angry,0.138234,0.136608,0.122621,0.117876,0.179898,0.102213,0.060714,0.141835,/home/tonyhe/ravdess_avfusion/external/audio_ser_speechbrain/speechbrain-develop-main/outputs/embeddings_ECAPA/test/03-01-05-02-01-02-23.npy,96
01-05-02-01-02-24,03-01-05-02-01-02-24,03-01-05-02-01-02-24,data/raw/ravdess/audio_speech/Audio_Speech_Actors_01-24/Actor_24/03-01-05-02-01-02-24.wav,24,test,05,4,angry,02,01,02,4,angry,0.098981,0.110671,0.085281,0.114342,0.239801,0.086392,0.130974,0.133557,/home/tonyhe/ravdess_avfusion/external/audio_ser_speechbrain/speechbrain-develop-main/outputs/embeddings_ECAPA/test/03-01-05-02-01-02-24.npy,96
01-05-02-02-01-21,03-01-05-02-02-01-21,03-01-05-02-02-01-21,data/raw/ravdess/audio_speech/Audio_Speech_Actors_01-24/Actor_21/03-01-05-02-02-01-21.wav,21,test,05,4,angry,02,02,01,4,angry,0.118944,0.113505,0.156524,0.084218,0.205386,0.112849,0.117126,0.091446,/home/tonyhe/ravdess_avfusion/external/audio_ser_speechbrain/speechbrain-develop-main/outputs/embeddings_ECAPA/test/03-01-05-02-02-01-21.npy,96
01-05-02-02-01-22,03-01-05-02-02-01-22,03-01-05-02-02-01-22,data/raw/ravdess/audio_speech/Audio_Speech_Actors_01-24/Actor_22/03-01-05-02-02-01-22.wav,22,test,05,4,angry,02,02,01,4,angry,0.111816,0.09794,0.098302,0.097129,0.25395,0.085064,0.135856,0.119942,/home/tonyhe/ravdess_avfusion/external/audio_ser_speechbrain/speechbrain-develop-main/outputs/embeddings_ECAPA/test/03-01-05-02-02-01-22.npy,96
01-05-02-02-01-23,03-01-05-02-02-01-23,03-01-05-02-02-01-23,data/raw/ravdess/audio_speech/Audio_Speech_Actors_01-24/Actor_23/03-01-05-02-02-01-23.wav,23,test,05,4,angry,02,02,01,4,angry,0.121644,0.161088,0.104303,0.108979,0.200858,0.115314,0.062727,0.125088,/home/tonyhe/ravdess_avfusion/external/audio_ser_speechbrain/speechbrain-develop-main/outputs/embeddings_ECAPA/test/03-01-05-02-02-01-23.npy,96
01-05-02-02-01-24,03-01-05-02-02-01-24,03-01-05-02-02-01-24,data/raw/ravdess/audio_speech/Audio_Speech_Actors_01-24/Actor_24/03-01-05-02-02-01-24.wav,24,test,05,4,angry,02,02,01,6,disgust,0.121143,0.085201,0.080997,0.098885,0.19781,0.088743,0.20025,0.126972,/home/tonyhe/ravdess_avfusion/external/audio_ser_speechbrain/speechbrain-develop-main/outputs/embeddings_ECAPA/test/03-01-05-02-02-01-24.npy,96
01-05-02-02-02-21,03-01-05-02-02-02-21,03-01-05-02-02-02-21,data/raw/ravdess/audio_speech/Audio_Speech_Actors_01-24/Actor_21/03-01-05-02-02-02-21.wav,21,test,05,4,angry,02,02,02,4,angry,0.107953,0.140418,0.157342,0.081533,0.217235,0.090283,0.114412,0.090825,/home/tonyhe/ravdess_avfusion/external/audio_ser_speechbrain/speechbrain-develop-main/outputs/embeddings_ECAPA/test/03-01-05-02-02-02-21.npy,96
01-05-02-02-02-22,03-01-05-02-02-02-22,03-01-05-02-02-02-22,data/raw/ravdess/audio_speech/Audio_Speech_Actors_01-24/Actor_22/03-01-05-02-02-02-22.wav,22,test,05,4,angry,02,02,02,4,angry,0.114514,0.086185,0.100478,0.095312,0.25183,0.090031,0.127819,0.133831,/home/tonyhe/ravdess_avfusion/external/audio_ser_speechbrain/speechbrain-develop-main/outputs/embeddings_ECAPA/test/03-01-05-02-02-02-22.npy,96
01-05-02-02-02-23,03-01-05-02-02-02-23,03-01-05-02-02-02-23,data/raw/ravdess/audio_speech/Audio_Speech_Actors_01-24/Actor_23/03-01-05-02-02-02-23.wav,23,test,05,4,angry,02,02,02,4,angry,0.120736,0.179391,0.105682,0.141756,0.185376,0.104404,0.058853,0.103801,/home/tonyhe/ravdess_avfusion/external/audio_ser_speechbrain/speechbrain-develop-main/outputs/embeddings_ECAPA/test/03-01-05-02-02-02-23.npy,96
01-05-02-02-02-24,03-01-05-02-02-02-24,03-01-05-02-02-02-24,data/raw/ravdess/audio_speech/Audio_Speech_Actors_01-24/Actor_24/03-01-05-02-02-02-24.wav,24,test,05,4,angry,02,02,02,4,angry,0.131923,0.074187,0.086157,0.130192,0.205016,0.086559,0.166638,0.119326,/home/tonyhe/ravdess_avfusion/external/audio_ser_speechbrain/speechbrain-develop-main/outputs/embeddings_ECAPA/test/03-01-05-02-02-02-24.npy,96
01-06-01-01-01-21,03-01-06-01-01-01-21,03-01-06-01-01-01-21,data/raw/ravdess/audio_speech/Audio_Speech_Actors_01-24/Actor_21/03-01-06-01-01-01-21.wav,21,test,06,5,fearful,01,01,01,6,disgust,0.097448,0.105691,0.163634,0.113424,0.088915,0.136724,0.210488,0.083677,/home/tonyhe/ravdess_avfusion/external/audio_ser_speechbrain/speechbrain-develop-main/outputs/embeddings_ECAPA/test/03-01-06-01-01-01-21.npy,96
01-06-01-01-01-22,03-01-06-01-01-01-22,03-01-06-01-01-01-22,data/raw/ravdess/audio_speech/Audio_Speech_Actors_01-24/Actor_22/03-01-06-01-01-01-22.wav,22,test,06,5,fearful,01,01,01,5,fearful,0.104413,0.07879,0.148579,0.122646,0.08233,0.204776,0.131568,0.126898,/home/tonyhe/ravdess_avfusion/external/audio_ser_speechbrain/speechbrain-develop-main/outputs/embeddings_ECAPA/test/03-01-06-01-01-01-22.npy,96
01-06-01-01-01-23,03-01-06-01-01-01-23,03-01-06-01-01-01-23,data/raw/ravdess/audio_speech/Audio_Speech_Actors_01-24/Actor_23/03-01-06-01-01-01-23.wav,23,test,06,5,fearful,01,01,01,6,disgust,0.099152,0.072383,0.110514,0.068709,0.137751,0.166149,0.179692,0.165651,/home/tonyhe/ravdess_avfusion/external/audio_ser_speechbrain/speechbrain-develop-main/outputs/embeddings_ECAPA/test/03-01-06-01-01-01-23.npy,96
01-06-01-01-01-24,03-01-06-01-01-01-24,03-01-06-01-01-01-24,data/raw/ravdess/audio_speech/Audio_Speech_Actors_01-24/Actor_24/03-01-06-01-01-01-24.wav,24,test,06,5,fearful,01,01,01,6,disgust,0.118036,0.082504,0.094359,0.118242,0.083327,0.17208,0.186515,0.144938,/home/tonyhe/ravdess_avfusion/external/audio_ser_speechbrain/speechbrain-develop-main/outputs/embeddings_ECAPA/test/03-01-06-01-01-01-24.npy,96
01-06-01-01-02-21,03-01-06-01-01-02-21,03-01-06-01-01-02-21,data/raw/ravdess/audio_speech/Audio_Speech_Actors_01-24/Actor_21/03-01-06-01-01-02-21.wav,21,test,06,5,fearful,01,01,02,6,disgust,0.120127,0.092592,0.131519,0.108713,0.097489,0.087649,0.248923,0.112988,/home/tonyhe/ravdess_avfusion/external/audio_ser_speechbrain/speechbrain-develop-main/outputs/embeddings_ECAPA/test/03-01-06-01-01-02-21.npy,96
01-06-01-01-02-22,03-01-06-01-01-02-22,03-01-06-01-01-02-22,data/raw/ravdess/audio_speech/Audio_Speech_Actors_01-24/Actor_22/03-01-06-01-01-02-22.wav,22,test,06,5,fearful,01,01,02,2,happy,0.096456,0.111633,0.177676,0.092273,0.152082,0.173846,0.090232,0.105802,/home/tonyhe/ravdess_avfusion/external/audio_ser_speechbrain/speechbrain-develop-main/outputs/embeddings_ECAPA/test/03-01-06-01-01-02-22.npy,96
01-06-01-01-02-23,03-01-06-01-01-02-23,03-01-06-01-01-02-23,data/raw/ravdess/audio_speech/Audio_Speech_Actors_01-24/Actor_23/03-01-06-01-01-02-23.wav,23,test,06,5,fearful,01,01,02,5,fearful,0.091307,0.073073,0.175098,0.075429,0.10358,0.187173,0.169129,0.12521,/home/tonyhe/ravdess_avfusion/external/audio_ser_speechbrain/speechbrain-develop-main/outputs/embeddings_ECAPA/test/03-01-06-01-01-02-23.npy,96
01-06-01-01-02-24,03-01-06-01-01-02-24,03-01-06-01-01-02-24,data/raw/ravdess/audio_speech/Audio_Speech_Actors_01-24/Actor_24/03-01-06-01-01-02-24.wav,24,test,06,5,fearful,01,01,02,5,fearful,0.096508,0.089484,0.068568,0.161827,0.102786,0.175711,0.135427,0.169689,/home/tonyhe/ravdess_avfusion/external/audio_ser_speechbrain/speechbrain-develop-main/outputs/embeddings_ECAPA/test/03-01-06-01-01-02-24.npy,96
01-06-01-02-01-21,03-01-06-01-02-01-21,03-01-06-01-02-01-21,data/raw/ravdess/audio_speech/Audio_Speech_Actors_01-24/Actor_21/03-01-06-01-02-01-21.wav,21,test,06,5,fearful,01,02,01,5,fearful,0.0721,0.130413,0.133238,0.116621,0.118471,0.18938,0.160293,0.079485,/home/tonyhe/ravdess_avfusion/external/audio_ser_speechbrain/speechbrain-develop-main/outputs/embeddings_ECAPA/test/03-01-06-01-02-01-21.npy,96
01-06-01-02-01-22,03-01-06-01-02-01-22,03-01-06-01-02-01-22,data/raw/ravdess/audio_speech/Audio_Speech_Actors_01-24/Actor_22/03-01-06-01-02-01-22.wav,22,test,06,5,fearful,01,02,01,5,fearful,0.114751,0.076909,0.118167,0.147261,0.129974,0.191306,0.143023,0.078609,/home/tonyhe/ravdess_avfusion/external/audio_ser_speechbrain/speechbrain-develop-main/outputs/embeddings_ECAPA/test/03-01-06-01-02-01-22.npy,96
01-06-01-02-01-23,03-01-06-01-02-01-23,03-01-06-01-02-01-23,data/raw/ravdess/audio_speech/Audio_Speech_Actors_01-24/Actor_23/03-01-06-01-02-01-23.wav,23,test,06,5,fearful,01,02,01,7,surprise,0.094822,0.125261,0.145841,0.07314,0.1161,0.109307,0.146208,0.18932,/home/tonyhe/ravdess_avfusion/external/audio_ser_speechbrain/speechbrain-develop-main/outputs/embeddings_ECAPA/test/03-01-06-01-02-01-23.npy,96
01-06-01-02-01-24,03-01-06-01-02-01-24,03-01-06-01-02-01-24,data/raw/ravdess/audio_speech/Audio_Speech_Actors_01-24/Actor_24/03-01-06-01-02-01-24.wav,24,test,06,5,fearful,01,02,01,6,disgust,0.091734,0.078844,0.091249,0.168092,0.115127,0.148289,0.182671,0.123994,/home/tonyhe/ravdess_avfusion/external/audio_ser_speechbrain/speechbrain-develop-main/outputs/embeddings_ECAPA/test/03-01-06-01-02-01-24.npy,96
01-06-01-02-02-21,03-01-06-01-02-02-21,03-01-06-01-02-02-21,data/raw/ravdess/audio_speech/Audio_Speech_Actors_01-24/Actor_21/03-01-06-01-02-02-21.wav,21,test,06,5,fearful,01,02,02,2,happy,0.075834,0.097115,0.201924,0.082323,0.097293,0.196349,0.137742,0.111421,/home/tonyhe/ravdess_avfusion/external/audio_ser_speechbrain/speechbrain-develop-main/outputs/embeddings_ECAPA/test/03-01-06-01-02-02-21.npy,96
01-06-01-02-02-22,03-01-06-01-02-02-22,03-01-06-01-02-02-22,data/raw/ravdess/audio_speech/Audio_Speech_Actors_01-24/Actor_22/03-01-06-01-02-02-22.wav,22,test,06,5,fearful,01,02,02,5,fearful,0.100884,0.066377,0.139496,0.130119,0.137325,0.196328,0.12883,0.10064,/home/tonyhe/ravdess_avfusion/external/audio_ser_speechbrain/speechbrain-develop-main/outputs/embeddings_ECAPA/test/03-01-06-01-02-02-22.npy,96
01-06-01-02-02-23,03-01-06-01-02-02-23,03-01-06-01-02-02-23,data/raw/ravdess/audio_speech/Audio_Speech_Actors_01-24/Actor_23/03-01-06-01-02-02-23.wav,23,test,06,5,fearful,01,02,02,7,surprise,0.110533,0.115948,0.117955,0.060051,0.123035,0.142292,0.14624,0.183947,/home/tonyhe/ravdess_avfusion/external/audio_ser_speechbrain/speechbrain-develop-main/outputs/embeddings_ECAPA/test/03-01-06-01-02-02-23.npy,96
01-06-01-02-02-24,03-01-06-01-02-02-24,03-01-06-01-02-02-24,data/raw/ravdess/audio_speech/Audio_Speech_Actors_01-24/Actor_24/03-01-06-01-02-02-24.wav,24,test,06,5,fearful,01,02,02,4,angry,0.09282,0.10102,0.063463,0.152129,0.162345,0.136354,0.150724,0.141145,/home/tonyhe/ravdess_avfusion/external/audio_ser_speechbrain/speechbrain-develop-main/outputs/embeddings_ECAPA/test/03-01-06-01-02-02-24.npy,96
01-06-02-01-01-21,03-01-06-02-01-01-21,03-01-06-02-01-01-21,data/raw/ravdess/audio_speech/Audio_Speech_Actors_01-24/Actor_21/03-01-06-02-01-01-21.wav,21,test,06,5,fearful,02,01,01,5,fearful,0.077957,0.101053,0.16037,0.126917,0.078076,0.244688,0.106984,0.103955,/home/tonyhe/ravdess_avfusion/external/audio_ser_speechbrain/speechbrain-develop-main/outputs/embeddings_ECAPA/test/03-01-06-02-01-01-21.npy,96
01-06-02-01-01-22,03-01-06-02-01-01-22,03-01-06-02-01-01-22,data/raw/ravdess/audio_speech/Audio_Speech_Actors_01-24/Actor_22/03-01-06-02-01-01-22.wav,22,test,06,5,fearful,02,01,01,5,fearful,0.085643,0.065399,0.117617,0.128621,0.135181,0.202205,0.098982,0.166352,/home/tonyhe/ravdess_avfusion/external/audio_ser_speechbrain/speechbrain-develop-main/outputs/embeddings_ECAPA/test/03-01-06-02-01-01-22.npy,96
01-06-02-01-01-23,03-01-06-02-01-01-23,03-01-06-02-01-01-23,data/raw/ravdess/audio_speech/Audio_Speech_Actors_01-24/Actor_23/03-01-06-02-01-01-23.wav,23,test,06,5,fearful,02,01,01,5,fearful,0.084351,0.135097,0.149104,0.096542,0.11169,0.212619,0.121089,0.089508,/home/tonyhe/ravdess_avfusion/external/audio_ser_speechbrain/speechbrain-develop-main/outputs/embeddings_ECAPA/test/03-01-06-02-01-01-23.npy,96
01-06-02-01-01-24,03-01-06-02-01-01-24,03-01-06-02-01-01-24,data/raw/ravdess/audio_speech/Audio_Speech_Actors_01-24/Actor_24/03-01-06-02-01-01-24.wav,24,test,06,5,fearful,02,01,01,3,sad,0.131338,0.093665,0.105232,0.207156,0.093027,0.145992,0.124456,0.099133,/home/tonyhe/ravdess_avfusion/external/audio_ser_speechbrain/speechbrain-develop-main/outputs/embeddings_ECAPA/test/03-01-06-02-01-01-24.npy,96
01-06-02-01-02-21,03-01-06-02-01-02-21,03-01-06-02-01-02-21,data/raw/ravdess/audio_speech/Audio_Speech_Actors_01-24/Actor_21/03-01-06-02-01-02-21.wav,21,test,06,5,fearful,02,01,02,5,fearful,0.079562,0.107766,0.161355,0.137483,0.088085,0.225618,0.113039,0.087092,/home/tonyhe/ravdess_avfusion/external/audio_ser_speechbrain/speechbrain-develop-main/outputs/embeddings_ECAPA/test/03-01-06-02-01-02-21.npy,96
01-06-02-01-02-22,03-01-06-02-01-02-22,03-01-06-02-01-02-22,data/raw/ravdess/audio_speech/Audio_Speech_Actors_01-24/Actor_22/03-01-06-02-01-02-22.wav,22,test,06,5,fearful,02,01,02,5,fearful,0.091393,0.072291,0.109554,0.156525,0.116789,0.191715,0.091402,0.170331,/home/tonyhe/ravdess_avfusion/external/audio_ser_speechbrain/speechbrain-develop-main/outputs/embeddings_ECAPA/test/03-01-06-02-01-02-22.npy,96
01-06-02-01-02-23,03-01-06-02-01-02-23,03-01-06-02-01-02-23,data/raw/ravdess/audio_speech/Audio_Speech_Actors_01-24/Actor_23/03-01-06-02-01-02-23.wav,23,test,06,5,fearful,02,01,02,5,fearful,0.075682,0.095687,0.096384,0.091988,0.11955,0.235578,0.126355,0.158777,/home/tonyhe/ravdess_avfusion/external/audio_ser_speechbrain/speechbrain-develop-main/outputs/embeddings_ECAPA/test/03-01-06-02-01-02-23.npy,96
01-06-02-01-02-24,03-01-06-02-01-02-24,03-01-06-02-01-02-24,data/raw/ravdess/audio_speech/Audio_Speech_Actors_01-24/Actor_24/03-01-06-02-01-02-24.wav,24,test,06,5,fearful,02,01,02,3,sad,0.140291,0.087657,0.077018,0.200177,0.11753,0.143424,0.093603,0.1403,/home/tonyhe/ravdess_avfusion/external/audio_ser_speechbrain/speechbrain-develop-main/outputs/embeddings_ECAPA/test/03-01-06-02-01-02-24.npy,96
01-06-02-02-01-21,03-01-06-02-02-01-21,03-01-06-02-02-01-21,data/raw/ravdess/audio_speech/Audio_Speech_Actors_01-24/Actor_21/03-01-06-02-02-01-21.wav,21,test,06,5,fearful,02,02,01,2,happy,0.092676,0.096498,0.230231,0.128824,0.1028,0.130038,0.137173,0.081761,/home/tonyhe/ravdess_avfusion/external/audio_ser_speechbrain/speechbrain-develop-main/outputs/embeddings_ECAPA/test/03-01-06-02-02-01-21.npy,96
01-06-02-02-01-22,03-01-06-02-02-01-22,03-01-06-02-02-01-22,data/raw/ravdess/audio_speech/Audio_Speech_Actors_01-24/Actor_22/03-01-06-02-02-01-22.wav,22,test,06,5,fearful,02,02,01,5,fearful,0.083243,0.07343,0.159632,0.116293,0.107443,0.226876,0.098932,0.134151,/home/tonyhe/ravdess_avfusion/external/audio_ser_speechbrain/speechbrain-develop-main/outputs/embeddings_ECAPA/test/03-01-06-02-02-01-22.npy,96
01-06-02-02-01-23,03-01-06-02-02-01-23,03-01-06-02-02-01-23,data/raw/ravdess/audio_speech/Audio_Speech_Actors_01-24/Actor_23/03-01-06-02-02-01-23.wav,23,test,06,5,fearful,02,02,01,7,surprise,0.095427,0.134241,0.110732,0.057623,0.130889,0.134804,0.132873,0.203411,/home/tonyhe/ravdess_avfusion/external/audio_ser_speechbrain/speechbrain-develop-main/outputs/embeddings_ECAPA/test/03-01-06-02-02-01-23.npy,96
01-06-02-02-01-24,03-01-06-02-02-01-24,03-01-06-02-02-01-24,data/raw/ravdess/audio_speech/Audio_Speech_Actors_01-24/Actor_24/03-01-06-02-02-01-24.wav,24,test,06,5,fearful,02,02,01,5,fearful,0.14003,0.086687,0.122125,0.144572,0.070495,0.172446,0.133486,0.130159,/home/tonyhe/ravdess_avfusion/external/audio_ser_speechbrain/speechbrain-develop-main/outputs/embeddings_ECAPA/test/03-01-06-02-02-01-24.npy,96
01-06-02-02-02-21,03-01-06-02-02-02-21,03-01-06-02-02-02-21,data/raw/ravdess/audio_speech/Audio_Speech_Actors_01-24/Actor_21/03-01-06-02-02-02-21.wav,21,test,06,5,fearful,02,02,02,6,disgust,0.091614,0.089058,0.180537,0.091414,0.088354,0.148265,0.191676,0.119081,/home/tonyhe/ravdess_avfusion/external/audio_ser_speechbrain/speechbrain-develop-main/outputs/embeddings_ECAPA/test/03-01-06-02-02-02-21.npy,96
01-06-02-02-02-22,03-01-06-02-02-02-22,03-01-06-02-02-02-22,data/raw/ravdess/audio_speech/Audio_Speech_Actors_01-24/Actor_22/03-01-06-02-02-02-22.wav,22,test,06,5,fearful,02,02,02,5,fearful,0.077319,0.083845,0.134884,0.116005,0.110916,0.248658,0.099375,0.128999,/home/tonyhe/ravdess_avfusion/external/audio_ser_speechbrain/speechbrain-develop-main/outputs/embeddings_ECAPA/test/03-01-06-02-02-02-22.npy,96
01-06-02-02-02-23,03-01-06-02-02-02-23,03-01-06-02-02-02-23,data/raw/ravdess/audio_speech/Audio_Speech_Actors_01-24/Actor_23/03-01-06-02-02-02-23.wav,23,test,06,5,fearful,02,02,02,5,fearful,0.079428,0.124628,0.138811,0.093839,0.08232,0.207679,0.17303,0.100264,/home/tonyhe/ravdess_avfusion/external/audio_ser_speechbrain/speechbrain-develop-main/outputs/embeddings_ECAPA/test/03-01-06-02-02-02-23.npy,96
01-06-02-02-02-24,03-01-06-02-02-02-24,03-01-06-02-02-02-24,data/raw/ravdess/audio_speech/Audio_Speech_Actors_01-24/Actor_24/03-01-06-02-02-02-24.wav,24,test,06,5,fearful,02,02,02,3,sad,0.119163,0.095787,0.088394,0.162356,0.106366,0.136212,0.147271,0.144451,/home/tonyhe/ravdess_avfusion/external/audio_ser_speechbrain/speechbrain-develop-main/outputs/embeddings_ECAPA/test/03-01-06-02-02-02-24.npy,96
01-07-01-01-01-21,03-01-07-01-01-01-21,03-01-07-01-01-01-21,data/raw/ravdess/audio_speech/Audio_Speech_Actors_01-24/Actor_21/03-01-07-01-01-01-21.wav,21,test,07,6,disgust,01,01,01,4,angry,0.130806,0.118865,0.11237,0.085132,0.225401,0.081784,0.150401,0.09524,/home/tonyhe/ravdess_avfusion/external/audio_ser_speechbrain/speechbrain-develop-main/outputs/embeddings_ECAPA/test/03-01-07-01-01-01-21.npy,96
01-07-01-01-01-22,03-01-07-01-01-01-22,03-01-07-01-01-01-22,data/raw/ravdess/audio_speech/Audio_Speech_Actors_01-24/Actor_22/03-01-07-01-01-01-22.wav,22,test,07,6,disgust,01,01,01,4,angry,0.136753,0.100416,0.08817,0.096054,0.189588,0.156536,0.148656,0.083827,/home/tonyhe/ravdess_avfusion/external/audio_ser_speechbrain/speechbrain-develop-main/outputs/embeddings_ECAPA/test/03-01-07-01-01-01-22.npy,96
01-07-01-01-01-23,03-01-07-01-01-01-23,03-01-07-01-01-01-23,data/raw/ravdess/audio_speech/Audio_Speech_Actors_01-24/Actor_23/03-01-07-01-01-01-23.wav,23,test,07,6,disgust,01,01,01,4,angry,0.078834,0.075841,0.114758,0.075451,0.175322,0.167819,0.166897,0.145077,/home/tonyhe/ravdess_avfusion/external/audio_ser_speechbrain/speechbrain-develop-main/outputs/embeddings_ECAPA/test/03-01-07-01-01-01-23.npy,96
01-07-01-01-01-24,03-01-07-01-01-01-24,03-01-07-01-01-01-24,data/raw/ravdess/audio_speech/Audio_Speech_Actors_01-24/Actor_24/03-01-07-01-01-01-24.wav,24,test,07,6,disgust,01,01,01,6,disgust,0.151945,0.12365,0.107188,0.083958,0.131284,0.074491,0.207066,0.120418,/home/tonyhe/ravdess_avfusion/external/audio_ser_speechbrain/speechbrain-develop-main/outputs/embeddings_ECAPA/test/03-01-07-01-01-01-24.npy,96
01-07-01-01-02-21,03-01-07-01-01-02-21,03-01-07-01-01-02-21,data/raw/ravdess/audio_speech/Audio_Speech_Actors_01-24/Actor_21/03-01-07-01-01-02-21.wav,21,test,07,6,disgust,01,01,02,4,angry,0.132015,0.094812,0.115285,0.115068,0.195967,0.071943,0.178271,0.09664,/home/tonyhe/ravdess_avfusion/external/audio_ser_speechbrain/speechbrain-develop-main/outputs/embeddings_ECAPA/test/03-01-07-01-01-02-21.npy,96
01-07-01-01-02-22,03-01-07-01-01-02-22,03-01-07-01-01-02-22,data/raw/ravdess/audio_speech/Audio_Speech_Actors_01-24/Actor_22/03-01-07-01-01-02-22.wav,22,test,07,6,disgust,01,01,02,4,angry,0.137187,0.126974,0.109196,0.085007,0.214033,0.105437,0.14672,0.075447,/home/tonyhe/ravdess_avfusion/external/audio_ser_speechbrain/speechbrain-develop-main/outputs/embeddings_ECAPA/test/03-01-07-01-01-02-22.npy,96
01-07-01-01-02-23,03-01-07-01-01-02-23,03-01-07-01-01-02-23,data/raw/ravdess/audio_speech/Audio_Speech_Actors_01-24/Actor_23/03-01-07-01-01-02-23.wav,23,test,07,6,disgust,01,01,02,6,disgust,0.091531,0.066579,0.103582,0.109013,0.174279,0.130744,0.181452,0.142819,/home/tonyhe/ravdess_avfusion/external/audio_ser_speechbrain/speechbrain-develop-main/outputs/embeddings_ECAPA/test/03-01-07-01-01-02-23.npy,96
01-07-01-01-02-24,03-01-07-01-01-02-24,03-01-07-01-01-02-24,data/raw/ravdess/audio_speech/Audio_Speech_Actors_01-24/Actor_24/03-01-07-01-01-02-24.wav,24,test,07,6,disgust,01,01,02,6,disgust,0.12096,0.089895,0.109015,0.113147,0.098966,0.08371,0.245965,0.138343,/home/tonyhe/ravdess_avfusion/external/audio_ser_speechbrain/speechbrain-develop-main/outputs/embeddings_ECAPA/test/03-01-07-01-01-02-24.npy,96
01-07-01-02-01-21,03-01-07-01-02-01-21,03-01-07-01-02-01-21,data/raw/ravdess/audio_speech/Audio_Speech_Actors_01-24/Actor_21/03-01-07-01-02-01-21.wav,21,test,07,6,disgust,01,02,01,4,angry,0.148078,0.110576,0.111902,0.093313,0.221082,0.075761,0.142286,0.097002,/home/tonyhe/ravdess_avfusion/external/audio_ser_speechbrain/speechbrain-develop-main/outputs/embeddings_ECAPA/test/03-01-07-01-02-01-21.npy,96
01-07-01-02-01-22,03-01-07-01-02-01-22,03-01-07-01-02-01-22,data/raw/ravdess/audio_speech/Audio_Speech_Actors_01-24/Actor_22/03-01-07-01-02-01-22.wav,22,test,07,6,disgust,01,02,01,4,angry,0.114532,0.098136,0.131461,0.144505,0.212928,0.11355,0.114,0.070888,/home/tonyhe/ravdess_avfusion/external/audio_ser_speechbrain/speechbrain-develop-main/outputs/embeddings_ECAPA/test/03-01-07-01-02-01-22.npy,96
01-07-01-02-01-23,03-01-07-01-02-01-23,03-01-07-01-02-01-23,data/raw/ravdess/audio_speech/Audio_Speech_Actors_01-24/Actor_23/03-01-07-01-02-01-23.wav,23,test,07,6,disgust,01,02,01,6,disgust,0.100956,0.076498,0.076597,0.105452,0.167476,0.112167,0.196452,0.164402,/home/tonyhe/ravdess_avfusion/external/audio_ser_speechbrain/speechbrain-develop-main/outputs/embeddings_ECAPA/test/03-01-07-01-02-01-23.npy,96
01-07-01-02-01-24,03-01-07-01-02-01-24,03-01-07-01-02-01-24,data/raw/ravdess/audio_speech/Audio_Speech_Actors_01-24/Actor_24/03-01-07-01-02-01-24.wav,24,test,07,6,disgust,01,02,01,3,sad,0.130804,0.079617,0.153459,0.194322,0.112275,0.072606,0.154154,0.102763,/home/tonyhe/ravdess_avfusion/external/audio_ser_speechbrain/speechbrain-develop-main/outputs/embeddings_ECAPA/test/03-01-07-01-02-01-24.npy,96
01-07-01-02-02-21,03-01-07-01-02-02-21,03-01-07-01-02-02-21,data/raw/ravdess/audio_speech/Audio_Speech_Actors_01-24/Actor_21/03-01-07-01-02-02-21.wav,21,test,07,6,disgust,01,02,02,4,angry,0.128887,0.130417,0.145727,0.101507,0.183494,0.065393,0.143007,0.101567,/home/tonyhe/ravdess_avfusion/external/audio_ser_speechbrain/speechbrain-develop-main/outputs/embeddings_ECAPA/test/03-01-07-01-02-02-21.npy,96
01-07-01-02-02-22,03-01-07-01-02-02-22,03-01-07-01-02-02-22,data/raw/ravdess/audio_speech/Audio_Speech_Actors_01-24/Actor_22/03-01-07-01-02-02-22.wav,22,test,07,6,disgust,01,02,02,4,angry,0.126638,0.092492,0.120783,0.118869,0.210609,0.118753,0.138361,0.073494,/home/tonyhe/ravdess_avfusion/external/audio_ser_speechbrain/speechbrain-develop-main/outputs/embeddings_ECAPA/test/03-01-07-01-02-02-22.npy,96
01-07-01-02-02-23,03-01-07-01-02-02-23,03-01-07-01-02-02-23,data/raw/ravdess/audio_speech/Audio_Speech_Actors_01-24/Actor_23/03-01-07-01-02-02-23.wav,23,test,07,6,disgust,01,02,02,6,disgust,0.104324,0.067201,0.096791,0.093443,0.112923,0.128377,0.238387,0.158554,/home/tonyhe/ravdess_avfusion/external/audio_ser_speechbrain/speechbrain-develop-main/outputs/embeddings_ECAPA/test/03-01-07-01-02-02-23.npy,96
01-07-01-02-02-24,03-01-07-01-02-02-24,03-01-07-01-02-02-24,data/raw/ravdess/audio_speech/Audio_Speech_Actors_01-24/Actor_24/03-01-07-01-02-02-24.wav,24,test,07,6,disgust,01,02,02,6,disgust,0.105755,0.069552,0.123087,0.174453,0.121628,0.106534,0.196815,0.102176,/home/tonyhe/ravdess_avfusion/external/audio_ser_speechbrain/speechbrain-develop-main/outputs/embeddings_ECAPA/test/03-01-07-01-02-02-24.npy,96
01-07-02-01-01-21,03-01-07-02-01-01-21,03-01-07-02-01-01-21,data/raw/ravdess/audio_speech/Audio_Speech_Actors_01-24/Actor_21/03-01-07-02-01-01-21.wav,21,test,07,6,disgust,02,01,01,4,angry,0.133476,0.107778,0.124735,0.086931,0.189496,0.080768,0.177052,0.099765,/home/tonyhe/ravdess_avfusion/external/audio_ser_speechbrain/speechbrain-develop-main/outputs/embeddings_ECAPA/test/03-01-07-02-01-01-21.npy,96
01-07-02-01-01-22,03-01-07-02-01-01-22,03-01-07-02-01-01-22,data/raw/ravdess/audio_speech/Audio_Speech_Actors_01-24/Actor_22/03-01-07-02-01-01-22.wav,22,test,07,6,disgust,02,01,01,6,disgust,0.116756,0.090023,0.115613,0.073872,0.160612,0.095733,0.22383,0.12356,/home/tonyhe/ravdess_avfusion/external/audio_ser_speechbrain/speechbrain-develop-main/outputs/embeddings_ECAPA/test/03-01-07-02-01-01-22.npy,96
01-07-02-01-01-23,03-01-07-02-01-01-23,03-01-07-02-01-01-23,data/raw/ravdess/audio_speech/Audio_Speech_Actors_01-24/Actor_23/03-01-07-02-01-01-23.wav,23,test,07,6,disgust,02,01,01,4,angry,0.102242,0.073912,0.099179,0.088063,0.212406,0.109762,0.145901,0.168536,/home/tonyhe/ravdess_avfusion/external/audio_ser_speechbrain/speechbrain-develop-main/outputs/embeddings_ECAPA/test/03-01-07-02-01-01-23.npy,96
01-07-02-01-01-24,03-01-07-02-01-01-24,03-01-07-02-01-01-24,data/raw/ravdess/audio_speech/Audio_Speech_Actors_01-24/Actor_24/03-01-07-02-01-01-24.wav,24,test,07,6,disgust,02,01,01,6,disgust,0.113366,0.06612,0.103331,0.13578,0.119054,0.091488,0.235112,0.135748,/home/tonyhe/ravdess_avfusion/external/audio_ser_speechbrain/speechbrain-develop-main/outputs/embeddings_ECAPA/test/03-01-07-02-01-01-24.npy,96
01-07-02-01-02-21,03-01-07-02-01-02-21,03-01-07-02-01-02-21,data/raw/ravdess/audio_speech/Audio_Speech_Actors_01-24/Actor_21/03-01-07-02-01-02-21.wav,21,test,07,6,disgust,02,01,02,4,angry,0.135918,0.110391,0.146161,0.082734,0.18994,0.085184,0.158433,0.091238,/home/tonyhe/ravdess_avfusion/external/audio_ser_speechbrain/speechbrain-develop-main/outputs/embeddings_ECAPA/test/03-01-07-02-01-02-21.npy,96
01-07-02-01-02-22,03-01-07-02-01-02-22,03-01-07-02-01-02-22,data/raw/ravdess/audio_speech/Audio_Speech_Actors_01-24/Actor_22/03-01-07-02-01-02-22.wav,22,test,07,6,disgust,02,01,02,4,angry,0.128557,0.111585,0.130811,0.072745,0.20632,0.085146,0.117904,0.146931,/home/tonyhe/ravdess_avfusion/external/audio_ser_speechbrain/speechbrain-develop-main/outputs/embeddings_ECAPA/test/03-01-07-02-01-02-22.npy,96
01-07-02-01-02-23,03-01-07-02-01-02-23,03-01-07-02-01-02-23,data/raw/ravdess/audio_speech/Audio_Speech_Actors_01-24/Actor_23/03-01-07-02-01-02-23.wav,23,test,07,6,disgust,02,01,02,4,angry,0.081724,0.072079,0.115613,0.075056,0.183905,0.140907,0.171221,0.159496,/home/tonyhe/ravdess_avfusion/external/audio_ser_speechbrain/speechbrain-develop-main/outputs/embeddings_ECAPA/test/03-01-07-02-01-02-23.npy,96
01-07-02-01-02-24,03-01-07-02-01-02-24,03-01-07-02-01-02-24,data/raw/ravdess/audio_speech/Audio_Speech_Actors_01-24/Actor_24/03-01-07-02-01-02-24.wav,24,test,07,6,disgust,02,01,02,6,disgust,0.093267,0.10241,0.091691,0.111264,0.115288,0.14632,0.231862,0.107898,/home/tonyhe/ravdess_avfusion/external/audio_ser_speechbrain/speechbrain-develop-main/outputs/embeddings_ECAPA/test/03-01-07-02-01-02-24.npy,96
01-07-02-02-01-21,03-01-07-02-02-01-21,03-01-07-02-02-01-21,data/raw/ravdess/audio_speech/Audio_Speech_Actors_01-24/Actor_21/03-01-07-02-02-01-21.wav,21,test,07,6,disgust,02,02,01,6,disgust,0.100295,0.100771,0.141062,0.087872,0.185268,0.093142,0.198126,0.093463,/home/tonyhe/ravdess_avfusion/external/audio_ser_speechbrain/speechbrain-develop-main/outputs/embeddings_ECAPA/test/03-01-07-02-02-01-21.npy,96
01-07-02-02-01-22,03-01-07-02-02-01-22,03-01-07-02-02-01-22,data/raw/ravdess/audio_speech/Audio_Speech_Actors_01-24/Actor_22/03-01-07-02-02-01-22.wav,22,test,07,6,disgust,02,02,01,6,disgust,0.137032,0.075987,0.103757,0.101877,0.149837,0.08966,0.235566,0.106284,/home/tonyhe/ravdess_avfusion/external/audio_ser_speechbrain/speechbrain-develop-main/outputs/embeddings_ECAPA/test/03-01-07-02-02-01-22.npy,96
01-07-02-02-01-23,03-01-07-02-02-01-23,03-01-07-02-02-01-23,data/raw/ravdess/audio_speech/Audio_Speech_Actors_01-24/Actor_23/03-01-07-02-02-01-23.wav,23,test,07,6,disgust,02,02,01,7,surprise,0.091085,0.063938,0.10044,0.088558,0.162886,0.133213,0.160754,0.199125,/home/tonyhe/ravdess_avfusion/external/audio_ser_speechbrain/speechbrain-develop-main/outputs/embeddings_ECAPA/test/03-01-07-02-02-01-23.npy,96
01-07-02-02-01-24,03-01-07-02-02-01-24,03-01-07-02-02-01-24,data/raw/ravdess/audio_speech/Audio_Speech_Actors_01-24/Actor_24/03-01-07-02-02-01-24.wav,24,test,07,6,disgust,02,02,01,6,disgust,0.09935,0.103996,0.128209,0.120552,0.120802,0.110606,0.23062,0.085864,/home/tonyhe/ravdess_avfusion/external/audio_ser_speechbrain/speechbrain-develop-main/outputs/embeddings_ECAPA/test/03-01-07-02-02-01-24.npy,96
01-07-02-02-02-21,03-01-07-02-02-02-21,03-01-07-02-02-02-21,data/raw/ravdess/audio_speech/Audio_Speech_Actors_01-24/Actor_21/03-01-07-02-02-02-21.wav,21,test,07,6,disgust,02,02,02,4,angry,0.10783,0.121714,0.114415,0.094801,0.200519,0.090496,0.185423,0.084801,/home/tonyhe/ravdess_avfusion/external/audio_ser_speechbrain/speechbrain-develop-main/outputs/embeddings_ECAPA/test/03-01-07-02-02-02-21.npy,96
01-07-02-02-02-22,03-01-07-02-02-02-22,03-01-07-02-02-02-22,data/raw/ravdess/audio_speech/Audio_Speech_Actors_01-24/Actor_22/03-01-07-02-02-02-22.wav,22,test,07,6,disgust,02,02,02,4,angry,0.156209,0.084842,0.139159,0.093875,0.177164,0.092641,0.164136,0.091974,/home/tonyhe/ravdess_avfusion/external/audio_ser_speechbrain/speechbrain-develop-main/outputs/embeddings_ECAPA/test/03-01-07-02-02-02-22.npy,96
01-07-02-02-02-23,03-01-07-02-02-02-23,03-01-07-02-02-02-23,data/raw/ravdess/audio_speech/Audio_Speech_Actors_01-24/Actor_23/03-01-07-02-02-02-23.wav,23,test,07,6,disgust,02,02,02,6,disgust,0.096625,0.0731,0.088162,0.101018,0.183571,0.094358,0.18726,0.175906,/home/tonyhe/ravdess_avfusion/external/audio_ser_speechbrain/speechbrain-develop-main/outputs/embeddings_ECAPA/test/03-01-07-02-02-02-23.npy,96
01-07-02-02-02-24,03-01-07-02-02-02-24,03-01-07-02-02-02-24,data/raw/ravdess/audio_speech/Audio_Speech_Actors_01-24/Actor_24/03-01-07-02-02-02-24.wav,24,test,07,6,disgust,02,02,02,6,disgust,0.119795,0.122625,0.089478,0.141437,0.11568,0.098557,0.224182,0.088246,/home/tonyhe/ravdess_avfusion/external/audio_ser_speechbrain/speechbrain-develop-main/outputs/embeddings_ECAPA/test/03-01-07-02-02-02-24.npy,96
01-08-01-01-01-21,03-01-08-01-01-01-21,03-01-08-01-01-01-21,data/raw/ravdess/audio_speech/Audio_Speech_Actors_01-24/Actor_21/03-01-08-01-01-01-21.wav,21,test,08,7,surprise,01,01,01,7,surprise,0.115813,0.083787,0.142868,0.113668,0.121629,0.078987,0.13416,0.209088,/home/tonyhe/ravdess_avfusion/external/audio_ser_speechbrain/speechbrain-develop-main/outputs/embeddings_ECAPA/test/03-01-08-01-01-01-21.npy,96
01-08-01-01-01-22,03-01-08-01-01-01-22,03-01-08-01-01-01-22,data/raw/ravdess/audio_speech/Audio_Speech_Actors_01-24/Actor_22/03-01-08-01-01-01-22.wav,22,test,08,7,surprise,01,01,01,7,surprise,0.121074,0.097549,0.121042,0.079928,0.184656,0.083218,0.119585,0.192949,/home/tonyhe/ravdess_avfusion/external/audio_ser_speechbrain/speechbrain-develop-main/outputs/embeddings_ECAPA/test/03-01-08-01-01-01-22.npy,96
01-08-01-01-01-23,03-01-08-01-01-01-23,03-01-08-01-01-01-23,data/raw/ravdess/audio_speech/Audio_Speech_Actors_01-24/Actor_23/03-01-08-01-01-01-23.wav,23,test,08,7,surprise,01,01,01,7,surprise,0.112659,0.108407,0.108611,0.098307,0.157093,0.091931,0.092559,0.230433,/home/tonyhe/ravdess_avfusion/external/audio_ser_speechbrain/speechbrain-develop-main/outputs/embeddings_ECAPA/test/03-01-08-01-01-01-23.npy,96
01-08-01-01-01-24,03-01-08-01-01-01-24,03-01-08-01-01-01-24,data/raw/ravdess/audio_speech/Audio_Speech_Actors_01-24/Actor_24/03-01-08-01-01-01-24.wav,24,test,08,7,surprise,01,01,01,7,surprise,0.102247,0.102069,0.092942,0.159321,0.070618,0.140119,0.129776,0.202909,/home/tonyhe/ravdess_avfusion/external/audio_ser_speechbrain/speechbrain-develop-main/outputs/embeddings_ECAPA/test/03-01-08-01-01-01-24.npy,96
01-08-01-01-02-21,03-01-08-01-01-02-21,03-01-08-01-01-02-21,data/raw/ravdess/audio_speech/Audio_Speech_Actors_01-24/Actor_21/03-01-08-01-01-02-21.wav,21,test,08,7,surprise,01,01,02,7,surprise,0.096267,0.077692,0.123617,0.097706,0.147175,0.105728,0.125179,0.226636,/home/tonyhe/ravdess_avfusion/external/audio_ser_speechbrain/speechbrain-develop-main/outputs/embeddings_ECAPA/test/03-01-08-01-01-02-21.npy,96
01-08-01-01-02-22,03-01-08-01-01-02-22,03-01-08-01-01-02-22,data/raw/ravdess/audio_speech/Audio_Speech_Actors_01-24/Actor_22/03-01-08-01-01-02-22.wav,22,test,08,7,surprise,01,01,02,7,surprise,0.108588,0.093542,0.138444,0.084293,0.158659,0.095003,0.110793,0.210677,/home/tonyhe/ravdess_avfusion/external/audio_ser_speechbrain/speechbrain-develop-main/outputs/embeddings_ECAPA/test/03-01-08-01-01-02-22.npy,96
01-08-01-01-02-23,03-01-08-01-01-02-23,03-01-08-01-01-02-23,data/raw/ravdess/audio_speech/Audio_Speech_Actors_01-24/Actor_23/03-01-08-01-01-02-23.wav,23,test,08,7,surprise,01,01,02,7,surprise,0.108487,0.102844,0.141992,0.098783,0.129594,0.100399,0.086723,0.231178,/home/tonyhe/ravdess_avfusion/external/audio_ser_speechbrain/speechbrain-develop-main/outputs/embeddings_ECAPA/test/03-01-08-01-01-02-23.npy,96
01-08-01-01-02-24,03-01-08-01-01-02-24,03-01-08-01-01-02-24,data/raw/ravdess/audio_speech/Audio_Speech_Actors_01-24/Actor_24/03-01-08-01-01-02-24.wav,24,test,08,7,surprise,01,01,02,7,surprise,0.084981,0.076805,0.106319,0.130042,0.074493,0.148021,0.151129,0.228211,/home/tonyhe/ravdess_avfusion/external/audio_ser_speechbrain/speechbrain-develop-main/outputs/embeddings_ECAPA/test/03-01-08-01-01-02-24.npy,96
01-08-01-02-01-21,03-01-08-01-02-01-21,03-01-08-01-02-01-21,data/raw/ravdess/audio_speech/Audio_Speech_Actors_01-24/Actor_21/03-01-08-01-02-01-21.wav,21,test,08,7,surprise,01,02,01,7,surprise,0.106407,0.063891,0.132211,0.161587,0.105537,0.093852,0.149853,0.186662,/home/tonyhe/ravdess_avfusion/external/audio_ser_speechbrain/speechbrain-develop-main/outputs/embeddings_ECAPA/test/03-01-08-01-02-01-21.npy,96
01-08-01-02-01-22,03-01-08-01-02-01-22,03-01-08-01-02-01-22,data/raw/ravdess/audio_speech/Audio_Speech_Actors_01-24/Actor_22/03-01-08-01-02-01-22.wav,22,test,08,7,surprise,01,02,01,2,happy,0.110912,0.074607,0.182735,0.085098,0.14716,0.117863,0.11359,0.168035,/home/tonyhe/ravdess_avfusion/external/audio_ser_speechbrain/speechbrain-develop-main/outputs/embeddings_ECAPA/test/03-01-08-01-02-01-22.npy,96
01-08-01-02-01-23,03-01-08-01-02-01-23,03-01-08-01-02-01-23,data/raw/ravdess/audio_speech/Audio_Speech_Actors_01-24/Actor_23/03-01-08-01-02-01-23.wav,23,test,08,7,surprise,01,02,01,7,surprise,0.113793,0.128711,0.156878,0.085249,0.140211,0.117741,0.072906,0.18451,/home/tonyhe/ravdess_avfusion/external/audio_ser_speechbrain/speechbrain-develop-main/outputs/embeddings_ECAPA/test/03-01-08-01-02-01-23.npy,96
01-08-01-02-01-24,03-01-08-01-02-01-24,03-01-08-01-02-01-24,data/raw/ravdess/audio_speech/Audio_Speech_Actors_01-24/Actor_24/03-01-08-01-02-01-24.wav,24,test,08,7,surprise,01,02,01,5,fearful,0.102683,0.067551,0.074996,0.12942,0.124163,0.176434,0.157559,0.167194,/home/tonyhe/ravdess_avfusion/external/audio_ser_speechbrain/speechbrain-develop-main/outputs/embeddings_ECAPA/test/03-01-08-01-02-01-24.npy,96
01-08-01-02-02-21,03-01-08-01-02-02-21,03-01-08-01-02-02-21,data/raw/ravdess/audio_speech/Audio_Speech_Actors_01-24/Actor_21/03-01-08-01-02-02-21.wav,21,test,08,7,surprise,01,02,02,4,angry,0.114629,0.112905,0.123054,0.145759,0.159771,0.081804,0.128801,0.133278,/home/tonyhe/ravdess_avfusion/external/audio_ser_speechbrain/speechbrain-develop-main/outputs/embeddings_ECAPA/test/03-01-08-01-02-02-21.npy,96
01-08-01-02-02-22,03-01-08-01-02-02-22,03-01-08-01-02-02-22,data/raw/ravdess/audio_speech/Audio_Speech_Actors_01-24/Actor_22/03-01-08-01-02-02-22.wav,22,test,08,7,surprise,01,02,02,7,surprise,0.110596,0.066688,0.135158,0.096515,0.155961,0.109083,0.118073,0.207926,/home/tonyhe/ravdess_avfusion/external/audio_ser_speechbrain/speechbrain-develop-main/outputs/embeddings_ECAPA/test/03-01-08-01-02-02-22.npy,96
01-08-01-02-02-23,03-01-08-01-02-02-23,03-01-08-01-02-02-23,data/raw/ravdess/audio_speech/Audio_Speech_Actors_01-24/Actor_23/03-01-08-01-02-02-23.wav,23,test,08,7,surprise,01,02,02,7,surprise,0.107854,0.121646,0.145607,0.106768,0.128022,0.094844,0.077301,0.217959,/home/tonyhe/ravdess_avfusion/external/audio_ser_speechbrain/speechbrain-develop-main/outputs/embeddings_ECAPA/test/03-01-08-01-02-02-23.npy,96
01-08-01-02-02-24,03-01-08-01-02-02-24,03-01-08-01-02-02-24,data/raw/ravdess/audio_speech/Audio_Speech_Actors_01-24/Actor_24/03-01-08-01-02-02-24.wav,24,test,08,7,surprise,01,02,02,7,surprise,0.090654,0.089556,0.126119,0.134131,0.069145,0.146243,0.138251,0.2059,/home/tonyhe/ravdess_avfusion/external/audio_ser_speechbrain/speechbrain-develop-main/outputs/embeddings_ECAPA/test/03-01-08-01-02-02-24.npy,96
01-08-02-01-01-21,03-01-08-02-01-01-21,03-01-08-02-01-01-21,data/raw/ravdess/audio_speech/Audio_Speech_Actors_01-24/Actor_21/03-01-08-02-01-01-21.wav,21,test,08,7,surprise,02,01,01,7,surprise,0.106805,0.079238,0.156771,0.116618,0.131898,0.077042,0.127118,0.20451,/home/tonyhe/ravdess_avfusion/external/audio_ser_speechbrain/speechbrain-develop-main/outputs/embeddings_ECAPA/test/03-01-08-02-01-01-21.npy,96
01-08-02-01-01-22,03-01-08-02-01-01-22,03-01-08-02-01-01-22,data/raw/ravdess/audio_speech/Audio_Speech_Actors_01-24/Actor_22/03-01-08-02-01-01-22.wav,22,test,08,7,surprise,02,01,01,7,surprise,0.105307,0.084892,0.14455,0.090669,0.124246,0.084015,0.129228,0.237093,/home/tonyhe/ravdess_avfusion/external/audio_ser_speechbrain/speechbrain-develop-main/outputs/embeddings_ECAPA/test/03-01-08-02-01-01-22.npy,96
01-08-02-01-01-23,03-01-08-02-01-01-23,03-01-08-02-01-01-23,data/raw/ravdess/audio_speech/Audio_Speech_Actors_01-24/Actor_23/03-01-08-02-01-01-23.wav,23,test,08,7,surprise,02,01,01,7,surprise,0.113135,0.099406,0.125092,0.130799,0.152475,0.085584,0.079708,0.213801,/home/tonyhe/ravdess_avfusion/external/audio_ser_speechbrain/speechbrain-develop-main/outputs/embeddings_ECAPA/test/03-01-08-02-01-01-23.npy,96
01-08-02-01-01-24,03-01-08-02-01-01-24,03-01-08-02-01-01-24,data/raw/ravdess/audio_speech/Audio_Speech_Actors_01-24/Actor_24/03-01-08-02-01-01-24.wav,24,test,08,7,surprise,02,01,01,6,disgust,0.094798,0.072233,0.081458,0.121343,0.110292,0.115297,0.2056,0.198979,/home/tonyhe/ravdess_avfusion/external/audio_ser_speechbrain/speechbrain-develop-main/outputs/embeddings_ECAPA/test/03-01-08-02-01-01-24.npy,96
01-08-02-01-02-21,03-01-08-02-01-02-21,03-01-08-02-01-02-21,data/raw/ravdess/audio_speech/Audio_Speech_Actors_01-24/Actor_21/03-01-08-02-01-02-21.wav,21,test,08,7,surprise,02,01,02,7,surprise,0.087669,0.064368,0.175721,0.117592,0.115932,0.099946,0.146936,0.191837,/home/tonyhe/ravdess_avfusion/external/audio_ser_speechbrain/speechbrain-develop-main/outputs/embeddings_ECAPA/test/03-01-08-02-01-02-21.npy,96
01-08-02-01-02-22,03-01-08-02-01-02-22,03-01-08-02-01-02-22,data/raw/ravdess/audio_speech/Audio_Speech_Actors_01-24/Actor_22/03-01-08-02-01-02-22.wav,22,test,08,7,surprise,02,01,02,4,angry,0.118213,0.103992,0.14558,0.06275,0.166858,0.123703,0.112994,0.165909,/home/tonyhe/ravdess_avfusion/external/audio_ser_speechbrain/speechbrain-develop-main/outputs/embeddings_ECAPA/test/03-01-08-02-01-02-22.npy,96
01-08-02-01-02-23,03-01-08-02-01-02-23,03-01-08-02-01-02-23,data/raw/ravdess/audio_speech/Audio_Speech_Actors_01-24/Actor_23/03-01-08-02-01-02-23.wav,23,test,08,7,surprise,02,01,02,7,surprise,0.109432,0.12401,0.142236,0.113402,0.145191,0.087984,0.074452,0.203293,/home/tonyhe/ravdess_avfusion/external/audio_ser_speechbrain/speechbrain-develop-main/outputs/embeddings_ECAPA/test/03-01-08-02-01-02-23.npy,96
01-08-02-01-02-24,03-01-08-02-01-02-24,03-01-08-02-01-02-24,data/raw/ravdess/audio_speech/Audio_Speech_Actors_01-24/Actor_24/03-01-08-02-01-02-24.wav,24,test,08,7,surprise,02,01,02,7,surprise,0.074753,0.080126,0.091747,0.098011,0.159418,0.111,0.182712,0.202233,/home/tonyhe/ravdess_avfusion/external/audio_ser_speechbrain/speechbrain-develop-main/outputs/embeddings_ECAPA/test/03-01-08-02-01-02-24.npy,96
01-08-02-02-01-21,03-01-08-02-02-01-21,03-01-08-02-02-01-21,data/raw/ravdess/audio_speech/Audio_Speech_Actors_01-24/Actor_21/03-01-08-02-02-01-21.wav,21,test,08,7,surprise,02,02,01,7,surprise,0.106026,0.065826,0.122949,0.117342,0.130305,0.092163,0.157853,0.207536,/home/tonyhe/ravdess_avfusion/external/audio_ser_speechbrain/speechbrain-develop-main/outputs/embeddings_ECAPA/test/03-01-08-02-02-01-21.npy,96
01-08-02-02-01-22,03-01-08-02-02-01-22,03-01-08-02-02-01-22,data/raw/ravdess/audio_speech/Audio_Speech_Actors_01-24/Actor_22/03-01-08-02-02-01-22.wav,22,test,08,7,surprise,02,02,01,7,surprise,0.104742,0.088069,0.115528,0.074297,0.183542,0.087472,0.158722,0.187628,/home/tonyhe/ravdess_avfusion/external/audio_ser_speechbrain/speechbrain-develop-main/outputs/embeddings_ECAPA/test/03-01-08-02-02-01-22.npy,96
01-08-02-02-01-23,03-01-08-02-02-01-23,03-01-08-02-02-01-23,data/raw/ravdess/audio_speech/Audio_Speech_Actors_01-24/Actor_23/03-01-08-02-02-01-23.wav,23,test,08,7,surprise,02,02,01,7,surprise,0.11151,0.144801,0.118097,0.138707,0.130326,0.107199,0.063529,0.18583,/home/tonyhe/ravdess_avfusion/external/audio_ser_speechbrain/speechbrain-develop-main/outputs/embeddings_ECAPA/test/03-01-08-02-02-01-23.npy,96
01-08-02-02-01-24,03-01-08-02-02-01-24,03-01-08-02-02-01-24,data/raw/ravdess/audio_speech/Audio_Speech_Actors_01-24/Actor_24/03-01-08-02-02-01-24.wav,24,test,08,7,surprise,02,02,01,6,disgust,0.079572,0.086751,0.083826,0.116095,0.097091,0.157432,0.214843,0.16439,/home/tonyhe/ravdess_avfusion/external/audio_ser_speechbrain/speechbrain-develop-main/outputs/embeddings_ECAPA/test/03-01-08-02-02-01-24.npy,96
01-08-02-02-02-21,03-01-08-02-02-02-21,03-01-08-02-02-02-21,data/raw/ravdess/audio_speech/Audio_Speech_Actors_01-24/Actor_21/03-01-08-02-02-02-21.wav,21,test,08,7,surprise,02,02,02,7,surprise,0.090378,0.070791,0.112361,0.154698,0.145694,0.11855,0.150612,0.156915,/home/tonyhe/ravdess_avfusion/external/audio_ser_speechbrain/speechbrain-develop-main/outputs/embeddings_ECAPA/test/03-01-08-02-02-02-21.npy,96
01-08-02-02-02-22,03-01-08-02-02-02-22,03-01-08-02-02-02-22,data/raw/ravdess/audio_speech/Audio_Speech_Actors_01-24/Actor_22/03-01-08-02-02-02-22.wav,22,test,08,7,surprise,02,02,02,4,angry,0.107948,0.079241,0.09701,0.089247,0.201388,0.092599,0.141474,0.191093,/home/tonyhe/ravdess_avfusion/external/audio_ser_speechbrain/speechbrain-develop-main/outputs/embeddings_ECAPA/test/03-01-08-02-02-02-22.npy,96
01-08-02-02-02-23,03-01-08-02-02-02-23,03-01-08-02-02-02-23,data/raw/ravdess/audio_speech/Audio_Speech_Actors_01-24/Actor_23/03-01-08-02-02-02-23.wav,23,test,08,7,surprise,02,02,02,7,surprise,0.108252,0.119341,0.118802,0.101935,0.125664,0.109026,0.080846,0.236135,/home/tonyhe/ravdess_avfusion/external/audio_ser_speechbrain/speechbrain-develop-main/outputs/embeddings_ECAPA/test/03-01-08-02-02-02-23.npy,96
01-08-02-02-02-24,03-01-08-02-02-02-24,03-01-08-02-02-02-24,data/raw/ravdess/audio_speech/Audio_Speech_Actors_01-24/Actor_24/03-01-08-02-02-02-24.wav,24,test,08,7,surprise,02,02,02,6,disgust,0.10016,0.066377,0.110659,0.147489,0.091367,0.114244,0.227111,0.142592,/home/tonyhe/ravdess_avfusion/external/audio_ser_speechbrain/speechbrain-develop-main/outputs/embeddings_ECAPA/test/03-01-08-02-02-02-24.npy,96
