video_id,sequence_path,num_frames,feature_dim,label_id,label_name,actor
01-01-01-01-01-01-01,D:\Ravdess\fusion_pack_5f\sequences\01-01-01-01-01-01-01.npy,5,2048,0,neutral,1
01-01-01-01-01-01-02,D:\Ravdess\fusion_pack_5f\sequences\01-01-01-01-01-01-02.npy,5,2048,0,neutral,2
01-01-01-01-01-01-03,D:\Ravdess\fusion_pack_5f\sequences\01-01-01-01-01-01-03.npy,5,2048,0,neutral,3
01-01-01-01-01-01-04,D:\Ravdess\fusion_pack_5f\sequences\01-01-01-01-01-01-04.npy,5,2048,0,neutral,4
01-01-01-01-01-01-05,D:\Ravdess\fusion_pack_5f\sequences\01-01-01-01-01-01-05.npy,5,2048,0,neutral,5
01-01-01-01-01-01-06,D:\Ravdess\fusion_pack_5f\sequences\01-01-01-01-01-01-06.npy,5,2048,0,neutral,6
01-01-01-01-01-01-07,D:\Ravdess\fusion_pack_5f\sequences\01-01-01-01-01-01-07.npy,5,2048,0,neutral,7
01-01-01-01-01-01-08,D:\Ravdess\fusion_pack_5f\sequences\01-01-01-01-01-01-08.npy,5,2048,0,neutral,8
01-01-01-01-01-01-09,D:\Ravdess\fusion_pack_5f\sequences\01-01-01-01-01-01-09.npy,5,2048,0,neutral,9
01-01-01-01-01-01-10,D:\Ravdess\fusion_pack_5f\sequences\01-01-01-01-01-01-10.npy,5,2048,0,neutral,10
01-01-01-01-01-01-11,D:\Ravdess\fusion_pack_5f\sequences\01-01-01-01-01-01-11.npy,5,2048,0,neutral,11
01-01-01-01-01-01-12,D:\Ravdess\fusion_pack_5f\sequences\01-01-01-01-01-01-12.npy,5,2048,0,neutral,12
01-01-01-01-01-01-13,D:\Ravdess\fusion_pack_5f\sequences\01-01-01-01-01-01-13.npy,5,2048,0,neutral,13
01-01-01-01-01-01-14,D:\Ravdess\fusion_pack_5f\sequences\01-01-01-01-01-01-14.npy,5,2048,0,neutral,14
01-01-01-01-01-01-16,D:\Ravdess\fusion_pack_5f\sequences\01-01-01-01-01-01-16.npy,5,2048,0,neutral,16
01-01-01-01-01-01-17,D:\Ravdess\fusion_pack_5f\sequences\01-01-01-01-01-01-17.npy,5,2048,0,neutral,17
01-01-01-01-01-01-18,D:\Ravdess\fusion_pack_5f\sequences\01-01-01-01-01-01-18.npy,5,2048,0,neutral,18
01-01-01-01-01-01-19,D:\Ravdess\fusion_pack_5f\sequences\01-01-01-01-01-01-19.npy,5,2048,0,neutral,19
01-01-01-01-01-01-20,D:\Ravdess\fusion_pack_5f\sequences\01-01-01-01-01-01-20.npy,5,2048,0,neutral,20
01-01-01-01-01-01-21,D:\Ravdess\fusion_pack_5f\sequences\01-01-01-01-01-01-21.npy,5,2048,0,neutral,21
01-01-01-01-01-01-22,D:\Ravdess\fusion_pack_5f\sequences\01-01-01-01-01-01-22.npy,5,2048,0,neutral,22
01-01-01-01-01-01-23,D:\Ravdess\fusion_pack_5f\sequences\01-01-01-01-01-01-23.npy,5,2048,0,neutral,23
01-01-01-01-01-01-24,D:\Ravdess\fusion_pack_5f\sequences\01-01-01-01-01-01-24.npy,5,2048,0,neutral,24
01-01-01-01-01-02-01,D:\Ravdess\fusion_pack_5f\sequences\01-01-01-01-01-02-01.npy,5,2048,0,neutral,1
01-01-01-01-01-02-02,D:\Ravdess\fusion_pack_5f\sequences\01-01-01-01-01-02-02.npy,5,2048,0,neutral,2
01-01-01-01-01-02-03,D:\Ravdess\fusion_pack_5f\sequences\01-01-01-01-01-02-03.npy,5,2048,0,neutral,3
01-01-01-01-01-02-04,D:\Ravdess\fusion_pack_5f\sequences\01-01-01-01-01-02-04.npy,5,2048,0,neutral,4
01-01-01-01-01-02-05,D:\Ravdess\fusion_pack_5f\sequences\01-01-01-01-01-02-05.npy,5,2048,0,neutral,5
01-01-01-01-01-02-06,D:\Ravdess\fusion_pack_5f\sequences\01-01-01-01-01-02-06.npy,5,2048,0,neutral,6
01-01-01-01-01-02-07,D:\Ravdess\fusion_pack_5f\sequences\01-01-01-01-01-02-07.npy,5,2048,0,neutral,7
01-01-01-01-01-02-08,D:\Ravdess\fusion_pack_5f\sequences\01-01-01-01-01-02-08.npy,5,2048,0,neutral,8
01-01-01-01-01-02-09,D:\Ravdess\fusion_pack_5f\sequences\01-01-01-01-01-02-09.npy,5,2048,0,neutral,9
01-01-01-01-01-02-10,D:\Ravdess\fusion_pack_5f\sequences\01-01-01-01-01-02-10.npy,5,2048,0,neutral,10
01-01-01-01-01-02-11,D:\Ravdess\fusion_pack_5f\sequences\01-01-01-01-01-02-11.npy,5,2048,0,neutral,11
01-01-01-01-01-02-12,D:\Ravdess\fusion_pack_5f\sequences\01-01-01-01-01-02-12.npy,5,2048,0,neutral,12
01-01-01-01-01-02-13,D:\Ravdess\fusion_pack_5f\sequences\01-01-01-01-01-02-13.npy,5,2048,0,neutral,13
01-01-01-01-01-02-14,D:\Ravdess\fusion_pack_5f\sequences\01-01-01-01-01-02-14.npy,5,2048,0,neutral,14
01-01-01-01-01-02-16,D:\Ravdess\fusion_pack_5f\sequences\01-01-01-01-01-02-16.npy,5,2048,0,neutral,16
01-01-01-01-01-02-17,D:\Ravdess\fusion_pack_5f\sequences\01-01-01-01-01-02-17.npy,5,2048,0,neutral,17
01-01-01-01-01-02-18,D:\Ravdess\fusion_pack_5f\sequences\01-01-01-01-01-02-18.npy,5,2048,0,neutral,18
01-01-01-01-01-02-19,D:\Ravdess\fusion_pack_5f\sequences\01-01-01-01-01-02-19.npy,5,2048,0,neutral,19
01-01-01-01-01-02-20,D:\Ravdess\fusion_pack_5f\sequences\01-01-01-01-01-02-20.npy,5,2048,0,neutral,20
01-01-01-01-01-02-21,D:\Ravdess\fusion_pack_5f\sequences\01-01-01-01-01-02-21.npy,5,2048,0,neutral,21
01-01-01-01-01-02-22,D:\Ravdess\fusion_pack_5f\sequences\01-01-01-01-01-02-22.npy,5,2048,0,neutral,22
01-01-01-01-01-02-23,D:\Ravdess\fusion_pack_5f\sequences\01-01-01-01-01-02-23.npy,5,2048,0,neutral,23
01-01-01-01-01-02-24,D:\Ravdess\fusion_pack_5f\sequences\01-01-01-01-01-02-24.npy,5,2048,0,neutral,24
01-01-01-01-02-01-01,D:\Ravdess\fusion_pack_5f\sequences\01-01-01-01-02-01-01.npy,5,2048,0,neutral,1
01-01-01-01-02-01-02,D:\Ravdess\fusion_pack_5f\sequences\01-01-01-01-02-01-02.npy,5,2048,0,neutral,2
01-01-01-01-02-01-03,D:\Ravdess\fusion_pack_5f\sequences\01-01-01-01-02-01-03.npy,5,2048,0,neutral,3
01-01-01-01-02-01-04,D:\Ravdess\fusion_pack_5f\sequences\01-01-01-01-02-01-04.npy,5,2048,0,neutral,4
01-01-01-01-02-01-05,D:\Ravdess\fusion_pack_5f\sequences\01-01-01-01-02-01-05.npy,5,2048,0,neutral,5
01-01-01-01-02-01-06,D:\Ravdess\fusion_pack_5f\sequences\01-01-01-01-02-01-06.npy,5,2048,0,neutral,6
01-01-01-01-02-01-07,D:\Ravdess\fusion_pack_5f\sequences\01-01-01-01-02-01-07.npy,5,2048,0,neutral,7
01-01-01-01-02-01-08,D:\Ravdess\fusion_pack_5f\sequences\01-01-01-01-02-01-08.npy,5,2048,0,neutral,8
01-01-01-01-02-01-09,D:\Ravdess\fusion_pack_5f\sequences\01-01-01-01-02-01-09.npy,5,2048,0,neutral,9
01-01-01-01-02-01-10,D:\Ravdess\fusion_pack_5f\sequences\01-01-01-01-02-01-10.npy,5,2048,0,neutral,10
01-01-01-01-02-01-11,D:\Ravdess\fusion_pack_5f\sequences\01-01-01-01-02-01-11.npy,5,2048,0,neutral,11
01-01-01-01-02-01-12,D:\Ravdess\fusion_pack_5f\sequences\01-01-01-01-02-01-12.npy,5,2048,0,neutral,12
01-01-01-01-02-01-13,D:\Ravdess\fusion_pack_5f\sequences\01-01-01-01-02-01-13.npy,5,2048,0,neutral,13
01-01-01-01-02-01-14,D:\Ravdess\fusion_pack_5f\sequences\01-01-01-01-02-01-14.npy,5,2048,0,neutral,14
01-01-01-01-02-01-16,D:\Ravdess\fusion_pack_5f\sequences\01-01-01-01-02-01-16.npy,5,2048,0,neutral,16
01-01-01-01-02-01-17,D:\Ravdess\fusion_pack_5f\sequences\01-01-01-01-02-01-17.npy,5,2048,0,neutral,17
01-01-01-01-02-01-18,D:\Ravdess\fusion_pack_5f\sequences\01-01-01-01-02-01-18.npy,5,2048,0,neutral,18
01-01-01-01-02-01-19,D:\Ravdess\fusion_pack_5f\sequences\01-01-01-01-02-01-19.npy,5,2048,0,neutral,19
01-01-01-01-02-01-20,D:\Ravdess\fusion_pack_5f\sequences\01-01-01-01-02-01-20.npy,5,2048,0,neutral,20
01-01-01-01-02-01-21,D:\Ravdess\fusion_pack_5f\sequences\01-01-01-01-02-01-21.npy,5,2048,0,neutral,21
01-01-01-01-02-01-22,D:\Ravdess\fusion_pack_5f\sequences\01-01-01-01-02-01-22.npy,5,2048,0,neutral,22
01-01-01-01-02-01-23,D:\Ravdess\fusion_pack_5f\sequences\01-01-01-01-02-01-23.npy,5,2048,0,neutral,23
01-01-01-01-02-01-24,D:\Ravdess\fusion_pack_5f\sequences\01-01-01-01-02-01-24.npy,5,2048,0,neutral,24
01-01-01-01-02-02-01,D:\Ravdess\fusion_pack_5f\sequences\01-01-01-01-02-02-01.npy,5,2048,0,neutral,1
01-01-01-01-02-02-02,D:\Ravdess\fusion_pack_5f\sequences\01-01-01-01-02-02-02.npy,5,2048,0,neutral,2
01-01-01-01-02-02-03,D:\Ravdess\fusion_pack_5f\sequences\01-01-01-01-02-02-03.npy,5,2048,0,neutral,3
01-01-01-01-02-02-04,D:\Ravdess\fusion_pack_5f\sequences\01-01-01-01-02-02-04.npy,5,2048,0,neutral,4
01-01-01-01-02-02-05,D:\Ravdess\fusion_pack_5f\sequences\01-01-01-01-02-02-05.npy,5,2048,0,neutral,5
01-01-01-01-02-02-06,D:\Ravdess\fusion_pack_5f\sequences\01-01-01-01-02-02-06.npy,5,2048,0,neutral,6
01-01-01-01-02-02-07,D:\Ravdess\fusion_pack_5f\sequences\01-01-01-01-02-02-07.npy,5,2048,0,neutral,7
01-01-01-01-02-02-08,D:\Ravdess\fusion_pack_5f\sequences\01-01-01-01-02-02-08.npy,5,2048,0,neutral,8
01-01-01-01-02-02-09,D:\Ravdess\fusion_pack_5f\sequences\01-01-01-01-02-02-09.npy,5,2048,0,neutral,9
01-01-01-01-02-02-10,D:\Ravdess\fusion_pack_5f\sequences\01-01-01-01-02-02-10.npy,5,2048,0,neutral,10
01-01-01-01-02-02-11,D:\Ravdess\fusion_pack_5f\sequences\01-01-01-01-02-02-11.npy,5,2048,0,neutral,11
01-01-01-01-02-02-12,D:\Ravdess\fusion_pack_5f\sequences\01-01-01-01-02-02-12.npy,5,2048,0,neutral,12
01-01-01-01-02-02-13,D:\Ravdess\fusion_pack_5f\sequences\01-01-01-01-02-02-13.npy,5,2048,0,neutral,13
01-01-01-01-02-02-14,D:\Ravdess\fusion_pack_5f\sequences\01-01-01-01-02-02-14.npy,5,2048,0,neutral,14
01-01-01-01-02-02-16,D:\Ravdess\fusion_pack_5f\sequences\01-01-01-01-02-02-16.npy,5,2048,0,neutral,16
01-01-01-01-02-02-17,D:\Ravdess\fusion_pack_5f\sequences\01-01-01-01-02-02-17.npy,5,2048,0,neutral,17
01-01-01-01-02-02-18,D:\Ravdess\fusion_pack_5f\sequences\01-01-01-01-02-02-18.npy,5,2048,0,neutral,18
01-01-01-01-02-02-19,D:\Ravdess\fusion_pack_5f\sequences\01-01-01-01-02-02-19.npy,5,2048,0,neutral,19
01-01-01-01-02-02-20,D:\Ravdess\fusion_pack_5f\sequences\01-01-01-01-02-02-20.npy,5,2048,0,neutral,20
01-01-01-01-02-02-21,D:\Ravdess\fusion_pack_5f\sequences\01-01-01-01-02-02-21.npy,5,2048,0,neutral,21
01-01-01-01-02-02-22,D:\Ravdess\fusion_pack_5f\sequences\01-01-01-01-02-02-22.npy,5,2048,0,neutral,22
01-01-01-01-02-02-23,D:\Ravdess\fusion_pack_5f\sequences\01-01-01-01-02-02-23.npy,5,2048,0,neutral,23
01-01-01-01-02-02-24,D:\Ravdess\fusion_pack_5f\sequences\01-01-01-01-02-02-24.npy,5,2048,0,neutral,24
01-01-02-01-01-01-01,D:\Ravdess\fusion_pack_5f\sequences\01-01-02-01-01-01-01.npy,5,2048,1,calm,1
01-01-02-01-01-01-02,D:\Ravdess\fusion_pack_5f\sequences\01-01-02-01-01-01-02.npy,5,2048,1,calm,2
01-01-02-01-01-01-03,D:\Ravdess\fusion_pack_5f\sequences\01-01-02-01-01-01-03.npy,5,2048,1,calm,3
01-01-02-01-01-01-04,D:\Ravdess\fusion_pack_5f\sequences\01-01-02-01-01-01-04.npy,5,2048,1,calm,4
01-01-02-01-01-01-05,D:\Ravdess\fusion_pack_5f\sequences\01-01-02-01-01-01-05.npy,5,2048,1,calm,5
01-01-02-01-01-01-06,D:\Ravdess\fusion_pack_5f\sequences\01-01-02-01-01-01-06.npy,5,2048,1,calm,6
01-01-02-01-01-01-07,D:\Ravdess\fusion_pack_5f\sequences\01-01-02-01-01-01-07.npy,5,2048,1,calm,7
01-01-02-01-01-01-08,D:\Ravdess\fusion_pack_5f\sequences\01-01-02-01-01-01-08.npy,5,2048,1,calm,8
01-01-02-01-01-01-09,D:\Ravdess\fusion_pack_5f\sequences\01-01-02-01-01-01-09.npy,5,2048,1,calm,9
01-01-02-01-01-01-10,D:\Ravdess\fusion_pack_5f\sequences\01-01-02-01-01-01-10.npy,5,2048,1,calm,10
01-01-02-01-01-01-11,D:\Ravdess\fusion_pack_5f\sequences\01-01-02-01-01-01-11.npy,5,2048,1,calm,11
01-01-02-01-01-01-12,D:\Ravdess\fusion_pack_5f\sequences\01-01-02-01-01-01-12.npy,5,2048,1,calm,12
01-01-02-01-01-01-13,D:\Ravdess\fusion_pack_5f\sequences\01-01-02-01-01-01-13.npy,5,2048,1,calm,13
01-01-02-01-01-01-14,D:\Ravdess\fusion_pack_5f\sequences\01-01-02-01-01-01-14.npy,5,2048,1,calm,14
01-01-02-01-01-01-16,D:\Ravdess\fusion_pack_5f\sequences\01-01-02-01-01-01-16.npy,5,2048,1,calm,16
01-01-02-01-01-01-17,D:\Ravdess\fusion_pack_5f\sequences\01-01-02-01-01-01-17.npy,5,2048,1,calm,17
01-01-02-01-01-01-18,D:\Ravdess\fusion_pack_5f\sequences\01-01-02-01-01-01-18.npy,5,2048,1,calm,18
01-01-02-01-01-01-19,D:\Ravdess\fusion_pack_5f\sequences\01-01-02-01-01-01-19.npy,5,2048,1,calm,19
01-01-02-01-01-01-20,D:\Ravdess\fusion_pack_5f\sequences\01-01-02-01-01-01-20.npy,5,2048,1,calm,20
01-01-02-01-01-01-21,D:\Ravdess\fusion_pack_5f\sequences\01-01-02-01-01-01-21.npy,5,2048,1,calm,21
01-01-02-01-01-01-22,D:\Ravdess\fusion_pack_5f\sequences\01-01-02-01-01-01-22.npy,5,2048,1,calm,22
01-01-02-01-01-01-23,D:\Ravdess\fusion_pack_5f\sequences\01-01-02-01-01-01-23.npy,5,2048,1,calm,23
01-01-02-01-01-01-24,D:\Ravdess\fusion_pack_5f\sequences\01-01-02-01-01-01-24.npy,5,2048,1,calm,24
01-01-02-01-01-02-01,D:\Ravdess\fusion_pack_5f\sequences\01-01-02-01-01-02-01.npy,5,2048,1,calm,1
01-01-02-01-01-02-02,D:\Ravdess\fusion_pack_5f\sequences\01-01-02-01-01-02-02.npy,5,2048,1,calm,2
01-01-02-01-01-02-03,D:\Ravdess\fusion_pack_5f\sequences\01-01-02-01-01-02-03.npy,5,2048,1,calm,3
01-01-02-01-01-02-04,D:\Ravdess\fusion_pack_5f\sequences\01-01-02-01-01-02-04.npy,5,2048,1,calm,4
01-01-02-01-01-02-05,D:\Ravdess\fusion_pack_5f\sequences\01-01-02-01-01-02-05.npy,5,2048,1,calm,5
01-01-02-01-01-02-06,D:\Ravdess\fusion_pack_5f\sequences\01-01-02-01-01-02-06.npy,5,2048,1,calm,6
01-01-02-01-01-02-07,D:\Ravdess\fusion_pack_5f\sequences\01-01-02-01-01-02-07.npy,5,2048,1,calm,7
01-01-02-01-01-02-08,D:\Ravdess\fusion_pack_5f\sequences\01-01-02-01-01-02-08.npy,5,2048,1,calm,8
01-01-02-01-01-02-09,D:\Ravdess\fusion_pack_5f\sequences\01-01-02-01-01-02-09.npy,5,2048,1,calm,9
01-01-02-01-01-02-10,D:\Ravdess\fusion_pack_5f\sequences\01-01-02-01-01-02-10.npy,5,2048,1,calm,10
01-01-02-01-01-02-11,D:\Ravdess\fusion_pack_5f\sequences\01-01-02-01-01-02-11.npy,5,2048,1,calm,11
01-01-02-01-01-02-12,D:\Ravdess\fusion_pack_5f\sequences\01-01-02-01-01-02-12.npy,5,2048,1,calm,12
01-01-02-01-01-02-13,D:\Ravdess\fusion_pack_5f\sequences\01-01-02-01-01-02-13.npy,5,2048,1,calm,13
01-01-02-01-01-02-14,D:\Ravdess\fusion_pack_5f\sequences\01-01-02-01-01-02-14.npy,5,2048,1,calm,14
01-01-02-01-01-02-16,D:\Ravdess\fusion_pack_5f\sequences\01-01-02-01-01-02-16.npy,5,2048,1,calm,16
01-01-02-01-01-02-17,D:\Ravdess\fusion_pack_5f\sequences\01-01-02-01-01-02-17.npy,5,2048,1,calm,17
01-01-02-01-01-02-18,D:\Ravdess\fusion_pack_5f\sequences\01-01-02-01-01-02-18.npy,5,2048,1,calm,18
01-01-02-01-01-02-19,D:\Ravdess\fusion_pack_5f\sequences\01-01-02-01-01-02-19.npy,5,2048,1,calm,19
01-01-02-01-01-02-20,D:\Ravdess\fusion_pack_5f\sequences\01-01-02-01-01-02-20.npy,5,2048,1,calm,20
01-01-02-01-01-02-21,D:\Ravdess\fusion_pack_5f\sequences\01-01-02-01-01-02-21.npy,5,2048,1,calm,21
01-01-02-01-01-02-22,D:\Ravdess\fusion_pack_5f\sequences\01-01-02-01-01-02-22.npy,5,2048,1,calm,22
01-01-02-01-01-02-23,D:\Ravdess\fusion_pack_5f\sequences\01-01-02-01-01-02-23.npy,5,2048,1,calm,23
01-01-02-01-01-02-24,D:\Ravdess\fusion_pack_5f\sequences\01-01-02-01-01-02-24.npy,5,2048,1,calm,24
01-01-02-01-02-01-01,D:\Ravdess\fusion_pack_5f\sequences\01-01-02-01-02-01-01.npy,5,2048,1,calm,1
01-01-02-01-02-01-02,D:\Ravdess\fusion_pack_5f\sequences\01-01-02-01-02-01-02.npy,5,2048,1,calm,2
01-01-02-01-02-01-03,D:\Ravdess\fusion_pack_5f\sequences\01-01-02-01-02-01-03.npy,5,2048,1,calm,3
01-01-02-01-02-01-04,D:\Ravdess\fusion_pack_5f\sequences\01-01-02-01-02-01-04.npy,5,2048,1,calm,4
01-01-02-01-02-01-05,D:\Ravdess\fusion_pack_5f\sequences\01-01-02-01-02-01-05.npy,5,2048,1,calm,5
01-01-02-01-02-01-06,D:\Ravdess\fusion_pack_5f\sequences\01-01-02-01-02-01-06.npy,5,2048,1,calm,6
01-01-02-01-02-01-07,D:\Ravdess\fusion_pack_5f\sequences\01-01-02-01-02-01-07.npy,5,2048,1,calm,7
01-01-02-01-02-01-08,D:\Ravdess\fusion_pack_5f\sequences\01-01-02-01-02-01-08.npy,5,2048,1,calm,8
01-01-02-01-02-01-09,D:\Ravdess\fusion_pack_5f\sequences\01-01-02-01-02-01-09.npy,5,2048,1,calm,9
01-01-02-01-02-01-10,D:\Ravdess\fusion_pack_5f\sequences\01-01-02-01-02-01-10.npy,5,2048,1,calm,10
01-01-02-01-02-01-11,D:\Ravdess\fusion_pack_5f\sequences\01-01-02-01-02-01-11.npy,5,2048,1,calm,11
01-01-02-01-02-01-12,D:\Ravdess\fusion_pack_5f\sequences\01-01-02-01-02-01-12.npy,5,2048,1,calm,12
01-01-02-01-02-01-13,D:\Ravdess\fusion_pack_5f\sequences\01-01-02-01-02-01-13.npy,5,2048,1,calm,13
01-01-02-01-02-01-14,D:\Ravdess\fusion_pack_5f\sequences\01-01-02-01-02-01-14.npy,5,2048,1,calm,14
01-01-02-01-02-01-16,D:\Ravdess\fusion_pack_5f\sequences\01-01-02-01-02-01-16.npy,5,2048,1,calm,16
01-01-02-01-02-01-17,D:\Ravdess\fusion_pack_5f\sequences\01-01-02-01-02-01-17.npy,5,2048,1,calm,17
01-01-02-01-02-01-18,D:\Ravdess\fusion_pack_5f\sequences\01-01-02-01-02-01-18.npy,5,2048,1,calm,18
01-01-02-01-02-01-19,D:\Ravdess\fusion_pack_5f\sequences\01-01-02-01-02-01-19.npy,5,2048,1,calm,19
01-01-02-01-02-01-20,D:\Ravdess\fusion_pack_5f\sequences\01-01-02-01-02-01-20.npy,5,2048,1,calm,20
01-01-02-01-02-01-21,D:\Ravdess\fusion_pack_5f\sequences\01-01-02-01-02-01-21.npy,5,2048,1,calm,21
01-01-02-01-02-01-22,D:\Ravdess\fusion_pack_5f\sequences\01-01-02-01-02-01-22.npy,5,2048,1,calm,22
01-01-02-01-02-01-23,D:\Ravdess\fusion_pack_5f\sequences\01-01-02-01-02-01-23.npy,5,2048,1,calm,23
01-01-02-01-02-01-24,D:\Ravdess\fusion_pack_5f\sequences\01-01-02-01-02-01-24.npy,5,2048,1,calm,24
01-01-02-01-02-02-01,D:\Ravdess\fusion_pack_5f\sequences\01-01-02-01-02-02-01.npy,5,2048,1,calm,1
01-01-02-01-02-02-02,D:\Ravdess\fusion_pack_5f\sequences\01-01-02-01-02-02-02.npy,5,2048,1,calm,2
01-01-02-01-02-02-03,D:\Ravdess\fusion_pack_5f\sequences\01-01-02-01-02-02-03.npy,5,2048,1,calm,3
01-01-02-01-02-02-04,D:\Ravdess\fusion_pack_5f\sequences\01-01-02-01-02-02-04.npy,5,2048,1,calm,4
01-01-02-01-02-02-05,D:\Ravdess\fusion_pack_5f\sequences\01-01-02-01-02-02-05.npy,5,2048,1,calm,5
01-01-02-01-02-02-06,D:\Ravdess\fusion_pack_5f\sequences\01-01-02-01-02-02-06.npy,5,2048,1,calm,6
01-01-02-01-02-02-07,D:\Ravdess\fusion_pack_5f\sequences\01-01-02-01-02-02-07.npy,5,2048,1,calm,7
01-01-02-01-02-02-08,D:\Ravdess\fusion_pack_5f\sequences\01-01-02-01-02-02-08.npy,5,2048,1,calm,8
01-01-02-01-02-02-09,D:\Ravdess\fusion_pack_5f\sequences\01-01-02-01-02-02-09.npy,5,2048,1,calm,9
01-01-02-01-02-02-10,D:\Ravdess\fusion_pack_5f\sequences\01-01-02-01-02-02-10.npy,5,2048,1,calm,10
01-01-02-01-02-02-11,D:\Ravdess\fusion_pack_5f\sequences\01-01-02-01-02-02-11.npy,5,2048,1,calm,11
01-01-02-01-02-02-12,D:\Ravdess\fusion_pack_5f\sequences\01-01-02-01-02-02-12.npy,5,2048,1,calm,12
01-01-02-01-02-02-13,D:\Ravdess\fusion_pack_5f\sequences\01-01-02-01-02-02-13.npy,5,2048,1,calm,13
01-01-02-01-02-02-14,D:\Ravdess\fusion_pack_5f\sequences\01-01-02-01-02-02-14.npy,5,2048,1,calm,14
01-01-02-01-02-02-16,D:\Ravdess\fusion_pack_5f\sequences\01-01-02-01-02-02-16.npy,5,2048,1,calm,16
01-01-02-01-02-02-17,D:\Ravdess\fusion_pack_5f\sequences\01-01-02-01-02-02-17.npy,5,2048,1,calm,17
01-01-02-01-02-02-18,D:\Ravdess\fusion_pack_5f\sequences\01-01-02-01-02-02-18.npy,5,2048,1,calm,18
01-01-02-01-02-02-19,D:\Ravdess\fusion_pack_5f\sequences\01-01-02-01-02-02-19.npy,5,2048,1,calm,19
01-01-02-01-02-02-20,D:\Ravdess\fusion_pack_5f\sequences\01-01-02-01-02-02-20.npy,5,2048,1,calm,20
01-01-02-01-02-02-21,D:\Ravdess\fusion_pack_5f\sequences\01-01-02-01-02-02-21.npy,5,2048,1,calm,21
01-01-02-01-02-02-22,D:\Ravdess\fusion_pack_5f\sequences\01-01-02-01-02-02-22.npy,5,2048,1,calm,22
01-01-02-01-02-02-23,D:\Ravdess\fusion_pack_5f\sequences\01-01-02-01-02-02-23.npy,5,2048,1,calm,23
01-01-02-01-02-02-24,D:\Ravdess\fusion_pack_5f\sequences\01-01-02-01-02-02-24.npy,5,2048,1,calm,24
01-01-02-02-01-01-01,D:\Ravdess\fusion_pack_5f\sequences\01-01-02-02-01-01-01.npy,5,2048,1,calm,1
01-01-02-02-01-01-02,D:\Ravdess\fusion_pack_5f\sequences\01-01-02-02-01-01-02.npy,5,2048,1,calm,2
01-01-02-02-01-01-03,D:\Ravdess\fusion_pack_5f\sequences\01-01-02-02-01-01-03.npy,5,2048,1,calm,3
01-01-02-02-01-01-04,D:\Ravdess\fusion_pack_5f\sequences\01-01-02-02-01-01-04.npy,5,2048,1,calm,4
01-01-02-02-01-01-05,D:\Ravdess\fusion_pack_5f\sequences\01-01-02-02-01-01-05.npy,5,2048,1,calm,5
01-01-02-02-01-01-06,D:\Ravdess\fusion_pack_5f\sequences\01-01-02-02-01-01-06.npy,5,2048,1,calm,6
01-01-02-02-01-01-07,D:\Ravdess\fusion_pack_5f\sequences\01-01-02-02-01-01-07.npy,5,2048,1,calm,7
01-01-02-02-01-01-08,D:\Ravdess\fusion_pack_5f\sequences\01-01-02-02-01-01-08.npy,5,2048,1,calm,8
01-01-02-02-01-01-09,D:\Ravdess\fusion_pack_5f\sequences\01-01-02-02-01-01-09.npy,5,2048,1,calm,9
01-01-02-02-01-01-10,D:\Ravdess\fusion_pack_5f\sequences\01-01-02-02-01-01-10.npy,5,2048,1,calm,10
01-01-02-02-01-01-11,D:\Ravdess\fusion_pack_5f\sequences\01-01-02-02-01-01-11.npy,5,2048,1,calm,11
01-01-02-02-01-01-12,D:\Ravdess\fusion_pack_5f\sequences\01-01-02-02-01-01-12.npy,5,2048,1,calm,12
01-01-02-02-01-01-13,D:\Ravdess\fusion_pack_5f\sequences\01-01-02-02-01-01-13.npy,5,2048,1,calm,13
01-01-02-02-01-01-14,D:\Ravdess\fusion_pack_5f\sequences\01-01-02-02-01-01-14.npy,5,2048,1,calm,14
01-01-02-02-01-01-16,D:\Ravdess\fusion_pack_5f\sequences\01-01-02-02-01-01-16.npy,5,2048,1,calm,16
01-01-02-02-01-01-17,D:\Ravdess\fusion_pack_5f\sequences\01-01-02-02-01-01-17.npy,5,2048,1,calm,17
01-01-02-02-01-01-18,D:\Ravdess\fusion_pack_5f\sequences\01-01-02-02-01-01-18.npy,5,2048,1,calm,18
01-01-02-02-01-01-19,D:\Ravdess\fusion_pack_5f\sequences\01-01-02-02-01-01-19.npy,5,2048,1,calm,19
01-01-02-02-01-01-20,D:\Ravdess\fusion_pack_5f\sequences\01-01-02-02-01-01-20.npy,5,2048,1,calm,20
01-01-02-02-01-01-21,D:\Ravdess\fusion_pack_5f\sequences\01-01-02-02-01-01-21.npy,5,2048,1,calm,21
01-01-02-02-01-01-22,D:\Ravdess\fusion_pack_5f\sequences\01-01-02-02-01-01-22.npy,5,2048,1,calm,22
01-01-02-02-01-01-23,D:\Ravdess\fusion_pack_5f\sequences\01-01-02-02-01-01-23.npy,5,2048,1,calm,23
01-01-02-02-01-01-24,D:\Ravdess\fusion_pack_5f\sequences\01-01-02-02-01-01-24.npy,5,2048,1,calm,24
01-01-02-02-01-02-01,D:\Ravdess\fusion_pack_5f\sequences\01-01-02-02-01-02-01.npy,5,2048,1,calm,1
01-01-02-02-01-02-02,D:\Ravdess\fusion_pack_5f\sequences\01-01-02-02-01-02-02.npy,5,2048,1,calm,2
01-01-02-02-01-02-03,D:\Ravdess\fusion_pack_5f\sequences\01-01-02-02-01-02-03.npy,5,2048,1,calm,3
01-01-02-02-01-02-04,D:\Ravdess\fusion_pack_5f\sequences\01-01-02-02-01-02-04.npy,5,2048,1,calm,4
01-01-02-02-01-02-05,D:\Ravdess\fusion_pack_5f\sequences\01-01-02-02-01-02-05.npy,5,2048,1,calm,5
01-01-02-02-01-02-06,D:\Ravdess\fusion_pack_5f\sequences\01-01-02-02-01-02-06.npy,5,2048,1,calm,6
01-01-02-02-01-02-07,D:\Ravdess\fusion_pack_5f\sequences\01-01-02-02-01-02-07.npy,5,2048,1,calm,7
01-01-02-02-01-02-08,D:\Ravdess\fusion_pack_5f\sequences\01-01-02-02-01-02-08.npy,5,2048,1,calm,8
01-01-02-02-01-02-09,D:\Ravdess\fusion_pack_5f\sequences\01-01-02-02-01-02-09.npy,5,2048,1,calm,9
01-01-02-02-01-02-10,D:\Ravdess\fusion_pack_5f\sequences\01-01-02-02-01-02-10.npy,5,2048,1,calm,10
01-01-02-02-01-02-11,D:\Ravdess\fusion_pack_5f\sequences\01-01-02-02-01-02-11.npy,5,2048,1,calm,11
01-01-02-02-01-02-12,D:\Ravdess\fusion_pack_5f\sequences\01-01-02-02-01-02-12.npy,5,2048,1,calm,12
01-01-02-02-01-02-13,D:\Ravdess\fusion_pack_5f\sequences\01-01-02-02-01-02-13.npy,5,2048,1,calm,13
01-01-02-02-01-02-14,D:\Ravdess\fusion_pack_5f\sequences\01-01-02-02-01-02-14.npy,5,2048,1,calm,14
01-01-02-02-01-02-16,D:\Ravdess\fusion_pack_5f\sequences\01-01-02-02-01-02-16.npy,5,2048,1,calm,16
01-01-02-02-01-02-17,D:\Ravdess\fusion_pack_5f\sequences\01-01-02-02-01-02-17.npy,5,2048,1,calm,17
01-01-02-02-01-02-18,D:\Ravdess\fusion_pack_5f\sequences\01-01-02-02-01-02-18.npy,5,2048,1,calm,18
01-01-02-02-01-02-19,D:\Ravdess\fusion_pack_5f\sequences\01-01-02-02-01-02-19.npy,5,2048,1,calm,19
01-01-02-02-01-02-20,D:\Ravdess\fusion_pack_5f\sequences\01-01-02-02-01-02-20.npy,5,2048,1,calm,20
01-01-02-02-01-02-21,D:\Ravdess\fusion_pack_5f\sequences\01-01-02-02-01-02-21.npy,5,2048,1,calm,21
01-01-02-02-01-02-22,D:\Ravdess\fusion_pack_5f\sequences\01-01-02-02-01-02-22.npy,5,2048,1,calm,22
01-01-02-02-01-02-23,D:\Ravdess\fusion_pack_5f\sequences\01-01-02-02-01-02-23.npy,5,2048,1,calm,23
01-01-02-02-01-02-24,D:\Ravdess\fusion_pack_5f\sequences\01-01-02-02-01-02-24.npy,5,2048,1,calm,24
01-01-02-02-02-01-01,D:\Ravdess\fusion_pack_5f\sequences\01-01-02-02-02-01-01.npy,5,2048,1,calm,1
01-01-02-02-02-01-02,D:\Ravdess\fusion_pack_5f\sequences\01-01-02-02-02-01-02.npy,5,2048,1,calm,2
01-01-02-02-02-01-03,D:\Ravdess\fusion_pack_5f\sequences\01-01-02-02-02-01-03.npy,5,2048,1,calm,3
01-01-02-02-02-01-04,D:\Ravdess\fusion_pack_5f\sequences\01-01-02-02-02-01-04.npy,5,2048,1,calm,4
01-01-02-02-02-01-05,D:\Ravdess\fusion_pack_5f\sequences\01-01-02-02-02-01-05.npy,5,2048,1,calm,5
01-01-02-02-02-01-06,D:\Ravdess\fusion_pack_5f\sequences\01-01-02-02-02-01-06.npy,5,2048,1,calm,6
01-01-02-02-02-01-07,D:\Ravdess\fusion_pack_5f\sequences\01-01-02-02-02-01-07.npy,5,2048,1,calm,7
01-01-02-02-02-01-08,D:\Ravdess\fusion_pack_5f\sequences\01-01-02-02-02-01-08.npy,5,2048,1,calm,8
01-01-02-02-02-01-09,D:\Ravdess\fusion_pack_5f\sequences\01-01-02-02-02-01-09.npy,5,2048,1,calm,9
01-01-02-02-02-01-10,D:\Ravdess\fusion_pack_5f\sequences\01-01-02-02-02-01-10.npy,5,2048,1,calm,10
01-01-02-02-02-01-11,D:\Ravdess\fusion_pack_5f\sequences\01-01-02-02-02-01-11.npy,5,2048,1,calm,11
01-01-02-02-02-01-12,D:\Ravdess\fusion_pack_5f\sequences\01-01-02-02-02-01-12.npy,5,2048,1,calm,12
01-01-02-02-02-01-13,D:\Ravdess\fusion_pack_5f\sequences\01-01-02-02-02-01-13.npy,5,2048,1,calm,13
01-01-02-02-02-01-14,D:\Ravdess\fusion_pack_5f\sequences\01-01-02-02-02-01-14.npy,5,2048,1,calm,14
01-01-02-02-02-01-16,D:\Ravdess\fusion_pack_5f\sequences\01-01-02-02-02-01-16.npy,5,2048,1,calm,16
01-01-02-02-02-01-17,D:\Ravdess\fusion_pack_5f\sequences\01-01-02-02-02-01-17.npy,5,2048,1,calm,17
01-01-02-02-02-01-18,D:\Ravdess\fusion_pack_5f\sequences\01-01-02-02-02-01-18.npy,5,2048,1,calm,18
01-01-02-02-02-01-19,D:\Ravdess\fusion_pack_5f\sequences\01-01-02-02-02-01-19.npy,5,2048,1,calm,19
01-01-02-02-02-01-20,D:\Ravdess\fusion_pack_5f\sequences\01-01-02-02-02-01-20.npy,5,2048,1,calm,20
01-01-02-02-02-01-21,D:\Ravdess\fusion_pack_5f\sequences\01-01-02-02-02-01-21.npy,5,2048,1,calm,21
01-01-02-02-02-01-22,D:\Ravdess\fusion_pack_5f\sequences\01-01-02-02-02-01-22.npy,5,2048,1,calm,22
01-01-02-02-02-01-23,D:\Ravdess\fusion_pack_5f\sequences\01-01-02-02-02-01-23.npy,5,2048,1,calm,23
01-01-02-02-02-01-24,D:\Ravdess\fusion_pack_5f\sequences\01-01-02-02-02-01-24.npy,5,2048,1,calm,24
01-01-02-02-02-02-01,D:\Ravdess\fusion_pack_5f\sequences\01-01-02-02-02-02-01.npy,5,2048,1,calm,1
01-01-02-02-02-02-02,D:\Ravdess\fusion_pack_5f\sequences\01-01-02-02-02-02-02.npy,5,2048,1,calm,2
01-01-02-02-02-02-03,D:\Ravdess\fusion_pack_5f\sequences\01-01-02-02-02-02-03.npy,5,2048,1,calm,3
01-01-02-02-02-02-04,D:\Ravdess\fusion_pack_5f\sequences\01-01-02-02-02-02-04.npy,5,2048,1,calm,4
01-01-02-02-02-02-05,D:\Ravdess\fusion_pack_5f\sequences\01-01-02-02-02-02-05.npy,5,2048,1,calm,5
01-01-02-02-02-02-06,D:\Ravdess\fusion_pack_5f\sequences\01-01-02-02-02-02-06.npy,5,2048,1,calm,6
01-01-02-02-02-02-07,D:\Ravdess\fusion_pack_5f\sequences\01-01-02-02-02-02-07.npy,5,2048,1,calm,7
01-01-02-02-02-02-08,D:\Ravdess\fusion_pack_5f\sequences\01-01-02-02-02-02-08.npy,5,2048,1,calm,8
01-01-02-02-02-02-09,D:\Ravdess\fusion_pack_5f\sequences\01-01-02-02-02-02-09.npy,5,2048,1,calm,9
01-01-02-02-02-02-10,D:\Ravdess\fusion_pack_5f\sequences\01-01-02-02-02-02-10.npy,5,2048,1,calm,10
01-01-02-02-02-02-11,D:\Ravdess\fusion_pack_5f\sequences\01-01-02-02-02-02-11.npy,5,2048,1,calm,11
01-01-02-02-02-02-12,D:\Ravdess\fusion_pack_5f\sequences\01-01-02-02-02-02-12.npy,5,2048,1,calm,12
01-01-02-02-02-02-13,D:\Ravdess\fusion_pack_5f\sequences\01-01-02-02-02-02-13.npy,5,2048,1,calm,13
01-01-02-02-02-02-14,D:\Ravdess\fusion_pack_5f\sequences\01-01-02-02-02-02-14.npy,5,2048,1,calm,14
01-01-02-02-02-02-16,D:\Ravdess\fusion_pack_5f\sequences\01-01-02-02-02-02-16.npy,5,2048,1,calm,16
01-01-02-02-02-02-17,D:\Ravdess\fusion_pack_5f\sequences\01-01-02-02-02-02-17.npy,5,2048,1,calm,17
01-01-02-02-02-02-18,D:\Ravdess\fusion_pack_5f\sequences\01-01-02-02-02-02-18.npy,5,2048,1,calm,18
01-01-02-02-02-02-19,D:\Ravdess\fusion_pack_5f\sequences\01-01-02-02-02-02-19.npy,5,2048,1,calm,19
01-01-02-02-02-02-20,D:\Ravdess\fusion_pack_5f\sequences\01-01-02-02-02-02-20.npy,5,2048,1,calm,20
01-01-02-02-02-02-21,D:\Ravdess\fusion_pack_5f\sequences\01-01-02-02-02-02-21.npy,5,2048,1,calm,21
01-01-02-02-02-02-22,D:\Ravdess\fusion_pack_5f\sequences\01-01-02-02-02-02-22.npy,5,2048,1,calm,22
01-01-02-02-02-02-23,D:\Ravdess\fusion_pack_5f\sequences\01-01-02-02-02-02-23.npy,5,2048,1,calm,23
01-01-02-02-02-02-24,D:\Ravdess\fusion_pack_5f\sequences\01-01-02-02-02-02-24.npy,5,2048,1,calm,24
01-01-03-01-01-01-01,D:\Ravdess\fusion_pack_5f\sequences\01-01-03-01-01-01-01.npy,5,2048,2,happy,1
01-01-03-01-01-01-02,D:\Ravdess\fusion_pack_5f\sequences\01-01-03-01-01-01-02.npy,5,2048,2,happy,2
01-01-03-01-01-01-03,D:\Ravdess\fusion_pack_5f\sequences\01-01-03-01-01-01-03.npy,5,2048,2,happy,3
01-01-03-01-01-01-04,D:\Ravdess\fusion_pack_5f\sequences\01-01-03-01-01-01-04.npy,5,2048,2,happy,4
01-01-03-01-01-01-05,D:\Ravdess\fusion_pack_5f\sequences\01-01-03-01-01-01-05.npy,5,2048,2,happy,5
01-01-03-01-01-01-06,D:\Ravdess\fusion_pack_5f\sequences\01-01-03-01-01-01-06.npy,5,2048,2,happy,6
01-01-03-01-01-01-07,D:\Ravdess\fusion_pack_5f\sequences\01-01-03-01-01-01-07.npy,5,2048,2,happy,7
01-01-03-01-01-01-08,D:\Ravdess\fusion_pack_5f\sequences\01-01-03-01-01-01-08.npy,5,2048,2,happy,8
01-01-03-01-01-01-09,D:\Ravdess\fusion_pack_5f\sequences\01-01-03-01-01-01-09.npy,5,2048,2,happy,9
01-01-03-01-01-01-10,D:\Ravdess\fusion_pack_5f\sequences\01-01-03-01-01-01-10.npy,5,2048,2,happy,10
01-01-03-01-01-01-11,D:\Ravdess\fusion_pack_5f\sequences\01-01-03-01-01-01-11.npy,5,2048,2,happy,11
01-01-03-01-01-01-12,D:\Ravdess\fusion_pack_5f\sequences\01-01-03-01-01-01-12.npy,5,2048,2,happy,12
01-01-03-01-01-01-13,D:\Ravdess\fusion_pack_5f\sequences\01-01-03-01-01-01-13.npy,5,2048,2,happy,13
01-01-03-01-01-01-14,D:\Ravdess\fusion_pack_5f\sequences\01-01-03-01-01-01-14.npy,5,2048,2,happy,14
01-01-03-01-01-01-16,D:\Ravdess\fusion_pack_5f\sequences\01-01-03-01-01-01-16.npy,5,2048,2,happy,16
01-01-03-01-01-01-17,D:\Ravdess\fusion_pack_5f\sequences\01-01-03-01-01-01-17.npy,5,2048,2,happy,17
01-01-03-01-01-01-18,D:\Ravdess\fusion_pack_5f\sequences\01-01-03-01-01-01-18.npy,5,2048,2,happy,18
01-01-03-01-01-01-19,D:\Ravdess\fusion_pack_5f\sequences\01-01-03-01-01-01-19.npy,5,2048,2,happy,19
01-01-03-01-01-01-20,D:\Ravdess\fusion_pack_5f\sequences\01-01-03-01-01-01-20.npy,5,2048,2,happy,20
01-01-03-01-01-01-21,D:\Ravdess\fusion_pack_5f\sequences\01-01-03-01-01-01-21.npy,5,2048,2,happy,21
01-01-03-01-01-01-22,D:\Ravdess\fusion_pack_5f\sequences\01-01-03-01-01-01-22.npy,5,2048,2,happy,22
01-01-03-01-01-01-23,D:\Ravdess\fusion_pack_5f\sequences\01-01-03-01-01-01-23.npy,5,2048,2,happy,23
01-01-03-01-01-01-24,D:\Ravdess\fusion_pack_5f\sequences\01-01-03-01-01-01-24.npy,5,2048,2,happy,24
01-01-03-01-01-02-01,D:\Ravdess\fusion_pack_5f\sequences\01-01-03-01-01-02-01.npy,5,2048,2,happy,1
01-01-03-01-01-02-02,D:\Ravdess\fusion_pack_5f\sequences\01-01-03-01-01-02-02.npy,5,2048,2,happy,2
01-01-03-01-01-02-03,D:\Ravdess\fusion_pack_5f\sequences\01-01-03-01-01-02-03.npy,5,2048,2,happy,3
01-01-03-01-01-02-04,D:\Ravdess\fusion_pack_5f\sequences\01-01-03-01-01-02-04.npy,5,2048,2,happy,4
01-01-03-01-01-02-05,D:\Ravdess\fusion_pack_5f\sequences\01-01-03-01-01-02-05.npy,5,2048,2,happy,5
01-01-03-01-01-02-06,D:\Ravdess\fusion_pack_5f\sequences\01-01-03-01-01-02-06.npy,5,2048,2,happy,6
01-01-03-01-01-02-07,D:\Ravdess\fusion_pack_5f\sequences\01-01-03-01-01-02-07.npy,5,2048,2,happy,7
01-01-03-01-01-02-08,D:\Ravdess\fusion_pack_5f\sequences\01-01-03-01-01-02-08.npy,5,2048,2,happy,8
01-01-03-01-01-02-09,D:\Ravdess\fusion_pack_5f\sequences\01-01-03-01-01-02-09.npy,5,2048,2,happy,9
01-01-03-01-01-02-10,D:\Ravdess\fusion_pack_5f\sequences\01-01-03-01-01-02-10.npy,5,2048,2,happy,10
01-01-03-01-01-02-11,D:\Ravdess\fusion_pack_5f\sequences\01-01-03-01-01-02-11.npy,5,2048,2,happy,11
01-01-03-01-01-02-12,D:\Ravdess\fusion_pack_5f\sequences\01-01-03-01-01-02-12.npy,5,2048,2,happy,12
01-01-03-01-01-02-13,D:\Ravdess\fusion_pack_5f\sequences\01-01-03-01-01-02-13.npy,5,2048,2,happy,13
01-01-03-01-01-02-14,D:\Ravdess\fusion_pack_5f\sequences\01-01-03-01-01-02-14.npy,5,2048,2,happy,14
01-01-03-01-01-02-16,D:\Ravdess\fusion_pack_5f\sequences\01-01-03-01-01-02-16.npy,5,2048,2,happy,16
01-01-03-01-01-02-17,D:\Ravdess\fusion_pack_5f\sequences\01-01-03-01-01-02-17.npy,5,2048,2,happy,17
01-01-03-01-01-02-18,D:\Ravdess\fusion_pack_5f\sequences\01-01-03-01-01-02-18.npy,5,2048,2,happy,18
01-01-03-01-01-02-19,D:\Ravdess\fusion_pack_5f\sequences\01-01-03-01-01-02-19.npy,5,2048,2,happy,19
01-01-03-01-01-02-20,D:\Ravdess\fusion_pack_5f\sequences\01-01-03-01-01-02-20.npy,5,2048,2,happy,20
01-01-03-01-01-02-21,D:\Ravdess\fusion_pack_5f\sequences\01-01-03-01-01-02-21.npy,5,2048,2,happy,21
01-01-03-01-01-02-22,D:\Ravdess\fusion_pack_5f\sequences\01-01-03-01-01-02-22.npy,5,2048,2,happy,22
01-01-03-01-01-02-23,D:\Ravdess\fusion_pack_5f\sequences\01-01-03-01-01-02-23.npy,5,2048,2,happy,23
01-01-03-01-01-02-24,D:\Ravdess\fusion_pack_5f\sequences\01-01-03-01-01-02-24.npy,5,2048,2,happy,24
01-01-03-01-02-01-01,D:\Ravdess\fusion_pack_5f\sequences\01-01-03-01-02-01-01.npy,5,2048,2,happy,1
01-01-03-01-02-01-02,D:\Ravdess\fusion_pack_5f\sequences\01-01-03-01-02-01-02.npy,5,2048,2,happy,2
01-01-03-01-02-01-03,D:\Ravdess\fusion_pack_5f\sequences\01-01-03-01-02-01-03.npy,5,2048,2,happy,3
01-01-03-01-02-01-04,D:\Ravdess\fusion_pack_5f\sequences\01-01-03-01-02-01-04.npy,5,2048,2,happy,4
01-01-03-01-02-01-05,D:\Ravdess\fusion_pack_5f\sequences\01-01-03-01-02-01-05.npy,5,2048,2,happy,5
01-01-03-01-02-01-06,D:\Ravdess\fusion_pack_5f\sequences\01-01-03-01-02-01-06.npy,5,2048,2,happy,6
01-01-03-01-02-01-07,D:\Ravdess\fusion_pack_5f\sequences\01-01-03-01-02-01-07.npy,5,2048,2,happy,7
01-01-03-01-02-01-08,D:\Ravdess\fusion_pack_5f\sequences\01-01-03-01-02-01-08.npy,5,2048,2,happy,8
01-01-03-01-02-01-09,D:\Ravdess\fusion_pack_5f\sequences\01-01-03-01-02-01-09.npy,5,2048,2,happy,9
01-01-03-01-02-01-10,D:\Ravdess\fusion_pack_5f\sequences\01-01-03-01-02-01-10.npy,5,2048,2,happy,10
01-01-03-01-02-01-11,D:\Ravdess\fusion_pack_5f\sequences\01-01-03-01-02-01-11.npy,5,2048,2,happy,11
01-01-03-01-02-01-12,D:\Ravdess\fusion_pack_5f\sequences\01-01-03-01-02-01-12.npy,5,2048,2,happy,12
01-01-03-01-02-01-13,D:\Ravdess\fusion_pack_5f\sequences\01-01-03-01-02-01-13.npy,5,2048,2,happy,13
01-01-03-01-02-01-14,D:\Ravdess\fusion_pack_5f\sequences\01-01-03-01-02-01-14.npy,5,2048,2,happy,14
01-01-03-01-02-01-16,D:\Ravdess\fusion_pack_5f\sequences\01-01-03-01-02-01-16.npy,5,2048,2,happy,16
01-01-03-01-02-01-17,D:\Ravdess\fusion_pack_5f\sequences\01-01-03-01-02-01-17.npy,5,2048,2,happy,17
01-01-03-01-02-01-18,D:\Ravdess\fusion_pack_5f\sequences\01-01-03-01-02-01-18.npy,5,2048,2,happy,18
01-01-03-01-02-01-19,D:\Ravdess\fusion_pack_5f\sequences\01-01-03-01-02-01-19.npy,5,2048,2,happy,19
01-01-03-01-02-01-20,D:\Ravdess\fusion_pack_5f\sequences\01-01-03-01-02-01-20.npy,5,2048,2,happy,20
01-01-03-01-02-01-21,D:\Ravdess\fusion_pack_5f\sequences\01-01-03-01-02-01-21.npy,5,2048,2,happy,21
01-01-03-01-02-01-22,D:\Ravdess\fusion_pack_5f\sequences\01-01-03-01-02-01-22.npy,5,2048,2,happy,22
01-01-03-01-02-01-23,D:\Ravdess\fusion_pack_5f\sequences\01-01-03-01-02-01-23.npy,5,2048,2,happy,23
01-01-03-01-02-01-24,D:\Ravdess\fusion_pack_5f\sequences\01-01-03-01-02-01-24.npy,5,2048,2,happy,24
01-01-03-01-02-02-01,D:\Ravdess\fusion_pack_5f\sequences\01-01-03-01-02-02-01.npy,5,2048,2,happy,1
01-01-03-01-02-02-02,D:\Ravdess\fusion_pack_5f\sequences\01-01-03-01-02-02-02.npy,5,2048,2,happy,2
01-01-03-01-02-02-03,D:\Ravdess\fusion_pack_5f\sequences\01-01-03-01-02-02-03.npy,5,2048,2,happy,3
01-01-03-01-02-02-04,D:\Ravdess\fusion_pack_5f\sequences\01-01-03-01-02-02-04.npy,5,2048,2,happy,4
01-01-03-01-02-02-05,D:\Ravdess\fusion_pack_5f\sequences\01-01-03-01-02-02-05.npy,5,2048,2,happy,5
01-01-03-01-02-02-06,D:\Ravdess\fusion_pack_5f\sequences\01-01-03-01-02-02-06.npy,5,2048,2,happy,6
01-01-03-01-02-02-07,D:\Ravdess\fusion_pack_5f\sequences\01-01-03-01-02-02-07.npy,5,2048,2,happy,7
01-01-03-01-02-02-08,D:\Ravdess\fusion_pack_5f\sequences\01-01-03-01-02-02-08.npy,5,2048,2,happy,8
01-01-03-01-02-02-09,D:\Ravdess\fusion_pack_5f\sequences\01-01-03-01-02-02-09.npy,5,2048,2,happy,9
01-01-03-01-02-02-10,D:\Ravdess\fusion_pack_5f\sequences\01-01-03-01-02-02-10.npy,5,2048,2,happy,10
01-01-03-01-02-02-11,D:\Ravdess\fusion_pack_5f\sequences\01-01-03-01-02-02-11.npy,5,2048,2,happy,11
01-01-03-01-02-02-12,D:\Ravdess\fusion_pack_5f\sequences\01-01-03-01-02-02-12.npy,5,2048,2,happy,12
01-01-03-01-02-02-13,D:\Ravdess\fusion_pack_5f\sequences\01-01-03-01-02-02-13.npy,5,2048,2,happy,13
01-01-03-01-02-02-14,D:\Ravdess\fusion_pack_5f\sequences\01-01-03-01-02-02-14.npy,5,2048,2,happy,14
01-01-03-01-02-02-16,D:\Ravdess\fusion_pack_5f\sequences\01-01-03-01-02-02-16.npy,5,2048,2,happy,16
01-01-03-01-02-02-17,D:\Ravdess\fusion_pack_5f\sequences\01-01-03-01-02-02-17.npy,5,2048,2,happy,17
01-01-03-01-02-02-18,D:\Ravdess\fusion_pack_5f\sequences\01-01-03-01-02-02-18.npy,5,2048,2,happy,18
01-01-03-01-02-02-19,D:\Ravdess\fusion_pack_5f\sequences\01-01-03-01-02-02-19.npy,5,2048,2,happy,19
01-01-03-01-02-02-20,D:\Ravdess\fusion_pack_5f\sequences\01-01-03-01-02-02-20.npy,5,2048,2,happy,20
01-01-03-01-02-02-21,D:\Ravdess\fusion_pack_5f\sequences\01-01-03-01-02-02-21.npy,5,2048,2,happy,21
01-01-03-01-02-02-22,D:\Ravdess\fusion_pack_5f\sequences\01-01-03-01-02-02-22.npy,5,2048,2,happy,22
01-01-03-01-02-02-23,D:\Ravdess\fusion_pack_5f\sequences\01-01-03-01-02-02-23.npy,5,2048,2,happy,23
01-01-03-01-02-02-24,D:\Ravdess\fusion_pack_5f\sequences\01-01-03-01-02-02-24.npy,5,2048,2,happy,24
01-01-03-02-01-01-01,D:\Ravdess\fusion_pack_5f\sequences\01-01-03-02-01-01-01.npy,5,2048,2,happy,1
01-01-03-02-01-01-02,D:\Ravdess\fusion_pack_5f\sequences\01-01-03-02-01-01-02.npy,5,2048,2,happy,2
01-01-03-02-01-01-03,D:\Ravdess\fusion_pack_5f\sequences\01-01-03-02-01-01-03.npy,5,2048,2,happy,3
01-01-03-02-01-01-04,D:\Ravdess\fusion_pack_5f\sequences\01-01-03-02-01-01-04.npy,5,2048,2,happy,4
01-01-03-02-01-01-05,D:\Ravdess\fusion_pack_5f\sequences\01-01-03-02-01-01-05.npy,5,2048,2,happy,5
01-01-03-02-01-01-06,D:\Ravdess\fusion_pack_5f\sequences\01-01-03-02-01-01-06.npy,5,2048,2,happy,6
01-01-03-02-01-01-07,D:\Ravdess\fusion_pack_5f\sequences\01-01-03-02-01-01-07.npy,5,2048,2,happy,7
01-01-03-02-01-01-08,D:\Ravdess\fusion_pack_5f\sequences\01-01-03-02-01-01-08.npy,5,2048,2,happy,8
01-01-03-02-01-01-09,D:\Ravdess\fusion_pack_5f\sequences\01-01-03-02-01-01-09.npy,5,2048,2,happy,9
01-01-03-02-01-01-10,D:\Ravdess\fusion_pack_5f\sequences\01-01-03-02-01-01-10.npy,5,2048,2,happy,10
01-01-03-02-01-01-11,D:\Ravdess\fusion_pack_5f\sequences\01-01-03-02-01-01-11.npy,5,2048,2,happy,11
01-01-03-02-01-01-12,D:\Ravdess\fusion_pack_5f\sequences\01-01-03-02-01-01-12.npy,5,2048,2,happy,12
01-01-03-02-01-01-13,D:\Ravdess\fusion_pack_5f\sequences\01-01-03-02-01-01-13.npy,5,2048,2,happy,13
01-01-03-02-01-01-14,D:\Ravdess\fusion_pack_5f\sequences\01-01-03-02-01-01-14.npy,5,2048,2,happy,14
01-01-03-02-01-01-16,D:\Ravdess\fusion_pack_5f\sequences\01-01-03-02-01-01-16.npy,5,2048,2,happy,16
01-01-03-02-01-01-17,D:\Ravdess\fusion_pack_5f\sequences\01-01-03-02-01-01-17.npy,5,2048,2,happy,17
01-01-03-02-01-01-18,D:\Ravdess\fusion_pack_5f\sequences\01-01-03-02-01-01-18.npy,5,2048,2,happy,18
01-01-03-02-01-01-19,D:\Ravdess\fusion_pack_5f\sequences\01-01-03-02-01-01-19.npy,5,2048,2,happy,19
01-01-03-02-01-01-20,D:\Ravdess\fusion_pack_5f\sequences\01-01-03-02-01-01-20.npy,5,2048,2,happy,20
01-01-03-02-01-01-21,D:\Ravdess\fusion_pack_5f\sequences\01-01-03-02-01-01-21.npy,5,2048,2,happy,21
01-01-03-02-01-01-22,D:\Ravdess\fusion_pack_5f\sequences\01-01-03-02-01-01-22.npy,5,2048,2,happy,22
01-01-03-02-01-01-23,D:\Ravdess\fusion_pack_5f\sequences\01-01-03-02-01-01-23.npy,5,2048,2,happy,23
01-01-03-02-01-01-24,D:\Ravdess\fusion_pack_5f\sequences\01-01-03-02-01-01-24.npy,5,2048,2,happy,24
01-01-03-02-01-02-01,D:\Ravdess\fusion_pack_5f\sequences\01-01-03-02-01-02-01.npy,5,2048,2,happy,1
01-01-03-02-01-02-02,D:\Ravdess\fusion_pack_5f\sequences\01-01-03-02-01-02-02.npy,5,2048,2,happy,2
01-01-03-02-01-02-03,D:\Ravdess\fusion_pack_5f\sequences\01-01-03-02-01-02-03.npy,5,2048,2,happy,3
01-01-03-02-01-02-04,D:\Ravdess\fusion_pack_5f\sequences\01-01-03-02-01-02-04.npy,5,2048,2,happy,4
01-01-03-02-01-02-05,D:\Ravdess\fusion_pack_5f\sequences\01-01-03-02-01-02-05.npy,5,2048,2,happy,5
01-01-03-02-01-02-06,D:\Ravdess\fusion_pack_5f\sequences\01-01-03-02-01-02-06.npy,5,2048,2,happy,6
01-01-03-02-01-02-07,D:\Ravdess\fusion_pack_5f\sequences\01-01-03-02-01-02-07.npy,5,2048,2,happy,7
01-01-03-02-01-02-08,D:\Ravdess\fusion_pack_5f\sequences\01-01-03-02-01-02-08.npy,5,2048,2,happy,8
01-01-03-02-01-02-09,D:\Ravdess\fusion_pack_5f\sequences\01-01-03-02-01-02-09.npy,5,2048,2,happy,9
01-01-03-02-01-02-10,D:\Ravdess\fusion_pack_5f\sequences\01-01-03-02-01-02-10.npy,5,2048,2,happy,10
01-01-03-02-01-02-11,D:\Ravdess\fusion_pack_5f\sequences\01-01-03-02-01-02-11.npy,5,2048,2,happy,11
01-01-03-02-01-02-12,D:\Ravdess\fusion_pack_5f\sequences\01-01-03-02-01-02-12.npy,5,2048,2,happy,12
01-01-03-02-01-02-13,D:\Ravdess\fusion_pack_5f\sequences\01-01-03-02-01-02-13.npy,5,2048,2,happy,13
01-01-03-02-01-02-14,D:\Ravdess\fusion_pack_5f\sequences\01-01-03-02-01-02-14.npy,5,2048,2,happy,14
01-01-03-02-01-02-16,D:\Ravdess\fusion_pack_5f\sequences\01-01-03-02-01-02-16.npy,5,2048,2,happy,16
01-01-03-02-01-02-17,D:\Ravdess\fusion_pack_5f\sequences\01-01-03-02-01-02-17.npy,5,2048,2,happy,17
01-01-03-02-01-02-18,D:\Ravdess\fusion_pack_5f\sequences\01-01-03-02-01-02-18.npy,5,2048,2,happy,18
01-01-03-02-01-02-19,D:\Ravdess\fusion_pack_5f\sequences\01-01-03-02-01-02-19.npy,5,2048,2,happy,19
01-01-03-02-01-02-20,D:\Ravdess\fusion_pack_5f\sequences\01-01-03-02-01-02-20.npy,5,2048,2,happy,20
01-01-03-02-01-02-21,D:\Ravdess\fusion_pack_5f\sequences\01-01-03-02-01-02-21.npy,5,2048,2,happy,21
01-01-03-02-01-02-22,D:\Ravdess\fusion_pack_5f\sequences\01-01-03-02-01-02-22.npy,5,2048,2,happy,22
01-01-03-02-01-02-23,D:\Ravdess\fusion_pack_5f\sequences\01-01-03-02-01-02-23.npy,5,2048,2,happy,23
01-01-03-02-01-02-24,D:\Ravdess\fusion_pack_5f\sequences\01-01-03-02-01-02-24.npy,5,2048,2,happy,24
01-01-03-02-02-01-01,D:\Ravdess\fusion_pack_5f\sequences\01-01-03-02-02-01-01.npy,5,2048,2,happy,1
01-01-03-02-02-01-02,D:\Ravdess\fusion_pack_5f\sequences\01-01-03-02-02-01-02.npy,5,2048,2,happy,2
01-01-03-02-02-01-03,D:\Ravdess\fusion_pack_5f\sequences\01-01-03-02-02-01-03.npy,5,2048,2,happy,3
01-01-03-02-02-01-04,D:\Ravdess\fusion_pack_5f\sequences\01-01-03-02-02-01-04.npy,5,2048,2,happy,4
01-01-03-02-02-01-05,D:\Ravdess\fusion_pack_5f\sequences\01-01-03-02-02-01-05.npy,5,2048,2,happy,5
01-01-03-02-02-01-06,D:\Ravdess\fusion_pack_5f\sequences\01-01-03-02-02-01-06.npy,5,2048,2,happy,6
01-01-03-02-02-01-07,D:\Ravdess\fusion_pack_5f\sequences\01-01-03-02-02-01-07.npy,5,2048,2,happy,7
01-01-03-02-02-01-08,D:\Ravdess\fusion_pack_5f\sequences\01-01-03-02-02-01-08.npy,5,2048,2,happy,8
01-01-03-02-02-01-09,D:\Ravdess\fusion_pack_5f\sequences\01-01-03-02-02-01-09.npy,5,2048,2,happy,9
01-01-03-02-02-01-10,D:\Ravdess\fusion_pack_5f\sequences\01-01-03-02-02-01-10.npy,5,2048,2,happy,10
01-01-03-02-02-01-11,D:\Ravdess\fusion_pack_5f\sequences\01-01-03-02-02-01-11.npy,5,2048,2,happy,11
01-01-03-02-02-01-12,D:\Ravdess\fusion_pack_5f\sequences\01-01-03-02-02-01-12.npy,5,2048,2,happy,12
01-01-03-02-02-01-13,D:\Ravdess\fusion_pack_5f\sequences\01-01-03-02-02-01-13.npy,5,2048,2,happy,13
01-01-03-02-02-01-14,D:\Ravdess\fusion_pack_5f\sequences\01-01-03-02-02-01-14.npy,5,2048,2,happy,14
01-01-03-02-02-01-16,D:\Ravdess\fusion_pack_5f\sequences\01-01-03-02-02-01-16.npy,5,2048,2,happy,16
01-01-03-02-02-01-17,D:\Ravdess\fusion_pack_5f\sequences\01-01-03-02-02-01-17.npy,5,2048,2,happy,17
01-01-03-02-02-01-18,D:\Ravdess\fusion_pack_5f\sequences\01-01-03-02-02-01-18.npy,5,2048,2,happy,18
01-01-03-02-02-01-19,D:\Ravdess\fusion_pack_5f\sequences\01-01-03-02-02-01-19.npy,5,2048,2,happy,19
01-01-03-02-02-01-20,D:\Ravdess\fusion_pack_5f\sequences\01-01-03-02-02-01-20.npy,5,2048,2,happy,20
01-01-03-02-02-01-21,D:\Ravdess\fusion_pack_5f\sequences\01-01-03-02-02-01-21.npy,5,2048,2,happy,21
01-01-03-02-02-01-22,D:\Ravdess\fusion_pack_5f\sequences\01-01-03-02-02-01-22.npy,5,2048,2,happy,22
01-01-03-02-02-01-23,D:\Ravdess\fusion_pack_5f\sequences\01-01-03-02-02-01-23.npy,5,2048,2,happy,23
01-01-03-02-02-01-24,D:\Ravdess\fusion_pack_5f\sequences\01-01-03-02-02-01-24.npy,5,2048,2,happy,24
01-01-03-02-02-02-01,D:\Ravdess\fusion_pack_5f\sequences\01-01-03-02-02-02-01.npy,5,2048,2,happy,1
01-01-03-02-02-02-02,D:\Ravdess\fusion_pack_5f\sequences\01-01-03-02-02-02-02.npy,5,2048,2,happy,2
01-01-03-02-02-02-03,D:\Ravdess\fusion_pack_5f\sequences\01-01-03-02-02-02-03.npy,5,2048,2,happy,3
01-01-03-02-02-02-04,D:\Ravdess\fusion_pack_5f\sequences\01-01-03-02-02-02-04.npy,5,2048,2,happy,4
01-01-03-02-02-02-05,D:\Ravdess\fusion_pack_5f\sequences\01-01-03-02-02-02-05.npy,5,2048,2,happy,5
01-01-03-02-02-02-06,D:\Ravdess\fusion_pack_5f\sequences\01-01-03-02-02-02-06.npy,5,2048,2,happy,6
01-01-03-02-02-02-07,D:\Ravdess\fusion_pack_5f\sequences\01-01-03-02-02-02-07.npy,5,2048,2,happy,7
01-01-03-02-02-02-08,D:\Ravdess\fusion_pack_5f\sequences\01-01-03-02-02-02-08.npy,5,2048,2,happy,8
01-01-03-02-02-02-09,D:\Ravdess\fusion_pack_5f\sequences\01-01-03-02-02-02-09.npy,5,2048,2,happy,9
01-01-03-02-02-02-10,D:\Ravdess\fusion_pack_5f\sequences\01-01-03-02-02-02-10.npy,5,2048,2,happy,10
01-01-03-02-02-02-11,D:\Ravdess\fusion_pack_5f\sequences\01-01-03-02-02-02-11.npy,5,2048,2,happy,11
01-01-03-02-02-02-12,D:\Ravdess\fusion_pack_5f\sequences\01-01-03-02-02-02-12.npy,5,2048,2,happy,12
01-01-03-02-02-02-13,D:\Ravdess\fusion_pack_5f\sequences\01-01-03-02-02-02-13.npy,5,2048,2,happy,13
01-01-03-02-02-02-14,D:\Ravdess\fusion_pack_5f\sequences\01-01-03-02-02-02-14.npy,5,2048,2,happy,14
01-01-03-02-02-02-16,D:\Ravdess\fusion_pack_5f\sequences\01-01-03-02-02-02-16.npy,5,2048,2,happy,16
01-01-03-02-02-02-17,D:\Ravdess\fusion_pack_5f\sequences\01-01-03-02-02-02-17.npy,5,2048,2,happy,17
01-01-03-02-02-02-18,D:\Ravdess\fusion_pack_5f\sequences\01-01-03-02-02-02-18.npy,5,2048,2,happy,18
01-01-03-02-02-02-19,D:\Ravdess\fusion_pack_5f\sequences\01-01-03-02-02-02-19.npy,5,2048,2,happy,19
01-01-03-02-02-02-20,D:\Ravdess\fusion_pack_5f\sequences\01-01-03-02-02-02-20.npy,5,2048,2,happy,20
01-01-03-02-02-02-21,D:\Ravdess\fusion_pack_5f\sequences\01-01-03-02-02-02-21.npy,5,2048,2,happy,21
01-01-03-02-02-02-22,D:\Ravdess\fusion_pack_5f\sequences\01-01-03-02-02-02-22.npy,5,2048,2,happy,22
01-01-03-02-02-02-23,D:\Ravdess\fusion_pack_5f\sequences\01-01-03-02-02-02-23.npy,5,2048,2,happy,23
01-01-03-02-02-02-24,D:\Ravdess\fusion_pack_5f\sequences\01-01-03-02-02-02-24.npy,5,2048,2,happy,24
01-01-04-01-01-01-01,D:\Ravdess\fusion_pack_5f\sequences\01-01-04-01-01-01-01.npy,5,2048,3,sad,1
01-01-04-01-01-01-02,D:\Ravdess\fusion_pack_5f\sequences\01-01-04-01-01-01-02.npy,5,2048,3,sad,2
01-01-04-01-01-01-03,D:\Ravdess\fusion_pack_5f\sequences\01-01-04-01-01-01-03.npy,5,2048,3,sad,3
01-01-04-01-01-01-04,D:\Ravdess\fusion_pack_5f\sequences\01-01-04-01-01-01-04.npy,5,2048,3,sad,4
01-01-04-01-01-01-05,D:\Ravdess\fusion_pack_5f\sequences\01-01-04-01-01-01-05.npy,5,2048,3,sad,5
01-01-04-01-01-01-06,D:\Ravdess\fusion_pack_5f\sequences\01-01-04-01-01-01-06.npy,5,2048,3,sad,6
01-01-04-01-01-01-07,D:\Ravdess\fusion_pack_5f\sequences\01-01-04-01-01-01-07.npy,5,2048,3,sad,7
01-01-04-01-01-01-08,D:\Ravdess\fusion_pack_5f\sequences\01-01-04-01-01-01-08.npy,5,2048,3,sad,8
01-01-04-01-01-01-09,D:\Ravdess\fusion_pack_5f\sequences\01-01-04-01-01-01-09.npy,5,2048,3,sad,9
01-01-04-01-01-01-10,D:\Ravdess\fusion_pack_5f\sequences\01-01-04-01-01-01-10.npy,5,2048,3,sad,10
01-01-04-01-01-01-11,D:\Ravdess\fusion_pack_5f\sequences\01-01-04-01-01-01-11.npy,5,2048,3,sad,11
01-01-04-01-01-01-12,D:\Ravdess\fusion_pack_5f\sequences\01-01-04-01-01-01-12.npy,5,2048,3,sad,12
01-01-04-01-01-01-13,D:\Ravdess\fusion_pack_5f\sequences\01-01-04-01-01-01-13.npy,5,2048,3,sad,13
01-01-04-01-01-01-14,D:\Ravdess\fusion_pack_5f\sequences\01-01-04-01-01-01-14.npy,5,2048,3,sad,14
01-01-04-01-01-01-16,D:\Ravdess\fusion_pack_5f\sequences\01-01-04-01-01-01-16.npy,5,2048,3,sad,16
01-01-04-01-01-01-17,D:\Ravdess\fusion_pack_5f\sequences\01-01-04-01-01-01-17.npy,5,2048,3,sad,17
01-01-04-01-01-01-18,D:\Ravdess\fusion_pack_5f\sequences\01-01-04-01-01-01-18.npy,5,2048,3,sad,18
01-01-04-01-01-01-19,D:\Ravdess\fusion_pack_5f\sequences\01-01-04-01-01-01-19.npy,5,2048,3,sad,19
01-01-04-01-01-01-20,D:\Ravdess\fusion_pack_5f\sequences\01-01-04-01-01-01-20.npy,5,2048,3,sad,20
01-01-04-01-01-01-21,D:\Ravdess\fusion_pack_5f\sequences\01-01-04-01-01-01-21.npy,5,2048,3,sad,21
01-01-04-01-01-01-22,D:\Ravdess\fusion_pack_5f\sequences\01-01-04-01-01-01-22.npy,5,2048,3,sad,22
01-01-04-01-01-01-23,D:\Ravdess\fusion_pack_5f\sequences\01-01-04-01-01-01-23.npy,5,2048,3,sad,23
01-01-04-01-01-01-24,D:\Ravdess\fusion_pack_5f\sequences\01-01-04-01-01-01-24.npy,5,2048,3,sad,24
01-01-04-01-01-02-01,D:\Ravdess\fusion_pack_5f\sequences\01-01-04-01-01-02-01.npy,5,2048,3,sad,1
01-01-04-01-01-02-02,D:\Ravdess\fusion_pack_5f\sequences\01-01-04-01-01-02-02.npy,5,2048,3,sad,2
01-01-04-01-01-02-03,D:\Ravdess\fusion_pack_5f\sequences\01-01-04-01-01-02-03.npy,5,2048,3,sad,3
01-01-04-01-01-02-04,D:\Ravdess\fusion_pack_5f\sequences\01-01-04-01-01-02-04.npy,5,2048,3,sad,4
01-01-04-01-01-02-05,D:\Ravdess\fusion_pack_5f\sequences\01-01-04-01-01-02-05.npy,5,2048,3,sad,5
01-01-04-01-01-02-06,D:\Ravdess\fusion_pack_5f\sequences\01-01-04-01-01-02-06.npy,5,2048,3,sad,6
01-01-04-01-01-02-07,D:\Ravdess\fusion_pack_5f\sequences\01-01-04-01-01-02-07.npy,5,2048,3,sad,7
01-01-04-01-01-02-08,D:\Ravdess\fusion_pack_5f\sequences\01-01-04-01-01-02-08.npy,5,2048,3,sad,8
01-01-04-01-01-02-09,D:\Ravdess\fusion_pack_5f\sequences\01-01-04-01-01-02-09.npy,5,2048,3,sad,9
01-01-04-01-01-02-10,D:\Ravdess\fusion_pack_5f\sequences\01-01-04-01-01-02-10.npy,5,2048,3,sad,10
01-01-04-01-01-02-11,D:\Ravdess\fusion_pack_5f\sequences\01-01-04-01-01-02-11.npy,5,2048,3,sad,11
01-01-04-01-01-02-12,D:\Ravdess\fusion_pack_5f\sequences\01-01-04-01-01-02-12.npy,5,2048,3,sad,12
01-01-04-01-01-02-13,D:\Ravdess\fusion_pack_5f\sequences\01-01-04-01-01-02-13.npy,5,2048,3,sad,13
01-01-04-01-01-02-14,D:\Ravdess\fusion_pack_5f\sequences\01-01-04-01-01-02-14.npy,5,2048,3,sad,14
01-01-04-01-01-02-16,D:\Ravdess\fusion_pack_5f\sequences\01-01-04-01-01-02-16.npy,5,2048,3,sad,16
01-01-04-01-01-02-17,D:\Ravdess\fusion_pack_5f\sequences\01-01-04-01-01-02-17.npy,5,2048,3,sad,17
01-01-04-01-01-02-18,D:\Ravdess\fusion_pack_5f\sequences\01-01-04-01-01-02-18.npy,5,2048,3,sad,18
01-01-04-01-01-02-19,D:\Ravdess\fusion_pack_5f\sequences\01-01-04-01-01-02-19.npy,5,2048,3,sad,19
01-01-04-01-01-02-20,D:\Ravdess\fusion_pack_5f\sequences\01-01-04-01-01-02-20.npy,5,2048,3,sad,20
01-01-04-01-01-02-21,D:\Ravdess\fusion_pack_5f\sequences\01-01-04-01-01-02-21.npy,5,2048,3,sad,21
01-01-04-01-01-02-22,D:\Ravdess\fusion_pack_5f\sequences\01-01-04-01-01-02-22.npy,5,2048,3,sad,22
01-01-04-01-01-02-23,D:\Ravdess\fusion_pack_5f\sequences\01-01-04-01-01-02-23.npy,5,2048,3,sad,23
01-01-04-01-01-02-24,D:\Ravdess\fusion_pack_5f\sequences\01-01-04-01-01-02-24.npy,5,2048,3,sad,24
01-01-04-01-02-01-01,D:\Ravdess\fusion_pack_5f\sequences\01-01-04-01-02-01-01.npy,5,2048,3,sad,1
01-01-04-01-02-01-02,D:\Ravdess\fusion_pack_5f\sequences\01-01-04-01-02-01-02.npy,5,2048,3,sad,2
01-01-04-01-02-01-03,D:\Ravdess\fusion_pack_5f\sequences\01-01-04-01-02-01-03.npy,5,2048,3,sad,3
01-01-04-01-02-01-04,D:\Ravdess\fusion_pack_5f\sequences\01-01-04-01-02-01-04.npy,5,2048,3,sad,4
01-01-04-01-02-01-05,D:\Ravdess\fusion_pack_5f\sequences\01-01-04-01-02-01-05.npy,5,2048,3,sad,5
01-01-04-01-02-01-06,D:\Ravdess\fusion_pack_5f\sequences\01-01-04-01-02-01-06.npy,5,2048,3,sad,6
01-01-04-01-02-01-07,D:\Ravdess\fusion_pack_5f\sequences\01-01-04-01-02-01-07.npy,5,2048,3,sad,7
01-01-04-01-02-01-08,D:\Ravdess\fusion_pack_5f\sequences\01-01-04-01-02-01-08.npy,5,2048,3,sad,8
01-01-04-01-02-01-09,D:\Ravdess\fusion_pack_5f\sequences\01-01-04-01-02-01-09.npy,5,2048,3,sad,9
01-01-04-01-02-01-10,D:\Ravdess\fusion_pack_5f\sequences\01-01-04-01-02-01-10.npy,5,2048,3,sad,10
01-01-04-01-02-01-11,D:\Ravdess\fusion_pack_5f\sequences\01-01-04-01-02-01-11.npy,5,2048,3,sad,11
01-01-04-01-02-01-12,D:\Ravdess\fusion_pack_5f\sequences\01-01-04-01-02-01-12.npy,5,2048,3,sad,12
01-01-04-01-02-01-13,D:\Ravdess\fusion_pack_5f\sequences\01-01-04-01-02-01-13.npy,5,2048,3,sad,13
01-01-04-01-02-01-14,D:\Ravdess\fusion_pack_5f\sequences\01-01-04-01-02-01-14.npy,5,2048,3,sad,14
01-01-04-01-02-01-16,D:\Ravdess\fusion_pack_5f\sequences\01-01-04-01-02-01-16.npy,5,2048,3,sad,16
01-01-04-01-02-01-17,D:\Ravdess\fusion_pack_5f\sequences\01-01-04-01-02-01-17.npy,5,2048,3,sad,17
01-01-04-01-02-01-18,D:\Ravdess\fusion_pack_5f\sequences\01-01-04-01-02-01-18.npy,5,2048,3,sad,18
01-01-04-01-02-01-19,D:\Ravdess\fusion_pack_5f\sequences\01-01-04-01-02-01-19.npy,5,2048,3,sad,19
01-01-04-01-02-01-20,D:\Ravdess\fusion_pack_5f\sequences\01-01-04-01-02-01-20.npy,5,2048,3,sad,20
01-01-04-01-02-01-21,D:\Ravdess\fusion_pack_5f\sequences\01-01-04-01-02-01-21.npy,5,2048,3,sad,21
01-01-04-01-02-01-22,D:\Ravdess\fusion_pack_5f\sequences\01-01-04-01-02-01-22.npy,5,2048,3,sad,22
01-01-04-01-02-01-23,D:\Ravdess\fusion_pack_5f\sequences\01-01-04-01-02-01-23.npy,5,2048,3,sad,23
01-01-04-01-02-01-24,D:\Ravdess\fusion_pack_5f\sequences\01-01-04-01-02-01-24.npy,5,2048,3,sad,24
01-01-04-01-02-02-01,D:\Ravdess\fusion_pack_5f\sequences\01-01-04-01-02-02-01.npy,5,2048,3,sad,1
01-01-04-01-02-02-02,D:\Ravdess\fusion_pack_5f\sequences\01-01-04-01-02-02-02.npy,5,2048,3,sad,2
01-01-04-01-02-02-03,D:\Ravdess\fusion_pack_5f\sequences\01-01-04-01-02-02-03.npy,5,2048,3,sad,3
01-01-04-01-02-02-04,D:\Ravdess\fusion_pack_5f\sequences\01-01-04-01-02-02-04.npy,5,2048,3,sad,4
01-01-04-01-02-02-05,D:\Ravdess\fusion_pack_5f\sequences\01-01-04-01-02-02-05.npy,5,2048,3,sad,5
01-01-04-01-02-02-06,D:\Ravdess\fusion_pack_5f\sequences\01-01-04-01-02-02-06.npy,5,2048,3,sad,6
01-01-04-01-02-02-07,D:\Ravdess\fusion_pack_5f\sequences\01-01-04-01-02-02-07.npy,5,2048,3,sad,7
01-01-04-01-02-02-08,D:\Ravdess\fusion_pack_5f\sequences\01-01-04-01-02-02-08.npy,5,2048,3,sad,8
01-01-04-01-02-02-09,D:\Ravdess\fusion_pack_5f\sequences\01-01-04-01-02-02-09.npy,5,2048,3,sad,9
01-01-04-01-02-02-10,D:\Ravdess\fusion_pack_5f\sequences\01-01-04-01-02-02-10.npy,5,2048,3,sad,10
01-01-04-01-02-02-11,D:\Ravdess\fusion_pack_5f\sequences\01-01-04-01-02-02-11.npy,5,2048,3,sad,11
01-01-04-01-02-02-12,D:\Ravdess\fusion_pack_5f\sequences\01-01-04-01-02-02-12.npy,5,2048,3,sad,12
01-01-04-01-02-02-13,D:\Ravdess\fusion_pack_5f\sequences\01-01-04-01-02-02-13.npy,5,2048,3,sad,13
01-01-04-01-02-02-14,D:\Ravdess\fusion_pack_5f\sequences\01-01-04-01-02-02-14.npy,5,2048,3,sad,14
01-01-04-01-02-02-16,D:\Ravdess\fusion_pack_5f\sequences\01-01-04-01-02-02-16.npy,5,2048,3,sad,16
01-01-04-01-02-02-17,D:\Ravdess\fusion_pack_5f\sequences\01-01-04-01-02-02-17.npy,5,2048,3,sad,17
01-01-04-01-02-02-18,D:\Ravdess\fusion_pack_5f\sequences\01-01-04-01-02-02-18.npy,5,2048,3,sad,18
01-01-04-01-02-02-19,D:\Ravdess\fusion_pack_5f\sequences\01-01-04-01-02-02-19.npy,5,2048,3,sad,19
01-01-04-01-02-02-20,D:\Ravdess\fusion_pack_5f\sequences\01-01-04-01-02-02-20.npy,5,2048,3,sad,20
01-01-04-01-02-02-21,D:\Ravdess\fusion_pack_5f\sequences\01-01-04-01-02-02-21.npy,5,2048,3,sad,21
01-01-04-01-02-02-22,D:\Ravdess\fusion_pack_5f\sequences\01-01-04-01-02-02-22.npy,5,2048,3,sad,22
01-01-04-01-02-02-23,D:\Ravdess\fusion_pack_5f\sequences\01-01-04-01-02-02-23.npy,5,2048,3,sad,23
01-01-04-01-02-02-24,D:\Ravdess\fusion_pack_5f\sequences\01-01-04-01-02-02-24.npy,5,2048,3,sad,24
01-01-04-02-01-01-01,D:\Ravdess\fusion_pack_5f\sequences\01-01-04-02-01-01-01.npy,5,2048,3,sad,1
01-01-04-02-01-01-02,D:\Ravdess\fusion_pack_5f\sequences\01-01-04-02-01-01-02.npy,5,2048,3,sad,2
01-01-04-02-01-01-03,D:\Ravdess\fusion_pack_5f\sequences\01-01-04-02-01-01-03.npy,5,2048,3,sad,3
01-01-04-02-01-01-04,D:\Ravdess\fusion_pack_5f\sequences\01-01-04-02-01-01-04.npy,5,2048,3,sad,4
01-01-04-02-01-01-05,D:\Ravdess\fusion_pack_5f\sequences\01-01-04-02-01-01-05.npy,5,2048,3,sad,5
01-01-04-02-01-01-06,D:\Ravdess\fusion_pack_5f\sequences\01-01-04-02-01-01-06.npy,5,2048,3,sad,6
01-01-04-02-01-01-07,D:\Ravdess\fusion_pack_5f\sequences\01-01-04-02-01-01-07.npy,5,2048,3,sad,7
01-01-04-02-01-01-08,D:\Ravdess\fusion_pack_5f\sequences\01-01-04-02-01-01-08.npy,5,2048,3,sad,8
01-01-04-02-01-01-09,D:\Ravdess\fusion_pack_5f\sequences\01-01-04-02-01-01-09.npy,5,2048,3,sad,9
01-01-04-02-01-01-10,D:\Ravdess\fusion_pack_5f\sequences\01-01-04-02-01-01-10.npy,5,2048,3,sad,10
01-01-04-02-01-01-11,D:\Ravdess\fusion_pack_5f\sequences\01-01-04-02-01-01-11.npy,5,2048,3,sad,11
01-01-04-02-01-01-12,D:\Ravdess\fusion_pack_5f\sequences\01-01-04-02-01-01-12.npy,5,2048,3,sad,12
01-01-04-02-01-01-13,D:\Ravdess\fusion_pack_5f\sequences\01-01-04-02-01-01-13.npy,5,2048,3,sad,13
01-01-04-02-01-01-14,D:\Ravdess\fusion_pack_5f\sequences\01-01-04-02-01-01-14.npy,5,2048,3,sad,14
01-01-04-02-01-01-16,D:\Ravdess\fusion_pack_5f\sequences\01-01-04-02-01-01-16.npy,5,2048,3,sad,16
01-01-04-02-01-01-17,D:\Ravdess\fusion_pack_5f\sequences\01-01-04-02-01-01-17.npy,5,2048,3,sad,17
01-01-04-02-01-01-18,D:\Ravdess\fusion_pack_5f\sequences\01-01-04-02-01-01-18.npy,5,2048,3,sad,18
01-01-04-02-01-01-19,D:\Ravdess\fusion_pack_5f\sequences\01-01-04-02-01-01-19.npy,5,2048,3,sad,19
01-01-04-02-01-01-20,D:\Ravdess\fusion_pack_5f\sequences\01-01-04-02-01-01-20.npy,5,2048,3,sad,20
01-01-04-02-01-01-21,D:\Ravdess\fusion_pack_5f\sequences\01-01-04-02-01-01-21.npy,5,2048,3,sad,21
01-01-04-02-01-01-22,D:\Ravdess\fusion_pack_5f\sequences\01-01-04-02-01-01-22.npy,5,2048,3,sad,22
01-01-04-02-01-01-23,D:\Ravdess\fusion_pack_5f\sequences\01-01-04-02-01-01-23.npy,5,2048,3,sad,23
01-01-04-02-01-01-24,D:\Ravdess\fusion_pack_5f\sequences\01-01-04-02-01-01-24.npy,5,2048,3,sad,24
01-01-04-02-01-02-01,D:\Ravdess\fusion_pack_5f\sequences\01-01-04-02-01-02-01.npy,5,2048,3,sad,1
01-01-04-02-01-02-02,D:\Ravdess\fusion_pack_5f\sequences\01-01-04-02-01-02-02.npy,5,2048,3,sad,2
01-01-04-02-01-02-03,D:\Ravdess\fusion_pack_5f\sequences\01-01-04-02-01-02-03.npy,5,2048,3,sad,3
01-01-04-02-01-02-04,D:\Ravdess\fusion_pack_5f\sequences\01-01-04-02-01-02-04.npy,5,2048,3,sad,4
01-01-04-02-01-02-05,D:\Ravdess\fusion_pack_5f\sequences\01-01-04-02-01-02-05.npy,5,2048,3,sad,5
01-01-04-02-01-02-06,D:\Ravdess\fusion_pack_5f\sequences\01-01-04-02-01-02-06.npy,5,2048,3,sad,6
01-01-04-02-01-02-07,D:\Ravdess\fusion_pack_5f\sequences\01-01-04-02-01-02-07.npy,5,2048,3,sad,7
01-01-04-02-01-02-08,D:\Ravdess\fusion_pack_5f\sequences\01-01-04-02-01-02-08.npy,5,2048,3,sad,8
01-01-04-02-01-02-09,D:\Ravdess\fusion_pack_5f\sequences\01-01-04-02-01-02-09.npy,5,2048,3,sad,9
01-01-04-02-01-02-10,D:\Ravdess\fusion_pack_5f\sequences\01-01-04-02-01-02-10.npy,5,2048,3,sad,10
01-01-04-02-01-02-11,D:\Ravdess\fusion_pack_5f\sequences\01-01-04-02-01-02-11.npy,5,2048,3,sad,11
01-01-04-02-01-02-12,D:\Ravdess\fusion_pack_5f\sequences\01-01-04-02-01-02-12.npy,5,2048,3,sad,12
01-01-04-02-01-02-13,D:\Ravdess\fusion_pack_5f\sequences\01-01-04-02-01-02-13.npy,5,2048,3,sad,13
01-01-04-02-01-02-14,D:\Ravdess\fusion_pack_5f\sequences\01-01-04-02-01-02-14.npy,5,2048,3,sad,14
01-01-04-02-01-02-16,D:\Ravdess\fusion_pack_5f\sequences\01-01-04-02-01-02-16.npy,5,2048,3,sad,16
01-01-04-02-01-02-17,D:\Ravdess\fusion_pack_5f\sequences\01-01-04-02-01-02-17.npy,5,2048,3,sad,17
01-01-04-02-01-02-18,D:\Ravdess\fusion_pack_5f\sequences\01-01-04-02-01-02-18.npy,5,2048,3,sad,18
01-01-04-02-01-02-19,D:\Ravdess\fusion_pack_5f\sequences\01-01-04-02-01-02-19.npy,5,2048,3,sad,19
01-01-04-02-01-02-20,D:\Ravdess\fusion_pack_5f\sequences\01-01-04-02-01-02-20.npy,5,2048,3,sad,20
01-01-04-02-01-02-21,D:\Ravdess\fusion_pack_5f\sequences\01-01-04-02-01-02-21.npy,5,2048,3,sad,21
01-01-04-02-01-02-22,D:\Ravdess\fusion_pack_5f\sequences\01-01-04-02-01-02-22.npy,5,2048,3,sad,22
01-01-04-02-01-02-23,D:\Ravdess\fusion_pack_5f\sequences\01-01-04-02-01-02-23.npy,5,2048,3,sad,23
01-01-04-02-01-02-24,D:\Ravdess\fusion_pack_5f\sequences\01-01-04-02-01-02-24.npy,5,2048,3,sad,24
01-01-04-02-02-01-01,D:\Ravdess\fusion_pack_5f\sequences\01-01-04-02-02-01-01.npy,5,2048,3,sad,1
01-01-04-02-02-01-02,D:\Ravdess\fusion_pack_5f\sequences\01-01-04-02-02-01-02.npy,5,2048,3,sad,2
01-01-04-02-02-01-03,D:\Ravdess\fusion_pack_5f\sequences\01-01-04-02-02-01-03.npy,5,2048,3,sad,3
01-01-04-02-02-01-04,D:\Ravdess\fusion_pack_5f\sequences\01-01-04-02-02-01-04.npy,5,2048,3,sad,4
01-01-04-02-02-01-05,D:\Ravdess\fusion_pack_5f\sequences\01-01-04-02-02-01-05.npy,5,2048,3,sad,5
01-01-04-02-02-01-06,D:\Ravdess\fusion_pack_5f\sequences\01-01-04-02-02-01-06.npy,5,2048,3,sad,6
01-01-04-02-02-01-07,D:\Ravdess\fusion_pack_5f\sequences\01-01-04-02-02-01-07.npy,5,2048,3,sad,7
01-01-04-02-02-01-08,D:\Ravdess\fusion_pack_5f\sequences\01-01-04-02-02-01-08.npy,5,2048,3,sad,8
01-01-04-02-02-01-09,D:\Ravdess\fusion_pack_5f\sequences\01-01-04-02-02-01-09.npy,5,2048,3,sad,9
01-01-04-02-02-01-10,D:\Ravdess\fusion_pack_5f\sequences\01-01-04-02-02-01-10.npy,5,2048,3,sad,10
01-01-04-02-02-01-11,D:\Ravdess\fusion_pack_5f\sequences\01-01-04-02-02-01-11.npy,5,2048,3,sad,11
01-01-04-02-02-01-12,D:\Ravdess\fusion_pack_5f\sequences\01-01-04-02-02-01-12.npy,5,2048,3,sad,12
01-01-04-02-02-01-13,D:\Ravdess\fusion_pack_5f\sequences\01-01-04-02-02-01-13.npy,5,2048,3,sad,13
01-01-04-02-02-01-14,D:\Ravdess\fusion_pack_5f\sequences\01-01-04-02-02-01-14.npy,5,2048,3,sad,14
01-01-04-02-02-01-16,D:\Ravdess\fusion_pack_5f\sequences\01-01-04-02-02-01-16.npy,5,2048,3,sad,16
01-01-04-02-02-01-17,D:\Ravdess\fusion_pack_5f\sequences\01-01-04-02-02-01-17.npy,5,2048,3,sad,17
01-01-04-02-02-01-18,D:\Ravdess\fusion_pack_5f\sequences\01-01-04-02-02-01-18.npy,5,2048,3,sad,18
01-01-04-02-02-01-19,D:\Ravdess\fusion_pack_5f\sequences\01-01-04-02-02-01-19.npy,5,2048,3,sad,19
01-01-04-02-02-01-20,D:\Ravdess\fusion_pack_5f\sequences\01-01-04-02-02-01-20.npy,5,2048,3,sad,20
01-01-04-02-02-01-21,D:\Ravdess\fusion_pack_5f\sequences\01-01-04-02-02-01-21.npy,5,2048,3,sad,21
01-01-04-02-02-01-22,D:\Ravdess\fusion_pack_5f\sequences\01-01-04-02-02-01-22.npy,5,2048,3,sad,22
01-01-04-02-02-01-23,D:\Ravdess\fusion_pack_5f\sequences\01-01-04-02-02-01-23.npy,5,2048,3,sad,23
01-01-04-02-02-01-24,D:\Ravdess\fusion_pack_5f\sequences\01-01-04-02-02-01-24.npy,5,2048,3,sad,24
01-01-04-02-02-02-01,D:\Ravdess\fusion_pack_5f\sequences\01-01-04-02-02-02-01.npy,5,2048,3,sad,1
01-01-04-02-02-02-02,D:\Ravdess\fusion_pack_5f\sequences\01-01-04-02-02-02-02.npy,5,2048,3,sad,2
01-01-04-02-02-02-03,D:\Ravdess\fusion_pack_5f\sequences\01-01-04-02-02-02-03.npy,5,2048,3,sad,3
01-01-04-02-02-02-04,D:\Ravdess\fusion_pack_5f\sequences\01-01-04-02-02-02-04.npy,5,2048,3,sad,4
01-01-04-02-02-02-05,D:\Ravdess\fusion_pack_5f\sequences\01-01-04-02-02-02-05.npy,5,2048,3,sad,5
01-01-04-02-02-02-06,D:\Ravdess\fusion_pack_5f\sequences\01-01-04-02-02-02-06.npy,5,2048,3,sad,6
01-01-04-02-02-02-07,D:\Ravdess\fusion_pack_5f\sequences\01-01-04-02-02-02-07.npy,5,2048,3,sad,7
01-01-04-02-02-02-08,D:\Ravdess\fusion_pack_5f\sequences\01-01-04-02-02-02-08.npy,5,2048,3,sad,8
01-01-04-02-02-02-09,D:\Ravdess\fusion_pack_5f\sequences\01-01-04-02-02-02-09.npy,5,2048,3,sad,9
01-01-04-02-02-02-10,D:\Ravdess\fusion_pack_5f\sequences\01-01-04-02-02-02-10.npy,5,2048,3,sad,10
01-01-04-02-02-02-11,D:\Ravdess\fusion_pack_5f\sequences\01-01-04-02-02-02-11.npy,5,2048,3,sad,11
01-01-04-02-02-02-12,D:\Ravdess\fusion_pack_5f\sequences\01-01-04-02-02-02-12.npy,5,2048,3,sad,12
01-01-04-02-02-02-13,D:\Ravdess\fusion_pack_5f\sequences\01-01-04-02-02-02-13.npy,5,2048,3,sad,13
01-01-04-02-02-02-14,D:\Ravdess\fusion_pack_5f\sequences\01-01-04-02-02-02-14.npy,5,2048,3,sad,14
01-01-04-02-02-02-16,D:\Ravdess\fusion_pack_5f\sequences\01-01-04-02-02-02-16.npy,5,2048,3,sad,16
01-01-04-02-02-02-17,D:\Ravdess\fusion_pack_5f\sequences\01-01-04-02-02-02-17.npy,5,2048,3,sad,17
01-01-04-02-02-02-18,D:\Ravdess\fusion_pack_5f\sequences\01-01-04-02-02-02-18.npy,5,2048,3,sad,18
01-01-04-02-02-02-19,D:\Ravdess\fusion_pack_5f\sequences\01-01-04-02-02-02-19.npy,5,2048,3,sad,19
01-01-04-02-02-02-20,D:\Ravdess\fusion_pack_5f\sequences\01-01-04-02-02-02-20.npy,5,2048,3,sad,20
01-01-04-02-02-02-21,D:\Ravdess\fusion_pack_5f\sequences\01-01-04-02-02-02-21.npy,5,2048,3,sad,21
01-01-04-02-02-02-22,D:\Ravdess\fusion_pack_5f\sequences\01-01-04-02-02-02-22.npy,5,2048,3,sad,22
01-01-04-02-02-02-23,D:\Ravdess\fusion_pack_5f\sequences\01-01-04-02-02-02-23.npy,5,2048,3,sad,23
01-01-04-02-02-02-24,D:\Ravdess\fusion_pack_5f\sequences\01-01-04-02-02-02-24.npy,5,2048,3,sad,24
01-01-05-01-01-01-01,D:\Ravdess\fusion_pack_5f\sequences\01-01-05-01-01-01-01.npy,5,2048,4,angry,1
01-01-05-01-01-01-02,D:\Ravdess\fusion_pack_5f\sequences\01-01-05-01-01-01-02.npy,5,2048,4,angry,2
01-01-05-01-01-01-03,D:\Ravdess\fusion_pack_5f\sequences\01-01-05-01-01-01-03.npy,5,2048,4,angry,3
01-01-05-01-01-01-04,D:\Ravdess\fusion_pack_5f\sequences\01-01-05-01-01-01-04.npy,5,2048,4,angry,4
01-01-05-01-01-01-05,D:\Ravdess\fusion_pack_5f\sequences\01-01-05-01-01-01-05.npy,5,2048,4,angry,5
01-01-05-01-01-01-06,D:\Ravdess\fusion_pack_5f\sequences\01-01-05-01-01-01-06.npy,5,2048,4,angry,6
01-01-05-01-01-01-07,D:\Ravdess\fusion_pack_5f\sequences\01-01-05-01-01-01-07.npy,5,2048,4,angry,7
01-01-05-01-01-01-08,D:\Ravdess\fusion_pack_5f\sequences\01-01-05-01-01-01-08.npy,5,2048,4,angry,8
01-01-05-01-01-01-09,D:\Ravdess\fusion_pack_5f\sequences\01-01-05-01-01-01-09.npy,5,2048,4,angry,9
01-01-05-01-01-01-10,D:\Ravdess\fusion_pack_5f\sequences\01-01-05-01-01-01-10.npy,5,2048,4,angry,10
01-01-05-01-01-01-11,D:\Ravdess\fusion_pack_5f\sequences\01-01-05-01-01-01-11.npy,5,2048,4,angry,11
01-01-05-01-01-01-12,D:\Ravdess\fusion_pack_5f\sequences\01-01-05-01-01-01-12.npy,5,2048,4,angry,12
01-01-05-01-01-01-13,D:\Ravdess\fusion_pack_5f\sequences\01-01-05-01-01-01-13.npy,5,2048,4,angry,13
01-01-05-01-01-01-14,D:\Ravdess\fusion_pack_5f\sequences\01-01-05-01-01-01-14.npy,5,2048,4,angry,14
01-01-05-01-01-01-16,D:\Ravdess\fusion_pack_5f\sequences\01-01-05-01-01-01-16.npy,5,2048,4,angry,16
01-01-05-01-01-01-17,D:\Ravdess\fusion_pack_5f\sequences\01-01-05-01-01-01-17.npy,5,2048,4,angry,17
01-01-05-01-01-01-18,D:\Ravdess\fusion_pack_5f\sequences\01-01-05-01-01-01-18.npy,5,2048,4,angry,18
01-01-05-01-01-01-19,D:\Ravdess\fusion_pack_5f\sequences\01-01-05-01-01-01-19.npy,5,2048,4,angry,19
01-01-05-01-01-01-20,D:\Ravdess\fusion_pack_5f\sequences\01-01-05-01-01-01-20.npy,5,2048,4,angry,20
01-01-05-01-01-01-21,D:\Ravdess\fusion_pack_5f\sequences\01-01-05-01-01-01-21.npy,5,2048,4,angry,21
01-01-05-01-01-01-22,D:\Ravdess\fusion_pack_5f\sequences\01-01-05-01-01-01-22.npy,5,2048,4,angry,22
01-01-05-01-01-01-23,D:\Ravdess\fusion_pack_5f\sequences\01-01-05-01-01-01-23.npy,5,2048,4,angry,23
01-01-05-01-01-01-24,D:\Ravdess\fusion_pack_5f\sequences\01-01-05-01-01-01-24.npy,5,2048,4,angry,24
01-01-05-01-01-02-01,D:\Ravdess\fusion_pack_5f\sequences\01-01-05-01-01-02-01.npy,5,2048,4,angry,1
01-01-05-01-01-02-02,D:\Ravdess\fusion_pack_5f\sequences\01-01-05-01-01-02-02.npy,5,2048,4,angry,2
01-01-05-01-01-02-03,D:\Ravdess\fusion_pack_5f\sequences\01-01-05-01-01-02-03.npy,5,2048,4,angry,3
01-01-05-01-01-02-04,D:\Ravdess\fusion_pack_5f\sequences\01-01-05-01-01-02-04.npy,5,2048,4,angry,4
01-01-05-01-01-02-05,D:\Ravdess\fusion_pack_5f\sequences\01-01-05-01-01-02-05.npy,5,2048,4,angry,5
01-01-05-01-01-02-06,D:\Ravdess\fusion_pack_5f\sequences\01-01-05-01-01-02-06.npy,5,2048,4,angry,6
01-01-05-01-01-02-07,D:\Ravdess\fusion_pack_5f\sequences\01-01-05-01-01-02-07.npy,5,2048,4,angry,7
01-01-05-01-01-02-08,D:\Ravdess\fusion_pack_5f\sequences\01-01-05-01-01-02-08.npy,5,2048,4,angry,8
01-01-05-01-01-02-09,D:\Ravdess\fusion_pack_5f\sequences\01-01-05-01-01-02-09.npy,5,2048,4,angry,9
01-01-05-01-01-02-10,D:\Ravdess\fusion_pack_5f\sequences\01-01-05-01-01-02-10.npy,5,2048,4,angry,10
01-01-05-01-01-02-11,D:\Ravdess\fusion_pack_5f\sequences\01-01-05-01-01-02-11.npy,5,2048,4,angry,11
01-01-05-01-01-02-12,D:\Ravdess\fusion_pack_5f\sequences\01-01-05-01-01-02-12.npy,5,2048,4,angry,12
01-01-05-01-01-02-13,D:\Ravdess\fusion_pack_5f\sequences\01-01-05-01-01-02-13.npy,5,2048,4,angry,13
01-01-05-01-01-02-14,D:\Ravdess\fusion_pack_5f\sequences\01-01-05-01-01-02-14.npy,5,2048,4,angry,14
01-01-05-01-01-02-16,D:\Ravdess\fusion_pack_5f\sequences\01-01-05-01-01-02-16.npy,5,2048,4,angry,16
01-01-05-01-01-02-17,D:\Ravdess\fusion_pack_5f\sequences\01-01-05-01-01-02-17.npy,5,2048,4,angry,17
01-01-05-01-01-02-18,D:\Ravdess\fusion_pack_5f\sequences\01-01-05-01-01-02-18.npy,5,2048,4,angry,18
01-01-05-01-01-02-19,D:\Ravdess\fusion_pack_5f\sequences\01-01-05-01-01-02-19.npy,5,2048,4,angry,19
01-01-05-01-01-02-20,D:\Ravdess\fusion_pack_5f\sequences\01-01-05-01-01-02-20.npy,5,2048,4,angry,20
01-01-05-01-01-02-21,D:\Ravdess\fusion_pack_5f\sequences\01-01-05-01-01-02-21.npy,5,2048,4,angry,21
01-01-05-01-01-02-22,D:\Ravdess\fusion_pack_5f\sequences\01-01-05-01-01-02-22.npy,5,2048,4,angry,22
01-01-05-01-01-02-23,D:\Ravdess\fusion_pack_5f\sequences\01-01-05-01-01-02-23.npy,5,2048,4,angry,23
01-01-05-01-01-02-24,D:\Ravdess\fusion_pack_5f\sequences\01-01-05-01-01-02-24.npy,5,2048,4,angry,24
01-01-05-01-02-01-01,D:\Ravdess\fusion_pack_5f\sequences\01-01-05-01-02-01-01.npy,5,2048,4,angry,1
01-01-05-01-02-01-02,D:\Ravdess\fusion_pack_5f\sequences\01-01-05-01-02-01-02.npy,5,2048,4,angry,2
01-01-05-01-02-01-03,D:\Ravdess\fusion_pack_5f\sequences\01-01-05-01-02-01-03.npy,5,2048,4,angry,3
01-01-05-01-02-01-04,D:\Ravdess\fusion_pack_5f\sequences\01-01-05-01-02-01-04.npy,5,2048,4,angry,4
01-01-05-01-02-01-05,D:\Ravdess\fusion_pack_5f\sequences\01-01-05-01-02-01-05.npy,5,2048,4,angry,5
01-01-05-01-02-01-06,D:\Ravdess\fusion_pack_5f\sequences\01-01-05-01-02-01-06.npy,5,2048,4,angry,6
01-01-05-01-02-01-07,D:\Ravdess\fusion_pack_5f\sequences\01-01-05-01-02-01-07.npy,5,2048,4,angry,7
01-01-05-01-02-01-08,D:\Ravdess\fusion_pack_5f\sequences\01-01-05-01-02-01-08.npy,5,2048,4,angry,8
01-01-05-01-02-01-09,D:\Ravdess\fusion_pack_5f\sequences\01-01-05-01-02-01-09.npy,5,2048,4,angry,9
01-01-05-01-02-01-10,D:\Ravdess\fusion_pack_5f\sequences\01-01-05-01-02-01-10.npy,5,2048,4,angry,10
01-01-05-01-02-01-11,D:\Ravdess\fusion_pack_5f\sequences\01-01-05-01-02-01-11.npy,5,2048,4,angry,11
01-01-05-01-02-01-12,D:\Ravdess\fusion_pack_5f\sequences\01-01-05-01-02-01-12.npy,5,2048,4,angry,12
01-01-05-01-02-01-13,D:\Ravdess\fusion_pack_5f\sequences\01-01-05-01-02-01-13.npy,5,2048,4,angry,13
01-01-05-01-02-01-14,D:\Ravdess\fusion_pack_5f\sequences\01-01-05-01-02-01-14.npy,5,2048,4,angry,14
01-01-05-01-02-01-16,D:\Ravdess\fusion_pack_5f\sequences\01-01-05-01-02-01-16.npy,5,2048,4,angry,16
01-01-05-01-02-01-17,D:\Ravdess\fusion_pack_5f\sequences\01-01-05-01-02-01-17.npy,5,2048,4,angry,17
01-01-05-01-02-01-18,D:\Ravdess\fusion_pack_5f\sequences\01-01-05-01-02-01-18.npy,5,2048,4,angry,18
01-01-05-01-02-01-19,D:\Ravdess\fusion_pack_5f\sequences\01-01-05-01-02-01-19.npy,5,2048,4,angry,19
01-01-05-01-02-01-20,D:\Ravdess\fusion_pack_5f\sequences\01-01-05-01-02-01-20.npy,5,2048,4,angry,20
01-01-05-01-02-01-21,D:\Ravdess\fusion_pack_5f\sequences\01-01-05-01-02-01-21.npy,5,2048,4,angry,21
01-01-05-01-02-01-22,D:\Ravdess\fusion_pack_5f\sequences\01-01-05-01-02-01-22.npy,5,2048,4,angry,22
01-01-05-01-02-01-23,D:\Ravdess\fusion_pack_5f\sequences\01-01-05-01-02-01-23.npy,5,2048,4,angry,23
01-01-05-01-02-01-24,D:\Ravdess\fusion_pack_5f\sequences\01-01-05-01-02-01-24.npy,5,2048,4,angry,24
01-01-05-01-02-02-01,D:\Ravdess\fusion_pack_5f\sequences\01-01-05-01-02-02-01.npy,5,2048,4,angry,1
01-01-05-01-02-02-02,D:\Ravdess\fusion_pack_5f\sequences\01-01-05-01-02-02-02.npy,5,2048,4,angry,2
01-01-05-01-02-02-03,D:\Ravdess\fusion_pack_5f\sequences\01-01-05-01-02-02-03.npy,5,2048,4,angry,3
01-01-05-01-02-02-04,D:\Ravdess\fusion_pack_5f\sequences\01-01-05-01-02-02-04.npy,5,2048,4,angry,4
01-01-05-01-02-02-05,D:\Ravdess\fusion_pack_5f\sequences\01-01-05-01-02-02-05.npy,5,2048,4,angry,5
01-01-05-01-02-02-06,D:\Ravdess\fusion_pack_5f\sequences\01-01-05-01-02-02-06.npy,5,2048,4,angry,6
01-01-05-01-02-02-07,D:\Ravdess\fusion_pack_5f\sequences\01-01-05-01-02-02-07.npy,5,2048,4,angry,7
01-01-05-01-02-02-08,D:\Ravdess\fusion_pack_5f\sequences\01-01-05-01-02-02-08.npy,5,2048,4,angry,8
01-01-05-01-02-02-09,D:\Ravdess\fusion_pack_5f\sequences\01-01-05-01-02-02-09.npy,5,2048,4,angry,9
01-01-05-01-02-02-10,D:\Ravdess\fusion_pack_5f\sequences\01-01-05-01-02-02-10.npy,5,2048,4,angry,10
01-01-05-01-02-02-11,D:\Ravdess\fusion_pack_5f\sequences\01-01-05-01-02-02-11.npy,5,2048,4,angry,11
01-01-05-01-02-02-12,D:\Ravdess\fusion_pack_5f\sequences\01-01-05-01-02-02-12.npy,5,2048,4,angry,12
01-01-05-01-02-02-13,D:\Ravdess\fusion_pack_5f\sequences\01-01-05-01-02-02-13.npy,5,2048,4,angry,13
01-01-05-01-02-02-14,D:\Ravdess\fusion_pack_5f\sequences\01-01-05-01-02-02-14.npy,5,2048,4,angry,14
01-01-05-01-02-02-16,D:\Ravdess\fusion_pack_5f\sequences\01-01-05-01-02-02-16.npy,5,2048,4,angry,16
01-01-05-01-02-02-17,D:\Ravdess\fusion_pack_5f\sequences\01-01-05-01-02-02-17.npy,5,2048,4,angry,17
01-01-05-01-02-02-18,D:\Ravdess\fusion_pack_5f\sequences\01-01-05-01-02-02-18.npy,5,2048,4,angry,18
01-01-05-01-02-02-19,D:\Ravdess\fusion_pack_5f\sequences\01-01-05-01-02-02-19.npy,5,2048,4,angry,19
01-01-05-01-02-02-20,D:\Ravdess\fusion_pack_5f\sequences\01-01-05-01-02-02-20.npy,5,2048,4,angry,20
01-01-05-01-02-02-21,D:\Ravdess\fusion_pack_5f\sequences\01-01-05-01-02-02-21.npy,5,2048,4,angry,21
01-01-05-01-02-02-22,D:\Ravdess\fusion_pack_5f\sequences\01-01-05-01-02-02-22.npy,5,2048,4,angry,22
01-01-05-01-02-02-23,D:\Ravdess\fusion_pack_5f\sequences\01-01-05-01-02-02-23.npy,5,2048,4,angry,23
01-01-05-01-02-02-24,D:\Ravdess\fusion_pack_5f\sequences\01-01-05-01-02-02-24.npy,5,2048,4,angry,24
01-01-05-02-01-01-01,D:\Ravdess\fusion_pack_5f\sequences\01-01-05-02-01-01-01.npy,5,2048,4,angry,1
01-01-05-02-01-01-02,D:\Ravdess\fusion_pack_5f\sequences\01-01-05-02-01-01-02.npy,5,2048,4,angry,2
01-01-05-02-01-01-03,D:\Ravdess\fusion_pack_5f\sequences\01-01-05-02-01-01-03.npy,5,2048,4,angry,3
01-01-05-02-01-01-04,D:\Ravdess\fusion_pack_5f\sequences\01-01-05-02-01-01-04.npy,5,2048,4,angry,4
01-01-05-02-01-01-05,D:\Ravdess\fusion_pack_5f\sequences\01-01-05-02-01-01-05.npy,5,2048,4,angry,5
01-01-05-02-01-01-06,D:\Ravdess\fusion_pack_5f\sequences\01-01-05-02-01-01-06.npy,5,2048,4,angry,6
01-01-05-02-01-01-07,D:\Ravdess\fusion_pack_5f\sequences\01-01-05-02-01-01-07.npy,5,2048,4,angry,7
01-01-05-02-01-01-08,D:\Ravdess\fusion_pack_5f\sequences\01-01-05-02-01-01-08.npy,5,2048,4,angry,8
01-01-05-02-01-01-09,D:\Ravdess\fusion_pack_5f\sequences\01-01-05-02-01-01-09.npy,5,2048,4,angry,9
01-01-05-02-01-01-10,D:\Ravdess\fusion_pack_5f\sequences\01-01-05-02-01-01-10.npy,5,2048,4,angry,10
01-01-05-02-01-01-11,D:\Ravdess\fusion_pack_5f\sequences\01-01-05-02-01-01-11.npy,5,2048,4,angry,11
01-01-05-02-01-01-12,D:\Ravdess\fusion_pack_5f\sequences\01-01-05-02-01-01-12.npy,5,2048,4,angry,12
01-01-05-02-01-01-13,D:\Ravdess\fusion_pack_5f\sequences\01-01-05-02-01-01-13.npy,5,2048,4,angry,13
01-01-05-02-01-01-14,D:\Ravdess\fusion_pack_5f\sequences\01-01-05-02-01-01-14.npy,5,2048,4,angry,14
01-01-05-02-01-01-16,D:\Ravdess\fusion_pack_5f\sequences\01-01-05-02-01-01-16.npy,5,2048,4,angry,16
01-01-05-02-01-01-17,D:\Ravdess\fusion_pack_5f\sequences\01-01-05-02-01-01-17.npy,5,2048,4,angry,17
01-01-05-02-01-01-18,D:\Ravdess\fusion_pack_5f\sequences\01-01-05-02-01-01-18.npy,5,2048,4,angry,18
01-01-05-02-01-01-19,D:\Ravdess\fusion_pack_5f\sequences\01-01-05-02-01-01-19.npy,5,2048,4,angry,19
01-01-05-02-01-01-20,D:\Ravdess\fusion_pack_5f\sequences\01-01-05-02-01-01-20.npy,5,2048,4,angry,20
01-01-05-02-01-01-21,D:\Ravdess\fusion_pack_5f\sequences\01-01-05-02-01-01-21.npy,5,2048,4,angry,21
01-01-05-02-01-01-22,D:\Ravdess\fusion_pack_5f\sequences\01-01-05-02-01-01-22.npy,5,2048,4,angry,22
01-01-05-02-01-01-23,D:\Ravdess\fusion_pack_5f\sequences\01-01-05-02-01-01-23.npy,5,2048,4,angry,23
01-01-05-02-01-01-24,D:\Ravdess\fusion_pack_5f\sequences\01-01-05-02-01-01-24.npy,5,2048,4,angry,24
01-01-05-02-01-02-01,D:\Ravdess\fusion_pack_5f\sequences\01-01-05-02-01-02-01.npy,5,2048,4,angry,1
01-01-05-02-01-02-02,D:\Ravdess\fusion_pack_5f\sequences\01-01-05-02-01-02-02.npy,5,2048,4,angry,2
01-01-05-02-01-02-03,D:\Ravdess\fusion_pack_5f\sequences\01-01-05-02-01-02-03.npy,5,2048,4,angry,3
01-01-05-02-01-02-04,D:\Ravdess\fusion_pack_5f\sequences\01-01-05-02-01-02-04.npy,5,2048,4,angry,4
01-01-05-02-01-02-05,D:\Ravdess\fusion_pack_5f\sequences\01-01-05-02-01-02-05.npy,5,2048,4,angry,5
01-01-05-02-01-02-06,D:\Ravdess\fusion_pack_5f\sequences\01-01-05-02-01-02-06.npy,5,2048,4,angry,6
01-01-05-02-01-02-07,D:\Ravdess\fusion_pack_5f\sequences\01-01-05-02-01-02-07.npy,5,2048,4,angry,7
01-01-05-02-01-02-08,D:\Ravdess\fusion_pack_5f\sequences\01-01-05-02-01-02-08.npy,5,2048,4,angry,8
01-01-05-02-01-02-09,D:\Ravdess\fusion_pack_5f\sequences\01-01-05-02-01-02-09.npy,5,2048,4,angry,9
01-01-05-02-01-02-10,D:\Ravdess\fusion_pack_5f\sequences\01-01-05-02-01-02-10.npy,5,2048,4,angry,10
01-01-05-02-01-02-11,D:\Ravdess\fusion_pack_5f\sequences\01-01-05-02-01-02-11.npy,5,2048,4,angry,11
01-01-05-02-01-02-12,D:\Ravdess\fusion_pack_5f\sequences\01-01-05-02-01-02-12.npy,5,2048,4,angry,12
01-01-05-02-01-02-13,D:\Ravdess\fusion_pack_5f\sequences\01-01-05-02-01-02-13.npy,5,2048,4,angry,13
01-01-05-02-01-02-14,D:\Ravdess\fusion_pack_5f\sequences\01-01-05-02-01-02-14.npy,5,2048,4,angry,14
01-01-05-02-01-02-16,D:\Ravdess\fusion_pack_5f\sequences\01-01-05-02-01-02-16.npy,5,2048,4,angry,16
01-01-05-02-01-02-17,D:\Ravdess\fusion_pack_5f\sequences\01-01-05-02-01-02-17.npy,5,2048,4,angry,17
01-01-05-02-01-02-18,D:\Ravdess\fusion_pack_5f\sequences\01-01-05-02-01-02-18.npy,5,2048,4,angry,18
01-01-05-02-01-02-19,D:\Ravdess\fusion_pack_5f\sequences\01-01-05-02-01-02-19.npy,5,2048,4,angry,19
01-01-05-02-01-02-20,D:\Ravdess\fusion_pack_5f\sequences\01-01-05-02-01-02-20.npy,5,2048,4,angry,20
01-01-05-02-01-02-21,D:\Ravdess\fusion_pack_5f\sequences\01-01-05-02-01-02-21.npy,5,2048,4,angry,21
01-01-05-02-01-02-22,D:\Ravdess\fusion_pack_5f\sequences\01-01-05-02-01-02-22.npy,5,2048,4,angry,22
01-01-05-02-01-02-23,D:\Ravdess\fusion_pack_5f\sequences\01-01-05-02-01-02-23.npy,5,2048,4,angry,23
01-01-05-02-01-02-24,D:\Ravdess\fusion_pack_5f\sequences\01-01-05-02-01-02-24.npy,5,2048,4,angry,24
01-01-05-02-02-01-01,D:\Ravdess\fusion_pack_5f\sequences\01-01-05-02-02-01-01.npy,5,2048,4,angry,1
01-01-05-02-02-01-02,D:\Ravdess\fusion_pack_5f\sequences\01-01-05-02-02-01-02.npy,5,2048,4,angry,2
01-01-05-02-02-01-03,D:\Ravdess\fusion_pack_5f\sequences\01-01-05-02-02-01-03.npy,5,2048,4,angry,3
01-01-05-02-02-01-04,D:\Ravdess\fusion_pack_5f\sequences\01-01-05-02-02-01-04.npy,5,2048,4,angry,4
01-01-05-02-02-01-05,D:\Ravdess\fusion_pack_5f\sequences\01-01-05-02-02-01-05.npy,5,2048,4,angry,5
01-01-05-02-02-01-06,D:\Ravdess\fusion_pack_5f\sequences\01-01-05-02-02-01-06.npy,5,2048,4,angry,6
01-01-05-02-02-01-07,D:\Ravdess\fusion_pack_5f\sequences\01-01-05-02-02-01-07.npy,5,2048,4,angry,7
01-01-05-02-02-01-08,D:\Ravdess\fusion_pack_5f\sequences\01-01-05-02-02-01-08.npy,5,2048,4,angry,8
01-01-05-02-02-01-09,D:\Ravdess\fusion_pack_5f\sequences\01-01-05-02-02-01-09.npy,5,2048,4,angry,9
01-01-05-02-02-01-10,D:\Ravdess\fusion_pack_5f\sequences\01-01-05-02-02-01-10.npy,5,2048,4,angry,10
01-01-05-02-02-01-11,D:\Ravdess\fusion_pack_5f\sequences\01-01-05-02-02-01-11.npy,5,2048,4,angry,11
01-01-05-02-02-01-12,D:\Ravdess\fusion_pack_5f\sequences\01-01-05-02-02-01-12.npy,5,2048,4,angry,12
01-01-05-02-02-01-13,D:\Ravdess\fusion_pack_5f\sequences\01-01-05-02-02-01-13.npy,5,2048,4,angry,13
01-01-05-02-02-01-14,D:\Ravdess\fusion_pack_5f\sequences\01-01-05-02-02-01-14.npy,5,2048,4,angry,14
01-01-05-02-02-01-16,D:\Ravdess\fusion_pack_5f\sequences\01-01-05-02-02-01-16.npy,5,2048,4,angry,16
01-01-05-02-02-01-17,D:\Ravdess\fusion_pack_5f\sequences\01-01-05-02-02-01-17.npy,5,2048,4,angry,17
01-01-05-02-02-01-18,D:\Ravdess\fusion_pack_5f\sequences\01-01-05-02-02-01-18.npy,5,2048,4,angry,18
01-01-05-02-02-01-19,D:\Ravdess\fusion_pack_5f\sequences\01-01-05-02-02-01-19.npy,5,2048,4,angry,19
01-01-05-02-02-01-20,D:\Ravdess\fusion_pack_5f\sequences\01-01-05-02-02-01-20.npy,5,2048,4,angry,20
01-01-05-02-02-01-21,D:\Ravdess\fusion_pack_5f\sequences\01-01-05-02-02-01-21.npy,5,2048,4,angry,21
01-01-05-02-02-01-22,D:\Ravdess\fusion_pack_5f\sequences\01-01-05-02-02-01-22.npy,5,2048,4,angry,22
01-01-05-02-02-01-23,D:\Ravdess\fusion_pack_5f\sequences\01-01-05-02-02-01-23.npy,5,2048,4,angry,23
01-01-05-02-02-01-24,D:\Ravdess\fusion_pack_5f\sequences\01-01-05-02-02-01-24.npy,5,2048,4,angry,24
01-01-05-02-02-02-01,D:\Ravdess\fusion_pack_5f\sequences\01-01-05-02-02-02-01.npy,5,2048,4,angry,1
01-01-05-02-02-02-02,D:\Ravdess\fusion_pack_5f\sequences\01-01-05-02-02-02-02.npy,5,2048,4,angry,2
01-01-05-02-02-02-03,D:\Ravdess\fusion_pack_5f\sequences\01-01-05-02-02-02-03.npy,5,2048,4,angry,3
01-01-05-02-02-02-04,D:\Ravdess\fusion_pack_5f\sequences\01-01-05-02-02-02-04.npy,5,2048,4,angry,4
01-01-05-02-02-02-05,D:\Ravdess\fusion_pack_5f\sequences\01-01-05-02-02-02-05.npy,5,2048,4,angry,5
01-01-05-02-02-02-06,D:\Ravdess\fusion_pack_5f\sequences\01-01-05-02-02-02-06.npy,5,2048,4,angry,6
01-01-05-02-02-02-07,D:\Ravdess\fusion_pack_5f\sequences\01-01-05-02-02-02-07.npy,5,2048,4,angry,7
01-01-05-02-02-02-08,D:\Ravdess\fusion_pack_5f\sequences\01-01-05-02-02-02-08.npy,5,2048,4,angry,8
01-01-05-02-02-02-09,D:\Ravdess\fusion_pack_5f\sequences\01-01-05-02-02-02-09.npy,5,2048,4,angry,9
01-01-05-02-02-02-10,D:\Ravdess\fusion_pack_5f\sequences\01-01-05-02-02-02-10.npy,5,2048,4,angry,10
01-01-05-02-02-02-11,D:\Ravdess\fusion_pack_5f\sequences\01-01-05-02-02-02-11.npy,5,2048,4,angry,11
01-01-05-02-02-02-12,D:\Ravdess\fusion_pack_5f\sequences\01-01-05-02-02-02-12.npy,5,2048,4,angry,12
01-01-05-02-02-02-13,D:\Ravdess\fusion_pack_5f\sequences\01-01-05-02-02-02-13.npy,5,2048,4,angry,13
01-01-05-02-02-02-14,D:\Ravdess\fusion_pack_5f\sequences\01-01-05-02-02-02-14.npy,5,2048,4,angry,14
01-01-05-02-02-02-16,D:\Ravdess\fusion_pack_5f\sequences\01-01-05-02-02-02-16.npy,5,2048,4,angry,16
01-01-05-02-02-02-17,D:\Ravdess\fusion_pack_5f\sequences\01-01-05-02-02-02-17.npy,5,2048,4,angry,17
01-01-05-02-02-02-18,D:\Ravdess\fusion_pack_5f\sequences\01-01-05-02-02-02-18.npy,5,2048,4,angry,18
01-01-05-02-02-02-19,D:\Ravdess\fusion_pack_5f\sequences\01-01-05-02-02-02-19.npy,5,2048,4,angry,19
01-01-05-02-02-02-20,D:\Ravdess\fusion_pack_5f\sequences\01-01-05-02-02-02-20.npy,5,2048,4,angry,20
01-01-05-02-02-02-21,D:\Ravdess\fusion_pack_5f\sequences\01-01-05-02-02-02-21.npy,5,2048,4,angry,21
01-01-05-02-02-02-22,D:\Ravdess\fusion_pack_5f\sequences\01-01-05-02-02-02-22.npy,5,2048,4,angry,22
01-01-05-02-02-02-23,D:\Ravdess\fusion_pack_5f\sequences\01-01-05-02-02-02-23.npy,5,2048,4,angry,23
01-01-05-02-02-02-24,D:\Ravdess\fusion_pack_5f\sequences\01-01-05-02-02-02-24.npy,5,2048,4,angry,24
01-01-06-01-01-01-01,D:\Ravdess\fusion_pack_5f\sequences\01-01-06-01-01-01-01.npy,5,2048,5,fearful,1
01-01-06-01-01-01-02,D:\Ravdess\fusion_pack_5f\sequences\01-01-06-01-01-01-02.npy,5,2048,5,fearful,2
01-01-06-01-01-01-03,D:\Ravdess\fusion_pack_5f\sequences\01-01-06-01-01-01-03.npy,5,2048,5,fearful,3
01-01-06-01-01-01-04,D:\Ravdess\fusion_pack_5f\sequences\01-01-06-01-01-01-04.npy,5,2048,5,fearful,4
01-01-06-01-01-01-05,D:\Ravdess\fusion_pack_5f\sequences\01-01-06-01-01-01-05.npy,5,2048,5,fearful,5
01-01-06-01-01-01-06,D:\Ravdess\fusion_pack_5f\sequences\01-01-06-01-01-01-06.npy,5,2048,5,fearful,6
01-01-06-01-01-01-07,D:\Ravdess\fusion_pack_5f\sequences\01-01-06-01-01-01-07.npy,5,2048,5,fearful,7
01-01-06-01-01-01-08,D:\Ravdess\fusion_pack_5f\sequences\01-01-06-01-01-01-08.npy,5,2048,5,fearful,8
01-01-06-01-01-01-09,D:\Ravdess\fusion_pack_5f\sequences\01-01-06-01-01-01-09.npy,5,2048,5,fearful,9
01-01-06-01-01-01-10,D:\Ravdess\fusion_pack_5f\sequences\01-01-06-01-01-01-10.npy,5,2048,5,fearful,10
01-01-06-01-01-01-11,D:\Ravdess\fusion_pack_5f\sequences\01-01-06-01-01-01-11.npy,5,2048,5,fearful,11
01-01-06-01-01-01-12,D:\Ravdess\fusion_pack_5f\sequences\01-01-06-01-01-01-12.npy,5,2048,5,fearful,12
01-01-06-01-01-01-13,D:\Ravdess\fusion_pack_5f\sequences\01-01-06-01-01-01-13.npy,5,2048,5,fearful,13
01-01-06-01-01-01-14,D:\Ravdess\fusion_pack_5f\sequences\01-01-06-01-01-01-14.npy,5,2048,5,fearful,14
01-01-06-01-01-01-16,D:\Ravdess\fusion_pack_5f\sequences\01-01-06-01-01-01-16.npy,5,2048,5,fearful,16
01-01-06-01-01-01-17,D:\Ravdess\fusion_pack_5f\sequences\01-01-06-01-01-01-17.npy,5,2048,5,fearful,17
01-01-06-01-01-01-18,D:\Ravdess\fusion_pack_5f\sequences\01-01-06-01-01-01-18.npy,5,2048,5,fearful,18
01-01-06-01-01-01-19,D:\Ravdess\fusion_pack_5f\sequences\01-01-06-01-01-01-19.npy,5,2048,5,fearful,19
01-01-06-01-01-01-20,D:\Ravdess\fusion_pack_5f\sequences\01-01-06-01-01-01-20.npy,5,2048,5,fearful,20
01-01-06-01-01-01-21,D:\Ravdess\fusion_pack_5f\sequences\01-01-06-01-01-01-21.npy,5,2048,5,fearful,21
01-01-06-01-01-01-22,D:\Ravdess\fusion_pack_5f\sequences\01-01-06-01-01-01-22.npy,5,2048,5,fearful,22
01-01-06-01-01-01-23,D:\Ravdess\fusion_pack_5f\sequences\01-01-06-01-01-01-23.npy,5,2048,5,fearful,23
01-01-06-01-01-01-24,D:\Ravdess\fusion_pack_5f\sequences\01-01-06-01-01-01-24.npy,5,2048,5,fearful,24
01-01-06-01-01-02-01,D:\Ravdess\fusion_pack_5f\sequences\01-01-06-01-01-02-01.npy,5,2048,5,fearful,1
01-01-06-01-01-02-02,D:\Ravdess\fusion_pack_5f\sequences\01-01-06-01-01-02-02.npy,5,2048,5,fearful,2
01-01-06-01-01-02-03,D:\Ravdess\fusion_pack_5f\sequences\01-01-06-01-01-02-03.npy,5,2048,5,fearful,3
01-01-06-01-01-02-04,D:\Ravdess\fusion_pack_5f\sequences\01-01-06-01-01-02-04.npy,5,2048,5,fearful,4
01-01-06-01-01-02-05,D:\Ravdess\fusion_pack_5f\sequences\01-01-06-01-01-02-05.npy,5,2048,5,fearful,5
01-01-06-01-01-02-06,D:\Ravdess\fusion_pack_5f\sequences\01-01-06-01-01-02-06.npy,5,2048,5,fearful,6
01-01-06-01-01-02-07,D:\Ravdess\fusion_pack_5f\sequences\01-01-06-01-01-02-07.npy,5,2048,5,fearful,7
01-01-06-01-01-02-08,D:\Ravdess\fusion_pack_5f\sequences\01-01-06-01-01-02-08.npy,5,2048,5,fearful,8
01-01-06-01-01-02-09,D:\Ravdess\fusion_pack_5f\sequences\01-01-06-01-01-02-09.npy,5,2048,5,fearful,9
01-01-06-01-01-02-10,D:\Ravdess\fusion_pack_5f\sequences\01-01-06-01-01-02-10.npy,5,2048,5,fearful,10
01-01-06-01-01-02-11,D:\Ravdess\fusion_pack_5f\sequences\01-01-06-01-01-02-11.npy,5,2048,5,fearful,11
01-01-06-01-01-02-12,D:\Ravdess\fusion_pack_5f\sequences\01-01-06-01-01-02-12.npy,5,2048,5,fearful,12
01-01-06-01-01-02-13,D:\Ravdess\fusion_pack_5f\sequences\01-01-06-01-01-02-13.npy,5,2048,5,fearful,13
01-01-06-01-01-02-14,D:\Ravdess\fusion_pack_5f\sequences\01-01-06-01-01-02-14.npy,5,2048,5,fearful,14
01-01-06-01-01-02-16,D:\Ravdess\fusion_pack_5f\sequences\01-01-06-01-01-02-16.npy,5,2048,5,fearful,16
01-01-06-01-01-02-17,D:\Ravdess\fusion_pack_5f\sequences\01-01-06-01-01-02-17.npy,5,2048,5,fearful,17
01-01-06-01-01-02-18,D:\Ravdess\fusion_pack_5f\sequences\01-01-06-01-01-02-18.npy,5,2048,5,fearful,18
01-01-06-01-01-02-19,D:\Ravdess\fusion_pack_5f\sequences\01-01-06-01-01-02-19.npy,5,2048,5,fearful,19
01-01-06-01-01-02-20,D:\Ravdess\fusion_pack_5f\sequences\01-01-06-01-01-02-20.npy,5,2048,5,fearful,20
01-01-06-01-01-02-21,D:\Ravdess\fusion_pack_5f\sequences\01-01-06-01-01-02-21.npy,5,2048,5,fearful,21
01-01-06-01-01-02-22,D:\Ravdess\fusion_pack_5f\sequences\01-01-06-01-01-02-22.npy,5,2048,5,fearful,22
01-01-06-01-01-02-23,D:\Ravdess\fusion_pack_5f\sequences\01-01-06-01-01-02-23.npy,5,2048,5,fearful,23
01-01-06-01-01-02-24,D:\Ravdess\fusion_pack_5f\sequences\01-01-06-01-01-02-24.npy,5,2048,5,fearful,24
01-01-06-01-02-01-01,D:\Ravdess\fusion_pack_5f\sequences\01-01-06-01-02-01-01.npy,5,2048,5,fearful,1
01-01-06-01-02-01-02,D:\Ravdess\fusion_pack_5f\sequences\01-01-06-01-02-01-02.npy,5,2048,5,fearful,2
01-01-06-01-02-01-03,D:\Ravdess\fusion_pack_5f\sequences\01-01-06-01-02-01-03.npy,5,2048,5,fearful,3
01-01-06-01-02-01-04,D:\Ravdess\fusion_pack_5f\sequences\01-01-06-01-02-01-04.npy,5,2048,5,fearful,4
01-01-06-01-02-01-05,D:\Ravdess\fusion_pack_5f\sequences\01-01-06-01-02-01-05.npy,5,2048,5,fearful,5
01-01-06-01-02-01-06,D:\Ravdess\fusion_pack_5f\sequences\01-01-06-01-02-01-06.npy,5,2048,5,fearful,6
01-01-06-01-02-01-07,D:\Ravdess\fusion_pack_5f\sequences\01-01-06-01-02-01-07.npy,5,2048,5,fearful,7
01-01-06-01-02-01-08,D:\Ravdess\fusion_pack_5f\sequences\01-01-06-01-02-01-08.npy,5,2048,5,fearful,8
01-01-06-01-02-01-09,D:\Ravdess\fusion_pack_5f\sequences\01-01-06-01-02-01-09.npy,5,2048,5,fearful,9
01-01-06-01-02-01-10,D:\Ravdess\fusion_pack_5f\sequences\01-01-06-01-02-01-10.npy,5,2048,5,fearful,10
01-01-06-01-02-01-11,D:\Ravdess\fusion_pack_5f\sequences\01-01-06-01-02-01-11.npy,5,2048,5,fearful,11
01-01-06-01-02-01-12,D:\Ravdess\fusion_pack_5f\sequences\01-01-06-01-02-01-12.npy,5,2048,5,fearful,12
01-01-06-01-02-01-13,D:\Ravdess\fusion_pack_5f\sequences\01-01-06-01-02-01-13.npy,5,2048,5,fearful,13
01-01-06-01-02-01-14,D:\Ravdess\fusion_pack_5f\sequences\01-01-06-01-02-01-14.npy,5,2048,5,fearful,14
01-01-06-01-02-01-16,D:\Ravdess\fusion_pack_5f\sequences\01-01-06-01-02-01-16.npy,5,2048,5,fearful,16
01-01-06-01-02-01-17,D:\Ravdess\fusion_pack_5f\sequences\01-01-06-01-02-01-17.npy,5,2048,5,fearful,17
01-01-06-01-02-01-18,D:\Ravdess\fusion_pack_5f\sequences\01-01-06-01-02-01-18.npy,5,2048,5,fearful,18
01-01-06-01-02-01-19,D:\Ravdess\fusion_pack_5f\sequences\01-01-06-01-02-01-19.npy,5,2048,5,fearful,19
01-01-06-01-02-01-20,D:\Ravdess\fusion_pack_5f\sequences\01-01-06-01-02-01-20.npy,5,2048,5,fearful,20
01-01-06-01-02-01-21,D:\Ravdess\fusion_pack_5f\sequences\01-01-06-01-02-01-21.npy,5,2048,5,fearful,21
01-01-06-01-02-01-22,D:\Ravdess\fusion_pack_5f\sequences\01-01-06-01-02-01-22.npy,5,2048,5,fearful,22
01-01-06-01-02-01-23,D:\Ravdess\fusion_pack_5f\sequences\01-01-06-01-02-01-23.npy,5,2048,5,fearful,23
01-01-06-01-02-01-24,D:\Ravdess\fusion_pack_5f\sequences\01-01-06-01-02-01-24.npy,5,2048,5,fearful,24
01-01-06-01-02-02-01,D:\Ravdess\fusion_pack_5f\sequences\01-01-06-01-02-02-01.npy,5,2048,5,fearful,1
01-01-06-01-02-02-02,D:\Ravdess\fusion_pack_5f\sequences\01-01-06-01-02-02-02.npy,5,2048,5,fearful,2
01-01-06-01-02-02-03,D:\Ravdess\fusion_pack_5f\sequences\01-01-06-01-02-02-03.npy,5,2048,5,fearful,3
01-01-06-01-02-02-04,D:\Ravdess\fusion_pack_5f\sequences\01-01-06-01-02-02-04.npy,5,2048,5,fearful,4
01-01-06-01-02-02-05,D:\Ravdess\fusion_pack_5f\sequences\01-01-06-01-02-02-05.npy,5,2048,5,fearful,5
01-01-06-01-02-02-06,D:\Ravdess\fusion_pack_5f\sequences\01-01-06-01-02-02-06.npy,5,2048,5,fearful,6
01-01-06-01-02-02-07,D:\Ravdess\fusion_pack_5f\sequences\01-01-06-01-02-02-07.npy,5,2048,5,fearful,7
01-01-06-01-02-02-08,D:\Ravdess\fusion_pack_5f\sequences\01-01-06-01-02-02-08.npy,5,2048,5,fearful,8
01-01-06-01-02-02-09,D:\Ravdess\fusion_pack_5f\sequences\01-01-06-01-02-02-09.npy,5,2048,5,fearful,9
01-01-06-01-02-02-10,D:\Ravdess\fusion_pack_5f\sequences\01-01-06-01-02-02-10.npy,5,2048,5,fearful,10
01-01-06-01-02-02-11,D:\Ravdess\fusion_pack_5f\sequences\01-01-06-01-02-02-11.npy,5,2048,5,fearful,11
01-01-06-01-02-02-12,D:\Ravdess\fusion_pack_5f\sequences\01-01-06-01-02-02-12.npy,5,2048,5,fearful,12
01-01-06-01-02-02-13,D:\Ravdess\fusion_pack_5f\sequences\01-01-06-01-02-02-13.npy,5,2048,5,fearful,13
01-01-06-01-02-02-14,D:\Ravdess\fusion_pack_5f\sequences\01-01-06-01-02-02-14.npy,5,2048,5,fearful,14
01-01-06-01-02-02-16,D:\Ravdess\fusion_pack_5f\sequences\01-01-06-01-02-02-16.npy,5,2048,5,fearful,16
01-01-06-01-02-02-17,D:\Ravdess\fusion_pack_5f\sequences\01-01-06-01-02-02-17.npy,5,2048,5,fearful,17
01-01-06-01-02-02-18,D:\Ravdess\fusion_pack_5f\sequences\01-01-06-01-02-02-18.npy,5,2048,5,fearful,18
01-01-06-01-02-02-19,D:\Ravdess\fusion_pack_5f\sequences\01-01-06-01-02-02-19.npy,5,2048,5,fearful,19
01-01-06-01-02-02-20,D:\Ravdess\fusion_pack_5f\sequences\01-01-06-01-02-02-20.npy,5,2048,5,fearful,20
01-01-06-01-02-02-21,D:\Ravdess\fusion_pack_5f\sequences\01-01-06-01-02-02-21.npy,5,2048,5,fearful,21
01-01-06-01-02-02-22,D:\Ravdess\fusion_pack_5f\sequences\01-01-06-01-02-02-22.npy,5,2048,5,fearful,22
01-01-06-01-02-02-23,D:\Ravdess\fusion_pack_5f\sequences\01-01-06-01-02-02-23.npy,5,2048,5,fearful,23
01-01-06-01-02-02-24,D:\Ravdess\fusion_pack_5f\sequences\01-01-06-01-02-02-24.npy,5,2048,5,fearful,24
01-01-06-02-01-01-01,D:\Ravdess\fusion_pack_5f\sequences\01-01-06-02-01-01-01.npy,5,2048,5,fearful,1
01-01-06-02-01-01-02,D:\Ravdess\fusion_pack_5f\sequences\01-01-06-02-01-01-02.npy,5,2048,5,fearful,2
01-01-06-02-01-01-03,D:\Ravdess\fusion_pack_5f\sequences\01-01-06-02-01-01-03.npy,5,2048,5,fearful,3
01-01-06-02-01-01-04,D:\Ravdess\fusion_pack_5f\sequences\01-01-06-02-01-01-04.npy,5,2048,5,fearful,4
01-01-06-02-01-01-05,D:\Ravdess\fusion_pack_5f\sequences\01-01-06-02-01-01-05.npy,5,2048,5,fearful,5
01-01-06-02-01-01-06,D:\Ravdess\fusion_pack_5f\sequences\01-01-06-02-01-01-06.npy,5,2048,5,fearful,6
01-01-06-02-01-01-07,D:\Ravdess\fusion_pack_5f\sequences\01-01-06-02-01-01-07.npy,5,2048,5,fearful,7
01-01-06-02-01-01-08,D:\Ravdess\fusion_pack_5f\sequences\01-01-06-02-01-01-08.npy,5,2048,5,fearful,8
01-01-06-02-01-01-09,D:\Ravdess\fusion_pack_5f\sequences\01-01-06-02-01-01-09.npy,5,2048,5,fearful,9
01-01-06-02-01-01-10,D:\Ravdess\fusion_pack_5f\sequences\01-01-06-02-01-01-10.npy,5,2048,5,fearful,10
01-01-06-02-01-01-11,D:\Ravdess\fusion_pack_5f\sequences\01-01-06-02-01-01-11.npy,5,2048,5,fearful,11
01-01-06-02-01-01-12,D:\Ravdess\fusion_pack_5f\sequences\01-01-06-02-01-01-12.npy,5,2048,5,fearful,12
01-01-06-02-01-01-13,D:\Ravdess\fusion_pack_5f\sequences\01-01-06-02-01-01-13.npy,5,2048,5,fearful,13
01-01-06-02-01-01-14,D:\Ravdess\fusion_pack_5f\sequences\01-01-06-02-01-01-14.npy,5,2048,5,fearful,14
01-01-06-02-01-01-16,D:\Ravdess\fusion_pack_5f\sequences\01-01-06-02-01-01-16.npy,5,2048,5,fearful,16
01-01-06-02-01-01-17,D:\Ravdess\fusion_pack_5f\sequences\01-01-06-02-01-01-17.npy,5,2048,5,fearful,17
01-01-06-02-01-01-18,D:\Ravdess\fusion_pack_5f\sequences\01-01-06-02-01-01-18.npy,5,2048,5,fearful,18
01-01-06-02-01-01-19,D:\Ravdess\fusion_pack_5f\sequences\01-01-06-02-01-01-19.npy,5,2048,5,fearful,19
01-01-06-02-01-01-20,D:\Ravdess\fusion_pack_5f\sequences\01-01-06-02-01-01-20.npy,5,2048,5,fearful,20
01-01-06-02-01-01-21,D:\Ravdess\fusion_pack_5f\sequences\01-01-06-02-01-01-21.npy,5,2048,5,fearful,21
01-01-06-02-01-01-22,D:\Ravdess\fusion_pack_5f\sequences\01-01-06-02-01-01-22.npy,5,2048,5,fearful,22
01-01-06-02-01-01-23,D:\Ravdess\fusion_pack_5f\sequences\01-01-06-02-01-01-23.npy,5,2048,5,fearful,23
01-01-06-02-01-01-24,D:\Ravdess\fusion_pack_5f\sequences\01-01-06-02-01-01-24.npy,5,2048,5,fearful,24
01-01-06-02-01-02-01,D:\Ravdess\fusion_pack_5f\sequences\01-01-06-02-01-02-01.npy,5,2048,5,fearful,1
01-01-06-02-01-02-02,D:\Ravdess\fusion_pack_5f\sequences\01-01-06-02-01-02-02.npy,5,2048,5,fearful,2
01-01-06-02-01-02-03,D:\Ravdess\fusion_pack_5f\sequences\01-01-06-02-01-02-03.npy,5,2048,5,fearful,3
01-01-06-02-01-02-04,D:\Ravdess\fusion_pack_5f\sequences\01-01-06-02-01-02-04.npy,5,2048,5,fearful,4
01-01-06-02-01-02-05,D:\Ravdess\fusion_pack_5f\sequences\01-01-06-02-01-02-05.npy,5,2048,5,fearful,5
01-01-06-02-01-02-06,D:\Ravdess\fusion_pack_5f\sequences\01-01-06-02-01-02-06.npy,5,2048,5,fearful,6
01-01-06-02-01-02-07,D:\Ravdess\fusion_pack_5f\sequences\01-01-06-02-01-02-07.npy,5,2048,5,fearful,7
01-01-06-02-01-02-08,D:\Ravdess\fusion_pack_5f\sequences\01-01-06-02-01-02-08.npy,5,2048,5,fearful,8
01-01-06-02-01-02-09,D:\Ravdess\fusion_pack_5f\sequences\01-01-06-02-01-02-09.npy,5,2048,5,fearful,9
01-01-06-02-01-02-10,D:\Ravdess\fusion_pack_5f\sequences\01-01-06-02-01-02-10.npy,5,2048,5,fearful,10
01-01-06-02-01-02-11,D:\Ravdess\fusion_pack_5f\sequences\01-01-06-02-01-02-11.npy,5,2048,5,fearful,11
01-01-06-02-01-02-12,D:\Ravdess\fusion_pack_5f\sequences\01-01-06-02-01-02-12.npy,5,2048,5,fearful,12
01-01-06-02-01-02-13,D:\Ravdess\fusion_pack_5f\sequences\01-01-06-02-01-02-13.npy,5,2048,5,fearful,13
01-01-06-02-01-02-14,D:\Ravdess\fusion_pack_5f\sequences\01-01-06-02-01-02-14.npy,5,2048,5,fearful,14
01-01-06-02-01-02-16,D:\Ravdess\fusion_pack_5f\sequences\01-01-06-02-01-02-16.npy,5,2048,5,fearful,16
01-01-06-02-01-02-17,D:\Ravdess\fusion_pack_5f\sequences\01-01-06-02-01-02-17.npy,5,2048,5,fearful,17
01-01-06-02-01-02-18,D:\Ravdess\fusion_pack_5f\sequences\01-01-06-02-01-02-18.npy,5,2048,5,fearful,18
01-01-06-02-01-02-19,D:\Ravdess\fusion_pack_5f\sequences\01-01-06-02-01-02-19.npy,5,2048,5,fearful,19
01-01-06-02-01-02-20,D:\Ravdess\fusion_pack_5f\sequences\01-01-06-02-01-02-20.npy,5,2048,5,fearful,20
01-01-06-02-01-02-21,D:\Ravdess\fusion_pack_5f\sequences\01-01-06-02-01-02-21.npy,5,2048,5,fearful,21
01-01-06-02-01-02-22,D:\Ravdess\fusion_pack_5f\sequences\01-01-06-02-01-02-22.npy,5,2048,5,fearful,22
01-01-06-02-01-02-23,D:\Ravdess\fusion_pack_5f\sequences\01-01-06-02-01-02-23.npy,5,2048,5,fearful,23
01-01-06-02-01-02-24,D:\Ravdess\fusion_pack_5f\sequences\01-01-06-02-01-02-24.npy,5,2048,5,fearful,24
01-01-06-02-02-01-01,D:\Ravdess\fusion_pack_5f\sequences\01-01-06-02-02-01-01.npy,5,2048,5,fearful,1
01-01-06-02-02-01-02,D:\Ravdess\fusion_pack_5f\sequences\01-01-06-02-02-01-02.npy,5,2048,5,fearful,2
01-01-06-02-02-01-03,D:\Ravdess\fusion_pack_5f\sequences\01-01-06-02-02-01-03.npy,5,2048,5,fearful,3
01-01-06-02-02-01-04,D:\Ravdess\fusion_pack_5f\sequences\01-01-06-02-02-01-04.npy,5,2048,5,fearful,4
01-01-06-02-02-01-05,D:\Ravdess\fusion_pack_5f\sequences\01-01-06-02-02-01-05.npy,5,2048,5,fearful,5
01-01-06-02-02-01-06,D:\Ravdess\fusion_pack_5f\sequences\01-01-06-02-02-01-06.npy,5,2048,5,fearful,6
01-01-06-02-02-01-07,D:\Ravdess\fusion_pack_5f\sequences\01-01-06-02-02-01-07.npy,5,2048,5,fearful,7
01-01-06-02-02-01-08,D:\Ravdess\fusion_pack_5f\sequences\01-01-06-02-02-01-08.npy,5,2048,5,fearful,8
01-01-06-02-02-01-09,D:\Ravdess\fusion_pack_5f\sequences\01-01-06-02-02-01-09.npy,5,2048,5,fearful,9
01-01-06-02-02-01-10,D:\Ravdess\fusion_pack_5f\sequences\01-01-06-02-02-01-10.npy,5,2048,5,fearful,10
01-01-06-02-02-01-11,D:\Ravdess\fusion_pack_5f\sequences\01-01-06-02-02-01-11.npy,5,2048,5,fearful,11
01-01-06-02-02-01-12,D:\Ravdess\fusion_pack_5f\sequences\01-01-06-02-02-01-12.npy,5,2048,5,fearful,12
01-01-06-02-02-01-13,D:\Ravdess\fusion_pack_5f\sequences\01-01-06-02-02-01-13.npy,5,2048,5,fearful,13
01-01-06-02-02-01-14,D:\Ravdess\fusion_pack_5f\sequences\01-01-06-02-02-01-14.npy,5,2048,5,fearful,14
01-01-06-02-02-01-16,D:\Ravdess\fusion_pack_5f\sequences\01-01-06-02-02-01-16.npy,5,2048,5,fearful,16
01-01-06-02-02-01-17,D:\Ravdess\fusion_pack_5f\sequences\01-01-06-02-02-01-17.npy,5,2048,5,fearful,17
01-01-06-02-02-01-18,D:\Ravdess\fusion_pack_5f\sequences\01-01-06-02-02-01-18.npy,5,2048,5,fearful,18
01-01-06-02-02-01-19,D:\Ravdess\fusion_pack_5f\sequences\01-01-06-02-02-01-19.npy,5,2048,5,fearful,19
01-01-06-02-02-01-20,D:\Ravdess\fusion_pack_5f\sequences\01-01-06-02-02-01-20.npy,5,2048,5,fearful,20
01-01-06-02-02-01-21,D:\Ravdess\fusion_pack_5f\sequences\01-01-06-02-02-01-21.npy,5,2048,5,fearful,21
01-01-06-02-02-01-22,D:\Ravdess\fusion_pack_5f\sequences\01-01-06-02-02-01-22.npy,5,2048,5,fearful,22
01-01-06-02-02-01-23,D:\Ravdess\fusion_pack_5f\sequences\01-01-06-02-02-01-23.npy,5,2048,5,fearful,23
01-01-06-02-02-01-24,D:\Ravdess\fusion_pack_5f\sequences\01-01-06-02-02-01-24.npy,5,2048,5,fearful,24
01-01-06-02-02-02-01,D:\Ravdess\fusion_pack_5f\sequences\01-01-06-02-02-02-01.npy,5,2048,5,fearful,1
01-01-06-02-02-02-02,D:\Ravdess\fusion_pack_5f\sequences\01-01-06-02-02-02-02.npy,5,2048,5,fearful,2
01-01-06-02-02-02-03,D:\Ravdess\fusion_pack_5f\sequences\01-01-06-02-02-02-03.npy,5,2048,5,fearful,3
01-01-06-02-02-02-04,D:\Ravdess\fusion_pack_5f\sequences\01-01-06-02-02-02-04.npy,5,2048,5,fearful,4
01-01-06-02-02-02-05,D:\Ravdess\fusion_pack_5f\sequences\01-01-06-02-02-02-05.npy,5,2048,5,fearful,5
01-01-06-02-02-02-06,D:\Ravdess\fusion_pack_5f\sequences\01-01-06-02-02-02-06.npy,5,2048,5,fearful,6
01-01-06-02-02-02-07,D:\Ravdess\fusion_pack_5f\sequences\01-01-06-02-02-02-07.npy,5,2048,5,fearful,7
01-01-06-02-02-02-08,D:\Ravdess\fusion_pack_5f\sequences\01-01-06-02-02-02-08.npy,5,2048,5,fearful,8
01-01-06-02-02-02-09,D:\Ravdess\fusion_pack_5f\sequences\01-01-06-02-02-02-09.npy,5,2048,5,fearful,9
01-01-06-02-02-02-10,D:\Ravdess\fusion_pack_5f\sequences\01-01-06-02-02-02-10.npy,5,2048,5,fearful,10
01-01-06-02-02-02-11,D:\Ravdess\fusion_pack_5f\sequences\01-01-06-02-02-02-11.npy,5,2048,5,fearful,11
01-01-06-02-02-02-12,D:\Ravdess\fusion_pack_5f\sequences\01-01-06-02-02-02-12.npy,5,2048,5,fearful,12
01-01-06-02-02-02-13,D:\Ravdess\fusion_pack_5f\sequences\01-01-06-02-02-02-13.npy,5,2048,5,fearful,13
01-01-06-02-02-02-14,D:\Ravdess\fusion_pack_5f\sequences\01-01-06-02-02-02-14.npy,5,2048,5,fearful,14
01-01-06-02-02-02-16,D:\Ravdess\fusion_pack_5f\sequences\01-01-06-02-02-02-16.npy,5,2048,5,fearful,16
01-01-06-02-02-02-17,D:\Ravdess\fusion_pack_5f\sequences\01-01-06-02-02-02-17.npy,5,2048,5,fearful,17
01-01-06-02-02-02-18,D:\Ravdess\fusion_pack_5f\sequences\01-01-06-02-02-02-18.npy,5,2048,5,fearful,18
01-01-06-02-02-02-19,D:\Ravdess\fusion_pack_5f\sequences\01-01-06-02-02-02-19.npy,5,2048,5,fearful,19
01-01-06-02-02-02-20,D:\Ravdess\fusion_pack_5f\sequences\01-01-06-02-02-02-20.npy,5,2048,5,fearful,20
01-01-06-02-02-02-21,D:\Ravdess\fusion_pack_5f\sequences\01-01-06-02-02-02-21.npy,5,2048,5,fearful,21
01-01-06-02-02-02-22,D:\Ravdess\fusion_pack_5f\sequences\01-01-06-02-02-02-22.npy,5,2048,5,fearful,22
01-01-06-02-02-02-23,D:\Ravdess\fusion_pack_5f\sequences\01-01-06-02-02-02-23.npy,5,2048,5,fearful,23
01-01-06-02-02-02-24,D:\Ravdess\fusion_pack_5f\sequences\01-01-06-02-02-02-24.npy,5,2048,5,fearful,24
01-01-07-01-01-01-01,D:\Ravdess\fusion_pack_5f\sequences\01-01-07-01-01-01-01.npy,5,2048,6,disgust,1
01-01-07-01-01-01-02,D:\Ravdess\fusion_pack_5f\sequences\01-01-07-01-01-01-02.npy,5,2048,6,disgust,2
01-01-07-01-01-01-03,D:\Ravdess\fusion_pack_5f\sequences\01-01-07-01-01-01-03.npy,5,2048,6,disgust,3
01-01-07-01-01-01-04,D:\Ravdess\fusion_pack_5f\sequences\01-01-07-01-01-01-04.npy,5,2048,6,disgust,4
01-01-07-01-01-01-05,D:\Ravdess\fusion_pack_5f\sequences\01-01-07-01-01-01-05.npy,5,2048,6,disgust,5
01-01-07-01-01-01-06,D:\Ravdess\fusion_pack_5f\sequences\01-01-07-01-01-01-06.npy,5,2048,6,disgust,6
01-01-07-01-01-01-07,D:\Ravdess\fusion_pack_5f\sequences\01-01-07-01-01-01-07.npy,5,2048,6,disgust,7
01-01-07-01-01-01-08,D:\Ravdess\fusion_pack_5f\sequences\01-01-07-01-01-01-08.npy,5,2048,6,disgust,8
01-01-07-01-01-01-09,D:\Ravdess\fusion_pack_5f\sequences\01-01-07-01-01-01-09.npy,5,2048,6,disgust,9
01-01-07-01-01-01-10,D:\Ravdess\fusion_pack_5f\sequences\01-01-07-01-01-01-10.npy,5,2048,6,disgust,10
01-01-07-01-01-01-11,D:\Ravdess\fusion_pack_5f\sequences\01-01-07-01-01-01-11.npy,5,2048,6,disgust,11
01-01-07-01-01-01-12,D:\Ravdess\fusion_pack_5f\sequences\01-01-07-01-01-01-12.npy,5,2048,6,disgust,12
01-01-07-01-01-01-13,D:\Ravdess\fusion_pack_5f\sequences\01-01-07-01-01-01-13.npy,5,2048,6,disgust,13
01-01-07-01-01-01-14,D:\Ravdess\fusion_pack_5f\sequences\01-01-07-01-01-01-14.npy,5,2048,6,disgust,14
01-01-07-01-01-01-16,D:\Ravdess\fusion_pack_5f\sequences\01-01-07-01-01-01-16.npy,5,2048,6,disgust,16
01-01-07-01-01-01-17,D:\Ravdess\fusion_pack_5f\sequences\01-01-07-01-01-01-17.npy,5,2048,6,disgust,17
01-01-07-01-01-01-18,D:\Ravdess\fusion_pack_5f\sequences\01-01-07-01-01-01-18.npy,5,2048,6,disgust,18
01-01-07-01-01-01-19,D:\Ravdess\fusion_pack_5f\sequences\01-01-07-01-01-01-19.npy,5,2048,6,disgust,19
01-01-07-01-01-01-20,D:\Ravdess\fusion_pack_5f\sequences\01-01-07-01-01-01-20.npy,5,2048,6,disgust,20
01-01-07-01-01-01-21,D:\Ravdess\fusion_pack_5f\sequences\01-01-07-01-01-01-21.npy,5,2048,6,disgust,21
01-01-07-01-01-01-22,D:\Ravdess\fusion_pack_5f\sequences\01-01-07-01-01-01-22.npy,5,2048,6,disgust,22
01-01-07-01-01-01-23,D:\Ravdess\fusion_pack_5f\sequences\01-01-07-01-01-01-23.npy,5,2048,6,disgust,23
01-01-07-01-01-01-24,D:\Ravdess\fusion_pack_5f\sequences\01-01-07-01-01-01-24.npy,5,2048,6,disgust,24
01-01-07-01-01-02-01,D:\Ravdess\fusion_pack_5f\sequences\01-01-07-01-01-02-01.npy,5,2048,6,disgust,1
01-01-07-01-01-02-02,D:\Ravdess\fusion_pack_5f\sequences\01-01-07-01-01-02-02.npy,5,2048,6,disgust,2
01-01-07-01-01-02-03,D:\Ravdess\fusion_pack_5f\sequences\01-01-07-01-01-02-03.npy,5,2048,6,disgust,3
01-01-07-01-01-02-04,D:\Ravdess\fusion_pack_5f\sequences\01-01-07-01-01-02-04.npy,5,2048,6,disgust,4
01-01-07-01-01-02-05,D:\Ravdess\fusion_pack_5f\sequences\01-01-07-01-01-02-05.npy,5,2048,6,disgust,5
01-01-07-01-01-02-06,D:\Ravdess\fusion_pack_5f\sequences\01-01-07-01-01-02-06.npy,5,2048,6,disgust,6
01-01-07-01-01-02-07,D:\Ravdess\fusion_pack_5f\sequences\01-01-07-01-01-02-07.npy,5,2048,6,disgust,7
01-01-07-01-01-02-08,D:\Ravdess\fusion_pack_5f\sequences\01-01-07-01-01-02-08.npy,5,2048,6,disgust,8
01-01-07-01-01-02-09,D:\Ravdess\fusion_pack_5f\sequences\01-01-07-01-01-02-09.npy,5,2048,6,disgust,9
01-01-07-01-01-02-10,D:\Ravdess\fusion_pack_5f\sequences\01-01-07-01-01-02-10.npy,5,2048,6,disgust,10
01-01-07-01-01-02-11,D:\Ravdess\fusion_pack_5f\sequences\01-01-07-01-01-02-11.npy,5,2048,6,disgust,11
01-01-07-01-01-02-12,D:\Ravdess\fusion_pack_5f\sequences\01-01-07-01-01-02-12.npy,5,2048,6,disgust,12
01-01-07-01-01-02-13,D:\Ravdess\fusion_pack_5f\sequences\01-01-07-01-01-02-13.npy,5,2048,6,disgust,13
01-01-07-01-01-02-14,D:\Ravdess\fusion_pack_5f\sequences\01-01-07-01-01-02-14.npy,5,2048,6,disgust,14
01-01-07-01-01-02-16,D:\Ravdess\fusion_pack_5f\sequences\01-01-07-01-01-02-16.npy,5,2048,6,disgust,16
01-01-07-01-01-02-17,D:\Ravdess\fusion_pack_5f\sequences\01-01-07-01-01-02-17.npy,5,2048,6,disgust,17
01-01-07-01-01-02-18,D:\Ravdess\fusion_pack_5f\sequences\01-01-07-01-01-02-18.npy,5,2048,6,disgust,18
01-01-07-01-01-02-19,D:\Ravdess\fusion_pack_5f\sequences\01-01-07-01-01-02-19.npy,5,2048,6,disgust,19
01-01-07-01-01-02-20,D:\Ravdess\fusion_pack_5f\sequences\01-01-07-01-01-02-20.npy,5,2048,6,disgust,20
01-01-07-01-01-02-21,D:\Ravdess\fusion_pack_5f\sequences\01-01-07-01-01-02-21.npy,5,2048,6,disgust,21
01-01-07-01-01-02-22,D:\Ravdess\fusion_pack_5f\sequences\01-01-07-01-01-02-22.npy,5,2048,6,disgust,22
01-01-07-01-01-02-23,D:\Ravdess\fusion_pack_5f\sequences\01-01-07-01-01-02-23.npy,5,2048,6,disgust,23
01-01-07-01-01-02-24,D:\Ravdess\fusion_pack_5f\sequences\01-01-07-01-01-02-24.npy,5,2048,6,disgust,24
01-01-07-01-02-01-01,D:\Ravdess\fusion_pack_5f\sequences\01-01-07-01-02-01-01.npy,5,2048,6,disgust,1
01-01-07-01-02-01-02,D:\Ravdess\fusion_pack_5f\sequences\01-01-07-01-02-01-02.npy,5,2048,6,disgust,2
01-01-07-01-02-01-03,D:\Ravdess\fusion_pack_5f\sequences\01-01-07-01-02-01-03.npy,5,2048,6,disgust,3
01-01-07-01-02-01-04,D:\Ravdess\fusion_pack_5f\sequences\01-01-07-01-02-01-04.npy,5,2048,6,disgust,4
01-01-07-01-02-01-05,D:\Ravdess\fusion_pack_5f\sequences\01-01-07-01-02-01-05.npy,5,2048,6,disgust,5
01-01-07-01-02-01-06,D:\Ravdess\fusion_pack_5f\sequences\01-01-07-01-02-01-06.npy,5,2048,6,disgust,6
01-01-07-01-02-01-07,D:\Ravdess\fusion_pack_5f\sequences\01-01-07-01-02-01-07.npy,5,2048,6,disgust,7
01-01-07-01-02-01-08,D:\Ravdess\fusion_pack_5f\sequences\01-01-07-01-02-01-08.npy,5,2048,6,disgust,8
01-01-07-01-02-01-09,D:\Ravdess\fusion_pack_5f\sequences\01-01-07-01-02-01-09.npy,5,2048,6,disgust,9
01-01-07-01-02-01-10,D:\Ravdess\fusion_pack_5f\sequences\01-01-07-01-02-01-10.npy,5,2048,6,disgust,10
01-01-07-01-02-01-11,D:\Ravdess\fusion_pack_5f\sequences\01-01-07-01-02-01-11.npy,5,2048,6,disgust,11
01-01-07-01-02-01-12,D:\Ravdess\fusion_pack_5f\sequences\01-01-07-01-02-01-12.npy,5,2048,6,disgust,12
01-01-07-01-02-01-13,D:\Ravdess\fusion_pack_5f\sequences\01-01-07-01-02-01-13.npy,5,2048,6,disgust,13
01-01-07-01-02-01-14,D:\Ravdess\fusion_pack_5f\sequences\01-01-07-01-02-01-14.npy,5,2048,6,disgust,14
01-01-07-01-02-01-16,D:\Ravdess\fusion_pack_5f\sequences\01-01-07-01-02-01-16.npy,5,2048,6,disgust,16
01-01-07-01-02-01-17,D:\Ravdess\fusion_pack_5f\sequences\01-01-07-01-02-01-17.npy,5,2048,6,disgust,17
01-01-07-01-02-01-18,D:\Ravdess\fusion_pack_5f\sequences\01-01-07-01-02-01-18.npy,5,2048,6,disgust,18
01-01-07-01-02-01-19,D:\Ravdess\fusion_pack_5f\sequences\01-01-07-01-02-01-19.npy,5,2048,6,disgust,19
01-01-07-01-02-01-20,D:\Ravdess\fusion_pack_5f\sequences\01-01-07-01-02-01-20.npy,5,2048,6,disgust,20
01-01-07-01-02-01-21,D:\Ravdess\fusion_pack_5f\sequences\01-01-07-01-02-01-21.npy,5,2048,6,disgust,21
01-01-07-01-02-01-22,D:\Ravdess\fusion_pack_5f\sequences\01-01-07-01-02-01-22.npy,5,2048,6,disgust,22
01-01-07-01-02-01-23,D:\Ravdess\fusion_pack_5f\sequences\01-01-07-01-02-01-23.npy,5,2048,6,disgust,23
01-01-07-01-02-01-24,D:\Ravdess\fusion_pack_5f\sequences\01-01-07-01-02-01-24.npy,5,2048,6,disgust,24
01-01-07-01-02-02-01,D:\Ravdess\fusion_pack_5f\sequences\01-01-07-01-02-02-01.npy,5,2048,6,disgust,1
01-01-07-01-02-02-02,D:\Ravdess\fusion_pack_5f\sequences\01-01-07-01-02-02-02.npy,5,2048,6,disgust,2
01-01-07-01-02-02-03,D:\Ravdess\fusion_pack_5f\sequences\01-01-07-01-02-02-03.npy,5,2048,6,disgust,3
01-01-07-01-02-02-04,D:\Ravdess\fusion_pack_5f\sequences\01-01-07-01-02-02-04.npy,5,2048,6,disgust,4
01-01-07-01-02-02-05,D:\Ravdess\fusion_pack_5f\sequences\01-01-07-01-02-02-05.npy,5,2048,6,disgust,5
01-01-07-01-02-02-06,D:\Ravdess\fusion_pack_5f\sequences\01-01-07-01-02-02-06.npy,5,2048,6,disgust,6
01-01-07-01-02-02-07,D:\Ravdess\fusion_pack_5f\sequences\01-01-07-01-02-02-07.npy,5,2048,6,disgust,7
01-01-07-01-02-02-08,D:\Ravdess\fusion_pack_5f\sequences\01-01-07-01-02-02-08.npy,5,2048,6,disgust,8
01-01-07-01-02-02-09,D:\Ravdess\fusion_pack_5f\sequences\01-01-07-01-02-02-09.npy,5,2048,6,disgust,9
01-01-07-01-02-02-10,D:\Ravdess\fusion_pack_5f\sequences\01-01-07-01-02-02-10.npy,5,2048,6,disgust,10
01-01-07-01-02-02-11,D:\Ravdess\fusion_pack_5f\sequences\01-01-07-01-02-02-11.npy,5,2048,6,disgust,11
01-01-07-01-02-02-12,D:\Ravdess\fusion_pack_5f\sequences\01-01-07-01-02-02-12.npy,5,2048,6,disgust,12
01-01-07-01-02-02-13,D:\Ravdess\fusion_pack_5f\sequences\01-01-07-01-02-02-13.npy,5,2048,6,disgust,13
01-01-07-01-02-02-14,D:\Ravdess\fusion_pack_5f\sequences\01-01-07-01-02-02-14.npy,5,2048,6,disgust,14
01-01-07-01-02-02-16,D:\Ravdess\fusion_pack_5f\sequences\01-01-07-01-02-02-16.npy,5,2048,6,disgust,16
01-01-07-01-02-02-17,D:\Ravdess\fusion_pack_5f\sequences\01-01-07-01-02-02-17.npy,5,2048,6,disgust,17
01-01-07-01-02-02-18,D:\Ravdess\fusion_pack_5f\sequences\01-01-07-01-02-02-18.npy,5,2048,6,disgust,18
01-01-07-01-02-02-19,D:\Ravdess\fusion_pack_5f\sequences\01-01-07-01-02-02-19.npy,5,2048,6,disgust,19
01-01-07-01-02-02-20,D:\Ravdess\fusion_pack_5f\sequences\01-01-07-01-02-02-20.npy,5,2048,6,disgust,20
01-01-07-01-02-02-21,D:\Ravdess\fusion_pack_5f\sequences\01-01-07-01-02-02-21.npy,5,2048,6,disgust,21
01-01-07-01-02-02-22,D:\Ravdess\fusion_pack_5f\sequences\01-01-07-01-02-02-22.npy,5,2048,6,disgust,22
01-01-07-01-02-02-23,D:\Ravdess\fusion_pack_5f\sequences\01-01-07-01-02-02-23.npy,5,2048,6,disgust,23
01-01-07-01-02-02-24,D:\Ravdess\fusion_pack_5f\sequences\01-01-07-01-02-02-24.npy,5,2048,6,disgust,24
01-01-07-02-01-01-01,D:\Ravdess\fusion_pack_5f\sequences\01-01-07-02-01-01-01.npy,5,2048,6,disgust,1
01-01-07-02-01-01-02,D:\Ravdess\fusion_pack_5f\sequences\01-01-07-02-01-01-02.npy,5,2048,6,disgust,2
01-01-07-02-01-01-03,D:\Ravdess\fusion_pack_5f\sequences\01-01-07-02-01-01-03.npy,5,2048,6,disgust,3
01-01-07-02-01-01-04,D:\Ravdess\fusion_pack_5f\sequences\01-01-07-02-01-01-04.npy,5,2048,6,disgust,4
01-01-07-02-01-01-05,D:\Ravdess\fusion_pack_5f\sequences\01-01-07-02-01-01-05.npy,5,2048,6,disgust,5
01-01-07-02-01-01-06,D:\Ravdess\fusion_pack_5f\sequences\01-01-07-02-01-01-06.npy,5,2048,6,disgust,6
01-01-07-02-01-01-07,D:\Ravdess\fusion_pack_5f\sequences\01-01-07-02-01-01-07.npy,5,2048,6,disgust,7
01-01-07-02-01-01-08,D:\Ravdess\fusion_pack_5f\sequences\01-01-07-02-01-01-08.npy,5,2048,6,disgust,8
01-01-07-02-01-01-09,D:\Ravdess\fusion_pack_5f\sequences\01-01-07-02-01-01-09.npy,5,2048,6,disgust,9
01-01-07-02-01-01-10,D:\Ravdess\fusion_pack_5f\sequences\01-01-07-02-01-01-10.npy,5,2048,6,disgust,10
01-01-07-02-01-01-11,D:\Ravdess\fusion_pack_5f\sequences\01-01-07-02-01-01-11.npy,5,2048,6,disgust,11
01-01-07-02-01-01-12,D:\Ravdess\fusion_pack_5f\sequences\01-01-07-02-01-01-12.npy,5,2048,6,disgust,12
01-01-07-02-01-01-13,D:\Ravdess\fusion_pack_5f\sequences\01-01-07-02-01-01-13.npy,5,2048,6,disgust,13
01-01-07-02-01-01-14,D:\Ravdess\fusion_pack_5f\sequences\01-01-07-02-01-01-14.npy,5,2048,6,disgust,14
01-01-07-02-01-01-16,D:\Ravdess\fusion_pack_5f\sequences\01-01-07-02-01-01-16.npy,5,2048,6,disgust,16
01-01-07-02-01-01-17,D:\Ravdess\fusion_pack_5f\sequences\01-01-07-02-01-01-17.npy,5,2048,6,disgust,17
01-01-07-02-01-01-18,D:\Ravdess\fusion_pack_5f\sequences\01-01-07-02-01-01-18.npy,5,2048,6,disgust,18
01-01-07-02-01-01-19,D:\Ravdess\fusion_pack_5f\sequences\01-01-07-02-01-01-19.npy,5,2048,6,disgust,19
01-01-07-02-01-01-20,D:\Ravdess\fusion_pack_5f\sequences\01-01-07-02-01-01-20.npy,5,2048,6,disgust,20
01-01-07-02-01-01-21,D:\Ravdess\fusion_pack_5f\sequences\01-01-07-02-01-01-21.npy,5,2048,6,disgust,21
01-01-07-02-01-01-22,D:\Ravdess\fusion_pack_5f\sequences\01-01-07-02-01-01-22.npy,5,2048,6,disgust,22
01-01-07-02-01-01-23,D:\Ravdess\fusion_pack_5f\sequences\01-01-07-02-01-01-23.npy,5,2048,6,disgust,23
01-01-07-02-01-01-24,D:\Ravdess\fusion_pack_5f\sequences\01-01-07-02-01-01-24.npy,5,2048,6,disgust,24
01-01-07-02-01-02-01,D:\Ravdess\fusion_pack_5f\sequences\01-01-07-02-01-02-01.npy,5,2048,6,disgust,1
01-01-07-02-01-02-02,D:\Ravdess\fusion_pack_5f\sequences\01-01-07-02-01-02-02.npy,5,2048,6,disgust,2
01-01-07-02-01-02-03,D:\Ravdess\fusion_pack_5f\sequences\01-01-07-02-01-02-03.npy,5,2048,6,disgust,3
01-01-07-02-01-02-04,D:\Ravdess\fusion_pack_5f\sequences\01-01-07-02-01-02-04.npy,5,2048,6,disgust,4
01-01-07-02-01-02-05,D:\Ravdess\fusion_pack_5f\sequences\01-01-07-02-01-02-05.npy,5,2048,6,disgust,5
01-01-07-02-01-02-06,D:\Ravdess\fusion_pack_5f\sequences\01-01-07-02-01-02-06.npy,5,2048,6,disgust,6
01-01-07-02-01-02-07,D:\Ravdess\fusion_pack_5f\sequences\01-01-07-02-01-02-07.npy,5,2048,6,disgust,7
01-01-07-02-01-02-08,D:\Ravdess\fusion_pack_5f\sequences\01-01-07-02-01-02-08.npy,5,2048,6,disgust,8
01-01-07-02-01-02-09,D:\Ravdess\fusion_pack_5f\sequences\01-01-07-02-01-02-09.npy,5,2048,6,disgust,9
01-01-07-02-01-02-10,D:\Ravdess\fusion_pack_5f\sequences\01-01-07-02-01-02-10.npy,5,2048,6,disgust,10
01-01-07-02-01-02-11,D:\Ravdess\fusion_pack_5f\sequences\01-01-07-02-01-02-11.npy,5,2048,6,disgust,11
01-01-07-02-01-02-12,D:\Ravdess\fusion_pack_5f\sequences\01-01-07-02-01-02-12.npy,5,2048,6,disgust,12
01-01-07-02-01-02-13,D:\Ravdess\fusion_pack_5f\sequences\01-01-07-02-01-02-13.npy,5,2048,6,disgust,13
01-01-07-02-01-02-14,D:\Ravdess\fusion_pack_5f\sequences\01-01-07-02-01-02-14.npy,5,2048,6,disgust,14
01-01-07-02-01-02-16,D:\Ravdess\fusion_pack_5f\sequences\01-01-07-02-01-02-16.npy,5,2048,6,disgust,16
01-01-07-02-01-02-17,D:\Ravdess\fusion_pack_5f\sequences\01-01-07-02-01-02-17.npy,5,2048,6,disgust,17
01-01-07-02-01-02-18,D:\Ravdess\fusion_pack_5f\sequences\01-01-07-02-01-02-18.npy,5,2048,6,disgust,18
01-01-07-02-01-02-19,D:\Ravdess\fusion_pack_5f\sequences\01-01-07-02-01-02-19.npy,5,2048,6,disgust,19
01-01-07-02-01-02-20,D:\Ravdess\fusion_pack_5f\sequences\01-01-07-02-01-02-20.npy,5,2048,6,disgust,20
01-01-07-02-01-02-21,D:\Ravdess\fusion_pack_5f\sequences\01-01-07-02-01-02-21.npy,5,2048,6,disgust,21
01-01-07-02-01-02-22,D:\Ravdess\fusion_pack_5f\sequences\01-01-07-02-01-02-22.npy,5,2048,6,disgust,22
01-01-07-02-01-02-23,D:\Ravdess\fusion_pack_5f\sequences\01-01-07-02-01-02-23.npy,5,2048,6,disgust,23
01-01-07-02-01-02-24,D:\Ravdess\fusion_pack_5f\sequences\01-01-07-02-01-02-24.npy,5,2048,6,disgust,24
01-01-07-02-02-01-01,D:\Ravdess\fusion_pack_5f\sequences\01-01-07-02-02-01-01.npy,5,2048,6,disgust,1
01-01-07-02-02-01-02,D:\Ravdess\fusion_pack_5f\sequences\01-01-07-02-02-01-02.npy,5,2048,6,disgust,2
01-01-07-02-02-01-03,D:\Ravdess\fusion_pack_5f\sequences\01-01-07-02-02-01-03.npy,5,2048,6,disgust,3
01-01-07-02-02-01-04,D:\Ravdess\fusion_pack_5f\sequences\01-01-07-02-02-01-04.npy,5,2048,6,disgust,4
01-01-07-02-02-01-05,D:\Ravdess\fusion_pack_5f\sequences\01-01-07-02-02-01-05.npy,5,2048,6,disgust,5
01-01-07-02-02-01-06,D:\Ravdess\fusion_pack_5f\sequences\01-01-07-02-02-01-06.npy,5,2048,6,disgust,6
01-01-07-02-02-01-07,D:\Ravdess\fusion_pack_5f\sequences\01-01-07-02-02-01-07.npy,5,2048,6,disgust,7
01-01-07-02-02-01-08,D:\Ravdess\fusion_pack_5f\sequences\01-01-07-02-02-01-08.npy,5,2048,6,disgust,8
01-01-07-02-02-01-09,D:\Ravdess\fusion_pack_5f\sequences\01-01-07-02-02-01-09.npy,5,2048,6,disgust,9
01-01-07-02-02-01-10,D:\Ravdess\fusion_pack_5f\sequences\01-01-07-02-02-01-10.npy,5,2048,6,disgust,10
01-01-07-02-02-01-11,D:\Ravdess\fusion_pack_5f\sequences\01-01-07-02-02-01-11.npy,5,2048,6,disgust,11
01-01-07-02-02-01-12,D:\Ravdess\fusion_pack_5f\sequences\01-01-07-02-02-01-12.npy,5,2048,6,disgust,12
01-01-07-02-02-01-13,D:\Ravdess\fusion_pack_5f\sequences\01-01-07-02-02-01-13.npy,5,2048,6,disgust,13
01-01-07-02-02-01-14,D:\Ravdess\fusion_pack_5f\sequences\01-01-07-02-02-01-14.npy,5,2048,6,disgust,14
01-01-07-02-02-01-16,D:\Ravdess\fusion_pack_5f\sequences\01-01-07-02-02-01-16.npy,5,2048,6,disgust,16
01-01-07-02-02-01-17,D:\Ravdess\fusion_pack_5f\sequences\01-01-07-02-02-01-17.npy,5,2048,6,disgust,17
01-01-07-02-02-01-18,D:\Ravdess\fusion_pack_5f\sequences\01-01-07-02-02-01-18.npy,5,2048,6,disgust,18
01-01-07-02-02-01-19,D:\Ravdess\fusion_pack_5f\sequences\01-01-07-02-02-01-19.npy,5,2048,6,disgust,19
01-01-07-02-02-01-20,D:\Ravdess\fusion_pack_5f\sequences\01-01-07-02-02-01-20.npy,5,2048,6,disgust,20
01-01-07-02-02-01-21,D:\Ravdess\fusion_pack_5f\sequences\01-01-07-02-02-01-21.npy,5,2048,6,disgust,21
01-01-07-02-02-01-22,D:\Ravdess\fusion_pack_5f\sequences\01-01-07-02-02-01-22.npy,5,2048,6,disgust,22
01-01-07-02-02-01-23,D:\Ravdess\fusion_pack_5f\sequences\01-01-07-02-02-01-23.npy,5,2048,6,disgust,23
01-01-07-02-02-01-24,D:\Ravdess\fusion_pack_5f\sequences\01-01-07-02-02-01-24.npy,5,2048,6,disgust,24
01-01-07-02-02-02-01,D:\Ravdess\fusion_pack_5f\sequences\01-01-07-02-02-02-01.npy,5,2048,6,disgust,1
01-01-07-02-02-02-02,D:\Ravdess\fusion_pack_5f\sequences\01-01-07-02-02-02-02.npy,5,2048,6,disgust,2
01-01-07-02-02-02-03,D:\Ravdess\fusion_pack_5f\sequences\01-01-07-02-02-02-03.npy,5,2048,6,disgust,3
01-01-07-02-02-02-04,D:\Ravdess\fusion_pack_5f\sequences\01-01-07-02-02-02-04.npy,5,2048,6,disgust,4
01-01-07-02-02-02-05,D:\Ravdess\fusion_pack_5f\sequences\01-01-07-02-02-02-05.npy,5,2048,6,disgust,5
01-01-07-02-02-02-06,D:\Ravdess\fusion_pack_5f\sequences\01-01-07-02-02-02-06.npy,5,2048,6,disgust,6
01-01-07-02-02-02-07,D:\Ravdess\fusion_pack_5f\sequences\01-01-07-02-02-02-07.npy,5,2048,6,disgust,7
01-01-07-02-02-02-08,D:\Ravdess\fusion_pack_5f\sequences\01-01-07-02-02-02-08.npy,5,2048,6,disgust,8
01-01-07-02-02-02-09,D:\Ravdess\fusion_pack_5f\sequences\01-01-07-02-02-02-09.npy,5,2048,6,disgust,9
01-01-07-02-02-02-10,D:\Ravdess\fusion_pack_5f\sequences\01-01-07-02-02-02-10.npy,5,2048,6,disgust,10
01-01-07-02-02-02-11,D:\Ravdess\fusion_pack_5f\sequences\01-01-07-02-02-02-11.npy,5,2048,6,disgust,11
01-01-07-02-02-02-12,D:\Ravdess\fusion_pack_5f\sequences\01-01-07-02-02-02-12.npy,5,2048,6,disgust,12
01-01-07-02-02-02-13,D:\Ravdess\fusion_pack_5f\sequences\01-01-07-02-02-02-13.npy,5,2048,6,disgust,13
01-01-07-02-02-02-14,D:\Ravdess\fusion_pack_5f\sequences\01-01-07-02-02-02-14.npy,5,2048,6,disgust,14
01-01-07-02-02-02-16,D:\Ravdess\fusion_pack_5f\sequences\01-01-07-02-02-02-16.npy,5,2048,6,disgust,16
01-01-07-02-02-02-17,D:\Ravdess\fusion_pack_5f\sequences\01-01-07-02-02-02-17.npy,5,2048,6,disgust,17
01-01-07-02-02-02-18,D:\Ravdess\fusion_pack_5f\sequences\01-01-07-02-02-02-18.npy,5,2048,6,disgust,18
01-01-07-02-02-02-19,D:\Ravdess\fusion_pack_5f\sequences\01-01-07-02-02-02-19.npy,5,2048,6,disgust,19
01-01-07-02-02-02-20,D:\Ravdess\fusion_pack_5f\sequences\01-01-07-02-02-02-20.npy,5,2048,6,disgust,20
01-01-07-02-02-02-21,D:\Ravdess\fusion_pack_5f\sequences\01-01-07-02-02-02-21.npy,5,2048,6,disgust,21
01-01-07-02-02-02-22,D:\Ravdess\fusion_pack_5f\sequences\01-01-07-02-02-02-22.npy,5,2048,6,disgust,22
01-01-07-02-02-02-23,D:\Ravdess\fusion_pack_5f\sequences\01-01-07-02-02-02-23.npy,5,2048,6,disgust,23
01-01-07-02-02-02-24,D:\Ravdess\fusion_pack_5f\sequences\01-01-07-02-02-02-24.npy,5,2048,6,disgust,24
01-01-08-01-01-01-01,D:\Ravdess\fusion_pack_5f\sequences\01-01-08-01-01-01-01.npy,5,2048,7,surprise,1
01-01-08-01-01-01-02,D:\Ravdess\fusion_pack_5f\sequences\01-01-08-01-01-01-02.npy,5,2048,7,surprise,2
01-01-08-01-01-01-03,D:\Ravdess\fusion_pack_5f\sequences\01-01-08-01-01-01-03.npy,5,2048,7,surprise,3
01-01-08-01-01-01-04,D:\Ravdess\fusion_pack_5f\sequences\01-01-08-01-01-01-04.npy,5,2048,7,surprise,4
01-01-08-01-01-01-05,D:\Ravdess\fusion_pack_5f\sequences\01-01-08-01-01-01-05.npy,5,2048,7,surprise,5
01-01-08-01-01-01-06,D:\Ravdess\fusion_pack_5f\sequences\01-01-08-01-01-01-06.npy,5,2048,7,surprise,6
01-01-08-01-01-01-07,D:\Ravdess\fusion_pack_5f\sequences\01-01-08-01-01-01-07.npy,5,2048,7,surprise,7
01-01-08-01-01-01-08,D:\Ravdess\fusion_pack_5f\sequences\01-01-08-01-01-01-08.npy,5,2048,7,surprise,8
01-01-08-01-01-01-09,D:\Ravdess\fusion_pack_5f\sequences\01-01-08-01-01-01-09.npy,5,2048,7,surprise,9
01-01-08-01-01-01-10,D:\Ravdess\fusion_pack_5f\sequences\01-01-08-01-01-01-10.npy,5,2048,7,surprise,10
01-01-08-01-01-01-11,D:\Ravdess\fusion_pack_5f\sequences\01-01-08-01-01-01-11.npy,5,2048,7,surprise,11
01-01-08-01-01-01-12,D:\Ravdess\fusion_pack_5f\sequences\01-01-08-01-01-01-12.npy,5,2048,7,surprise,12
01-01-08-01-01-01-13,D:\Ravdess\fusion_pack_5f\sequences\01-01-08-01-01-01-13.npy,5,2048,7,surprise,13
01-01-08-01-01-01-14,D:\Ravdess\fusion_pack_5f\sequences\01-01-08-01-01-01-14.npy,5,2048,7,surprise,14
01-01-08-01-01-01-16,D:\Ravdess\fusion_pack_5f\sequences\01-01-08-01-01-01-16.npy,5,2048,7,surprise,16
01-01-08-01-01-01-17,D:\Ravdess\fusion_pack_5f\sequences\01-01-08-01-01-01-17.npy,5,2048,7,surprise,17
01-01-08-01-01-01-18,D:\Ravdess\fusion_pack_5f\sequences\01-01-08-01-01-01-18.npy,5,2048,7,surprise,18
01-01-08-01-01-01-19,D:\Ravdess\fusion_pack_5f\sequences\01-01-08-01-01-01-19.npy,5,2048,7,surprise,19
01-01-08-01-01-01-20,D:\Ravdess\fusion_pack_5f\sequences\01-01-08-01-01-01-20.npy,5,2048,7,surprise,20
01-01-08-01-01-01-21,D:\Ravdess\fusion_pack_5f\sequences\01-01-08-01-01-01-21.npy,5,2048,7,surprise,21
01-01-08-01-01-01-22,D:\Ravdess\fusion_pack_5f\sequences\01-01-08-01-01-01-22.npy,5,2048,7,surprise,22
01-01-08-01-01-01-23,D:\Ravdess\fusion_pack_5f\sequences\01-01-08-01-01-01-23.npy,5,2048,7,surprise,23
01-01-08-01-01-01-24,D:\Ravdess\fusion_pack_5f\sequences\01-01-08-01-01-01-24.npy,5,2048,7,surprise,24
01-01-08-01-01-02-01,D:\Ravdess\fusion_pack_5f\sequences\01-01-08-01-01-02-01.npy,5,2048,7,surprise,1
01-01-08-01-01-02-02,D:\Ravdess\fusion_pack_5f\sequences\01-01-08-01-01-02-02.npy,5,2048,7,surprise,2
01-01-08-01-01-02-03,D:\Ravdess\fusion_pack_5f\sequences\01-01-08-01-01-02-03.npy,5,2048,7,surprise,3
01-01-08-01-01-02-04,D:\Ravdess\fusion_pack_5f\sequences\01-01-08-01-01-02-04.npy,5,2048,7,surprise,4
01-01-08-01-01-02-05,D:\Ravdess\fusion_pack_5f\sequences\01-01-08-01-01-02-05.npy,5,2048,7,surprise,5
01-01-08-01-01-02-06,D:\Ravdess\fusion_pack_5f\sequences\01-01-08-01-01-02-06.npy,5,2048,7,surprise,6
01-01-08-01-01-02-07,D:\Ravdess\fusion_pack_5f\sequences\01-01-08-01-01-02-07.npy,5,2048,7,surprise,7
01-01-08-01-01-02-08,D:\Ravdess\fusion_pack_5f\sequences\01-01-08-01-01-02-08.npy,5,2048,7,surprise,8
01-01-08-01-01-02-09,D:\Ravdess\fusion_pack_5f\sequences\01-01-08-01-01-02-09.npy,5,2048,7,surprise,9
01-01-08-01-01-02-10,D:\Ravdess\fusion_pack_5f\sequences\01-01-08-01-01-02-10.npy,5,2048,7,surprise,10
01-01-08-01-01-02-11,D:\Ravdess\fusion_pack_5f\sequences\01-01-08-01-01-02-11.npy,5,2048,7,surprise,11
01-01-08-01-01-02-12,D:\Ravdess\fusion_pack_5f\sequences\01-01-08-01-01-02-12.npy,5,2048,7,surprise,12
01-01-08-01-01-02-13,D:\Ravdess\fusion_pack_5f\sequences\01-01-08-01-01-02-13.npy,5,2048,7,surprise,13
01-01-08-01-01-02-14,D:\Ravdess\fusion_pack_5f\sequences\01-01-08-01-01-02-14.npy,5,2048,7,surprise,14
01-01-08-01-01-02-16,D:\Ravdess\fusion_pack_5f\sequences\01-01-08-01-01-02-16.npy,5,2048,7,surprise,16
01-01-08-01-01-02-17,D:\Ravdess\fusion_pack_5f\sequences\01-01-08-01-01-02-17.npy,5,2048,7,surprise,17
01-01-08-01-01-02-18,D:\Ravdess\fusion_pack_5f\sequences\01-01-08-01-01-02-18.npy,5,2048,7,surprise,18
01-01-08-01-01-02-19,D:\Ravdess\fusion_pack_5f\sequences\01-01-08-01-01-02-19.npy,5,2048,7,surprise,19
01-01-08-01-01-02-20,D:\Ravdess\fusion_pack_5f\sequences\01-01-08-01-01-02-20.npy,5,2048,7,surprise,20
01-01-08-01-01-02-21,D:\Ravdess\fusion_pack_5f\sequences\01-01-08-01-01-02-21.npy,5,2048,7,surprise,21
01-01-08-01-01-02-22,D:\Ravdess\fusion_pack_5f\sequences\01-01-08-01-01-02-22.npy,5,2048,7,surprise,22
01-01-08-01-01-02-23,D:\Ravdess\fusion_pack_5f\sequences\01-01-08-01-01-02-23.npy,5,2048,7,surprise,23
01-01-08-01-01-02-24,D:\Ravdess\fusion_pack_5f\sequences\01-01-08-01-01-02-24.npy,5,2048,7,surprise,24
01-01-08-01-02-01-01,D:\Ravdess\fusion_pack_5f\sequences\01-01-08-01-02-01-01.npy,5,2048,7,surprise,1
01-01-08-01-02-01-02,D:\Ravdess\fusion_pack_5f\sequences\01-01-08-01-02-01-02.npy,5,2048,7,surprise,2
01-01-08-01-02-01-03,D:\Ravdess\fusion_pack_5f\sequences\01-01-08-01-02-01-03.npy,5,2048,7,surprise,3
01-01-08-01-02-01-04,D:\Ravdess\fusion_pack_5f\sequences\01-01-08-01-02-01-04.npy,5,2048,7,surprise,4
01-01-08-01-02-01-05,D:\Ravdess\fusion_pack_5f\sequences\01-01-08-01-02-01-05.npy,5,2048,7,surprise,5
01-01-08-01-02-01-06,D:\Ravdess\fusion_pack_5f\sequences\01-01-08-01-02-01-06.npy,5,2048,7,surprise,6
01-01-08-01-02-01-07,D:\Ravdess\fusion_pack_5f\sequences\01-01-08-01-02-01-07.npy,5,2048,7,surprise,7
01-01-08-01-02-01-08,D:\Ravdess\fusion_pack_5f\sequences\01-01-08-01-02-01-08.npy,5,2048,7,surprise,8
01-01-08-01-02-01-09,D:\Ravdess\fusion_pack_5f\sequences\01-01-08-01-02-01-09.npy,5,2048,7,surprise,9
01-01-08-01-02-01-10,D:\Ravdess\fusion_pack_5f\sequences\01-01-08-01-02-01-10.npy,5,2048,7,surprise,10
01-01-08-01-02-01-11,D:\Ravdess\fusion_pack_5f\sequences\01-01-08-01-02-01-11.npy,5,2048,7,surprise,11
01-01-08-01-02-01-12,D:\Ravdess\fusion_pack_5f\sequences\01-01-08-01-02-01-12.npy,5,2048,7,surprise,12
01-01-08-01-02-01-13,D:\Ravdess\fusion_pack_5f\sequences\01-01-08-01-02-01-13.npy,5,2048,7,surprise,13
01-01-08-01-02-01-14,D:\Ravdess\fusion_pack_5f\sequences\01-01-08-01-02-01-14.npy,5,2048,7,surprise,14
01-01-08-01-02-01-16,D:\Ravdess\fusion_pack_5f\sequences\01-01-08-01-02-01-16.npy,5,2048,7,surprise,16
01-01-08-01-02-01-17,D:\Ravdess\fusion_pack_5f\sequences\01-01-08-01-02-01-17.npy,5,2048,7,surprise,17
01-01-08-01-02-01-18,D:\Ravdess\fusion_pack_5f\sequences\01-01-08-01-02-01-18.npy,5,2048,7,surprise,18
01-01-08-01-02-01-19,D:\Ravdess\fusion_pack_5f\sequences\01-01-08-01-02-01-19.npy,5,2048,7,surprise,19
01-01-08-01-02-01-20,D:\Ravdess\fusion_pack_5f\sequences\01-01-08-01-02-01-20.npy,5,2048,7,surprise,20
01-01-08-01-02-01-21,D:\Ravdess\fusion_pack_5f\sequences\01-01-08-01-02-01-21.npy,5,2048,7,surprise,21
01-01-08-01-02-01-22,D:\Ravdess\fusion_pack_5f\sequences\01-01-08-01-02-01-22.npy,5,2048,7,surprise,22
01-01-08-01-02-01-23,D:\Ravdess\fusion_pack_5f\sequences\01-01-08-01-02-01-23.npy,5,2048,7,surprise,23
01-01-08-01-02-01-24,D:\Ravdess\fusion_pack_5f\sequences\01-01-08-01-02-01-24.npy,5,2048,7,surprise,24
01-01-08-01-02-02-01,D:\Ravdess\fusion_pack_5f\sequences\01-01-08-01-02-02-01.npy,5,2048,7,surprise,1
01-01-08-01-02-02-02,D:\Ravdess\fusion_pack_5f\sequences\01-01-08-01-02-02-02.npy,5,2048,7,surprise,2
01-01-08-01-02-02-03,D:\Ravdess\fusion_pack_5f\sequences\01-01-08-01-02-02-03.npy,5,2048,7,surprise,3
01-01-08-01-02-02-04,D:\Ravdess\fusion_pack_5f\sequences\01-01-08-01-02-02-04.npy,5,2048,7,surprise,4
01-01-08-01-02-02-05,D:\Ravdess\fusion_pack_5f\sequences\01-01-08-01-02-02-05.npy,5,2048,7,surprise,5
01-01-08-01-02-02-06,D:\Ravdess\fusion_pack_5f\sequences\01-01-08-01-02-02-06.npy,5,2048,7,surprise,6
01-01-08-01-02-02-07,D:\Ravdess\fusion_pack_5f\sequences\01-01-08-01-02-02-07.npy,5,2048,7,surprise,7
01-01-08-01-02-02-08,D:\Ravdess\fusion_pack_5f\sequences\01-01-08-01-02-02-08.npy,5,2048,7,surprise,8
01-01-08-01-02-02-09,D:\Ravdess\fusion_pack_5f\sequences\01-01-08-01-02-02-09.npy,5,2048,7,surprise,9
01-01-08-01-02-02-10,D:\Ravdess\fusion_pack_5f\sequences\01-01-08-01-02-02-10.npy,5,2048,7,surprise,10
01-01-08-01-02-02-11,D:\Ravdess\fusion_pack_5f\sequences\01-01-08-01-02-02-11.npy,5,2048,7,surprise,11
01-01-08-01-02-02-12,D:\Ravdess\fusion_pack_5f\sequences\01-01-08-01-02-02-12.npy,5,2048,7,surprise,12
01-01-08-01-02-02-13,D:\Ravdess\fusion_pack_5f\sequences\01-01-08-01-02-02-13.npy,5,2048,7,surprise,13
01-01-08-01-02-02-14,D:\Ravdess\fusion_pack_5f\sequences\01-01-08-01-02-02-14.npy,5,2048,7,surprise,14
01-01-08-01-02-02-16,D:\Ravdess\fusion_pack_5f\sequences\01-01-08-01-02-02-16.npy,5,2048,7,surprise,16
01-01-08-01-02-02-17,D:\Ravdess\fusion_pack_5f\sequences\01-01-08-01-02-02-17.npy,5,2048,7,surprise,17
01-01-08-01-02-02-18,D:\Ravdess\fusion_pack_5f\sequences\01-01-08-01-02-02-18.npy,5,2048,7,surprise,18
01-01-08-01-02-02-19,D:\Ravdess\fusion_pack_5f\sequences\01-01-08-01-02-02-19.npy,5,2048,7,surprise,19
01-01-08-01-02-02-20,D:\Ravdess\fusion_pack_5f\sequences\01-01-08-01-02-02-20.npy,5,2048,7,surprise,20
01-01-08-01-02-02-21,D:\Ravdess\fusion_pack_5f\sequences\01-01-08-01-02-02-21.npy,5,2048,7,surprise,21
01-01-08-01-02-02-22,D:\Ravdess\fusion_pack_5f\sequences\01-01-08-01-02-02-22.npy,5,2048,7,surprise,22
01-01-08-01-02-02-23,D:\Ravdess\fusion_pack_5f\sequences\01-01-08-01-02-02-23.npy,5,2048,7,surprise,23
01-01-08-01-02-02-24,D:\Ravdess\fusion_pack_5f\sequences\01-01-08-01-02-02-24.npy,5,2048,7,surprise,24
01-01-08-02-01-01-01,D:\Ravdess\fusion_pack_5f\sequences\01-01-08-02-01-01-01.npy,5,2048,7,surprise,1
01-01-08-02-01-01-02,D:\Ravdess\fusion_pack_5f\sequences\01-01-08-02-01-01-02.npy,5,2048,7,surprise,2
01-01-08-02-01-01-03,D:\Ravdess\fusion_pack_5f\sequences\01-01-08-02-01-01-03.npy,5,2048,7,surprise,3
01-01-08-02-01-01-04,D:\Ravdess\fusion_pack_5f\sequences\01-01-08-02-01-01-04.npy,5,2048,7,surprise,4
01-01-08-02-01-01-05,D:\Ravdess\fusion_pack_5f\sequences\01-01-08-02-01-01-05.npy,5,2048,7,surprise,5
01-01-08-02-01-01-06,D:\Ravdess\fusion_pack_5f\sequences\01-01-08-02-01-01-06.npy,5,2048,7,surprise,6
01-01-08-02-01-01-07,D:\Ravdess\fusion_pack_5f\sequences\01-01-08-02-01-01-07.npy,5,2048,7,surprise,7
01-01-08-02-01-01-08,D:\Ravdess\fusion_pack_5f\sequences\01-01-08-02-01-01-08.npy,5,2048,7,surprise,8
01-01-08-02-01-01-09,D:\Ravdess\fusion_pack_5f\sequences\01-01-08-02-01-01-09.npy,5,2048,7,surprise,9
01-01-08-02-01-01-10,D:\Ravdess\fusion_pack_5f\sequences\01-01-08-02-01-01-10.npy,5,2048,7,surprise,10
01-01-08-02-01-01-11,D:\Ravdess\fusion_pack_5f\sequences\01-01-08-02-01-01-11.npy,5,2048,7,surprise,11
01-01-08-02-01-01-12,D:\Ravdess\fusion_pack_5f\sequences\01-01-08-02-01-01-12.npy,5,2048,7,surprise,12
01-01-08-02-01-01-13,D:\Ravdess\fusion_pack_5f\sequences\01-01-08-02-01-01-13.npy,5,2048,7,surprise,13
01-01-08-02-01-01-14,D:\Ravdess\fusion_pack_5f\sequences\01-01-08-02-01-01-14.npy,5,2048,7,surprise,14
01-01-08-02-01-01-16,D:\Ravdess\fusion_pack_5f\sequences\01-01-08-02-01-01-16.npy,5,2048,7,surprise,16
01-01-08-02-01-01-17,D:\Ravdess\fusion_pack_5f\sequences\01-01-08-02-01-01-17.npy,5,2048,7,surprise,17
01-01-08-02-01-01-18,D:\Ravdess\fusion_pack_5f\sequences\01-01-08-02-01-01-18.npy,5,2048,7,surprise,18
01-01-08-02-01-01-19,D:\Ravdess\fusion_pack_5f\sequences\01-01-08-02-01-01-19.npy,5,2048,7,surprise,19
01-01-08-02-01-01-20,D:\Ravdess\fusion_pack_5f\sequences\01-01-08-02-01-01-20.npy,5,2048,7,surprise,20
01-01-08-02-01-01-21,D:\Ravdess\fusion_pack_5f\sequences\01-01-08-02-01-01-21.npy,5,2048,7,surprise,21
01-01-08-02-01-01-22,D:\Ravdess\fusion_pack_5f\sequences\01-01-08-02-01-01-22.npy,5,2048,7,surprise,22
01-01-08-02-01-01-23,D:\Ravdess\fusion_pack_5f\sequences\01-01-08-02-01-01-23.npy,5,2048,7,surprise,23
01-01-08-02-01-01-24,D:\Ravdess\fusion_pack_5f\sequences\01-01-08-02-01-01-24.npy,5,2048,7,surprise,24
01-01-08-02-01-02-01,D:\Ravdess\fusion_pack_5f\sequences\01-01-08-02-01-02-01.npy,5,2048,7,surprise,1
01-01-08-02-01-02-02,D:\Ravdess\fusion_pack_5f\sequences\01-01-08-02-01-02-02.npy,5,2048,7,surprise,2
01-01-08-02-01-02-03,D:\Ravdess\fusion_pack_5f\sequences\01-01-08-02-01-02-03.npy,5,2048,7,surprise,3
01-01-08-02-01-02-04,D:\Ravdess\fusion_pack_5f\sequences\01-01-08-02-01-02-04.npy,5,2048,7,surprise,4
01-01-08-02-01-02-05,D:\Ravdess\fusion_pack_5f\sequences\01-01-08-02-01-02-05.npy,5,2048,7,surprise,5
01-01-08-02-01-02-06,D:\Ravdess\fusion_pack_5f\sequences\01-01-08-02-01-02-06.npy,5,2048,7,surprise,6
01-01-08-02-01-02-07,D:\Ravdess\fusion_pack_5f\sequences\01-01-08-02-01-02-07.npy,5,2048,7,surprise,7
01-01-08-02-01-02-08,D:\Ravdess\fusion_pack_5f\sequences\01-01-08-02-01-02-08.npy,5,2048,7,surprise,8
01-01-08-02-01-02-09,D:\Ravdess\fusion_pack_5f\sequences\01-01-08-02-01-02-09.npy,5,2048,7,surprise,9
01-01-08-02-01-02-10,D:\Ravdess\fusion_pack_5f\sequences\01-01-08-02-01-02-10.npy,5,2048,7,surprise,10
01-01-08-02-01-02-11,D:\Ravdess\fusion_pack_5f\sequences\01-01-08-02-01-02-11.npy,5,2048,7,surprise,11
01-01-08-02-01-02-12,D:\Ravdess\fusion_pack_5f\sequences\01-01-08-02-01-02-12.npy,5,2048,7,surprise,12
01-01-08-02-01-02-13,D:\Ravdess\fusion_pack_5f\sequences\01-01-08-02-01-02-13.npy,5,2048,7,surprise,13
01-01-08-02-01-02-14,D:\Ravdess\fusion_pack_5f\sequences\01-01-08-02-01-02-14.npy,5,2048,7,surprise,14
01-01-08-02-01-02-16,D:\Ravdess\fusion_pack_5f\sequences\01-01-08-02-01-02-16.npy,5,2048,7,surprise,16
01-01-08-02-01-02-17,D:\Ravdess\fusion_pack_5f\sequences\01-01-08-02-01-02-17.npy,5,2048,7,surprise,17
01-01-08-02-01-02-18,D:\Ravdess\fusion_pack_5f\sequences\01-01-08-02-01-02-18.npy,5,2048,7,surprise,18
01-01-08-02-01-02-19,D:\Ravdess\fusion_pack_5f\sequences\01-01-08-02-01-02-19.npy,5,2048,7,surprise,19
01-01-08-02-01-02-20,D:\Ravdess\fusion_pack_5f\sequences\01-01-08-02-01-02-20.npy,5,2048,7,surprise,20
01-01-08-02-01-02-21,D:\Ravdess\fusion_pack_5f\sequences\01-01-08-02-01-02-21.npy,5,2048,7,surprise,21
01-01-08-02-01-02-22,D:\Ravdess\fusion_pack_5f\sequences\01-01-08-02-01-02-22.npy,5,2048,7,surprise,22
01-01-08-02-01-02-23,D:\Ravdess\fusion_pack_5f\sequences\01-01-08-02-01-02-23.npy,5,2048,7,surprise,23
01-01-08-02-01-02-24,D:\Ravdess\fusion_pack_5f\sequences\01-01-08-02-01-02-24.npy,5,2048,7,surprise,24
01-01-08-02-02-01-01,D:\Ravdess\fusion_pack_5f\sequences\01-01-08-02-02-01-01.npy,5,2048,7,surprise,1
01-01-08-02-02-01-02,D:\Ravdess\fusion_pack_5f\sequences\01-01-08-02-02-01-02.npy,5,2048,7,surprise,2
01-01-08-02-02-01-03,D:\Ravdess\fusion_pack_5f\sequences\01-01-08-02-02-01-03.npy,5,2048,7,surprise,3
01-01-08-02-02-01-04,D:\Ravdess\fusion_pack_5f\sequences\01-01-08-02-02-01-04.npy,5,2048,7,surprise,4
01-01-08-02-02-01-05,D:\Ravdess\fusion_pack_5f\sequences\01-01-08-02-02-01-05.npy,5,2048,7,surprise,5
01-01-08-02-02-01-06,D:\Ravdess\fusion_pack_5f\sequences\01-01-08-02-02-01-06.npy,5,2048,7,surprise,6
01-01-08-02-02-01-07,D:\Ravdess\fusion_pack_5f\sequences\01-01-08-02-02-01-07.npy,5,2048,7,surprise,7
01-01-08-02-02-01-08,D:\Ravdess\fusion_pack_5f\sequences\01-01-08-02-02-01-08.npy,5,2048,7,surprise,8
01-01-08-02-02-01-09,D:\Ravdess\fusion_pack_5f\sequences\01-01-08-02-02-01-09.npy,5,2048,7,surprise,9
01-01-08-02-02-01-10,D:\Ravdess\fusion_pack_5f\sequences\01-01-08-02-02-01-10.npy,5,2048,7,surprise,10
01-01-08-02-02-01-11,D:\Ravdess\fusion_pack_5f\sequences\01-01-08-02-02-01-11.npy,5,2048,7,surprise,11
01-01-08-02-02-01-12,D:\Ravdess\fusion_pack_5f\sequences\01-01-08-02-02-01-12.npy,5,2048,7,surprise,12
01-01-08-02-02-01-13,D:\Ravdess\fusion_pack_5f\sequences\01-01-08-02-02-01-13.npy,5,2048,7,surprise,13
01-01-08-02-02-01-14,D:\Ravdess\fusion_pack_5f\sequences\01-01-08-02-02-01-14.npy,5,2048,7,surprise,14
01-01-08-02-02-01-16,D:\Ravdess\fusion_pack_5f\sequences\01-01-08-02-02-01-16.npy,5,2048,7,surprise,16
01-01-08-02-02-01-17,D:\Ravdess\fusion_pack_5f\sequences\01-01-08-02-02-01-17.npy,5,2048,7,surprise,17
01-01-08-02-02-01-18,D:\Ravdess\fusion_pack_5f\sequences\01-01-08-02-02-01-18.npy,5,2048,7,surprise,18
01-01-08-02-02-01-19,D:\Ravdess\fusion_pack_5f\sequences\01-01-08-02-02-01-19.npy,5,2048,7,surprise,19
01-01-08-02-02-01-20,D:\Ravdess\fusion_pack_5f\sequences\01-01-08-02-02-01-20.npy,5,2048,7,surprise,20
01-01-08-02-02-01-21,D:\Ravdess\fusion_pack_5f\sequences\01-01-08-02-02-01-21.npy,5,2048,7,surprise,21
01-01-08-02-02-01-22,D:\Ravdess\fusion_pack_5f\sequences\01-01-08-02-02-01-22.npy,5,2048,7,surprise,22
01-01-08-02-02-01-23,D:\Ravdess\fusion_pack_5f\sequences\01-01-08-02-02-01-23.npy,5,2048,7,surprise,23
01-01-08-02-02-01-24,D:\Ravdess\fusion_pack_5f\sequences\01-01-08-02-02-01-24.npy,5,2048,7,surprise,24
01-01-08-02-02-02-01,D:\Ravdess\fusion_pack_5f\sequences\01-01-08-02-02-02-01.npy,5,2048,7,surprise,1
01-01-08-02-02-02-02,D:\Ravdess\fusion_pack_5f\sequences\01-01-08-02-02-02-02.npy,5,2048,7,surprise,2
01-01-08-02-02-02-03,D:\Ravdess\fusion_pack_5f\sequences\01-01-08-02-02-02-03.npy,5,2048,7,surprise,3
01-01-08-02-02-02-04,D:\Ravdess\fusion_pack_5f\sequences\01-01-08-02-02-02-04.npy,5,2048,7,surprise,4
01-01-08-02-02-02-05,D:\Ravdess\fusion_pack_5f\sequences\01-01-08-02-02-02-05.npy,5,2048,7,surprise,5
01-01-08-02-02-02-06,D:\Ravdess\fusion_pack_5f\sequences\01-01-08-02-02-02-06.npy,5,2048,7,surprise,6
01-01-08-02-02-02-07,D:\Ravdess\fusion_pack_5f\sequences\01-01-08-02-02-02-07.npy,5,2048,7,surprise,7
01-01-08-02-02-02-08,D:\Ravdess\fusion_pack_5f\sequences\01-01-08-02-02-02-08.npy,5,2048,7,surprise,8
01-01-08-02-02-02-09,D:\Ravdess\fusion_pack_5f\sequences\01-01-08-02-02-02-09.npy,5,2048,7,surprise,9
01-01-08-02-02-02-10,D:\Ravdess\fusion_pack_5f\sequences\01-01-08-02-02-02-10.npy,5,2048,7,surprise,10
01-01-08-02-02-02-11,D:\Ravdess\fusion_pack_5f\sequences\01-01-08-02-02-02-11.npy,5,2048,7,surprise,11
01-01-08-02-02-02-12,D:\Ravdess\fusion_pack_5f\sequences\01-01-08-02-02-02-12.npy,5,2048,7,surprise,12
01-01-08-02-02-02-13,D:\Ravdess\fusion_pack_5f\sequences\01-01-08-02-02-02-13.npy,5,2048,7,surprise,13
01-01-08-02-02-02-14,D:\Ravdess\fusion_pack_5f\sequences\01-01-08-02-02-02-14.npy,5,2048,7,surprise,14
01-01-08-02-02-02-16,D:\Ravdess\fusion_pack_5f\sequences\01-01-08-02-02-02-16.npy,5,2048,7,surprise,16
01-01-08-02-02-02-17,D:\Ravdess\fusion_pack_5f\sequences\01-01-08-02-02-02-17.npy,5,2048,7,surprise,17
01-01-08-02-02-02-18,D:\Ravdess\fusion_pack_5f\sequences\01-01-08-02-02-02-18.npy,5,2048,7,surprise,18
01-01-08-02-02-02-19,D:\Ravdess\fusion_pack_5f\sequences\01-01-08-02-02-02-19.npy,5,2048,7,surprise,19
01-01-08-02-02-02-20,D:\Ravdess\fusion_pack_5f\sequences\01-01-08-02-02-02-20.npy,5,2048,7,surprise,20
01-01-08-02-02-02-21,D:\Ravdess\fusion_pack_5f\sequences\01-01-08-02-02-02-21.npy,5,2048,7,surprise,21
01-01-08-02-02-02-22,D:\Ravdess\fusion_pack_5f\sequences\01-01-08-02-02-02-22.npy,5,2048,7,surprise,22
01-01-08-02-02-02-23,D:\Ravdess\fusion_pack_5f\sequences\01-01-08-02-02-02-23.npy,5,2048,7,surprise,23
01-01-08-02-02-02-24,D:\Ravdess\fusion_pack_5f\sequences\01-01-08-02-02-02-24.npy,5,2048,7,surprise,24
01-02-01-01-01-01-15,D:\Ravdess\fusion_pack_5f\sequences\01-02-01-01-01-01-15.npy,5,2048,0,neutral,15
01-02-01-01-01-02-15,D:\Ravdess\fusion_pack_5f\sequences\01-02-01-01-01-02-15.npy,5,2048,0,neutral,15
01-02-01-01-02-01-15,D:\Ravdess\fusion_pack_5f\sequences\01-02-01-01-02-01-15.npy,5,2048,0,neutral,15
01-02-01-01-02-02-15,D:\Ravdess\fusion_pack_5f\sequences\01-02-01-01-02-02-15.npy,5,2048,0,neutral,15
01-02-02-01-01-01-15,D:\Ravdess\fusion_pack_5f\sequences\01-02-02-01-01-01-15.npy,5,2048,1,calm,15
01-02-02-01-01-02-15,D:\Ravdess\fusion_pack_5f\sequences\01-02-02-01-01-02-15.npy,5,2048,1,calm,15
01-02-02-01-02-01-15,D:\Ravdess\fusion_pack_5f\sequences\01-02-02-01-02-01-15.npy,5,2048,1,calm,15
01-02-02-01-02-02-15,D:\Ravdess\fusion_pack_5f\sequences\01-02-02-01-02-02-15.npy,5,2048,1,calm,15
01-02-02-02-01-01-15,D:\Ravdess\fusion_pack_5f\sequences\01-02-02-02-01-01-15.npy,5,2048,1,calm,15
01-02-02-02-01-02-15,D:\Ravdess\fusion_pack_5f\sequences\01-02-02-02-01-02-15.npy,5,2048,1,calm,15
01-02-02-02-02-01-15,D:\Ravdess\fusion_pack_5f\sequences\01-02-02-02-02-01-15.npy,5,2048,1,calm,15
01-02-02-02-02-02-15,D:\Ravdess\fusion_pack_5f\sequences\01-02-02-02-02-02-15.npy,5,2048,1,calm,15
01-02-03-01-01-01-15,D:\Ravdess\fusion_pack_5f\sequences\01-02-03-01-01-01-15.npy,5,2048,2,happy,15
01-02-03-01-01-02-15,D:\Ravdess\fusion_pack_5f\sequences\01-02-03-01-01-02-15.npy,5,2048,2,happy,15
01-02-03-01-02-01-15,D:\Ravdess\fusion_pack_5f\sequences\01-02-03-01-02-01-15.npy,5,2048,2,happy,15
01-02-03-01-02-02-15,D:\Ravdess\fusion_pack_5f\sequences\01-02-03-01-02-02-15.npy,5,2048,2,happy,15
01-02-03-02-01-01-15,D:\Ravdess\fusion_pack_5f\sequences\01-02-03-02-01-01-15.npy,5,2048,2,happy,15
01-02-03-02-01-02-15,D:\Ravdess\fusion_pack_5f\sequences\01-02-03-02-01-02-15.npy,5,2048,2,happy,15
01-02-03-02-02-01-15,D:\Ravdess\fusion_pack_5f\sequences\01-02-03-02-02-01-15.npy,5,2048,2,happy,15
01-02-03-02-02-02-15,D:\Ravdess\fusion_pack_5f\sequences\01-02-03-02-02-02-15.npy,5,2048,2,happy,15
01-02-04-01-01-01-15,D:\Ravdess\fusion_pack_5f\sequences\01-02-04-01-01-01-15.npy,5,2048,3,sad,15
01-02-04-01-01-02-15,D:\Ravdess\fusion_pack_5f\sequences\01-02-04-01-01-02-15.npy,5,2048,3,sad,15
01-02-04-01-02-01-15,D:\Ravdess\fusion_pack_5f\sequences\01-02-04-01-02-01-15.npy,5,2048,3,sad,15
01-02-04-01-02-02-15,D:\Ravdess\fusion_pack_5f\sequences\01-02-04-01-02-02-15.npy,5,2048,3,sad,15
01-02-04-02-01-01-15,D:\Ravdess\fusion_pack_5f\sequences\01-02-04-02-01-01-15.npy,5,2048,3,sad,15
01-02-04-02-01-02-15,D:\Ravdess\fusion_pack_5f\sequences\01-02-04-02-01-02-15.npy,5,2048,3,sad,15
01-02-04-02-02-01-15,D:\Ravdess\fusion_pack_5f\sequences\01-02-04-02-02-01-15.npy,5,2048,3,sad,15
01-02-04-02-02-02-15,D:\Ravdess\fusion_pack_5f\sequences\01-02-04-02-02-02-15.npy,5,2048,3,sad,15
01-02-05-01-01-01-15,D:\Ravdess\fusion_pack_5f\sequences\01-02-05-01-01-01-15.npy,5,2048,4,angry,15
01-02-05-01-01-02-15,D:\Ravdess\fusion_pack_5f\sequences\01-02-05-01-01-02-15.npy,5,2048,4,angry,15
01-02-05-01-02-01-15,D:\Ravdess\fusion_pack_5f\sequences\01-02-05-01-02-01-15.npy,5,2048,4,angry,15
01-02-05-01-02-02-15,D:\Ravdess\fusion_pack_5f\sequences\01-02-05-01-02-02-15.npy,5,2048,4,angry,15
01-02-05-02-01-01-15,D:\Ravdess\fusion_pack_5f\sequences\01-02-05-02-01-01-15.npy,5,2048,4,angry,15
01-02-05-02-01-02-15,D:\Ravdess\fusion_pack_5f\sequences\01-02-05-02-01-02-15.npy,5,2048,4,angry,15
01-02-05-02-02-01-15,D:\Ravdess\fusion_pack_5f\sequences\01-02-05-02-02-01-15.npy,5,2048,4,angry,15
01-02-05-02-02-02-15,D:\Ravdess\fusion_pack_5f\sequences\01-02-05-02-02-02-15.npy,5,2048,4,angry,15
01-02-06-01-01-01-15,D:\Ravdess\fusion_pack_5f\sequences\01-02-06-01-01-01-15.npy,5,2048,5,fearful,15
01-02-06-01-01-02-15,D:\Ravdess\fusion_pack_5f\sequences\01-02-06-01-01-02-15.npy,5,2048,5,fearful,15
01-02-06-01-02-01-15,D:\Ravdess\fusion_pack_5f\sequences\01-02-06-01-02-01-15.npy,5,2048,5,fearful,15
01-02-06-01-02-02-15,D:\Ravdess\fusion_pack_5f\sequences\01-02-06-01-02-02-15.npy,5,2048,5,fearful,15
01-02-06-02-01-01-15,D:\Ravdess\fusion_pack_5f\sequences\01-02-06-02-01-01-15.npy,5,2048,5,fearful,15
01-02-06-02-01-02-15,D:\Ravdess\fusion_pack_5f\sequences\01-02-06-02-01-02-15.npy,5,2048,5,fearful,15
01-02-06-02-02-01-15,D:\Ravdess\fusion_pack_5f\sequences\01-02-06-02-02-01-15.npy,5,2048,5,fearful,15
01-02-06-02-02-02-15,D:\Ravdess\fusion_pack_5f\sequences\01-02-06-02-02-02-15.npy,5,2048,5,fearful,15
02-01-01-01-01-01-01,D:\Ravdess\fusion_pack_5f\sequences\02-01-01-01-01-01-01.npy,5,2048,0,neutral,1
02-01-01-01-01-01-02,D:\Ravdess\fusion_pack_5f\sequences\02-01-01-01-01-01-02.npy,5,2048,0,neutral,2
02-01-01-01-01-01-03,D:\Ravdess\fusion_pack_5f\sequences\02-01-01-01-01-01-03.npy,5,2048,0,neutral,3
02-01-01-01-01-01-04,D:\Ravdess\fusion_pack_5f\sequences\02-01-01-01-01-01-04.npy,5,2048,0,neutral,4
02-01-01-01-01-01-05,D:\Ravdess\fusion_pack_5f\sequences\02-01-01-01-01-01-05.npy,5,2048,0,neutral,5
02-01-01-01-01-01-06,D:\Ravdess\fusion_pack_5f\sequences\02-01-01-01-01-01-06.npy,5,2048,0,neutral,6
02-01-01-01-01-01-07,D:\Ravdess\fusion_pack_5f\sequences\02-01-01-01-01-01-07.npy,5,2048,0,neutral,7
02-01-01-01-01-01-08,D:\Ravdess\fusion_pack_5f\sequences\02-01-01-01-01-01-08.npy,5,2048,0,neutral,8
02-01-01-01-01-01-09,D:\Ravdess\fusion_pack_5f\sequences\02-01-01-01-01-01-09.npy,5,2048,0,neutral,9
02-01-01-01-01-01-10,D:\Ravdess\fusion_pack_5f\sequences\02-01-01-01-01-01-10.npy,5,2048,0,neutral,10
02-01-01-01-01-01-11,D:\Ravdess\fusion_pack_5f\sequences\02-01-01-01-01-01-11.npy,5,2048,0,neutral,11
02-01-01-01-01-01-12,D:\Ravdess\fusion_pack_5f\sequences\02-01-01-01-01-01-12.npy,5,2048,0,neutral,12
02-01-01-01-01-01-13,D:\Ravdess\fusion_pack_5f\sequences\02-01-01-01-01-01-13.npy,5,2048,0,neutral,13
02-01-01-01-01-01-14,D:\Ravdess\fusion_pack_5f\sequences\02-01-01-01-01-01-14.npy,5,2048,0,neutral,14
02-01-01-01-01-01-16,D:\Ravdess\fusion_pack_5f\sequences\02-01-01-01-01-01-16.npy,5,2048,0,neutral,16
02-01-01-01-01-01-17,D:\Ravdess\fusion_pack_5f\sequences\02-01-01-01-01-01-17.npy,5,2048,0,neutral,17
02-01-01-01-01-01-18,D:\Ravdess\fusion_pack_5f\sequences\02-01-01-01-01-01-18.npy,5,2048,0,neutral,18
02-01-01-01-01-01-19,D:\Ravdess\fusion_pack_5f\sequences\02-01-01-01-01-01-19.npy,5,2048,0,neutral,19
02-01-01-01-01-01-20,D:\Ravdess\fusion_pack_5f\sequences\02-01-01-01-01-01-20.npy,5,2048,0,neutral,20
02-01-01-01-01-01-21,D:\Ravdess\fusion_pack_5f\sequences\02-01-01-01-01-01-21.npy,5,2048,0,neutral,21
02-01-01-01-01-01-22,D:\Ravdess\fusion_pack_5f\sequences\02-01-01-01-01-01-22.npy,5,2048,0,neutral,22
02-01-01-01-01-01-23,D:\Ravdess\fusion_pack_5f\sequences\02-01-01-01-01-01-23.npy,5,2048,0,neutral,23
02-01-01-01-01-01-24,D:\Ravdess\fusion_pack_5f\sequences\02-01-01-01-01-01-24.npy,5,2048,0,neutral,24
02-01-01-01-01-02-01,D:\Ravdess\fusion_pack_5f\sequences\02-01-01-01-01-02-01.npy,5,2048,0,neutral,1
02-01-01-01-01-02-02,D:\Ravdess\fusion_pack_5f\sequences\02-01-01-01-01-02-02.npy,5,2048,0,neutral,2
02-01-01-01-01-02-03,D:\Ravdess\fusion_pack_5f\sequences\02-01-01-01-01-02-03.npy,5,2048,0,neutral,3
02-01-01-01-01-02-04,D:\Ravdess\fusion_pack_5f\sequences\02-01-01-01-01-02-04.npy,5,2048,0,neutral,4
02-01-01-01-01-02-05,D:\Ravdess\fusion_pack_5f\sequences\02-01-01-01-01-02-05.npy,5,2048,0,neutral,5
02-01-01-01-01-02-06,D:\Ravdess\fusion_pack_5f\sequences\02-01-01-01-01-02-06.npy,5,2048,0,neutral,6
02-01-01-01-01-02-07,D:\Ravdess\fusion_pack_5f\sequences\02-01-01-01-01-02-07.npy,5,2048,0,neutral,7
02-01-01-01-01-02-08,D:\Ravdess\fusion_pack_5f\sequences\02-01-01-01-01-02-08.npy,5,2048,0,neutral,8
02-01-01-01-01-02-09,D:\Ravdess\fusion_pack_5f\sequences\02-01-01-01-01-02-09.npy,5,2048,0,neutral,9
02-01-01-01-01-02-10,D:\Ravdess\fusion_pack_5f\sequences\02-01-01-01-01-02-10.npy,5,2048,0,neutral,10
02-01-01-01-01-02-11,D:\Ravdess\fusion_pack_5f\sequences\02-01-01-01-01-02-11.npy,5,2048,0,neutral,11
02-01-01-01-01-02-12,D:\Ravdess\fusion_pack_5f\sequences\02-01-01-01-01-02-12.npy,5,2048,0,neutral,12
02-01-01-01-01-02-13,D:\Ravdess\fusion_pack_5f\sequences\02-01-01-01-01-02-13.npy,5,2048,0,neutral,13
02-01-01-01-01-02-14,D:\Ravdess\fusion_pack_5f\sequences\02-01-01-01-01-02-14.npy,5,2048,0,neutral,14
02-01-01-01-01-02-16,D:\Ravdess\fusion_pack_5f\sequences\02-01-01-01-01-02-16.npy,5,2048,0,neutral,16
02-01-01-01-01-02-17,D:\Ravdess\fusion_pack_5f\sequences\02-01-01-01-01-02-17.npy,5,2048,0,neutral,17
02-01-01-01-01-02-18,D:\Ravdess\fusion_pack_5f\sequences\02-01-01-01-01-02-18.npy,5,2048,0,neutral,18
02-01-01-01-01-02-19,D:\Ravdess\fusion_pack_5f\sequences\02-01-01-01-01-02-19.npy,5,2048,0,neutral,19
02-01-01-01-01-02-20,D:\Ravdess\fusion_pack_5f\sequences\02-01-01-01-01-02-20.npy,5,2048,0,neutral,20
02-01-01-01-01-02-21,D:\Ravdess\fusion_pack_5f\sequences\02-01-01-01-01-02-21.npy,5,2048,0,neutral,21
02-01-01-01-01-02-22,D:\Ravdess\fusion_pack_5f\sequences\02-01-01-01-01-02-22.npy,5,2048,0,neutral,22
02-01-01-01-01-02-23,D:\Ravdess\fusion_pack_5f\sequences\02-01-01-01-01-02-23.npy,5,2048,0,neutral,23
02-01-01-01-01-02-24,D:\Ravdess\fusion_pack_5f\sequences\02-01-01-01-01-02-24.npy,5,2048,0,neutral,24
02-01-01-01-02-01-01,D:\Ravdess\fusion_pack_5f\sequences\02-01-01-01-02-01-01.npy,5,2048,0,neutral,1
02-01-01-01-02-01-02,D:\Ravdess\fusion_pack_5f\sequences\02-01-01-01-02-01-02.npy,5,2048,0,neutral,2
02-01-01-01-02-01-03,D:\Ravdess\fusion_pack_5f\sequences\02-01-01-01-02-01-03.npy,5,2048,0,neutral,3
02-01-01-01-02-01-04,D:\Ravdess\fusion_pack_5f\sequences\02-01-01-01-02-01-04.npy,5,2048,0,neutral,4
02-01-01-01-02-01-05,D:\Ravdess\fusion_pack_5f\sequences\02-01-01-01-02-01-05.npy,5,2048,0,neutral,5
02-01-01-01-02-01-06,D:\Ravdess\fusion_pack_5f\sequences\02-01-01-01-02-01-06.npy,5,2048,0,neutral,6
02-01-01-01-02-01-07,D:\Ravdess\fusion_pack_5f\sequences\02-01-01-01-02-01-07.npy,5,2048,0,neutral,7
02-01-01-01-02-01-08,D:\Ravdess\fusion_pack_5f\sequences\02-01-01-01-02-01-08.npy,5,2048,0,neutral,8
02-01-01-01-02-01-09,D:\Ravdess\fusion_pack_5f\sequences\02-01-01-01-02-01-09.npy,5,2048,0,neutral,9
02-01-01-01-02-01-10,D:\Ravdess\fusion_pack_5f\sequences\02-01-01-01-02-01-10.npy,5,2048,0,neutral,10
02-01-01-01-02-01-11,D:\Ravdess\fusion_pack_5f\sequences\02-01-01-01-02-01-11.npy,5,2048,0,neutral,11
02-01-01-01-02-01-12,D:\Ravdess\fusion_pack_5f\sequences\02-01-01-01-02-01-12.npy,5,2048,0,neutral,12
02-01-01-01-02-01-13,D:\Ravdess\fusion_pack_5f\sequences\02-01-01-01-02-01-13.npy,5,2048,0,neutral,13
02-01-01-01-02-01-14,D:\Ravdess\fusion_pack_5f\sequences\02-01-01-01-02-01-14.npy,5,2048,0,neutral,14
02-01-01-01-02-01-16,D:\Ravdess\fusion_pack_5f\sequences\02-01-01-01-02-01-16.npy,5,2048,0,neutral,16
02-01-01-01-02-01-17,D:\Ravdess\fusion_pack_5f\sequences\02-01-01-01-02-01-17.npy,5,2048,0,neutral,17
02-01-01-01-02-01-18,D:\Ravdess\fusion_pack_5f\sequences\02-01-01-01-02-01-18.npy,5,2048,0,neutral,18
02-01-01-01-02-01-19,D:\Ravdess\fusion_pack_5f\sequences\02-01-01-01-02-01-19.npy,5,2048,0,neutral,19
02-01-01-01-02-01-20,D:\Ravdess\fusion_pack_5f\sequences\02-01-01-01-02-01-20.npy,5,2048,0,neutral,20
02-01-01-01-02-01-21,D:\Ravdess\fusion_pack_5f\sequences\02-01-01-01-02-01-21.npy,5,2048,0,neutral,21
02-01-01-01-02-01-22,D:\Ravdess\fusion_pack_5f\sequences\02-01-01-01-02-01-22.npy,5,2048,0,neutral,22
02-01-01-01-02-01-23,D:\Ravdess\fusion_pack_5f\sequences\02-01-01-01-02-01-23.npy,5,2048,0,neutral,23
02-01-01-01-02-01-24,D:\Ravdess\fusion_pack_5f\sequences\02-01-01-01-02-01-24.npy,5,2048,0,neutral,24
02-01-01-01-02-02-01,D:\Ravdess\fusion_pack_5f\sequences\02-01-01-01-02-02-01.npy,5,2048,0,neutral,1
02-01-01-01-02-02-02,D:\Ravdess\fusion_pack_5f\sequences\02-01-01-01-02-02-02.npy,5,2048,0,neutral,2
02-01-01-01-02-02-03,D:\Ravdess\fusion_pack_5f\sequences\02-01-01-01-02-02-03.npy,5,2048,0,neutral,3
02-01-01-01-02-02-04,D:\Ravdess\fusion_pack_5f\sequences\02-01-01-01-02-02-04.npy,5,2048,0,neutral,4
02-01-01-01-02-02-05,D:\Ravdess\fusion_pack_5f\sequences\02-01-01-01-02-02-05.npy,5,2048,0,neutral,5
02-01-01-01-02-02-06,D:\Ravdess\fusion_pack_5f\sequences\02-01-01-01-02-02-06.npy,5,2048,0,neutral,6
02-01-01-01-02-02-07,D:\Ravdess\fusion_pack_5f\sequences\02-01-01-01-02-02-07.npy,5,2048,0,neutral,7
02-01-01-01-02-02-08,D:\Ravdess\fusion_pack_5f\sequences\02-01-01-01-02-02-08.npy,5,2048,0,neutral,8
02-01-01-01-02-02-09,D:\Ravdess\fusion_pack_5f\sequences\02-01-01-01-02-02-09.npy,5,2048,0,neutral,9
02-01-01-01-02-02-10,D:\Ravdess\fusion_pack_5f\sequences\02-01-01-01-02-02-10.npy,5,2048,0,neutral,10
02-01-01-01-02-02-11,D:\Ravdess\fusion_pack_5f\sequences\02-01-01-01-02-02-11.npy,5,2048,0,neutral,11
02-01-01-01-02-02-12,D:\Ravdess\fusion_pack_5f\sequences\02-01-01-01-02-02-12.npy,5,2048,0,neutral,12
02-01-01-01-02-02-13,D:\Ravdess\fusion_pack_5f\sequences\02-01-01-01-02-02-13.npy,5,2048,0,neutral,13
02-01-01-01-02-02-14,D:\Ravdess\fusion_pack_5f\sequences\02-01-01-01-02-02-14.npy,5,2048,0,neutral,14
02-01-01-01-02-02-16,D:\Ravdess\fusion_pack_5f\sequences\02-01-01-01-02-02-16.npy,5,2048,0,neutral,16
02-01-01-01-02-02-17,D:\Ravdess\fusion_pack_5f\sequences\02-01-01-01-02-02-17.npy,5,2048,0,neutral,17
02-01-01-01-02-02-18,D:\Ravdess\fusion_pack_5f\sequences\02-01-01-01-02-02-18.npy,5,2048,0,neutral,18
02-01-01-01-02-02-19,D:\Ravdess\fusion_pack_5f\sequences\02-01-01-01-02-02-19.npy,5,2048,0,neutral,19
02-01-01-01-02-02-20,D:\Ravdess\fusion_pack_5f\sequences\02-01-01-01-02-02-20.npy,5,2048,0,neutral,20
02-01-01-01-02-02-21,D:\Ravdess\fusion_pack_5f\sequences\02-01-01-01-02-02-21.npy,5,2048,0,neutral,21
02-01-01-01-02-02-22,D:\Ravdess\fusion_pack_5f\sequences\02-01-01-01-02-02-22.npy,5,2048,0,neutral,22
02-01-01-01-02-02-23,D:\Ravdess\fusion_pack_5f\sequences\02-01-01-01-02-02-23.npy,5,2048,0,neutral,23
02-01-01-01-02-02-24,D:\Ravdess\fusion_pack_5f\sequences\02-01-01-01-02-02-24.npy,5,2048,0,neutral,24
02-01-02-01-01-01-01,D:\Ravdess\fusion_pack_5f\sequences\02-01-02-01-01-01-01.npy,5,2048,1,calm,1
02-01-02-01-01-01-02,D:\Ravdess\fusion_pack_5f\sequences\02-01-02-01-01-01-02.npy,5,2048,1,calm,2
02-01-02-01-01-01-03,D:\Ravdess\fusion_pack_5f\sequences\02-01-02-01-01-01-03.npy,5,2048,1,calm,3
02-01-02-01-01-01-04,D:\Ravdess\fusion_pack_5f\sequences\02-01-02-01-01-01-04.npy,5,2048,1,calm,4
02-01-02-01-01-01-05,D:\Ravdess\fusion_pack_5f\sequences\02-01-02-01-01-01-05.npy,5,2048,1,calm,5
02-01-02-01-01-01-06,D:\Ravdess\fusion_pack_5f\sequences\02-01-02-01-01-01-06.npy,5,2048,1,calm,6
02-01-02-01-01-01-07,D:\Ravdess\fusion_pack_5f\sequences\02-01-02-01-01-01-07.npy,5,2048,1,calm,7
02-01-02-01-01-01-08,D:\Ravdess\fusion_pack_5f\sequences\02-01-02-01-01-01-08.npy,5,2048,1,calm,8
02-01-02-01-01-01-09,D:\Ravdess\fusion_pack_5f\sequences\02-01-02-01-01-01-09.npy,5,2048,1,calm,9
02-01-02-01-01-01-10,D:\Ravdess\fusion_pack_5f\sequences\02-01-02-01-01-01-10.npy,5,2048,1,calm,10
02-01-02-01-01-01-11,D:\Ravdess\fusion_pack_5f\sequences\02-01-02-01-01-01-11.npy,5,2048,1,calm,11
02-01-02-01-01-01-12,D:\Ravdess\fusion_pack_5f\sequences\02-01-02-01-01-01-12.npy,5,2048,1,calm,12
02-01-02-01-01-01-13,D:\Ravdess\fusion_pack_5f\sequences\02-01-02-01-01-01-13.npy,5,2048,1,calm,13
02-01-02-01-01-01-14,D:\Ravdess\fusion_pack_5f\sequences\02-01-02-01-01-01-14.npy,5,2048,1,calm,14
02-01-02-01-01-01-16,D:\Ravdess\fusion_pack_5f\sequences\02-01-02-01-01-01-16.npy,5,2048,1,calm,16
02-01-02-01-01-01-17,D:\Ravdess\fusion_pack_5f\sequences\02-01-02-01-01-01-17.npy,5,2048,1,calm,17
02-01-02-01-01-01-18,D:\Ravdess\fusion_pack_5f\sequences\02-01-02-01-01-01-18.npy,5,2048,1,calm,18
02-01-02-01-01-01-19,D:\Ravdess\fusion_pack_5f\sequences\02-01-02-01-01-01-19.npy,5,2048,1,calm,19
02-01-02-01-01-01-20,D:\Ravdess\fusion_pack_5f\sequences\02-01-02-01-01-01-20.npy,5,2048,1,calm,20
02-01-02-01-01-01-21,D:\Ravdess\fusion_pack_5f\sequences\02-01-02-01-01-01-21.npy,5,2048,1,calm,21
02-01-02-01-01-01-22,D:\Ravdess\fusion_pack_5f\sequences\02-01-02-01-01-01-22.npy,5,2048,1,calm,22
02-01-02-01-01-01-23,D:\Ravdess\fusion_pack_5f\sequences\02-01-02-01-01-01-23.npy,5,2048,1,calm,23
02-01-02-01-01-01-24,D:\Ravdess\fusion_pack_5f\sequences\02-01-02-01-01-01-24.npy,5,2048,1,calm,24
02-01-02-01-01-02-01,D:\Ravdess\fusion_pack_5f\sequences\02-01-02-01-01-02-01.npy,5,2048,1,calm,1
02-01-02-01-01-02-02,D:\Ravdess\fusion_pack_5f\sequences\02-01-02-01-01-02-02.npy,5,2048,1,calm,2
02-01-02-01-01-02-03,D:\Ravdess\fusion_pack_5f\sequences\02-01-02-01-01-02-03.npy,5,2048,1,calm,3
02-01-02-01-01-02-04,D:\Ravdess\fusion_pack_5f\sequences\02-01-02-01-01-02-04.npy,5,2048,1,calm,4
02-01-02-01-01-02-05,D:\Ravdess\fusion_pack_5f\sequences\02-01-02-01-01-02-05.npy,5,2048,1,calm,5
02-01-02-01-01-02-06,D:\Ravdess\fusion_pack_5f\sequences\02-01-02-01-01-02-06.npy,5,2048,1,calm,6
02-01-02-01-01-02-07,D:\Ravdess\fusion_pack_5f\sequences\02-01-02-01-01-02-07.npy,5,2048,1,calm,7
02-01-02-01-01-02-08,D:\Ravdess\fusion_pack_5f\sequences\02-01-02-01-01-02-08.npy,5,2048,1,calm,8
02-01-02-01-01-02-09,D:\Ravdess\fusion_pack_5f\sequences\02-01-02-01-01-02-09.npy,5,2048,1,calm,9
02-01-02-01-01-02-10,D:\Ravdess\fusion_pack_5f\sequences\02-01-02-01-01-02-10.npy,5,2048,1,calm,10
02-01-02-01-01-02-11,D:\Ravdess\fusion_pack_5f\sequences\02-01-02-01-01-02-11.npy,5,2048,1,calm,11
02-01-02-01-01-02-12,D:\Ravdess\fusion_pack_5f\sequences\02-01-02-01-01-02-12.npy,5,2048,1,calm,12
02-01-02-01-01-02-13,D:\Ravdess\fusion_pack_5f\sequences\02-01-02-01-01-02-13.npy,5,2048,1,calm,13
02-01-02-01-01-02-14,D:\Ravdess\fusion_pack_5f\sequences\02-01-02-01-01-02-14.npy,5,2048,1,calm,14
02-01-02-01-01-02-16,D:\Ravdess\fusion_pack_5f\sequences\02-01-02-01-01-02-16.npy,5,2048,1,calm,16
02-01-02-01-01-02-17,D:\Ravdess\fusion_pack_5f\sequences\02-01-02-01-01-02-17.npy,5,2048,1,calm,17
02-01-02-01-01-02-18,D:\Ravdess\fusion_pack_5f\sequences\02-01-02-01-01-02-18.npy,5,2048,1,calm,18
02-01-02-01-01-02-19,D:\Ravdess\fusion_pack_5f\sequences\02-01-02-01-01-02-19.npy,5,2048,1,calm,19
02-01-02-01-01-02-20,D:\Ravdess\fusion_pack_5f\sequences\02-01-02-01-01-02-20.npy,5,2048,1,calm,20
02-01-02-01-01-02-21,D:\Ravdess\fusion_pack_5f\sequences\02-01-02-01-01-02-21.npy,5,2048,1,calm,21
02-01-02-01-01-02-22,D:\Ravdess\fusion_pack_5f\sequences\02-01-02-01-01-02-22.npy,5,2048,1,calm,22
02-01-02-01-01-02-23,D:\Ravdess\fusion_pack_5f\sequences\02-01-02-01-01-02-23.npy,5,2048,1,calm,23
02-01-02-01-01-02-24,D:\Ravdess\fusion_pack_5f\sequences\02-01-02-01-01-02-24.npy,5,2048,1,calm,24
02-01-02-01-02-01-01,D:\Ravdess\fusion_pack_5f\sequences\02-01-02-01-02-01-01.npy,5,2048,1,calm,1
02-01-02-01-02-01-02,D:\Ravdess\fusion_pack_5f\sequences\02-01-02-01-02-01-02.npy,5,2048,1,calm,2
02-01-02-01-02-01-03,D:\Ravdess\fusion_pack_5f\sequences\02-01-02-01-02-01-03.npy,5,2048,1,calm,3
02-01-02-01-02-01-04,D:\Ravdess\fusion_pack_5f\sequences\02-01-02-01-02-01-04.npy,5,2048,1,calm,4
02-01-02-01-02-01-05,D:\Ravdess\fusion_pack_5f\sequences\02-01-02-01-02-01-05.npy,5,2048,1,calm,5
02-01-02-01-02-01-06,D:\Ravdess\fusion_pack_5f\sequences\02-01-02-01-02-01-06.npy,5,2048,1,calm,6
02-01-02-01-02-01-07,D:\Ravdess\fusion_pack_5f\sequences\02-01-02-01-02-01-07.npy,5,2048,1,calm,7
02-01-02-01-02-01-08,D:\Ravdess\fusion_pack_5f\sequences\02-01-02-01-02-01-08.npy,5,2048,1,calm,8
02-01-02-01-02-01-09,D:\Ravdess\fusion_pack_5f\sequences\02-01-02-01-02-01-09.npy,5,2048,1,calm,9
02-01-02-01-02-01-10,D:\Ravdess\fusion_pack_5f\sequences\02-01-02-01-02-01-10.npy,5,2048,1,calm,10
02-01-02-01-02-01-11,D:\Ravdess\fusion_pack_5f\sequences\02-01-02-01-02-01-11.npy,5,2048,1,calm,11
02-01-02-01-02-01-12,D:\Ravdess\fusion_pack_5f\sequences\02-01-02-01-02-01-12.npy,5,2048,1,calm,12
02-01-02-01-02-01-13,D:\Ravdess\fusion_pack_5f\sequences\02-01-02-01-02-01-13.npy,5,2048,1,calm,13
02-01-02-01-02-01-14,D:\Ravdess\fusion_pack_5f\sequences\02-01-02-01-02-01-14.npy,5,2048,1,calm,14
02-01-02-01-02-01-16,D:\Ravdess\fusion_pack_5f\sequences\02-01-02-01-02-01-16.npy,5,2048,1,calm,16
02-01-02-01-02-01-17,D:\Ravdess\fusion_pack_5f\sequences\02-01-02-01-02-01-17.npy,5,2048,1,calm,17
02-01-02-01-02-01-18,D:\Ravdess\fusion_pack_5f\sequences\02-01-02-01-02-01-18.npy,5,2048,1,calm,18
02-01-02-01-02-01-19,D:\Ravdess\fusion_pack_5f\sequences\02-01-02-01-02-01-19.npy,5,2048,1,calm,19
02-01-02-01-02-01-20,D:\Ravdess\fusion_pack_5f\sequences\02-01-02-01-02-01-20.npy,5,2048,1,calm,20
02-01-02-01-02-01-21,D:\Ravdess\fusion_pack_5f\sequences\02-01-02-01-02-01-21.npy,5,2048,1,calm,21
02-01-02-01-02-01-22,D:\Ravdess\fusion_pack_5f\sequences\02-01-02-01-02-01-22.npy,5,2048,1,calm,22
02-01-02-01-02-01-23,D:\Ravdess\fusion_pack_5f\sequences\02-01-02-01-02-01-23.npy,5,2048,1,calm,23
02-01-02-01-02-01-24,D:\Ravdess\fusion_pack_5f\sequences\02-01-02-01-02-01-24.npy,5,2048,1,calm,24
02-01-02-01-02-02-01,D:\Ravdess\fusion_pack_5f\sequences\02-01-02-01-02-02-01.npy,5,2048,1,calm,1
02-01-02-01-02-02-02,D:\Ravdess\fusion_pack_5f\sequences\02-01-02-01-02-02-02.npy,5,2048,1,calm,2
02-01-02-01-02-02-03,D:\Ravdess\fusion_pack_5f\sequences\02-01-02-01-02-02-03.npy,5,2048,1,calm,3
02-01-02-01-02-02-04,D:\Ravdess\fusion_pack_5f\sequences\02-01-02-01-02-02-04.npy,5,2048,1,calm,4
02-01-02-01-02-02-05,D:\Ravdess\fusion_pack_5f\sequences\02-01-02-01-02-02-05.npy,5,2048,1,calm,5
02-01-02-01-02-02-06,D:\Ravdess\fusion_pack_5f\sequences\02-01-02-01-02-02-06.npy,5,2048,1,calm,6
02-01-02-01-02-02-07,D:\Ravdess\fusion_pack_5f\sequences\02-01-02-01-02-02-07.npy,5,2048,1,calm,7
02-01-02-01-02-02-08,D:\Ravdess\fusion_pack_5f\sequences\02-01-02-01-02-02-08.npy,5,2048,1,calm,8
02-01-02-01-02-02-09,D:\Ravdess\fusion_pack_5f\sequences\02-01-02-01-02-02-09.npy,5,2048,1,calm,9
02-01-02-01-02-02-10,D:\Ravdess\fusion_pack_5f\sequences\02-01-02-01-02-02-10.npy,5,2048,1,calm,10
02-01-02-01-02-02-11,D:\Ravdess\fusion_pack_5f\sequences\02-01-02-01-02-02-11.npy,5,2048,1,calm,11
02-01-02-01-02-02-12,D:\Ravdess\fusion_pack_5f\sequences\02-01-02-01-02-02-12.npy,5,2048,1,calm,12
02-01-02-01-02-02-13,D:\Ravdess\fusion_pack_5f\sequences\02-01-02-01-02-02-13.npy,5,2048,1,calm,13
02-01-02-01-02-02-14,D:\Ravdess\fusion_pack_5f\sequences\02-01-02-01-02-02-14.npy,5,2048,1,calm,14
02-01-02-01-02-02-16,D:\Ravdess\fusion_pack_5f\sequences\02-01-02-01-02-02-16.npy,5,2048,1,calm,16
02-01-02-01-02-02-17,D:\Ravdess\fusion_pack_5f\sequences\02-01-02-01-02-02-17.npy,5,2048,1,calm,17
02-01-02-01-02-02-18,D:\Ravdess\fusion_pack_5f\sequences\02-01-02-01-02-02-18.npy,5,2048,1,calm,18
02-01-02-01-02-02-19,D:\Ravdess\fusion_pack_5f\sequences\02-01-02-01-02-02-19.npy,5,2048,1,calm,19
02-01-02-01-02-02-20,D:\Ravdess\fusion_pack_5f\sequences\02-01-02-01-02-02-20.npy,5,2048,1,calm,20
02-01-02-01-02-02-21,D:\Ravdess\fusion_pack_5f\sequences\02-01-02-01-02-02-21.npy,5,2048,1,calm,21
02-01-02-01-02-02-22,D:\Ravdess\fusion_pack_5f\sequences\02-01-02-01-02-02-22.npy,5,2048,1,calm,22
02-01-02-01-02-02-23,D:\Ravdess\fusion_pack_5f\sequences\02-01-02-01-02-02-23.npy,5,2048,1,calm,23
02-01-02-01-02-02-24,D:\Ravdess\fusion_pack_5f\sequences\02-01-02-01-02-02-24.npy,5,2048,1,calm,24
02-01-02-02-01-01-01,D:\Ravdess\fusion_pack_5f\sequences\02-01-02-02-01-01-01.npy,5,2048,1,calm,1
02-01-02-02-01-01-02,D:\Ravdess\fusion_pack_5f\sequences\02-01-02-02-01-01-02.npy,5,2048,1,calm,2
02-01-02-02-01-01-03,D:\Ravdess\fusion_pack_5f\sequences\02-01-02-02-01-01-03.npy,5,2048,1,calm,3
02-01-02-02-01-01-04,D:\Ravdess\fusion_pack_5f\sequences\02-01-02-02-01-01-04.npy,5,2048,1,calm,4
02-01-02-02-01-01-05,D:\Ravdess\fusion_pack_5f\sequences\02-01-02-02-01-01-05.npy,5,2048,1,calm,5
02-01-02-02-01-01-06,D:\Ravdess\fusion_pack_5f\sequences\02-01-02-02-01-01-06.npy,5,2048,1,calm,6
02-01-02-02-01-01-07,D:\Ravdess\fusion_pack_5f\sequences\02-01-02-02-01-01-07.npy,5,2048,1,calm,7
02-01-02-02-01-01-08,D:\Ravdess\fusion_pack_5f\sequences\02-01-02-02-01-01-08.npy,5,2048,1,calm,8
02-01-02-02-01-01-09,D:\Ravdess\fusion_pack_5f\sequences\02-01-02-02-01-01-09.npy,5,2048,1,calm,9
02-01-02-02-01-01-10,D:\Ravdess\fusion_pack_5f\sequences\02-01-02-02-01-01-10.npy,5,2048,1,calm,10
02-01-02-02-01-01-11,D:\Ravdess\fusion_pack_5f\sequences\02-01-02-02-01-01-11.npy,5,2048,1,calm,11
02-01-02-02-01-01-12,D:\Ravdess\fusion_pack_5f\sequences\02-01-02-02-01-01-12.npy,5,2048,1,calm,12
02-01-02-02-01-01-13,D:\Ravdess\fusion_pack_5f\sequences\02-01-02-02-01-01-13.npy,5,2048,1,calm,13
02-01-02-02-01-01-14,D:\Ravdess\fusion_pack_5f\sequences\02-01-02-02-01-01-14.npy,5,2048,1,calm,14
02-01-02-02-01-01-16,D:\Ravdess\fusion_pack_5f\sequences\02-01-02-02-01-01-16.npy,5,2048,1,calm,16
02-01-02-02-01-01-17,D:\Ravdess\fusion_pack_5f\sequences\02-01-02-02-01-01-17.npy,5,2048,1,calm,17
02-01-02-02-01-01-18,D:\Ravdess\fusion_pack_5f\sequences\02-01-02-02-01-01-18.npy,5,2048,1,calm,18
02-01-02-02-01-01-19,D:\Ravdess\fusion_pack_5f\sequences\02-01-02-02-01-01-19.npy,5,2048,1,calm,19
02-01-02-02-01-01-20,D:\Ravdess\fusion_pack_5f\sequences\02-01-02-02-01-01-20.npy,5,2048,1,calm,20
02-01-02-02-01-01-21,D:\Ravdess\fusion_pack_5f\sequences\02-01-02-02-01-01-21.npy,5,2048,1,calm,21
02-01-02-02-01-01-22,D:\Ravdess\fusion_pack_5f\sequences\02-01-02-02-01-01-22.npy,5,2048,1,calm,22
02-01-02-02-01-01-23,D:\Ravdess\fusion_pack_5f\sequences\02-01-02-02-01-01-23.npy,5,2048,1,calm,23
02-01-02-02-01-01-24,D:\Ravdess\fusion_pack_5f\sequences\02-01-02-02-01-01-24.npy,5,2048,1,calm,24
02-01-02-02-01-02-01,D:\Ravdess\fusion_pack_5f\sequences\02-01-02-02-01-02-01.npy,5,2048,1,calm,1
02-01-02-02-01-02-02,D:\Ravdess\fusion_pack_5f\sequences\02-01-02-02-01-02-02.npy,5,2048,1,calm,2
02-01-02-02-01-02-03,D:\Ravdess\fusion_pack_5f\sequences\02-01-02-02-01-02-03.npy,5,2048,1,calm,3
02-01-02-02-01-02-04,D:\Ravdess\fusion_pack_5f\sequences\02-01-02-02-01-02-04.npy,5,2048,1,calm,4
02-01-02-02-01-02-05,D:\Ravdess\fusion_pack_5f\sequences\02-01-02-02-01-02-05.npy,5,2048,1,calm,5
02-01-02-02-01-02-06,D:\Ravdess\fusion_pack_5f\sequences\02-01-02-02-01-02-06.npy,5,2048,1,calm,6
02-01-02-02-01-02-07,D:\Ravdess\fusion_pack_5f\sequences\02-01-02-02-01-02-07.npy,5,2048,1,calm,7
02-01-02-02-01-02-08,D:\Ravdess\fusion_pack_5f\sequences\02-01-02-02-01-02-08.npy,5,2048,1,calm,8
02-01-02-02-01-02-09,D:\Ravdess\fusion_pack_5f\sequences\02-01-02-02-01-02-09.npy,5,2048,1,calm,9
02-01-02-02-01-02-10,D:\Ravdess\fusion_pack_5f\sequences\02-01-02-02-01-02-10.npy,5,2048,1,calm,10
02-01-02-02-01-02-11,D:\Ravdess\fusion_pack_5f\sequences\02-01-02-02-01-02-11.npy,5,2048,1,calm,11
02-01-02-02-01-02-12,D:\Ravdess\fusion_pack_5f\sequences\02-01-02-02-01-02-12.npy,5,2048,1,calm,12
02-01-02-02-01-02-13,D:\Ravdess\fusion_pack_5f\sequences\02-01-02-02-01-02-13.npy,5,2048,1,calm,13
02-01-02-02-01-02-14,D:\Ravdess\fusion_pack_5f\sequences\02-01-02-02-01-02-14.npy,5,2048,1,calm,14
02-01-02-02-01-02-16,D:\Ravdess\fusion_pack_5f\sequences\02-01-02-02-01-02-16.npy,5,2048,1,calm,16
02-01-02-02-01-02-17,D:\Ravdess\fusion_pack_5f\sequences\02-01-02-02-01-02-17.npy,5,2048,1,calm,17
02-01-02-02-01-02-18,D:\Ravdess\fusion_pack_5f\sequences\02-01-02-02-01-02-18.npy,5,2048,1,calm,18
02-01-02-02-01-02-19,D:\Ravdess\fusion_pack_5f\sequences\02-01-02-02-01-02-19.npy,5,2048,1,calm,19
02-01-02-02-01-02-20,D:\Ravdess\fusion_pack_5f\sequences\02-01-02-02-01-02-20.npy,5,2048,1,calm,20
02-01-02-02-01-02-21,D:\Ravdess\fusion_pack_5f\sequences\02-01-02-02-01-02-21.npy,5,2048,1,calm,21
02-01-02-02-01-02-22,D:\Ravdess\fusion_pack_5f\sequences\02-01-02-02-01-02-22.npy,5,2048,1,calm,22
02-01-02-02-01-02-23,D:\Ravdess\fusion_pack_5f\sequences\02-01-02-02-01-02-23.npy,5,2048,1,calm,23
02-01-02-02-01-02-24,D:\Ravdess\fusion_pack_5f\sequences\02-01-02-02-01-02-24.npy,5,2048,1,calm,24
02-01-02-02-02-01-01,D:\Ravdess\fusion_pack_5f\sequences\02-01-02-02-02-01-01.npy,5,2048,1,calm,1
02-01-02-02-02-01-02,D:\Ravdess\fusion_pack_5f\sequences\02-01-02-02-02-01-02.npy,5,2048,1,calm,2
02-01-02-02-02-01-03,D:\Ravdess\fusion_pack_5f\sequences\02-01-02-02-02-01-03.npy,5,2048,1,calm,3
02-01-02-02-02-01-04,D:\Ravdess\fusion_pack_5f\sequences\02-01-02-02-02-01-04.npy,5,2048,1,calm,4
02-01-02-02-02-01-05,D:\Ravdess\fusion_pack_5f\sequences\02-01-02-02-02-01-05.npy,5,2048,1,calm,5
02-01-02-02-02-01-06,D:\Ravdess\fusion_pack_5f\sequences\02-01-02-02-02-01-06.npy,5,2048,1,calm,6
02-01-02-02-02-01-07,D:\Ravdess\fusion_pack_5f\sequences\02-01-02-02-02-01-07.npy,5,2048,1,calm,7
02-01-02-02-02-01-08,D:\Ravdess\fusion_pack_5f\sequences\02-01-02-02-02-01-08.npy,5,2048,1,calm,8
02-01-02-02-02-01-09,D:\Ravdess\fusion_pack_5f\sequences\02-01-02-02-02-01-09.npy,5,2048,1,calm,9
02-01-02-02-02-01-10,D:\Ravdess\fusion_pack_5f\sequences\02-01-02-02-02-01-10.npy,5,2048,1,calm,10
02-01-02-02-02-01-11,D:\Ravdess\fusion_pack_5f\sequences\02-01-02-02-02-01-11.npy,5,2048,1,calm,11
02-01-02-02-02-01-12,D:\Ravdess\fusion_pack_5f\sequences\02-01-02-02-02-01-12.npy,5,2048,1,calm,12
02-01-02-02-02-01-13,D:\Ravdess\fusion_pack_5f\sequences\02-01-02-02-02-01-13.npy,5,2048,1,calm,13
02-01-02-02-02-01-14,D:\Ravdess\fusion_pack_5f\sequences\02-01-02-02-02-01-14.npy,5,2048,1,calm,14
02-01-02-02-02-01-16,D:\Ravdess\fusion_pack_5f\sequences\02-01-02-02-02-01-16.npy,5,2048,1,calm,16
02-01-02-02-02-01-17,D:\Ravdess\fusion_pack_5f\sequences\02-01-02-02-02-01-17.npy,5,2048,1,calm,17
02-01-02-02-02-01-18,D:\Ravdess\fusion_pack_5f\sequences\02-01-02-02-02-01-18.npy,5,2048,1,calm,18
02-01-02-02-02-01-19,D:\Ravdess\fusion_pack_5f\sequences\02-01-02-02-02-01-19.npy,5,2048,1,calm,19
02-01-02-02-02-01-20,D:\Ravdess\fusion_pack_5f\sequences\02-01-02-02-02-01-20.npy,5,2048,1,calm,20
02-01-02-02-02-01-21,D:\Ravdess\fusion_pack_5f\sequences\02-01-02-02-02-01-21.npy,5,2048,1,calm,21
02-01-02-02-02-01-22,D:\Ravdess\fusion_pack_5f\sequences\02-01-02-02-02-01-22.npy,5,2048,1,calm,22
02-01-02-02-02-01-23,D:\Ravdess\fusion_pack_5f\sequences\02-01-02-02-02-01-23.npy,5,2048,1,calm,23
02-01-02-02-02-01-24,D:\Ravdess\fusion_pack_5f\sequences\02-01-02-02-02-01-24.npy,5,2048,1,calm,24
02-01-02-02-02-02-01,D:\Ravdess\fusion_pack_5f\sequences\02-01-02-02-02-02-01.npy,5,2048,1,calm,1
02-01-02-02-02-02-02,D:\Ravdess\fusion_pack_5f\sequences\02-01-02-02-02-02-02.npy,5,2048,1,calm,2
02-01-02-02-02-02-03,D:\Ravdess\fusion_pack_5f\sequences\02-01-02-02-02-02-03.npy,5,2048,1,calm,3
02-01-02-02-02-02-04,D:\Ravdess\fusion_pack_5f\sequences\02-01-02-02-02-02-04.npy,5,2048,1,calm,4
02-01-02-02-02-02-05,D:\Ravdess\fusion_pack_5f\sequences\02-01-02-02-02-02-05.npy,5,2048,1,calm,5
02-01-02-02-02-02-06,D:\Ravdess\fusion_pack_5f\sequences\02-01-02-02-02-02-06.npy,5,2048,1,calm,6
02-01-02-02-02-02-07,D:\Ravdess\fusion_pack_5f\sequences\02-01-02-02-02-02-07.npy,5,2048,1,calm,7
02-01-02-02-02-02-08,D:\Ravdess\fusion_pack_5f\sequences\02-01-02-02-02-02-08.npy,5,2048,1,calm,8
02-01-02-02-02-02-09,D:\Ravdess\fusion_pack_5f\sequences\02-01-02-02-02-02-09.npy,5,2048,1,calm,9
02-01-02-02-02-02-10,D:\Ravdess\fusion_pack_5f\sequences\02-01-02-02-02-02-10.npy,5,2048,1,calm,10
02-01-02-02-02-02-11,D:\Ravdess\fusion_pack_5f\sequences\02-01-02-02-02-02-11.npy,5,2048,1,calm,11
02-01-02-02-02-02-12,D:\Ravdess\fusion_pack_5f\sequences\02-01-02-02-02-02-12.npy,5,2048,1,calm,12
02-01-02-02-02-02-13,D:\Ravdess\fusion_pack_5f\sequences\02-01-02-02-02-02-13.npy,5,2048,1,calm,13
02-01-02-02-02-02-14,D:\Ravdess\fusion_pack_5f\sequences\02-01-02-02-02-02-14.npy,5,2048,1,calm,14
02-01-02-02-02-02-16,D:\Ravdess\fusion_pack_5f\sequences\02-01-02-02-02-02-16.npy,5,2048,1,calm,16
02-01-02-02-02-02-17,D:\Ravdess\fusion_pack_5f\sequences\02-01-02-02-02-02-17.npy,5,2048,1,calm,17
02-01-02-02-02-02-18,D:\Ravdess\fusion_pack_5f\sequences\02-01-02-02-02-02-18.npy,5,2048,1,calm,18
02-01-02-02-02-02-19,D:\Ravdess\fusion_pack_5f\sequences\02-01-02-02-02-02-19.npy,5,2048,1,calm,19
02-01-02-02-02-02-20,D:\Ravdess\fusion_pack_5f\sequences\02-01-02-02-02-02-20.npy,5,2048,1,calm,20
02-01-02-02-02-02-21,D:\Ravdess\fusion_pack_5f\sequences\02-01-02-02-02-02-21.npy,5,2048,1,calm,21
02-01-02-02-02-02-22,D:\Ravdess\fusion_pack_5f\sequences\02-01-02-02-02-02-22.npy,5,2048,1,calm,22
02-01-02-02-02-02-23,D:\Ravdess\fusion_pack_5f\sequences\02-01-02-02-02-02-23.npy,5,2048,1,calm,23
02-01-02-02-02-02-24,D:\Ravdess\fusion_pack_5f\sequences\02-01-02-02-02-02-24.npy,5,2048,1,calm,24
02-01-03-01-01-01-01,D:\Ravdess\fusion_pack_5f\sequences\02-01-03-01-01-01-01.npy,5,2048,2,happy,1
02-01-03-01-01-01-02,D:\Ravdess\fusion_pack_5f\sequences\02-01-03-01-01-01-02.npy,5,2048,2,happy,2
02-01-03-01-01-01-03,D:\Ravdess\fusion_pack_5f\sequences\02-01-03-01-01-01-03.npy,5,2048,2,happy,3
02-01-03-01-01-01-04,D:\Ravdess\fusion_pack_5f\sequences\02-01-03-01-01-01-04.npy,5,2048,2,happy,4
02-01-03-01-01-01-05,D:\Ravdess\fusion_pack_5f\sequences\02-01-03-01-01-01-05.npy,5,2048,2,happy,5
02-01-03-01-01-01-06,D:\Ravdess\fusion_pack_5f\sequences\02-01-03-01-01-01-06.npy,5,2048,2,happy,6
02-01-03-01-01-01-07,D:\Ravdess\fusion_pack_5f\sequences\02-01-03-01-01-01-07.npy,5,2048,2,happy,7
02-01-03-01-01-01-08,D:\Ravdess\fusion_pack_5f\sequences\02-01-03-01-01-01-08.npy,5,2048,2,happy,8
02-01-03-01-01-01-09,D:\Ravdess\fusion_pack_5f\sequences\02-01-03-01-01-01-09.npy,5,2048,2,happy,9
02-01-03-01-01-01-10,D:\Ravdess\fusion_pack_5f\sequences\02-01-03-01-01-01-10.npy,5,2048,2,happy,10
02-01-03-01-01-01-11,D:\Ravdess\fusion_pack_5f\sequences\02-01-03-01-01-01-11.npy,5,2048,2,happy,11
02-01-03-01-01-01-12,D:\Ravdess\fusion_pack_5f\sequences\02-01-03-01-01-01-12.npy,5,2048,2,happy,12
02-01-03-01-01-01-13,D:\Ravdess\fusion_pack_5f\sequences\02-01-03-01-01-01-13.npy,5,2048,2,happy,13
02-01-03-01-01-01-14,D:\Ravdess\fusion_pack_5f\sequences\02-01-03-01-01-01-14.npy,5,2048,2,happy,14
02-01-03-01-01-01-16,D:\Ravdess\fusion_pack_5f\sequences\02-01-03-01-01-01-16.npy,5,2048,2,happy,16
02-01-03-01-01-01-17,D:\Ravdess\fusion_pack_5f\sequences\02-01-03-01-01-01-17.npy,5,2048,2,happy,17
02-01-03-01-01-01-18,D:\Ravdess\fusion_pack_5f\sequences\02-01-03-01-01-01-18.npy,5,2048,2,happy,18
02-01-03-01-01-01-19,D:\Ravdess\fusion_pack_5f\sequences\02-01-03-01-01-01-19.npy,5,2048,2,happy,19
02-01-03-01-01-01-20,D:\Ravdess\fusion_pack_5f\sequences\02-01-03-01-01-01-20.npy,5,2048,2,happy,20
02-01-03-01-01-01-21,D:\Ravdess\fusion_pack_5f\sequences\02-01-03-01-01-01-21.npy,5,2048,2,happy,21
02-01-03-01-01-01-22,D:\Ravdess\fusion_pack_5f\sequences\02-01-03-01-01-01-22.npy,5,2048,2,happy,22
02-01-03-01-01-01-23,D:\Ravdess\fusion_pack_5f\sequences\02-01-03-01-01-01-23.npy,5,2048,2,happy,23
02-01-03-01-01-01-24,D:\Ravdess\fusion_pack_5f\sequences\02-01-03-01-01-01-24.npy,5,2048,2,happy,24
02-01-03-01-01-02-01,D:\Ravdess\fusion_pack_5f\sequences\02-01-03-01-01-02-01.npy,5,2048,2,happy,1
02-01-03-01-01-02-02,D:\Ravdess\fusion_pack_5f\sequences\02-01-03-01-01-02-02.npy,5,2048,2,happy,2
02-01-03-01-01-02-03,D:\Ravdess\fusion_pack_5f\sequences\02-01-03-01-01-02-03.npy,5,2048,2,happy,3
02-01-03-01-01-02-04,D:\Ravdess\fusion_pack_5f\sequences\02-01-03-01-01-02-04.npy,5,2048,2,happy,4
02-01-03-01-01-02-05,D:\Ravdess\fusion_pack_5f\sequences\02-01-03-01-01-02-05.npy,5,2048,2,happy,5
02-01-03-01-01-02-06,D:\Ravdess\fusion_pack_5f\sequences\02-01-03-01-01-02-06.npy,5,2048,2,happy,6
02-01-03-01-01-02-07,D:\Ravdess\fusion_pack_5f\sequences\02-01-03-01-01-02-07.npy,5,2048,2,happy,7
02-01-03-01-01-02-08,D:\Ravdess\fusion_pack_5f\sequences\02-01-03-01-01-02-08.npy,5,2048,2,happy,8
02-01-03-01-01-02-09,D:\Ravdess\fusion_pack_5f\sequences\02-01-03-01-01-02-09.npy,5,2048,2,happy,9
02-01-03-01-01-02-10,D:\Ravdess\fusion_pack_5f\sequences\02-01-03-01-01-02-10.npy,5,2048,2,happy,10
02-01-03-01-01-02-11,D:\Ravdess\fusion_pack_5f\sequences\02-01-03-01-01-02-11.npy,5,2048,2,happy,11
02-01-03-01-01-02-12,D:\Ravdess\fusion_pack_5f\sequences\02-01-03-01-01-02-12.npy,5,2048,2,happy,12
02-01-03-01-01-02-13,D:\Ravdess\fusion_pack_5f\sequences\02-01-03-01-01-02-13.npy,5,2048,2,happy,13
02-01-03-01-01-02-14,D:\Ravdess\fusion_pack_5f\sequences\02-01-03-01-01-02-14.npy,5,2048,2,happy,14
02-01-03-01-01-02-16,D:\Ravdess\fusion_pack_5f\sequences\02-01-03-01-01-02-16.npy,5,2048,2,happy,16
02-01-03-01-01-02-17,D:\Ravdess\fusion_pack_5f\sequences\02-01-03-01-01-02-17.npy,5,2048,2,happy,17
02-01-03-01-01-02-18,D:\Ravdess\fusion_pack_5f\sequences\02-01-03-01-01-02-18.npy,5,2048,2,happy,18
02-01-03-01-01-02-19,D:\Ravdess\fusion_pack_5f\sequences\02-01-03-01-01-02-19.npy,5,2048,2,happy,19
02-01-03-01-01-02-20,D:\Ravdess\fusion_pack_5f\sequences\02-01-03-01-01-02-20.npy,5,2048,2,happy,20
02-01-03-01-01-02-21,D:\Ravdess\fusion_pack_5f\sequences\02-01-03-01-01-02-21.npy,5,2048,2,happy,21
02-01-03-01-01-02-22,D:\Ravdess\fusion_pack_5f\sequences\02-01-03-01-01-02-22.npy,5,2048,2,happy,22
02-01-03-01-01-02-23,D:\Ravdess\fusion_pack_5f\sequences\02-01-03-01-01-02-23.npy,5,2048,2,happy,23
02-01-03-01-01-02-24,D:\Ravdess\fusion_pack_5f\sequences\02-01-03-01-01-02-24.npy,5,2048,2,happy,24
02-01-03-01-02-01-01,D:\Ravdess\fusion_pack_5f\sequences\02-01-03-01-02-01-01.npy,5,2048,2,happy,1
02-01-03-01-02-01-02,D:\Ravdess\fusion_pack_5f\sequences\02-01-03-01-02-01-02.npy,5,2048,2,happy,2
02-01-03-01-02-01-03,D:\Ravdess\fusion_pack_5f\sequences\02-01-03-01-02-01-03.npy,5,2048,2,happy,3
02-01-03-01-02-01-04,D:\Ravdess\fusion_pack_5f\sequences\02-01-03-01-02-01-04.npy,5,2048,2,happy,4
02-01-03-01-02-01-05,D:\Ravdess\fusion_pack_5f\sequences\02-01-03-01-02-01-05.npy,5,2048,2,happy,5
02-01-03-01-02-01-06,D:\Ravdess\fusion_pack_5f\sequences\02-01-03-01-02-01-06.npy,5,2048,2,happy,6
02-01-03-01-02-01-07,D:\Ravdess\fusion_pack_5f\sequences\02-01-03-01-02-01-07.npy,5,2048,2,happy,7
02-01-03-01-02-01-08,D:\Ravdess\fusion_pack_5f\sequences\02-01-03-01-02-01-08.npy,5,2048,2,happy,8
02-01-03-01-02-01-09,D:\Ravdess\fusion_pack_5f\sequences\02-01-03-01-02-01-09.npy,5,2048,2,happy,9
02-01-03-01-02-01-10,D:\Ravdess\fusion_pack_5f\sequences\02-01-03-01-02-01-10.npy,5,2048,2,happy,10
02-01-03-01-02-01-11,D:\Ravdess\fusion_pack_5f\sequences\02-01-03-01-02-01-11.npy,5,2048,2,happy,11
02-01-03-01-02-01-12,D:\Ravdess\fusion_pack_5f\sequences\02-01-03-01-02-01-12.npy,5,2048,2,happy,12
02-01-03-01-02-01-13,D:\Ravdess\fusion_pack_5f\sequences\02-01-03-01-02-01-13.npy,5,2048,2,happy,13
02-01-03-01-02-01-14,D:\Ravdess\fusion_pack_5f\sequences\02-01-03-01-02-01-14.npy,5,2048,2,happy,14
02-01-03-01-02-01-16,D:\Ravdess\fusion_pack_5f\sequences\02-01-03-01-02-01-16.npy,5,2048,2,happy,16
02-01-03-01-02-01-17,D:\Ravdess\fusion_pack_5f\sequences\02-01-03-01-02-01-17.npy,5,2048,2,happy,17
02-01-03-01-02-01-18,D:\Ravdess\fusion_pack_5f\sequences\02-01-03-01-02-01-18.npy,5,2048,2,happy,18
02-01-03-01-02-01-19,D:\Ravdess\fusion_pack_5f\sequences\02-01-03-01-02-01-19.npy,5,2048,2,happy,19
02-01-03-01-02-01-20,D:\Ravdess\fusion_pack_5f\sequences\02-01-03-01-02-01-20.npy,5,2048,2,happy,20
02-01-03-01-02-01-21,D:\Ravdess\fusion_pack_5f\sequences\02-01-03-01-02-01-21.npy,5,2048,2,happy,21
02-01-03-01-02-01-22,D:\Ravdess\fusion_pack_5f\sequences\02-01-03-01-02-01-22.npy,5,2048,2,happy,22
02-01-03-01-02-01-23,D:\Ravdess\fusion_pack_5f\sequences\02-01-03-01-02-01-23.npy,5,2048,2,happy,23
02-01-03-01-02-01-24,D:\Ravdess\fusion_pack_5f\sequences\02-01-03-01-02-01-24.npy,5,2048,2,happy,24
02-01-03-01-02-02-01,D:\Ravdess\fusion_pack_5f\sequences\02-01-03-01-02-02-01.npy,5,2048,2,happy,1
02-01-03-01-02-02-02,D:\Ravdess\fusion_pack_5f\sequences\02-01-03-01-02-02-02.npy,5,2048,2,happy,2
02-01-03-01-02-02-03,D:\Ravdess\fusion_pack_5f\sequences\02-01-03-01-02-02-03.npy,5,2048,2,happy,3
02-01-03-01-02-02-04,D:\Ravdess\fusion_pack_5f\sequences\02-01-03-01-02-02-04.npy,5,2048,2,happy,4
02-01-03-01-02-02-05,D:\Ravdess\fusion_pack_5f\sequences\02-01-03-01-02-02-05.npy,5,2048,2,happy,5
02-01-03-01-02-02-06,D:\Ravdess\fusion_pack_5f\sequences\02-01-03-01-02-02-06.npy,5,2048,2,happy,6
02-01-03-01-02-02-07,D:\Ravdess\fusion_pack_5f\sequences\02-01-03-01-02-02-07.npy,5,2048,2,happy,7
02-01-03-01-02-02-08,D:\Ravdess\fusion_pack_5f\sequences\02-01-03-01-02-02-08.npy,5,2048,2,happy,8
02-01-03-01-02-02-09,D:\Ravdess\fusion_pack_5f\sequences\02-01-03-01-02-02-09.npy,5,2048,2,happy,9
02-01-03-01-02-02-10,D:\Ravdess\fusion_pack_5f\sequences\02-01-03-01-02-02-10.npy,5,2048,2,happy,10
02-01-03-01-02-02-11,D:\Ravdess\fusion_pack_5f\sequences\02-01-03-01-02-02-11.npy,5,2048,2,happy,11
02-01-03-01-02-02-12,D:\Ravdess\fusion_pack_5f\sequences\02-01-03-01-02-02-12.npy,5,2048,2,happy,12
02-01-03-01-02-02-13,D:\Ravdess\fusion_pack_5f\sequences\02-01-03-01-02-02-13.npy,5,2048,2,happy,13
02-01-03-01-02-02-14,D:\Ravdess\fusion_pack_5f\sequences\02-01-03-01-02-02-14.npy,5,2048,2,happy,14
02-01-03-01-02-02-16,D:\Ravdess\fusion_pack_5f\sequences\02-01-03-01-02-02-16.npy,5,2048,2,happy,16
02-01-03-01-02-02-17,D:\Ravdess\fusion_pack_5f\sequences\02-01-03-01-02-02-17.npy,5,2048,2,happy,17
02-01-03-01-02-02-18,D:\Ravdess\fusion_pack_5f\sequences\02-01-03-01-02-02-18.npy,5,2048,2,happy,18
02-01-03-01-02-02-19,D:\Ravdess\fusion_pack_5f\sequences\02-01-03-01-02-02-19.npy,5,2048,2,happy,19
02-01-03-01-02-02-20,D:\Ravdess\fusion_pack_5f\sequences\02-01-03-01-02-02-20.npy,5,2048,2,happy,20
02-01-03-01-02-02-21,D:\Ravdess\fusion_pack_5f\sequences\02-01-03-01-02-02-21.npy,5,2048,2,happy,21
02-01-03-01-02-02-22,D:\Ravdess\fusion_pack_5f\sequences\02-01-03-01-02-02-22.npy,5,2048,2,happy,22
02-01-03-01-02-02-23,D:\Ravdess\fusion_pack_5f\sequences\02-01-03-01-02-02-23.npy,5,2048,2,happy,23
02-01-03-01-02-02-24,D:\Ravdess\fusion_pack_5f\sequences\02-01-03-01-02-02-24.npy,5,2048,2,happy,24
02-01-03-02-01-01-01,D:\Ravdess\fusion_pack_5f\sequences\02-01-03-02-01-01-01.npy,5,2048,2,happy,1
02-01-03-02-01-01-02,D:\Ravdess\fusion_pack_5f\sequences\02-01-03-02-01-01-02.npy,5,2048,2,happy,2
02-01-03-02-01-01-03,D:\Ravdess\fusion_pack_5f\sequences\02-01-03-02-01-01-03.npy,5,2048,2,happy,3
02-01-03-02-01-01-04,D:\Ravdess\fusion_pack_5f\sequences\02-01-03-02-01-01-04.npy,5,2048,2,happy,4
02-01-03-02-01-01-05,D:\Ravdess\fusion_pack_5f\sequences\02-01-03-02-01-01-05.npy,5,2048,2,happy,5
02-01-03-02-01-01-06,D:\Ravdess\fusion_pack_5f\sequences\02-01-03-02-01-01-06.npy,5,2048,2,happy,6
02-01-03-02-01-01-07,D:\Ravdess\fusion_pack_5f\sequences\02-01-03-02-01-01-07.npy,5,2048,2,happy,7
02-01-03-02-01-01-08,D:\Ravdess\fusion_pack_5f\sequences\02-01-03-02-01-01-08.npy,5,2048,2,happy,8
02-01-03-02-01-01-09,D:\Ravdess\fusion_pack_5f\sequences\02-01-03-02-01-01-09.npy,5,2048,2,happy,9
02-01-03-02-01-01-10,D:\Ravdess\fusion_pack_5f\sequences\02-01-03-02-01-01-10.npy,5,2048,2,happy,10
02-01-03-02-01-01-11,D:\Ravdess\fusion_pack_5f\sequences\02-01-03-02-01-01-11.npy,5,2048,2,happy,11
02-01-03-02-01-01-12,D:\Ravdess\fusion_pack_5f\sequences\02-01-03-02-01-01-12.npy,5,2048,2,happy,12
02-01-03-02-01-01-13,D:\Ravdess\fusion_pack_5f\sequences\02-01-03-02-01-01-13.npy,5,2048,2,happy,13
02-01-03-02-01-01-14,D:\Ravdess\fusion_pack_5f\sequences\02-01-03-02-01-01-14.npy,5,2048,2,happy,14
02-01-03-02-01-01-16,D:\Ravdess\fusion_pack_5f\sequences\02-01-03-02-01-01-16.npy,5,2048,2,happy,16
02-01-03-02-01-01-17,D:\Ravdess\fusion_pack_5f\sequences\02-01-03-02-01-01-17.npy,5,2048,2,happy,17
02-01-03-02-01-01-18,D:\Ravdess\fusion_pack_5f\sequences\02-01-03-02-01-01-18.npy,5,2048,2,happy,18
02-01-03-02-01-01-19,D:\Ravdess\fusion_pack_5f\sequences\02-01-03-02-01-01-19.npy,5,2048,2,happy,19
02-01-03-02-01-01-20,D:\Ravdess\fusion_pack_5f\sequences\02-01-03-02-01-01-20.npy,5,2048,2,happy,20
02-01-03-02-01-01-21,D:\Ravdess\fusion_pack_5f\sequences\02-01-03-02-01-01-21.npy,5,2048,2,happy,21
02-01-03-02-01-01-22,D:\Ravdess\fusion_pack_5f\sequences\02-01-03-02-01-01-22.npy,5,2048,2,happy,22
02-01-03-02-01-01-23,D:\Ravdess\fusion_pack_5f\sequences\02-01-03-02-01-01-23.npy,5,2048,2,happy,23
02-01-03-02-01-01-24,D:\Ravdess\fusion_pack_5f\sequences\02-01-03-02-01-01-24.npy,5,2048,2,happy,24
02-01-03-02-01-02-01,D:\Ravdess\fusion_pack_5f\sequences\02-01-03-02-01-02-01.npy,5,2048,2,happy,1
02-01-03-02-01-02-02,D:\Ravdess\fusion_pack_5f\sequences\02-01-03-02-01-02-02.npy,5,2048,2,happy,2
02-01-03-02-01-02-03,D:\Ravdess\fusion_pack_5f\sequences\02-01-03-02-01-02-03.npy,5,2048,2,happy,3
02-01-03-02-01-02-04,D:\Ravdess\fusion_pack_5f\sequences\02-01-03-02-01-02-04.npy,5,2048,2,happy,4
02-01-03-02-01-02-05,D:\Ravdess\fusion_pack_5f\sequences\02-01-03-02-01-02-05.npy,5,2048,2,happy,5
02-01-03-02-01-02-06,D:\Ravdess\fusion_pack_5f\sequences\02-01-03-02-01-02-06.npy,5,2048,2,happy,6
02-01-03-02-01-02-07,D:\Ravdess\fusion_pack_5f\sequences\02-01-03-02-01-02-07.npy,5,2048,2,happy,7
02-01-03-02-01-02-08,D:\Ravdess\fusion_pack_5f\sequences\02-01-03-02-01-02-08.npy,5,2048,2,happy,8
02-01-03-02-01-02-09,D:\Ravdess\fusion_pack_5f\sequences\02-01-03-02-01-02-09.npy,5,2048,2,happy,9
02-01-03-02-01-02-10,D:\Ravdess\fusion_pack_5f\sequences\02-01-03-02-01-02-10.npy,5,2048,2,happy,10
02-01-03-02-01-02-11,D:\Ravdess\fusion_pack_5f\sequences\02-01-03-02-01-02-11.npy,5,2048,2,happy,11
02-01-03-02-01-02-12,D:\Ravdess\fusion_pack_5f\sequences\02-01-03-02-01-02-12.npy,5,2048,2,happy,12
02-01-03-02-01-02-13,D:\Ravdess\fusion_pack_5f\sequences\02-01-03-02-01-02-13.npy,5,2048,2,happy,13
02-01-03-02-01-02-14,D:\Ravdess\fusion_pack_5f\sequences\02-01-03-02-01-02-14.npy,5,2048,2,happy,14
02-01-03-02-01-02-16,D:\Ravdess\fusion_pack_5f\sequences\02-01-03-02-01-02-16.npy,5,2048,2,happy,16
02-01-03-02-01-02-17,D:\Ravdess\fusion_pack_5f\sequences\02-01-03-02-01-02-17.npy,5,2048,2,happy,17
02-01-03-02-01-02-18,D:\Ravdess\fusion_pack_5f\sequences\02-01-03-02-01-02-18.npy,5,2048,2,happy,18
02-01-03-02-01-02-19,D:\Ravdess\fusion_pack_5f\sequences\02-01-03-02-01-02-19.npy,5,2048,2,happy,19
02-01-03-02-01-02-20,D:\Ravdess\fusion_pack_5f\sequences\02-01-03-02-01-02-20.npy,5,2048,2,happy,20
02-01-03-02-01-02-21,D:\Ravdess\fusion_pack_5f\sequences\02-01-03-02-01-02-21.npy,5,2048,2,happy,21
02-01-03-02-01-02-22,D:\Ravdess\fusion_pack_5f\sequences\02-01-03-02-01-02-22.npy,5,2048,2,happy,22
02-01-03-02-01-02-23,D:\Ravdess\fusion_pack_5f\sequences\02-01-03-02-01-02-23.npy,5,2048,2,happy,23
02-01-03-02-01-02-24,D:\Ravdess\fusion_pack_5f\sequences\02-01-03-02-01-02-24.npy,5,2048,2,happy,24
02-01-03-02-02-01-01,D:\Ravdess\fusion_pack_5f\sequences\02-01-03-02-02-01-01.npy,5,2048,2,happy,1
02-01-03-02-02-01-02,D:\Ravdess\fusion_pack_5f\sequences\02-01-03-02-02-01-02.npy,5,2048,2,happy,2
02-01-03-02-02-01-03,D:\Ravdess\fusion_pack_5f\sequences\02-01-03-02-02-01-03.npy,5,2048,2,happy,3
02-01-03-02-02-01-04,D:\Ravdess\fusion_pack_5f\sequences\02-01-03-02-02-01-04.npy,5,2048,2,happy,4
02-01-03-02-02-01-05,D:\Ravdess\fusion_pack_5f\sequences\02-01-03-02-02-01-05.npy,5,2048,2,happy,5
02-01-03-02-02-01-06,D:\Ravdess\fusion_pack_5f\sequences\02-01-03-02-02-01-06.npy,5,2048,2,happy,6
02-01-03-02-02-01-07,D:\Ravdess\fusion_pack_5f\sequences\02-01-03-02-02-01-07.npy,5,2048,2,happy,7
02-01-03-02-02-01-08,D:\Ravdess\fusion_pack_5f\sequences\02-01-03-02-02-01-08.npy,5,2048,2,happy,8
02-01-03-02-02-01-09,D:\Ravdess\fusion_pack_5f\sequences\02-01-03-02-02-01-09.npy,5,2048,2,happy,9
02-01-03-02-02-01-10,D:\Ravdess\fusion_pack_5f\sequences\02-01-03-02-02-01-10.npy,5,2048,2,happy,10
02-01-03-02-02-01-11,D:\Ravdess\fusion_pack_5f\sequences\02-01-03-02-02-01-11.npy,5,2048,2,happy,11
02-01-03-02-02-01-12,D:\Ravdess\fusion_pack_5f\sequences\02-01-03-02-02-01-12.npy,5,2048,2,happy,12
02-01-03-02-02-01-13,D:\Ravdess\fusion_pack_5f\sequences\02-01-03-02-02-01-13.npy,5,2048,2,happy,13
02-01-03-02-02-01-14,D:\Ravdess\fusion_pack_5f\sequences\02-01-03-02-02-01-14.npy,5,2048,2,happy,14
02-01-03-02-02-01-16,D:\Ravdess\fusion_pack_5f\sequences\02-01-03-02-02-01-16.npy,5,2048,2,happy,16
02-01-03-02-02-01-17,D:\Ravdess\fusion_pack_5f\sequences\02-01-03-02-02-01-17.npy,5,2048,2,happy,17
02-01-03-02-02-01-18,D:\Ravdess\fusion_pack_5f\sequences\02-01-03-02-02-01-18.npy,5,2048,2,happy,18
02-01-03-02-02-01-19,D:\Ravdess\fusion_pack_5f\sequences\02-01-03-02-02-01-19.npy,5,2048,2,happy,19
02-01-03-02-02-01-20,D:\Ravdess\fusion_pack_5f\sequences\02-01-03-02-02-01-20.npy,5,2048,2,happy,20
02-01-03-02-02-01-21,D:\Ravdess\fusion_pack_5f\sequences\02-01-03-02-02-01-21.npy,5,2048,2,happy,21
02-01-03-02-02-01-22,D:\Ravdess\fusion_pack_5f\sequences\02-01-03-02-02-01-22.npy,5,2048,2,happy,22
02-01-03-02-02-01-23,D:\Ravdess\fusion_pack_5f\sequences\02-01-03-02-02-01-23.npy,5,2048,2,happy,23
02-01-03-02-02-01-24,D:\Ravdess\fusion_pack_5f\sequences\02-01-03-02-02-01-24.npy,5,2048,2,happy,24
02-01-03-02-02-02-01,D:\Ravdess\fusion_pack_5f\sequences\02-01-03-02-02-02-01.npy,5,2048,2,happy,1
02-01-03-02-02-02-02,D:\Ravdess\fusion_pack_5f\sequences\02-01-03-02-02-02-02.npy,5,2048,2,happy,2
02-01-03-02-02-02-03,D:\Ravdess\fusion_pack_5f\sequences\02-01-03-02-02-02-03.npy,5,2048,2,happy,3
02-01-03-02-02-02-04,D:\Ravdess\fusion_pack_5f\sequences\02-01-03-02-02-02-04.npy,5,2048,2,happy,4
02-01-03-02-02-02-05,D:\Ravdess\fusion_pack_5f\sequences\02-01-03-02-02-02-05.npy,5,2048,2,happy,5
02-01-03-02-02-02-06,D:\Ravdess\fusion_pack_5f\sequences\02-01-03-02-02-02-06.npy,5,2048,2,happy,6
02-01-03-02-02-02-07,D:\Ravdess\fusion_pack_5f\sequences\02-01-03-02-02-02-07.npy,5,2048,2,happy,7
02-01-03-02-02-02-08,D:\Ravdess\fusion_pack_5f\sequences\02-01-03-02-02-02-08.npy,5,2048,2,happy,8
02-01-03-02-02-02-09,D:\Ravdess\fusion_pack_5f\sequences\02-01-03-02-02-02-09.npy,5,2048,2,happy,9
02-01-03-02-02-02-10,D:\Ravdess\fusion_pack_5f\sequences\02-01-03-02-02-02-10.npy,5,2048,2,happy,10
02-01-03-02-02-02-11,D:\Ravdess\fusion_pack_5f\sequences\02-01-03-02-02-02-11.npy,5,2048,2,happy,11
02-01-03-02-02-02-12,D:\Ravdess\fusion_pack_5f\sequences\02-01-03-02-02-02-12.npy,5,2048,2,happy,12
02-01-03-02-02-02-13,D:\Ravdess\fusion_pack_5f\sequences\02-01-03-02-02-02-13.npy,5,2048,2,happy,13
02-01-03-02-02-02-14,D:\Ravdess\fusion_pack_5f\sequences\02-01-03-02-02-02-14.npy,5,2048,2,happy,14
02-01-03-02-02-02-16,D:\Ravdess\fusion_pack_5f\sequences\02-01-03-02-02-02-16.npy,5,2048,2,happy,16
02-01-03-02-02-02-17,D:\Ravdess\fusion_pack_5f\sequences\02-01-03-02-02-02-17.npy,5,2048,2,happy,17
02-01-03-02-02-02-18,D:\Ravdess\fusion_pack_5f\sequences\02-01-03-02-02-02-18.npy,5,2048,2,happy,18
02-01-03-02-02-02-19,D:\Ravdess\fusion_pack_5f\sequences\02-01-03-02-02-02-19.npy,5,2048,2,happy,19
02-01-03-02-02-02-20,D:\Ravdess\fusion_pack_5f\sequences\02-01-03-02-02-02-20.npy,5,2048,2,happy,20
02-01-03-02-02-02-21,D:\Ravdess\fusion_pack_5f\sequences\02-01-03-02-02-02-21.npy,5,2048,2,happy,21
02-01-03-02-02-02-22,D:\Ravdess\fusion_pack_5f\sequences\02-01-03-02-02-02-22.npy,5,2048,2,happy,22
02-01-03-02-02-02-23,D:\Ravdess\fusion_pack_5f\sequences\02-01-03-02-02-02-23.npy,5,2048,2,happy,23
02-01-03-02-02-02-24,D:\Ravdess\fusion_pack_5f\sequences\02-01-03-02-02-02-24.npy,5,2048,2,happy,24
02-01-04-01-01-01-01,D:\Ravdess\fusion_pack_5f\sequences\02-01-04-01-01-01-01.npy,5,2048,3,sad,1
02-01-04-01-01-01-02,D:\Ravdess\fusion_pack_5f\sequences\02-01-04-01-01-01-02.npy,5,2048,3,sad,2
02-01-04-01-01-01-03,D:\Ravdess\fusion_pack_5f\sequences\02-01-04-01-01-01-03.npy,5,2048,3,sad,3
02-01-04-01-01-01-04,D:\Ravdess\fusion_pack_5f\sequences\02-01-04-01-01-01-04.npy,5,2048,3,sad,4
02-01-04-01-01-01-05,D:\Ravdess\fusion_pack_5f\sequences\02-01-04-01-01-01-05.npy,5,2048,3,sad,5
02-01-04-01-01-01-06,D:\Ravdess\fusion_pack_5f\sequences\02-01-04-01-01-01-06.npy,5,2048,3,sad,6
02-01-04-01-01-01-07,D:\Ravdess\fusion_pack_5f\sequences\02-01-04-01-01-01-07.npy,5,2048,3,sad,7
02-01-04-01-01-01-08,D:\Ravdess\fusion_pack_5f\sequences\02-01-04-01-01-01-08.npy,5,2048,3,sad,8
02-01-04-01-01-01-09,D:\Ravdess\fusion_pack_5f\sequences\02-01-04-01-01-01-09.npy,5,2048,3,sad,9
02-01-04-01-01-01-10,D:\Ravdess\fusion_pack_5f\sequences\02-01-04-01-01-01-10.npy,5,2048,3,sad,10
02-01-04-01-01-01-11,D:\Ravdess\fusion_pack_5f\sequences\02-01-04-01-01-01-11.npy,5,2048,3,sad,11
02-01-04-01-01-01-12,D:\Ravdess\fusion_pack_5f\sequences\02-01-04-01-01-01-12.npy,5,2048,3,sad,12
02-01-04-01-01-01-13,D:\Ravdess\fusion_pack_5f\sequences\02-01-04-01-01-01-13.npy,5,2048,3,sad,13
02-01-04-01-01-01-14,D:\Ravdess\fusion_pack_5f\sequences\02-01-04-01-01-01-14.npy,5,2048,3,sad,14
02-01-04-01-01-01-16,D:\Ravdess\fusion_pack_5f\sequences\02-01-04-01-01-01-16.npy,5,2048,3,sad,16
02-01-04-01-01-01-17,D:\Ravdess\fusion_pack_5f\sequences\02-01-04-01-01-01-17.npy,5,2048,3,sad,17
02-01-04-01-01-01-18,D:\Ravdess\fusion_pack_5f\sequences\02-01-04-01-01-01-18.npy,5,2048,3,sad,18
02-01-04-01-01-01-19,D:\Ravdess\fusion_pack_5f\sequences\02-01-04-01-01-01-19.npy,5,2048,3,sad,19
02-01-04-01-01-01-20,D:\Ravdess\fusion_pack_5f\sequences\02-01-04-01-01-01-20.npy,5,2048,3,sad,20
02-01-04-01-01-01-21,D:\Ravdess\fusion_pack_5f\sequences\02-01-04-01-01-01-21.npy,5,2048,3,sad,21
02-01-04-01-01-01-22,D:\Ravdess\fusion_pack_5f\sequences\02-01-04-01-01-01-22.npy,5,2048,3,sad,22
02-01-04-01-01-01-23,D:\Ravdess\fusion_pack_5f\sequences\02-01-04-01-01-01-23.npy,5,2048,3,sad,23
02-01-04-01-01-01-24,D:\Ravdess\fusion_pack_5f\sequences\02-01-04-01-01-01-24.npy,5,2048,3,sad,24
02-01-04-01-01-02-01,D:\Ravdess\fusion_pack_5f\sequences\02-01-04-01-01-02-01.npy,5,2048,3,sad,1
02-01-04-01-01-02-02,D:\Ravdess\fusion_pack_5f\sequences\02-01-04-01-01-02-02.npy,5,2048,3,sad,2
02-01-04-01-01-02-03,D:\Ravdess\fusion_pack_5f\sequences\02-01-04-01-01-02-03.npy,5,2048,3,sad,3
02-01-04-01-01-02-04,D:\Ravdess\fusion_pack_5f\sequences\02-01-04-01-01-02-04.npy,5,2048,3,sad,4
02-01-04-01-01-02-05,D:\Ravdess\fusion_pack_5f\sequences\02-01-04-01-01-02-05.npy,5,2048,3,sad,5
02-01-04-01-01-02-06,D:\Ravdess\fusion_pack_5f\sequences\02-01-04-01-01-02-06.npy,5,2048,3,sad,6
02-01-04-01-01-02-07,D:\Ravdess\fusion_pack_5f\sequences\02-01-04-01-01-02-07.npy,5,2048,3,sad,7
02-01-04-01-01-02-08,D:\Ravdess\fusion_pack_5f\sequences\02-01-04-01-01-02-08.npy,5,2048,3,sad,8
02-01-04-01-01-02-09,D:\Ravdess\fusion_pack_5f\sequences\02-01-04-01-01-02-09.npy,5,2048,3,sad,9
02-01-04-01-01-02-10,D:\Ravdess\fusion_pack_5f\sequences\02-01-04-01-01-02-10.npy,5,2048,3,sad,10
02-01-04-01-01-02-11,D:\Ravdess\fusion_pack_5f\sequences\02-01-04-01-01-02-11.npy,5,2048,3,sad,11
02-01-04-01-01-02-12,D:\Ravdess\fusion_pack_5f\sequences\02-01-04-01-01-02-12.npy,5,2048,3,sad,12
02-01-04-01-01-02-13,D:\Ravdess\fusion_pack_5f\sequences\02-01-04-01-01-02-13.npy,5,2048,3,sad,13
02-01-04-01-01-02-14,D:\Ravdess\fusion_pack_5f\sequences\02-01-04-01-01-02-14.npy,5,2048,3,sad,14
02-01-04-01-01-02-16,D:\Ravdess\fusion_pack_5f\sequences\02-01-04-01-01-02-16.npy,5,2048,3,sad,16
02-01-04-01-01-02-17,D:\Ravdess\fusion_pack_5f\sequences\02-01-04-01-01-02-17.npy,5,2048,3,sad,17
02-01-04-01-01-02-18,D:\Ravdess\fusion_pack_5f\sequences\02-01-04-01-01-02-18.npy,5,2048,3,sad,18
02-01-04-01-01-02-19,D:\Ravdess\fusion_pack_5f\sequences\02-01-04-01-01-02-19.npy,5,2048,3,sad,19
02-01-04-01-01-02-20,D:\Ravdess\fusion_pack_5f\sequences\02-01-04-01-01-02-20.npy,5,2048,3,sad,20
02-01-04-01-01-02-21,D:\Ravdess\fusion_pack_5f\sequences\02-01-04-01-01-02-21.npy,5,2048,3,sad,21
02-01-04-01-01-02-22,D:\Ravdess\fusion_pack_5f\sequences\02-01-04-01-01-02-22.npy,5,2048,3,sad,22
02-01-04-01-01-02-23,D:\Ravdess\fusion_pack_5f\sequences\02-01-04-01-01-02-23.npy,5,2048,3,sad,23
02-01-04-01-01-02-24,D:\Ravdess\fusion_pack_5f\sequences\02-01-04-01-01-02-24.npy,5,2048,3,sad,24
02-01-04-01-02-01-01,D:\Ravdess\fusion_pack_5f\sequences\02-01-04-01-02-01-01.npy,5,2048,3,sad,1
02-01-04-01-02-01-02,D:\Ravdess\fusion_pack_5f\sequences\02-01-04-01-02-01-02.npy,5,2048,3,sad,2
02-01-04-01-02-01-03,D:\Ravdess\fusion_pack_5f\sequences\02-01-04-01-02-01-03.npy,5,2048,3,sad,3
02-01-04-01-02-01-04,D:\Ravdess\fusion_pack_5f\sequences\02-01-04-01-02-01-04.npy,5,2048,3,sad,4
02-01-04-01-02-01-05,D:\Ravdess\fusion_pack_5f\sequences\02-01-04-01-02-01-05.npy,5,2048,3,sad,5
02-01-04-01-02-01-06,D:\Ravdess\fusion_pack_5f\sequences\02-01-04-01-02-01-06.npy,5,2048,3,sad,6
02-01-04-01-02-01-07,D:\Ravdess\fusion_pack_5f\sequences\02-01-04-01-02-01-07.npy,5,2048,3,sad,7
02-01-04-01-02-01-08,D:\Ravdess\fusion_pack_5f\sequences\02-01-04-01-02-01-08.npy,5,2048,3,sad,8
02-01-04-01-02-01-09,D:\Ravdess\fusion_pack_5f\sequences\02-01-04-01-02-01-09.npy,5,2048,3,sad,9
02-01-04-01-02-01-10,D:\Ravdess\fusion_pack_5f\sequences\02-01-04-01-02-01-10.npy,5,2048,3,sad,10
02-01-04-01-02-01-11,D:\Ravdess\fusion_pack_5f\sequences\02-01-04-01-02-01-11.npy,5,2048,3,sad,11
02-01-04-01-02-01-12,D:\Ravdess\fusion_pack_5f\sequences\02-01-04-01-02-01-12.npy,5,2048,3,sad,12
02-01-04-01-02-01-13,D:\Ravdess\fusion_pack_5f\sequences\02-01-04-01-02-01-13.npy,5,2048,3,sad,13
02-01-04-01-02-01-14,D:\Ravdess\fusion_pack_5f\sequences\02-01-04-01-02-01-14.npy,5,2048,3,sad,14
02-01-04-01-02-01-16,D:\Ravdess\fusion_pack_5f\sequences\02-01-04-01-02-01-16.npy,5,2048,3,sad,16
02-01-04-01-02-01-17,D:\Ravdess\fusion_pack_5f\sequences\02-01-04-01-02-01-17.npy,5,2048,3,sad,17
02-01-04-01-02-01-18,D:\Ravdess\fusion_pack_5f\sequences\02-01-04-01-02-01-18.npy,5,2048,3,sad,18
02-01-04-01-02-01-19,D:\Ravdess\fusion_pack_5f\sequences\02-01-04-01-02-01-19.npy,5,2048,3,sad,19
02-01-04-01-02-01-20,D:\Ravdess\fusion_pack_5f\sequences\02-01-04-01-02-01-20.npy,5,2048,3,sad,20
02-01-04-01-02-01-21,D:\Ravdess\fusion_pack_5f\sequences\02-01-04-01-02-01-21.npy,5,2048,3,sad,21
02-01-04-01-02-01-22,D:\Ravdess\fusion_pack_5f\sequences\02-01-04-01-02-01-22.npy,5,2048,3,sad,22
02-01-04-01-02-01-23,D:\Ravdess\fusion_pack_5f\sequences\02-01-04-01-02-01-23.npy,5,2048,3,sad,23
02-01-04-01-02-01-24,D:\Ravdess\fusion_pack_5f\sequences\02-01-04-01-02-01-24.npy,5,2048,3,sad,24
02-01-04-01-02-02-01,D:\Ravdess\fusion_pack_5f\sequences\02-01-04-01-02-02-01.npy,5,2048,3,sad,1
02-01-04-01-02-02-02,D:\Ravdess\fusion_pack_5f\sequences\02-01-04-01-02-02-02.npy,5,2048,3,sad,2
02-01-04-01-02-02-03,D:\Ravdess\fusion_pack_5f\sequences\02-01-04-01-02-02-03.npy,5,2048,3,sad,3
02-01-04-01-02-02-04,D:\Ravdess\fusion_pack_5f\sequences\02-01-04-01-02-02-04.npy,5,2048,3,sad,4
02-01-04-01-02-02-05,D:\Ravdess\fusion_pack_5f\sequences\02-01-04-01-02-02-05.npy,5,2048,3,sad,5
02-01-04-01-02-02-06,D:\Ravdess\fusion_pack_5f\sequences\02-01-04-01-02-02-06.npy,5,2048,3,sad,6
02-01-04-01-02-02-07,D:\Ravdess\fusion_pack_5f\sequences\02-01-04-01-02-02-07.npy,5,2048,3,sad,7
02-01-04-01-02-02-08,D:\Ravdess\fusion_pack_5f\sequences\02-01-04-01-02-02-08.npy,5,2048,3,sad,8
02-01-04-01-02-02-09,D:\Ravdess\fusion_pack_5f\sequences\02-01-04-01-02-02-09.npy,5,2048,3,sad,9
02-01-04-01-02-02-10,D:\Ravdess\fusion_pack_5f\sequences\02-01-04-01-02-02-10.npy,5,2048,3,sad,10
02-01-04-01-02-02-11,D:\Ravdess\fusion_pack_5f\sequences\02-01-04-01-02-02-11.npy,5,2048,3,sad,11
02-01-04-01-02-02-12,D:\Ravdess\fusion_pack_5f\sequences\02-01-04-01-02-02-12.npy,5,2048,3,sad,12
02-01-04-01-02-02-13,D:\Ravdess\fusion_pack_5f\sequences\02-01-04-01-02-02-13.npy,5,2048,3,sad,13
02-01-04-01-02-02-14,D:\Ravdess\fusion_pack_5f\sequences\02-01-04-01-02-02-14.npy,5,2048,3,sad,14
02-01-04-01-02-02-16,D:\Ravdess\fusion_pack_5f\sequences\02-01-04-01-02-02-16.npy,5,2048,3,sad,16
02-01-04-01-02-02-17,D:\Ravdess\fusion_pack_5f\sequences\02-01-04-01-02-02-17.npy,5,2048,3,sad,17
02-01-04-01-02-02-18,D:\Ravdess\fusion_pack_5f\sequences\02-01-04-01-02-02-18.npy,5,2048,3,sad,18
02-01-04-01-02-02-19,D:\Ravdess\fusion_pack_5f\sequences\02-01-04-01-02-02-19.npy,5,2048,3,sad,19
02-01-04-01-02-02-20,D:\Ravdess\fusion_pack_5f\sequences\02-01-04-01-02-02-20.npy,5,2048,3,sad,20
02-01-04-01-02-02-21,D:\Ravdess\fusion_pack_5f\sequences\02-01-04-01-02-02-21.npy,5,2048,3,sad,21
02-01-04-01-02-02-22,D:\Ravdess\fusion_pack_5f\sequences\02-01-04-01-02-02-22.npy,5,2048,3,sad,22
02-01-04-01-02-02-23,D:\Ravdess\fusion_pack_5f\sequences\02-01-04-01-02-02-23.npy,5,2048,3,sad,23
02-01-04-01-02-02-24,D:\Ravdess\fusion_pack_5f\sequences\02-01-04-01-02-02-24.npy,5,2048,3,sad,24
02-01-04-02-01-01-01,D:\Ravdess\fusion_pack_5f\sequences\02-01-04-02-01-01-01.npy,5,2048,3,sad,1
02-01-04-02-01-01-02,D:\Ravdess\fusion_pack_5f\sequences\02-01-04-02-01-01-02.npy,5,2048,3,sad,2
02-01-04-02-01-01-03,D:\Ravdess\fusion_pack_5f\sequences\02-01-04-02-01-01-03.npy,5,2048,3,sad,3
02-01-04-02-01-01-04,D:\Ravdess\fusion_pack_5f\sequences\02-01-04-02-01-01-04.npy,5,2048,3,sad,4
02-01-04-02-01-01-05,D:\Ravdess\fusion_pack_5f\sequences\02-01-04-02-01-01-05.npy,5,2048,3,sad,5
02-01-04-02-01-01-06,D:\Ravdess\fusion_pack_5f\sequences\02-01-04-02-01-01-06.npy,5,2048,3,sad,6
02-01-04-02-01-01-07,D:\Ravdess\fusion_pack_5f\sequences\02-01-04-02-01-01-07.npy,5,2048,3,sad,7
02-01-04-02-01-01-08,D:\Ravdess\fusion_pack_5f\sequences\02-01-04-02-01-01-08.npy,5,2048,3,sad,8
02-01-04-02-01-01-09,D:\Ravdess\fusion_pack_5f\sequences\02-01-04-02-01-01-09.npy,5,2048,3,sad,9
02-01-04-02-01-01-10,D:\Ravdess\fusion_pack_5f\sequences\02-01-04-02-01-01-10.npy,5,2048,3,sad,10
02-01-04-02-01-01-11,D:\Ravdess\fusion_pack_5f\sequences\02-01-04-02-01-01-11.npy,5,2048,3,sad,11
02-01-04-02-01-01-12,D:\Ravdess\fusion_pack_5f\sequences\02-01-04-02-01-01-12.npy,5,2048,3,sad,12
02-01-04-02-01-01-13,D:\Ravdess\fusion_pack_5f\sequences\02-01-04-02-01-01-13.npy,5,2048,3,sad,13
02-01-04-02-01-01-14,D:\Ravdess\fusion_pack_5f\sequences\02-01-04-02-01-01-14.npy,5,2048,3,sad,14
02-01-04-02-01-01-16,D:\Ravdess\fusion_pack_5f\sequences\02-01-04-02-01-01-16.npy,5,2048,3,sad,16
02-01-04-02-01-01-17,D:\Ravdess\fusion_pack_5f\sequences\02-01-04-02-01-01-17.npy,5,2048,3,sad,17
02-01-04-02-01-01-18,D:\Ravdess\fusion_pack_5f\sequences\02-01-04-02-01-01-18.npy,5,2048,3,sad,18
02-01-04-02-01-01-19,D:\Ravdess\fusion_pack_5f\sequences\02-01-04-02-01-01-19.npy,5,2048,3,sad,19
02-01-04-02-01-01-20,D:\Ravdess\fusion_pack_5f\sequences\02-01-04-02-01-01-20.npy,5,2048,3,sad,20
02-01-04-02-01-01-21,D:\Ravdess\fusion_pack_5f\sequences\02-01-04-02-01-01-21.npy,5,2048,3,sad,21
02-01-04-02-01-01-22,D:\Ravdess\fusion_pack_5f\sequences\02-01-04-02-01-01-22.npy,5,2048,3,sad,22
02-01-04-02-01-01-23,D:\Ravdess\fusion_pack_5f\sequences\02-01-04-02-01-01-23.npy,5,2048,3,sad,23
02-01-04-02-01-01-24,D:\Ravdess\fusion_pack_5f\sequences\02-01-04-02-01-01-24.npy,5,2048,3,sad,24
02-01-04-02-01-02-01,D:\Ravdess\fusion_pack_5f\sequences\02-01-04-02-01-02-01.npy,5,2048,3,sad,1
02-01-04-02-01-02-02,D:\Ravdess\fusion_pack_5f\sequences\02-01-04-02-01-02-02.npy,5,2048,3,sad,2
02-01-04-02-01-02-03,D:\Ravdess\fusion_pack_5f\sequences\02-01-04-02-01-02-03.npy,5,2048,3,sad,3
02-01-04-02-01-02-04,D:\Ravdess\fusion_pack_5f\sequences\02-01-04-02-01-02-04.npy,5,2048,3,sad,4
02-01-04-02-01-02-05,D:\Ravdess\fusion_pack_5f\sequences\02-01-04-02-01-02-05.npy,5,2048,3,sad,5
02-01-04-02-01-02-06,D:\Ravdess\fusion_pack_5f\sequences\02-01-04-02-01-02-06.npy,5,2048,3,sad,6
02-01-04-02-01-02-07,D:\Ravdess\fusion_pack_5f\sequences\02-01-04-02-01-02-07.npy,5,2048,3,sad,7
02-01-04-02-01-02-08,D:\Ravdess\fusion_pack_5f\sequences\02-01-04-02-01-02-08.npy,5,2048,3,sad,8
02-01-04-02-01-02-09,D:\Ravdess\fusion_pack_5f\sequences\02-01-04-02-01-02-09.npy,5,2048,3,sad,9
02-01-04-02-01-02-10,D:\Ravdess\fusion_pack_5f\sequences\02-01-04-02-01-02-10.npy,5,2048,3,sad,10
02-01-04-02-01-02-11,D:\Ravdess\fusion_pack_5f\sequences\02-01-04-02-01-02-11.npy,5,2048,3,sad,11
02-01-04-02-01-02-12,D:\Ravdess\fusion_pack_5f\sequences\02-01-04-02-01-02-12.npy,5,2048,3,sad,12
02-01-04-02-01-02-13,D:\Ravdess\fusion_pack_5f\sequences\02-01-04-02-01-02-13.npy,5,2048,3,sad,13
02-01-04-02-01-02-14,D:\Ravdess\fusion_pack_5f\sequences\02-01-04-02-01-02-14.npy,5,2048,3,sad,14
02-01-04-02-01-02-16,D:\Ravdess\fusion_pack_5f\sequences\02-01-04-02-01-02-16.npy,5,2048,3,sad,16
02-01-04-02-01-02-17,D:\Ravdess\fusion_pack_5f\sequences\02-01-04-02-01-02-17.npy,5,2048,3,sad,17
02-01-04-02-01-02-18,D:\Ravdess\fusion_pack_5f\sequences\02-01-04-02-01-02-18.npy,5,2048,3,sad,18
02-01-04-02-01-02-19,D:\Ravdess\fusion_pack_5f\sequences\02-01-04-02-01-02-19.npy,5,2048,3,sad,19
02-01-04-02-01-02-20,D:\Ravdess\fusion_pack_5f\sequences\02-01-04-02-01-02-20.npy,5,2048,3,sad,20
02-01-04-02-01-02-21,D:\Ravdess\fusion_pack_5f\sequences\02-01-04-02-01-02-21.npy,5,2048,3,sad,21
02-01-04-02-01-02-22,D:\Ravdess\fusion_pack_5f\sequences\02-01-04-02-01-02-22.npy,5,2048,3,sad,22
02-01-04-02-01-02-23,D:\Ravdess\fusion_pack_5f\sequences\02-01-04-02-01-02-23.npy,5,2048,3,sad,23
02-01-04-02-01-02-24,D:\Ravdess\fusion_pack_5f\sequences\02-01-04-02-01-02-24.npy,5,2048,3,sad,24
02-01-04-02-02-01-01,D:\Ravdess\fusion_pack_5f\sequences\02-01-04-02-02-01-01.npy,5,2048,3,sad,1
02-01-04-02-02-01-02,D:\Ravdess\fusion_pack_5f\sequences\02-01-04-02-02-01-02.npy,5,2048,3,sad,2
02-01-04-02-02-01-03,D:\Ravdess\fusion_pack_5f\sequences\02-01-04-02-02-01-03.npy,5,2048,3,sad,3
02-01-04-02-02-01-04,D:\Ravdess\fusion_pack_5f\sequences\02-01-04-02-02-01-04.npy,5,2048,3,sad,4
02-01-04-02-02-01-05,D:\Ravdess\fusion_pack_5f\sequences\02-01-04-02-02-01-05.npy,5,2048,3,sad,5
02-01-04-02-02-01-06,D:\Ravdess\fusion_pack_5f\sequences\02-01-04-02-02-01-06.npy,5,2048,3,sad,6
02-01-04-02-02-01-07,D:\Ravdess\fusion_pack_5f\sequences\02-01-04-02-02-01-07.npy,5,2048,3,sad,7
02-01-04-02-02-01-08,D:\Ravdess\fusion_pack_5f\sequences\02-01-04-02-02-01-08.npy,5,2048,3,sad,8
02-01-04-02-02-01-09,D:\Ravdess\fusion_pack_5f\sequences\02-01-04-02-02-01-09.npy,5,2048,3,sad,9
02-01-04-02-02-01-10,D:\Ravdess\fusion_pack_5f\sequences\02-01-04-02-02-01-10.npy,5,2048,3,sad,10
02-01-04-02-02-01-11,D:\Ravdess\fusion_pack_5f\sequences\02-01-04-02-02-01-11.npy,5,2048,3,sad,11
02-01-04-02-02-01-12,D:\Ravdess\fusion_pack_5f\sequences\02-01-04-02-02-01-12.npy,5,2048,3,sad,12
02-01-04-02-02-01-13,D:\Ravdess\fusion_pack_5f\sequences\02-01-04-02-02-01-13.npy,5,2048,3,sad,13
02-01-04-02-02-01-14,D:\Ravdess\fusion_pack_5f\sequences\02-01-04-02-02-01-14.npy,5,2048,3,sad,14
02-01-04-02-02-01-16,D:\Ravdess\fusion_pack_5f\sequences\02-01-04-02-02-01-16.npy,5,2048,3,sad,16
02-01-04-02-02-01-17,D:\Ravdess\fusion_pack_5f\sequences\02-01-04-02-02-01-17.npy,5,2048,3,sad,17
02-01-04-02-02-01-18,D:\Ravdess\fusion_pack_5f\sequences\02-01-04-02-02-01-18.npy,5,2048,3,sad,18
02-01-04-02-02-01-19,D:\Ravdess\fusion_pack_5f\sequences\02-01-04-02-02-01-19.npy,5,2048,3,sad,19
02-01-04-02-02-01-20,D:\Ravdess\fusion_pack_5f\sequences\02-01-04-02-02-01-20.npy,5,2048,3,sad,20
02-01-04-02-02-01-21,D:\Ravdess\fusion_pack_5f\sequences\02-01-04-02-02-01-21.npy,5,2048,3,sad,21
02-01-04-02-02-01-22,D:\Ravdess\fusion_pack_5f\sequences\02-01-04-02-02-01-22.npy,5,2048,3,sad,22
02-01-04-02-02-01-23,D:\Ravdess\fusion_pack_5f\sequences\02-01-04-02-02-01-23.npy,5,2048,3,sad,23
02-01-04-02-02-01-24,D:\Ravdess\fusion_pack_5f\sequences\02-01-04-02-02-01-24.npy,5,2048,3,sad,24
02-01-04-02-02-02-01,D:\Ravdess\fusion_pack_5f\sequences\02-01-04-02-02-02-01.npy,5,2048,3,sad,1
02-01-04-02-02-02-02,D:\Ravdess\fusion_pack_5f\sequences\02-01-04-02-02-02-02.npy,5,2048,3,sad,2
02-01-04-02-02-02-03,D:\Ravdess\fusion_pack_5f\sequences\02-01-04-02-02-02-03.npy,5,2048,3,sad,3
02-01-04-02-02-02-04,D:\Ravdess\fusion_pack_5f\sequences\02-01-04-02-02-02-04.npy,5,2048,3,sad,4
02-01-04-02-02-02-05,D:\Ravdess\fusion_pack_5f\sequences\02-01-04-02-02-02-05.npy,5,2048,3,sad,5
02-01-04-02-02-02-06,D:\Ravdess\fusion_pack_5f\sequences\02-01-04-02-02-02-06.npy,5,2048,3,sad,6
02-01-04-02-02-02-07,D:\Ravdess\fusion_pack_5f\sequences\02-01-04-02-02-02-07.npy,5,2048,3,sad,7
02-01-04-02-02-02-08,D:\Ravdess\fusion_pack_5f\sequences\02-01-04-02-02-02-08.npy,5,2048,3,sad,8
02-01-04-02-02-02-09,D:\Ravdess\fusion_pack_5f\sequences\02-01-04-02-02-02-09.npy,5,2048,3,sad,9
02-01-04-02-02-02-10,D:\Ravdess\fusion_pack_5f\sequences\02-01-04-02-02-02-10.npy,5,2048,3,sad,10
02-01-04-02-02-02-11,D:\Ravdess\fusion_pack_5f\sequences\02-01-04-02-02-02-11.npy,5,2048,3,sad,11
02-01-04-02-02-02-12,D:\Ravdess\fusion_pack_5f\sequences\02-01-04-02-02-02-12.npy,5,2048,3,sad,12
02-01-04-02-02-02-13,D:\Ravdess\fusion_pack_5f\sequences\02-01-04-02-02-02-13.npy,5,2048,3,sad,13
02-01-04-02-02-02-14,D:\Ravdess\fusion_pack_5f\sequences\02-01-04-02-02-02-14.npy,5,2048,3,sad,14
02-01-04-02-02-02-16,D:\Ravdess\fusion_pack_5f\sequences\02-01-04-02-02-02-16.npy,5,2048,3,sad,16
02-01-04-02-02-02-17,D:\Ravdess\fusion_pack_5f\sequences\02-01-04-02-02-02-17.npy,5,2048,3,sad,17
02-01-04-02-02-02-18,D:\Ravdess\fusion_pack_5f\sequences\02-01-04-02-02-02-18.npy,5,2048,3,sad,18
02-01-04-02-02-02-19,D:\Ravdess\fusion_pack_5f\sequences\02-01-04-02-02-02-19.npy,5,2048,3,sad,19
02-01-04-02-02-02-20,D:\Ravdess\fusion_pack_5f\sequences\02-01-04-02-02-02-20.npy,5,2048,3,sad,20
02-01-04-02-02-02-21,D:\Ravdess\fusion_pack_5f\sequences\02-01-04-02-02-02-21.npy,5,2048,3,sad,21
02-01-04-02-02-02-22,D:\Ravdess\fusion_pack_5f\sequences\02-01-04-02-02-02-22.npy,5,2048,3,sad,22
02-01-04-02-02-02-23,D:\Ravdess\fusion_pack_5f\sequences\02-01-04-02-02-02-23.npy,5,2048,3,sad,23
02-01-04-02-02-02-24,D:\Ravdess\fusion_pack_5f\sequences\02-01-04-02-02-02-24.npy,5,2048,3,sad,24
02-01-05-01-01-01-01,D:\Ravdess\fusion_pack_5f\sequences\02-01-05-01-01-01-01.npy,5,2048,4,angry,1
02-01-05-01-01-01-02,D:\Ravdess\fusion_pack_5f\sequences\02-01-05-01-01-01-02.npy,5,2048,4,angry,2
02-01-05-01-01-01-03,D:\Ravdess\fusion_pack_5f\sequences\02-01-05-01-01-01-03.npy,5,2048,4,angry,3
02-01-05-01-01-01-04,D:\Ravdess\fusion_pack_5f\sequences\02-01-05-01-01-01-04.npy,5,2048,4,angry,4
02-01-05-01-01-01-05,D:\Ravdess\fusion_pack_5f\sequences\02-01-05-01-01-01-05.npy,5,2048,4,angry,5
02-01-05-01-01-01-06,D:\Ravdess\fusion_pack_5f\sequences\02-01-05-01-01-01-06.npy,5,2048,4,angry,6
02-01-05-01-01-01-07,D:\Ravdess\fusion_pack_5f\sequences\02-01-05-01-01-01-07.npy,5,2048,4,angry,7
02-01-05-01-01-01-08,D:\Ravdess\fusion_pack_5f\sequences\02-01-05-01-01-01-08.npy,5,2048,4,angry,8
02-01-05-01-01-01-09,D:\Ravdess\fusion_pack_5f\sequences\02-01-05-01-01-01-09.npy,5,2048,4,angry,9
02-01-05-01-01-01-10,D:\Ravdess\fusion_pack_5f\sequences\02-01-05-01-01-01-10.npy,5,2048,4,angry,10
02-01-05-01-01-01-11,D:\Ravdess\fusion_pack_5f\sequences\02-01-05-01-01-01-11.npy,5,2048,4,angry,11
02-01-05-01-01-01-12,D:\Ravdess\fusion_pack_5f\sequences\02-01-05-01-01-01-12.npy,5,2048,4,angry,12
02-01-05-01-01-01-13,D:\Ravdess\fusion_pack_5f\sequences\02-01-05-01-01-01-13.npy,5,2048,4,angry,13
02-01-05-01-01-01-14,D:\Ravdess\fusion_pack_5f\sequences\02-01-05-01-01-01-14.npy,5,2048,4,angry,14
02-01-05-01-01-01-16,D:\Ravdess\fusion_pack_5f\sequences\02-01-05-01-01-01-16.npy,5,2048,4,angry,16
02-01-05-01-01-01-17,D:\Ravdess\fusion_pack_5f\sequences\02-01-05-01-01-01-17.npy,5,2048,4,angry,17
02-01-05-01-01-01-18,D:\Ravdess\fusion_pack_5f\sequences\02-01-05-01-01-01-18.npy,5,2048,4,angry,18
02-01-05-01-01-01-19,D:\Ravdess\fusion_pack_5f\sequences\02-01-05-01-01-01-19.npy,5,2048,4,angry,19
02-01-05-01-01-01-20,D:\Ravdess\fusion_pack_5f\sequences\02-01-05-01-01-01-20.npy,5,2048,4,angry,20
02-01-05-01-01-01-21,D:\Ravdess\fusion_pack_5f\sequences\02-01-05-01-01-01-21.npy,5,2048,4,angry,21
02-01-05-01-01-01-22,D:\Ravdess\fusion_pack_5f\sequences\02-01-05-01-01-01-22.npy,5,2048,4,angry,22
02-01-05-01-01-01-23,D:\Ravdess\fusion_pack_5f\sequences\02-01-05-01-01-01-23.npy,5,2048,4,angry,23
02-01-05-01-01-01-24,D:\Ravdess\fusion_pack_5f\sequences\02-01-05-01-01-01-24.npy,5,2048,4,angry,24
02-01-05-01-01-02-01,D:\Ravdess\fusion_pack_5f\sequences\02-01-05-01-01-02-01.npy,5,2048,4,angry,1
02-01-05-01-01-02-02,D:\Ravdess\fusion_pack_5f\sequences\02-01-05-01-01-02-02.npy,5,2048,4,angry,2
02-01-05-01-01-02-03,D:\Ravdess\fusion_pack_5f\sequences\02-01-05-01-01-02-03.npy,5,2048,4,angry,3
02-01-05-01-01-02-04,D:\Ravdess\fusion_pack_5f\sequences\02-01-05-01-01-02-04.npy,5,2048,4,angry,4
02-01-05-01-01-02-05,D:\Ravdess\fusion_pack_5f\sequences\02-01-05-01-01-02-05.npy,5,2048,4,angry,5
02-01-05-01-01-02-06,D:\Ravdess\fusion_pack_5f\sequences\02-01-05-01-01-02-06.npy,5,2048,4,angry,6
02-01-05-01-01-02-07,D:\Ravdess\fusion_pack_5f\sequences\02-01-05-01-01-02-07.npy,5,2048,4,angry,7
02-01-05-01-01-02-08,D:\Ravdess\fusion_pack_5f\sequences\02-01-05-01-01-02-08.npy,5,2048,4,angry,8
02-01-05-01-01-02-09,D:\Ravdess\fusion_pack_5f\sequences\02-01-05-01-01-02-09.npy,5,2048,4,angry,9
02-01-05-01-01-02-10,D:\Ravdess\fusion_pack_5f\sequences\02-01-05-01-01-02-10.npy,5,2048,4,angry,10
02-01-05-01-01-02-11,D:\Ravdess\fusion_pack_5f\sequences\02-01-05-01-01-02-11.npy,5,2048,4,angry,11
02-01-05-01-01-02-12,D:\Ravdess\fusion_pack_5f\sequences\02-01-05-01-01-02-12.npy,5,2048,4,angry,12
02-01-05-01-01-02-13,D:\Ravdess\fusion_pack_5f\sequences\02-01-05-01-01-02-13.npy,5,2048,4,angry,13
02-01-05-01-01-02-14,D:\Ravdess\fusion_pack_5f\sequences\02-01-05-01-01-02-14.npy,5,2048,4,angry,14
02-01-05-01-01-02-16,D:\Ravdess\fusion_pack_5f\sequences\02-01-05-01-01-02-16.npy,5,2048,4,angry,16
02-01-05-01-01-02-17,D:\Ravdess\fusion_pack_5f\sequences\02-01-05-01-01-02-17.npy,5,2048,4,angry,17
02-01-05-01-01-02-18,D:\Ravdess\fusion_pack_5f\sequences\02-01-05-01-01-02-18.npy,5,2048,4,angry,18
02-01-05-01-01-02-19,D:\Ravdess\fusion_pack_5f\sequences\02-01-05-01-01-02-19.npy,5,2048,4,angry,19
02-01-05-01-01-02-20,D:\Ravdess\fusion_pack_5f\sequences\02-01-05-01-01-02-20.npy,5,2048,4,angry,20
02-01-05-01-01-02-21,D:\Ravdess\fusion_pack_5f\sequences\02-01-05-01-01-02-21.npy,5,2048,4,angry,21
02-01-05-01-01-02-22,D:\Ravdess\fusion_pack_5f\sequences\02-01-05-01-01-02-22.npy,5,2048,4,angry,22
02-01-05-01-01-02-23,D:\Ravdess\fusion_pack_5f\sequences\02-01-05-01-01-02-23.npy,5,2048,4,angry,23
02-01-05-01-01-02-24,D:\Ravdess\fusion_pack_5f\sequences\02-01-05-01-01-02-24.npy,5,2048,4,angry,24
02-01-05-01-02-01-01,D:\Ravdess\fusion_pack_5f\sequences\02-01-05-01-02-01-01.npy,5,2048,4,angry,1
02-01-05-01-02-01-02,D:\Ravdess\fusion_pack_5f\sequences\02-01-05-01-02-01-02.npy,5,2048,4,angry,2
02-01-05-01-02-01-03,D:\Ravdess\fusion_pack_5f\sequences\02-01-05-01-02-01-03.npy,5,2048,4,angry,3
02-01-05-01-02-01-04,D:\Ravdess\fusion_pack_5f\sequences\02-01-05-01-02-01-04.npy,5,2048,4,angry,4
02-01-05-01-02-01-05,D:\Ravdess\fusion_pack_5f\sequences\02-01-05-01-02-01-05.npy,5,2048,4,angry,5
02-01-05-01-02-01-06,D:\Ravdess\fusion_pack_5f\sequences\02-01-05-01-02-01-06.npy,5,2048,4,angry,6
02-01-05-01-02-01-07,D:\Ravdess\fusion_pack_5f\sequences\02-01-05-01-02-01-07.npy,5,2048,4,angry,7
02-01-05-01-02-01-08,D:\Ravdess\fusion_pack_5f\sequences\02-01-05-01-02-01-08.npy,5,2048,4,angry,8
02-01-05-01-02-01-09,D:\Ravdess\fusion_pack_5f\sequences\02-01-05-01-02-01-09.npy,5,2048,4,angry,9
02-01-05-01-02-01-10,D:\Ravdess\fusion_pack_5f\sequences\02-01-05-01-02-01-10.npy,5,2048,4,angry,10
02-01-05-01-02-01-11,D:\Ravdess\fusion_pack_5f\sequences\02-01-05-01-02-01-11.npy,5,2048,4,angry,11
02-01-05-01-02-01-12,D:\Ravdess\fusion_pack_5f\sequences\02-01-05-01-02-01-12.npy,5,2048,4,angry,12
02-01-05-01-02-01-13,D:\Ravdess\fusion_pack_5f\sequences\02-01-05-01-02-01-13.npy,5,2048,4,angry,13
02-01-05-01-02-01-14,D:\Ravdess\fusion_pack_5f\sequences\02-01-05-01-02-01-14.npy,5,2048,4,angry,14
02-01-05-01-02-01-16,D:\Ravdess\fusion_pack_5f\sequences\02-01-05-01-02-01-16.npy,5,2048,4,angry,16
02-01-05-01-02-01-17,D:\Ravdess\fusion_pack_5f\sequences\02-01-05-01-02-01-17.npy,5,2048,4,angry,17
02-01-05-01-02-01-18,D:\Ravdess\fusion_pack_5f\sequences\02-01-05-01-02-01-18.npy,5,2048,4,angry,18
02-01-05-01-02-01-19,D:\Ravdess\fusion_pack_5f\sequences\02-01-05-01-02-01-19.npy,5,2048,4,angry,19
02-01-05-01-02-01-20,D:\Ravdess\fusion_pack_5f\sequences\02-01-05-01-02-01-20.npy,5,2048,4,angry,20
02-01-05-01-02-01-21,D:\Ravdess\fusion_pack_5f\sequences\02-01-05-01-02-01-21.npy,5,2048,4,angry,21
02-01-05-01-02-01-22,D:\Ravdess\fusion_pack_5f\sequences\02-01-05-01-02-01-22.npy,5,2048,4,angry,22
02-01-05-01-02-01-23,D:\Ravdess\fusion_pack_5f\sequences\02-01-05-01-02-01-23.npy,5,2048,4,angry,23
02-01-05-01-02-01-24,D:\Ravdess\fusion_pack_5f\sequences\02-01-05-01-02-01-24.npy,5,2048,4,angry,24
02-01-05-01-02-02-01,D:\Ravdess\fusion_pack_5f\sequences\02-01-05-01-02-02-01.npy,5,2048,4,angry,1
02-01-05-01-02-02-02,D:\Ravdess\fusion_pack_5f\sequences\02-01-05-01-02-02-02.npy,5,2048,4,angry,2
02-01-05-01-02-02-03,D:\Ravdess\fusion_pack_5f\sequences\02-01-05-01-02-02-03.npy,5,2048,4,angry,3
02-01-05-01-02-02-04,D:\Ravdess\fusion_pack_5f\sequences\02-01-05-01-02-02-04.npy,5,2048,4,angry,4
02-01-05-01-02-02-05,D:\Ravdess\fusion_pack_5f\sequences\02-01-05-01-02-02-05.npy,5,2048,4,angry,5
02-01-05-01-02-02-06,D:\Ravdess\fusion_pack_5f\sequences\02-01-05-01-02-02-06.npy,5,2048,4,angry,6
02-01-05-01-02-02-07,D:\Ravdess\fusion_pack_5f\sequences\02-01-05-01-02-02-07.npy,5,2048,4,angry,7
02-01-05-01-02-02-08,D:\Ravdess\fusion_pack_5f\sequences\02-01-05-01-02-02-08.npy,5,2048,4,angry,8
02-01-05-01-02-02-09,D:\Ravdess\fusion_pack_5f\sequences\02-01-05-01-02-02-09.npy,5,2048,4,angry,9
02-01-05-01-02-02-10,D:\Ravdess\fusion_pack_5f\sequences\02-01-05-01-02-02-10.npy,5,2048,4,angry,10
02-01-05-01-02-02-11,D:\Ravdess\fusion_pack_5f\sequences\02-01-05-01-02-02-11.npy,5,2048,4,angry,11
02-01-05-01-02-02-12,D:\Ravdess\fusion_pack_5f\sequences\02-01-05-01-02-02-12.npy,5,2048,4,angry,12
02-01-05-01-02-02-13,D:\Ravdess\fusion_pack_5f\sequences\02-01-05-01-02-02-13.npy,5,2048,4,angry,13
02-01-05-01-02-02-14,D:\Ravdess\fusion_pack_5f\sequences\02-01-05-01-02-02-14.npy,5,2048,4,angry,14
02-01-05-01-02-02-16,D:\Ravdess\fusion_pack_5f\sequences\02-01-05-01-02-02-16.npy,5,2048,4,angry,16
02-01-05-01-02-02-17,D:\Ravdess\fusion_pack_5f\sequences\02-01-05-01-02-02-17.npy,5,2048,4,angry,17
02-01-05-01-02-02-18,D:\Ravdess\fusion_pack_5f\sequences\02-01-05-01-02-02-18.npy,5,2048,4,angry,18
02-01-05-01-02-02-19,D:\Ravdess\fusion_pack_5f\sequences\02-01-05-01-02-02-19.npy,5,2048,4,angry,19
02-01-05-01-02-02-20,D:\Ravdess\fusion_pack_5f\sequences\02-01-05-01-02-02-20.npy,5,2048,4,angry,20
02-01-05-01-02-02-21,D:\Ravdess\fusion_pack_5f\sequences\02-01-05-01-02-02-21.npy,5,2048,4,angry,21
02-01-05-01-02-02-22,D:\Ravdess\fusion_pack_5f\sequences\02-01-05-01-02-02-22.npy,5,2048,4,angry,22
02-01-05-01-02-02-23,D:\Ravdess\fusion_pack_5f\sequences\02-01-05-01-02-02-23.npy,5,2048,4,angry,23
02-01-05-01-02-02-24,D:\Ravdess\fusion_pack_5f\sequences\02-01-05-01-02-02-24.npy,5,2048,4,angry,24
02-01-05-02-01-01-01,D:\Ravdess\fusion_pack_5f\sequences\02-01-05-02-01-01-01.npy,5,2048,4,angry,1
02-01-05-02-01-01-02,D:\Ravdess\fusion_pack_5f\sequences\02-01-05-02-01-01-02.npy,5,2048,4,angry,2
02-01-05-02-01-01-03,D:\Ravdess\fusion_pack_5f\sequences\02-01-05-02-01-01-03.npy,5,2048,4,angry,3
02-01-05-02-01-01-04,D:\Ravdess\fusion_pack_5f\sequences\02-01-05-02-01-01-04.npy,5,2048,4,angry,4
02-01-05-02-01-01-05,D:\Ravdess\fusion_pack_5f\sequences\02-01-05-02-01-01-05.npy,5,2048,4,angry,5
02-01-05-02-01-01-06,D:\Ravdess\fusion_pack_5f\sequences\02-01-05-02-01-01-06.npy,5,2048,4,angry,6
02-01-05-02-01-01-07,D:\Ravdess\fusion_pack_5f\sequences\02-01-05-02-01-01-07.npy,5,2048,4,angry,7
02-01-05-02-01-01-08,D:\Ravdess\fusion_pack_5f\sequences\02-01-05-02-01-01-08.npy,5,2048,4,angry,8
02-01-05-02-01-01-09,D:\Ravdess\fusion_pack_5f\sequences\02-01-05-02-01-01-09.npy,5,2048,4,angry,9
02-01-05-02-01-01-10,D:\Ravdess\fusion_pack_5f\sequences\02-01-05-02-01-01-10.npy,5,2048,4,angry,10
02-01-05-02-01-01-11,D:\Ravdess\fusion_pack_5f\sequences\02-01-05-02-01-01-11.npy,5,2048,4,angry,11
02-01-05-02-01-01-12,D:\Ravdess\fusion_pack_5f\sequences\02-01-05-02-01-01-12.npy,5,2048,4,angry,12
02-01-05-02-01-01-13,D:\Ravdess\fusion_pack_5f\sequences\02-01-05-02-01-01-13.npy,5,2048,4,angry,13
02-01-05-02-01-01-14,D:\Ravdess\fusion_pack_5f\sequences\02-01-05-02-01-01-14.npy,5,2048,4,angry,14
02-01-05-02-01-01-16,D:\Ravdess\fusion_pack_5f\sequences\02-01-05-02-01-01-16.npy,5,2048,4,angry,16
02-01-05-02-01-01-18,D:\Ravdess\fusion_pack_5f\sequences\02-01-05-02-01-01-18.npy,5,2048,4,angry,18
02-01-05-02-01-01-19,D:\Ravdess\fusion_pack_5f\sequences\02-01-05-02-01-01-19.npy,5,2048,4,angry,19
02-01-05-02-01-01-20,D:\Ravdess\fusion_pack_5f\sequences\02-01-05-02-01-01-20.npy,5,2048,4,angry,20
02-01-05-02-01-01-21,D:\Ravdess\fusion_pack_5f\sequences\02-01-05-02-01-01-21.npy,5,2048,4,angry,21
02-01-05-02-01-01-22,D:\Ravdess\fusion_pack_5f\sequences\02-01-05-02-01-01-22.npy,5,2048,4,angry,22
02-01-05-02-01-01-23,D:\Ravdess\fusion_pack_5f\sequences\02-01-05-02-01-01-23.npy,5,2048,4,angry,23
02-01-05-02-01-01-24,D:\Ravdess\fusion_pack_5f\sequences\02-01-05-02-01-01-24.npy,5,2048,4,angry,24
02-01-05-02-01-02-01,D:\Ravdess\fusion_pack_5f\sequences\02-01-05-02-01-02-01.npy,5,2048,4,angry,1
02-01-05-02-01-02-02,D:\Ravdess\fusion_pack_5f\sequences\02-01-05-02-01-02-02.npy,5,2048,4,angry,2
02-01-05-02-01-02-03,D:\Ravdess\fusion_pack_5f\sequences\02-01-05-02-01-02-03.npy,5,2048,4,angry,3
02-01-05-02-01-02-04,D:\Ravdess\fusion_pack_5f\sequences\02-01-05-02-01-02-04.npy,5,2048,4,angry,4
02-01-05-02-01-02-05,D:\Ravdess\fusion_pack_5f\sequences\02-01-05-02-01-02-05.npy,5,2048,4,angry,5
02-01-05-02-01-02-06,D:\Ravdess\fusion_pack_5f\sequences\02-01-05-02-01-02-06.npy,5,2048,4,angry,6
02-01-05-02-01-02-07,D:\Ravdess\fusion_pack_5f\sequences\02-01-05-02-01-02-07.npy,5,2048,4,angry,7
02-01-05-02-01-02-08,D:\Ravdess\fusion_pack_5f\sequences\02-01-05-02-01-02-08.npy,5,2048,4,angry,8
02-01-05-02-01-02-09,D:\Ravdess\fusion_pack_5f\sequences\02-01-05-02-01-02-09.npy,5,2048,4,angry,9
02-01-05-02-01-02-10,D:\Ravdess\fusion_pack_5f\sequences\02-01-05-02-01-02-10.npy,5,2048,4,angry,10
02-01-05-02-01-02-11,D:\Ravdess\fusion_pack_5f\sequences\02-01-05-02-01-02-11.npy,5,2048,4,angry,11
02-01-05-02-01-02-12,D:\Ravdess\fusion_pack_5f\sequences\02-01-05-02-01-02-12.npy,5,2048,4,angry,12
02-01-05-02-01-02-13,D:\Ravdess\fusion_pack_5f\sequences\02-01-05-02-01-02-13.npy,5,2048,4,angry,13
02-01-05-02-01-02-14,D:\Ravdess\fusion_pack_5f\sequences\02-01-05-02-01-02-14.npy,5,2048,4,angry,14
02-01-05-02-01-02-16,D:\Ravdess\fusion_pack_5f\sequences\02-01-05-02-01-02-16.npy,5,2048,4,angry,16
02-01-05-02-01-02-17,D:\Ravdess\fusion_pack_5f\sequences\02-01-05-02-01-02-17.npy,5,2048,4,angry,17
02-01-05-02-01-02-18,D:\Ravdess\fusion_pack_5f\sequences\02-01-05-02-01-02-18.npy,5,2048,4,angry,18
02-01-05-02-01-02-19,D:\Ravdess\fusion_pack_5f\sequences\02-01-05-02-01-02-19.npy,5,2048,4,angry,19
02-01-05-02-01-02-20,D:\Ravdess\fusion_pack_5f\sequences\02-01-05-02-01-02-20.npy,5,2048,4,angry,20
02-01-05-02-01-02-21,D:\Ravdess\fusion_pack_5f\sequences\02-01-05-02-01-02-21.npy,5,2048,4,angry,21
02-01-05-02-01-02-22,D:\Ravdess\fusion_pack_5f\sequences\02-01-05-02-01-02-22.npy,5,2048,4,angry,22
02-01-05-02-01-02-23,D:\Ravdess\fusion_pack_5f\sequences\02-01-05-02-01-02-23.npy,5,2048,4,angry,23
02-01-05-02-01-02-24,D:\Ravdess\fusion_pack_5f\sequences\02-01-05-02-01-02-24.npy,5,2048,4,angry,24
02-01-05-02-02-01-01,D:\Ravdess\fusion_pack_5f\sequences\02-01-05-02-02-01-01.npy,5,2048,4,angry,1
02-01-05-02-02-01-02,D:\Ravdess\fusion_pack_5f\sequences\02-01-05-02-02-01-02.npy,5,2048,4,angry,2
02-01-05-02-02-01-03,D:\Ravdess\fusion_pack_5f\sequences\02-01-05-02-02-01-03.npy,5,2048,4,angry,3
02-01-05-02-02-01-04,D:\Ravdess\fusion_pack_5f\sequences\02-01-05-02-02-01-04.npy,5,2048,4,angry,4
02-01-05-02-02-01-05,D:\Ravdess\fusion_pack_5f\sequences\02-01-05-02-02-01-05.npy,5,2048,4,angry,5
02-01-05-02-02-01-06,D:\Ravdess\fusion_pack_5f\sequences\02-01-05-02-02-01-06.npy,5,2048,4,angry,6
02-01-05-02-02-01-07,D:\Ravdess\fusion_pack_5f\sequences\02-01-05-02-02-01-07.npy,5,2048,4,angry,7
02-01-05-02-02-01-08,D:\Ravdess\fusion_pack_5f\sequences\02-01-05-02-02-01-08.npy,5,2048,4,angry,8
02-01-05-02-02-01-09,D:\Ravdess\fusion_pack_5f\sequences\02-01-05-02-02-01-09.npy,5,2048,4,angry,9
02-01-05-02-02-01-10,D:\Ravdess\fusion_pack_5f\sequences\02-01-05-02-02-01-10.npy,5,2048,4,angry,10
02-01-05-02-02-01-11,D:\Ravdess\fusion_pack_5f\sequences\02-01-05-02-02-01-11.npy,5,2048,4,angry,11
02-01-05-02-02-01-12,D:\Ravdess\fusion_pack_5f\sequences\02-01-05-02-02-01-12.npy,5,2048,4,angry,12
02-01-05-02-02-01-13,D:\Ravdess\fusion_pack_5f\sequences\02-01-05-02-02-01-13.npy,5,2048,4,angry,13
02-01-05-02-02-01-14,D:\Ravdess\fusion_pack_5f\sequences\02-01-05-02-02-01-14.npy,5,2048,4,angry,14
02-01-05-02-02-01-16,D:\Ravdess\fusion_pack_5f\sequences\02-01-05-02-02-01-16.npy,5,2048,4,angry,16
02-01-05-02-02-01-17,D:\Ravdess\fusion_pack_5f\sequences\02-01-05-02-02-01-17.npy,5,2048,4,angry,17
02-01-05-02-02-01-18,D:\Ravdess\fusion_pack_5f\sequences\02-01-05-02-02-01-18.npy,5,2048,4,angry,18
02-01-05-02-02-01-19,D:\Ravdess\fusion_pack_5f\sequences\02-01-05-02-02-01-19.npy,5,2048,4,angry,19
02-01-05-02-02-01-20,D:\Ravdess\fusion_pack_5f\sequences\02-01-05-02-02-01-20.npy,5,2048,4,angry,20
02-01-05-02-02-01-21,D:\Ravdess\fusion_pack_5f\sequences\02-01-05-02-02-01-21.npy,5,2048,4,angry,21
02-01-05-02-02-01-22,D:\Ravdess\fusion_pack_5f\sequences\02-01-05-02-02-01-22.npy,5,2048,4,angry,22
02-01-05-02-02-01-23,D:\Ravdess\fusion_pack_5f\sequences\02-01-05-02-02-01-23.npy,5,2048,4,angry,23
02-01-05-02-02-01-24,D:\Ravdess\fusion_pack_5f\sequences\02-01-05-02-02-01-24.npy,5,2048,4,angry,24
02-01-05-02-02-02-01,D:\Ravdess\fusion_pack_5f\sequences\02-01-05-02-02-02-01.npy,5,2048,4,angry,1
02-01-05-02-02-02-02,D:\Ravdess\fusion_pack_5f\sequences\02-01-05-02-02-02-02.npy,5,2048,4,angry,2
02-01-05-02-02-02-03,D:\Ravdess\fusion_pack_5f\sequences\02-01-05-02-02-02-03.npy,5,2048,4,angry,3
02-01-05-02-02-02-04,D:\Ravdess\fusion_pack_5f\sequences\02-01-05-02-02-02-04.npy,5,2048,4,angry,4
02-01-05-02-02-02-05,D:\Ravdess\fusion_pack_5f\sequences\02-01-05-02-02-02-05.npy,5,2048,4,angry,5
02-01-05-02-02-02-06,D:\Ravdess\fusion_pack_5f\sequences\02-01-05-02-02-02-06.npy,5,2048,4,angry,6
02-01-05-02-02-02-07,D:\Ravdess\fusion_pack_5f\sequences\02-01-05-02-02-02-07.npy,5,2048,4,angry,7
02-01-05-02-02-02-08,D:\Ravdess\fusion_pack_5f\sequences\02-01-05-02-02-02-08.npy,5,2048,4,angry,8
02-01-05-02-02-02-09,D:\Ravdess\fusion_pack_5f\sequences\02-01-05-02-02-02-09.npy,5,2048,4,angry,9
02-01-05-02-02-02-10,D:\Ravdess\fusion_pack_5f\sequences\02-01-05-02-02-02-10.npy,5,2048,4,angry,10
02-01-05-02-02-02-11,D:\Ravdess\fusion_pack_5f\sequences\02-01-05-02-02-02-11.npy,5,2048,4,angry,11
02-01-05-02-02-02-12,D:\Ravdess\fusion_pack_5f\sequences\02-01-05-02-02-02-12.npy,5,2048,4,angry,12
02-01-05-02-02-02-13,D:\Ravdess\fusion_pack_5f\sequences\02-01-05-02-02-02-13.npy,5,2048,4,angry,13
02-01-05-02-02-02-14,D:\Ravdess\fusion_pack_5f\sequences\02-01-05-02-02-02-14.npy,5,2048,4,angry,14
02-01-05-02-02-02-16,D:\Ravdess\fusion_pack_5f\sequences\02-01-05-02-02-02-16.npy,5,2048,4,angry,16
02-01-05-02-02-02-17,D:\Ravdess\fusion_pack_5f\sequences\02-01-05-02-02-02-17.npy,5,2048,4,angry,17
02-01-05-02-02-02-18,D:\Ravdess\fusion_pack_5f\sequences\02-01-05-02-02-02-18.npy,5,2048,4,angry,18
02-01-05-02-02-02-19,D:\Ravdess\fusion_pack_5f\sequences\02-01-05-02-02-02-19.npy,5,2048,4,angry,19
02-01-05-02-02-02-20,D:\Ravdess\fusion_pack_5f\sequences\02-01-05-02-02-02-20.npy,5,2048,4,angry,20
02-01-05-02-02-02-21,D:\Ravdess\fusion_pack_5f\sequences\02-01-05-02-02-02-21.npy,5,2048,4,angry,21
02-01-05-02-02-02-22,D:\Ravdess\fusion_pack_5f\sequences\02-01-05-02-02-02-22.npy,5,2048,4,angry,22
02-01-05-02-02-02-23,D:\Ravdess\fusion_pack_5f\sequences\02-01-05-02-02-02-23.npy,5,2048,4,angry,23
02-01-05-02-02-02-24,D:\Ravdess\fusion_pack_5f\sequences\02-01-05-02-02-02-24.npy,5,2048,4,angry,24
02-01-06-01-01-01-01,D:\Ravdess\fusion_pack_5f\sequences\02-01-06-01-01-01-01.npy,5,2048,5,fearful,1
02-01-06-01-01-01-02,D:\Ravdess\fusion_pack_5f\sequences\02-01-06-01-01-01-02.npy,5,2048,5,fearful,2
02-01-06-01-01-01-03,D:\Ravdess\fusion_pack_5f\sequences\02-01-06-01-01-01-03.npy,5,2048,5,fearful,3
02-01-06-01-01-01-04,D:\Ravdess\fusion_pack_5f\sequences\02-01-06-01-01-01-04.npy,5,2048,5,fearful,4
02-01-06-01-01-01-05,D:\Ravdess\fusion_pack_5f\sequences\02-01-06-01-01-01-05.npy,5,2048,5,fearful,5
02-01-06-01-01-01-06,D:\Ravdess\fusion_pack_5f\sequences\02-01-06-01-01-01-06.npy,5,2048,5,fearful,6
02-01-06-01-01-01-07,D:\Ravdess\fusion_pack_5f\sequences\02-01-06-01-01-01-07.npy,5,2048,5,fearful,7
02-01-06-01-01-01-08,D:\Ravdess\fusion_pack_5f\sequences\02-01-06-01-01-01-08.npy,5,2048,5,fearful,8
02-01-06-01-01-01-09,D:\Ravdess\fusion_pack_5f\sequences\02-01-06-01-01-01-09.npy,5,2048,5,fearful,9
02-01-06-01-01-01-10,D:\Ravdess\fusion_pack_5f\sequences\02-01-06-01-01-01-10.npy,5,2048,5,fearful,10
02-01-06-01-01-01-11,D:\Ravdess\fusion_pack_5f\sequences\02-01-06-01-01-01-11.npy,5,2048,5,fearful,11
02-01-06-01-01-01-12,D:\Ravdess\fusion_pack_5f\sequences\02-01-06-01-01-01-12.npy,5,2048,5,fearful,12
02-01-06-01-01-01-13,D:\Ravdess\fusion_pack_5f\sequences\02-01-06-01-01-01-13.npy,5,2048,5,fearful,13
02-01-06-01-01-01-14,D:\Ravdess\fusion_pack_5f\sequences\02-01-06-01-01-01-14.npy,5,2048,5,fearful,14
02-01-06-01-01-01-16,D:\Ravdess\fusion_pack_5f\sequences\02-01-06-01-01-01-16.npy,5,2048,5,fearful,16
02-01-06-01-01-01-17,D:\Ravdess\fusion_pack_5f\sequences\02-01-06-01-01-01-17.npy,5,2048,5,fearful,17
02-01-06-01-01-01-18,D:\Ravdess\fusion_pack_5f\sequences\02-01-06-01-01-01-18.npy,5,2048,5,fearful,18
02-01-06-01-01-01-19,D:\Ravdess\fusion_pack_5f\sequences\02-01-06-01-01-01-19.npy,5,2048,5,fearful,19
02-01-06-01-01-01-20,D:\Ravdess\fusion_pack_5f\sequences\02-01-06-01-01-01-20.npy,5,2048,5,fearful,20
02-01-06-01-01-01-21,D:\Ravdess\fusion_pack_5f\sequences\02-01-06-01-01-01-21.npy,5,2048,5,fearful,21
02-01-06-01-01-01-22,D:\Ravdess\fusion_pack_5f\sequences\02-01-06-01-01-01-22.npy,5,2048,5,fearful,22
02-01-06-01-01-01-23,D:\Ravdess\fusion_pack_5f\sequences\02-01-06-01-01-01-23.npy,5,2048,5,fearful,23
02-01-06-01-01-01-24,D:\Ravdess\fusion_pack_5f\sequences\02-01-06-01-01-01-24.npy,5,2048,5,fearful,24
02-01-06-01-01-02-01,D:\Ravdess\fusion_pack_5f\sequences\02-01-06-01-01-02-01.npy,5,2048,5,fearful,1
02-01-06-01-01-02-02,D:\Ravdess\fusion_pack_5f\sequences\02-01-06-01-01-02-02.npy,5,2048,5,fearful,2
02-01-06-01-01-02-03,D:\Ravdess\fusion_pack_5f\sequences\02-01-06-01-01-02-03.npy,5,2048,5,fearful,3
02-01-06-01-01-02-04,D:\Ravdess\fusion_pack_5f\sequences\02-01-06-01-01-02-04.npy,5,2048,5,fearful,4
02-01-06-01-01-02-05,D:\Ravdess\fusion_pack_5f\sequences\02-01-06-01-01-02-05.npy,5,2048,5,fearful,5
02-01-06-01-01-02-06,D:\Ravdess\fusion_pack_5f\sequences\02-01-06-01-01-02-06.npy,5,2048,5,fearful,6
02-01-06-01-01-02-07,D:\Ravdess\fusion_pack_5f\sequences\02-01-06-01-01-02-07.npy,5,2048,5,fearful,7
02-01-06-01-01-02-08,D:\Ravdess\fusion_pack_5f\sequences\02-01-06-01-01-02-08.npy,5,2048,5,fearful,8
02-01-06-01-01-02-09,D:\Ravdess\fusion_pack_5f\sequences\02-01-06-01-01-02-09.npy,5,2048,5,fearful,9
02-01-06-01-01-02-10,D:\Ravdess\fusion_pack_5f\sequences\02-01-06-01-01-02-10.npy,5,2048,5,fearful,10
02-01-06-01-01-02-11,D:\Ravdess\fusion_pack_5f\sequences\02-01-06-01-01-02-11.npy,5,2048,5,fearful,11
02-01-06-01-01-02-12,D:\Ravdess\fusion_pack_5f\sequences\02-01-06-01-01-02-12.npy,5,2048,5,fearful,12
02-01-06-01-01-02-13,D:\Ravdess\fusion_pack_5f\sequences\02-01-06-01-01-02-13.npy,5,2048,5,fearful,13
02-01-06-01-01-02-14,D:\Ravdess\fusion_pack_5f\sequences\02-01-06-01-01-02-14.npy,5,2048,5,fearful,14
02-01-06-01-01-02-16,D:\Ravdess\fusion_pack_5f\sequences\02-01-06-01-01-02-16.npy,5,2048,5,fearful,16
02-01-06-01-01-02-17,D:\Ravdess\fusion_pack_5f\sequences\02-01-06-01-01-02-17.npy,5,2048,5,fearful,17
02-01-06-01-01-02-18,D:\Ravdess\fusion_pack_5f\sequences\02-01-06-01-01-02-18.npy,5,2048,5,fearful,18
02-01-06-01-01-02-19,D:\Ravdess\fusion_pack_5f\sequences\02-01-06-01-01-02-19.npy,5,2048,5,fearful,19
02-01-06-01-01-02-20,D:\Ravdess\fusion_pack_5f\sequences\02-01-06-01-01-02-20.npy,5,2048,5,fearful,20
02-01-06-01-01-02-21,D:\Ravdess\fusion_pack_5f\sequences\02-01-06-01-01-02-21.npy,5,2048,5,fearful,21
02-01-06-01-01-02-22,D:\Ravdess\fusion_pack_5f\sequences\02-01-06-01-01-02-22.npy,5,2048,5,fearful,22
02-01-06-01-01-02-23,D:\Ravdess\fusion_pack_5f\sequences\02-01-06-01-01-02-23.npy,5,2048,5,fearful,23
02-01-06-01-01-02-24,D:\Ravdess\fusion_pack_5f\sequences\02-01-06-01-01-02-24.npy,5,2048,5,fearful,24
02-01-06-01-02-01-01,D:\Ravdess\fusion_pack_5f\sequences\02-01-06-01-02-01-01.npy,5,2048,5,fearful,1
02-01-06-01-02-01-02,D:\Ravdess\fusion_pack_5f\sequences\02-01-06-01-02-01-02.npy,5,2048,5,fearful,2
02-01-06-01-02-01-03,D:\Ravdess\fusion_pack_5f\sequences\02-01-06-01-02-01-03.npy,5,2048,5,fearful,3
02-01-06-01-02-01-04,D:\Ravdess\fusion_pack_5f\sequences\02-01-06-01-02-01-04.npy,5,2048,5,fearful,4
02-01-06-01-02-01-05,D:\Ravdess\fusion_pack_5f\sequences\02-01-06-01-02-01-05.npy,5,2048,5,fearful,5
02-01-06-01-02-01-06,D:\Ravdess\fusion_pack_5f\sequences\02-01-06-01-02-01-06.npy,5,2048,5,fearful,6
02-01-06-01-02-01-07,D:\Ravdess\fusion_pack_5f\sequences\02-01-06-01-02-01-07.npy,5,2048,5,fearful,7
02-01-06-01-02-01-08,D:\Ravdess\fusion_pack_5f\sequences\02-01-06-01-02-01-08.npy,5,2048,5,fearful,8
02-01-06-01-02-01-09,D:\Ravdess\fusion_pack_5f\sequences\02-01-06-01-02-01-09.npy,5,2048,5,fearful,9
02-01-06-01-02-01-10,D:\Ravdess\fusion_pack_5f\sequences\02-01-06-01-02-01-10.npy,5,2048,5,fearful,10
02-01-06-01-02-01-11,D:\Ravdess\fusion_pack_5f\sequences\02-01-06-01-02-01-11.npy,5,2048,5,fearful,11
02-01-06-01-02-01-12,D:\Ravdess\fusion_pack_5f\sequences\02-01-06-01-02-01-12.npy,5,2048,5,fearful,12
02-01-06-01-02-01-13,D:\Ravdess\fusion_pack_5f\sequences\02-01-06-01-02-01-13.npy,5,2048,5,fearful,13
02-01-06-01-02-01-14,D:\Ravdess\fusion_pack_5f\sequences\02-01-06-01-02-01-14.npy,5,2048,5,fearful,14
02-01-06-01-02-01-16,D:\Ravdess\fusion_pack_5f\sequences\02-01-06-01-02-01-16.npy,5,2048,5,fearful,16
02-01-06-01-02-01-17,D:\Ravdess\fusion_pack_5f\sequences\02-01-06-01-02-01-17.npy,5,2048,5,fearful,17
02-01-06-01-02-01-18,D:\Ravdess\fusion_pack_5f\sequences\02-01-06-01-02-01-18.npy,5,2048,5,fearful,18
02-01-06-01-02-01-19,D:\Ravdess\fusion_pack_5f\sequences\02-01-06-01-02-01-19.npy,5,2048,5,fearful,19
02-01-06-01-02-01-20,D:\Ravdess\fusion_pack_5f\sequences\02-01-06-01-02-01-20.npy,5,2048,5,fearful,20
02-01-06-01-02-01-21,D:\Ravdess\fusion_pack_5f\sequences\02-01-06-01-02-01-21.npy,5,2048,5,fearful,21
02-01-06-01-02-01-22,D:\Ravdess\fusion_pack_5f\sequences\02-01-06-01-02-01-22.npy,5,2048,5,fearful,22
02-01-06-01-02-01-23,D:\Ravdess\fusion_pack_5f\sequences\02-01-06-01-02-01-23.npy,5,2048,5,fearful,23
02-01-06-01-02-01-24,D:\Ravdess\fusion_pack_5f\sequences\02-01-06-01-02-01-24.npy,5,2048,5,fearful,24
02-01-06-01-02-02-01,D:\Ravdess\fusion_pack_5f\sequences\02-01-06-01-02-02-01.npy,5,2048,5,fearful,1
02-01-06-01-02-02-02,D:\Ravdess\fusion_pack_5f\sequences\02-01-06-01-02-02-02.npy,5,2048,5,fearful,2
02-01-06-01-02-02-03,D:\Ravdess\fusion_pack_5f\sequences\02-01-06-01-02-02-03.npy,5,2048,5,fearful,3
02-01-06-01-02-02-04,D:\Ravdess\fusion_pack_5f\sequences\02-01-06-01-02-02-04.npy,5,2048,5,fearful,4
02-01-06-01-02-02-05,D:\Ravdess\fusion_pack_5f\sequences\02-01-06-01-02-02-05.npy,5,2048,5,fearful,5
02-01-06-01-02-02-06,D:\Ravdess\fusion_pack_5f\sequences\02-01-06-01-02-02-06.npy,5,2048,5,fearful,6
02-01-06-01-02-02-07,D:\Ravdess\fusion_pack_5f\sequences\02-01-06-01-02-02-07.npy,5,2048,5,fearful,7
02-01-06-01-02-02-08,D:\Ravdess\fusion_pack_5f\sequences\02-01-06-01-02-02-08.npy,5,2048,5,fearful,8
02-01-06-01-02-02-09,D:\Ravdess\fusion_pack_5f\sequences\02-01-06-01-02-02-09.npy,5,2048,5,fearful,9
02-01-06-01-02-02-10,D:\Ravdess\fusion_pack_5f\sequences\02-01-06-01-02-02-10.npy,5,2048,5,fearful,10
02-01-06-01-02-02-11,D:\Ravdess\fusion_pack_5f\sequences\02-01-06-01-02-02-11.npy,5,2048,5,fearful,11
02-01-06-01-02-02-12,D:\Ravdess\fusion_pack_5f\sequences\02-01-06-01-02-02-12.npy,5,2048,5,fearful,12
02-01-06-01-02-02-13,D:\Ravdess\fusion_pack_5f\sequences\02-01-06-01-02-02-13.npy,5,2048,5,fearful,13
02-01-06-01-02-02-14,D:\Ravdess\fusion_pack_5f\sequences\02-01-06-01-02-02-14.npy,5,2048,5,fearful,14
02-01-06-01-02-02-16,D:\Ravdess\fusion_pack_5f\sequences\02-01-06-01-02-02-16.npy,5,2048,5,fearful,16
02-01-06-01-02-02-17,D:\Ravdess\fusion_pack_5f\sequences\02-01-06-01-02-02-17.npy,5,2048,5,fearful,17
02-01-06-01-02-02-18,D:\Ravdess\fusion_pack_5f\sequences\02-01-06-01-02-02-18.npy,5,2048,5,fearful,18
02-01-06-01-02-02-19,D:\Ravdess\fusion_pack_5f\sequences\02-01-06-01-02-02-19.npy,5,2048,5,fearful,19
02-01-06-01-02-02-20,D:\Ravdess\fusion_pack_5f\sequences\02-01-06-01-02-02-20.npy,5,2048,5,fearful,20
02-01-06-01-02-02-21,D:\Ravdess\fusion_pack_5f\sequences\02-01-06-01-02-02-21.npy,5,2048,5,fearful,21
02-01-06-01-02-02-22,D:\Ravdess\fusion_pack_5f\sequences\02-01-06-01-02-02-22.npy,5,2048,5,fearful,22
02-01-06-01-02-02-23,D:\Ravdess\fusion_pack_5f\sequences\02-01-06-01-02-02-23.npy,5,2048,5,fearful,23
02-01-06-01-02-02-24,D:\Ravdess\fusion_pack_5f\sequences\02-01-06-01-02-02-24.npy,5,2048,5,fearful,24
02-01-06-02-01-01-01,D:\Ravdess\fusion_pack_5f\sequences\02-01-06-02-01-01-01.npy,5,2048,5,fearful,1
02-01-06-02-01-01-02,D:\Ravdess\fusion_pack_5f\sequences\02-01-06-02-01-01-02.npy,5,2048,5,fearful,2
02-01-06-02-01-01-03,D:\Ravdess\fusion_pack_5f\sequences\02-01-06-02-01-01-03.npy,5,2048,5,fearful,3
02-01-06-02-01-01-04,D:\Ravdess\fusion_pack_5f\sequences\02-01-06-02-01-01-04.npy,5,2048,5,fearful,4
02-01-06-02-01-01-05,D:\Ravdess\fusion_pack_5f\sequences\02-01-06-02-01-01-05.npy,5,2048,5,fearful,5
02-01-06-02-01-01-06,D:\Ravdess\fusion_pack_5f\sequences\02-01-06-02-01-01-06.npy,5,2048,5,fearful,6
02-01-06-02-01-01-07,D:\Ravdess\fusion_pack_5f\sequences\02-01-06-02-01-01-07.npy,5,2048,5,fearful,7
02-01-06-02-01-01-08,D:\Ravdess\fusion_pack_5f\sequences\02-01-06-02-01-01-08.npy,5,2048,5,fearful,8
02-01-06-02-01-01-09,D:\Ravdess\fusion_pack_5f\sequences\02-01-06-02-01-01-09.npy,5,2048,5,fearful,9
02-01-06-02-01-01-10,D:\Ravdess\fusion_pack_5f\sequences\02-01-06-02-01-01-10.npy,5,2048,5,fearful,10
02-01-06-02-01-01-11,D:\Ravdess\fusion_pack_5f\sequences\02-01-06-02-01-01-11.npy,5,2048,5,fearful,11
02-01-06-02-01-01-12,D:\Ravdess\fusion_pack_5f\sequences\02-01-06-02-01-01-12.npy,5,2048,5,fearful,12
02-01-06-02-01-01-13,D:\Ravdess\fusion_pack_5f\sequences\02-01-06-02-01-01-13.npy,5,2048,5,fearful,13
02-01-06-02-01-01-14,D:\Ravdess\fusion_pack_5f\sequences\02-01-06-02-01-01-14.npy,5,2048,5,fearful,14
02-01-06-02-01-01-16,D:\Ravdess\fusion_pack_5f\sequences\02-01-06-02-01-01-16.npy,5,2048,5,fearful,16
02-01-06-02-01-01-17,D:\Ravdess\fusion_pack_5f\sequences\02-01-06-02-01-01-17.npy,5,2048,5,fearful,17
02-01-06-02-01-01-18,D:\Ravdess\fusion_pack_5f\sequences\02-01-06-02-01-01-18.npy,5,2048,5,fearful,18
02-01-06-02-01-01-19,D:\Ravdess\fusion_pack_5f\sequences\02-01-06-02-01-01-19.npy,5,2048,5,fearful,19
02-01-06-02-01-01-20,D:\Ravdess\fusion_pack_5f\sequences\02-01-06-02-01-01-20.npy,5,2048,5,fearful,20
02-01-06-02-01-01-21,D:\Ravdess\fusion_pack_5f\sequences\02-01-06-02-01-01-21.npy,5,2048,5,fearful,21
02-01-06-02-01-01-22,D:\Ravdess\fusion_pack_5f\sequences\02-01-06-02-01-01-22.npy,5,2048,5,fearful,22
02-01-06-02-01-01-23,D:\Ravdess\fusion_pack_5f\sequences\02-01-06-02-01-01-23.npy,5,2048,5,fearful,23
02-01-06-02-01-01-24,D:\Ravdess\fusion_pack_5f\sequences\02-01-06-02-01-01-24.npy,5,2048,5,fearful,24
02-01-06-02-01-02-01,D:\Ravdess\fusion_pack_5f\sequences\02-01-06-02-01-02-01.npy,5,2048,5,fearful,1
02-01-06-02-01-02-02,D:\Ravdess\fusion_pack_5f\sequences\02-01-06-02-01-02-02.npy,5,2048,5,fearful,2
02-01-06-02-01-02-03,D:\Ravdess\fusion_pack_5f\sequences\02-01-06-02-01-02-03.npy,5,2048,5,fearful,3
02-01-06-02-01-02-04,D:\Ravdess\fusion_pack_5f\sequences\02-01-06-02-01-02-04.npy,5,2048,5,fearful,4
02-01-06-02-01-02-05,D:\Ravdess\fusion_pack_5f\sequences\02-01-06-02-01-02-05.npy,5,2048,5,fearful,5
02-01-06-02-01-02-06,D:\Ravdess\fusion_pack_5f\sequences\02-01-06-02-01-02-06.npy,5,2048,5,fearful,6
02-01-06-02-01-02-07,D:\Ravdess\fusion_pack_5f\sequences\02-01-06-02-01-02-07.npy,5,2048,5,fearful,7
02-01-06-02-01-02-08,D:\Ravdess\fusion_pack_5f\sequences\02-01-06-02-01-02-08.npy,5,2048,5,fearful,8
02-01-06-02-01-02-09,D:\Ravdess\fusion_pack_5f\sequences\02-01-06-02-01-02-09.npy,5,2048,5,fearful,9
02-01-06-02-01-02-10,D:\Ravdess\fusion_pack_5f\sequences\02-01-06-02-01-02-10.npy,5,2048,5,fearful,10
02-01-06-02-01-02-11,D:\Ravdess\fusion_pack_5f\sequences\02-01-06-02-01-02-11.npy,5,2048,5,fearful,11
02-01-06-02-01-02-12,D:\Ravdess\fusion_pack_5f\sequences\02-01-06-02-01-02-12.npy,5,2048,5,fearful,12
02-01-06-02-01-02-13,D:\Ravdess\fusion_pack_5f\sequences\02-01-06-02-01-02-13.npy,5,2048,5,fearful,13
02-01-06-02-01-02-14,D:\Ravdess\fusion_pack_5f\sequences\02-01-06-02-01-02-14.npy,5,2048,5,fearful,14
02-01-06-02-01-02-16,D:\Ravdess\fusion_pack_5f\sequences\02-01-06-02-01-02-16.npy,5,2048,5,fearful,16
02-01-06-02-01-02-17,D:\Ravdess\fusion_pack_5f\sequences\02-01-06-02-01-02-17.npy,5,2048,5,fearful,17
02-01-06-02-01-02-18,D:\Ravdess\fusion_pack_5f\sequences\02-01-06-02-01-02-18.npy,5,2048,5,fearful,18
02-01-06-02-01-02-19,D:\Ravdess\fusion_pack_5f\sequences\02-01-06-02-01-02-19.npy,5,2048,5,fearful,19
02-01-06-02-01-02-20,D:\Ravdess\fusion_pack_5f\sequences\02-01-06-02-01-02-20.npy,5,2048,5,fearful,20
02-01-06-02-01-02-21,D:\Ravdess\fusion_pack_5f\sequences\02-01-06-02-01-02-21.npy,5,2048,5,fearful,21
02-01-06-02-01-02-22,D:\Ravdess\fusion_pack_5f\sequences\02-01-06-02-01-02-22.npy,5,2048,5,fearful,22
02-01-06-02-01-02-23,D:\Ravdess\fusion_pack_5f\sequences\02-01-06-02-01-02-23.npy,5,2048,5,fearful,23
02-01-06-02-01-02-24,D:\Ravdess\fusion_pack_5f\sequences\02-01-06-02-01-02-24.npy,5,2048,5,fearful,24
02-01-06-02-02-01-01,D:\Ravdess\fusion_pack_5f\sequences\02-01-06-02-02-01-01.npy,5,2048,5,fearful,1
02-01-06-02-02-01-02,D:\Ravdess\fusion_pack_5f\sequences\02-01-06-02-02-01-02.npy,5,2048,5,fearful,2
02-01-06-02-02-01-03,D:\Ravdess\fusion_pack_5f\sequences\02-01-06-02-02-01-03.npy,5,2048,5,fearful,3
02-01-06-02-02-01-04,D:\Ravdess\fusion_pack_5f\sequences\02-01-06-02-02-01-04.npy,5,2048,5,fearful,4
02-01-06-02-02-01-05,D:\Ravdess\fusion_pack_5f\sequences\02-01-06-02-02-01-05.npy,5,2048,5,fearful,5
02-01-06-02-02-01-06,D:\Ravdess\fusion_pack_5f\sequences\02-01-06-02-02-01-06.npy,5,2048,5,fearful,6
02-01-06-02-02-01-07,D:\Ravdess\fusion_pack_5f\sequences\02-01-06-02-02-01-07.npy,5,2048,5,fearful,7
02-01-06-02-02-01-08,D:\Ravdess\fusion_pack_5f\sequences\02-01-06-02-02-01-08.npy,5,2048,5,fearful,8
02-01-06-02-02-01-09,D:\Ravdess\fusion_pack_5f\sequences\02-01-06-02-02-01-09.npy,5,2048,5,fearful,9
02-01-06-02-02-01-10,D:\Ravdess\fusion_pack_5f\sequences\02-01-06-02-02-01-10.npy,5,2048,5,fearful,10
02-01-06-02-02-01-11,D:\Ravdess\fusion_pack_5f\sequences\02-01-06-02-02-01-11.npy,5,2048,5,fearful,11
02-01-06-02-02-01-12,D:\Ravdess\fusion_pack_5f\sequences\02-01-06-02-02-01-12.npy,5,2048,5,fearful,12
02-01-06-02-02-01-13,D:\Ravdess\fusion_pack_5f\sequences\02-01-06-02-02-01-13.npy,5,2048,5,fearful,13
02-01-06-02-02-01-14,D:\Ravdess\fusion_pack_5f\sequences\02-01-06-02-02-01-14.npy,5,2048,5,fearful,14
02-01-06-02-02-01-16,D:\Ravdess\fusion_pack_5f\sequences\02-01-06-02-02-01-16.npy,5,2048,5,fearful,16
02-01-06-02-02-01-17,D:\Ravdess\fusion_pack_5f\sequences\02-01-06-02-02-01-17.npy,5,2048,5,fearful,17
02-01-06-02-02-01-18,D:\Ravdess\fusion_pack_5f\sequences\02-01-06-02-02-01-18.npy,5,2048,5,fearful,18
02-01-06-02-02-01-19,D:\Ravdess\fusion_pack_5f\sequences\02-01-06-02-02-01-19.npy,5,2048,5,fearful,19
02-01-06-02-02-01-20,D:\Ravdess\fusion_pack_5f\sequences\02-01-06-02-02-01-20.npy,5,2048,5,fearful,20
02-01-06-02-02-01-21,D:\Ravdess\fusion_pack_5f\sequences\02-01-06-02-02-01-21.npy,5,2048,5,fearful,21
02-01-06-02-02-01-22,D:\Ravdess\fusion_pack_5f\sequences\02-01-06-02-02-01-22.npy,5,2048,5,fearful,22
02-01-06-02-02-01-23,D:\Ravdess\fusion_pack_5f\sequences\02-01-06-02-02-01-23.npy,5,2048,5,fearful,23
02-01-06-02-02-01-24,D:\Ravdess\fusion_pack_5f\sequences\02-01-06-02-02-01-24.npy,5,2048,5,fearful,24
02-01-06-02-02-02-01,D:\Ravdess\fusion_pack_5f\sequences\02-01-06-02-02-02-01.npy,5,2048,5,fearful,1
02-01-06-02-02-02-02,D:\Ravdess\fusion_pack_5f\sequences\02-01-06-02-02-02-02.npy,5,2048,5,fearful,2
02-01-06-02-02-02-03,D:\Ravdess\fusion_pack_5f\sequences\02-01-06-02-02-02-03.npy,5,2048,5,fearful,3
02-01-06-02-02-02-04,D:\Ravdess\fusion_pack_5f\sequences\02-01-06-02-02-02-04.npy,5,2048,5,fearful,4
02-01-06-02-02-02-05,D:\Ravdess\fusion_pack_5f\sequences\02-01-06-02-02-02-05.npy,5,2048,5,fearful,5
02-01-06-02-02-02-06,D:\Ravdess\fusion_pack_5f\sequences\02-01-06-02-02-02-06.npy,5,2048,5,fearful,6
02-01-06-02-02-02-07,D:\Ravdess\fusion_pack_5f\sequences\02-01-06-02-02-02-07.npy,5,2048,5,fearful,7
02-01-06-02-02-02-08,D:\Ravdess\fusion_pack_5f\sequences\02-01-06-02-02-02-08.npy,5,2048,5,fearful,8
02-01-06-02-02-02-09,D:\Ravdess\fusion_pack_5f\sequences\02-01-06-02-02-02-09.npy,5,2048,5,fearful,9
02-01-06-02-02-02-10,D:\Ravdess\fusion_pack_5f\sequences\02-01-06-02-02-02-10.npy,5,2048,5,fearful,10
02-01-06-02-02-02-11,D:\Ravdess\fusion_pack_5f\sequences\02-01-06-02-02-02-11.npy,5,2048,5,fearful,11
02-01-06-02-02-02-12,D:\Ravdess\fusion_pack_5f\sequences\02-01-06-02-02-02-12.npy,5,2048,5,fearful,12
02-01-06-02-02-02-13,D:\Ravdess\fusion_pack_5f\sequences\02-01-06-02-02-02-13.npy,5,2048,5,fearful,13
02-01-06-02-02-02-14,D:\Ravdess\fusion_pack_5f\sequences\02-01-06-02-02-02-14.npy,5,2048,5,fearful,14
02-01-06-02-02-02-16,D:\Ravdess\fusion_pack_5f\sequences\02-01-06-02-02-02-16.npy,5,2048,5,fearful,16
02-01-06-02-02-02-17,D:\Ravdess\fusion_pack_5f\sequences\02-01-06-02-02-02-17.npy,5,2048,5,fearful,17
02-01-06-02-02-02-18,D:\Ravdess\fusion_pack_5f\sequences\02-01-06-02-02-02-18.npy,5,2048,5,fearful,18
02-01-06-02-02-02-19,D:\Ravdess\fusion_pack_5f\sequences\02-01-06-02-02-02-19.npy,5,2048,5,fearful,19
02-01-06-02-02-02-20,D:\Ravdess\fusion_pack_5f\sequences\02-01-06-02-02-02-20.npy,5,2048,5,fearful,20
02-01-06-02-02-02-21,D:\Ravdess\fusion_pack_5f\sequences\02-01-06-02-02-02-21.npy,5,2048,5,fearful,21
02-01-06-02-02-02-22,D:\Ravdess\fusion_pack_5f\sequences\02-01-06-02-02-02-22.npy,5,2048,5,fearful,22
02-01-06-02-02-02-23,D:\Ravdess\fusion_pack_5f\sequences\02-01-06-02-02-02-23.npy,5,2048,5,fearful,23
02-01-06-02-02-02-24,D:\Ravdess\fusion_pack_5f\sequences\02-01-06-02-02-02-24.npy,5,2048,5,fearful,24
02-01-07-01-01-01-01,D:\Ravdess\fusion_pack_5f\sequences\02-01-07-01-01-01-01.npy,5,2048,6,disgust,1
02-01-07-01-01-01-02,D:\Ravdess\fusion_pack_5f\sequences\02-01-07-01-01-01-02.npy,5,2048,6,disgust,2
02-01-07-01-01-01-03,D:\Ravdess\fusion_pack_5f\sequences\02-01-07-01-01-01-03.npy,5,2048,6,disgust,3
02-01-07-01-01-01-04,D:\Ravdess\fusion_pack_5f\sequences\02-01-07-01-01-01-04.npy,5,2048,6,disgust,4
02-01-07-01-01-01-05,D:\Ravdess\fusion_pack_5f\sequences\02-01-07-01-01-01-05.npy,5,2048,6,disgust,5
02-01-07-01-01-01-06,D:\Ravdess\fusion_pack_5f\sequences\02-01-07-01-01-01-06.npy,5,2048,6,disgust,6
02-01-07-01-01-01-07,D:\Ravdess\fusion_pack_5f\sequences\02-01-07-01-01-01-07.npy,5,2048,6,disgust,7
02-01-07-01-01-01-08,D:\Ravdess\fusion_pack_5f\sequences\02-01-07-01-01-01-08.npy,5,2048,6,disgust,8
02-01-07-01-01-01-09,D:\Ravdess\fusion_pack_5f\sequences\02-01-07-01-01-01-09.npy,5,2048,6,disgust,9
02-01-07-01-01-01-10,D:\Ravdess\fusion_pack_5f\sequences\02-01-07-01-01-01-10.npy,5,2048,6,disgust,10
02-01-07-01-01-01-11,D:\Ravdess\fusion_pack_5f\sequences\02-01-07-01-01-01-11.npy,5,2048,6,disgust,11
02-01-07-01-01-01-12,D:\Ravdess\fusion_pack_5f\sequences\02-01-07-01-01-01-12.npy,5,2048,6,disgust,12
02-01-07-01-01-01-13,D:\Ravdess\fusion_pack_5f\sequences\02-01-07-01-01-01-13.npy,5,2048,6,disgust,13
02-01-07-01-01-01-14,D:\Ravdess\fusion_pack_5f\sequences\02-01-07-01-01-01-14.npy,5,2048,6,disgust,14
02-01-07-01-01-01-16,D:\Ravdess\fusion_pack_5f\sequences\02-01-07-01-01-01-16.npy,5,2048,6,disgust,16
02-01-07-01-01-01-17,D:\Ravdess\fusion_pack_5f\sequences\02-01-07-01-01-01-17.npy,5,2048,6,disgust,17
02-01-07-01-01-01-18,D:\Ravdess\fusion_pack_5f\sequences\02-01-07-01-01-01-18.npy,5,2048,6,disgust,18
02-01-07-01-01-01-19,D:\Ravdess\fusion_pack_5f\sequences\02-01-07-01-01-01-19.npy,5,2048,6,disgust,19
02-01-07-01-01-01-20,D:\Ravdess\fusion_pack_5f\sequences\02-01-07-01-01-01-20.npy,5,2048,6,disgust,20
02-01-07-01-01-01-21,D:\Ravdess\fusion_pack_5f\sequences\02-01-07-01-01-01-21.npy,5,2048,6,disgust,21
02-01-07-01-01-01-22,D:\Ravdess\fusion_pack_5f\sequences\02-01-07-01-01-01-22.npy,5,2048,6,disgust,22
02-01-07-01-01-01-23,D:\Ravdess\fusion_pack_5f\sequences\02-01-07-01-01-01-23.npy,5,2048,6,disgust,23
02-01-07-01-01-01-24,D:\Ravdess\fusion_pack_5f\sequences\02-01-07-01-01-01-24.npy,5,2048,6,disgust,24
02-01-07-01-01-02-01,D:\Ravdess\fusion_pack_5f\sequences\02-01-07-01-01-02-01.npy,5,2048,6,disgust,1
02-01-07-01-01-02-02,D:\Ravdess\fusion_pack_5f\sequences\02-01-07-01-01-02-02.npy,5,2048,6,disgust,2
02-01-07-01-01-02-03,D:\Ravdess\fusion_pack_5f\sequences\02-01-07-01-01-02-03.npy,5,2048,6,disgust,3
02-01-07-01-01-02-04,D:\Ravdess\fusion_pack_5f\sequences\02-01-07-01-01-02-04.npy,5,2048,6,disgust,4
02-01-07-01-01-02-05,D:\Ravdess\fusion_pack_5f\sequences\02-01-07-01-01-02-05.npy,5,2048,6,disgust,5
02-01-07-01-01-02-06,D:\Ravdess\fusion_pack_5f\sequences\02-01-07-01-01-02-06.npy,5,2048,6,disgust,6
02-01-07-01-01-02-07,D:\Ravdess\fusion_pack_5f\sequences\02-01-07-01-01-02-07.npy,5,2048,6,disgust,7
02-01-07-01-01-02-08,D:\Ravdess\fusion_pack_5f\sequences\02-01-07-01-01-02-08.npy,5,2048,6,disgust,8
02-01-07-01-01-02-09,D:\Ravdess\fusion_pack_5f\sequences\02-01-07-01-01-02-09.npy,5,2048,6,disgust,9
02-01-07-01-01-02-10,D:\Ravdess\fusion_pack_5f\sequences\02-01-07-01-01-02-10.npy,5,2048,6,disgust,10
02-01-07-01-01-02-11,D:\Ravdess\fusion_pack_5f\sequences\02-01-07-01-01-02-11.npy,5,2048,6,disgust,11
02-01-07-01-01-02-12,D:\Ravdess\fusion_pack_5f\sequences\02-01-07-01-01-02-12.npy,5,2048,6,disgust,12
02-01-07-01-01-02-13,D:\Ravdess\fusion_pack_5f\sequences\02-01-07-01-01-02-13.npy,5,2048,6,disgust,13
02-01-07-01-01-02-14,D:\Ravdess\fusion_pack_5f\sequences\02-01-07-01-01-02-14.npy,5,2048,6,disgust,14
02-01-07-01-01-02-16,D:\Ravdess\fusion_pack_5f\sequences\02-01-07-01-01-02-16.npy,5,2048,6,disgust,16
02-01-07-01-01-02-17,D:\Ravdess\fusion_pack_5f\sequences\02-01-07-01-01-02-17.npy,5,2048,6,disgust,17
02-01-07-01-01-02-18,D:\Ravdess\fusion_pack_5f\sequences\02-01-07-01-01-02-18.npy,5,2048,6,disgust,18
02-01-07-01-01-02-19,D:\Ravdess\fusion_pack_5f\sequences\02-01-07-01-01-02-19.npy,5,2048,6,disgust,19
02-01-07-01-01-02-20,D:\Ravdess\fusion_pack_5f\sequences\02-01-07-01-01-02-20.npy,5,2048,6,disgust,20
02-01-07-01-01-02-21,D:\Ravdess\fusion_pack_5f\sequences\02-01-07-01-01-02-21.npy,5,2048,6,disgust,21
02-01-07-01-01-02-22,D:\Ravdess\fusion_pack_5f\sequences\02-01-07-01-01-02-22.npy,5,2048,6,disgust,22
02-01-07-01-01-02-23,D:\Ravdess\fusion_pack_5f\sequences\02-01-07-01-01-02-23.npy,5,2048,6,disgust,23
02-01-07-01-01-02-24,D:\Ravdess\fusion_pack_5f\sequences\02-01-07-01-01-02-24.npy,5,2048,6,disgust,24
02-01-07-01-02-01-01,D:\Ravdess\fusion_pack_5f\sequences\02-01-07-01-02-01-01.npy,5,2048,6,disgust,1
02-01-07-01-02-01-02,D:\Ravdess\fusion_pack_5f\sequences\02-01-07-01-02-01-02.npy,5,2048,6,disgust,2
02-01-07-01-02-01-03,D:\Ravdess\fusion_pack_5f\sequences\02-01-07-01-02-01-03.npy,5,2048,6,disgust,3
02-01-07-01-02-01-04,D:\Ravdess\fusion_pack_5f\sequences\02-01-07-01-02-01-04.npy,5,2048,6,disgust,4
02-01-07-01-02-01-05,D:\Ravdess\fusion_pack_5f\sequences\02-01-07-01-02-01-05.npy,5,2048,6,disgust,5
02-01-07-01-02-01-06,D:\Ravdess\fusion_pack_5f\sequences\02-01-07-01-02-01-06.npy,5,2048,6,disgust,6
02-01-07-01-02-01-07,D:\Ravdess\fusion_pack_5f\sequences\02-01-07-01-02-01-07.npy,5,2048,6,disgust,7
02-01-07-01-02-01-08,D:\Ravdess\fusion_pack_5f\sequences\02-01-07-01-02-01-08.npy,5,2048,6,disgust,8
02-01-07-01-02-01-09,D:\Ravdess\fusion_pack_5f\sequences\02-01-07-01-02-01-09.npy,5,2048,6,disgust,9
02-01-07-01-02-01-10,D:\Ravdess\fusion_pack_5f\sequences\02-01-07-01-02-01-10.npy,5,2048,6,disgust,10
02-01-07-01-02-01-11,D:\Ravdess\fusion_pack_5f\sequences\02-01-07-01-02-01-11.npy,5,2048,6,disgust,11
02-01-07-01-02-01-12,D:\Ravdess\fusion_pack_5f\sequences\02-01-07-01-02-01-12.npy,5,2048,6,disgust,12
02-01-07-01-02-01-13,D:\Ravdess\fusion_pack_5f\sequences\02-01-07-01-02-01-13.npy,5,2048,6,disgust,13
02-01-07-01-02-01-14,D:\Ravdess\fusion_pack_5f\sequences\02-01-07-01-02-01-14.npy,5,2048,6,disgust,14
02-01-07-01-02-01-16,D:\Ravdess\fusion_pack_5f\sequences\02-01-07-01-02-01-16.npy,5,2048,6,disgust,16
02-01-07-01-02-01-17,D:\Ravdess\fusion_pack_5f\sequences\02-01-07-01-02-01-17.npy,5,2048,6,disgust,17
02-01-07-01-02-01-18,D:\Ravdess\fusion_pack_5f\sequences\02-01-07-01-02-01-18.npy,5,2048,6,disgust,18
02-01-07-01-02-01-19,D:\Ravdess\fusion_pack_5f\sequences\02-01-07-01-02-01-19.npy,5,2048,6,disgust,19
02-01-07-01-02-01-20,D:\Ravdess\fusion_pack_5f\sequences\02-01-07-01-02-01-20.npy,5,2048,6,disgust,20
02-01-07-01-02-01-21,D:\Ravdess\fusion_pack_5f\sequences\02-01-07-01-02-01-21.npy,5,2048,6,disgust,21
02-01-07-01-02-01-22,D:\Ravdess\fusion_pack_5f\sequences\02-01-07-01-02-01-22.npy,5,2048,6,disgust,22
02-01-07-01-02-01-23,D:\Ravdess\fusion_pack_5f\sequences\02-01-07-01-02-01-23.npy,5,2048,6,disgust,23
02-01-07-01-02-01-24,D:\Ravdess\fusion_pack_5f\sequences\02-01-07-01-02-01-24.npy,5,2048,6,disgust,24
02-01-07-01-02-02-01,D:\Ravdess\fusion_pack_5f\sequences\02-01-07-01-02-02-01.npy,5,2048,6,disgust,1
02-01-07-01-02-02-02,D:\Ravdess\fusion_pack_5f\sequences\02-01-07-01-02-02-02.npy,5,2048,6,disgust,2
02-01-07-01-02-02-03,D:\Ravdess\fusion_pack_5f\sequences\02-01-07-01-02-02-03.npy,5,2048,6,disgust,3
02-01-07-01-02-02-04,D:\Ravdess\fusion_pack_5f\sequences\02-01-07-01-02-02-04.npy,5,2048,6,disgust,4
02-01-07-01-02-02-05,D:\Ravdess\fusion_pack_5f\sequences\02-01-07-01-02-02-05.npy,5,2048,6,disgust,5
02-01-07-01-02-02-06,D:\Ravdess\fusion_pack_5f\sequences\02-01-07-01-02-02-06.npy,5,2048,6,disgust,6
02-01-07-01-02-02-07,D:\Ravdess\fusion_pack_5f\sequences\02-01-07-01-02-02-07.npy,5,2048,6,disgust,7
02-01-07-01-02-02-08,D:\Ravdess\fusion_pack_5f\sequences\02-01-07-01-02-02-08.npy,5,2048,6,disgust,8
02-01-07-01-02-02-09,D:\Ravdess\fusion_pack_5f\sequences\02-01-07-01-02-02-09.npy,5,2048,6,disgust,9
02-01-07-01-02-02-10,D:\Ravdess\fusion_pack_5f\sequences\02-01-07-01-02-02-10.npy,5,2048,6,disgust,10
02-01-07-01-02-02-11,D:\Ravdess\fusion_pack_5f\sequences\02-01-07-01-02-02-11.npy,5,2048,6,disgust,11
02-01-07-01-02-02-12,D:\Ravdess\fusion_pack_5f\sequences\02-01-07-01-02-02-12.npy,5,2048,6,disgust,12
02-01-07-01-02-02-13,D:\Ravdess\fusion_pack_5f\sequences\02-01-07-01-02-02-13.npy,5,2048,6,disgust,13
02-01-07-01-02-02-14,D:\Ravdess\fusion_pack_5f\sequences\02-01-07-01-02-02-14.npy,5,2048,6,disgust,14
02-01-07-01-02-02-16,D:\Ravdess\fusion_pack_5f\sequences\02-01-07-01-02-02-16.npy,5,2048,6,disgust,16
02-01-07-01-02-02-17,D:\Ravdess\fusion_pack_5f\sequences\02-01-07-01-02-02-17.npy,5,2048,6,disgust,17
02-01-07-01-02-02-18,D:\Ravdess\fusion_pack_5f\sequences\02-01-07-01-02-02-18.npy,5,2048,6,disgust,18
02-01-07-01-02-02-19,D:\Ravdess\fusion_pack_5f\sequences\02-01-07-01-02-02-19.npy,5,2048,6,disgust,19
02-01-07-01-02-02-20,D:\Ravdess\fusion_pack_5f\sequences\02-01-07-01-02-02-20.npy,5,2048,6,disgust,20
02-01-07-01-02-02-21,D:\Ravdess\fusion_pack_5f\sequences\02-01-07-01-02-02-21.npy,5,2048,6,disgust,21
02-01-07-01-02-02-22,D:\Ravdess\fusion_pack_5f\sequences\02-01-07-01-02-02-22.npy,5,2048,6,disgust,22
02-01-07-01-02-02-23,D:\Ravdess\fusion_pack_5f\sequences\02-01-07-01-02-02-23.npy,5,2048,6,disgust,23
02-01-07-01-02-02-24,D:\Ravdess\fusion_pack_5f\sequences\02-01-07-01-02-02-24.npy,5,2048,6,disgust,24
02-01-07-02-01-01-01,D:\Ravdess\fusion_pack_5f\sequences\02-01-07-02-01-01-01.npy,5,2048,6,disgust,1
02-01-07-02-01-01-02,D:\Ravdess\fusion_pack_5f\sequences\02-01-07-02-01-01-02.npy,5,2048,6,disgust,2
02-01-07-02-01-01-03,D:\Ravdess\fusion_pack_5f\sequences\02-01-07-02-01-01-03.npy,5,2048,6,disgust,3
02-01-07-02-01-01-04,D:\Ravdess\fusion_pack_5f\sequences\02-01-07-02-01-01-04.npy,5,2048,6,disgust,4
02-01-07-02-01-01-05,D:\Ravdess\fusion_pack_5f\sequences\02-01-07-02-01-01-05.npy,5,2048,6,disgust,5
02-01-07-02-01-01-06,D:\Ravdess\fusion_pack_5f\sequences\02-01-07-02-01-01-06.npy,5,2048,6,disgust,6
02-01-07-02-01-01-07,D:\Ravdess\fusion_pack_5f\sequences\02-01-07-02-01-01-07.npy,5,2048,6,disgust,7
02-01-07-02-01-01-08,D:\Ravdess\fusion_pack_5f\sequences\02-01-07-02-01-01-08.npy,5,2048,6,disgust,8
02-01-07-02-01-01-09,D:\Ravdess\fusion_pack_5f\sequences\02-01-07-02-01-01-09.npy,5,2048,6,disgust,9
02-01-07-02-01-01-10,D:\Ravdess\fusion_pack_5f\sequences\02-01-07-02-01-01-10.npy,5,2048,6,disgust,10
02-01-07-02-01-01-11,D:\Ravdess\fusion_pack_5f\sequences\02-01-07-02-01-01-11.npy,5,2048,6,disgust,11
02-01-07-02-01-01-12,D:\Ravdess\fusion_pack_5f\sequences\02-01-07-02-01-01-12.npy,5,2048,6,disgust,12
02-01-07-02-01-01-13,D:\Ravdess\fusion_pack_5f\sequences\02-01-07-02-01-01-13.npy,5,2048,6,disgust,13
02-01-07-02-01-01-14,D:\Ravdess\fusion_pack_5f\sequences\02-01-07-02-01-01-14.npy,5,2048,6,disgust,14
02-01-07-02-01-01-16,D:\Ravdess\fusion_pack_5f\sequences\02-01-07-02-01-01-16.npy,5,2048,6,disgust,16
02-01-07-02-01-01-17,D:\Ravdess\fusion_pack_5f\sequences\02-01-07-02-01-01-17.npy,5,2048,6,disgust,17
02-01-07-02-01-01-18,D:\Ravdess\fusion_pack_5f\sequences\02-01-07-02-01-01-18.npy,5,2048,6,disgust,18
02-01-07-02-01-01-19,D:\Ravdess\fusion_pack_5f\sequences\02-01-07-02-01-01-19.npy,5,2048,6,disgust,19
02-01-07-02-01-01-20,D:\Ravdess\fusion_pack_5f\sequences\02-01-07-02-01-01-20.npy,5,2048,6,disgust,20
02-01-07-02-01-01-21,D:\Ravdess\fusion_pack_5f\sequences\02-01-07-02-01-01-21.npy,5,2048,6,disgust,21
02-01-07-02-01-01-22,D:\Ravdess\fusion_pack_5f\sequences\02-01-07-02-01-01-22.npy,5,2048,6,disgust,22
02-01-07-02-01-01-23,D:\Ravdess\fusion_pack_5f\sequences\02-01-07-02-01-01-23.npy,5,2048,6,disgust,23
02-01-07-02-01-01-24,D:\Ravdess\fusion_pack_5f\sequences\02-01-07-02-01-01-24.npy,5,2048,6,disgust,24
02-01-07-02-01-02-01,D:\Ravdess\fusion_pack_5f\sequences\02-01-07-02-01-02-01.npy,5,2048,6,disgust,1
02-01-07-02-01-02-02,D:\Ravdess\fusion_pack_5f\sequences\02-01-07-02-01-02-02.npy,5,2048,6,disgust,2
02-01-07-02-01-02-03,D:\Ravdess\fusion_pack_5f\sequences\02-01-07-02-01-02-03.npy,5,2048,6,disgust,3
02-01-07-02-01-02-04,D:\Ravdess\fusion_pack_5f\sequences\02-01-07-02-01-02-04.npy,5,2048,6,disgust,4
02-01-07-02-01-02-05,D:\Ravdess\fusion_pack_5f\sequences\02-01-07-02-01-02-05.npy,5,2048,6,disgust,5
02-01-07-02-01-02-06,D:\Ravdess\fusion_pack_5f\sequences\02-01-07-02-01-02-06.npy,5,2048,6,disgust,6
02-01-07-02-01-02-07,D:\Ravdess\fusion_pack_5f\sequences\02-01-07-02-01-02-07.npy,5,2048,6,disgust,7
02-01-07-02-01-02-08,D:\Ravdess\fusion_pack_5f\sequences\02-01-07-02-01-02-08.npy,5,2048,6,disgust,8
02-01-07-02-01-02-09,D:\Ravdess\fusion_pack_5f\sequences\02-01-07-02-01-02-09.npy,5,2048,6,disgust,9
02-01-07-02-01-02-10,D:\Ravdess\fusion_pack_5f\sequences\02-01-07-02-01-02-10.npy,5,2048,6,disgust,10
02-01-07-02-01-02-11,D:\Ravdess\fusion_pack_5f\sequences\02-01-07-02-01-02-11.npy,5,2048,6,disgust,11
02-01-07-02-01-02-12,D:\Ravdess\fusion_pack_5f\sequences\02-01-07-02-01-02-12.npy,5,2048,6,disgust,12
02-01-07-02-01-02-13,D:\Ravdess\fusion_pack_5f\sequences\02-01-07-02-01-02-13.npy,5,2048,6,disgust,13
02-01-07-02-01-02-14,D:\Ravdess\fusion_pack_5f\sequences\02-01-07-02-01-02-14.npy,5,2048,6,disgust,14
02-01-07-02-01-02-16,D:\Ravdess\fusion_pack_5f\sequences\02-01-07-02-01-02-16.npy,5,2048,6,disgust,16
02-01-07-02-01-02-17,D:\Ravdess\fusion_pack_5f\sequences\02-01-07-02-01-02-17.npy,5,2048,6,disgust,17
02-01-07-02-01-02-18,D:\Ravdess\fusion_pack_5f\sequences\02-01-07-02-01-02-18.npy,5,2048,6,disgust,18
02-01-07-02-01-02-19,D:\Ravdess\fusion_pack_5f\sequences\02-01-07-02-01-02-19.npy,5,2048,6,disgust,19
02-01-07-02-01-02-20,D:\Ravdess\fusion_pack_5f\sequences\02-01-07-02-01-02-20.npy,5,2048,6,disgust,20
02-01-07-02-01-02-21,D:\Ravdess\fusion_pack_5f\sequences\02-01-07-02-01-02-21.npy,5,2048,6,disgust,21
02-01-07-02-01-02-22,D:\Ravdess\fusion_pack_5f\sequences\02-01-07-02-01-02-22.npy,5,2048,6,disgust,22
02-01-07-02-01-02-23,D:\Ravdess\fusion_pack_5f\sequences\02-01-07-02-01-02-23.npy,5,2048,6,disgust,23
02-01-07-02-01-02-24,D:\Ravdess\fusion_pack_5f\sequences\02-01-07-02-01-02-24.npy,5,2048,6,disgust,24
02-01-07-02-02-01-01,D:\Ravdess\fusion_pack_5f\sequences\02-01-07-02-02-01-01.npy,5,2048,6,disgust,1
02-01-07-02-02-01-02,D:\Ravdess\fusion_pack_5f\sequences\02-01-07-02-02-01-02.npy,5,2048,6,disgust,2
02-01-07-02-02-01-03,D:\Ravdess\fusion_pack_5f\sequences\02-01-07-02-02-01-03.npy,5,2048,6,disgust,3
02-01-07-02-02-01-04,D:\Ravdess\fusion_pack_5f\sequences\02-01-07-02-02-01-04.npy,5,2048,6,disgust,4
02-01-07-02-02-01-05,D:\Ravdess\fusion_pack_5f\sequences\02-01-07-02-02-01-05.npy,5,2048,6,disgust,5
02-01-07-02-02-01-06,D:\Ravdess\fusion_pack_5f\sequences\02-01-07-02-02-01-06.npy,5,2048,6,disgust,6
02-01-07-02-02-01-07,D:\Ravdess\fusion_pack_5f\sequences\02-01-07-02-02-01-07.npy,5,2048,6,disgust,7
02-01-07-02-02-01-08,D:\Ravdess\fusion_pack_5f\sequences\02-01-07-02-02-01-08.npy,5,2048,6,disgust,8
02-01-07-02-02-01-09,D:\Ravdess\fusion_pack_5f\sequences\02-01-07-02-02-01-09.npy,5,2048,6,disgust,9
02-01-07-02-02-01-10,D:\Ravdess\fusion_pack_5f\sequences\02-01-07-02-02-01-10.npy,5,2048,6,disgust,10
02-01-07-02-02-01-11,D:\Ravdess\fusion_pack_5f\sequences\02-01-07-02-02-01-11.npy,5,2048,6,disgust,11
02-01-07-02-02-01-12,D:\Ravdess\fusion_pack_5f\sequences\02-01-07-02-02-01-12.npy,5,2048,6,disgust,12
02-01-07-02-02-01-13,D:\Ravdess\fusion_pack_5f\sequences\02-01-07-02-02-01-13.npy,5,2048,6,disgust,13
02-01-07-02-02-01-14,D:\Ravdess\fusion_pack_5f\sequences\02-01-07-02-02-01-14.npy,5,2048,6,disgust,14
02-01-07-02-02-01-16,D:\Ravdess\fusion_pack_5f\sequences\02-01-07-02-02-01-16.npy,5,2048,6,disgust,16
02-01-07-02-02-01-17,D:\Ravdess\fusion_pack_5f\sequences\02-01-07-02-02-01-17.npy,5,2048,6,disgust,17
02-01-07-02-02-01-18,D:\Ravdess\fusion_pack_5f\sequences\02-01-07-02-02-01-18.npy,5,2048,6,disgust,18
02-01-07-02-02-01-19,D:\Ravdess\fusion_pack_5f\sequences\02-01-07-02-02-01-19.npy,5,2048,6,disgust,19
02-01-07-02-02-01-20,D:\Ravdess\fusion_pack_5f\sequences\02-01-07-02-02-01-20.npy,5,2048,6,disgust,20
02-01-07-02-02-01-21,D:\Ravdess\fusion_pack_5f\sequences\02-01-07-02-02-01-21.npy,5,2048,6,disgust,21
02-01-07-02-02-01-22,D:\Ravdess\fusion_pack_5f\sequences\02-01-07-02-02-01-22.npy,5,2048,6,disgust,22
02-01-07-02-02-01-23,D:\Ravdess\fusion_pack_5f\sequences\02-01-07-02-02-01-23.npy,5,2048,6,disgust,23
02-01-07-02-02-01-24,D:\Ravdess\fusion_pack_5f\sequences\02-01-07-02-02-01-24.npy,5,2048,6,disgust,24
02-01-07-02-02-02-01,D:\Ravdess\fusion_pack_5f\sequences\02-01-07-02-02-02-01.npy,5,2048,6,disgust,1
02-01-07-02-02-02-02,D:\Ravdess\fusion_pack_5f\sequences\02-01-07-02-02-02-02.npy,5,2048,6,disgust,2
02-01-07-02-02-02-03,D:\Ravdess\fusion_pack_5f\sequences\02-01-07-02-02-02-03.npy,5,2048,6,disgust,3
02-01-07-02-02-02-04,D:\Ravdess\fusion_pack_5f\sequences\02-01-07-02-02-02-04.npy,5,2048,6,disgust,4
02-01-07-02-02-02-05,D:\Ravdess\fusion_pack_5f\sequences\02-01-07-02-02-02-05.npy,5,2048,6,disgust,5
02-01-07-02-02-02-06,D:\Ravdess\fusion_pack_5f\sequences\02-01-07-02-02-02-06.npy,5,2048,6,disgust,6
02-01-07-02-02-02-07,D:\Ravdess\fusion_pack_5f\sequences\02-01-07-02-02-02-07.npy,5,2048,6,disgust,7
02-01-07-02-02-02-08,D:\Ravdess\fusion_pack_5f\sequences\02-01-07-02-02-02-08.npy,5,2048,6,disgust,8
02-01-07-02-02-02-09,D:\Ravdess\fusion_pack_5f\sequences\02-01-07-02-02-02-09.npy,5,2048,6,disgust,9
02-01-07-02-02-02-10,D:\Ravdess\fusion_pack_5f\sequences\02-01-07-02-02-02-10.npy,5,2048,6,disgust,10
02-01-07-02-02-02-11,D:\Ravdess\fusion_pack_5f\sequences\02-01-07-02-02-02-11.npy,5,2048,6,disgust,11
02-01-07-02-02-02-12,D:\Ravdess\fusion_pack_5f\sequences\02-01-07-02-02-02-12.npy,5,2048,6,disgust,12
02-01-07-02-02-02-13,D:\Ravdess\fusion_pack_5f\sequences\02-01-07-02-02-02-13.npy,5,2048,6,disgust,13
02-01-07-02-02-02-14,D:\Ravdess\fusion_pack_5f\sequences\02-01-07-02-02-02-14.npy,5,2048,6,disgust,14
02-01-07-02-02-02-16,D:\Ravdess\fusion_pack_5f\sequences\02-01-07-02-02-02-16.npy,5,2048,6,disgust,16
02-01-07-02-02-02-18,D:\Ravdess\fusion_pack_5f\sequences\02-01-07-02-02-02-18.npy,5,2048,6,disgust,18
02-01-07-02-02-02-19,D:\Ravdess\fusion_pack_5f\sequences\02-01-07-02-02-02-19.npy,5,2048,6,disgust,19
02-01-07-02-02-02-20,D:\Ravdess\fusion_pack_5f\sequences\02-01-07-02-02-02-20.npy,5,2048,6,disgust,20
02-01-07-02-02-02-21,D:\Ravdess\fusion_pack_5f\sequences\02-01-07-02-02-02-21.npy,5,2048,6,disgust,21
02-01-07-02-02-02-22,D:\Ravdess\fusion_pack_5f\sequences\02-01-07-02-02-02-22.npy,5,2048,6,disgust,22
02-01-07-02-02-02-23,D:\Ravdess\fusion_pack_5f\sequences\02-01-07-02-02-02-23.npy,5,2048,6,disgust,23
02-01-07-02-02-02-24,D:\Ravdess\fusion_pack_5f\sequences\02-01-07-02-02-02-24.npy,5,2048,6,disgust,24
02-01-08-01-01-01-01,D:\Ravdess\fusion_pack_5f\sequences\02-01-08-01-01-01-01.npy,5,2048,7,surprise,1
02-01-08-01-01-01-02,D:\Ravdess\fusion_pack_5f\sequences\02-01-08-01-01-01-02.npy,5,2048,7,surprise,2
02-01-08-01-01-01-03,D:\Ravdess\fusion_pack_5f\sequences\02-01-08-01-01-01-03.npy,5,2048,7,surprise,3
02-01-08-01-01-01-04,D:\Ravdess\fusion_pack_5f\sequences\02-01-08-01-01-01-04.npy,5,2048,7,surprise,4
02-01-08-01-01-01-05,D:\Ravdess\fusion_pack_5f\sequences\02-01-08-01-01-01-05.npy,5,2048,7,surprise,5
02-01-08-01-01-01-06,D:\Ravdess\fusion_pack_5f\sequences\02-01-08-01-01-01-06.npy,5,2048,7,surprise,6
02-01-08-01-01-01-07,D:\Ravdess\fusion_pack_5f\sequences\02-01-08-01-01-01-07.npy,5,2048,7,surprise,7
02-01-08-01-01-01-08,D:\Ravdess\fusion_pack_5f\sequences\02-01-08-01-01-01-08.npy,5,2048,7,surprise,8
02-01-08-01-01-01-09,D:\Ravdess\fusion_pack_5f\sequences\02-01-08-01-01-01-09.npy,5,2048,7,surprise,9
02-01-08-01-01-01-10,D:\Ravdess\fusion_pack_5f\sequences\02-01-08-01-01-01-10.npy,5,2048,7,surprise,10
02-01-08-01-01-01-11,D:\Ravdess\fusion_pack_5f\sequences\02-01-08-01-01-01-11.npy,5,2048,7,surprise,11
02-01-08-01-01-01-12,D:\Ravdess\fusion_pack_5f\sequences\02-01-08-01-01-01-12.npy,5,2048,7,surprise,12
02-01-08-01-01-01-13,D:\Ravdess\fusion_pack_5f\sequences\02-01-08-01-01-01-13.npy,5,2048,7,surprise,13
02-01-08-01-01-01-14,D:\Ravdess\fusion_pack_5f\sequences\02-01-08-01-01-01-14.npy,5,2048,7,surprise,14
02-01-08-01-01-01-16,D:\Ravdess\fusion_pack_5f\sequences\02-01-08-01-01-01-16.npy,5,2048,7,surprise,16
02-01-08-01-01-01-17,D:\Ravdess\fusion_pack_5f\sequences\02-01-08-01-01-01-17.npy,5,2048,7,surprise,17
02-01-08-01-01-01-18,D:\Ravdess\fusion_pack_5f\sequences\02-01-08-01-01-01-18.npy,5,2048,7,surprise,18
02-01-08-01-01-01-19,D:\Ravdess\fusion_pack_5f\sequences\02-01-08-01-01-01-19.npy,5,2048,7,surprise,19
02-01-08-01-01-01-20,D:\Ravdess\fusion_pack_5f\sequences\02-01-08-01-01-01-20.npy,5,2048,7,surprise,20
02-01-08-01-01-01-21,D:\Ravdess\fusion_pack_5f\sequences\02-01-08-01-01-01-21.npy,5,2048,7,surprise,21
02-01-08-01-01-01-22,D:\Ravdess\fusion_pack_5f\sequences\02-01-08-01-01-01-22.npy,5,2048,7,surprise,22
02-01-08-01-01-01-23,D:\Ravdess\fusion_pack_5f\sequences\02-01-08-01-01-01-23.npy,5,2048,7,surprise,23
02-01-08-01-01-01-24,D:\Ravdess\fusion_pack_5f\sequences\02-01-08-01-01-01-24.npy,5,2048,7,surprise,24
02-01-08-01-01-02-01,D:\Ravdess\fusion_pack_5f\sequences\02-01-08-01-01-02-01.npy,5,2048,7,surprise,1
02-01-08-01-01-02-02,D:\Ravdess\fusion_pack_5f\sequences\02-01-08-01-01-02-02.npy,5,2048,7,surprise,2
02-01-08-01-01-02-03,D:\Ravdess\fusion_pack_5f\sequences\02-01-08-01-01-02-03.npy,5,2048,7,surprise,3
02-01-08-01-01-02-04,D:\Ravdess\fusion_pack_5f\sequences\02-01-08-01-01-02-04.npy,5,2048,7,surprise,4
02-01-08-01-01-02-05,D:\Ravdess\fusion_pack_5f\sequences\02-01-08-01-01-02-05.npy,5,2048,7,surprise,5
02-01-08-01-01-02-06,D:\Ravdess\fusion_pack_5f\sequences\02-01-08-01-01-02-06.npy,5,2048,7,surprise,6
02-01-08-01-01-02-07,D:\Ravdess\fusion_pack_5f\sequences\02-01-08-01-01-02-07.npy,5,2048,7,surprise,7
02-01-08-01-01-02-08,D:\Ravdess\fusion_pack_5f\sequences\02-01-08-01-01-02-08.npy,5,2048,7,surprise,8
02-01-08-01-01-02-09,D:\Ravdess\fusion_pack_5f\sequences\02-01-08-01-01-02-09.npy,5,2048,7,surprise,9
02-01-08-01-01-02-10,D:\Ravdess\fusion_pack_5f\sequences\02-01-08-01-01-02-10.npy,5,2048,7,surprise,10
02-01-08-01-01-02-11,D:\Ravdess\fusion_pack_5f\sequences\02-01-08-01-01-02-11.npy,5,2048,7,surprise,11
02-01-08-01-01-02-12,D:\Ravdess\fusion_pack_5f\sequences\02-01-08-01-01-02-12.npy,5,2048,7,surprise,12
02-01-08-01-01-02-13,D:\Ravdess\fusion_pack_5f\sequences\02-01-08-01-01-02-13.npy,5,2048,7,surprise,13
02-01-08-01-01-02-14,D:\Ravdess\fusion_pack_5f\sequences\02-01-08-01-01-02-14.npy,5,2048,7,surprise,14
02-01-08-01-01-02-16,D:\Ravdess\fusion_pack_5f\sequences\02-01-08-01-01-02-16.npy,5,2048,7,surprise,16
02-01-08-01-01-02-17,D:\Ravdess\fusion_pack_5f\sequences\02-01-08-01-01-02-17.npy,5,2048,7,surprise,17
02-01-08-01-01-02-18,D:\Ravdess\fusion_pack_5f\sequences\02-01-08-01-01-02-18.npy,5,2048,7,surprise,18
02-01-08-01-01-02-19,D:\Ravdess\fusion_pack_5f\sequences\02-01-08-01-01-02-19.npy,5,2048,7,surprise,19
02-01-08-01-01-02-20,D:\Ravdess\fusion_pack_5f\sequences\02-01-08-01-01-02-20.npy,5,2048,7,surprise,20
02-01-08-01-01-02-21,D:\Ravdess\fusion_pack_5f\sequences\02-01-08-01-01-02-21.npy,5,2048,7,surprise,21
02-01-08-01-01-02-22,D:\Ravdess\fusion_pack_5f\sequences\02-01-08-01-01-02-22.npy,5,2048,7,surprise,22
02-01-08-01-01-02-23,D:\Ravdess\fusion_pack_5f\sequences\02-01-08-01-01-02-23.npy,5,2048,7,surprise,23
02-01-08-01-01-02-24,D:\Ravdess\fusion_pack_5f\sequences\02-01-08-01-01-02-24.npy,5,2048,7,surprise,24
02-01-08-01-02-01-01,D:\Ravdess\fusion_pack_5f\sequences\02-01-08-01-02-01-01.npy,5,2048,7,surprise,1
02-01-08-01-02-01-02,D:\Ravdess\fusion_pack_5f\sequences\02-01-08-01-02-01-02.npy,5,2048,7,surprise,2
02-01-08-01-02-01-03,D:\Ravdess\fusion_pack_5f\sequences\02-01-08-01-02-01-03.npy,5,2048,7,surprise,3
02-01-08-01-02-01-04,D:\Ravdess\fusion_pack_5f\sequences\02-01-08-01-02-01-04.npy,5,2048,7,surprise,4
02-01-08-01-02-01-05,D:\Ravdess\fusion_pack_5f\sequences\02-01-08-01-02-01-05.npy,5,2048,7,surprise,5
02-01-08-01-02-01-06,D:\Ravdess\fusion_pack_5f\sequences\02-01-08-01-02-01-06.npy,5,2048,7,surprise,6
02-01-08-01-02-01-07,D:\Ravdess\fusion_pack_5f\sequences\02-01-08-01-02-01-07.npy,5,2048,7,surprise,7
02-01-08-01-02-01-08,D:\Ravdess\fusion_pack_5f\sequences\02-01-08-01-02-01-08.npy,5,2048,7,surprise,8
02-01-08-01-02-01-09,D:\Ravdess\fusion_pack_5f\sequences\02-01-08-01-02-01-09.npy,5,2048,7,surprise,9
02-01-08-01-02-01-10,D:\Ravdess\fusion_pack_5f\sequences\02-01-08-01-02-01-10.npy,5,2048,7,surprise,10
02-01-08-01-02-01-11,D:\Ravdess\fusion_pack_5f\sequences\02-01-08-01-02-01-11.npy,5,2048,7,surprise,11
02-01-08-01-02-01-12,D:\Ravdess\fusion_pack_5f\sequences\02-01-08-01-02-01-12.npy,5,2048,7,surprise,12
02-01-08-01-02-01-13,D:\Ravdess\fusion_pack_5f\sequences\02-01-08-01-02-01-13.npy,5,2048,7,surprise,13
02-01-08-01-02-01-14,D:\Ravdess\fusion_pack_5f\sequences\02-01-08-01-02-01-14.npy,5,2048,7,surprise,14
02-01-08-01-02-01-16,D:\Ravdess\fusion_pack_5f\sequences\02-01-08-01-02-01-16.npy,5,2048,7,surprise,16
02-01-08-01-02-01-17,D:\Ravdess\fusion_pack_5f\sequences\02-01-08-01-02-01-17.npy,5,2048,7,surprise,17
02-01-08-01-02-01-18,D:\Ravdess\fusion_pack_5f\sequences\02-01-08-01-02-01-18.npy,5,2048,7,surprise,18
02-01-08-01-02-01-19,D:\Ravdess\fusion_pack_5f\sequences\02-01-08-01-02-01-19.npy,5,2048,7,surprise,19
02-01-08-01-02-01-20,D:\Ravdess\fusion_pack_5f\sequences\02-01-08-01-02-01-20.npy,5,2048,7,surprise,20
02-01-08-01-02-01-21,D:\Ravdess\fusion_pack_5f\sequences\02-01-08-01-02-01-21.npy,5,2048,7,surprise,21
02-01-08-01-02-01-22,D:\Ravdess\fusion_pack_5f\sequences\02-01-08-01-02-01-22.npy,5,2048,7,surprise,22
02-01-08-01-02-01-23,D:\Ravdess\fusion_pack_5f\sequences\02-01-08-01-02-01-23.npy,5,2048,7,surprise,23
02-01-08-01-02-01-24,D:\Ravdess\fusion_pack_5f\sequences\02-01-08-01-02-01-24.npy,5,2048,7,surprise,24
02-01-08-01-02-02-01,D:\Ravdess\fusion_pack_5f\sequences\02-01-08-01-02-02-01.npy,5,2048,7,surprise,1
02-01-08-01-02-02-02,D:\Ravdess\fusion_pack_5f\sequences\02-01-08-01-02-02-02.npy,5,2048,7,surprise,2
02-01-08-01-02-02-03,D:\Ravdess\fusion_pack_5f\sequences\02-01-08-01-02-02-03.npy,5,2048,7,surprise,3
02-01-08-01-02-02-04,D:\Ravdess\fusion_pack_5f\sequences\02-01-08-01-02-02-04.npy,5,2048,7,surprise,4
02-01-08-01-02-02-05,D:\Ravdess\fusion_pack_5f\sequences\02-01-08-01-02-02-05.npy,5,2048,7,surprise,5
02-01-08-01-02-02-06,D:\Ravdess\fusion_pack_5f\sequences\02-01-08-01-02-02-06.npy,5,2048,7,surprise,6
02-01-08-01-02-02-07,D:\Ravdess\fusion_pack_5f\sequences\02-01-08-01-02-02-07.npy,5,2048,7,surprise,7
02-01-08-01-02-02-08,D:\Ravdess\fusion_pack_5f\sequences\02-01-08-01-02-02-08.npy,5,2048,7,surprise,8
02-01-08-01-02-02-09,D:\Ravdess\fusion_pack_5f\sequences\02-01-08-01-02-02-09.npy,5,2048,7,surprise,9
02-01-08-01-02-02-10,D:\Ravdess\fusion_pack_5f\sequences\02-01-08-01-02-02-10.npy,5,2048,7,surprise,10
02-01-08-01-02-02-11,D:\Ravdess\fusion_pack_5f\sequences\02-01-08-01-02-02-11.npy,5,2048,7,surprise,11
02-01-08-01-02-02-12,D:\Ravdess\fusion_pack_5f\sequences\02-01-08-01-02-02-12.npy,5,2048,7,surprise,12
02-01-08-01-02-02-13,D:\Ravdess\fusion_pack_5f\sequences\02-01-08-01-02-02-13.npy,5,2048,7,surprise,13
02-01-08-01-02-02-14,D:\Ravdess\fusion_pack_5f\sequences\02-01-08-01-02-02-14.npy,5,2048,7,surprise,14
02-01-08-01-02-02-16,D:\Ravdess\fusion_pack_5f\sequences\02-01-08-01-02-02-16.npy,5,2048,7,surprise,16
02-01-08-01-02-02-17,D:\Ravdess\fusion_pack_5f\sequences\02-01-08-01-02-02-17.npy,5,2048,7,surprise,17
02-01-08-01-02-02-18,D:\Ravdess\fusion_pack_5f\sequences\02-01-08-01-02-02-18.npy,5,2048,7,surprise,18
02-01-08-01-02-02-19,D:\Ravdess\fusion_pack_5f\sequences\02-01-08-01-02-02-19.npy,5,2048,7,surprise,19
02-01-08-01-02-02-20,D:\Ravdess\fusion_pack_5f\sequences\02-01-08-01-02-02-20.npy,5,2048,7,surprise,20
02-01-08-01-02-02-21,D:\Ravdess\fusion_pack_5f\sequences\02-01-08-01-02-02-21.npy,5,2048,7,surprise,21
02-01-08-01-02-02-22,D:\Ravdess\fusion_pack_5f\sequences\02-01-08-01-02-02-22.npy,5,2048,7,surprise,22
02-01-08-01-02-02-23,D:\Ravdess\fusion_pack_5f\sequences\02-01-08-01-02-02-23.npy,5,2048,7,surprise,23
02-01-08-01-02-02-24,D:\Ravdess\fusion_pack_5f\sequences\02-01-08-01-02-02-24.npy,5,2048,7,surprise,24
02-01-08-02-01-01-01,D:\Ravdess\fusion_pack_5f\sequences\02-01-08-02-01-01-01.npy,5,2048,7,surprise,1
02-01-08-02-01-01-02,D:\Ravdess\fusion_pack_5f\sequences\02-01-08-02-01-01-02.npy,5,2048,7,surprise,2
02-01-08-02-01-01-03,D:\Ravdess\fusion_pack_5f\sequences\02-01-08-02-01-01-03.npy,5,2048,7,surprise,3
02-01-08-02-01-01-04,D:\Ravdess\fusion_pack_5f\sequences\02-01-08-02-01-01-04.npy,5,2048,7,surprise,4
02-01-08-02-01-01-05,D:\Ravdess\fusion_pack_5f\sequences\02-01-08-02-01-01-05.npy,5,2048,7,surprise,5
02-01-08-02-01-01-06,D:\Ravdess\fusion_pack_5f\sequences\02-01-08-02-01-01-06.npy,5,2048,7,surprise,6
02-01-08-02-01-01-07,D:\Ravdess\fusion_pack_5f\sequences\02-01-08-02-01-01-07.npy,5,2048,7,surprise,7
02-01-08-02-01-01-08,D:\Ravdess\fusion_pack_5f\sequences\02-01-08-02-01-01-08.npy,5,2048,7,surprise,8
02-01-08-02-01-01-09,D:\Ravdess\fusion_pack_5f\sequences\02-01-08-02-01-01-09.npy,5,2048,7,surprise,9
02-01-08-02-01-01-10,D:\Ravdess\fusion_pack_5f\sequences\02-01-08-02-01-01-10.npy,5,2048,7,surprise,10
02-01-08-02-01-01-11,D:\Ravdess\fusion_pack_5f\sequences\02-01-08-02-01-01-11.npy,5,2048,7,surprise,11
02-01-08-02-01-01-12,D:\Ravdess\fusion_pack_5f\sequences\02-01-08-02-01-01-12.npy,5,2048,7,surprise,12
02-01-08-02-01-01-13,D:\Ravdess\fusion_pack_5f\sequences\02-01-08-02-01-01-13.npy,5,2048,7,surprise,13
02-01-08-02-01-01-14,D:\Ravdess\fusion_pack_5f\sequences\02-01-08-02-01-01-14.npy,5,2048,7,surprise,14
02-01-08-02-01-01-16,D:\Ravdess\fusion_pack_5f\sequences\02-01-08-02-01-01-16.npy,5,2048,7,surprise,16
02-01-08-02-01-01-17,D:\Ravdess\fusion_pack_5f\sequences\02-01-08-02-01-01-17.npy,5,2048,7,surprise,17
02-01-08-02-01-01-18,D:\Ravdess\fusion_pack_5f\sequences\02-01-08-02-01-01-18.npy,5,2048,7,surprise,18
02-01-08-02-01-01-19,D:\Ravdess\fusion_pack_5f\sequences\02-01-08-02-01-01-19.npy,5,2048,7,surprise,19
02-01-08-02-01-01-20,D:\Ravdess\fusion_pack_5f\sequences\02-01-08-02-01-01-20.npy,5,2048,7,surprise,20
02-01-08-02-01-01-21,D:\Ravdess\fusion_pack_5f\sequences\02-01-08-02-01-01-21.npy,5,2048,7,surprise,21
02-01-08-02-01-01-22,D:\Ravdess\fusion_pack_5f\sequences\02-01-08-02-01-01-22.npy,5,2048,7,surprise,22
02-01-08-02-01-01-23,D:\Ravdess\fusion_pack_5f\sequences\02-01-08-02-01-01-23.npy,5,2048,7,surprise,23
02-01-08-02-01-01-24,D:\Ravdess\fusion_pack_5f\sequences\02-01-08-02-01-01-24.npy,5,2048,7,surprise,24
02-01-08-02-01-02-01,D:\Ravdess\fusion_pack_5f\sequences\02-01-08-02-01-02-01.npy,5,2048,7,surprise,1
02-01-08-02-01-02-02,D:\Ravdess\fusion_pack_5f\sequences\02-01-08-02-01-02-02.npy,5,2048,7,surprise,2
02-01-08-02-01-02-03,D:\Ravdess\fusion_pack_5f\sequences\02-01-08-02-01-02-03.npy,5,2048,7,surprise,3
02-01-08-02-01-02-04,D:\Ravdess\fusion_pack_5f\sequences\02-01-08-02-01-02-04.npy,5,2048,7,surprise,4
02-01-08-02-01-02-05,D:\Ravdess\fusion_pack_5f\sequences\02-01-08-02-01-02-05.npy,5,2048,7,surprise,5
02-01-08-02-01-02-06,D:\Ravdess\fusion_pack_5f\sequences\02-01-08-02-01-02-06.npy,5,2048,7,surprise,6
02-01-08-02-01-02-07,D:\Ravdess\fusion_pack_5f\sequences\02-01-08-02-01-02-07.npy,5,2048,7,surprise,7
02-01-08-02-01-02-08,D:\Ravdess\fusion_pack_5f\sequences\02-01-08-02-01-02-08.npy,5,2048,7,surprise,8
02-01-08-02-01-02-09,D:\Ravdess\fusion_pack_5f\sequences\02-01-08-02-01-02-09.npy,5,2048,7,surprise,9
02-01-08-02-01-02-10,D:\Ravdess\fusion_pack_5f\sequences\02-01-08-02-01-02-10.npy,5,2048,7,surprise,10
02-01-08-02-01-02-11,D:\Ravdess\fusion_pack_5f\sequences\02-01-08-02-01-02-11.npy,5,2048,7,surprise,11
02-01-08-02-01-02-12,D:\Ravdess\fusion_pack_5f\sequences\02-01-08-02-01-02-12.npy,5,2048,7,surprise,12
02-01-08-02-01-02-13,D:\Ravdess\fusion_pack_5f\sequences\02-01-08-02-01-02-13.npy,5,2048,7,surprise,13
02-01-08-02-01-02-14,D:\Ravdess\fusion_pack_5f\sequences\02-01-08-02-01-02-14.npy,5,2048,7,surprise,14
02-01-08-02-01-02-16,D:\Ravdess\fusion_pack_5f\sequences\02-01-08-02-01-02-16.npy,5,2048,7,surprise,16
02-01-08-02-01-02-17,D:\Ravdess\fusion_pack_5f\sequences\02-01-08-02-01-02-17.npy,5,2048,7,surprise,17
02-01-08-02-01-02-18,D:\Ravdess\fusion_pack_5f\sequences\02-01-08-02-01-02-18.npy,5,2048,7,surprise,18
02-01-08-02-01-02-19,D:\Ravdess\fusion_pack_5f\sequences\02-01-08-02-01-02-19.npy,5,2048,7,surprise,19
02-01-08-02-01-02-20,D:\Ravdess\fusion_pack_5f\sequences\02-01-08-02-01-02-20.npy,5,2048,7,surprise,20
02-01-08-02-01-02-21,D:\Ravdess\fusion_pack_5f\sequences\02-01-08-02-01-02-21.npy,5,2048,7,surprise,21
02-01-08-02-01-02-22,D:\Ravdess\fusion_pack_5f\sequences\02-01-08-02-01-02-22.npy,5,2048,7,surprise,22
02-01-08-02-01-02-23,D:\Ravdess\fusion_pack_5f\sequences\02-01-08-02-01-02-23.npy,5,2048,7,surprise,23
02-01-08-02-01-02-24,D:\Ravdess\fusion_pack_5f\sequences\02-01-08-02-01-02-24.npy,5,2048,7,surprise,24
02-01-08-02-02-01-01,D:\Ravdess\fusion_pack_5f\sequences\02-01-08-02-02-01-01.npy,5,2048,7,surprise,1
02-01-08-02-02-01-02,D:\Ravdess\fusion_pack_5f\sequences\02-01-08-02-02-01-02.npy,5,2048,7,surprise,2
02-01-08-02-02-01-03,D:\Ravdess\fusion_pack_5f\sequences\02-01-08-02-02-01-03.npy,5,2048,7,surprise,3
02-01-08-02-02-01-04,D:\Ravdess\fusion_pack_5f\sequences\02-01-08-02-02-01-04.npy,5,2048,7,surprise,4
02-01-08-02-02-01-05,D:\Ravdess\fusion_pack_5f\sequences\02-01-08-02-02-01-05.npy,5,2048,7,surprise,5
02-01-08-02-02-01-06,D:\Ravdess\fusion_pack_5f\sequences\02-01-08-02-02-01-06.npy,5,2048,7,surprise,6
02-01-08-02-02-01-07,D:\Ravdess\fusion_pack_5f\sequences\02-01-08-02-02-01-07.npy,5,2048,7,surprise,7
02-01-08-02-02-01-08,D:\Ravdess\fusion_pack_5f\sequences\02-01-08-02-02-01-08.npy,5,2048,7,surprise,8
02-01-08-02-02-01-09,D:\Ravdess\fusion_pack_5f\sequences\02-01-08-02-02-01-09.npy,5,2048,7,surprise,9
02-01-08-02-02-01-10,D:\Ravdess\fusion_pack_5f\sequences\02-01-08-02-02-01-10.npy,5,2048,7,surprise,10
02-01-08-02-02-01-11,D:\Ravdess\fusion_pack_5f\sequences\02-01-08-02-02-01-11.npy,5,2048,7,surprise,11
02-01-08-02-02-01-12,D:\Ravdess\fusion_pack_5f\sequences\02-01-08-02-02-01-12.npy,5,2048,7,surprise,12
02-01-08-02-02-01-13,D:\Ravdess\fusion_pack_5f\sequences\02-01-08-02-02-01-13.npy,5,2048,7,surprise,13
02-01-08-02-02-01-14,D:\Ravdess\fusion_pack_5f\sequences\02-01-08-02-02-01-14.npy,5,2048,7,surprise,14
02-01-08-02-02-01-16,D:\Ravdess\fusion_pack_5f\sequences\02-01-08-02-02-01-16.npy,5,2048,7,surprise,16
02-01-08-02-02-01-17,D:\Ravdess\fusion_pack_5f\sequences\02-01-08-02-02-01-17.npy,5,2048,7,surprise,17
02-01-08-02-02-01-18,D:\Ravdess\fusion_pack_5f\sequences\02-01-08-02-02-01-18.npy,5,2048,7,surprise,18
02-01-08-02-02-01-19,D:\Ravdess\fusion_pack_5f\sequences\02-01-08-02-02-01-19.npy,5,2048,7,surprise,19
02-01-08-02-02-01-20,D:\Ravdess\fusion_pack_5f\sequences\02-01-08-02-02-01-20.npy,5,2048,7,surprise,20
02-01-08-02-02-01-21,D:\Ravdess\fusion_pack_5f\sequences\02-01-08-02-02-01-21.npy,5,2048,7,surprise,21
02-01-08-02-02-01-22,D:\Ravdess\fusion_pack_5f\sequences\02-01-08-02-02-01-22.npy,5,2048,7,surprise,22
02-01-08-02-02-01-23,D:\Ravdess\fusion_pack_5f\sequences\02-01-08-02-02-01-23.npy,5,2048,7,surprise,23
02-01-08-02-02-01-24,D:\Ravdess\fusion_pack_5f\sequences\02-01-08-02-02-01-24.npy,5,2048,7,surprise,24
02-01-08-02-02-02-01,D:\Ravdess\fusion_pack_5f\sequences\02-01-08-02-02-02-01.npy,5,2048,7,surprise,1
02-01-08-02-02-02-02,D:\Ravdess\fusion_pack_5f\sequences\02-01-08-02-02-02-02.npy,5,2048,7,surprise,2
02-01-08-02-02-02-03,D:\Ravdess\fusion_pack_5f\sequences\02-01-08-02-02-02-03.npy,5,2048,7,surprise,3
02-01-08-02-02-02-04,D:\Ravdess\fusion_pack_5f\sequences\02-01-08-02-02-02-04.npy,5,2048,7,surprise,4
02-01-08-02-02-02-05,D:\Ravdess\fusion_pack_5f\sequences\02-01-08-02-02-02-05.npy,5,2048,7,surprise,5
02-01-08-02-02-02-06,D:\Ravdess\fusion_pack_5f\sequences\02-01-08-02-02-02-06.npy,5,2048,7,surprise,6
02-01-08-02-02-02-07,D:\Ravdess\fusion_pack_5f\sequences\02-01-08-02-02-02-07.npy,5,2048,7,surprise,7
02-01-08-02-02-02-08,D:\Ravdess\fusion_pack_5f\sequences\02-01-08-02-02-02-08.npy,5,2048,7,surprise,8
02-01-08-02-02-02-09,D:\Ravdess\fusion_pack_5f\sequences\02-01-08-02-02-02-09.npy,5,2048,7,surprise,9
02-01-08-02-02-02-10,D:\Ravdess\fusion_pack_5f\sequences\02-01-08-02-02-02-10.npy,5,2048,7,surprise,10
02-01-08-02-02-02-11,D:\Ravdess\fusion_pack_5f\sequences\02-01-08-02-02-02-11.npy,5,2048,7,surprise,11
02-01-08-02-02-02-12,D:\Ravdess\fusion_pack_5f\sequences\02-01-08-02-02-02-12.npy,5,2048,7,surprise,12
02-01-08-02-02-02-13,D:\Ravdess\fusion_pack_5f\sequences\02-01-08-02-02-02-13.npy,5,2048,7,surprise,13
02-01-08-02-02-02-14,D:\Ravdess\fusion_pack_5f\sequences\02-01-08-02-02-02-14.npy,5,2048,7,surprise,14
02-01-08-02-02-02-16,D:\Ravdess\fusion_pack_5f\sequences\02-01-08-02-02-02-16.npy,5,2048,7,surprise,16
02-01-08-02-02-02-17,D:\Ravdess\fusion_pack_5f\sequences\02-01-08-02-02-02-17.npy,5,2048,7,surprise,17
02-01-08-02-02-02-18,D:\Ravdess\fusion_pack_5f\sequences\02-01-08-02-02-02-18.npy,5,2048,7,surprise,18
02-01-08-02-02-02-19,D:\Ravdess\fusion_pack_5f\sequences\02-01-08-02-02-02-19.npy,5,2048,7,surprise,19
02-01-08-02-02-02-20,D:\Ravdess\fusion_pack_5f\sequences\02-01-08-02-02-02-20.npy,5,2048,7,surprise,20
02-01-08-02-02-02-21,D:\Ravdess\fusion_pack_5f\sequences\02-01-08-02-02-02-21.npy,5,2048,7,surprise,21
02-01-08-02-02-02-22,D:\Ravdess\fusion_pack_5f\sequences\02-01-08-02-02-02-22.npy,5,2048,7,surprise,22
02-01-08-02-02-02-23,D:\Ravdess\fusion_pack_5f\sequences\02-01-08-02-02-02-23.npy,5,2048,7,surprise,23
02-01-08-02-02-02-24,D:\Ravdess\fusion_pack_5f\sequences\02-01-08-02-02-02-24.npy,5,2048,7,surprise,24
02-02-01-01-01-01-15,D:\Ravdess\fusion_pack_5f\sequences\02-02-01-01-01-01-15.npy,5,2048,0,neutral,15
02-02-01-01-01-02-15,D:\Ravdess\fusion_pack_5f\sequences\02-02-01-01-01-02-15.npy,5,2048,0,neutral,15
02-02-01-01-02-01-15,D:\Ravdess\fusion_pack_5f\sequences\02-02-01-01-02-01-15.npy,5,2048,0,neutral,15
02-02-01-01-02-02-15,D:\Ravdess\fusion_pack_5f\sequences\02-02-01-01-02-02-15.npy,5,2048,0,neutral,15
02-02-02-01-01-01-15,D:\Ravdess\fusion_pack_5f\sequences\02-02-02-01-01-01-15.npy,5,2048,1,calm,15
02-02-02-01-01-02-15,D:\Ravdess\fusion_pack_5f\sequences\02-02-02-01-01-02-15.npy,5,2048,1,calm,15
02-02-02-01-02-01-15,D:\Ravdess\fusion_pack_5f\sequences\02-02-02-01-02-01-15.npy,5,2048,1,calm,15
02-02-02-01-02-02-15,D:\Ravdess\fusion_pack_5f\sequences\02-02-02-01-02-02-15.npy,5,2048,1,calm,15
02-02-02-02-01-01-15,D:\Ravdess\fusion_pack_5f\sequences\02-02-02-02-01-01-15.npy,5,2048,1,calm,15
02-02-02-02-01-02-15,D:\Ravdess\fusion_pack_5f\sequences\02-02-02-02-01-02-15.npy,5,2048,1,calm,15
02-02-02-02-02-01-15,D:\Ravdess\fusion_pack_5f\sequences\02-02-02-02-02-01-15.npy,5,2048,1,calm,15
02-02-02-02-02-02-15,D:\Ravdess\fusion_pack_5f\sequences\02-02-02-02-02-02-15.npy,5,2048,1,calm,15
02-02-03-01-01-01-15,D:\Ravdess\fusion_pack_5f\sequences\02-02-03-01-01-01-15.npy,5,2048,2,happy,15
02-02-03-01-01-02-15,D:\Ravdess\fusion_pack_5f\sequences\02-02-03-01-01-02-15.npy,5,2048,2,happy,15
02-02-03-01-02-01-15,D:\Ravdess\fusion_pack_5f\sequences\02-02-03-01-02-01-15.npy,5,2048,2,happy,15
02-02-03-01-02-02-15,D:\Ravdess\fusion_pack_5f\sequences\02-02-03-01-02-02-15.npy,5,2048,2,happy,15
02-02-03-02-01-01-15,D:\Ravdess\fusion_pack_5f\sequences\02-02-03-02-01-01-15.npy,5,2048,2,happy,15
02-02-03-02-01-02-15,D:\Ravdess\fusion_pack_5f\sequences\02-02-03-02-01-02-15.npy,5,2048,2,happy,15
02-02-03-02-02-01-15,D:\Ravdess\fusion_pack_5f\sequences\02-02-03-02-02-01-15.npy,5,2048,2,happy,15
02-02-03-02-02-02-15,D:\Ravdess\fusion_pack_5f\sequences\02-02-03-02-02-02-15.npy,5,2048,2,happy,15
02-02-04-01-01-01-15,D:\Ravdess\fusion_pack_5f\sequences\02-02-04-01-01-01-15.npy,5,2048,3,sad,15
02-02-04-01-01-02-15,D:\Ravdess\fusion_pack_5f\sequences\02-02-04-01-01-02-15.npy,5,2048,3,sad,15
02-02-04-01-02-01-15,D:\Ravdess\fusion_pack_5f\sequences\02-02-04-01-02-01-15.npy,5,2048,3,sad,15
02-02-04-01-02-02-15,D:\Ravdess\fusion_pack_5f\sequences\02-02-04-01-02-02-15.npy,5,2048,3,sad,15
02-02-04-02-01-01-15,D:\Ravdess\fusion_pack_5f\sequences\02-02-04-02-01-01-15.npy,5,2048,3,sad,15
02-02-04-02-01-02-15,D:\Ravdess\fusion_pack_5f\sequences\02-02-04-02-01-02-15.npy,5,2048,3,sad,15
02-02-04-02-02-01-15,D:\Ravdess\fusion_pack_5f\sequences\02-02-04-02-02-01-15.npy,5,2048,3,sad,15
02-02-04-02-02-02-15,D:\Ravdess\fusion_pack_5f\sequences\02-02-04-02-02-02-15.npy,5,2048,3,sad,15
02-02-05-01-01-01-15,D:\Ravdess\fusion_pack_5f\sequences\02-02-05-01-01-01-15.npy,5,2048,4,angry,15
02-02-05-01-01-02-15,D:\Ravdess\fusion_pack_5f\sequences\02-02-05-01-01-02-15.npy,5,2048,4,angry,15
02-02-05-01-02-01-15,D:\Ravdess\fusion_pack_5f\sequences\02-02-05-01-02-01-15.npy,5,2048,4,angry,15
02-02-05-01-02-02-15,D:\Ravdess\fusion_pack_5f\sequences\02-02-05-01-02-02-15.npy,5,2048,4,angry,15
02-02-05-02-01-01-15,D:\Ravdess\fusion_pack_5f\sequences\02-02-05-02-01-01-15.npy,5,2048,4,angry,15
02-02-05-02-01-02-15,D:\Ravdess\fusion_pack_5f\sequences\02-02-05-02-01-02-15.npy,5,2048,4,angry,15
02-02-05-02-02-01-15,D:\Ravdess\fusion_pack_5f\sequences\02-02-05-02-02-01-15.npy,5,2048,4,angry,15
02-02-05-02-02-02-15,D:\Ravdess\fusion_pack_5f\sequences\02-02-05-02-02-02-15.npy,5,2048,4,angry,15
02-02-06-01-01-01-15,D:\Ravdess\fusion_pack_5f\sequences\02-02-06-01-01-01-15.npy,5,2048,5,fearful,15
02-02-06-01-01-02-15,D:\Ravdess\fusion_pack_5f\sequences\02-02-06-01-01-02-15.npy,5,2048,5,fearful,15
02-02-06-01-02-01-15,D:\Ravdess\fusion_pack_5f\sequences\02-02-06-01-02-01-15.npy,5,2048,5,fearful,15
02-02-06-01-02-02-15,D:\Ravdess\fusion_pack_5f\sequences\02-02-06-01-02-02-15.npy,5,2048,5,fearful,15
02-02-06-02-01-01-15,D:\Ravdess\fusion_pack_5f\sequences\02-02-06-02-01-01-15.npy,5,2048,5,fearful,15
02-02-06-02-01-02-15,D:\Ravdess\fusion_pack_5f\sequences\02-02-06-02-01-02-15.npy,5,2048,5,fearful,15
02-02-06-02-02-01-15,D:\Ravdess\fusion_pack_5f\sequences\02-02-06-02-02-01-15.npy,5,2048,5,fearful,15
02-02-06-02-02-02-15,D:\Ravdess\fusion_pack_5f\sequences\02-02-06-02-02-02-15.npy,5,2048,5,fearful,15
