sample_id,wav,duration,split,actor,emotion_code,intensity_code,statement_code,repetition_code,label_name,label_id
03-01-01-01-01-01-01,C:/Users/NannanLi/Desktop/Ravdess/Audio_Speech_Actors_01-24/Actor_01/03-01-01-01-01-01-01.wav,3.3033,train,1,01,01,01,01,neutral,0
03-01-01-01-01-02-01,C:/Users/NannanLi/Desktop/Ravdess/Audio_Speech_Actors_01-24/Actor_01/03-01-01-01-01-02-01.wav,3.3367,train,1,01,01,01,02,neutral,0
03-01-01-01-02-01-01,C:/Users/NannanLi/Desktop/Ravdess/Audio_Speech_Actors_01-24/Actor_01/03-01-01-01-02-01-01.wav,3.2699,train,1,01,01,02,01,neutral,0
03-01-01-01-02-02-01,C:/Users/NannanLi/Desktop/Ravdess/Audio_Speech_Actors_01-24/Actor_01/03-01-01-01-02-02-01.wav,3.1698,train,1,01,01,02,02,neutral,0
03-01-02-01-01-01-01,C:/Users/NannanLi/Desktop/Ravdess/Audio_Speech_Actors_01-24/Actor_01/03-01-02-01-01-01-01.wav,3.5369,train,1,02,01,01,01,calm,1
03-01-02-01-01-02-01,C:/Users/NannanLi/Desktop/Ravdess/Audio_Speech_Actors_01-24/Actor_01/03-01-02-01-01-02-01.wav,3.6036,train,1,02,01,01,02,calm,1
03-01-02-01-02-01-01,C:/Users/NannanLi/Desktop/Ravdess/Audio_Speech_Actors_01-24/Actor_01/03-01-02-01-02-01-01.wav,3.5035,train,1,02,01,02,01,calm,1
03-01-02-01-02-02-01,C:/Users/NannanLi/Desktop/Ravdess/Audio_Speech_Actors_01-24/Actor_01/03-01-02-01-02-02-01.wav,3.4701,train,1,02,01,02,02,calm,1
03-01-02-02-01-01-01,C:/Users/NannanLi/Desktop/Ravdess/Audio_Speech_Actors_01-24/Actor_01/03-01-02-02-01-01-01.wav,3.7037,train,1,02,02,01,01,calm,1
03-01-02-02-01-02-01,C:/Users/NannanLi/Desktop/Ravdess/Audio_Speech_Actors_01-24/Actor_01/03-01-02-02-01-02-01.wav,4.004,train,1,02,02,01,02,calm,1
03-01-02-02-02-01-01,C:/Users/NannanLi/Desktop/Ravdess/Audio_Speech_Actors_01-24/Actor_01/03-01-02-02-02-01-01.wav,4.2042,train,1,02,02,02,01,calm,1
03-01-02-02-02-02-01,C:/Users/NannanLi/Desktop/Ravdess/Audio_Speech_Actors_01-24/Actor_01/03-01-02-02-02-02-01.wav,4.004,train,1,02,02,02,02,calm,1
03-01-03-01-01-01-01,C:/Users/NannanLi/Desktop/Ravdess/Audio_Speech_Actors_01-24/Actor_01/03-01-03-01-01-01-01.wav,3.4701,train,1,03,01,01,01,happy,2
03-01-03-01-01-02-01,C:/Users/NannanLi/Desktop/Ravdess/Audio_Speech_Actors_01-24/Actor_01/03-01-03-01-01-02-01.wav,3.4701,train,1,03,01,01,02,happy,2
03-01-03-01-02-01-01,C:/Users/NannanLi/Desktop/Ravdess/Audio_Speech_Actors_01-24/Actor_01/03-01-03-01-02-01-01.wav,3.5369,train,1,03,01,02,01,happy,2
03-01-03-01-02-02-01,C:/Users/NannanLi/Desktop/Ravdess/Audio_Speech_Actors_01-24/Actor_01/03-01-03-01-02-02-01.wav,3.7037,train,1,03,01,02,02,happy,2
03-01-03-02-01-01-01,C:/Users/NannanLi/Desktop/Ravdess/Audio_Speech_Actors_01-24/Actor_01/03-01-03-02-01-01-01.wav,3.6703,train,1,03,02,01,01,happy,2
03-01-03-02-01-02-01,C:/Users/NannanLi/Desktop/Ravdess/Audio_Speech_Actors_01-24/Actor_01/03-01-03-02-01-02-01.wav,3.637,train,1,03,02,01,02,happy,2
03-01-03-02-02-01-01,C:/Users/NannanLi/Desktop/Ravdess/Audio_Speech_Actors_01-24/Actor_01/03-01-03-02-02-01-01.wav,3.9373,train,1,03,02,02,01,happy,2
03-01-03-02-02-02-01,C:/Users/NannanLi/Desktop/Ravdess/Audio_Speech_Actors_01-24/Actor_01/03-01-03-02-02-02-01.wav,3.9373,train,1,03,02,02,02,happy,2
03-01-04-01-01-01-01,C:/Users/NannanLi/Desktop/Ravdess/Audio_Speech_Actors_01-24/Actor_01/03-01-04-01-01-01-01.wav,3.8372,train,1,04,01,01,01,sad,3
03-01-04-01-01-02-01,C:/Users/NannanLi/Desktop/Ravdess/Audio_Speech_Actors_01-24/Actor_01/03-01-04-01-01-02-01.wav,3.5702,train,1,04,01,01,02,sad,3
03-01-04-01-02-01-01,C:/Users/NannanLi/Desktop/Ravdess/Audio_Speech_Actors_01-24/Actor_01/03-01-04-01-02-01-01.wav,3.5035,train,1,04,01,02,01,sad,3
03-01-04-01-02-02-01,C:/Users/NannanLi/Desktop/Ravdess/Audio_Speech_Actors_01-24/Actor_01/03-01-04-01-02-02-01.wav,3.37,train,1,04,01,02,02,sad,3
03-01-04-02-01-01-01,C:/Users/NannanLi/Desktop/Ravdess/Audio_Speech_Actors_01-24/Actor_01/03-01-04-02-01-01-01.wav,3.8038,train,1,04,02,01,01,sad,3
03-01-04-02-01-02-01,C:/Users/NannanLi/Desktop/Ravdess/Audio_Speech_Actors_01-24/Actor_01/03-01-04-02-01-02-01.wav,3.7037,train,1,04,02,01,02,sad,3
03-01-04-02-02-01-01,C:/Users/NannanLi/Desktop/Ravdess/Audio_Speech_Actors_01-24/Actor_01/03-01-04-02-02-01-01.wav,3.7371,train,1,04,02,02,01,sad,3
03-01-04-02-02-02-01,C:/Users/NannanLi/Desktop/Ravdess/Audio_Speech_Actors_01-24/Actor_01/03-01-04-02-02-02-01.wav,3.7371,train,1,04,02,02,02,sad,3
03-01-05-01-01-01-01,C:/Users/NannanLi/Desktop/Ravdess/Audio_Speech_Actors_01-24/Actor_01/03-01-05-01-01-01-01.wav,3.8705,train,1,05,01,01,01,angry,4
03-01-05-01-01-02-01,C:/Users/NannanLi/Desktop/Ravdess/Audio_Speech_Actors_01-24/Actor_01/03-01-05-01-01-02-01.wav,3.9373,train,1,05,01,01,02,angry,4
03-01-05-01-02-01-01,C:/Users/NannanLi/Desktop/Ravdess/Audio_Speech_Actors_01-24/Actor_01/03-01-05-01-02-01-01.wav,3.5035,train,1,05,01,02,01,angry,4
03-01-05-01-02-02-01,C:/Users/NannanLi/Desktop/Ravdess/Audio_Speech_Actors_01-24/Actor_01/03-01-05-01-02-02-01.wav,3.7371,train,1,05,01,02,02,angry,4
03-01-05-02-01-01-01,C:/Users/NannanLi/Desktop/Ravdess/Audio_Speech_Actors_01-24/Actor_01/03-01-05-02-01-01-01.wav,4.1041,train,1,05,02,01,01,angry,4
03-01-05-02-01-02-01,C:/Users/NannanLi/Desktop/Ravdess/Audio_Speech_Actors_01-24/Actor_01/03-01-05-02-01-02-01.wav,4.371,train,1,05,02,01,02,angry,4
03-01-05-02-02-01-01,C:/Users/NannanLi/Desktop/Ravdess/Audio_Speech_Actors_01-24/Actor_01/03-01-05-02-02-01-01.wav,4.1375,train,1,05,02,02,01,angry,4
03-01-05-02-02-02-01,C:/Users/NannanLi/Desktop/Ravdess/Audio_Speech_Actors_01-24/Actor_01/03-01-05-02-02-02-01.wav,4.4378,train,1,05,02,02,02,angry,4
03-01-06-01-01-01-01,C:/Users/NannanLi/Desktop/Ravdess/Audio_Speech_Actors_01-24/Actor_01/03-01-06-01-01-01-01.wav,3.6703,train,1,06,01,01,01,fearful,5
03-01-06-01-01-02-01,C:/Users/NannanLi/Desktop/Ravdess/Audio_Speech_Actors_01-24/Actor_01/03-01-06-01-01-02-01.wav,3.637,train,1,06,01,01,02,fearful,5
03-01-06-01-02-01-01,C:/Users/NannanLi/Desktop/Ravdess/Audio_Speech_Actors_01-24/Actor_01/03-01-06-01-02-01-01.wav,3.4368,train,1,06,01,02,01,fearful,5
03-01-06-01-02-02-01,C:/Users/NannanLi/Desktop/Ravdess/Audio_Speech_Actors_01-24/Actor_01/03-01-06-01-02-02-01.wav,3.7037,train,1,06,01,02,02,fearful,5
03-01-06-02-01-01-01,C:/Users/NannanLi/Desktop/Ravdess/Audio_Speech_Actors_01-24/Actor_01/03-01-06-02-01-01-01.wav,5.005,train,1,06,02,01,01,fearful,5
03-01-06-02-01-02-01,C:/Users/NannanLi/Desktop/Ravdess/Audio_Speech_Actors_01-24/Actor_01/03-01-06-02-01-02-01.wav,4.2376,train,1,06,02,01,02,fearful,5
03-01-06-02-02-01-01,C:/Users/NannanLi/Desktop/Ravdess/Audio_Speech_Actors_01-24/Actor_01/03-01-06-02-02-01-01.wav,3.9706,train,1,06,02,02,01,fearful,5
03-01-06-02-02-02-01,C:/Users/NannanLi/Desktop/Ravdess/Audio_Speech_Actors_01-24/Actor_01/03-01-06-02-02-02-01.wav,3.9039,train,1,06,02,02,02,fearful,5
03-01-07-01-01-01-01,C:/Users/NannanLi/Desktop/Ravdess/Audio_Speech_Actors_01-24/Actor_01/03-01-07-01-01-01-01.wav,3.8705,train,1,07,01,01,01,disgust,6
03-01-07-01-01-02-01,C:/Users/NannanLi/Desktop/Ravdess/Audio_Speech_Actors_01-24/Actor_01/03-01-07-01-01-02-01.wav,3.9039,train,1,07,01,01,02,disgust,6
03-01-07-01-02-01-01,C:/Users/NannanLi/Desktop/Ravdess/Audio_Speech_Actors_01-24/Actor_01/03-01-07-01-02-01-01.wav,3.9039,train,1,07,01,02,01,disgust,6
03-01-07-01-02-02-01,C:/Users/NannanLi/Desktop/Ravdess/Audio_Speech_Actors_01-24/Actor_01/03-01-07-01-02-02-01.wav,3.8372,train,1,07,01,02,02,disgust,6
03-01-07-02-01-01-01,C:/Users/NannanLi/Desktop/Ravdess/Audio_Speech_Actors_01-24/Actor_01/03-01-07-02-01-01-01.wav,4.3043,train,1,07,02,01,01,disgust,6
03-01-07-02-01-02-01,C:/Users/NannanLi/Desktop/Ravdess/Audio_Speech_Actors_01-24/Actor_01/03-01-07-02-01-02-01.wav,4.1041,train,1,07,02,01,02,disgust,6
03-01-07-02-02-01-01,C:/Users/NannanLi/Desktop/Ravdess/Audio_Speech_Actors_01-24/Actor_01/03-01-07-02-02-01-01.wav,4.0374,train,1,07,02,02,01,disgust,6
03-01-07-02-02-02-01,C:/Users/NannanLi/Desktop/Ravdess/Audio_Speech_Actors_01-24/Actor_01/03-01-07-02-02-02-01.wav,4.371,train,1,07,02,02,02,disgust,6
03-01-08-01-01-01-01,C:/Users/NannanLi/Desktop/Ravdess/Audio_Speech_Actors_01-24/Actor_01/03-01-08-01-01-01-01.wav,3.4034,train,1,08,01,01,01,surprise,7
03-01-08-01-01-02-01,C:/Users/NannanLi/Desktop/Ravdess/Audio_Speech_Actors_01-24/Actor_01/03-01-08-01-01-02-01.wav,3.2699,train,1,08,01,01,02,surprise,7
03-01-08-01-02-01-01,C:/Users/NannanLi/Desktop/Ravdess/Audio_Speech_Actors_01-24/Actor_01/03-01-08-01-02-01-01.wav,3.5369,train,1,08,01,02,01,surprise,7
03-01-08-01-02-02-01,C:/Users/NannanLi/Desktop/Ravdess/Audio_Speech_Actors_01-24/Actor_01/03-01-08-01-02-02-01.wav,3.2699,train,1,08,01,02,02,surprise,7
03-01-08-02-01-01-01,C:/Users/NannanLi/Desktop/Ravdess/Audio_Speech_Actors_01-24/Actor_01/03-01-08-02-01-01-01.wav,3.4367,train,1,08,02,01,01,surprise,7
03-01-08-02-01-02-01,C:/Users/NannanLi/Desktop/Ravdess/Audio_Speech_Actors_01-24/Actor_01/03-01-08-02-01-02-01.wav,3.5702,train,1,08,02,01,02,surprise,7
03-01-08-02-02-01-01,C:/Users/NannanLi/Desktop/Ravdess/Audio_Speech_Actors_01-24/Actor_01/03-01-08-02-02-01-01.wav,3.5035,train,1,08,02,02,01,surprise,7
03-01-08-02-02-02-01,C:/Users/NannanLi/Desktop/Ravdess/Audio_Speech_Actors_01-24/Actor_01/03-01-08-02-02-02-01.wav,3.2699,train,1,08,02,02,02,surprise,7
03-01-01-01-01-01-02,C:/Users/NannanLi/Desktop/Ravdess/Audio_Speech_Actors_01-24/Actor_02/03-01-01-01-01-01-02.wav,3.637,train,2,01,01,01,01,neutral,0
03-01-01-01-01-02-02,C:/Users/NannanLi/Desktop/Ravdess/Audio_Speech_Actors_01-24/Actor_02/03-01-01-01-01-02-02.wav,3.6036,train,2,01,01,01,02,neutral,0
03-01-01-01-02-01-02,C:/Users/NannanLi/Desktop/Ravdess/Audio_Speech_Actors_01-24/Actor_02/03-01-01-01-02-01-02.wav,3.7704,train,2,01,01,02,01,neutral,0
03-01-01-01-02-02-02,C:/Users/NannanLi/Desktop/Ravdess/Audio_Speech_Actors_01-24/Actor_02/03-01-01-01-02-02-02.wav,3.6036,train,2,01,01,02,02,neutral,0
03-01-02-01-01-01-02,C:/Users/NannanLi/Desktop/Ravdess/Audio_Speech_Actors_01-24/Actor_02/03-01-02-01-01-01-02.wav,3.8372,train,2,02,01,01,01,calm,1
03-01-02-01-01-02-02,C:/Users/NannanLi/Desktop/Ravdess/Audio_Speech_Actors_01-24/Actor_02/03-01-02-01-01-02-02.wav,4.004,train,2,02,01,01,02,calm,1
03-01-02-01-02-01-02,C:/Users/NannanLi/Desktop/Ravdess/Audio_Speech_Actors_01-24/Actor_02/03-01-02-01-02-01-02.wav,3.8372,train,2,02,01,02,01,calm,1
03-01-02-01-02-02-02,C:/Users/NannanLi/Desktop/Ravdess/Audio_Speech_Actors_01-24/Actor_02/03-01-02-01-02-02-02.wav,3.9706,train,2,02,01,02,02,calm,1
03-01-02-02-01-01-02,C:/Users/NannanLi/Desktop/Ravdess/Audio_Speech_Actors_01-24/Actor_02/03-01-02-02-01-01-02.wav,4.1375,train,2,02,02,01,01,calm,1
03-01-02-02-01-02-02,C:/Users/NannanLi/Desktop/Ravdess/Audio_Speech_Actors_01-24/Actor_02/03-01-02-02-01-02-02.wav,4.0374,train,2,02,02,01,02,calm,1
03-01-02-02-02-01-02,C:/Users/NannanLi/Desktop/Ravdess/Audio_Speech_Actors_01-24/Actor_02/03-01-02-02-02-01-02.wav,4.1041,train,2,02,02,02,01,calm,1
03-01-02-02-02-02-02,C:/Users/NannanLi/Desktop/Ravdess/Audio_Speech_Actors_01-24/Actor_02/03-01-02-02-02-02-02.wav,4.1041,train,2,02,02,02,02,calm,1
03-01-03-01-01-01-02,C:/Users/NannanLi/Desktop/Ravdess/Audio_Speech_Actors_01-24/Actor_02/03-01-03-01-01-01-02.wav,3.6036,train,2,03,01,01,01,happy,2
03-01-03-01-01-02-02,C:/Users/NannanLi/Desktop/Ravdess/Audio_Speech_Actors_01-24/Actor_02/03-01-03-01-01-02-02.wav,3.7037,train,2,03,01,01,02,happy,2
03-01-03-01-02-01-02,C:/Users/NannanLi/Desktop/Ravdess/Audio_Speech_Actors_01-24/Actor_02/03-01-03-01-02-01-02.wav,3.7704,train,2,03,01,02,01,happy,2
03-01-03-01-02-02-02,C:/Users/NannanLi/Desktop/Ravdess/Audio_Speech_Actors_01-24/Actor_02/03-01-03-01-02-02-02.wav,3.7371,train,2,03,01,02,02,happy,2
03-01-03-02-01-01-02,C:/Users/NannanLi/Desktop/Ravdess/Audio_Speech_Actors_01-24/Actor_02/03-01-03-02-01-01-02.wav,3.7037,train,2,03,02,01,01,happy,2
03-01-03-02-01-02-02,C:/Users/NannanLi/Desktop/Ravdess/Audio_Speech_Actors_01-24/Actor_02/03-01-03-02-01-02-02.wav,3.6703,train,2,03,02,01,02,happy,2
03-01-03-02-02-01-02,C:/Users/NannanLi/Desktop/Ravdess/Audio_Speech_Actors_01-24/Actor_02/03-01-03-02-02-01-02.wav,3.7037,train,2,03,02,02,01,happy,2
03-01-03-02-02-02-02,C:/Users/NannanLi/Desktop/Ravdess/Audio_Speech_Actors_01-24/Actor_02/03-01-03-02-02-02-02.wav,3.8705,train,2,03,02,02,02,happy,2
03-01-04-01-01-01-02,C:/Users/NannanLi/Desktop/Ravdess/Audio_Speech_Actors_01-24/Actor_02/03-01-04-01-01-01-02.wav,3.8372,train,2,04,01,01,01,sad,3
03-01-04-01-01-02-02,C:/Users/NannanLi/Desktop/Ravdess/Audio_Speech_Actors_01-24/Actor_02/03-01-04-01-01-02-02.wav,3.7704,train,2,04,01,01,02,sad,3
03-01-04-01-02-01-02,C:/Users/NannanLi/Desktop/Ravdess/Audio_Speech_Actors_01-24/Actor_02/03-01-04-01-02-01-02.wav,3.7371,train,2,04,01,02,01,sad,3
03-01-04-01-02-02-02,C:/Users/NannanLi/Desktop/Ravdess/Audio_Speech_Actors_01-24/Actor_02/03-01-04-01-02-02-02.wav,3.7704,train,2,04,01,02,02,sad,3
03-01-04-02-01-01-02,C:/Users/NannanLi/Desktop/Ravdess/Audio_Speech_Actors_01-24/Actor_02/03-01-04-02-01-01-02.wav,3.7371,train,2,04,02,01,01,sad,3
03-01-04-02-01-02-02,C:/Users/NannanLi/Desktop/Ravdess/Audio_Speech_Actors_01-24/Actor_02/03-01-04-02-01-02-02.wav,3.7704,train,2,04,02,01,02,sad,3
03-01-04-02-02-01-02,C:/Users/NannanLi/Desktop/Ravdess/Audio_Speech_Actors_01-24/Actor_02/03-01-04-02-02-01-02.wav,3.7037,train,2,04,02,02,01,sad,3
03-01-04-02-02-02-02,C:/Users/NannanLi/Desktop/Ravdess/Audio_Speech_Actors_01-24/Actor_02/03-01-04-02-02-02-02.wav,3.6703,train,2,04,02,02,02,sad,3
03-01-05-01-01-01-02,C:/Users/NannanLi/Desktop/Ravdess/Audio_Speech_Actors_01-24/Actor_02/03-01-05-01-01-01-02.wav,3.6703,train,2,05,01,01,01,angry,4
03-01-05-01-01-02-02,C:/Users/NannanLi/Desktop/Ravdess/Audio_Speech_Actors_01-24/Actor_02/03-01-05-01-01-02-02.wav,3.6703,train,2,05,01,01,02,angry,4
03-01-05-01-02-01-02,C:/Users/NannanLi/Desktop/Ravdess/Audio_Speech_Actors_01-24/Actor_02/03-01-05-01-02-01-02.wav,3.7704,train,2,05,01,02,01,angry,4
03-01-05-01-02-02-02,C:/Users/NannanLi/Desktop/Ravdess/Audio_Speech_Actors_01-24/Actor_02/03-01-05-01-02-02-02.wav,3.8038,train,2,05,01,02,02,angry,4
03-01-05-02-01-01-02,C:/Users/NannanLi/Desktop/Ravdess/Audio_Speech_Actors_01-24/Actor_02/03-01-05-02-01-01-02.wav,3.9039,train,2,05,02,01,01,angry,4
03-01-05-02-01-02-02,C:/Users/NannanLi/Desktop/Ravdess/Audio_Speech_Actors_01-24/Actor_02/03-01-05-02-01-02-02.wav,4.004,train,2,05,02,01,02,angry,4
03-01-05-02-02-01-02,C:/Users/NannanLi/Desktop/Ravdess/Audio_Speech_Actors_01-24/Actor_02/03-01-05-02-02-01-02.wav,4.004,train,2,05,02,02,01,angry,4
03-01-05-02-02-02-02,C:/Users/NannanLi/Desktop/Ravdess/Audio_Speech_Actors_01-24/Actor_02/03-01-05-02-02-02-02.wav,4.004,train,2,05,02,02,02,angry,4
03-01-06-01-01-01-02,C:/Users/NannanLi/Desktop/Ravdess/Audio_Speech_Actors_01-24/Actor_02/03-01-06-01-01-01-02.wav,3.637,train,2,06,01,01,01,fearful,5
03-01-06-01-01-02-02,C:/Users/NannanLi/Desktop/Ravdess/Audio_Speech_Actors_01-24/Actor_02/03-01-06-01-01-02-02.wav,3.7371,train,2,06,01,01,02,fearful,5
03-01-06-01-02-01-02,C:/Users/NannanLi/Desktop/Ravdess/Audio_Speech_Actors_01-24/Actor_02/03-01-06-01-02-01-02.wav,3.6703,train,2,06,01,02,01,fearful,5
03-01-06-01-02-02-02,C:/Users/NannanLi/Desktop/Ravdess/Audio_Speech_Actors_01-24/Actor_02/03-01-06-01-02-02-02.wav,3.7371,train,2,06,01,02,02,fearful,5
03-01-06-02-01-01-02,C:/Users/NannanLi/Desktop/Ravdess/Audio_Speech_Actors_01-24/Actor_02/03-01-06-02-01-01-02.wav,3.8038,train,2,06,02,01,01,fearful,5
03-01-06-02-01-02-02,C:/Users/NannanLi/Desktop/Ravdess/Audio_Speech_Actors_01-24/Actor_02/03-01-06-02-01-02-02.wav,3.637,train,2,06,02,01,02,fearful,5
03-01-06-02-02-01-02,C:/Users/NannanLi/Desktop/Ravdess/Audio_Speech_Actors_01-24/Actor_02/03-01-06-02-02-01-02.wav,3.6036,train,2,06,02,02,01,fearful,5
03-01-06-02-02-02-02,C:/Users/NannanLi/Desktop/Ravdess/Audio_Speech_Actors_01-24/Actor_02/03-01-06-02-02-02-02.wav,3.6036,train,2,06,02,02,02,fearful,5
03-01-07-01-01-01-02,C:/Users/NannanLi/Desktop/Ravdess/Audio_Speech_Actors_01-24/Actor_02/03-01-07-01-01-01-02.wav,3.6703,train,2,07,01,01,01,disgust,6
03-01-07-01-01-02-02,C:/Users/NannanLi/Desktop/Ravdess/Audio_Speech_Actors_01-24/Actor_02/03-01-07-01-01-02-02.wav,3.637,train,2,07,01,01,02,disgust,6
03-01-07-01-02-01-02,C:/Users/NannanLi/Desktop/Ravdess/Audio_Speech_Actors_01-24/Actor_02/03-01-07-01-02-01-02.wav,3.8705,train,2,07,01,02,01,disgust,6
03-01-07-01-02-02-02,C:/Users/NannanLi/Desktop/Ravdess/Audio_Speech_Actors_01-24/Actor_02/03-01-07-01-02-02-02.wav,3.8372,train,2,07,01,02,02,disgust,6
03-01-07-02-01-01-02,C:/Users/NannanLi/Desktop/Ravdess/Audio_Speech_Actors_01-24/Actor_02/03-01-07-02-01-01-02.wav,4.1375,train,2,07,02,01,01,disgust,6
03-01-07-02-01-02-02,C:/Users/NannanLi/Desktop/Ravdess/Audio_Speech_Actors_01-24/Actor_02/03-01-07-02-01-02-02.wav,4.1375,train,2,07,02,01,02,disgust,6
03-01-07-02-02-01-02,C:/Users/NannanLi/Desktop/Ravdess/Audio_Speech_Actors_01-24/Actor_02/03-01-07-02-02-01-02.wav,4.004,train,2,07,02,02,01,disgust,6
03-01-07-02-02-02-02,C:/Users/NannanLi/Desktop/Ravdess/Audio_Speech_Actors_01-24/Actor_02/03-01-07-02-02-02-02.wav,4.0374,train,2,07,02,02,02,disgust,6
03-01-08-01-01-01-02,C:/Users/NannanLi/Desktop/Ravdess/Audio_Speech_Actors_01-24/Actor_02/03-01-08-01-01-01-02.wav,3.5369,train,2,08,01,01,01,surprise,7
03-01-08-01-01-02-02,C:/Users/NannanLi/Desktop/Ravdess/Audio_Speech_Actors_01-24/Actor_02/03-01-08-01-01-02-02.wav,3.5369,train,2,08,01,01,02,surprise,7
03-01-08-01-02-01-02,C:/Users/NannanLi/Desktop/Ravdess/Audio_Speech_Actors_01-24/Actor_02/03-01-08-01-02-01-02.wav,3.6036,train,2,08,01,02,01,surprise,7
03-01-08-01-02-02-02,C:/Users/NannanLi/Desktop/Ravdess/Audio_Speech_Actors_01-24/Actor_02/03-01-08-01-02-02-02.wav,3.5369,train,2,08,01,02,02,surprise,7
03-01-08-02-01-01-02,C:/Users/NannanLi/Desktop/Ravdess/Audio_Speech_Actors_01-24/Actor_02/03-01-08-02-01-01-02.wav,3.7371,train,2,08,02,01,01,surprise,7
03-01-08-02-01-02-02,C:/Users/NannanLi/Desktop/Ravdess/Audio_Speech_Actors_01-24/Actor_02/03-01-08-02-01-02-02.wav,3.7704,train,2,08,02,01,02,surprise,7
03-01-08-02-02-01-02,C:/Users/NannanLi/Desktop/Ravdess/Audio_Speech_Actors_01-24/Actor_02/03-01-08-02-02-01-02.wav,3.7371,train,2,08,02,02,01,surprise,7
03-01-08-02-02-02-02,C:/Users/NannanLi/Desktop/Ravdess/Audio_Speech_Actors_01-24/Actor_02/03-01-08-02-02-02-02.wav,3.8038,train,2,08,02,02,02,surprise,7
03-01-01-01-01-01-03,C:/Users/NannanLi/Desktop/Ravdess/Audio_Speech_Actors_01-24/Actor_03/03-01-01-01-01-01-03.wav,3.4368,train,3,01,01,01,01,neutral,0
03-01-01-01-01-02-03,C:/Users/NannanLi/Desktop/Ravdess/Audio_Speech_Actors_01-24/Actor_03/03-01-01-01-01-02-03.wav,3.5035,train,3,01,01,01,02,neutral,0
03-01-01-01-02-01-03,C:/Users/NannanLi/Desktop/Ravdess/Audio_Speech_Actors_01-24/Actor_03/03-01-01-01-02-01-03.wav,3.5035,train,3,01,01,02,01,neutral,0
03-01-01-01-02-02-03,C:/Users/NannanLi/Desktop/Ravdess/Audio_Speech_Actors_01-24/Actor_03/03-01-01-01-02-02-03.wav,3.4701,train,3,01,01,02,02,neutral,0
03-01-02-01-01-01-03,C:/Users/NannanLi/Desktop/Ravdess/Audio_Speech_Actors_01-24/Actor_03/03-01-02-01-01-01-03.wav,3.8372,train,3,02,01,01,01,calm,1
03-01-02-01-01-02-03,C:/Users/NannanLi/Desktop/Ravdess/Audio_Speech_Actors_01-24/Actor_03/03-01-02-01-01-02-03.wav,3.7371,train,3,02,01,01,02,calm,1
03-01-02-01-02-01-03,C:/Users/NannanLi/Desktop/Ravdess/Audio_Speech_Actors_01-24/Actor_03/03-01-02-01-02-01-03.wav,3.8372,train,3,02,01,02,01,calm,1
03-01-02-01-02-02-03,C:/Users/NannanLi/Desktop/Ravdess/Audio_Speech_Actors_01-24/Actor_03/03-01-02-01-02-02-03.wav,3.9706,train,3,02,01,02,02,calm,1
03-01-02-02-01-01-03,C:/Users/NannanLi/Desktop/Ravdess/Audio_Speech_Actors_01-24/Actor_03/03-01-02-02-01-01-03.wav,4.0374,train,3,02,02,01,01,calm,1
03-01-02-02-01-02-03,C:/Users/NannanLi/Desktop/Ravdess/Audio_Speech_Actors_01-24/Actor_03/03-01-02-02-01-02-03.wav,3.9706,train,3,02,02,01,02,calm,1
03-01-02-02-02-01-03,C:/Users/NannanLi/Desktop/Ravdess/Audio_Speech_Actors_01-24/Actor_03/03-01-02-02-02-01-03.wav,4.1375,train,3,02,02,02,01,calm,1
03-01-02-02-02-02-03,C:/Users/NannanLi/Desktop/Ravdess/Audio_Speech_Actors_01-24/Actor_03/03-01-02-02-02-02-03.wav,4.004,train,3,02,02,02,02,calm,1
03-01-03-01-01-01-03,C:/Users/NannanLi/Desktop/Ravdess/Audio_Speech_Actors_01-24/Actor_03/03-01-03-01-01-01-03.wav,3.7704,train,3,03,01,01,01,happy,2
03-01-03-01-01-02-03,C:/Users/NannanLi/Desktop/Ravdess/Audio_Speech_Actors_01-24/Actor_03/03-01-03-01-01-02-03.wav,3.6036,train,3,03,01,01,02,happy,2
03-01-03-01-02-01-03,C:/Users/NannanLi/Desktop/Ravdess/Audio_Speech_Actors_01-24/Actor_03/03-01-03-01-02-01-03.wav,3.5035,train,3,03,01,02,01,happy,2
03-01-03-01-02-02-03,C:/Users/NannanLi/Desktop/Ravdess/Audio_Speech_Actors_01-24/Actor_03/03-01-03-01-02-02-03.wav,3.5035,train,3,03,01,02,02,happy,2
03-01-03-02-01-01-03,C:/Users/NannanLi/Desktop/Ravdess/Audio_Speech_Actors_01-24/Actor_03/03-01-03-02-01-01-03.wav,4.3043,train,3,03,02,01,01,happy,2
03-01-03-02-01-02-03,C:/Users/NannanLi/Desktop/Ravdess/Audio_Speech_Actors_01-24/Actor_03/03-01-03-02-01-02-03.wav,4.4044,train,3,03,02,01,02,happy,2
03-01-03-02-02-01-03,C:/Users/NannanLi/Desktop/Ravdess/Audio_Speech_Actors_01-24/Actor_03/03-01-03-02-02-01-03.wav,4.1375,train,3,03,02,02,01,happy,2
03-01-03-02-02-02-03,C:/Users/NannanLi/Desktop/Ravdess/Audio_Speech_Actors_01-24/Actor_03/03-01-03-02-02-02-03.wav,3.8372,train,3,03,02,02,02,happy,2
03-01-04-01-01-01-03,C:/Users/NannanLi/Desktop/Ravdess/Audio_Speech_Actors_01-24/Actor_03/03-01-04-01-01-01-03.wav,3.6036,train,3,04,01,01,01,sad,3
03-01-04-01-01-02-03,C:/Users/NannanLi/Desktop/Ravdess/Audio_Speech_Actors_01-24/Actor_03/03-01-04-01-01-02-03.wav,3.5702,train,3,04,01,01,02,sad,3
03-01-04-01-02-01-03,C:/Users/NannanLi/Desktop/Ravdess/Audio_Speech_Actors_01-24/Actor_03/03-01-04-01-02-01-03.wav,3.5702,train,3,04,01,02,01,sad,3
03-01-04-01-02-02-03,C:/Users/NannanLi/Desktop/Ravdess/Audio_Speech_Actors_01-24/Actor_03/03-01-04-01-02-02-03.wav,3.5369,train,3,04,01,02,02,sad,3
03-01-04-02-01-01-03,C:/Users/NannanLi/Desktop/Ravdess/Audio_Speech_Actors_01-24/Actor_03/03-01-04-02-01-01-03.wav,3.7704,train,3,04,02,01,01,sad,3
03-01-04-02-01-02-03,C:/Users/NannanLi/Desktop/Ravdess/Audio_Speech_Actors_01-24/Actor_03/03-01-04-02-01-02-03.wav,3.8372,train,3,04,02,01,02,sad,3
03-01-04-02-02-01-03,C:/Users/NannanLi/Desktop/Ravdess/Audio_Speech_Actors_01-24/Actor_03/03-01-04-02-02-01-03.wav,3.4701,train,3,04,02,02,01,sad,3
03-01-04-02-02-02-03,C:/Users/NannanLi/Desktop/Ravdess/Audio_Speech_Actors_01-24/Actor_03/03-01-04-02-02-02-03.wav,3.7037,train,3,04,02,02,02,sad,3
03-01-05-01-01-01-03,C:/Users/NannanLi/Desktop/Ravdess/Audio_Speech_Actors_01-24/Actor_03/03-01-05-01-01-01-03.wav,4.004,train,3,05,01,01,01,angry,4
03-01-05-01-01-02-03,C:/Users/NannanLi/Desktop/Ravdess/Audio_Speech_Actors_01-24/Actor_03/03-01-05-01-01-02-03.wav,4.0707,train,3,05,01,01,02,angry,4
03-01-05-01-02-01-03,C:/Users/NannanLi/Desktop/Ravdess/Audio_Speech_Actors_01-24/Actor_03/03-01-05-01-02-01-03.wav,3.8038,train,3,05,01,02,01,angry,4
03-01-05-01-02-02-03,C:/Users/NannanLi/Desktop/Ravdess/Audio_Speech_Actors_01-24/Actor_03/03-01-05-01-02-02-03.wav,3.8372,train,3,05,01,02,02,angry,4
03-01-05-02-01-01-03,C:/Users/NannanLi/Desktop/Ravdess/Audio_Speech_Actors_01-24/Actor_03/03-01-05-02-01-01-03.wav,4.4044,train,3,05,02,01,01,angry,4
03-01-05-02-01-02-03,C:/Users/NannanLi/Desktop/Ravdess/Audio_Speech_Actors_01-24/Actor_03/03-01-05-02-01-02-03.wav,4.4044,train,3,05,02,01,02,angry,4
03-01-05-02-02-01-03,C:/Users/NannanLi/Desktop/Ravdess/Audio_Speech_Actors_01-24/Actor_03/03-01-05-02-02-01-03.wav,4.2376,train,3,05,02,02,01,angry,4
03-01-05-02-02-02-03,C:/Users/NannanLi/Desktop/Ravdess/Audio_Speech_Actors_01-24/Actor_03/03-01-05-02-02-02-03.wav,4.5045,train,3,05,02,02,02,angry,4
03-01-06-01-01-01-03,C:/Users/NannanLi/Desktop/Ravdess/Audio_Speech_Actors_01-24/Actor_03/03-01-06-01-01-01-03.wav,3.7371,train,3,06,01,01,01,fearful,5
03-01-06-01-01-02-03,C:/Users/NannanLi/Desktop/Ravdess/Audio_Speech_Actors_01-24/Actor_03/03-01-06-01-01-02-03.wav,3.8372,train,3,06,01,01,02,fearful,5
03-01-06-01-02-01-03,C:/Users/NannanLi/Desktop/Ravdess/Audio_Speech_Actors_01-24/Actor_03/03-01-06-01-02-01-03.wav,3.5035,train,3,06,01,02,01,fearful,5
03-01-06-01-02-02-03,C:/Users/NannanLi/Desktop/Ravdess/Audio_Speech_Actors_01-24/Actor_03/03-01-06-01-02-02-03.wav,3.2032,train,3,06,01,02,02,fearful,5
03-01-06-02-01-01-03,C:/Users/NannanLi/Desktop/Ravdess/Audio_Speech_Actors_01-24/Actor_03/03-01-06-02-01-01-03.wav,3.3033,train,3,06,02,01,01,fearful,5
03-01-06-02-01-02-03,C:/Users/NannanLi/Desktop/Ravdess/Audio_Speech_Actors_01-24/Actor_03/03-01-06-02-01-02-03.wav,3.9039,train,3,06,02,01,02,fearful,5
03-01-06-02-02-01-03,C:/Users/NannanLi/Desktop/Ravdess/Audio_Speech_Actors_01-24/Actor_03/03-01-06-02-02-01-03.wav,3.3033,train,3,06,02,02,01,fearful,5
03-01-06-02-02-02-03,C:/Users/NannanLi/Desktop/Ravdess/Audio_Speech_Actors_01-24/Actor_03/03-01-06-02-02-02-03.wav,3.4368,train,3,06,02,02,02,fearful,5
03-01-07-01-01-01-03,C:/Users/NannanLi/Desktop/Ravdess/Audio_Speech_Actors_01-24/Actor_03/03-01-07-01-01-01-03.wav,4.0374,train,3,07,01,01,01,disgust,6
03-01-07-01-01-02-03,C:/Users/NannanLi/Desktop/Ravdess/Audio_Speech_Actors_01-24/Actor_03/03-01-07-01-01-02-03.wav,3.9706,train,3,07,01,01,02,disgust,6
03-01-07-01-02-01-03,C:/Users/NannanLi/Desktop/Ravdess/Audio_Speech_Actors_01-24/Actor_03/03-01-07-01-02-01-03.wav,3.6036,train,3,07,01,02,01,disgust,6
03-01-07-01-02-02-03,C:/Users/NannanLi/Desktop/Ravdess/Audio_Speech_Actors_01-24/Actor_03/03-01-07-01-02-02-03.wav,3.7704,train,3,07,01,02,02,disgust,6
03-01-07-02-01-01-03,C:/Users/NannanLi/Desktop/Ravdess/Audio_Speech_Actors_01-24/Actor_03/03-01-07-02-01-01-03.wav,4.1041,train,3,07,02,01,01,disgust,6
03-01-07-02-01-02-03,C:/Users/NannanLi/Desktop/Ravdess/Audio_Speech_Actors_01-24/Actor_03/03-01-07-02-01-02-03.wav,4.1041,train,3,07,02,01,02,disgust,6
03-01-07-02-02-01-03,C:/Users/NannanLi/Desktop/Ravdess/Audio_Speech_Actors_01-24/Actor_03/03-01-07-02-02-01-03.wav,3.8372,train,3,07,02,02,01,disgust,6
03-01-07-02-02-02-03,C:/Users/NannanLi/Desktop/Ravdess/Audio_Speech_Actors_01-24/Actor_03/03-01-07-02-02-02-03.wav,3.9373,train,3,07,02,02,02,disgust,6
03-01-08-01-01-01-03,C:/Users/NannanLi/Desktop/Ravdess/Audio_Speech_Actors_01-24/Actor_03/03-01-08-01-01-01-03.wav,3.2366,train,3,08,01,01,01,surprise,7
03-01-08-01-01-02-03,C:/Users/NannanLi/Desktop/Ravdess/Audio_Speech_Actors_01-24/Actor_03/03-01-08-01-01-02-03.wav,3.37,train,3,08,01,01,02,surprise,7
03-01-08-01-02-01-03,C:/Users/NannanLi/Desktop/Ravdess/Audio_Speech_Actors_01-24/Actor_03/03-01-08-01-02-01-03.wav,3.2032,train,3,08,01,02,01,surprise,7
03-01-08-01-02-02-03,C:/Users/NannanLi/Desktop/Ravdess/Audio_Speech_Actors_01-24/Actor_03/03-01-08-01-02-02-03.wav,3.5702,train,3,08,01,02,02,surprise,7
03-01-08-02-01-01-03,C:/Users/NannanLi/Desktop/Ravdess/Audio_Speech_Actors_01-24/Actor_03/03-01-08-02-01-01-03.wav,3.2699,train,3,08,02,01,01,surprise,7
03-01-08-02-01-02-03,C:/Users/NannanLi/Desktop/Ravdess/Audio_Speech_Actors_01-24/Actor_03/03-01-08-02-01-02-03.wav,3.6036,train,3,08,02,01,02,surprise,7
03-01-08-02-02-01-03,C:/Users/NannanLi/Desktop/Ravdess/Audio_Speech_Actors_01-24/Actor_03/03-01-08-02-02-01-03.wav,3.5035,train,3,08,02,02,01,surprise,7
03-01-08-02-02-02-03,C:/Users/NannanLi/Desktop/Ravdess/Audio_Speech_Actors_01-24/Actor_03/03-01-08-02-02-02-03.wav,3.2366,train,3,08,02,02,02,surprise,7
03-01-01-01-01-01-04,C:/Users/NannanLi/Desktop/Ravdess/Audio_Speech_Actors_01-24/Actor_04/03-01-01-01-01-01-04.wav,3.3033,train,4,01,01,01,01,neutral,0
03-01-01-01-01-02-04,C:/Users/NannanLi/Desktop/Ravdess/Audio_Speech_Actors_01-24/Actor_04/03-01-01-01-01-02-04.wav,3.37,train,4,01,01,01,02,neutral,0
03-01-01-01-02-01-04,C:/Users/NannanLi/Desktop/Ravdess/Audio_Speech_Actors_01-24/Actor_04/03-01-01-01-02-01-04.wav,3.2699,train,4,01,01,02,01,neutral,0
03-01-01-01-02-02-04,C:/Users/NannanLi/Desktop/Ravdess/Audio_Speech_Actors_01-24/Actor_04/03-01-01-01-02-02-04.wav,3.2366,train,4,01,01,02,02,neutral,0
03-01-02-01-01-01-04,C:/Users/NannanLi/Desktop/Ravdess/Audio_Speech_Actors_01-24/Actor_04/03-01-02-01-01-01-04.wav,3.8038,train,4,02,01,01,01,calm,1
03-01-02-01-01-02-04,C:/Users/NannanLi/Desktop/Ravdess/Audio_Speech_Actors_01-24/Actor_04/03-01-02-01-01-02-04.wav,3.7371,train,4,02,01,01,02,calm,1
03-01-02-01-02-01-04,C:/Users/NannanLi/Desktop/Ravdess/Audio_Speech_Actors_01-24/Actor_04/03-01-02-01-02-01-04.wav,3.637,train,4,02,01,02,01,calm,1
03-01-02-01-02-02-04,C:/Users/NannanLi/Desktop/Ravdess/Audio_Speech_Actors_01-24/Actor_04/03-01-02-01-02-02-04.wav,3.5703,train,4,02,01,02,02,calm,1
03-01-02-02-01-01-04,C:/Users/NannanLi/Desktop/Ravdess/Audio_Speech_Actors_01-24/Actor_04/03-01-02-02-01-01-04.wav,3.9706,train,4,02,02,01,01,calm,1
03-01-02-02-01-02-04,C:/Users/NannanLi/Desktop/Ravdess/Audio_Speech_Actors_01-24/Actor_04/03-01-02-02-01-02-04.wav,3.8038,train,4,02,02,01,02,calm,1
03-01-02-02-02-01-04,C:/Users/NannanLi/Desktop/Ravdess/Audio_Speech_Actors_01-24/Actor_04/03-01-02-02-02-01-04.wav,3.8038,train,4,02,02,02,01,calm,1
03-01-02-02-02-02-04,C:/Users/NannanLi/Desktop/Ravdess/Audio_Speech_Actors_01-24/Actor_04/03-01-02-02-02-02-04.wav,4.0374,train,4,02,02,02,02,calm,1
03-01-03-01-01-01-04,C:/Users/NannanLi/Desktop/Ravdess/Audio_Speech_Actors_01-24/Actor_04/03-01-03-01-01-01-04.wav,3.5035,train,4,03,01,01,01,happy,2
03-01-03-01-01-02-04,C:/Users/NannanLi/Desktop/Ravdess/Audio_Speech_Actors_01-24/Actor_04/03-01-03-01-01-02-04.wav,3.5369,train,4,03,01,01,02,happy,2
03-01-03-01-02-01-04,C:/Users/NannanLi/Desktop/Ravdess/Audio_Speech_Actors_01-24/Actor_04/03-01-03-01-02-01-04.wav,3.5035,train,4,03,01,02,01,happy,2
03-01-03-01-02-02-04,C:/Users/NannanLi/Desktop/Ravdess/Audio_Speech_Actors_01-24/Actor_04/03-01-03-01-02-02-04.wav,3.4368,train,4,03,01,02,02,happy,2
03-01-03-02-01-01-04,C:/Users/NannanLi/Desktop/Ravdess/Audio_Speech_Actors_01-24/Actor_04/03-01-03-02-01-01-04.wav,3.8705,train,4,03,02,01,01,happy,2
03-01-03-02-01-02-04,C:/Users/NannanLi/Desktop/Ravdess/Audio_Speech_Actors_01-24/Actor_04/03-01-03-02-01-02-04.wav,3.5702,train,4,03,02,01,02,happy,2
03-01-03-02-02-01-04,C:/Users/NannanLi/Desktop/Ravdess/Audio_Speech_Actors_01-24/Actor_04/03-01-03-02-02-01-04.wav,3.6036,train,4,03,02,02,01,happy,2
03-01-03-02-02-02-04,C:/Users/NannanLi/Desktop/Ravdess/Audio_Speech_Actors_01-24/Actor_04/03-01-03-02-02-02-04.wav,3.7704,train,4,03,02,02,02,happy,2
03-01-04-01-01-01-04,C:/Users/NannanLi/Desktop/Ravdess/Audio_Speech_Actors_01-24/Actor_04/03-01-04-01-01-01-04.wav,3.37,train,4,04,01,01,01,sad,3
03-01-04-01-01-02-04,C:/Users/NannanLi/Desktop/Ravdess/Audio_Speech_Actors_01-24/Actor_04/03-01-04-01-01-02-04.wav,3.4034,train,4,04,01,01,02,sad,3
03-01-04-01-02-01-04,C:/Users/NannanLi/Desktop/Ravdess/Audio_Speech_Actors_01-24/Actor_04/03-01-04-01-02-01-04.wav,3.4368,train,4,04,01,02,01,sad,3
03-01-04-01-02-02-04,C:/Users/NannanLi/Desktop/Ravdess/Audio_Speech_Actors_01-24/Actor_04/03-01-04-01-02-02-04.wav,3.4701,train,4,04,01,02,02,sad,3
03-01-04-02-01-01-04,C:/Users/NannanLi/Desktop/Ravdess/Audio_Speech_Actors_01-24/Actor_04/03-01-04-02-01-01-04.wav,3.6703,train,4,04,02,01,01,sad,3
03-01-04-02-01-02-04,C:/Users/NannanLi/Desktop/Ravdess/Audio_Speech_Actors_01-24/Actor_04/03-01-04-02-01-02-04.wav,3.7704,train,4,04,02,01,02,sad,3
03-01-04-02-02-01-04,C:/Users/NannanLi/Desktop/Ravdess/Audio_Speech_Actors_01-24/Actor_04/03-01-04-02-02-01-04.wav,3.7704,train,4,04,02,02,01,sad,3
03-01-04-02-02-02-04,C:/Users/NannanLi/Desktop/Ravdess/Audio_Speech_Actors_01-24/Actor_04/03-01-04-02-02-02-04.wav,3.7704,train,4,04,02,02,02,sad,3
03-01-05-01-01-01-04,C:/Users/NannanLi/Desktop/Ravdess/Audio_Speech_Actors_01-24/Actor_04/03-01-05-01-01-01-04.wav,3.7037,train,4,05,01,01,01,angry,4
03-01-05-01-01-02-04,C:/Users/NannanLi/Desktop/Ravdess/Audio_Speech_Actors_01-24/Actor_04/03-01-05-01-01-02-04.wav,3.6036,train,4,05,01,01,02,angry,4
03-01-05-01-02-01-04,C:/Users/NannanLi/Desktop/Ravdess/Audio_Speech_Actors_01-24/Actor_04/03-01-05-01-02-01-04.wav,3.4701,train,4,05,01,02,01,angry,4
03-01-05-01-02-02-04,C:/Users/NannanLi/Desktop/Ravdess/Audio_Speech_Actors_01-24/Actor_04/03-01-05-01-02-02-04.wav,3.7371,train,4,05,01,02,02,angry,4
03-01-05-02-01-01-04,C:/Users/NannanLi/Desktop/Ravdess/Audio_Speech_Actors_01-24/Actor_04/03-01-05-02-01-01-04.wav,3.7704,train,4,05,02,01,01,angry,4
03-01-05-02-01-02-04,C:/Users/NannanLi/Desktop/Ravdess/Audio_Speech_Actors_01-24/Actor_04/03-01-05-02-01-02-04.wav,3.8705,train,4,05,02,01,02,angry,4
03-01-05-02-02-01-04,C:/Users/NannanLi/Desktop/Ravdess/Audio_Speech_Actors_01-24/Actor_04/03-01-05-02-02-01-04.wav,3.7037,train,4,05,02,02,01,angry,4
03-01-05-02-02-02-04,C:/Users/NannanLi/Desktop/Ravdess/Audio_Speech_Actors_01-24/Actor_04/03-01-05-02-02-02-04.wav,3.8372,train,4,05,02,02,02,angry,4
03-01-06-01-01-01-04,C:/Users/NannanLi/Desktop/Ravdess/Audio_Speech_Actors_01-24/Actor_04/03-01-06-01-01-01-04.wav,3.3033,train,4,06,01,01,01,fearful,5
03-01-06-01-01-02-04,C:/Users/NannanLi/Desktop/Ravdess/Audio_Speech_Actors_01-24/Actor_04/03-01-06-01-01-02-04.wav,3.2366,train,4,06,01,01,02,fearful,5
03-01-06-01-02-01-04,C:/Users/NannanLi/Desktop/Ravdess/Audio_Speech_Actors_01-24/Actor_04/03-01-06-01-02-01-04.wav,3.4701,train,4,06,01,02,01,fearful,5
03-01-06-01-02-02-04,C:/Users/NannanLi/Desktop/Ravdess/Audio_Speech_Actors_01-24/Actor_04/03-01-06-01-02-02-04.wav,3.4701,train,4,06,01,02,02,fearful,5
03-01-06-02-01-01-04,C:/Users/NannanLi/Desktop/Ravdess/Audio_Speech_Actors_01-24/Actor_04/03-01-06-02-01-01-04.wav,3.9373,train,4,06,02,01,01,fearful,5
03-01-06-02-01-02-04,C:/Users/NannanLi/Desktop/Ravdess/Audio_Speech_Actors_01-24/Actor_04/03-01-06-02-01-02-04.wav,3.4034,train,4,06,02,01,02,fearful,5
03-01-06-02-02-01-04,C:/Users/NannanLi/Desktop/Ravdess/Audio_Speech_Actors_01-24/Actor_04/03-01-06-02-02-01-04.wav,3.6036,train,4,06,02,02,01,fearful,5
03-01-06-02-02-02-04,C:/Users/NannanLi/Desktop/Ravdess/Audio_Speech_Actors_01-24/Actor_04/03-01-06-02-02-02-04.wav,3.5702,train,4,06,02,02,02,fearful,5
03-01-07-01-01-01-04,C:/Users/NannanLi/Desktop/Ravdess/Audio_Speech_Actors_01-24/Actor_04/03-01-07-01-01-01-04.wav,3.9039,train,4,07,01,01,01,disgust,6
03-01-07-01-01-02-04,C:/Users/NannanLi/Desktop/Ravdess/Audio_Speech_Actors_01-24/Actor_04/03-01-07-01-01-02-04.wav,3.9039,train,4,07,01,01,02,disgust,6
03-01-07-01-02-01-04,C:/Users/NannanLi/Desktop/Ravdess/Audio_Speech_Actors_01-24/Actor_04/03-01-07-01-02-01-04.wav,3.7704,train,4,07,01,02,01,disgust,6
03-01-07-01-02-02-04,C:/Users/NannanLi/Desktop/Ravdess/Audio_Speech_Actors_01-24/Actor_04/03-01-07-01-02-02-04.wav,3.8038,train,4,07,01,02,02,disgust,6
03-01-07-02-01-01-04,C:/Users/NannanLi/Desktop/Ravdess/Audio_Speech_Actors_01-24/Actor_04/03-01-07-02-01-01-04.wav,4.004,train,4,07,02,01,01,disgust,6
03-01-07-02-01-02-04,C:/Users/NannanLi/Desktop/Ravdess/Audio_Speech_Actors_01-24/Actor_04/03-01-07-02-01-02-04.wav,4.0374,train,4,07,02,01,02,disgust,6
03-01-07-02-02-01-04,C:/Users/NannanLi/Desktop/Ravdess/Audio_Speech_Actors_01-24/Actor_04/03-01-07-02-02-01-04.wav,3.8705,train,4,07,02,02,01,disgust,6
03-01-07-02-02-02-04,C:/Users/NannanLi/Desktop/Ravdess/Audio_Speech_Actors_01-24/Actor_04/03-01-07-02-02-02-04.wav,3.9373,train,4,07,02,02,02,disgust,6
03-01-08-01-01-01-04,C:/Users/NannanLi/Desktop/Ravdess/Audio_Speech_Actors_01-24/Actor_04/03-01-08-01-01-01-04.wav,3.2366,train,4,08,01,01,01,surprise,7
03-01-08-01-01-02-04,C:/Users/NannanLi/Desktop/Ravdess/Audio_Speech_Actors_01-24/Actor_04/03-01-08-01-01-02-04.wav,3.3367,train,4,08,01,01,02,surprise,7
03-01-08-01-02-01-04,C:/Users/NannanLi/Desktop/Ravdess/Audio_Speech_Actors_01-24/Actor_04/03-01-08-01-02-01-04.wav,3.637,train,4,08,01,02,01,surprise,7
03-01-08-01-02-02-04,C:/Users/NannanLi/Desktop/Ravdess/Audio_Speech_Actors_01-24/Actor_04/03-01-08-01-02-02-04.wav,3.4367,train,4,08,01,02,02,surprise,7
03-01-08-02-01-01-04,C:/Users/NannanLi/Desktop/Ravdess/Audio_Speech_Actors_01-24/Actor_04/03-01-08-02-01-01-04.wav,3.6703,train,4,08,02,01,01,surprise,7
03-01-08-02-01-02-04,C:/Users/NannanLi/Desktop/Ravdess/Audio_Speech_Actors_01-24/Actor_04/03-01-08-02-01-02-04.wav,3.5702,train,4,08,02,01,02,surprise,7
03-01-08-02-02-01-04,C:/Users/NannanLi/Desktop/Ravdess/Audio_Speech_Actors_01-24/Actor_04/03-01-08-02-02-01-04.wav,3.4701,train,4,08,02,02,01,surprise,7
03-01-08-02-02-02-04,C:/Users/NannanLi/Desktop/Ravdess/Audio_Speech_Actors_01-24/Actor_04/03-01-08-02-02-02-04.wav,3.5369,train,4,08,02,02,02,surprise,7
03-01-01-01-01-01-05,C:/Users/NannanLi/Desktop/Ravdess/Audio_Speech_Actors_01-24/Actor_05/03-01-01-01-01-01-05.wav,3.6036,train,5,01,01,01,01,neutral,0
03-01-01-01-01-02-05,C:/Users/NannanLi/Desktop/Ravdess/Audio_Speech_Actors_01-24/Actor_05/03-01-01-01-01-02-05.wav,3.637,train,5,01,01,01,02,neutral,0
03-01-01-01-02-01-05,C:/Users/NannanLi/Desktop/Ravdess/Audio_Speech_Actors_01-24/Actor_05/03-01-01-01-02-01-05.wav,3.1031,train,5,01,01,02,01,neutral,0
03-01-01-01-02-02-05,C:/Users/NannanLi/Desktop/Ravdess/Audio_Speech_Actors_01-24/Actor_05/03-01-01-01-02-02-05.wav,3.6036,train,5,01,01,02,02,neutral,0
03-01-02-01-01-01-05,C:/Users/NannanLi/Desktop/Ravdess/Audio_Speech_Actors_01-24/Actor_05/03-01-02-01-01-01-05.wav,4.0374,train,5,02,01,01,01,calm,1
03-01-02-01-01-02-05,C:/Users/NannanLi/Desktop/Ravdess/Audio_Speech_Actors_01-24/Actor_05/03-01-02-01-01-02-05.wav,4.1041,train,5,02,01,01,02,calm,1
03-01-02-01-02-01-05,C:/Users/NannanLi/Desktop/Ravdess/Audio_Speech_Actors_01-24/Actor_05/03-01-02-01-02-01-05.wav,4.1375,train,5,02,01,02,01,calm,1
03-01-02-01-02-02-05,C:/Users/NannanLi/Desktop/Ravdess/Audio_Speech_Actors_01-24/Actor_05/03-01-02-01-02-02-05.wav,4.2376,train,5,02,01,02,02,calm,1
03-01-02-02-01-01-05,C:/Users/NannanLi/Desktop/Ravdess/Audio_Speech_Actors_01-24/Actor_05/03-01-02-02-01-01-05.wav,4.7381,train,5,02,02,01,01,calm,1
03-01-02-02-01-02-05,C:/Users/NannanLi/Desktop/Ravdess/Audio_Speech_Actors_01-24/Actor_05/03-01-02-02-01-02-05.wav,4.5045,train,5,02,02,01,02,calm,1
03-01-02-02-02-01-05,C:/Users/NannanLi/Desktop/Ravdess/Audio_Speech_Actors_01-24/Actor_05/03-01-02-02-02-01-05.wav,4.7714,train,5,02,02,02,01,calm,1
03-01-02-02-02-02-05,C:/Users/NannanLi/Desktop/Ravdess/Audio_Speech_Actors_01-24/Actor_05/03-01-02-02-02-02-05.wav,4.3043,train,5,02,02,02,02,calm,1
03-01-03-01-01-01-05,C:/Users/NannanLi/Desktop/Ravdess/Audio_Speech_Actors_01-24/Actor_05/03-01-03-01-01-01-05.wav,4.004,train,5,03,01,01,01,happy,2
03-01-03-01-01-02-05,C:/Users/NannanLi/Desktop/Ravdess/Audio_Speech_Actors_01-24/Actor_05/03-01-03-01-01-02-05.wav,3.2366,train,5,03,01,01,02,happy,2
03-01-03-01-02-01-05,C:/Users/NannanLi/Desktop/Ravdess/Audio_Speech_Actors_01-24/Actor_05/03-01-03-01-02-01-05.wav,3.37,train,5,03,01,02,01,happy,2
03-01-03-01-02-02-05,C:/Users/NannanLi/Desktop/Ravdess/Audio_Speech_Actors_01-24/Actor_05/03-01-03-01-02-02-05.wav,3.7704,train,5,03,01,02,02,happy,2
03-01-03-02-01-01-05,C:/Users/NannanLi/Desktop/Ravdess/Audio_Speech_Actors_01-24/Actor_05/03-01-03-02-01-01-05.wav,4.1375,train,5,03,02,01,01,happy,2
03-01-03-02-01-02-05,C:/Users/NannanLi/Desktop/Ravdess/Audio_Speech_Actors_01-24/Actor_05/03-01-03-02-01-02-05.wav,3.8705,train,5,03,02,01,02,happy,2
03-01-03-02-02-01-05,C:/Users/NannanLi/Desktop/Ravdess/Audio_Speech_Actors_01-24/Actor_05/03-01-03-02-02-01-05.wav,3.6036,train,5,03,02,02,01,happy,2
03-01-03-02-02-02-05,C:/Users/NannanLi/Desktop/Ravdess/Audio_Speech_Actors_01-24/Actor_05/03-01-03-02-02-02-05.wav,3.4034,train,5,03,02,02,02,happy,2
03-01-04-01-01-01-05,C:/Users/NannanLi/Desktop/Ravdess/Audio_Speech_Actors_01-24/Actor_05/03-01-04-01-01-01-05.wav,3.2699,train,5,04,01,01,01,sad,3
03-01-04-01-01-02-05,C:/Users/NannanLi/Desktop/Ravdess/Audio_Speech_Actors_01-24/Actor_05/03-01-04-01-01-02-05.wav,3.637,train,5,04,01,01,02,sad,3
03-01-04-01-02-01-05,C:/Users/NannanLi/Desktop/Ravdess/Audio_Speech_Actors_01-24/Actor_05/03-01-04-01-02-01-05.wav,3.1031,train,5,04,01,02,01,sad,3
03-01-04-01-02-02-05,C:/Users/NannanLi/Desktop/Ravdess/Audio_Speech_Actors_01-24/Actor_05/03-01-04-01-02-02-05.wav,3.7037,train,5,04,01,02,02,sad,3
03-01-04-02-01-01-05,C:/Users/NannanLi/Desktop/Ravdess/Audio_Speech_Actors_01-24/Actor_05/03-01-04-02-01-01-05.wav,3.5369,train,5,04,02,01,01,sad,3
03-01-04-02-01-02-05,C:/Users/NannanLi/Desktop/Ravdess/Audio_Speech_Actors_01-24/Actor_05/03-01-04-02-01-02-05.wav,3.2699,train,5,04,02,01,02,sad,3
03-01-04-02-02-01-05,C:/Users/NannanLi/Desktop/Ravdess/Audio_Speech_Actors_01-24/Actor_05/03-01-04-02-02-01-05.wav,3.2699,train,5,04,02,02,01,sad,3
03-01-04-02-02-02-05,C:/Users/NannanLi/Desktop/Ravdess/Audio_Speech_Actors_01-24/Actor_05/03-01-04-02-02-02-05.wav,3.1365,train,5,04,02,02,02,sad,3
03-01-05-01-01-01-05,C:/Users/NannanLi/Desktop/Ravdess/Audio_Speech_Actors_01-24/Actor_05/03-01-05-01-01-01-05.wav,3.8705,train,5,05,01,01,01,angry,4
03-01-05-01-01-02-05,C:/Users/NannanLi/Desktop/Ravdess/Audio_Speech_Actors_01-24/Actor_05/03-01-05-01-01-02-05.wav,3.8038,train,5,05,01,01,02,angry,4
03-01-05-01-02-01-05,C:/Users/NannanLi/Desktop/Ravdess/Audio_Speech_Actors_01-24/Actor_05/03-01-05-01-02-01-05.wav,4.0707,train,5,05,01,02,01,angry,4
03-01-05-01-02-02-05,C:/Users/NannanLi/Desktop/Ravdess/Audio_Speech_Actors_01-24/Actor_05/03-01-05-01-02-02-05.wav,4.4044,train,5,05,01,02,02,angry,4
03-01-05-02-01-01-05,C:/Users/NannanLi/Desktop/Ravdess/Audio_Speech_Actors_01-24/Actor_05/03-01-05-02-01-01-05.wav,3.4034,train,5,05,02,01,01,angry,4
03-01-05-02-01-02-05,C:/Users/NannanLi/Desktop/Ravdess/Audio_Speech_Actors_01-24/Actor_05/03-01-05-02-01-02-05.wav,3.5702,train,5,05,02,01,02,angry,4
03-01-05-02-02-01-05,C:/Users/NannanLi/Desktop/Ravdess/Audio_Speech_Actors_01-24/Actor_05/03-01-05-02-02-01-05.wav,3.637,train,5,05,02,02,01,angry,4
03-01-05-02-02-02-05,C:/Users/NannanLi/Desktop/Ravdess/Audio_Speech_Actors_01-24/Actor_05/03-01-05-02-02-02-05.wav,3.637,train,5,05,02,02,02,angry,4
03-01-06-01-01-01-05,C:/Users/NannanLi/Desktop/Ravdess/Audio_Speech_Actors_01-24/Actor_05/03-01-06-01-01-01-05.wav,3.1365,train,5,06,01,01,01,fearful,5
03-01-06-01-01-02-05,C:/Users/NannanLi/Desktop/Ravdess/Audio_Speech_Actors_01-24/Actor_05/03-01-06-01-01-02-05.wav,3.37,train,5,06,01,01,02,fearful,5
03-01-06-01-02-01-05,C:/Users/NannanLi/Desktop/Ravdess/Audio_Speech_Actors_01-24/Actor_05/03-01-06-01-02-01-05.wav,3.1365,train,5,06,01,02,01,fearful,5
03-01-06-01-02-02-05,C:/Users/NannanLi/Desktop/Ravdess/Audio_Speech_Actors_01-24/Actor_05/03-01-06-01-02-02-05.wav,3.0697,train,5,06,01,02,02,fearful,5
03-01-06-02-01-01-05,C:/Users/NannanLi/Desktop/Ravdess/Audio_Speech_Actors_01-24/Actor_05/03-01-06-02-01-01-05.wav,3.2366,train,5,06,02,01,01,fearful,5
03-01-06-02-01-02-05,C:/Users/NannanLi/Desktop/Ravdess/Audio_Speech_Actors_01-24/Actor_05/03-01-06-02-01-02-05.wav,3.5702,train,5,06,02,01,02,fearful,5
03-01-06-02-02-01-05,C:/Users/NannanLi/Desktop/Ravdess/Audio_Speech_Actors_01-24/Actor_05/03-01-06-02-02-01-05.wav,3.2366,train,5,06,02,02,01,fearful,5
03-01-06-02-02-02-05,C:/Users/NannanLi/Desktop/Ravdess/Audio_Speech_Actors_01-24/Actor_05/03-01-06-02-02-02-05.wav,3.1031,train,5,06,02,02,02,fearful,5
03-01-07-01-01-01-05,C:/Users/NannanLi/Desktop/Ravdess/Audio_Speech_Actors_01-24/Actor_05/03-01-07-01-01-01-05.wav,4.3377,train,5,07,01,01,01,disgust,6
03-01-07-01-01-02-05,C:/Users/NannanLi/Desktop/Ravdess/Audio_Speech_Actors_01-24/Actor_05/03-01-07-01-01-02-05.wav,4.1041,train,5,07,01,01,02,disgust,6
03-01-07-01-02-01-05,C:/Users/NannanLi/Desktop/Ravdess/Audio_Speech_Actors_01-24/Actor_05/03-01-07-01-02-01-05.wav,3.9039,train,5,07,01,02,01,disgust,6
03-01-07-01-02-02-05,C:/Users/NannanLi/Desktop/Ravdess/Audio_Speech_Actors_01-24/Actor_05/03-01-07-01-02-02-05.wav,3.7371,train,5,07,01,02,02,disgust,6
03-01-07-02-01-01-05,C:/Users/NannanLi/Desktop/Ravdess/Audio_Speech_Actors_01-24/Actor_05/03-01-07-02-01-01-05.wav,4.3377,train,5,07,02,01,01,disgust,6
03-01-07-02-01-02-05,C:/Users/NannanLi/Desktop/Ravdess/Audio_Speech_Actors_01-24/Actor_05/03-01-07-02-01-02-05.wav,3.9039,train,5,07,02,01,02,disgust,6
03-01-07-02-02-01-05,C:/Users/NannanLi/Desktop/Ravdess/Audio_Speech_Actors_01-24/Actor_05/03-01-07-02-02-01-05.wav,4.2709,train,5,07,02,02,01,disgust,6
03-01-07-02-02-02-05,C:/Users/NannanLi/Desktop/Ravdess/Audio_Speech_Actors_01-24/Actor_05/03-01-07-02-02-02-05.wav,4.5379,train,5,07,02,02,02,disgust,6
03-01-08-01-01-01-05,C:/Users/NannanLi/Desktop/Ravdess/Audio_Speech_Actors_01-24/Actor_05/03-01-08-01-01-01-05.wav,3.7371,train,5,08,01,01,01,surprise,7
03-01-08-01-01-02-05,C:/Users/NannanLi/Desktop/Ravdess/Audio_Speech_Actors_01-24/Actor_05/03-01-08-01-01-02-05.wav,3.6703,train,5,08,01,01,02,surprise,7
03-01-08-01-02-01-05,C:/Users/NannanLi/Desktop/Ravdess/Audio_Speech_Actors_01-24/Actor_05/03-01-08-01-02-01-05.wav,3.0697,train,5,08,01,02,01,surprise,7
03-01-08-01-02-02-05,C:/Users/NannanLi/Desktop/Ravdess/Audio_Speech_Actors_01-24/Actor_05/03-01-08-01-02-02-05.wav,3.7037,train,5,08,01,02,02,surprise,7
03-01-08-02-01-01-05,C:/Users/NannanLi/Desktop/Ravdess/Audio_Speech_Actors_01-24/Actor_05/03-01-08-02-01-01-05.wav,4.1375,train,5,08,02,01,01,surprise,7
03-01-08-02-01-02-05,C:/Users/NannanLi/Desktop/Ravdess/Audio_Speech_Actors_01-24/Actor_05/03-01-08-02-01-02-05.wav,4.1041,train,5,08,02,01,02,surprise,7
03-01-08-02-02-01-05,C:/Users/NannanLi/Desktop/Ravdess/Audio_Speech_Actors_01-24/Actor_05/03-01-08-02-02-01-05.wav,3.6703,train,5,08,02,02,01,surprise,7
03-01-08-02-02-02-05,C:/Users/NannanLi/Desktop/Ravdess/Audio_Speech_Actors_01-24/Actor_05/03-01-08-02-02-02-05.wav,3.5369,train,5,08,02,02,02,surprise,7
03-01-01-01-01-01-06,C:/Users/NannanLi/Desktop/Ravdess/Audio_Speech_Actors_01-24/Actor_06/03-01-01-01-01-01-06.wav,3.3367,train,6,01,01,01,01,neutral,0
03-01-01-01-01-02-06,C:/Users/NannanLi/Desktop/Ravdess/Audio_Speech_Actors_01-24/Actor_06/03-01-01-01-01-02-06.wav,3.6036,train,6,01,01,01,02,neutral,0
03-01-01-01-02-01-06,C:/Users/NannanLi/Desktop/Ravdess/Audio_Speech_Actors_01-24/Actor_06/03-01-01-01-02-01-06.wav,3.4034,train,6,01,01,02,01,neutral,0
03-01-01-01-02-02-06,C:/Users/NannanLi/Desktop/Ravdess/Audio_Speech_Actors_01-24/Actor_06/03-01-01-01-02-02-06.wav,3.4368,train,6,01,01,02,02,neutral,0
03-01-02-01-01-01-06,C:/Users/NannanLi/Desktop/Ravdess/Audio_Speech_Actors_01-24/Actor_06/03-01-02-01-01-01-06.wav,4.0374,train,6,02,01,01,01,calm,1
03-01-02-01-01-02-06,C:/Users/NannanLi/Desktop/Ravdess/Audio_Speech_Actors_01-24/Actor_06/03-01-02-01-01-02-06.wav,4.1041,train,6,02,01,01,02,calm,1
03-01-02-01-02-01-06,C:/Users/NannanLi/Desktop/Ravdess/Audio_Speech_Actors_01-24/Actor_06/03-01-02-01-02-01-06.wav,3.9706,train,6,02,01,02,01,calm,1
03-01-02-01-02-02-06,C:/Users/NannanLi/Desktop/Ravdess/Audio_Speech_Actors_01-24/Actor_06/03-01-02-01-02-02-06.wav,4.2042,train,6,02,01,02,02,calm,1
03-01-02-02-01-01-06,C:/Users/NannanLi/Desktop/Ravdess/Audio_Speech_Actors_01-24/Actor_06/03-01-02-02-01-01-06.wav,4.5045,train,6,02,02,01,01,calm,1
03-01-02-02-01-02-06,C:/Users/NannanLi/Desktop/Ravdess/Audio_Speech_Actors_01-24/Actor_06/03-01-02-02-01-02-06.wav,4.638,train,6,02,02,01,02,calm,1
03-01-02-02-02-01-06,C:/Users/NannanLi/Desktop/Ravdess/Audio_Speech_Actors_01-24/Actor_06/03-01-02-02-02-01-06.wav,4.3377,train,6,02,02,02,01,calm,1
03-01-02-02-02-02-06,C:/Users/NannanLi/Desktop/Ravdess/Audio_Speech_Actors_01-24/Actor_06/03-01-02-02-02-02-06.wav,4.7714,train,6,02,02,02,02,calm,1
03-01-03-01-01-01-06,C:/Users/NannanLi/Desktop/Ravdess/Audio_Speech_Actors_01-24/Actor_06/03-01-03-01-01-01-06.wav,3.5369,train,6,03,01,01,01,happy,2
03-01-03-01-01-02-06,C:/Users/NannanLi/Desktop/Ravdess/Audio_Speech_Actors_01-24/Actor_06/03-01-03-01-01-02-06.wav,3.6036,train,6,03,01,01,02,happy,2
03-01-03-01-02-01-06,C:/Users/NannanLi/Desktop/Ravdess/Audio_Speech_Actors_01-24/Actor_06/03-01-03-01-02-01-06.wav,3.4701,train,6,03,01,02,01,happy,2
03-01-03-01-02-02-06,C:/Users/NannanLi/Desktop/Ravdess/Audio_Speech_Actors_01-24/Actor_06/03-01-03-01-02-02-06.wav,3.4368,train,6,03,01,02,02,happy,2
03-01-03-02-01-01-06,C:/Users/NannanLi/Desktop/Ravdess/Audio_Speech_Actors_01-24/Actor_06/03-01-03-02-01-01-06.wav,3.5035,train,6,03,02,01,01,happy,2
03-01-03-02-01-02-06,C:/Users/NannanLi/Desktop/Ravdess/Audio_Speech_Actors_01-24/Actor_06/03-01-03-02-01-02-06.wav,3.4701,train,6,03,02,01,02,happy,2
03-01-03-02-02-01-06,C:/Users/NannanLi/Desktop/Ravdess/Audio_Speech_Actors_01-24/Actor_06/03-01-03-02-02-01-06.wav,3.5702,train,6,03,02,02,01,happy,2
03-01-03-02-02-02-06,C:/Users/NannanLi/Desktop/Ravdess/Audio_Speech_Actors_01-24/Actor_06/03-01-03-02-02-02-06.wav,3.6036,train,6,03,02,02,02,happy,2
03-01-04-01-01-01-06,C:/Users/NannanLi/Desktop/Ravdess/Audio_Speech_Actors_01-24/Actor_06/03-01-04-01-01-01-06.wav,3.5702,train,6,04,01,01,01,sad,3
03-01-04-01-01-02-06,C:/Users/NannanLi/Desktop/Ravdess/Audio_Speech_Actors_01-24/Actor_06/03-01-04-01-01-02-06.wav,3.6036,train,6,04,01,01,02,sad,3
03-01-04-01-02-01-06,C:/Users/NannanLi/Desktop/Ravdess/Audio_Speech_Actors_01-24/Actor_06/03-01-04-01-02-01-06.wav,3.4701,train,6,04,01,02,01,sad,3
03-01-04-01-02-02-06,C:/Users/NannanLi/Desktop/Ravdess/Audio_Speech_Actors_01-24/Actor_06/03-01-04-01-02-02-06.wav,3.4368,train,6,04,01,02,02,sad,3
03-01-04-02-01-01-06,C:/Users/NannanLi/Desktop/Ravdess/Audio_Speech_Actors_01-24/Actor_06/03-01-04-02-01-01-06.wav,4.2042,train,6,04,02,01,01,sad,3
03-01-04-02-01-02-06,C:/Users/NannanLi/Desktop/Ravdess/Audio_Speech_Actors_01-24/Actor_06/03-01-04-02-01-02-06.wav,4.1041,train,6,04,02,01,02,sad,3
03-01-04-02-02-01-06,C:/Users/NannanLi/Desktop/Ravdess/Audio_Speech_Actors_01-24/Actor_06/03-01-04-02-02-01-06.wav,4.6046,train,6,04,02,02,01,sad,3
03-01-04-02-02-02-06,C:/Users/NannanLi/Desktop/Ravdess/Audio_Speech_Actors_01-24/Actor_06/03-01-04-02-02-02-06.wav,4.0374,train,6,04,02,02,02,sad,3
03-01-05-01-01-01-06,C:/Users/NannanLi/Desktop/Ravdess/Audio_Speech_Actors_01-24/Actor_06/03-01-05-01-01-01-06.wav,3.7704,train,6,05,01,01,01,angry,4
03-01-05-01-01-02-06,C:/Users/NannanLi/Desktop/Ravdess/Audio_Speech_Actors_01-24/Actor_06/03-01-05-01-01-02-06.wav,3.9706,train,6,05,01,01,02,angry,4
03-01-05-01-02-01-06,C:/Users/NannanLi/Desktop/Ravdess/Audio_Speech_Actors_01-24/Actor_06/03-01-05-01-02-01-06.wav,4.2042,train,6,05,01,02,01,angry,4
03-01-05-01-02-02-06,C:/Users/NannanLi/Desktop/Ravdess/Audio_Speech_Actors_01-24/Actor_06/03-01-05-01-02-02-06.wav,3.9039,train,6,05,01,02,02,angry,4
03-01-05-02-01-01-06,C:/Users/NannanLi/Desktop/Ravdess/Audio_Speech_Actors_01-24/Actor_06/03-01-05-02-01-01-06.wav,4.1041,train,6,05,02,01,01,angry,4
03-01-05-02-01-02-06,C:/Users/NannanLi/Desktop/Ravdess/Audio_Speech_Actors_01-24/Actor_06/03-01-05-02-01-02-06.wav,4.2042,train,6,05,02,01,02,angry,4
03-01-05-02-02-01-06,C:/Users/NannanLi/Desktop/Ravdess/Audio_Speech_Actors_01-24/Actor_06/03-01-05-02-02-01-06.wav,4.4378,train,6,05,02,02,01,angry,4
03-01-05-02-02-02-06,C:/Users/NannanLi/Desktop/Ravdess/Audio_Speech_Actors_01-24/Actor_06/03-01-05-02-02-02-06.wav,4.4711,train,6,05,02,02,02,angry,4
03-01-06-01-01-01-06,C:/Users/NannanLi/Desktop/Ravdess/Audio_Speech_Actors_01-24/Actor_06/03-01-06-01-01-01-06.wav,3.637,train,6,06,01,01,01,fearful,5
03-01-06-01-01-02-06,C:/Users/NannanLi/Desktop/Ravdess/Audio_Speech_Actors_01-24/Actor_06/03-01-06-01-01-02-06.wav,3.4368,train,6,06,01,01,02,fearful,5
03-01-06-01-02-01-06,C:/Users/NannanLi/Desktop/Ravdess/Audio_Speech_Actors_01-24/Actor_06/03-01-06-01-02-01-06.wav,3.5703,train,6,06,01,02,01,fearful,5
03-01-06-01-02-02-06,C:/Users/NannanLi/Desktop/Ravdess/Audio_Speech_Actors_01-24/Actor_06/03-01-06-01-02-02-06.wav,3.5035,train,6,06,01,02,02,fearful,5
03-01-06-02-01-01-06,C:/Users/NannanLi/Desktop/Ravdess/Audio_Speech_Actors_01-24/Actor_06/03-01-06-02-01-01-06.wav,3.637,train,6,06,02,01,01,fearful,5
03-01-06-02-01-02-06,C:/Users/NannanLi/Desktop/Ravdess/Audio_Speech_Actors_01-24/Actor_06/03-01-06-02-01-02-06.wav,3.6036,train,6,06,02,01,02,fearful,5
03-01-06-02-02-01-06,C:/Users/NannanLi/Desktop/Ravdess/Audio_Speech_Actors_01-24/Actor_06/03-01-06-02-02-01-06.wav,3.7371,train,6,06,02,02,01,fearful,5
03-01-06-02-02-02-06,C:/Users/NannanLi/Desktop/Ravdess/Audio_Speech_Actors_01-24/Actor_06/03-01-06-02-02-02-06.wav,3.7371,train,6,06,02,02,02,fearful,5
03-01-07-01-01-01-06,C:/Users/NannanLi/Desktop/Ravdess/Audio_Speech_Actors_01-24/Actor_06/03-01-07-01-01-01-06.wav,3.5035,train,6,07,01,01,01,disgust,6
03-01-07-01-01-02-06,C:/Users/NannanLi/Desktop/Ravdess/Audio_Speech_Actors_01-24/Actor_06/03-01-07-01-01-02-06.wav,4.2709,train,6,07,01,01,02,disgust,6
03-01-07-01-02-01-06,C:/Users/NannanLi/Desktop/Ravdess/Audio_Speech_Actors_01-24/Actor_06/03-01-07-01-02-01-06.wav,3.7371,train,6,07,01,02,01,disgust,6
03-01-07-01-02-02-06,C:/Users/NannanLi/Desktop/Ravdess/Audio_Speech_Actors_01-24/Actor_06/03-01-07-01-02-02-06.wav,3.9373,train,6,07,01,02,02,disgust,6
03-01-07-02-01-01-06,C:/Users/NannanLi/Desktop/Ravdess/Audio_Speech_Actors_01-24/Actor_06/03-01-07-02-01-01-06.wav,4.3043,train,6,07,02,01,01,disgust,6
03-01-07-02-01-02-06,C:/Users/NannanLi/Desktop/Ravdess/Audio_Speech_Actors_01-24/Actor_06/03-01-07-02-01-02-06.wav,3.9373,train,6,07,02,01,02,disgust,6
03-01-07-02-02-01-06,C:/Users/NannanLi/Desktop/Ravdess/Audio_Speech_Actors_01-24/Actor_06/03-01-07-02-02-01-06.wav,4.0374,train,6,07,02,02,01,disgust,6
03-01-07-02-02-02-06,C:/Users/NannanLi/Desktop/Ravdess/Audio_Speech_Actors_01-24/Actor_06/03-01-07-02-02-02-06.wav,3.9706,train,6,07,02,02,02,disgust,6
03-01-08-01-01-01-06,C:/Users/NannanLi/Desktop/Ravdess/Audio_Speech_Actors_01-24/Actor_06/03-01-08-01-01-01-06.wav,3.2366,train,6,08,01,01,01,surprise,7
03-01-08-01-01-02-06,C:/Users/NannanLi/Desktop/Ravdess/Audio_Speech_Actors_01-24/Actor_06/03-01-08-01-01-02-06.wav,3.2366,train,6,08,01,01,02,surprise,7
03-01-08-01-02-01-06,C:/Users/NannanLi/Desktop/Ravdess/Audio_Speech_Actors_01-24/Actor_06/03-01-08-01-02-01-06.wav,3.2032,train,6,08,01,02,01,surprise,7
03-01-08-01-02-02-06,C:/Users/NannanLi/Desktop/Ravdess/Audio_Speech_Actors_01-24/Actor_06/03-01-08-01-02-02-06.wav,3.1365,train,6,08,01,02,02,surprise,7
03-01-08-02-01-01-06,C:/Users/NannanLi/Desktop/Ravdess/Audio_Speech_Actors_01-24/Actor_06/03-01-08-02-01-01-06.wav,3.2366,train,6,08,02,01,01,surprise,7
03-01-08-02-01-02-06,C:/Users/NannanLi/Desktop/Ravdess/Audio_Speech_Actors_01-24/Actor_06/03-01-08-02-01-02-06.wav,3.37,train,6,08,02,01,02,surprise,7
03-01-08-02-02-01-06,C:/Users/NannanLi/Desktop/Ravdess/Audio_Speech_Actors_01-24/Actor_06/03-01-08-02-02-01-06.wav,3.3033,train,6,08,02,02,01,surprise,7
03-01-08-02-02-02-06,C:/Users/NannanLi/Desktop/Ravdess/Audio_Speech_Actors_01-24/Actor_06/03-01-08-02-02-02-06.wav,3.2032,train,6,08,02,02,02,surprise,7
03-01-01-01-01-01-07,C:/Users/NannanLi/Desktop/Ravdess/Audio_Speech_Actors_01-24/Actor_07/03-01-01-01-01-01-07.wav,3.9039,train,7,01,01,01,01,neutral,0
03-01-01-01-01-02-07,C:/Users/NannanLi/Desktop/Ravdess/Audio_Speech_Actors_01-24/Actor_07/03-01-01-01-01-02-07.wav,3.8038,train,7,01,01,01,02,neutral,0
03-01-01-01-02-01-07,C:/Users/NannanLi/Desktop/Ravdess/Audio_Speech_Actors_01-24/Actor_07/03-01-01-01-02-01-07.wav,4.1375,train,7,01,01,02,01,neutral,0
03-01-01-01-02-02-07,C:/Users/NannanLi/Desktop/Ravdess/Audio_Speech_Actors_01-24/Actor_07/03-01-01-01-02-02-07.wav,3.7371,train,7,01,01,02,02,neutral,0
03-01-02-01-01-01-07,C:/Users/NannanLi/Desktop/Ravdess/Audio_Speech_Actors_01-24/Actor_07/03-01-02-01-01-01-07.wav,3.4701,train,7,02,01,01,01,calm,1
03-01-02-01-01-02-07,C:/Users/NannanLi/Desktop/Ravdess/Audio_Speech_Actors_01-24/Actor_07/03-01-02-01-01-02-07.wav,3.7371,train,7,02,01,01,02,calm,1
03-01-02-01-02-01-07,C:/Users/NannanLi/Desktop/Ravdess/Audio_Speech_Actors_01-24/Actor_07/03-01-02-01-02-01-07.wav,3.5035,train,7,02,01,02,01,calm,1
03-01-02-01-02-02-07,C:/Users/NannanLi/Desktop/Ravdess/Audio_Speech_Actors_01-24/Actor_07/03-01-02-01-02-02-07.wav,3.5369,train,7,02,01,02,02,calm,1
03-01-02-02-01-01-07,C:/Users/NannanLi/Desktop/Ravdess/Audio_Speech_Actors_01-24/Actor_07/03-01-02-02-01-01-07.wav,4.004,train,7,02,02,01,01,calm,1
03-01-02-02-01-02-07,C:/Users/NannanLi/Desktop/Ravdess/Audio_Speech_Actors_01-24/Actor_07/03-01-02-02-01-02-07.wav,3.8705,train,7,02,02,01,02,calm,1
03-01-02-02-02-01-07,C:/Users/NannanLi/Desktop/Ravdess/Audio_Speech_Actors_01-24/Actor_07/03-01-02-02-02-01-07.wav,4.2709,train,7,02,02,02,01,calm,1
03-01-02-02-02-02-07,C:/Users/NannanLi/Desktop/Ravdess/Audio_Speech_Actors_01-24/Actor_07/03-01-02-02-02-02-07.wav,4.1041,train,7,02,02,02,02,calm,1
03-01-03-01-01-01-07,C:/Users/NannanLi/Desktop/Ravdess/Audio_Speech_Actors_01-24/Actor_07/03-01-03-01-01-01-07.wav,3.5035,train,7,03,01,01,01,happy,2
03-01-03-01-01-02-07,C:/Users/NannanLi/Desktop/Ravdess/Audio_Speech_Actors_01-24/Actor_07/03-01-03-01-01-02-07.wav,3.4701,train,7,03,01,01,02,happy,2
03-01-03-01-02-01-07,C:/Users/NannanLi/Desktop/Ravdess/Audio_Speech_Actors_01-24/Actor_07/03-01-03-01-02-01-07.wav,3.4034,train,7,03,01,02,01,happy,2
03-01-03-01-02-02-07,C:/Users/NannanLi/Desktop/Ravdess/Audio_Speech_Actors_01-24/Actor_07/03-01-03-01-02-02-07.wav,3.4034,train,7,03,01,02,02,happy,2
03-01-03-02-01-01-07,C:/Users/NannanLi/Desktop/Ravdess/Audio_Speech_Actors_01-24/Actor_07/03-01-03-02-01-01-07.wav,4.1041,train,7,03,02,01,01,happy,2
03-01-03-02-01-02-07,C:/Users/NannanLi/Desktop/Ravdess/Audio_Speech_Actors_01-24/Actor_07/03-01-03-02-01-02-07.wav,4.0374,train,7,03,02,01,02,happy,2
03-01-03-02-02-01-07,C:/Users/NannanLi/Desktop/Ravdess/Audio_Speech_Actors_01-24/Actor_07/03-01-03-02-02-01-07.wav,4.0374,train,7,03,02,02,01,happy,2
03-01-03-02-02-02-07,C:/Users/NannanLi/Desktop/Ravdess/Audio_Speech_Actors_01-24/Actor_07/03-01-03-02-02-02-07.wav,3.8372,train,7,03,02,02,02,happy,2
03-01-04-01-01-01-07,C:/Users/NannanLi/Desktop/Ravdess/Audio_Speech_Actors_01-24/Actor_07/03-01-04-01-01-01-07.wav,3.5369,train,7,04,01,01,01,sad,3
03-01-04-01-01-02-07,C:/Users/NannanLi/Desktop/Ravdess/Audio_Speech_Actors_01-24/Actor_07/03-01-04-01-01-02-07.wav,3.6036,train,7,04,01,01,02,sad,3
03-01-04-01-02-01-07,C:/Users/NannanLi/Desktop/Ravdess/Audio_Speech_Actors_01-24/Actor_07/03-01-04-01-02-01-07.wav,3.5369,train,7,04,01,02,01,sad,3
03-01-04-01-02-02-07,C:/Users/NannanLi/Desktop/Ravdess/Audio_Speech_Actors_01-24/Actor_07/03-01-04-01-02-02-07.wav,3.8705,train,7,04,01,02,02,sad,3
03-01-04-02-01-01-07,C:/Users/NannanLi/Desktop/Ravdess/Audio_Speech_Actors_01-24/Actor_07/03-01-04-02-01-01-07.wav,3.9373,train,7,04,02,01,01,sad,3
03-01-04-02-01-02-07,C:/Users/NannanLi/Desktop/Ravdess/Audio_Speech_Actors_01-24/Actor_07/03-01-04-02-01-02-07.wav,3.8372,train,7,04,02,01,02,sad,3
03-01-04-02-02-01-07,C:/Users/NannanLi/Desktop/Ravdess/Audio_Speech_Actors_01-24/Actor_07/03-01-04-02-02-01-07.wav,3.637,train,7,04,02,02,01,sad,3
03-01-04-02-02-02-07,C:/Users/NannanLi/Desktop/Ravdess/Audio_Speech_Actors_01-24/Actor_07/03-01-04-02-02-02-07.wav,3.8372,train,7,04,02,02,02,sad,3
03-01-05-01-01-01-07,C:/Users/NannanLi/Desktop/Ravdess/Audio_Speech_Actors_01-24/Actor_07/03-01-05-01-01-01-07.wav,4.004,train,7,05,01,01,01,angry,4
03-01-05-01-01-02-07,C:/Users/NannanLi/Desktop/Ravdess/Audio_Speech_Actors_01-24/Actor_07/03-01-05-01-01-02-07.wav,3.9706,train,7,05,01,01,02,angry,4
03-01-05-01-02-01-07,C:/Users/NannanLi/Desktop/Ravdess/Audio_Speech_Actors_01-24/Actor_07/03-01-05-01-02-01-07.wav,4.004,train,7,05,01,02,01,angry,4
03-01-05-01-02-02-07,C:/Users/NannanLi/Desktop/Ravdess/Audio_Speech_Actors_01-24/Actor_07/03-01-05-01-02-02-07.wav,4.004,train,7,05,01,02,02,angry,4
03-01-05-02-01-01-07,C:/Users/NannanLi/Desktop/Ravdess/Audio_Speech_Actors_01-24/Actor_07/03-01-05-02-01-01-07.wav,3.6036,train,7,05,02,01,01,angry,4
03-01-05-02-01-02-07,C:/Users/NannanLi/Desktop/Ravdess/Audio_Speech_Actors_01-24/Actor_07/03-01-05-02-01-02-07.wav,4.004,train,7,05,02,01,02,angry,4
03-01-05-02-02-01-07,C:/Users/NannanLi/Desktop/Ravdess/Audio_Speech_Actors_01-24/Actor_07/03-01-05-02-02-01-07.wav,3.8372,train,7,05,02,02,01,angry,4
03-01-05-02-02-02-07,C:/Users/NannanLi/Desktop/Ravdess/Audio_Speech_Actors_01-24/Actor_07/03-01-05-02-02-02-07.wav,4.3377,train,7,05,02,02,02,angry,4
03-01-06-01-01-01-07,C:/Users/NannanLi/Desktop/Ravdess/Audio_Speech_Actors_01-24/Actor_07/03-01-06-01-01-01-07.wav,3.4368,train,7,06,01,01,01,fearful,5
03-01-06-01-01-02-07,C:/Users/NannanLi/Desktop/Ravdess/Audio_Speech_Actors_01-24/Actor_07/03-01-06-01-01-02-07.wav,3.5035,train,7,06,01,01,02,fearful,5
03-01-06-01-02-01-07,C:/Users/NannanLi/Desktop/Ravdess/Audio_Speech_Actors_01-24/Actor_07/03-01-06-01-02-01-07.wav,3.4368,train,7,06,01,02,01,fearful,5
03-01-06-01-02-02-07,C:/Users/NannanLi/Desktop/Ravdess/Audio_Speech_Actors_01-24/Actor_07/03-01-06-01-02-02-07.wav,3.37,train,7,06,01,02,02,fearful,5
03-01-06-02-01-01-07,C:/Users/NannanLi/Desktop/Ravdess/Audio_Speech_Actors_01-24/Actor_07/03-01-06-02-01-01-07.wav,3.637,train,7,06,02,01,01,fearful,5
03-01-06-02-01-02-07,C:/Users/NannanLi/Desktop/Ravdess/Audio_Speech_Actors_01-24/Actor_07/03-01-06-02-01-02-07.wav,3.4701,train,7,06,02,01,02,fearful,5
03-01-06-02-02-01-07,C:/Users/NannanLi/Desktop/Ravdess/Audio_Speech_Actors_01-24/Actor_07/03-01-06-02-02-01-07.wav,3.4034,train,7,06,02,02,01,fearful,5
03-01-06-02-02-02-07,C:/Users/NannanLi/Desktop/Ravdess/Audio_Speech_Actors_01-24/Actor_07/03-01-06-02-02-02-07.wav,3.5035,train,7,06,02,02,02,fearful,5
03-01-07-01-01-01-07,C:/Users/NannanLi/Desktop/Ravdess/Audio_Speech_Actors_01-24/Actor_07/03-01-07-01-01-01-07.wav,3.5369,train,7,07,01,01,01,disgust,6
03-01-07-01-01-02-07,C:/Users/NannanLi/Desktop/Ravdess/Audio_Speech_Actors_01-24/Actor_07/03-01-07-01-01-02-07.wav,3.5035,train,7,07,01,01,02,disgust,6
03-01-07-01-02-01-07,C:/Users/NannanLi/Desktop/Ravdess/Audio_Speech_Actors_01-24/Actor_07/03-01-07-01-02-01-07.wav,3.4368,train,7,07,01,02,01,disgust,6
03-01-07-01-02-02-07,C:/Users/NannanLi/Desktop/Ravdess/Audio_Speech_Actors_01-24/Actor_07/03-01-07-01-02-02-07.wav,3.5369,train,7,07,01,02,02,disgust,6
03-01-07-02-01-01-07,C:/Users/NannanLi/Desktop/Ravdess/Audio_Speech_Actors_01-24/Actor_07/03-01-07-02-01-01-07.wav,4.1375,train,7,07,02,01,01,disgust,6
03-01-07-02-01-02-07,C:/Users/NannanLi/Desktop/Ravdess/Audio_Speech_Actors_01-24/Actor_07/03-01-07-02-01-02-07.wav,4.4044,train,7,07,02,01,02,disgust,6
03-01-07-02-02-01-07,C:/Users/NannanLi/Desktop/Ravdess/Audio_Speech_Actors_01-24/Actor_07/03-01-07-02-02-01-07.wav,4.1375,train,7,07,02,02,01,disgust,6
03-01-07-02-02-02-07,C:/Users/NannanLi/Desktop/Ravdess/Audio_Speech_Actors_01-24/Actor_07/03-01-07-02-02-02-07.wav,4.7714,train,7,07,02,02,02,disgust,6
03-01-08-01-01-01-07,C:/Users/NannanLi/Desktop/Ravdess/Audio_Speech_Actors_01-24/Actor_07/03-01-08-01-01-01-07.wav,3.4701,train,7,08,01,01,01,surprise,7
03-01-08-01-01-02-07,C:/Users/NannanLi/Desktop/Ravdess/Audio_Speech_Actors_01-24/Actor_07/03-01-08-01-01-02-07.wav,3.5369,train,7,08,01,01,02,surprise,7
03-01-08-01-02-01-07,C:/Users/NannanLi/Desktop/Ravdess/Audio_Speech_Actors_01-24/Actor_07/03-01-08-01-02-01-07.wav,3.4368,train,7,08,01,02,01,surprise,7
03-01-08-01-02-02-07,C:/Users/NannanLi/Desktop/Ravdess/Audio_Speech_Actors_01-24/Actor_07/03-01-08-01-02-02-07.wav,3.4368,train,7,08,01,02,02,surprise,7
03-01-08-02-01-01-07,C:/Users/NannanLi/Desktop/Ravdess/Audio_Speech_Actors_01-24/Actor_07/03-01-08-02-01-01-07.wav,3.8705,train,7,08,02,01,01,surprise,7
03-01-08-02-01-02-07,C:/Users/NannanLi/Desktop/Ravdess/Audio_Speech_Actors_01-24/Actor_07/03-01-08-02-01-02-07.wav,3.637,train,7,08,02,01,02,surprise,7
03-01-08-02-02-01-07,C:/Users/NannanLi/Desktop/Ravdess/Audio_Speech_Actors_01-24/Actor_07/03-01-08-02-02-01-07.wav,3.4368,train,7,08,02,02,01,surprise,7
03-01-08-02-02-02-07,C:/Users/NannanLi/Desktop/Ravdess/Audio_Speech_Actors_01-24/Actor_07/03-01-08-02-02-02-07.wav,3.4701,train,7,08,02,02,02,surprise,7
03-01-01-01-01-01-08,C:/Users/NannanLi/Desktop/Ravdess/Audio_Speech_Actors_01-24/Actor_08/03-01-01-01-01-01-08.wav,3.5035,train,8,01,01,01,01,neutral,0
03-01-01-01-01-02-08,C:/Users/NannanLi/Desktop/Ravdess/Audio_Speech_Actors_01-24/Actor_08/03-01-01-01-01-02-08.wav,3.637,train,8,01,01,01,02,neutral,0
03-01-01-01-02-01-08,C:/Users/NannanLi/Desktop/Ravdess/Audio_Speech_Actors_01-24/Actor_08/03-01-01-01-02-01-08.wav,3.5369,train,8,01,01,02,01,neutral,0
03-01-01-01-02-02-08,C:/Users/NannanLi/Desktop/Ravdess/Audio_Speech_Actors_01-24/Actor_08/03-01-01-01-02-02-08.wav,3.5035,train,8,01,01,02,02,neutral,0
03-01-02-01-01-01-08,C:/Users/NannanLi/Desktop/Ravdess/Audio_Speech_Actors_01-24/Actor_08/03-01-02-01-01-01-08.wav,3.6036,train,8,02,01,01,01,calm,1
03-01-02-01-01-02-08,C:/Users/NannanLi/Desktop/Ravdess/Audio_Speech_Actors_01-24/Actor_08/03-01-02-01-01-02-08.wav,3.4034,train,8,02,01,01,02,calm,1
03-01-02-01-02-01-08,C:/Users/NannanLi/Desktop/Ravdess/Audio_Speech_Actors_01-24/Actor_08/03-01-02-01-02-01-08.wav,3.4701,train,8,02,01,02,01,calm,1
03-01-02-01-02-02-08,C:/Users/NannanLi/Desktop/Ravdess/Audio_Speech_Actors_01-24/Actor_08/03-01-02-01-02-02-08.wav,3.4701,train,8,02,01,02,02,calm,1
03-01-02-02-01-01-08,C:/Users/NannanLi/Desktop/Ravdess/Audio_Speech_Actors_01-24/Actor_08/03-01-02-02-01-01-08.wav,3.637,train,8,02,02,01,01,calm,1
03-01-02-02-01-02-08,C:/Users/NannanLi/Desktop/Ravdess/Audio_Speech_Actors_01-24/Actor_08/03-01-02-02-01-02-08.wav,3.7371,train,8,02,02,01,02,calm,1
03-01-02-02-02-01-08,C:/Users/NannanLi/Desktop/Ravdess/Audio_Speech_Actors_01-24/Actor_08/03-01-02-02-02-01-08.wav,3.6703,train,8,02,02,02,01,calm,1
03-01-02-02-02-02-08,C:/Users/NannanLi/Desktop/Ravdess/Audio_Speech_Actors_01-24/Actor_08/03-01-02-02-02-02-08.wav,3.8038,train,8,02,02,02,02,calm,1
03-01-03-01-01-01-08,C:/Users/NannanLi/Desktop/Ravdess/Audio_Speech_Actors_01-24/Actor_08/03-01-03-01-01-01-08.wav,3.5035,train,8,03,01,01,01,happy,2
03-01-03-01-01-02-08,C:/Users/NannanLi/Desktop/Ravdess/Audio_Speech_Actors_01-24/Actor_08/03-01-03-01-01-02-08.wav,3.4367,train,8,03,01,01,02,happy,2
03-01-03-01-02-01-08,C:/Users/NannanLi/Desktop/Ravdess/Audio_Speech_Actors_01-24/Actor_08/03-01-03-01-02-01-08.wav,3.4701,train,8,03,01,02,01,happy,2
03-01-03-01-02-02-08,C:/Users/NannanLi/Desktop/Ravdess/Audio_Speech_Actors_01-24/Actor_08/03-01-03-01-02-02-08.wav,3.4368,train,8,03,01,02,02,happy,2
03-01-03-02-01-01-08,C:/Users/NannanLi/Desktop/Ravdess/Audio_Speech_Actors_01-24/Actor_08/03-01-03-02-01-01-08.wav,3.7704,train,8,03,02,01,01,happy,2
03-01-03-02-01-02-08,C:/Users/NannanLi/Desktop/Ravdess/Audio_Speech_Actors_01-24/Actor_08/03-01-03-02-01-02-08.wav,3.9039,train,8,03,02,01,02,happy,2
03-01-03-02-02-01-08,C:/Users/NannanLi/Desktop/Ravdess/Audio_Speech_Actors_01-24/Actor_08/03-01-03-02-02-01-08.wav,3.8372,train,8,03,02,02,01,happy,2
03-01-03-02-02-02-08,C:/Users/NannanLi/Desktop/Ravdess/Audio_Speech_Actors_01-24/Actor_08/03-01-03-02-02-02-08.wav,3.9373,train,8,03,02,02,02,happy,2
03-01-04-01-01-01-08,C:/Users/NannanLi/Desktop/Ravdess/Audio_Speech_Actors_01-24/Actor_08/03-01-04-01-01-01-08.wav,4.2042,train,8,04,01,01,01,sad,3
03-01-04-01-01-02-08,C:/Users/NannanLi/Desktop/Ravdess/Audio_Speech_Actors_01-24/Actor_08/03-01-04-01-01-02-08.wav,3.8705,train,8,04,01,01,02,sad,3
03-01-04-01-02-01-08,C:/Users/NannanLi/Desktop/Ravdess/Audio_Speech_Actors_01-24/Actor_08/03-01-04-01-02-01-08.wav,3.5703,train,8,04,01,02,01,sad,3
03-01-04-01-02-02-08,C:/Users/NannanLi/Desktop/Ravdess/Audio_Speech_Actors_01-24/Actor_08/03-01-04-01-02-02-08.wav,3.6036,train,8,04,01,02,02,sad,3
03-01-04-02-01-01-08,C:/Users/NannanLi/Desktop/Ravdess/Audio_Speech_Actors_01-24/Actor_08/03-01-04-02-01-01-08.wav,3.7704,train,8,04,02,01,01,sad,3
03-01-04-02-01-02-08,C:/Users/NannanLi/Desktop/Ravdess/Audio_Speech_Actors_01-24/Actor_08/03-01-04-02-01-02-08.wav,3.9373,train,8,04,02,01,02,sad,3
03-01-04-02-02-01-08,C:/Users/NannanLi/Desktop/Ravdess/Audio_Speech_Actors_01-24/Actor_08/03-01-04-02-02-01-08.wav,3.6703,train,8,04,02,02,01,sad,3
03-01-04-02-02-02-08,C:/Users/NannanLi/Desktop/Ravdess/Audio_Speech_Actors_01-24/Actor_08/03-01-04-02-02-02-08.wav,3.7037,train,8,04,02,02,02,sad,3
03-01-05-01-01-01-08,C:/Users/NannanLi/Desktop/Ravdess/Audio_Speech_Actors_01-24/Actor_08/03-01-05-01-01-01-08.wav,3.7037,train,8,05,01,01,01,angry,4
03-01-05-01-01-02-08,C:/Users/NannanLi/Desktop/Ravdess/Audio_Speech_Actors_01-24/Actor_08/03-01-05-01-01-02-08.wav,3.6036,train,8,05,01,01,02,angry,4
03-01-05-01-02-01-08,C:/Users/NannanLi/Desktop/Ravdess/Audio_Speech_Actors_01-24/Actor_08/03-01-05-01-02-01-08.wav,3.5369,train,8,05,01,02,01,angry,4
03-01-05-01-02-02-08,C:/Users/NannanLi/Desktop/Ravdess/Audio_Speech_Actors_01-24/Actor_08/03-01-05-01-02-02-08.wav,3.5702,train,8,05,01,02,02,angry,4
03-01-05-02-01-01-08,C:/Users/NannanLi/Desktop/Ravdess/Audio_Speech_Actors_01-24/Actor_08/03-01-05-02-01-01-08.wav,3.9706,train,8,05,02,01,01,angry,4
03-01-05-02-01-02-08,C:/Users/NannanLi/Desktop/Ravdess/Audio_Speech_Actors_01-24/Actor_08/03-01-05-02-01-02-08.wav,3.7704,train,8,05,02,01,02,angry,4
03-01-05-02-02-01-08,C:/Users/NannanLi/Desktop/Ravdess/Audio_Speech_Actors_01-24/Actor_08/03-01-05-02-02-01-08.wav,3.6036,train,8,05,02,02,01,angry,4
03-01-05-02-02-02-08,C:/Users/NannanLi/Desktop/Ravdess/Audio_Speech_Actors_01-24/Actor_08/03-01-05-02-02-02-08.wav,3.637,train,8,05,02,02,02,angry,4
03-01-06-01-01-01-08,C:/Users/NannanLi/Desktop/Ravdess/Audio_Speech_Actors_01-24/Actor_08/03-01-06-01-01-01-08.wav,3.9706,train,8,06,01,01,01,fearful,5
03-01-06-01-01-02-08,C:/Users/NannanLi/Desktop/Ravdess/Audio_Speech_Actors_01-24/Actor_08/03-01-06-01-01-02-08.wav,3.6703,train,8,06,01,01,02,fearful,5
03-01-06-01-02-01-08,C:/Users/NannanLi/Desktop/Ravdess/Audio_Speech_Actors_01-24/Actor_08/03-01-06-01-02-01-08.wav,3.7704,train,8,06,01,02,01,fearful,5
03-01-06-01-02-02-08,C:/Users/NannanLi/Desktop/Ravdess/Audio_Speech_Actors_01-24/Actor_08/03-01-06-01-02-02-08.wav,3.6703,train,8,06,01,02,02,fearful,5
03-01-06-02-01-01-08,C:/Users/NannanLi/Desktop/Ravdess/Audio_Speech_Actors_01-24/Actor_08/03-01-06-02-01-01-08.wav,3.9706,train,8,06,02,01,01,fearful,5
03-01-06-02-01-02-08,C:/Users/NannanLi/Desktop/Ravdess/Audio_Speech_Actors_01-24/Actor_08/03-01-06-02-01-02-08.wav,3.9039,train,8,06,02,01,02,fearful,5
03-01-06-02-02-01-08,C:/Users/NannanLi/Desktop/Ravdess/Audio_Speech_Actors_01-24/Actor_08/03-01-06-02-02-01-08.wav,3.8705,train,8,06,02,02,01,fearful,5
03-01-06-02-02-02-08,C:/Users/NannanLi/Desktop/Ravdess/Audio_Speech_Actors_01-24/Actor_08/03-01-06-02-02-02-08.wav,3.9373,train,8,06,02,02,02,fearful,5
03-01-07-01-01-01-08,C:/Users/NannanLi/Desktop/Ravdess/Audio_Speech_Actors_01-24/Actor_08/03-01-07-01-01-01-08.wav,3.9039,train,8,07,01,01,01,disgust,6
03-01-07-01-01-02-08,C:/Users/NannanLi/Desktop/Ravdess/Audio_Speech_Actors_01-24/Actor_08/03-01-07-01-01-02-08.wav,3.6703,train,8,07,01,01,02,disgust,6
03-01-07-01-02-01-08,C:/Users/NannanLi/Desktop/Ravdess/Audio_Speech_Actors_01-24/Actor_08/03-01-07-01-02-01-08.wav,3.9373,train,8,07,01,02,01,disgust,6
03-01-07-01-02-02-08,C:/Users/NannanLi/Desktop/Ravdess/Audio_Speech_Actors_01-24/Actor_08/03-01-07-01-02-02-08.wav,3.8372,train,8,07,01,02,02,disgust,6
03-01-07-02-01-01-08,C:/Users/NannanLi/Desktop/Ravdess/Audio_Speech_Actors_01-24/Actor_08/03-01-07-02-01-01-08.wav,4.0707,train,8,07,02,01,01,disgust,6
03-01-07-02-01-02-08,C:/Users/NannanLi/Desktop/Ravdess/Audio_Speech_Actors_01-24/Actor_08/03-01-07-02-01-02-08.wav,3.7704,train,8,07,02,01,02,disgust,6
03-01-07-02-02-01-08,C:/Users/NannanLi/Desktop/Ravdess/Audio_Speech_Actors_01-24/Actor_08/03-01-07-02-02-01-08.wav,3.7371,train,8,07,02,02,01,disgust,6
03-01-07-02-02-02-08,C:/Users/NannanLi/Desktop/Ravdess/Audio_Speech_Actors_01-24/Actor_08/03-01-07-02-02-02-08.wav,3.8705,train,8,07,02,02,02,disgust,6
03-01-08-01-01-01-08,C:/Users/NannanLi/Desktop/Ravdess/Audio_Speech_Actors_01-24/Actor_08/03-01-08-01-01-01-08.wav,3.7037,train,8,08,01,01,01,surprise,7
03-01-08-01-01-02-08,C:/Users/NannanLi/Desktop/Ravdess/Audio_Speech_Actors_01-24/Actor_08/03-01-08-01-01-02-08.wav,3.8038,train,8,08,01,01,02,surprise,7
03-01-08-01-02-01-08,C:/Users/NannanLi/Desktop/Ravdess/Audio_Speech_Actors_01-24/Actor_08/03-01-08-01-02-01-08.wav,3.7704,train,8,08,01,02,01,surprise,7
03-01-08-01-02-02-08,C:/Users/NannanLi/Desktop/Ravdess/Audio_Speech_Actors_01-24/Actor_08/03-01-08-01-02-02-08.wav,3.5369,train,8,08,01,02,02,surprise,7
03-01-08-02-01-01-08,C:/Users/NannanLi/Desktop/Ravdess/Audio_Speech_Actors_01-24/Actor_08/03-01-08-02-01-01-08.wav,3.8372,train,8,08,02,01,01,surprise,7
03-01-08-02-01-02-08,C:/Users/NannanLi/Desktop/Ravdess/Audio_Speech_Actors_01-24/Actor_08/03-01-08-02-01-02-08.wav,3.7037,train,8,08,02,01,02,surprise,7
03-01-08-02-02-01-08,C:/Users/NannanLi/Desktop/Ravdess/Audio_Speech_Actors_01-24/Actor_08/03-01-08-02-02-01-08.wav,3.8038,train,8,08,02,02,01,surprise,7
03-01-08-02-02-02-08,C:/Users/NannanLi/Desktop/Ravdess/Audio_Speech_Actors_01-24/Actor_08/03-01-08-02-02-02-08.wav,3.8705,train,8,08,02,02,02,surprise,7
03-01-01-01-01-01-09,C:/Users/NannanLi/Desktop/Ravdess/Audio_Speech_Actors_01-24/Actor_09/03-01-01-01-01-01-09.wav,3.2699,train,9,01,01,01,01,neutral,0
03-01-01-01-01-02-09,C:/Users/NannanLi/Desktop/Ravdess/Audio_Speech_Actors_01-24/Actor_09/03-01-01-01-01-02-09.wav,3.2032,train,9,01,01,01,02,neutral,0
03-01-01-01-02-01-09,C:/Users/NannanLi/Desktop/Ravdess/Audio_Speech_Actors_01-24/Actor_09/03-01-01-01-02-01-09.wav,3.3367,train,9,01,01,02,01,neutral,0
03-01-01-01-02-02-09,C:/Users/NannanLi/Desktop/Ravdess/Audio_Speech_Actors_01-24/Actor_09/03-01-01-01-02-02-09.wav,3.2366,train,9,01,01,02,02,neutral,0
03-01-02-01-01-01-09,C:/Users/NannanLi/Desktop/Ravdess/Audio_Speech_Actors_01-24/Actor_09/03-01-02-01-01-01-09.wav,3.3367,train,9,02,01,01,01,calm,1
03-01-02-01-01-02-09,C:/Users/NannanLi/Desktop/Ravdess/Audio_Speech_Actors_01-24/Actor_09/03-01-02-01-01-02-09.wav,3.3367,train,9,02,01,01,02,calm,1
03-01-02-01-02-01-09,C:/Users/NannanLi/Desktop/Ravdess/Audio_Speech_Actors_01-24/Actor_09/03-01-02-01-02-01-09.wav,3.4701,train,9,02,01,02,01,calm,1
03-01-02-01-02-02-09,C:/Users/NannanLi/Desktop/Ravdess/Audio_Speech_Actors_01-24/Actor_09/03-01-02-01-02-02-09.wav,3.5702,train,9,02,01,02,02,calm,1
03-01-02-02-01-01-09,C:/Users/NannanLi/Desktop/Ravdess/Audio_Speech_Actors_01-24/Actor_09/03-01-02-02-01-01-09.wav,3.3367,train,9,02,02,01,01,calm,1
03-01-02-02-01-02-09,C:/Users/NannanLi/Desktop/Ravdess/Audio_Speech_Actors_01-24/Actor_09/03-01-02-02-01-02-09.wav,3.4368,train,9,02,02,01,02,calm,1
03-01-02-02-02-01-09,C:/Users/NannanLi/Desktop/Ravdess/Audio_Speech_Actors_01-24/Actor_09/03-01-02-02-02-01-09.wav,3.8038,train,9,02,02,02,01,calm,1
03-01-02-02-02-02-09,C:/Users/NannanLi/Desktop/Ravdess/Audio_Speech_Actors_01-24/Actor_09/03-01-02-02-02-02-09.wav,3.637,train,9,02,02,02,02,calm,1
03-01-03-01-01-01-09,C:/Users/NannanLi/Desktop/Ravdess/Audio_Speech_Actors_01-24/Actor_09/03-01-03-01-01-01-09.wav,3.3367,train,9,03,01,01,01,happy,2
03-01-03-01-01-02-09,C:/Users/NannanLi/Desktop/Ravdess/Audio_Speech_Actors_01-24/Actor_09/03-01-03-01-01-02-09.wav,3.5369,train,9,03,01,01,02,happy,2
03-01-03-01-02-01-09,C:/Users/NannanLi/Desktop/Ravdess/Audio_Speech_Actors_01-24/Actor_09/03-01-03-01-02-01-09.wav,3.3033,train,9,03,01,02,01,happy,2
03-01-03-01-02-02-09,C:/Users/NannanLi/Desktop/Ravdess/Audio_Speech_Actors_01-24/Actor_09/03-01-03-01-02-02-09.wav,3.4701,train,9,03,01,02,02,happy,2
03-01-03-02-01-01-09,C:/Users/NannanLi/Desktop/Ravdess/Audio_Speech_Actors_01-24/Actor_09/03-01-03-02-01-01-09.wav,3.7704,train,9,03,02,01,01,happy,2
03-01-03-02-01-02-09,C:/Users/NannanLi/Desktop/Ravdess/Audio_Speech_Actors_01-24/Actor_09/03-01-03-02-01-02-09.wav,4.1708,train,9,03,02,01,02,happy,2
03-01-03-02-02-01-09,C:/Users/NannanLi/Desktop/Ravdess/Audio_Speech_Actors_01-24/Actor_09/03-01-03-02-02-01-09.wav,3.5703,train,9,03,02,02,01,happy,2
03-01-03-02-02-02-09,C:/Users/NannanLi/Desktop/Ravdess/Audio_Speech_Actors_01-24/Actor_09/03-01-03-02-02-02-09.wav,3.5702,train,9,03,02,02,02,happy,2
03-01-04-01-01-01-09,C:/Users/NannanLi/Desktop/Ravdess/Audio_Speech_Actors_01-24/Actor_09/03-01-04-01-01-01-09.wav,3.2699,train,9,04,01,01,01,sad,3
03-01-04-01-01-02-09,C:/Users/NannanLi/Desktop/Ravdess/Audio_Speech_Actors_01-24/Actor_09/03-01-04-01-01-02-09.wav,3.4367,train,9,04,01,01,02,sad,3
03-01-04-01-02-01-09,C:/Users/NannanLi/Desktop/Ravdess/Audio_Speech_Actors_01-24/Actor_09/03-01-04-01-02-01-09.wav,3.4034,train,9,04,01,02,01,sad,3
03-01-04-01-02-02-09,C:/Users/NannanLi/Desktop/Ravdess/Audio_Speech_Actors_01-24/Actor_09/03-01-04-01-02-02-09.wav,3.4034,train,9,04,01,02,02,sad,3
03-01-04-02-01-01-09,C:/Users/NannanLi/Desktop/Ravdess/Audio_Speech_Actors_01-24/Actor_09/03-01-04-02-01-01-09.wav,3.9373,train,9,04,02,01,01,sad,3
03-01-04-02-01-02-09,C:/Users/NannanLi/Desktop/Ravdess/Audio_Speech_Actors_01-24/Actor_09/03-01-04-02-01-02-09.wav,3.9039,train,9,04,02,01,02,sad,3
03-01-04-02-02-01-09,C:/Users/NannanLi/Desktop/Ravdess/Audio_Speech_Actors_01-24/Actor_09/03-01-04-02-02-01-09.wav,3.637,train,9,04,02,02,01,sad,3
03-01-04-02-02-02-09,C:/Users/NannanLi/Desktop/Ravdess/Audio_Speech_Actors_01-24/Actor_09/03-01-04-02-02-02-09.wav,3.8705,train,9,04,02,02,02,sad,3
03-01-05-01-01-01-09,C:/Users/NannanLi/Desktop/Ravdess/Audio_Speech_Actors_01-24/Actor_09/03-01-05-01-01-01-09.wav,3.5702,train,9,05,01,01,01,angry,4
03-01-05-01-01-02-09,C:/Users/NannanLi/Desktop/Ravdess/Audio_Speech_Actors_01-24/Actor_09/03-01-05-01-01-02-09.wav,3.5703,train,9,05,01,01,02,angry,4
03-01-05-01-02-01-09,C:/Users/NannanLi/Desktop/Ravdess/Audio_Speech_Actors_01-24/Actor_09/03-01-05-01-02-01-09.wav,3.7371,train,9,05,01,02,01,angry,4
03-01-05-01-02-02-09,C:/Users/NannanLi/Desktop/Ravdess/Audio_Speech_Actors_01-24/Actor_09/03-01-05-01-02-02-09.wav,3.5369,train,9,05,01,02,02,angry,4
03-01-05-02-01-01-09,C:/Users/NannanLi/Desktop/Ravdess/Audio_Speech_Actors_01-24/Actor_09/03-01-05-02-01-01-09.wav,3.8038,train,9,05,02,01,01,angry,4
03-01-05-02-01-02-09,C:/Users/NannanLi/Desktop/Ravdess/Audio_Speech_Actors_01-24/Actor_09/03-01-05-02-01-02-09.wav,3.7704,train,9,05,02,01,02,angry,4
03-01-05-02-02-01-09,C:/Users/NannanLi/Desktop/Ravdess/Audio_Speech_Actors_01-24/Actor_09/03-01-05-02-02-01-09.wav,4.371,train,9,05,02,02,01,angry,4
03-01-05-02-02-02-09,C:/Users/NannanLi/Desktop/Ravdess/Audio_Speech_Actors_01-24/Actor_09/03-01-05-02-02-02-09.wav,3.9706,train,9,05,02,02,02,angry,4
03-01-06-01-01-01-09,C:/Users/NannanLi/Desktop/Ravdess/Audio_Speech_Actors_01-24/Actor_09/03-01-06-01-01-01-09.wav,3.1698,train,9,06,01,01,01,fearful,5
03-01-06-01-01-02-09,C:/Users/NannanLi/Desktop/Ravdess/Audio_Speech_Actors_01-24/Actor_09/03-01-06-01-01-02-09.wav,3.1698,train,9,06,01,01,02,fearful,5
03-01-06-01-02-01-09,C:/Users/NannanLi/Desktop/Ravdess/Audio_Speech_Actors_01-24/Actor_09/03-01-06-01-02-01-09.wav,3.1365,train,9,06,01,02,01,fearful,5
03-01-06-01-02-02-09,C:/Users/NannanLi/Desktop/Ravdess/Audio_Speech_Actors_01-24/Actor_09/03-01-06-01-02-02-09.wav,3.1365,train,9,06,01,02,02,fearful,5
03-01-06-02-01-01-09,C:/Users/NannanLi/Desktop/Ravdess/Audio_Speech_Actors_01-24/Actor_09/03-01-06-02-01-01-09.wav,3.2366,train,9,06,02,01,01,fearful,5
03-01-06-02-01-02-09,C:/Users/NannanLi/Desktop/Ravdess/Audio_Speech_Actors_01-24/Actor_09/03-01-06-02-01-02-09.wav,3.2699,train,9,06,02,01,02,fearful,5
03-01-06-02-02-01-09,C:/Users/NannanLi/Desktop/Ravdess/Audio_Speech_Actors_01-24/Actor_09/03-01-06-02-02-01-09.wav,3.2366,train,9,06,02,02,01,fearful,5
03-01-06-02-02-02-09,C:/Users/NannanLi/Desktop/Ravdess/Audio_Speech_Actors_01-24/Actor_09/03-01-06-02-02-02-09.wav,3.2366,train,9,06,02,02,02,fearful,5
03-01-07-01-01-01-09,C:/Users/NannanLi/Desktop/Ravdess/Audio_Speech_Actors_01-24/Actor_09/03-01-07-01-01-01-09.wav,3.4034,train,9,07,01,01,01,disgust,6
03-01-07-01-01-02-09,C:/Users/NannanLi/Desktop/Ravdess/Audio_Speech_Actors_01-24/Actor_09/03-01-07-01-01-02-09.wav,3.5035,train,9,07,01,01,02,disgust,6
03-01-07-01-02-01-09,C:/Users/NannanLi/Desktop/Ravdess/Audio_Speech_Actors_01-24/Actor_09/03-01-07-01-02-01-09.wav,3.4701,train,9,07,01,02,01,disgust,6
03-01-07-01-02-02-09,C:/Users/NannanLi/Desktop/Ravdess/Audio_Speech_Actors_01-24/Actor_09/03-01-07-01-02-02-09.wav,3.4034,train,9,07,01,02,02,disgust,6
03-01-07-02-01-01-09,C:/Users/NannanLi/Desktop/Ravdess/Audio_Speech_Actors_01-24/Actor_09/03-01-07-02-01-01-09.wav,3.637,train,9,07,02,01,01,disgust,6
03-01-07-02-01-02-09,C:/Users/NannanLi/Desktop/Ravdess/Audio_Speech_Actors_01-24/Actor_09/03-01-07-02-01-02-09.wav,3.5369,train,9,07,02,01,02,disgust,6
03-01-07-02-02-01-09,C:/Users/NannanLi/Desktop/Ravdess/Audio_Speech_Actors_01-24/Actor_09/03-01-07-02-02-01-09.wav,3.5702,train,9,07,02,02,01,disgust,6
03-01-07-02-02-02-09,C:/Users/NannanLi/Desktop/Ravdess/Audio_Speech_Actors_01-24/Actor_09/03-01-07-02-02-02-09.wav,3.6036,train,9,07,02,02,02,disgust,6
03-01-08-01-01-01-09,C:/Users/NannanLi/Desktop/Ravdess/Audio_Speech_Actors_01-24/Actor_09/03-01-08-01-01-01-09.wav,3.0697,train,9,08,01,01,01,surprise,7
03-01-08-01-01-02-09,C:/Users/NannanLi/Desktop/Ravdess/Audio_Speech_Actors_01-24/Actor_09/03-01-08-01-01-02-09.wav,3.3367,train,9,08,01,01,02,surprise,7
03-01-08-01-02-01-09,C:/Users/NannanLi/Desktop/Ravdess/Audio_Speech_Actors_01-24/Actor_09/03-01-08-01-02-01-09.wav,3.4368,train,9,08,01,02,01,surprise,7
03-01-08-01-02-02-09,C:/Users/NannanLi/Desktop/Ravdess/Audio_Speech_Actors_01-24/Actor_09/03-01-08-01-02-02-09.wav,3.4367,train,9,08,01,02,02,surprise,7
03-01-08-02-01-01-09,C:/Users/NannanLi/Desktop/Ravdess/Audio_Speech_Actors_01-24/Actor_09/03-01-08-02-01-01-09.wav,3.3033,train,9,08,02,01,01,surprise,7
03-01-08-02-01-02-09,C:/Users/NannanLi/Desktop/Ravdess/Audio_Speech_Actors_01-24/Actor_09/03-01-08-02-01-02-09.wav,3.2699,train,9,08,02,01,02,surprise,7
03-01-08-02-02-01-09,C:/Users/NannanLi/Desktop/Ravdess/Audio_Speech_Actors_01-24/Actor_09/03-01-08-02-02-01-09.wav,3.4034,train,9,08,02,02,01,surprise,7
03-01-08-02-02-02-09,C:/Users/NannanLi/Desktop/Ravdess/Audio_Speech_Actors_01-24/Actor_09/03-01-08-02-02-02-09.wav,3.4367,train,9,08,02,02,02,surprise,7
03-01-01-01-01-01-10,C:/Users/NannanLi/Desktop/Ravdess/Audio_Speech_Actors_01-24/Actor_10/03-01-01-01-01-01-10.wav,3.5369,train,10,01,01,01,01,neutral,0
03-01-01-01-01-02-10,C:/Users/NannanLi/Desktop/Ravdess/Audio_Speech_Actors_01-24/Actor_10/03-01-01-01-01-02-10.wav,3.8372,train,10,01,01,01,02,neutral,0
03-01-01-01-02-01-10,C:/Users/NannanLi/Desktop/Ravdess/Audio_Speech_Actors_01-24/Actor_10/03-01-01-01-02-01-10.wav,3.7371,train,10,01,01,02,01,neutral,0
03-01-01-01-02-02-10,C:/Users/NannanLi/Desktop/Ravdess/Audio_Speech_Actors_01-24/Actor_10/03-01-01-01-02-02-10.wav,3.6703,train,10,01,01,02,02,neutral,0
03-01-02-01-01-01-10,C:/Users/NannanLi/Desktop/Ravdess/Audio_Speech_Actors_01-24/Actor_10/03-01-02-01-01-01-10.wav,3.5702,train,10,02,01,01,01,calm,1
03-01-02-01-01-02-10,C:/Users/NannanLi/Desktop/Ravdess/Audio_Speech_Actors_01-24/Actor_10/03-01-02-01-01-02-10.wav,3.6036,train,10,02,01,01,02,calm,1
03-01-02-01-02-01-10,C:/Users/NannanLi/Desktop/Ravdess/Audio_Speech_Actors_01-24/Actor_10/03-01-02-01-02-01-10.wav,3.637,train,10,02,01,02,01,calm,1
03-01-02-01-02-02-10,C:/Users/NannanLi/Desktop/Ravdess/Audio_Speech_Actors_01-24/Actor_10/03-01-02-01-02-02-10.wav,3.7037,train,10,02,01,02,02,calm,1
03-01-02-02-01-01-10,C:/Users/NannanLi/Desktop/Ravdess/Audio_Speech_Actors_01-24/Actor_10/03-01-02-02-01-01-10.wav,3.7371,train,10,02,02,01,01,calm,1
03-01-02-02-01-02-10,C:/Users/NannanLi/Desktop/Ravdess/Audio_Speech_Actors_01-24/Actor_10/03-01-02-02-01-02-10.wav,3.7371,train,10,02,02,01,02,calm,1
03-01-02-02-02-01-10,C:/Users/NannanLi/Desktop/Ravdess/Audio_Speech_Actors_01-24/Actor_10/03-01-02-02-02-01-10.wav,3.8038,train,10,02,02,02,01,calm,1
03-01-02-02-02-02-10,C:/Users/NannanLi/Desktop/Ravdess/Audio_Speech_Actors_01-24/Actor_10/03-01-02-02-02-02-10.wav,3.8372,train,10,02,02,02,02,calm,1
03-01-03-01-01-01-10,C:/Users/NannanLi/Desktop/Ravdess/Audio_Speech_Actors_01-24/Actor_10/03-01-03-01-01-01-10.wav,3.5035,train,10,03,01,01,01,happy,2
03-01-03-01-01-02-10,C:/Users/NannanLi/Desktop/Ravdess/Audio_Speech_Actors_01-24/Actor_10/03-01-03-01-01-02-10.wav,3.4701,train,10,03,01,01,02,happy,2
03-01-03-01-02-01-10,C:/Users/NannanLi/Desktop/Ravdess/Audio_Speech_Actors_01-24/Actor_10/03-01-03-01-02-01-10.wav,3.3033,train,10,03,01,02,01,happy,2
03-01-03-01-02-02-10,C:/Users/NannanLi/Desktop/Ravdess/Audio_Speech_Actors_01-24/Actor_10/03-01-03-01-02-02-10.wav,3.3367,train,10,03,01,02,02,happy,2
03-01-03-02-01-01-10,C:/Users/NannanLi/Desktop/Ravdess/Audio_Speech_Actors_01-24/Actor_10/03-01-03-02-01-01-10.wav,3.8372,train,10,03,02,01,01,happy,2
03-01-03-02-01-02-10,C:/Users/NannanLi/Desktop/Ravdess/Audio_Speech_Actors_01-24/Actor_10/03-01-03-02-01-02-10.wav,3.5035,train,10,03,02,01,02,happy,2
03-01-03-02-02-01-10,C:/Users/NannanLi/Desktop/Ravdess/Audio_Speech_Actors_01-24/Actor_10/03-01-03-02-02-01-10.wav,3.7371,train,10,03,02,02,01,happy,2
03-01-03-02-02-02-10,C:/Users/NannanLi/Desktop/Ravdess/Audio_Speech_Actors_01-24/Actor_10/03-01-03-02-02-02-10.wav,3.9706,train,10,03,02,02,02,happy,2
03-01-04-01-01-01-10,C:/Users/NannanLi/Desktop/Ravdess/Audio_Speech_Actors_01-24/Actor_10/03-01-04-01-01-01-10.wav,3.3033,train,10,04,01,01,01,sad,3
03-01-04-01-01-02-10,C:/Users/NannanLi/Desktop/Ravdess/Audio_Speech_Actors_01-24/Actor_10/03-01-04-01-01-02-10.wav,3.4701,train,10,04,01,01,02,sad,3
03-01-04-01-02-01-10,C:/Users/NannanLi/Desktop/Ravdess/Audio_Speech_Actors_01-24/Actor_10/03-01-04-01-02-01-10.wav,3.5369,train,10,04,01,02,01,sad,3
03-01-04-01-02-02-10,C:/Users/NannanLi/Desktop/Ravdess/Audio_Speech_Actors_01-24/Actor_10/03-01-04-01-02-02-10.wav,3.8038,train,10,04,01,02,02,sad,3
03-01-04-02-01-01-10,C:/Users/NannanLi/Desktop/Ravdess/Audio_Speech_Actors_01-24/Actor_10/03-01-04-02-01-01-10.wav,3.5035,train,10,04,02,01,01,sad,3
03-01-04-02-01-02-10,C:/Users/NannanLi/Desktop/Ravdess/Audio_Speech_Actors_01-24/Actor_10/03-01-04-02-01-02-10.wav,3.5702,train,10,04,02,01,02,sad,3
03-01-04-02-02-01-10,C:/Users/NannanLi/Desktop/Ravdess/Audio_Speech_Actors_01-24/Actor_10/03-01-04-02-02-01-10.wav,3.6703,train,10,04,02,02,01,sad,3
03-01-04-02-02-02-10,C:/Users/NannanLi/Desktop/Ravdess/Audio_Speech_Actors_01-24/Actor_10/03-01-04-02-02-02-10.wav,3.5702,train,10,04,02,02,02,sad,3
03-01-05-01-01-01-10,C:/Users/NannanLi/Desktop/Ravdess/Audio_Speech_Actors_01-24/Actor_10/03-01-05-01-01-01-10.wav,3.9039,train,10,05,01,01,01,angry,4
03-01-05-01-01-02-10,C:/Users/NannanLi/Desktop/Ravdess/Audio_Speech_Actors_01-24/Actor_10/03-01-05-01-01-02-10.wav,4.004,train,10,05,01,01,02,angry,4
03-01-05-01-02-01-10,C:/Users/NannanLi/Desktop/Ravdess/Audio_Speech_Actors_01-24/Actor_10/03-01-05-01-02-01-10.wav,4.1041,train,10,05,01,02,01,angry,4
03-01-05-01-02-02-10,C:/Users/NannanLi/Desktop/Ravdess/Audio_Speech_Actors_01-24/Actor_10/03-01-05-01-02-02-10.wav,4.1375,train,10,05,01,02,02,angry,4
03-01-05-02-01-01-10,C:/Users/NannanLi/Desktop/Ravdess/Audio_Speech_Actors_01-24/Actor_10/03-01-05-02-01-01-10.wav,4.1708,train,10,05,02,01,01,angry,4
03-01-05-02-01-02-10,C:/Users/NannanLi/Desktop/Ravdess/Audio_Speech_Actors_01-24/Actor_10/03-01-05-02-01-02-10.wav,4.4711,train,10,05,02,01,02,angry,4
03-01-05-02-02-01-10,C:/Users/NannanLi/Desktop/Ravdess/Audio_Speech_Actors_01-24/Actor_10/03-01-05-02-02-01-10.wav,3.8705,train,10,05,02,02,01,angry,4
03-01-05-02-02-02-10,C:/Users/NannanLi/Desktop/Ravdess/Audio_Speech_Actors_01-24/Actor_10/03-01-05-02-02-02-10.wav,4.1375,train,10,05,02,02,02,angry,4
03-01-06-01-01-01-10,C:/Users/NannanLi/Desktop/Ravdess/Audio_Speech_Actors_01-24/Actor_10/03-01-06-01-01-01-10.wav,3.4034,train,10,06,01,01,01,fearful,5
03-01-06-01-01-02-10,C:/Users/NannanLi/Desktop/Ravdess/Audio_Speech_Actors_01-24/Actor_10/03-01-06-01-01-02-10.wav,3.3033,train,10,06,01,01,02,fearful,5
03-01-06-01-02-01-10,C:/Users/NannanLi/Desktop/Ravdess/Audio_Speech_Actors_01-24/Actor_10/03-01-06-01-02-01-10.wav,3.5369,train,10,06,01,02,01,fearful,5
03-01-06-01-02-02-10,C:/Users/NannanLi/Desktop/Ravdess/Audio_Speech_Actors_01-24/Actor_10/03-01-06-01-02-02-10.wav,3.4368,train,10,06,01,02,02,fearful,5
03-01-06-02-01-01-10,C:/Users/NannanLi/Desktop/Ravdess/Audio_Speech_Actors_01-24/Actor_10/03-01-06-02-01-01-10.wav,3.5035,train,10,06,02,01,01,fearful,5
03-01-06-02-01-02-10,C:/Users/NannanLi/Desktop/Ravdess/Audio_Speech_Actors_01-24/Actor_10/03-01-06-02-01-02-10.wav,3.7037,train,10,06,02,01,02,fearful,5
03-01-06-02-02-01-10,C:/Users/NannanLi/Desktop/Ravdess/Audio_Speech_Actors_01-24/Actor_10/03-01-06-02-02-01-10.wav,3.8038,train,10,06,02,02,01,fearful,5
03-01-06-02-02-02-10,C:/Users/NannanLi/Desktop/Ravdess/Audio_Speech_Actors_01-24/Actor_10/03-01-06-02-02-02-10.wav,3.8705,train,10,06,02,02,02,fearful,5
03-01-07-01-01-01-10,C:/Users/NannanLi/Desktop/Ravdess/Audio_Speech_Actors_01-24/Actor_10/03-01-07-01-01-01-10.wav,3.7037,train,10,07,01,01,01,disgust,6
03-01-07-01-01-02-10,C:/Users/NannanLi/Desktop/Ravdess/Audio_Speech_Actors_01-24/Actor_10/03-01-07-01-01-02-10.wav,4.2042,train,10,07,01,01,02,disgust,6
03-01-07-01-02-01-10,C:/Users/NannanLi/Desktop/Ravdess/Audio_Speech_Actors_01-24/Actor_10/03-01-07-01-02-01-10.wav,3.8705,train,10,07,01,02,01,disgust,6
03-01-07-01-02-02-10,C:/Users/NannanLi/Desktop/Ravdess/Audio_Speech_Actors_01-24/Actor_10/03-01-07-01-02-02-10.wav,4.2709,train,10,07,01,02,02,disgust,6
03-01-07-02-01-01-10,C:/Users/NannanLi/Desktop/Ravdess/Audio_Speech_Actors_01-24/Actor_10/03-01-07-02-01-01-10.wav,4.6713,train,10,07,02,01,01,disgust,6
03-01-07-02-01-02-10,C:/Users/NannanLi/Desktop/Ravdess/Audio_Speech_Actors_01-24/Actor_10/03-01-07-02-01-02-10.wav,4.5379,train,10,07,02,01,02,disgust,6
03-01-07-02-02-01-10,C:/Users/NannanLi/Desktop/Ravdess/Audio_Speech_Actors_01-24/Actor_10/03-01-07-02-02-01-10.wav,4.2042,train,10,07,02,02,01,disgust,6
03-01-07-02-02-02-10,C:/Users/NannanLi/Desktop/Ravdess/Audio_Speech_Actors_01-24/Actor_10/03-01-07-02-02-02-10.wav,4.8715,train,10,07,02,02,02,disgust,6
03-01-08-01-01-01-10,C:/Users/NannanLi/Desktop/Ravdess/Audio_Speech_Actors_01-24/Actor_10/03-01-08-01-01-01-10.wav,3.2366,train,10,08,01,01,01,surprise,7
03-01-08-01-01-02-10,C:/Users/NannanLi/Desktop/Ravdess/Audio_Speech_Actors_01-24/Actor_10/03-01-08-01-01-02-10.wav,3.4034,train,10,08,01,01,02,surprise,7
03-01-08-01-02-01-10,C:/Users/NannanLi/Desktop/Ravdess/Audio_Speech_Actors_01-24/Actor_10/03-01-08-01-02-01-10.wav,3.5035,train,10,08,01,02,01,surprise,7
03-01-08-01-02-02-10,C:/Users/NannanLi/Desktop/Ravdess/Audio_Speech_Actors_01-24/Actor_10/03-01-08-01-02-02-10.wav,3.4701,train,10,08,01,02,02,surprise,7
03-01-08-02-01-01-10,C:/Users/NannanLi/Desktop/Ravdess/Audio_Speech_Actors_01-24/Actor_10/03-01-08-02-01-01-10.wav,3.5035,train,10,08,02,01,01,surprise,7
03-01-08-02-01-02-10,C:/Users/NannanLi/Desktop/Ravdess/Audio_Speech_Actors_01-24/Actor_10/03-01-08-02-01-02-10.wav,3.4034,train,10,08,02,01,02,surprise,7
03-01-08-02-02-01-10,C:/Users/NannanLi/Desktop/Ravdess/Audio_Speech_Actors_01-24/Actor_10/03-01-08-02-02-01-10.wav,3.637,train,10,08,02,02,01,surprise,7
03-01-08-02-02-02-10,C:/Users/NannanLi/Desktop/Ravdess/Audio_Speech_Actors_01-24/Actor_10/03-01-08-02-02-02-10.wav,3.5035,train,10,08,02,02,02,surprise,7
03-01-01-01-01-01-11,C:/Users/NannanLi/Desktop/Ravdess/Audio_Speech_Actors_01-24/Actor_11/03-01-01-01-01-01-11.wav,3.1365,train,11,01,01,01,01,neutral,0
03-01-01-01-01-02-11,C:/Users/NannanLi/Desktop/Ravdess/Audio_Speech_Actors_01-24/Actor_11/03-01-01-01-01-02-11.wav,3.1031,train,11,01,01,01,02,neutral,0
03-01-01-01-02-01-11,C:/Users/NannanLi/Desktop/Ravdess/Audio_Speech_Actors_01-24/Actor_11/03-01-01-01-02-01-11.wav,3.2032,train,11,01,01,02,01,neutral,0
03-01-01-01-02-02-11,C:/Users/NannanLi/Desktop/Ravdess/Audio_Speech_Actors_01-24/Actor_11/03-01-01-01-02-02-11.wav,3.1698,train,11,01,01,02,02,neutral,0
03-01-02-01-01-01-11,C:/Users/NannanLi/Desktop/Ravdess/Audio_Speech_Actors_01-24/Actor_11/03-01-02-01-01-01-11.wav,3.2699,train,11,02,01,01,01,calm,1
03-01-02-01-01-02-11,C:/Users/NannanLi/Desktop/Ravdess/Audio_Speech_Actors_01-24/Actor_11/03-01-02-01-01-02-11.wav,3.3367,train,11,02,01,01,02,calm,1
03-01-02-01-02-01-11,C:/Users/NannanLi/Desktop/Ravdess/Audio_Speech_Actors_01-24/Actor_11/03-01-02-01-02-01-11.wav,3.3367,train,11,02,01,02,01,calm,1
03-01-02-01-02-02-11,C:/Users/NannanLi/Desktop/Ravdess/Audio_Speech_Actors_01-24/Actor_11/03-01-02-01-02-02-11.wav,3.6703,train,11,02,01,02,02,calm,1
03-01-02-02-01-01-11,C:/Users/NannanLi/Desktop/Ravdess/Audio_Speech_Actors_01-24/Actor_11/03-01-02-02-01-01-11.wav,3.8372,train,11,02,02,01,01,calm,1
03-01-02-02-01-02-11,C:/Users/NannanLi/Desktop/Ravdess/Audio_Speech_Actors_01-24/Actor_11/03-01-02-02-01-02-11.wav,3.7371,train,11,02,02,01,02,calm,1
03-01-02-02-02-01-11,C:/Users/NannanLi/Desktop/Ravdess/Audio_Speech_Actors_01-24/Actor_11/03-01-02-02-02-01-11.wav,3.7704,train,11,02,02,02,01,calm,1
03-01-02-02-02-02-11,C:/Users/NannanLi/Desktop/Ravdess/Audio_Speech_Actors_01-24/Actor_11/03-01-02-02-02-02-11.wav,3.8372,train,11,02,02,02,02,calm,1
03-01-03-01-01-01-11,C:/Users/NannanLi/Desktop/Ravdess/Audio_Speech_Actors_01-24/Actor_11/03-01-03-01-01-01-11.wav,3.1031,train,11,03,01,01,01,happy,2
03-01-03-01-01-02-11,C:/Users/NannanLi/Desktop/Ravdess/Audio_Speech_Actors_01-24/Actor_11/03-01-03-01-01-02-11.wav,3.2032,train,11,03,01,01,02,happy,2
03-01-03-01-02-01-11,C:/Users/NannanLi/Desktop/Ravdess/Audio_Speech_Actors_01-24/Actor_11/03-01-03-01-02-01-11.wav,3.1698,train,11,03,01,02,01,happy,2
03-01-03-01-02-02-11,C:/Users/NannanLi/Desktop/Ravdess/Audio_Speech_Actors_01-24/Actor_11/03-01-03-01-02-02-11.wav,3.2366,train,11,03,01,02,02,happy,2
03-01-03-02-01-01-11,C:/Users/NannanLi/Desktop/Ravdess/Audio_Speech_Actors_01-24/Actor_11/03-01-03-02-01-01-11.wav,4.0374,train,11,03,02,01,01,happy,2
03-01-03-02-01-02-11,C:/Users/NannanLi/Desktop/Ravdess/Audio_Speech_Actors_01-24/Actor_11/03-01-03-02-01-02-11.wav,3.637,train,11,03,02,01,02,happy,2
03-01-03-02-02-01-11,C:/Users/NannanLi/Desktop/Ravdess/Audio_Speech_Actors_01-24/Actor_11/03-01-03-02-02-01-11.wav,3.8705,train,11,03,02,02,01,happy,2
03-01-03-02-02-02-11,C:/Users/NannanLi/Desktop/Ravdess/Audio_Speech_Actors_01-24/Actor_11/03-01-03-02-02-02-11.wav,3.5035,train,11,03,02,02,02,happy,2
03-01-04-01-01-01-11,C:/Users/NannanLi/Desktop/Ravdess/Audio_Speech_Actors_01-24/Actor_11/03-01-04-01-01-01-11.wav,3.3367,train,11,04,01,01,01,sad,3
03-01-04-01-01-02-11,C:/Users/NannanLi/Desktop/Ravdess/Audio_Speech_Actors_01-24/Actor_11/03-01-04-01-01-02-11.wav,3.6036,train,11,04,01,01,02,sad,3
03-01-04-01-02-01-11,C:/Users/NannanLi/Desktop/Ravdess/Audio_Speech_Actors_01-24/Actor_11/03-01-04-01-02-01-11.wav,3.5369,train,11,04,01,02,01,sad,3
03-01-04-01-02-02-11,C:/Users/NannanLi/Desktop/Ravdess/Audio_Speech_Actors_01-24/Actor_11/03-01-04-01-02-02-11.wav,3.4368,train,11,04,01,02,02,sad,3
03-01-04-02-01-01-11,C:/Users/NannanLi/Desktop/Ravdess/Audio_Speech_Actors_01-24/Actor_11/03-01-04-02-01-01-11.wav,3.3367,train,11,04,02,01,01,sad,3
03-01-04-02-01-02-11,C:/Users/NannanLi/Desktop/Ravdess/Audio_Speech_Actors_01-24/Actor_11/03-01-04-02-01-02-11.wav,3.6036,train,11,04,02,01,02,sad,3
03-01-04-02-02-01-11,C:/Users/NannanLi/Desktop/Ravdess/Audio_Speech_Actors_01-24/Actor_11/03-01-04-02-02-01-11.wav,3.37,train,11,04,02,02,01,sad,3
03-01-04-02-02-02-11,C:/Users/NannanLi/Desktop/Ravdess/Audio_Speech_Actors_01-24/Actor_11/03-01-04-02-02-02-11.wav,3.3367,train,11,04,02,02,02,sad,3
03-01-05-01-01-01-11,C:/Users/NannanLi/Desktop/Ravdess/Audio_Speech_Actors_01-24/Actor_11/03-01-05-01-01-01-11.wav,3.6036,train,11,05,01,01,01,angry,4
03-01-05-01-01-02-11,C:/Users/NannanLi/Desktop/Ravdess/Audio_Speech_Actors_01-24/Actor_11/03-01-05-01-01-02-11.wav,3.4701,train,11,05,01,01,02,angry,4
03-01-05-01-02-01-11,C:/Users/NannanLi/Desktop/Ravdess/Audio_Speech_Actors_01-24/Actor_11/03-01-05-01-02-01-11.wav,3.4701,train,11,05,01,02,01,angry,4
03-01-05-01-02-02-11,C:/Users/NannanLi/Desktop/Ravdess/Audio_Speech_Actors_01-24/Actor_11/03-01-05-01-02-02-11.wav,3.7371,train,11,05,01,02,02,angry,4
03-01-05-02-01-01-11,C:/Users/NannanLi/Desktop/Ravdess/Audio_Speech_Actors_01-24/Actor_11/03-01-05-02-01-01-11.wav,3.5369,train,11,05,02,01,01,angry,4
03-01-05-02-01-02-11,C:/Users/NannanLi/Desktop/Ravdess/Audio_Speech_Actors_01-24/Actor_11/03-01-05-02-01-02-11.wav,3.9706,train,11,05,02,01,02,angry,4
03-01-05-02-02-01-11,C:/Users/NannanLi/Desktop/Ravdess/Audio_Speech_Actors_01-24/Actor_11/03-01-05-02-02-01-11.wav,3.9373,train,11,05,02,02,01,angry,4
03-01-05-02-02-02-11,C:/Users/NannanLi/Desktop/Ravdess/Audio_Speech_Actors_01-24/Actor_11/03-01-05-02-02-02-11.wav,3.7704,train,11,05,02,02,02,angry,4
03-01-06-01-01-01-11,C:/Users/NannanLi/Desktop/Ravdess/Audio_Speech_Actors_01-24/Actor_11/03-01-06-01-01-01-11.wav,3.4701,train,11,06,01,01,01,fearful,5
03-01-06-01-01-02-11,C:/Users/NannanLi/Desktop/Ravdess/Audio_Speech_Actors_01-24/Actor_11/03-01-06-01-01-02-11.wav,3.5035,train,11,06,01,01,02,fearful,5
03-01-06-01-02-01-11,C:/Users/NannanLi/Desktop/Ravdess/Audio_Speech_Actors_01-24/Actor_11/03-01-06-01-02-01-11.wav,3.1698,train,11,06,01,02,01,fearful,5
03-01-06-01-02-02-11,C:/Users/NannanLi/Desktop/Ravdess/Audio_Speech_Actors_01-24/Actor_11/03-01-06-01-02-02-11.wav,3.2032,train,11,06,01,02,02,fearful,5
03-01-06-02-01-01-11,C:/Users/NannanLi/Desktop/Ravdess/Audio_Speech_Actors_01-24/Actor_11/03-01-06-02-01-01-11.wav,3.2032,train,11,06,02,01,01,fearful,5
03-01-06-02-01-02-11,C:/Users/NannanLi/Desktop/Ravdess/Audio_Speech_Actors_01-24/Actor_11/03-01-06-02-01-02-11.wav,3.2032,train,11,06,02,01,02,fearful,5
03-01-06-02-02-01-11,C:/Users/NannanLi/Desktop/Ravdess/Audio_Speech_Actors_01-24/Actor_11/03-01-06-02-02-01-11.wav,3.0697,train,11,06,02,02,01,fearful,5
03-01-06-02-02-02-11,C:/Users/NannanLi/Desktop/Ravdess/Audio_Speech_Actors_01-24/Actor_11/03-01-06-02-02-02-11.wav,3.1365,train,11,06,02,02,02,fearful,5
03-01-07-01-01-01-11,C:/Users/NannanLi/Desktop/Ravdess/Audio_Speech_Actors_01-24/Actor_11/03-01-07-01-01-01-11.wav,3.6703,train,11,07,01,01,01,disgust,6
03-01-07-01-01-02-11,C:/Users/NannanLi/Desktop/Ravdess/Audio_Speech_Actors_01-24/Actor_11/03-01-07-01-01-02-11.wav,3.6036,train,11,07,01,01,02,disgust,6
03-01-07-01-02-01-11,C:/Users/NannanLi/Desktop/Ravdess/Audio_Speech_Actors_01-24/Actor_11/03-01-07-01-02-01-11.wav,3.4701,train,11,07,01,02,01,disgust,6
03-01-07-01-02-02-11,C:/Users/NannanLi/Desktop/Ravdess/Audio_Speech_Actors_01-24/Actor_11/03-01-07-01-02-02-11.wav,3.6703,train,11,07,01,02,02,disgust,6
03-01-07-02-01-01-11,C:/Users/NannanLi/Desktop/Ravdess/Audio_Speech_Actors_01-24/Actor_11/03-01-07-02-01-01-11.wav,3.8038,train,11,07,02,01,01,disgust,6
03-01-07-02-01-02-11,C:/Users/NannanLi/Desktop/Ravdess/Audio_Speech_Actors_01-24/Actor_11/03-01-07-02-01-02-11.wav,3.8038,train,11,07,02,01,02,disgust,6
03-01-07-02-02-01-11,C:/Users/NannanLi/Desktop/Ravdess/Audio_Speech_Actors_01-24/Actor_11/03-01-07-02-02-01-11.wav,3.7371,train,11,07,02,02,01,disgust,6
03-01-07-02-02-02-11,C:/Users/NannanLi/Desktop/Ravdess/Audio_Speech_Actors_01-24/Actor_11/03-01-07-02-02-02-11.wav,3.7371,train,11,07,02,02,02,disgust,6
03-01-08-01-01-01-11,C:/Users/NannanLi/Desktop/Ravdess/Audio_Speech_Actors_01-24/Actor_11/03-01-08-01-01-01-11.wav,3.0697,train,11,08,01,01,01,surprise,7
03-01-08-01-01-02-11,C:/Users/NannanLi/Desktop/Ravdess/Audio_Speech_Actors_01-24/Actor_11/03-01-08-01-01-02-11.wav,3.1365,train,11,08,01,01,02,surprise,7
03-01-08-01-02-01-11,C:/Users/NannanLi/Desktop/Ravdess/Audio_Speech_Actors_01-24/Actor_11/03-01-08-01-02-01-11.wav,3.1698,train,11,08,01,02,01,surprise,7
03-01-08-01-02-02-11,C:/Users/NannanLi/Desktop/Ravdess/Audio_Speech_Actors_01-24/Actor_11/03-01-08-01-02-02-11.wav,2.9696,train,11,08,01,02,02,surprise,7
03-01-08-02-01-01-11,C:/Users/NannanLi/Desktop/Ravdess/Audio_Speech_Actors_01-24/Actor_11/03-01-08-02-01-01-11.wav,3.0697,train,11,08,02,01,01,surprise,7
03-01-08-02-01-02-11,C:/Users/NannanLi/Desktop/Ravdess/Audio_Speech_Actors_01-24/Actor_11/03-01-08-02-01-02-11.wav,3.1031,train,11,08,02,01,02,surprise,7
03-01-08-02-02-01-11,C:/Users/NannanLi/Desktop/Ravdess/Audio_Speech_Actors_01-24/Actor_11/03-01-08-02-02-01-11.wav,3.0697,train,11,08,02,02,01,surprise,7
03-01-08-02-02-02-11,C:/Users/NannanLi/Desktop/Ravdess/Audio_Speech_Actors_01-24/Actor_11/03-01-08-02-02-02-11.wav,3.0697,train,11,08,02,02,02,surprise,7
03-01-01-01-01-01-12,C:/Users/NannanLi/Desktop/Ravdess/Audio_Speech_Actors_01-24/Actor_12/03-01-01-01-01-01-12.wav,3.637,train,12,01,01,01,01,neutral,0
03-01-01-01-01-02-12,C:/Users/NannanLi/Desktop/Ravdess/Audio_Speech_Actors_01-24/Actor_12/03-01-01-01-01-02-12.wav,3.5369,train,12,01,01,01,02,neutral,0
03-01-01-01-02-01-12,C:/Users/NannanLi/Desktop/Ravdess/Audio_Speech_Actors_01-24/Actor_12/03-01-01-01-02-01-12.wav,3.6036,train,12,01,01,02,01,neutral,0
03-01-01-01-02-02-12,C:/Users/NannanLi/Desktop/Ravdess/Audio_Speech_Actors_01-24/Actor_12/03-01-01-01-02-02-12.wav,3.637,train,12,01,01,02,02,neutral,0
03-01-02-01-01-01-12,C:/Users/NannanLi/Desktop/Ravdess/Audio_Speech_Actors_01-24/Actor_12/03-01-02-01-01-01-12.wav,3.8705,train,12,02,01,01,01,calm,1
03-01-02-01-01-02-12,C:/Users/NannanLi/Desktop/Ravdess/Audio_Speech_Actors_01-24/Actor_12/03-01-02-01-01-02-12.wav,3.7704,train,12,02,01,01,02,calm,1
03-01-02-01-02-01-12,C:/Users/NannanLi/Desktop/Ravdess/Audio_Speech_Actors_01-24/Actor_12/03-01-02-01-02-01-12.wav,3.7704,train,12,02,01,02,01,calm,1
03-01-02-01-02-02-12,C:/Users/NannanLi/Desktop/Ravdess/Audio_Speech_Actors_01-24/Actor_12/03-01-02-01-02-02-12.wav,3.6703,train,12,02,01,02,02,calm,1
03-01-02-02-01-01-12,C:/Users/NannanLi/Desktop/Ravdess/Audio_Speech_Actors_01-24/Actor_12/03-01-02-02-01-01-12.wav,3.9706,train,12,02,02,01,01,calm,1
03-01-02-02-01-02-12,C:/Users/NannanLi/Desktop/Ravdess/Audio_Speech_Actors_01-24/Actor_12/03-01-02-02-01-02-12.wav,3.7704,train,12,02,02,01,02,calm,1
03-01-02-02-02-01-12,C:/Users/NannanLi/Desktop/Ravdess/Audio_Speech_Actors_01-24/Actor_12/03-01-02-02-02-01-12.wav,3.7371,train,12,02,02,02,01,calm,1
03-01-02-02-02-02-12,C:/Users/NannanLi/Desktop/Ravdess/Audio_Speech_Actors_01-24/Actor_12/03-01-02-02-02-02-12.wav,3.8038,train,12,02,02,02,02,calm,1
03-01-03-01-01-01-12,C:/Users/NannanLi/Desktop/Ravdess/Audio_Speech_Actors_01-24/Actor_12/03-01-03-01-01-01-12.wav,3.7037,train,12,03,01,01,01,happy,2
03-01-03-01-01-02-12,C:/Users/NannanLi/Desktop/Ravdess/Audio_Speech_Actors_01-24/Actor_12/03-01-03-01-01-02-12.wav,3.7371,train,12,03,01,01,02,happy,2
03-01-03-01-02-01-12,C:/Users/NannanLi/Desktop/Ravdess/Audio_Speech_Actors_01-24/Actor_12/03-01-03-01-02-01-12.wav,3.5035,train,12,03,01,02,01,happy,2
03-01-03-01-02-02-12,C:/Users/NannanLi/Desktop/Ravdess/Audio_Speech_Actors_01-24/Actor_12/03-01-03-01-02-02-12.wav,3.7371,train,12,03,01,02,02,happy,2
03-01-03-02-01-01-12,C:/Users/NannanLi/Desktop/Ravdess/Audio_Speech_Actors_01-24/Actor_12/03-01-03-02-01-01-12.wav,4.2042,train,12,03,02,01,01,happy,2
03-01-03-02-01-02-12,C:/Users/NannanLi/Desktop/Ravdess/Audio_Speech_Actors_01-24/Actor_12/03-01-03-02-01-02-12.wav,4.1375,train,12,03,02,01,02,happy,2
03-01-03-02-02-01-12,C:/Users/NannanLi/Desktop/Ravdess/Audio_Speech_Actors_01-24/Actor_12/03-01-03-02-02-01-12.wav,3.9039,train,12,03,02,02,01,happy,2
03-01-03-02-02-02-12,C:/Users/NannanLi/Desktop/Ravdess/Audio_Speech_Actors_01-24/Actor_12/03-01-03-02-02-02-12.wav,3.9706,train,12,03,02,02,02,happy,2
03-01-04-01-01-01-12,C:/Users/NannanLi/Desktop/Ravdess/Audio_Speech_Actors_01-24/Actor_12/03-01-04-01-01-01-12.wav,3.6703,train,12,04,01,01,01,sad,3
03-01-04-01-01-02-12,C:/Users/NannanLi/Desktop/Ravdess/Audio_Speech_Actors_01-24/Actor_12/03-01-04-01-01-02-12.wav,3.6036,train,12,04,01,01,02,sad,3
03-01-04-01-02-01-12,C:/Users/NannanLi/Desktop/Ravdess/Audio_Speech_Actors_01-24/Actor_12/03-01-04-01-02-01-12.wav,3.6703,train,12,04,01,02,01,sad,3
03-01-04-01-02-02-12,C:/Users/NannanLi/Desktop/Ravdess/Audio_Speech_Actors_01-24/Actor_12/03-01-04-01-02-02-12.wav,3.5702,train,12,04,01,02,02,sad,3
03-01-04-02-01-01-12,C:/Users/NannanLi/Desktop/Ravdess/Audio_Speech_Actors_01-24/Actor_12/03-01-04-02-01-01-12.wav,3.8705,train,12,04,02,01,01,sad,3
03-01-04-02-01-02-12,C:/Users/NannanLi/Desktop/Ravdess/Audio_Speech_Actors_01-24/Actor_12/03-01-04-02-01-02-12.wav,3.7704,train,12,04,02,01,02,sad,3
03-01-04-02-02-01-12,C:/Users/NannanLi/Desktop/Ravdess/Audio_Speech_Actors_01-24/Actor_12/03-01-04-02-02-01-12.wav,3.8038,train,12,04,02,02,01,sad,3
03-01-04-02-02-02-12,C:/Users/NannanLi/Desktop/Ravdess/Audio_Speech_Actors_01-24/Actor_12/03-01-04-02-02-02-12.wav,3.8705,train,12,04,02,02,02,sad,3
03-01-05-01-01-01-12,C:/Users/NannanLi/Desktop/Ravdess/Audio_Speech_Actors_01-24/Actor_12/03-01-05-01-01-01-12.wav,4.2709,train,12,05,01,01,01,angry,4
03-01-05-01-01-02-12,C:/Users/NannanLi/Desktop/Ravdess/Audio_Speech_Actors_01-24/Actor_12/03-01-05-01-01-02-12.wav,3.9706,train,12,05,01,01,02,angry,4
03-01-05-01-02-01-12,C:/Users/NannanLi/Desktop/Ravdess/Audio_Speech_Actors_01-24/Actor_12/03-01-05-01-02-01-12.wav,3.7371,train,12,05,01,02,01,angry,4
03-01-05-01-02-02-12,C:/Users/NannanLi/Desktop/Ravdess/Audio_Speech_Actors_01-24/Actor_12/03-01-05-01-02-02-12.wav,4.1375,train,12,05,01,02,02,angry,4
03-01-05-02-01-01-12,C:/Users/NannanLi/Desktop/Ravdess/Audio_Speech_Actors_01-24/Actor_12/03-01-05-02-01-01-12.wav,3.637,train,12,05,02,01,01,angry,4
03-01-05-02-01-02-12,C:/Users/NannanLi/Desktop/Ravdess/Audio_Speech_Actors_01-24/Actor_12/03-01-05-02-01-02-12.wav,3.6703,train,12,05,02,01,02,angry,4
03-01-05-02-02-01-12,C:/Users/NannanLi/Desktop/Ravdess/Audio_Speech_Actors_01-24/Actor_12/03-01-05-02-02-01-12.wav,3.8038,train,12,05,02,02,01,angry,4
03-01-05-02-02-02-12,C:/Users/NannanLi/Desktop/Ravdess/Audio_Speech_Actors_01-24/Actor_12/03-01-05-02-02-02-12.wav,3.8372,train,12,05,02,02,02,angry,4
03-01-06-01-01-01-12,C:/Users/NannanLi/Desktop/Ravdess/Audio_Speech_Actors_01-24/Actor_12/03-01-06-01-01-01-12.wav,3.4034,train,12,06,01,01,01,fearful,5
03-01-06-01-01-02-12,C:/Users/NannanLi/Desktop/Ravdess/Audio_Speech_Actors_01-24/Actor_12/03-01-06-01-01-02-12.wav,3.5035,train,12,06,01,01,02,fearful,5
03-01-06-01-02-01-12,C:/Users/NannanLi/Desktop/Ravdess/Audio_Speech_Actors_01-24/Actor_12/03-01-06-01-02-01-12.wav,3.37,train,12,06,01,02,01,fearful,5
03-01-06-01-02-02-12,C:/Users/NannanLi/Desktop/Ravdess/Audio_Speech_Actors_01-24/Actor_12/03-01-06-01-02-02-12.wav,3.2032,train,12,06,01,02,02,fearful,5
03-01-06-02-01-01-12,C:/Users/NannanLi/Desktop/Ravdess/Audio_Speech_Actors_01-24/Actor_12/03-01-06-02-01-01-12.wav,3.7371,train,12,06,02,01,01,fearful,5
03-01-06-02-01-02-12,C:/Users/NannanLi/Desktop/Ravdess/Audio_Speech_Actors_01-24/Actor_12/03-01-06-02-01-02-12.wav,3.7037,train,12,06,02,01,02,fearful,5
03-01-06-02-02-01-12,C:/Users/NannanLi/Desktop/Ravdess/Audio_Speech_Actors_01-24/Actor_12/03-01-06-02-02-01-12.wav,3.4701,train,12,06,02,02,01,fearful,5
03-01-06-02-02-02-12,C:/Users/NannanLi/Desktop/Ravdess/Audio_Speech_Actors_01-24/Actor_12/03-01-06-02-02-02-12.wav,3.6703,train,12,06,02,02,02,fearful,5
03-01-07-01-01-01-12,C:/Users/NannanLi/Desktop/Ravdess/Audio_Speech_Actors_01-24/Actor_12/03-01-07-01-01-01-12.wav,3.7371,train,12,07,01,01,01,disgust,6
03-01-07-01-01-02-12,C:/Users/NannanLi/Desktop/Ravdess/Audio_Speech_Actors_01-24/Actor_12/03-01-07-01-01-02-12.wav,3.7037,train,12,07,01,01,02,disgust,6
03-01-07-01-02-01-12,C:/Users/NannanLi/Desktop/Ravdess/Audio_Speech_Actors_01-24/Actor_12/03-01-07-01-02-01-12.wav,3.6036,train,12,07,01,02,01,disgust,6
03-01-07-01-02-02-12,C:/Users/NannanLi/Desktop/Ravdess/Audio_Speech_Actors_01-24/Actor_12/03-01-07-01-02-02-12.wav,3.7037,train,12,07,01,02,02,disgust,6
03-01-07-02-01-01-12,C:/Users/NannanLi/Desktop/Ravdess/Audio_Speech_Actors_01-24/Actor_12/03-01-07-02-01-01-12.wav,3.9706,train,12,07,02,01,01,disgust,6
03-01-07-02-01-02-12,C:/Users/NannanLi/Desktop/Ravdess/Audio_Speech_Actors_01-24/Actor_12/03-01-07-02-01-02-12.wav,4.5379,train,12,07,02,01,02,disgust,6
03-01-07-02-02-01-12,C:/Users/NannanLi/Desktop/Ravdess/Audio_Speech_Actors_01-24/Actor_12/03-01-07-02-02-01-12.wav,4.2042,train,12,07,02,02,01,disgust,6
03-01-07-02-02-02-12,C:/Users/NannanLi/Desktop/Ravdess/Audio_Speech_Actors_01-24/Actor_12/03-01-07-02-02-02-12.wav,3.9706,train,12,07,02,02,02,disgust,6
03-01-08-01-01-01-12,C:/Users/NannanLi/Desktop/Ravdess/Audio_Speech_Actors_01-24/Actor_12/03-01-08-01-01-01-12.wav,3.5369,train,12,08,01,01,01,surprise,7
03-01-08-01-01-02-12,C:/Users/NannanLi/Desktop/Ravdess/Audio_Speech_Actors_01-24/Actor_12/03-01-08-01-01-02-12.wav,3.637,train,12,08,01,01,02,surprise,7
03-01-08-01-02-01-12,C:/Users/NannanLi/Desktop/Ravdess/Audio_Speech_Actors_01-24/Actor_12/03-01-08-01-02-01-12.wav,3.5035,train,12,08,01,02,01,surprise,7
03-01-08-01-02-02-12,C:/Users/NannanLi/Desktop/Ravdess/Audio_Speech_Actors_01-24/Actor_12/03-01-08-01-02-02-12.wav,3.6036,train,12,08,01,02,02,surprise,7
03-01-08-02-01-01-12,C:/Users/NannanLi/Desktop/Ravdess/Audio_Speech_Actors_01-24/Actor_12/03-01-08-02-01-01-12.wav,3.7037,train,12,08,02,01,01,surprise,7
03-01-08-02-01-02-12,C:/Users/NannanLi/Desktop/Ravdess/Audio_Speech_Actors_01-24/Actor_12/03-01-08-02-01-02-12.wav,3.7371,train,12,08,02,01,02,surprise,7
03-01-08-02-02-01-12,C:/Users/NannanLi/Desktop/Ravdess/Audio_Speech_Actors_01-24/Actor_12/03-01-08-02-02-01-12.wav,3.7371,train,12,08,02,02,01,surprise,7
03-01-08-02-02-02-12,C:/Users/NannanLi/Desktop/Ravdess/Audio_Speech_Actors_01-24/Actor_12/03-01-08-02-02-02-12.wav,3.6703,train,12,08,02,02,02,surprise,7
03-01-01-01-01-01-13,C:/Users/NannanLi/Desktop/Ravdess/Audio_Speech_Actors_01-24/Actor_13/03-01-01-01-01-01-13.wav,3.1698,train,13,01,01,01,01,neutral,0
03-01-01-01-01-02-13,C:/Users/NannanLi/Desktop/Ravdess/Audio_Speech_Actors_01-24/Actor_13/03-01-01-01-01-02-13.wav,3.2032,train,13,01,01,01,02,neutral,0
03-01-01-01-02-01-13,C:/Users/NannanLi/Desktop/Ravdess/Audio_Speech_Actors_01-24/Actor_13/03-01-01-01-02-01-13.wav,3.0697,train,13,01,01,02,01,neutral,0
03-01-01-01-02-02-13,C:/Users/NannanLi/Desktop/Ravdess/Audio_Speech_Actors_01-24/Actor_13/03-01-01-01-02-02-13.wav,3.1365,train,13,01,01,02,02,neutral,0
03-01-02-01-01-01-13,C:/Users/NannanLi/Desktop/Ravdess/Audio_Speech_Actors_01-24/Actor_13/03-01-02-01-01-01-13.wav,3.3033,train,13,02,01,01,01,calm,1
03-01-02-01-01-02-13,C:/Users/NannanLi/Desktop/Ravdess/Audio_Speech_Actors_01-24/Actor_13/03-01-02-01-01-02-13.wav,3.1698,train,13,02,01,01,02,calm,1
03-01-02-01-02-01-13,C:/Users/NannanLi/Desktop/Ravdess/Audio_Speech_Actors_01-24/Actor_13/03-01-02-01-02-01-13.wav,3.1365,train,13,02,01,02,01,calm,1
03-01-02-01-02-02-13,C:/Users/NannanLi/Desktop/Ravdess/Audio_Speech_Actors_01-24/Actor_13/03-01-02-01-02-02-13.wav,2.9363,train,13,02,01,02,02,calm,1
03-01-02-02-01-01-13,C:/Users/NannanLi/Desktop/Ravdess/Audio_Speech_Actors_01-24/Actor_13/03-01-02-02-01-01-13.wav,3.1365,train,13,02,02,01,01,calm,1
03-01-02-02-01-02-13,C:/Users/NannanLi/Desktop/Ravdess/Audio_Speech_Actors_01-24/Actor_13/03-01-02-02-01-02-13.wav,3.2032,train,13,02,02,01,02,calm,1
03-01-02-02-02-01-13,C:/Users/NannanLi/Desktop/Ravdess/Audio_Speech_Actors_01-24/Actor_13/03-01-02-02-02-01-13.wav,3.003,train,13,02,02,02,01,calm,1
03-01-02-02-02-02-13,C:/Users/NannanLi/Desktop/Ravdess/Audio_Speech_Actors_01-24/Actor_13/03-01-02-02-02-02-13.wav,3.0364,train,13,02,02,02,02,calm,1
03-01-03-01-01-01-13,C:/Users/NannanLi/Desktop/Ravdess/Audio_Speech_Actors_01-24/Actor_13/03-01-03-01-01-01-13.wav,3.2366,train,13,03,01,01,01,happy,2
03-01-03-01-01-02-13,C:/Users/NannanLi/Desktop/Ravdess/Audio_Speech_Actors_01-24/Actor_13/03-01-03-01-01-02-13.wav,3.2032,train,13,03,01,01,02,happy,2
03-01-03-01-02-01-13,C:/Users/NannanLi/Desktop/Ravdess/Audio_Speech_Actors_01-24/Actor_13/03-01-03-01-02-01-13.wav,3.1365,train,13,03,01,02,01,happy,2
03-01-03-01-02-02-13,C:/Users/NannanLi/Desktop/Ravdess/Audio_Speech_Actors_01-24/Actor_13/03-01-03-01-02-02-13.wav,3.2032,train,13,03,01,02,02,happy,2
03-01-03-02-01-01-13,C:/Users/NannanLi/Desktop/Ravdess/Audio_Speech_Actors_01-24/Actor_13/03-01-03-02-01-01-13.wav,3.4368,train,13,03,02,01,01,happy,2
03-01-03-02-01-02-13,C:/Users/NannanLi/Desktop/Ravdess/Audio_Speech_Actors_01-24/Actor_13/03-01-03-02-01-02-13.wav,3.6036,train,13,03,02,01,02,happy,2
03-01-03-02-02-01-13,C:/Users/NannanLi/Desktop/Ravdess/Audio_Speech_Actors_01-24/Actor_13/03-01-03-02-02-01-13.wav,3.37,train,13,03,02,02,01,happy,2
03-01-03-02-02-02-13,C:/Users/NannanLi/Desktop/Ravdess/Audio_Speech_Actors_01-24/Actor_13/03-01-03-02-02-02-13.wav,3.3367,train,13,03,02,02,02,happy,2
03-01-04-01-01-01-13,C:/Users/NannanLi/Desktop/Ravdess/Audio_Speech_Actors_01-24/Actor_13/03-01-04-01-01-01-13.wav,3.5702,train,13,04,01,01,01,sad,3
03-01-04-01-01-02-13,C:/Users/NannanLi/Desktop/Ravdess/Audio_Speech_Actors_01-24/Actor_13/03-01-04-01-01-02-13.wav,3.5369,train,13,04,01,01,02,sad,3
03-01-04-01-02-01-13,C:/Users/NannanLi/Desktop/Ravdess/Audio_Speech_Actors_01-24/Actor_13/03-01-04-01-02-01-13.wav,3.4368,train,13,04,01,02,01,sad,3
03-01-04-01-02-02-13,C:/Users/NannanLi/Desktop/Ravdess/Audio_Speech_Actors_01-24/Actor_13/03-01-04-01-02-02-13.wav,3.37,train,13,04,01,02,02,sad,3
03-01-04-02-01-01-13,C:/Users/NannanLi/Desktop/Ravdess/Audio_Speech_Actors_01-24/Actor_13/03-01-04-02-01-01-13.wav,3.3367,train,13,04,02,01,01,sad,3
03-01-04-02-01-02-13,C:/Users/NannanLi/Desktop/Ravdess/Audio_Speech_Actors_01-24/Actor_13/03-01-04-02-01-02-13.wav,3.3033,train,13,04,02,01,02,sad,3
03-01-04-02-02-01-13,C:/Users/NannanLi/Desktop/Ravdess/Audio_Speech_Actors_01-24/Actor_13/03-01-04-02-02-01-13.wav,3.4368,train,13,04,02,02,01,sad,3
03-01-04-02-02-02-13,C:/Users/NannanLi/Desktop/Ravdess/Audio_Speech_Actors_01-24/Actor_13/03-01-04-02-02-02-13.wav,3.2032,train,13,04,02,02,02,sad,3
03-01-05-01-01-01-13,C:/Users/NannanLi/Desktop/Ravdess/Audio_Speech_Actors_01-24/Actor_13/03-01-05-01-01-01-13.wav,3.4368,train,13,05,01,01,01,angry,4
03-01-05-01-01-02-13,C:/Users/NannanLi/Desktop/Ravdess/Audio_Speech_Actors_01-24/Actor_13/03-01-05-01-01-02-13.wav,3.5369,train,13,05,01,01,02,angry,4
03-01-05-01-02-01-13,C:/Users/NannanLi/Desktop/Ravdess/Audio_Speech_Actors_01-24/Actor_13/03-01-05-01-02-01-13.wav,3.6036,train,13,05,01,02,01,angry,4
03-01-05-01-02-02-13,C:/Users/NannanLi/Desktop/Ravdess/Audio_Speech_Actors_01-24/Actor_13/03-01-05-01-02-02-13.wav,3.37,train,13,05,01,02,02,angry,4
03-01-05-02-01-01-13,C:/Users/NannanLi/Desktop/Ravdess/Audio_Speech_Actors_01-24/Actor_13/03-01-05-02-01-01-13.wav,3.6703,train,13,05,02,01,01,angry,4
03-01-05-02-01-02-13,C:/Users/NannanLi/Desktop/Ravdess/Audio_Speech_Actors_01-24/Actor_13/03-01-05-02-01-02-13.wav,4.2709,train,13,05,02,01,02,angry,4
03-01-05-02-02-01-13,C:/Users/NannanLi/Desktop/Ravdess/Audio_Speech_Actors_01-24/Actor_13/03-01-05-02-02-01-13.wav,3.5702,train,13,05,02,02,01,angry,4
03-01-05-02-02-02-13,C:/Users/NannanLi/Desktop/Ravdess/Audio_Speech_Actors_01-24/Actor_13/03-01-05-02-02-02-13.wav,4.1708,train,13,05,02,02,02,angry,4
03-01-06-01-01-01-13,C:/Users/NannanLi/Desktop/Ravdess/Audio_Speech_Actors_01-24/Actor_13/03-01-06-01-01-01-13.wav,3.1365,train,13,06,01,01,01,fearful,5
03-01-06-01-01-02-13,C:/Users/NannanLi/Desktop/Ravdess/Audio_Speech_Actors_01-24/Actor_13/03-01-06-01-01-02-13.wav,3.1698,train,13,06,01,01,02,fearful,5
03-01-06-01-02-01-13,C:/Users/NannanLi/Desktop/Ravdess/Audio_Speech_Actors_01-24/Actor_13/03-01-06-01-02-01-13.wav,3.2032,train,13,06,01,02,01,fearful,5
03-01-06-01-02-02-13,C:/Users/NannanLi/Desktop/Ravdess/Audio_Speech_Actors_01-24/Actor_13/03-01-06-01-02-02-13.wav,3.2366,train,13,06,01,02,02,fearful,5
03-01-06-02-01-01-13,C:/Users/NannanLi/Desktop/Ravdess/Audio_Speech_Actors_01-24/Actor_13/03-01-06-02-01-01-13.wav,3.37,train,13,06,02,01,01,fearful,5
03-01-06-02-01-02-13,C:/Users/NannanLi/Desktop/Ravdess/Audio_Speech_Actors_01-24/Actor_13/03-01-06-02-01-02-13.wav,3.2699,train,13,06,02,01,02,fearful,5
03-01-06-02-02-01-13,C:/Users/NannanLi/Desktop/Ravdess/Audio_Speech_Actors_01-24/Actor_13/03-01-06-02-02-01-13.wav,3.5035,train,13,06,02,02,01,fearful,5
03-01-06-02-02-02-13,C:/Users/NannanLi/Desktop/Ravdess/Audio_Speech_Actors_01-24/Actor_13/03-01-06-02-02-02-13.wav,3.2032,train,13,06,02,02,02,fearful,5
03-01-07-01-01-01-13,C:/Users/NannanLi/Desktop/Ravdess/Audio_Speech_Actors_01-24/Actor_13/03-01-07-01-01-01-13.wav,3.1365,train,13,07,01,01,01,disgust,6
03-01-07-01-01-02-13,C:/Users/NannanLi/Desktop/Ravdess/Audio_Speech_Actors_01-24/Actor_13/03-01-07-01-01-02-13.wav,3.1698,train,13,07,01,01,02,disgust,6
03-01-07-01-02-01-13,C:/Users/NannanLi/Desktop/Ravdess/Audio_Speech_Actors_01-24/Actor_13/03-01-07-01-02-01-13.wav,3.2699,train,13,07,01,02,01,disgust,6
03-01-07-01-02-02-13,C:/Users/NannanLi/Desktop/Ravdess/Audio_Speech_Actors_01-24/Actor_13/03-01-07-01-02-02-13.wav,3.2366,train,13,07,01,02,02,disgust,6
03-01-07-02-01-01-13,C:/Users/NannanLi/Desktop/Ravdess/Audio_Speech_Actors_01-24/Actor_13/03-01-07-02-01-01-13.wav,3.4034,train,13,07,02,01,01,disgust,6
03-01-07-02-01-02-13,C:/Users/NannanLi/Desktop/Ravdess/Audio_Speech_Actors_01-24/Actor_13/03-01-07-02-01-02-13.wav,3.7037,train,13,07,02,01,02,disgust,6
03-01-07-02-02-01-13,C:/Users/NannanLi/Desktop/Ravdess/Audio_Speech_Actors_01-24/Actor_13/03-01-07-02-02-01-13.wav,3.4034,train,13,07,02,02,01,disgust,6
03-01-07-02-02-02-13,C:/Users/NannanLi/Desktop/Ravdess/Audio_Speech_Actors_01-24/Actor_13/03-01-07-02-02-02-13.wav,3.4368,train,13,07,02,02,02,disgust,6
03-01-08-01-01-01-13,C:/Users/NannanLi/Desktop/Ravdess/Audio_Speech_Actors_01-24/Actor_13/03-01-08-01-01-01-13.wav,3.4034,train,13,08,01,01,01,surprise,7
03-01-08-01-01-02-13,C:/Users/NannanLi/Desktop/Ravdess/Audio_Speech_Actors_01-24/Actor_13/03-01-08-01-01-02-13.wav,3.1365,train,13,08,01,01,02,surprise,7
03-01-08-01-02-01-13,C:/Users/NannanLi/Desktop/Ravdess/Audio_Speech_Actors_01-24/Actor_13/03-01-08-01-02-01-13.wav,3.1365,train,13,08,01,02,01,surprise,7
03-01-08-01-02-02-13,C:/Users/NannanLi/Desktop/Ravdess/Audio_Speech_Actors_01-24/Actor_13/03-01-08-01-02-02-13.wav,3.0364,train,13,08,01,02,02,surprise,7
03-01-08-02-01-01-13,C:/Users/NannanLi/Desktop/Ravdess/Audio_Speech_Actors_01-24/Actor_13/03-01-08-02-01-01-13.wav,3.3367,train,13,08,02,01,01,surprise,7
03-01-08-02-01-02-13,C:/Users/NannanLi/Desktop/Ravdess/Audio_Speech_Actors_01-24/Actor_13/03-01-08-02-01-02-13.wav,3.3033,train,13,08,02,01,02,surprise,7
03-01-08-02-02-01-13,C:/Users/NannanLi/Desktop/Ravdess/Audio_Speech_Actors_01-24/Actor_13/03-01-08-02-02-01-13.wav,3.3367,train,13,08,02,02,01,surprise,7
03-01-08-02-02-02-13,C:/Users/NannanLi/Desktop/Ravdess/Audio_Speech_Actors_01-24/Actor_13/03-01-08-02-02-02-13.wav,3.3033,train,13,08,02,02,02,surprise,7
03-01-01-01-01-01-14,C:/Users/NannanLi/Desktop/Ravdess/Audio_Speech_Actors_01-24/Actor_14/03-01-01-01-01-01-14.wav,3.4701,train,14,01,01,01,01,neutral,0
03-01-01-01-01-02-14,C:/Users/NannanLi/Desktop/Ravdess/Audio_Speech_Actors_01-24/Actor_14/03-01-01-01-01-02-14.wav,3.3367,train,14,01,01,01,02,neutral,0
03-01-01-01-02-01-14,C:/Users/NannanLi/Desktop/Ravdess/Audio_Speech_Actors_01-24/Actor_14/03-01-01-01-02-01-14.wav,3.4701,train,14,01,01,02,01,neutral,0
03-01-01-01-02-02-14,C:/Users/NannanLi/Desktop/Ravdess/Audio_Speech_Actors_01-24/Actor_14/03-01-01-01-02-02-14.wav,3.5702,train,14,01,01,02,02,neutral,0
03-01-02-01-01-01-14,C:/Users/NannanLi/Desktop/Ravdess/Audio_Speech_Actors_01-24/Actor_14/03-01-02-01-01-01-14.wav,3.7371,train,14,02,01,01,01,calm,1
03-01-02-01-01-02-14,C:/Users/NannanLi/Desktop/Ravdess/Audio_Speech_Actors_01-24/Actor_14/03-01-02-01-01-02-14.wav,3.5702,train,14,02,01,01,02,calm,1
03-01-02-01-02-01-14,C:/Users/NannanLi/Desktop/Ravdess/Audio_Speech_Actors_01-24/Actor_14/03-01-02-01-02-01-14.wav,3.4034,train,14,02,01,02,01,calm,1
03-01-02-01-02-02-14,C:/Users/NannanLi/Desktop/Ravdess/Audio_Speech_Actors_01-24/Actor_14/03-01-02-01-02-02-14.wav,3.5035,train,14,02,01,02,02,calm,1
03-01-02-02-01-01-14,C:/Users/NannanLi/Desktop/Ravdess/Audio_Speech_Actors_01-24/Actor_14/03-01-02-02-01-01-14.wav,3.8705,train,14,02,02,01,01,calm,1
03-01-02-02-01-02-14,C:/Users/NannanLi/Desktop/Ravdess/Audio_Speech_Actors_01-24/Actor_14/03-01-02-02-01-02-14.wav,3.9039,train,14,02,02,01,02,calm,1
03-01-02-02-02-01-14,C:/Users/NannanLi/Desktop/Ravdess/Audio_Speech_Actors_01-24/Actor_14/03-01-02-02-02-01-14.wav,3.7371,train,14,02,02,02,01,calm,1
03-01-02-02-02-02-14,C:/Users/NannanLi/Desktop/Ravdess/Audio_Speech_Actors_01-24/Actor_14/03-01-02-02-02-02-14.wav,3.7704,train,14,02,02,02,02,calm,1
03-01-03-01-01-01-14,C:/Users/NannanLi/Desktop/Ravdess/Audio_Speech_Actors_01-24/Actor_14/03-01-03-01-01-01-14.wav,3.7037,train,14,03,01,01,01,happy,2
03-01-03-01-01-02-14,C:/Users/NannanLi/Desktop/Ravdess/Audio_Speech_Actors_01-24/Actor_14/03-01-03-01-01-02-14.wav,3.6703,train,14,03,01,01,02,happy,2
03-01-03-01-02-01-14,C:/Users/NannanLi/Desktop/Ravdess/Audio_Speech_Actors_01-24/Actor_14/03-01-03-01-02-01-14.wav,3.4034,train,14,03,01,02,01,happy,2
03-01-03-01-02-02-14,C:/Users/NannanLi/Desktop/Ravdess/Audio_Speech_Actors_01-24/Actor_14/03-01-03-01-02-02-14.wav,3.4701,train,14,03,01,02,02,happy,2
03-01-03-02-01-01-14,C:/Users/NannanLi/Desktop/Ravdess/Audio_Speech_Actors_01-24/Actor_14/03-01-03-02-01-01-14.wav,3.7704,train,14,03,02,01,01,happy,2
03-01-03-02-01-02-14,C:/Users/NannanLi/Desktop/Ravdess/Audio_Speech_Actors_01-24/Actor_14/03-01-03-02-01-02-14.wav,3.7371,train,14,03,02,01,02,happy,2
03-01-03-02-02-01-14,C:/Users/NannanLi/Desktop/Ravdess/Audio_Speech_Actors_01-24/Actor_14/03-01-03-02-02-01-14.wav,3.8372,train,14,03,02,02,01,happy,2
03-01-03-02-02-02-14,C:/Users/NannanLi/Desktop/Ravdess/Audio_Speech_Actors_01-24/Actor_14/03-01-03-02-02-02-14.wav,3.7371,train,14,03,02,02,02,happy,2
03-01-04-01-01-01-14,C:/Users/NannanLi/Desktop/Ravdess/Audio_Speech_Actors_01-24/Actor_14/03-01-04-01-01-01-14.wav,3.7371,train,14,04,01,01,01,sad,3
03-01-04-01-01-02-14,C:/Users/NannanLi/Desktop/Ravdess/Audio_Speech_Actors_01-24/Actor_14/03-01-04-01-01-02-14.wav,3.6036,train,14,04,01,01,02,sad,3
03-01-04-01-02-01-14,C:/Users/NannanLi/Desktop/Ravdess/Audio_Speech_Actors_01-24/Actor_14/03-01-04-01-02-01-14.wav,3.6036,train,14,04,01,02,01,sad,3
03-01-04-01-02-02-14,C:/Users/NannanLi/Desktop/Ravdess/Audio_Speech_Actors_01-24/Actor_14/03-01-04-01-02-02-14.wav,3.5369,train,14,04,01,02,02,sad,3
03-01-04-02-01-01-14,C:/Users/NannanLi/Desktop/Ravdess/Audio_Speech_Actors_01-24/Actor_14/03-01-04-02-01-01-14.wav,3.8705,train,14,04,02,01,01,sad,3
03-01-04-02-01-02-14,C:/Users/NannanLi/Desktop/Ravdess/Audio_Speech_Actors_01-24/Actor_14/03-01-04-02-01-02-14.wav,3.6703,train,14,04,02,01,02,sad,3
03-01-04-02-02-01-14,C:/Users/NannanLi/Desktop/Ravdess/Audio_Speech_Actors_01-24/Actor_14/03-01-04-02-02-01-14.wav,3.6703,train,14,04,02,02,01,sad,3
03-01-04-02-02-02-14,C:/Users/NannanLi/Desktop/Ravdess/Audio_Speech_Actors_01-24/Actor_14/03-01-04-02-02-02-14.wav,3.9039,train,14,04,02,02,02,sad,3
03-01-05-01-01-01-14,C:/Users/NannanLi/Desktop/Ravdess/Audio_Speech_Actors_01-24/Actor_14/03-01-05-01-01-01-14.wav,3.6036,train,14,05,01,01,01,angry,4
03-01-05-01-01-02-14,C:/Users/NannanLi/Desktop/Ravdess/Audio_Speech_Actors_01-24/Actor_14/03-01-05-01-01-02-14.wav,3.7037,train,14,05,01,01,02,angry,4
03-01-05-01-02-01-14,C:/Users/NannanLi/Desktop/Ravdess/Audio_Speech_Actors_01-24/Actor_14/03-01-05-01-02-01-14.wav,3.7371,train,14,05,01,02,01,angry,4
03-01-05-01-02-02-14,C:/Users/NannanLi/Desktop/Ravdess/Audio_Speech_Actors_01-24/Actor_14/03-01-05-01-02-02-14.wav,3.9039,train,14,05,01,02,02,angry,4
03-01-05-02-01-01-14,C:/Users/NannanLi/Desktop/Ravdess/Audio_Speech_Actors_01-24/Actor_14/03-01-05-02-01-01-14.wav,4.2709,train,14,05,02,01,01,angry,4
03-01-05-02-01-02-14,C:/Users/NannanLi/Desktop/Ravdess/Audio_Speech_Actors_01-24/Actor_14/03-01-05-02-01-02-14.wav,4.371,train,14,05,02,01,02,angry,4
03-01-05-02-02-01-14,C:/Users/NannanLi/Desktop/Ravdess/Audio_Speech_Actors_01-24/Actor_14/03-01-05-02-02-01-14.wav,4.1708,train,14,05,02,02,01,angry,4
03-01-05-02-02-02-14,C:/Users/NannanLi/Desktop/Ravdess/Audio_Speech_Actors_01-24/Actor_14/03-01-05-02-02-02-14.wav,4.4044,train,14,05,02,02,02,angry,4
03-01-06-01-01-01-14,C:/Users/NannanLi/Desktop/Ravdess/Audio_Speech_Actors_01-24/Actor_14/03-01-06-01-01-01-14.wav,3.37,train,14,06,01,01,01,fearful,5
03-01-06-01-01-02-14,C:/Users/NannanLi/Desktop/Ravdess/Audio_Speech_Actors_01-24/Actor_14/03-01-06-01-01-02-14.wav,3.5702,train,14,06,01,01,02,fearful,5
03-01-06-01-02-01-14,C:/Users/NannanLi/Desktop/Ravdess/Audio_Speech_Actors_01-24/Actor_14/03-01-06-01-02-01-14.wav,3.37,train,14,06,01,02,01,fearful,5
03-01-06-01-02-02-14,C:/Users/NannanLi/Desktop/Ravdess/Audio_Speech_Actors_01-24/Actor_14/03-01-06-01-02-02-14.wav,3.37,train,14,06,01,02,02,fearful,5
03-01-06-02-01-01-14,C:/Users/NannanLi/Desktop/Ravdess/Audio_Speech_Actors_01-24/Actor_14/03-01-06-02-01-01-14.wav,3.37,train,14,06,02,01,01,fearful,5
03-01-06-02-01-02-14,C:/Users/NannanLi/Desktop/Ravdess/Audio_Speech_Actors_01-24/Actor_14/03-01-06-02-01-02-14.wav,3.4034,train,14,06,02,01,02,fearful,5
03-01-06-02-02-01-14,C:/Users/NannanLi/Desktop/Ravdess/Audio_Speech_Actors_01-24/Actor_14/03-01-06-02-02-01-14.wav,3.5035,train,14,06,02,02,01,fearful,5
03-01-06-02-02-02-14,C:/Users/NannanLi/Desktop/Ravdess/Audio_Speech_Actors_01-24/Actor_14/03-01-06-02-02-02-14.wav,3.4701,train,14,06,02,02,02,fearful,5
03-01-07-01-01-01-14,C:/Users/NannanLi/Desktop/Ravdess/Audio_Speech_Actors_01-24/Actor_14/03-01-07-01-01-01-14.wav,3.7704,train,14,07,01,01,01,disgust,6
03-01-07-01-01-02-14,C:/Users/NannanLi/Desktop/Ravdess/Audio_Speech_Actors_01-24/Actor_14/03-01-07-01-01-02-14.wav,3.637,train,14,07,01,01,02,disgust,6
03-01-07-01-02-01-14,C:/Users/NannanLi/Desktop/Ravdess/Audio_Speech_Actors_01-24/Actor_14/03-01-07-01-02-01-14.wav,3.7371,train,14,07,01,02,01,disgust,6
03-01-07-01-02-02-14,C:/Users/NannanLi/Desktop/Ravdess/Audio_Speech_Actors_01-24/Actor_14/03-01-07-01-02-02-14.wav,3.7704,train,14,07,01,02,02,disgust,6
03-01-07-02-01-01-14,C:/Users/NannanLi/Desktop/Ravdess/Audio_Speech_Actors_01-24/Actor_14/03-01-07-02-01-01-14.wav,3.9373,train,14,07,02,01,01,disgust,6
03-01-07-02-01-02-14,C:/Users/NannanLi/Desktop/Ravdess/Audio_Speech_Actors_01-24/Actor_14/03-01-07-02-01-02-14.wav,3.7371,train,14,07,02,01,02,disgust,6
03-01-07-02-02-01-14,C:/Users/NannanLi/Desktop/Ravdess/Audio_Speech_Actors_01-24/Actor_14/03-01-07-02-02-01-14.wav,3.6703,train,14,07,02,02,01,disgust,6
03-01-07-02-02-02-14,C:/Users/NannanLi/Desktop/Ravdess/Audio_Speech_Actors_01-24/Actor_14/03-01-07-02-02-02-14.wav,3.8038,train,14,07,02,02,02,disgust,6
03-01-08-01-01-01-14,C:/Users/NannanLi/Desktop/Ravdess/Audio_Speech_Actors_01-24/Actor_14/03-01-08-01-01-01-14.wav,3.637,train,14,08,01,01,01,surprise,7
03-01-08-01-01-02-14,C:/Users/NannanLi/Desktop/Ravdess/Audio_Speech_Actors_01-24/Actor_14/03-01-08-01-01-02-14.wav,3.5703,train,14,08,01,01,02,surprise,7
03-01-08-01-02-01-14,C:/Users/NannanLi/Desktop/Ravdess/Audio_Speech_Actors_01-24/Actor_14/03-01-08-01-02-01-14.wav,3.2032,train,14,08,01,02,01,surprise,7
03-01-08-01-02-02-14,C:/Users/NannanLi/Desktop/Ravdess/Audio_Speech_Actors_01-24/Actor_14/03-01-08-01-02-02-14.wav,3.3033,train,14,08,01,02,02,surprise,7
03-01-08-02-01-01-14,C:/Users/NannanLi/Desktop/Ravdess/Audio_Speech_Actors_01-24/Actor_14/03-01-08-02-01-01-14.wav,3.9706,train,14,08,02,01,01,surprise,7
03-01-08-02-01-02-14,C:/Users/NannanLi/Desktop/Ravdess/Audio_Speech_Actors_01-24/Actor_14/03-01-08-02-01-02-14.wav,3.7037,train,14,08,02,01,02,surprise,7
03-01-08-02-02-01-14,C:/Users/NannanLi/Desktop/Ravdess/Audio_Speech_Actors_01-24/Actor_14/03-01-08-02-02-01-14.wav,3.7037,train,14,08,02,02,01,surprise,7
03-01-08-02-02-02-14,C:/Users/NannanLi/Desktop/Ravdess/Audio_Speech_Actors_01-24/Actor_14/03-01-08-02-02-02-14.wav,3.7371,train,14,08,02,02,02,surprise,7
03-01-01-01-01-01-15,C:/Users/NannanLi/Desktop/Ravdess/Audio_Speech_Actors_01-24/Actor_15/03-01-01-01-01-01-15.wav,3.37,train,15,01,01,01,01,neutral,0
03-01-01-01-01-02-15,C:/Users/NannanLi/Desktop/Ravdess/Audio_Speech_Actors_01-24/Actor_15/03-01-01-01-01-02-15.wav,3.4368,train,15,01,01,01,02,neutral,0
03-01-01-01-02-01-15,C:/Users/NannanLi/Desktop/Ravdess/Audio_Speech_Actors_01-24/Actor_15/03-01-01-01-02-01-15.wav,3.4367,train,15,01,01,02,01,neutral,0
03-01-01-01-02-02-15,C:/Users/NannanLi/Desktop/Ravdess/Audio_Speech_Actors_01-24/Actor_15/03-01-01-01-02-02-15.wav,3.4034,train,15,01,01,02,02,neutral,0
03-01-02-01-01-01-15,C:/Users/NannanLi/Desktop/Ravdess/Audio_Speech_Actors_01-24/Actor_15/03-01-02-01-01-01-15.wav,3.5703,train,15,02,01,01,01,calm,1
03-01-02-01-01-02-15,C:/Users/NannanLi/Desktop/Ravdess/Audio_Speech_Actors_01-24/Actor_15/03-01-02-01-01-02-15.wav,3.5702,train,15,02,01,01,02,calm,1
03-01-02-01-02-01-15,C:/Users/NannanLi/Desktop/Ravdess/Audio_Speech_Actors_01-24/Actor_15/03-01-02-01-02-01-15.wav,3.7371,train,15,02,01,02,01,calm,1
03-01-02-01-02-02-15,C:/Users/NannanLi/Desktop/Ravdess/Audio_Speech_Actors_01-24/Actor_15/03-01-02-01-02-02-15.wav,3.5702,train,15,02,01,02,02,calm,1
03-01-02-02-01-01-15,C:/Users/NannanLi/Desktop/Ravdess/Audio_Speech_Actors_01-24/Actor_15/03-01-02-02-01-01-15.wav,3.6703,train,15,02,02,01,01,calm,1
03-01-02-02-01-02-15,C:/Users/NannanLi/Desktop/Ravdess/Audio_Speech_Actors_01-24/Actor_15/03-01-02-02-01-02-15.wav,3.8038,train,15,02,02,01,02,calm,1
03-01-02-02-02-01-15,C:/Users/NannanLi/Desktop/Ravdess/Audio_Speech_Actors_01-24/Actor_15/03-01-02-02-02-01-15.wav,3.9373,train,15,02,02,02,01,calm,1
03-01-02-02-02-02-15,C:/Users/NannanLi/Desktop/Ravdess/Audio_Speech_Actors_01-24/Actor_15/03-01-02-02-02-02-15.wav,3.6036,train,15,02,02,02,02,calm,1
03-01-03-01-01-01-15,C:/Users/NannanLi/Desktop/Ravdess/Audio_Speech_Actors_01-24/Actor_15/03-01-03-01-01-01-15.wav,3.4034,train,15,03,01,01,01,happy,2
03-01-03-01-01-02-15,C:/Users/NannanLi/Desktop/Ravdess/Audio_Speech_Actors_01-24/Actor_15/03-01-03-01-01-02-15.wav,3.3367,train,15,03,01,01,02,happy,2
03-01-03-01-02-01-15,C:/Users/NannanLi/Desktop/Ravdess/Audio_Speech_Actors_01-24/Actor_15/03-01-03-01-02-01-15.wav,3.3367,train,15,03,01,02,01,happy,2
03-01-03-01-02-02-15,C:/Users/NannanLi/Desktop/Ravdess/Audio_Speech_Actors_01-24/Actor_15/03-01-03-01-02-02-15.wav,3.4368,train,15,03,01,02,02,happy,2
03-01-03-02-01-01-15,C:/Users/NannanLi/Desktop/Ravdess/Audio_Speech_Actors_01-24/Actor_15/03-01-03-02-01-01-15.wav,3.5702,train,15,03,02,01,01,happy,2
03-01-03-02-01-02-15,C:/Users/NannanLi/Desktop/Ravdess/Audio_Speech_Actors_01-24/Actor_15/03-01-03-02-01-02-15.wav,3.4701,train,15,03,02,01,02,happy,2
03-01-03-02-02-01-15,C:/Users/NannanLi/Desktop/Ravdess/Audio_Speech_Actors_01-24/Actor_15/03-01-03-02-02-01-15.wav,3.8038,train,15,03,02,02,01,happy,2
03-01-03-02-02-02-15,C:/Users/NannanLi/Desktop/Ravdess/Audio_Speech_Actors_01-24/Actor_15/03-01-03-02-02-02-15.wav,3.37,train,15,03,02,02,02,happy,2
03-01-04-01-01-01-15,C:/Users/NannanLi/Desktop/Ravdess/Audio_Speech_Actors_01-24/Actor_15/03-01-04-01-01-01-15.wav,3.5035,train,15,04,01,01,01,sad,3
03-01-04-01-01-02-15,C:/Users/NannanLi/Desktop/Ravdess/Audio_Speech_Actors_01-24/Actor_15/03-01-04-01-01-02-15.wav,3.3033,train,15,04,01,01,02,sad,3
03-01-04-01-02-01-15,C:/Users/NannanLi/Desktop/Ravdess/Audio_Speech_Actors_01-24/Actor_15/03-01-04-01-02-01-15.wav,3.3033,train,15,04,01,02,01,sad,3
03-01-04-01-02-02-15,C:/Users/NannanLi/Desktop/Ravdess/Audio_Speech_Actors_01-24/Actor_15/03-01-04-01-02-02-15.wav,3.37,train,15,04,01,02,02,sad,3
03-01-04-02-01-01-15,C:/Users/NannanLi/Desktop/Ravdess/Audio_Speech_Actors_01-24/Actor_15/03-01-04-02-01-01-15.wav,3.2699,train,15,04,02,01,01,sad,3
03-01-04-02-01-02-15,C:/Users/NannanLi/Desktop/Ravdess/Audio_Speech_Actors_01-24/Actor_15/03-01-04-02-01-02-15.wav,3.4034,train,15,04,02,01,02,sad,3
03-01-04-02-02-01-15,C:/Users/NannanLi/Desktop/Ravdess/Audio_Speech_Actors_01-24/Actor_15/03-01-04-02-02-01-15.wav,3.5369,train,15,04,02,02,01,sad,3
03-01-04-02-02-02-15,C:/Users/NannanLi/Desktop/Ravdess/Audio_Speech_Actors_01-24/Actor_15/03-01-04-02-02-02-15.wav,3.4368,train,15,04,02,02,02,sad,3
03-01-05-01-01-01-15,C:/Users/NannanLi/Desktop/Ravdess/Audio_Speech_Actors_01-24/Actor_15/03-01-05-01-01-01-15.wav,3.637,train,15,05,01,01,01,angry,4
03-01-05-01-01-02-15,C:/Users/NannanLi/Desktop/Ravdess/Audio_Speech_Actors_01-24/Actor_15/03-01-05-01-01-02-15.wav,3.6036,train,15,05,01,01,02,angry,4
03-01-05-01-02-01-15,C:/Users/NannanLi/Desktop/Ravdess/Audio_Speech_Actors_01-24/Actor_15/03-01-05-01-02-01-15.wav,3.7037,train,15,05,01,02,01,angry,4
03-01-05-01-02-02-15,C:/Users/NannanLi/Desktop/Ravdess/Audio_Speech_Actors_01-24/Actor_15/03-01-05-01-02-02-15.wav,3.5369,train,15,05,01,02,02,angry,4
03-01-05-02-01-01-15,C:/Users/NannanLi/Desktop/Ravdess/Audio_Speech_Actors_01-24/Actor_15/03-01-05-02-01-01-15.wav,3.5369,train,15,05,02,01,01,angry,4
03-01-05-02-01-02-15,C:/Users/NannanLi/Desktop/Ravdess/Audio_Speech_Actors_01-24/Actor_15/03-01-05-02-01-02-15.wav,3.7371,train,15,05,02,01,02,angry,4
03-01-05-02-02-01-15,C:/Users/NannanLi/Desktop/Ravdess/Audio_Speech_Actors_01-24/Actor_15/03-01-05-02-02-01-15.wav,3.4701,train,15,05,02,02,01,angry,4
03-01-05-02-02-02-15,C:/Users/NannanLi/Desktop/Ravdess/Audio_Speech_Actors_01-24/Actor_15/03-01-05-02-02-02-15.wav,3.6036,train,15,05,02,02,02,angry,4
03-01-06-01-01-01-15,C:/Users/NannanLi/Desktop/Ravdess/Audio_Speech_Actors_01-24/Actor_15/03-01-06-01-01-01-15.wav,3.3033,train,15,06,01,01,01,fearful,5
03-01-06-01-01-02-15,C:/Users/NannanLi/Desktop/Ravdess/Audio_Speech_Actors_01-24/Actor_15/03-01-06-01-01-02-15.wav,3.3033,train,15,06,01,01,02,fearful,5
03-01-06-01-02-01-15,C:/Users/NannanLi/Desktop/Ravdess/Audio_Speech_Actors_01-24/Actor_15/03-01-06-01-02-01-15.wav,3.2699,train,15,06,01,02,01,fearful,5
03-01-06-01-02-02-15,C:/Users/NannanLi/Desktop/Ravdess/Audio_Speech_Actors_01-24/Actor_15/03-01-06-01-02-02-15.wav,3.3033,train,15,06,01,02,02,fearful,5
03-01-06-02-01-01-15,C:/Users/NannanLi/Desktop/Ravdess/Audio_Speech_Actors_01-24/Actor_15/03-01-06-02-01-01-15.wav,3.3367,train,15,06,02,01,01,fearful,5
03-01-06-02-01-02-15,C:/Users/NannanLi/Desktop/Ravdess/Audio_Speech_Actors_01-24/Actor_15/03-01-06-02-01-02-15.wav,3.4701,train,15,06,02,01,02,fearful,5
03-01-06-02-02-01-15,C:/Users/NannanLi/Desktop/Ravdess/Audio_Speech_Actors_01-24/Actor_15/03-01-06-02-02-01-15.wav,3.37,train,15,06,02,02,01,fearful,5
03-01-06-02-02-02-15,C:/Users/NannanLi/Desktop/Ravdess/Audio_Speech_Actors_01-24/Actor_15/03-01-06-02-02-02-15.wav,3.5035,train,15,06,02,02,02,fearful,5
03-01-07-01-01-01-15,C:/Users/NannanLi/Desktop/Ravdess/Audio_Speech_Actors_01-24/Actor_15/03-01-07-01-01-01-15.wav,3.7371,train,15,07,01,01,01,disgust,6
03-01-07-01-01-02-15,C:/Users/NannanLi/Desktop/Ravdess/Audio_Speech_Actors_01-24/Actor_15/03-01-07-01-01-02-15.wav,3.637,train,15,07,01,01,02,disgust,6
03-01-07-01-02-01-15,C:/Users/NannanLi/Desktop/Ravdess/Audio_Speech_Actors_01-24/Actor_15/03-01-07-01-02-01-15.wav,3.6703,train,15,07,01,02,01,disgust,6
03-01-07-01-02-02-15,C:/Users/NannanLi/Desktop/Ravdess/Audio_Speech_Actors_01-24/Actor_15/03-01-07-01-02-02-15.wav,4.0707,train,15,07,01,02,02,disgust,6
03-01-07-02-01-01-15,C:/Users/NannanLi/Desktop/Ravdess/Audio_Speech_Actors_01-24/Actor_15/03-01-07-02-01-01-15.wav,3.7037,train,15,07,02,01,01,disgust,6
03-01-07-02-01-02-15,C:/Users/NannanLi/Desktop/Ravdess/Audio_Speech_Actors_01-24/Actor_15/03-01-07-02-01-02-15.wav,3.37,train,15,07,02,01,02,disgust,6
03-01-07-02-02-01-15,C:/Users/NannanLi/Desktop/Ravdess/Audio_Speech_Actors_01-24/Actor_15/03-01-07-02-02-01-15.wav,3.3033,train,15,07,02,02,01,disgust,6
03-01-07-02-02-02-15,C:/Users/NannanLi/Desktop/Ravdess/Audio_Speech_Actors_01-24/Actor_15/03-01-07-02-02-02-15.wav,3.4701,train,15,07,02,02,02,disgust,6
03-01-08-01-01-01-15,C:/Users/NannanLi/Desktop/Ravdess/Audio_Speech_Actors_01-24/Actor_15/03-01-08-01-01-01-15.wav,3.637,train,15,08,01,01,01,surprise,7
03-01-08-01-01-02-15,C:/Users/NannanLi/Desktop/Ravdess/Audio_Speech_Actors_01-24/Actor_15/03-01-08-01-01-02-15.wav,3.4368,train,15,08,01,01,02,surprise,7
03-01-08-01-02-01-15,C:/Users/NannanLi/Desktop/Ravdess/Audio_Speech_Actors_01-24/Actor_15/03-01-08-01-02-01-15.wav,3.7037,train,15,08,01,02,01,surprise,7
03-01-08-01-02-02-15,C:/Users/NannanLi/Desktop/Ravdess/Audio_Speech_Actors_01-24/Actor_15/03-01-08-01-02-02-15.wav,3.37,train,15,08,01,02,02,surprise,7
03-01-08-02-01-01-15,C:/Users/NannanLi/Desktop/Ravdess/Audio_Speech_Actors_01-24/Actor_15/03-01-08-02-01-01-15.wav,3.37,train,15,08,02,01,01,surprise,7
03-01-08-02-01-02-15,C:/Users/NannanLi/Desktop/Ravdess/Audio_Speech_Actors_01-24/Actor_15/03-01-08-02-01-02-15.wav,3.3033,train,15,08,02,01,02,surprise,7
03-01-08-02-02-01-15,C:/Users/NannanLi/Desktop/Ravdess/Audio_Speech_Actors_01-24/Actor_15/03-01-08-02-02-01-15.wav,3.2032,train,15,08,02,02,01,surprise,7
03-01-08-02-02-02-15,C:/Users/NannanLi/Desktop/Ravdess/Audio_Speech_Actors_01-24/Actor_15/03-01-08-02-02-02-15.wav,3.3367,train,15,08,02,02,02,surprise,7
03-01-01-01-01-01-16,C:/Users/NannanLi/Desktop/Ravdess/Audio_Speech_Actors_01-24/Actor_16/03-01-01-01-01-01-16.wav,3.7371,train,16,01,01,01,01,neutral,0
03-01-01-01-01-02-16,C:/Users/NannanLi/Desktop/Ravdess/Audio_Speech_Actors_01-24/Actor_16/03-01-01-01-01-02-16.wav,3.7371,train,16,01,01,01,02,neutral,0
03-01-01-01-02-01-16,C:/Users/NannanLi/Desktop/Ravdess/Audio_Speech_Actors_01-24/Actor_16/03-01-01-01-02-01-16.wav,3.6036,train,16,01,01,02,01,neutral,0
03-01-01-01-02-02-16,C:/Users/NannanLi/Desktop/Ravdess/Audio_Speech_Actors_01-24/Actor_16/03-01-01-01-02-02-16.wav,3.5702,train,16,01,01,02,02,neutral,0
03-01-02-01-01-01-16,C:/Users/NannanLi/Desktop/Ravdess/Audio_Speech_Actors_01-24/Actor_16/03-01-02-01-01-01-16.wav,3.7037,train,16,02,01,01,01,calm,1
03-01-02-01-01-02-16,C:/Users/NannanLi/Desktop/Ravdess/Audio_Speech_Actors_01-24/Actor_16/03-01-02-01-01-02-16.wav,3.8705,train,16,02,01,01,02,calm,1
03-01-02-01-02-01-16,C:/Users/NannanLi/Desktop/Ravdess/Audio_Speech_Actors_01-24/Actor_16/03-01-02-01-02-01-16.wav,3.8038,train,16,02,01,02,01,calm,1
03-01-02-01-02-02-16,C:/Users/NannanLi/Desktop/Ravdess/Audio_Speech_Actors_01-24/Actor_16/03-01-02-01-02-02-16.wav,3.6703,train,16,02,01,02,02,calm,1
03-01-02-02-01-01-16,C:/Users/NannanLi/Desktop/Ravdess/Audio_Speech_Actors_01-24/Actor_16/03-01-02-02-01-01-16.wav,3.8705,train,16,02,02,01,01,calm,1
03-01-02-02-01-02-16,C:/Users/NannanLi/Desktop/Ravdess/Audio_Speech_Actors_01-24/Actor_16/03-01-02-02-01-02-16.wav,3.9373,train,16,02,02,01,02,calm,1
03-01-02-02-02-01-16,C:/Users/NannanLi/Desktop/Ravdess/Audio_Speech_Actors_01-24/Actor_16/03-01-02-02-02-01-16.wav,3.8038,train,16,02,02,02,01,calm,1
03-01-02-02-02-02-16,C:/Users/NannanLi/Desktop/Ravdess/Audio_Speech_Actors_01-24/Actor_16/03-01-02-02-02-02-16.wav,3.8038,train,16,02,02,02,02,calm,1
03-01-03-01-01-01-16,C:/Users/NannanLi/Desktop/Ravdess/Audio_Speech_Actors_01-24/Actor_16/03-01-03-01-01-01-16.wav,3.7037,train,16,03,01,01,01,happy,2
03-01-03-01-01-02-16,C:/Users/NannanLi/Desktop/Ravdess/Audio_Speech_Actors_01-24/Actor_16/03-01-03-01-01-02-16.wav,3.6703,train,16,03,01,01,02,happy,2
03-01-03-01-02-01-16,C:/Users/NannanLi/Desktop/Ravdess/Audio_Speech_Actors_01-24/Actor_16/03-01-03-01-02-01-16.wav,3.7371,train,16,03,01,02,01,happy,2
03-01-03-01-02-02-16,C:/Users/NannanLi/Desktop/Ravdess/Audio_Speech_Actors_01-24/Actor_16/03-01-03-01-02-02-16.wav,3.6703,train,16,03,01,02,02,happy,2
03-01-03-02-01-01-16,C:/Users/NannanLi/Desktop/Ravdess/Audio_Speech_Actors_01-24/Actor_16/03-01-03-02-01-01-16.wav,3.7704,train,16,03,02,01,01,happy,2
03-01-03-02-01-02-16,C:/Users/NannanLi/Desktop/Ravdess/Audio_Speech_Actors_01-24/Actor_16/03-01-03-02-01-02-16.wav,3.5702,train,16,03,02,01,02,happy,2
03-01-03-02-02-01-16,C:/Users/NannanLi/Desktop/Ravdess/Audio_Speech_Actors_01-24/Actor_16/03-01-03-02-02-01-16.wav,3.7704,train,16,03,02,02,01,happy,2
03-01-03-02-02-02-16,C:/Users/NannanLi/Desktop/Ravdess/Audio_Speech_Actors_01-24/Actor_16/03-01-03-02-02-02-16.wav,3.8038,train,16,03,02,02,02,happy,2
03-01-04-01-01-01-16,C:/Users/NannanLi/Desktop/Ravdess/Audio_Speech_Actors_01-24/Actor_16/03-01-04-01-01-01-16.wav,3.5702,train,16,04,01,01,01,sad,3
03-01-04-01-01-02-16,C:/Users/NannanLi/Desktop/Ravdess/Audio_Speech_Actors_01-24/Actor_16/03-01-04-01-01-02-16.wav,3.637,train,16,04,01,01,02,sad,3
03-01-04-01-02-01-16,C:/Users/NannanLi/Desktop/Ravdess/Audio_Speech_Actors_01-24/Actor_16/03-01-04-01-02-01-16.wav,3.4034,train,16,04,01,02,01,sad,3
03-01-04-01-02-02-16,C:/Users/NannanLi/Desktop/Ravdess/Audio_Speech_Actors_01-24/Actor_16/03-01-04-01-02-02-16.wav,3.5035,train,16,04,01,02,02,sad,3
03-01-04-02-01-01-16,C:/Users/NannanLi/Desktop/Ravdess/Audio_Speech_Actors_01-24/Actor_16/03-01-04-02-01-01-16.wav,3.7371,train,16,04,02,01,01,sad,3
03-01-04-02-01-02-16,C:/Users/NannanLi/Desktop/Ravdess/Audio_Speech_Actors_01-24/Actor_16/03-01-04-02-01-02-16.wav,3.8038,train,16,04,02,01,02,sad,3
03-01-04-02-02-01-16,C:/Users/NannanLi/Desktop/Ravdess/Audio_Speech_Actors_01-24/Actor_16/03-01-04-02-02-01-16.wav,3.8705,train,16,04,02,02,01,sad,3
03-01-04-02-02-02-16,C:/Users/NannanLi/Desktop/Ravdess/Audio_Speech_Actors_01-24/Actor_16/03-01-04-02-02-02-16.wav,3.7371,train,16,04,02,02,02,sad,3
03-01-05-01-01-01-16,C:/Users/NannanLi/Desktop/Ravdess/Audio_Speech_Actors_01-24/Actor_16/03-01-05-01-01-01-16.wav,3.9706,train,16,05,01,01,01,angry,4
03-01-05-01-01-02-16,C:/Users/NannanLi/Desktop/Ravdess/Audio_Speech_Actors_01-24/Actor_16/03-01-05-01-01-02-16.wav,4.004,train,16,05,01,01,02,angry,4
03-01-05-01-02-01-16,C:/Users/NannanLi/Desktop/Ravdess/Audio_Speech_Actors_01-24/Actor_16/03-01-05-01-02-01-16.wav,3.9039,train,16,05,01,02,01,angry,4
03-01-05-01-02-02-16,C:/Users/NannanLi/Desktop/Ravdess/Audio_Speech_Actors_01-24/Actor_16/03-01-05-01-02-02-16.wav,3.9039,train,16,05,01,02,02,angry,4
03-01-05-02-01-01-16,C:/Users/NannanLi/Desktop/Ravdess/Audio_Speech_Actors_01-24/Actor_16/03-01-05-02-01-01-16.wav,3.9706,train,16,05,02,01,01,angry,4
03-01-05-02-01-02-16,C:/Users/NannanLi/Desktop/Ravdess/Audio_Speech_Actors_01-24/Actor_16/03-01-05-02-01-02-16.wav,3.7371,train,16,05,02,01,02,angry,4
03-01-05-02-02-01-16,C:/Users/NannanLi/Desktop/Ravdess/Audio_Speech_Actors_01-24/Actor_16/03-01-05-02-02-01-16.wav,3.8038,train,16,05,02,02,01,angry,4
03-01-05-02-02-02-16,C:/Users/NannanLi/Desktop/Ravdess/Audio_Speech_Actors_01-24/Actor_16/03-01-05-02-02-02-16.wav,4.0708,train,16,05,02,02,02,angry,4
03-01-06-01-01-01-16,C:/Users/NannanLi/Desktop/Ravdess/Audio_Speech_Actors_01-24/Actor_16/03-01-06-01-01-01-16.wav,3.7037,train,16,06,01,01,01,fearful,5
03-01-06-01-01-02-16,C:/Users/NannanLi/Desktop/Ravdess/Audio_Speech_Actors_01-24/Actor_16/03-01-06-01-01-02-16.wav,3.5035,train,16,06,01,01,02,fearful,5
03-01-06-01-02-01-16,C:/Users/NannanLi/Desktop/Ravdess/Audio_Speech_Actors_01-24/Actor_16/03-01-06-01-02-01-16.wav,3.637,train,16,06,01,02,01,fearful,5
03-01-06-01-02-02-16,C:/Users/NannanLi/Desktop/Ravdess/Audio_Speech_Actors_01-24/Actor_16/03-01-06-01-02-02-16.wav,3.5702,train,16,06,01,02,02,fearful,5
03-01-06-02-01-01-16,C:/Users/NannanLi/Desktop/Ravdess/Audio_Speech_Actors_01-24/Actor_16/03-01-06-02-01-01-16.wav,3.7371,train,16,06,02,01,01,fearful,5
03-01-06-02-01-02-16,C:/Users/NannanLi/Desktop/Ravdess/Audio_Speech_Actors_01-24/Actor_16/03-01-06-02-01-02-16.wav,3.7371,train,16,06,02,01,02,fearful,5
03-01-06-02-02-01-16,C:/Users/NannanLi/Desktop/Ravdess/Audio_Speech_Actors_01-24/Actor_16/03-01-06-02-02-01-16.wav,3.5369,train,16,06,02,02,01,fearful,5
03-01-06-02-02-02-16,C:/Users/NannanLi/Desktop/Ravdess/Audio_Speech_Actors_01-24/Actor_16/03-01-06-02-02-02-16.wav,3.5035,train,16,06,02,02,02,fearful,5
03-01-07-01-01-01-16,C:/Users/NannanLi/Desktop/Ravdess/Audio_Speech_Actors_01-24/Actor_16/03-01-07-01-01-01-16.wav,3.7704,train,16,07,01,01,01,disgust,6
03-01-07-01-01-02-16,C:/Users/NannanLi/Desktop/Ravdess/Audio_Speech_Actors_01-24/Actor_16/03-01-07-01-01-02-16.wav,3.7371,train,16,07,01,01,02,disgust,6
03-01-07-01-02-01-16,C:/Users/NannanLi/Desktop/Ravdess/Audio_Speech_Actors_01-24/Actor_16/03-01-07-01-02-01-16.wav,3.4701,train,16,07,01,02,01,disgust,6
03-01-07-01-02-02-16,C:/Users/NannanLi/Desktop/Ravdess/Audio_Speech_Actors_01-24/Actor_16/03-01-07-01-02-02-16.wav,3.5702,train,16,07,01,02,02,disgust,6
03-01-07-02-01-01-16,C:/Users/NannanLi/Desktop/Ravdess/Audio_Speech_Actors_01-24/Actor_16/03-01-07-02-01-01-16.wav,4.2709,train,16,07,02,01,01,disgust,6
03-01-07-02-01-02-16,C:/Users/NannanLi/Desktop/Ravdess/Audio_Speech_Actors_01-24/Actor_16/03-01-07-02-01-02-16.wav,4.2376,train,16,07,02,01,02,disgust,6
03-01-07-02-02-01-16,C:/Users/NannanLi/Desktop/Ravdess/Audio_Speech_Actors_01-24/Actor_16/03-01-07-02-02-01-16.wav,4.1375,train,16,07,02,02,01,disgust,6
03-01-07-02-02-02-16,C:/Users/NannanLi/Desktop/Ravdess/Audio_Speech_Actors_01-24/Actor_16/03-01-07-02-02-02-16.wav,4.1375,train,16,07,02,02,02,disgust,6
03-01-08-01-01-01-16,C:/Users/NannanLi/Desktop/Ravdess/Audio_Speech_Actors_01-24/Actor_16/03-01-08-01-01-01-16.wav,3.5369,train,16,08,01,01,01,surprise,7
03-01-08-01-01-02-16,C:/Users/NannanLi/Desktop/Ravdess/Audio_Speech_Actors_01-24/Actor_16/03-01-08-01-01-02-16.wav,3.4367,train,16,08,01,01,02,surprise,7
03-01-08-01-02-01-16,C:/Users/NannanLi/Desktop/Ravdess/Audio_Speech_Actors_01-24/Actor_16/03-01-08-01-02-01-16.wav,3.5035,train,16,08,01,02,01,surprise,7
03-01-08-01-02-02-16,C:/Users/NannanLi/Desktop/Ravdess/Audio_Speech_Actors_01-24/Actor_16/03-01-08-01-02-02-16.wav,3.4368,train,16,08,01,02,02,surprise,7
03-01-08-02-01-01-16,C:/Users/NannanLi/Desktop/Ravdess/Audio_Speech_Actors_01-24/Actor_16/03-01-08-02-01-01-16.wav,3.5369,train,16,08,02,01,01,surprise,7
03-01-08-02-01-02-16,C:/Users/NannanLi/Desktop/Ravdess/Audio_Speech_Actors_01-24/Actor_16/03-01-08-02-01-02-16.wav,3.5369,train,16,08,02,01,02,surprise,7
03-01-08-02-02-01-16,C:/Users/NannanLi/Desktop/Ravdess/Audio_Speech_Actors_01-24/Actor_16/03-01-08-02-02-01-16.wav,3.5703,train,16,08,02,02,01,surprise,7
03-01-08-02-02-02-16,C:/Users/NannanLi/Desktop/Ravdess/Audio_Speech_Actors_01-24/Actor_16/03-01-08-02-02-02-16.wav,3.5702,train,16,08,02,02,02,surprise,7
03-01-01-01-01-01-17,C:/Users/NannanLi/Desktop/Ravdess/Audio_Speech_Actors_01-24/Actor_17/03-01-01-01-01-01-17.wav,3.8372,valid,17,01,01,01,01,neutral,0
03-01-01-01-01-02-17,C:/Users/NannanLi/Desktop/Ravdess/Audio_Speech_Actors_01-24/Actor_17/03-01-01-01-01-02-17.wav,3.5035,valid,17,01,01,01,02,neutral,0
03-01-01-01-02-01-17,C:/Users/NannanLi/Desktop/Ravdess/Audio_Speech_Actors_01-24/Actor_17/03-01-01-01-02-01-17.wav,3.5035,valid,17,01,01,02,01,neutral,0
03-01-01-01-02-02-17,C:/Users/NannanLi/Desktop/Ravdess/Audio_Speech_Actors_01-24/Actor_17/03-01-01-01-02-02-17.wav,3.4701,valid,17,01,01,02,02,neutral,0
03-01-02-01-01-01-17,C:/Users/NannanLi/Desktop/Ravdess/Audio_Speech_Actors_01-24/Actor_17/03-01-02-01-01-01-17.wav,3.5035,valid,17,02,01,01,01,calm,1
03-01-02-01-01-02-17,C:/Users/NannanLi/Desktop/Ravdess/Audio_Speech_Actors_01-24/Actor_17/03-01-02-01-01-02-17.wav,3.5369,valid,17,02,01,01,02,calm,1
03-01-02-01-02-01-17,C:/Users/NannanLi/Desktop/Ravdess/Audio_Speech_Actors_01-24/Actor_17/03-01-02-01-02-01-17.wav,3.7371,valid,17,02,01,02,01,calm,1
03-01-02-01-02-02-17,C:/Users/NannanLi/Desktop/Ravdess/Audio_Speech_Actors_01-24/Actor_17/03-01-02-01-02-02-17.wav,3.7704,valid,17,02,01,02,02,calm,1
03-01-02-02-01-01-17,C:/Users/NannanLi/Desktop/Ravdess/Audio_Speech_Actors_01-24/Actor_17/03-01-02-02-01-01-17.wav,3.8705,valid,17,02,02,01,01,calm,1
03-01-02-02-01-02-17,C:/Users/NannanLi/Desktop/Ravdess/Audio_Speech_Actors_01-24/Actor_17/03-01-02-02-01-02-17.wav,3.6036,valid,17,02,02,01,02,calm,1
03-01-02-02-02-01-17,C:/Users/NannanLi/Desktop/Ravdess/Audio_Speech_Actors_01-24/Actor_17/03-01-02-02-02-01-17.wav,3.8372,valid,17,02,02,02,01,calm,1
03-01-02-02-02-02-17,C:/Users/NannanLi/Desktop/Ravdess/Audio_Speech_Actors_01-24/Actor_17/03-01-02-02-02-02-17.wav,3.5369,valid,17,02,02,02,02,calm,1
03-01-03-01-01-01-17,C:/Users/NannanLi/Desktop/Ravdess/Audio_Speech_Actors_01-24/Actor_17/03-01-03-01-01-01-17.wav,3.4701,valid,17,03,01,01,01,happy,2
03-01-03-01-01-02-17,C:/Users/NannanLi/Desktop/Ravdess/Audio_Speech_Actors_01-24/Actor_17/03-01-03-01-01-02-17.wav,3.5369,valid,17,03,01,01,02,happy,2
03-01-03-01-02-01-17,C:/Users/NannanLi/Desktop/Ravdess/Audio_Speech_Actors_01-24/Actor_17/03-01-03-01-02-01-17.wav,3.4701,valid,17,03,01,02,01,happy,2
03-01-03-01-02-02-17,C:/Users/NannanLi/Desktop/Ravdess/Audio_Speech_Actors_01-24/Actor_17/03-01-03-01-02-02-17.wav,3.5369,valid,17,03,01,02,02,happy,2
03-01-03-02-01-01-17,C:/Users/NannanLi/Desktop/Ravdess/Audio_Speech_Actors_01-24/Actor_17/03-01-03-02-01-01-17.wav,3.7371,valid,17,03,02,01,01,happy,2
03-01-03-02-01-02-17,C:/Users/NannanLi/Desktop/Ravdess/Audio_Speech_Actors_01-24/Actor_17/03-01-03-02-01-02-17.wav,4.1041,valid,17,03,02,01,02,happy,2
03-01-03-02-02-01-17,C:/Users/NannanLi/Desktop/Ravdess/Audio_Speech_Actors_01-24/Actor_17/03-01-03-02-02-01-17.wav,3.7371,valid,17,03,02,02,01,happy,2
03-01-03-02-02-02-17,C:/Users/NannanLi/Desktop/Ravdess/Audio_Speech_Actors_01-24/Actor_17/03-01-03-02-02-02-17.wav,3.8038,valid,17,03,02,02,02,happy,2
03-01-04-01-01-01-17,C:/Users/NannanLi/Desktop/Ravdess/Audio_Speech_Actors_01-24/Actor_17/03-01-04-01-01-01-17.wav,3.6703,valid,17,04,01,01,01,sad,3
03-01-04-01-01-02-17,C:/Users/NannanLi/Desktop/Ravdess/Audio_Speech_Actors_01-24/Actor_17/03-01-04-01-01-02-17.wav,3.5035,valid,17,04,01,01,02,sad,3
03-01-04-01-02-01-17,C:/Users/NannanLi/Desktop/Ravdess/Audio_Speech_Actors_01-24/Actor_17/03-01-04-01-02-01-17.wav,3.5702,valid,17,04,01,02,01,sad,3
03-01-04-01-02-02-17,C:/Users/NannanLi/Desktop/Ravdess/Audio_Speech_Actors_01-24/Actor_17/03-01-04-01-02-02-17.wav,3.6036,valid,17,04,01,02,02,sad,3
03-01-04-02-01-01-17,C:/Users/NannanLi/Desktop/Ravdess/Audio_Speech_Actors_01-24/Actor_17/03-01-04-02-01-01-17.wav,3.6703,valid,17,04,02,01,01,sad,3
03-01-04-02-01-02-17,C:/Users/NannanLi/Desktop/Ravdess/Audio_Speech_Actors_01-24/Actor_17/03-01-04-02-01-02-17.wav,3.7037,valid,17,04,02,01,02,sad,3
03-01-04-02-02-01-17,C:/Users/NannanLi/Desktop/Ravdess/Audio_Speech_Actors_01-24/Actor_17/03-01-04-02-02-01-17.wav,3.6036,valid,17,04,02,02,01,sad,3
03-01-04-02-02-02-17,C:/Users/NannanLi/Desktop/Ravdess/Audio_Speech_Actors_01-24/Actor_17/03-01-04-02-02-02-17.wav,3.5702,valid,17,04,02,02,02,sad,3
03-01-05-01-01-01-17,C:/Users/NannanLi/Desktop/Ravdess/Audio_Speech_Actors_01-24/Actor_17/03-01-05-01-01-01-17.wav,3.4701,valid,17,05,01,01,01,angry,4
03-01-05-01-01-02-17,C:/Users/NannanLi/Desktop/Ravdess/Audio_Speech_Actors_01-24/Actor_17/03-01-05-01-01-02-17.wav,3.7037,valid,17,05,01,01,02,angry,4
03-01-05-01-02-01-17,C:/Users/NannanLi/Desktop/Ravdess/Audio_Speech_Actors_01-24/Actor_17/03-01-05-01-02-01-17.wav,3.6036,valid,17,05,01,02,01,angry,4
03-01-05-01-02-02-17,C:/Users/NannanLi/Desktop/Ravdess/Audio_Speech_Actors_01-24/Actor_17/03-01-05-01-02-02-17.wav,3.5369,valid,17,05,01,02,02,angry,4
03-01-05-02-01-01-17,C:/Users/NannanLi/Desktop/Ravdess/Audio_Speech_Actors_01-24/Actor_17/03-01-05-02-01-01-17.wav,3.5035,valid,17,05,02,01,01,angry,4
03-01-05-02-01-02-17,C:/Users/NannanLi/Desktop/Ravdess/Audio_Speech_Actors_01-24/Actor_17/03-01-05-02-01-02-17.wav,3.7371,valid,17,05,02,01,02,angry,4
03-01-05-02-02-01-17,C:/Users/NannanLi/Desktop/Ravdess/Audio_Speech_Actors_01-24/Actor_17/03-01-05-02-02-01-17.wav,3.637,valid,17,05,02,02,01,angry,4
03-01-05-02-02-02-17,C:/Users/NannanLi/Desktop/Ravdess/Audio_Speech_Actors_01-24/Actor_17/03-01-05-02-02-02-17.wav,3.8038,valid,17,05,02,02,02,angry,4
03-01-06-01-01-01-17,C:/Users/NannanLi/Desktop/Ravdess/Audio_Speech_Actors_01-24/Actor_17/03-01-06-01-01-01-17.wav,3.4701,valid,17,06,01,01,01,fearful,5
03-01-06-01-01-02-17,C:/Users/NannanLi/Desktop/Ravdess/Audio_Speech_Actors_01-24/Actor_17/03-01-06-01-01-02-17.wav,3.5035,valid,17,06,01,01,02,fearful,5
03-01-06-01-02-01-17,C:/Users/NannanLi/Desktop/Ravdess/Audio_Speech_Actors_01-24/Actor_17/03-01-06-01-02-01-17.wav,3.5369,valid,17,06,01,02,01,fearful,5
03-01-06-01-02-02-17,C:/Users/NannanLi/Desktop/Ravdess/Audio_Speech_Actors_01-24/Actor_17/03-01-06-01-02-02-17.wav,3.637,valid,17,06,01,02,02,fearful,5
03-01-06-02-01-01-17,C:/Users/NannanLi/Desktop/Ravdess/Audio_Speech_Actors_01-24/Actor_17/03-01-06-02-01-01-17.wav,3.7037,valid,17,06,02,01,01,fearful,5
03-01-06-02-01-02-17,C:/Users/NannanLi/Desktop/Ravdess/Audio_Speech_Actors_01-24/Actor_17/03-01-06-02-01-02-17.wav,3.7371,valid,17,06,02,01,02,fearful,5
03-01-06-02-02-01-17,C:/Users/NannanLi/Desktop/Ravdess/Audio_Speech_Actors_01-24/Actor_17/03-01-06-02-02-01-17.wav,3.6703,valid,17,06,02,02,01,fearful,5
03-01-06-02-02-02-17,C:/Users/NannanLi/Desktop/Ravdess/Audio_Speech_Actors_01-24/Actor_17/03-01-06-02-02-02-17.wav,3.8372,valid,17,06,02,02,02,fearful,5
03-01-07-01-01-01-17,C:/Users/NannanLi/Desktop/Ravdess/Audio_Speech_Actors_01-24/Actor_17/03-01-07-01-01-01-17.wav,3.8372,valid,17,07,01,01,01,disgust,6
03-01-07-01-01-02-17,C:/Users/NannanLi/Desktop/Ravdess/Audio_Speech_Actors_01-24/Actor_17/03-01-07-01-01-02-17.wav,3.7037,valid,17,07,01,01,02,disgust,6
03-01-07-01-02-01-17,C:/Users/NannanLi/Desktop/Ravdess/Audio_Speech_Actors_01-24/Actor_17/03-01-07-01-02-01-17.wav,3.5702,valid,17,07,01,02,01,disgust,6
03-01-07-01-02-02-17,C:/Users/NannanLi/Desktop/Ravdess/Audio_Speech_Actors_01-24/Actor_17/03-01-07-01-02-02-17.wav,3.5035,valid,17,07,01,02,02,disgust,6
03-01-07-02-01-01-17,C:/Users/NannanLi/Desktop/Ravdess/Audio_Speech_Actors_01-24/Actor_17/03-01-07-02-01-01-17.wav,4.2042,valid,17,07,02,01,01,disgust,6
03-01-07-02-01-02-17,C:/Users/NannanLi/Desktop/Ravdess/Audio_Speech_Actors_01-24/Actor_17/03-01-07-02-01-02-17.wav,4.1708,valid,17,07,02,01,02,disgust,6
03-01-07-02-02-01-17,C:/Users/NannanLi/Desktop/Ravdess/Audio_Speech_Actors_01-24/Actor_17/03-01-07-02-02-01-17.wav,4.4711,valid,17,07,02,02,01,disgust,6
03-01-07-02-02-02-17,C:/Users/NannanLi/Desktop/Ravdess/Audio_Speech_Actors_01-24/Actor_17/03-01-07-02-02-02-17.wav,4.6046,valid,17,07,02,02,02,disgust,6
03-01-08-01-01-01-17,C:/Users/NannanLi/Desktop/Ravdess/Audio_Speech_Actors_01-24/Actor_17/03-01-08-01-01-01-17.wav,3.4034,valid,17,08,01,01,01,surprise,7
03-01-08-01-01-02-17,C:/Users/NannanLi/Desktop/Ravdess/Audio_Speech_Actors_01-24/Actor_17/03-01-08-01-01-02-17.wav,3.637,valid,17,08,01,01,02,surprise,7
03-01-08-01-02-01-17,C:/Users/NannanLi/Desktop/Ravdess/Audio_Speech_Actors_01-24/Actor_17/03-01-08-01-02-01-17.wav,3.37,valid,17,08,01,02,01,surprise,7
03-01-08-01-02-02-17,C:/Users/NannanLi/Desktop/Ravdess/Audio_Speech_Actors_01-24/Actor_17/03-01-08-01-02-02-17.wav,3.4368,valid,17,08,01,02,02,surprise,7
03-01-08-02-01-01-17,C:/Users/NannanLi/Desktop/Ravdess/Audio_Speech_Actors_01-24/Actor_17/03-01-08-02-01-01-17.wav,3.5369,valid,17,08,02,01,01,surprise,7
03-01-08-02-01-02-17,C:/Users/NannanLi/Desktop/Ravdess/Audio_Speech_Actors_01-24/Actor_17/03-01-08-02-01-02-17.wav,3.6703,valid,17,08,02,01,02,surprise,7
03-01-08-02-02-01-17,C:/Users/NannanLi/Desktop/Ravdess/Audio_Speech_Actors_01-24/Actor_17/03-01-08-02-02-01-17.wav,3.4368,valid,17,08,02,02,01,surprise,7
03-01-08-02-02-02-17,C:/Users/NannanLi/Desktop/Ravdess/Audio_Speech_Actors_01-24/Actor_17/03-01-08-02-02-02-17.wav,3.5369,valid,17,08,02,02,02,surprise,7
03-01-01-01-01-01-18,C:/Users/NannanLi/Desktop/Ravdess/Audio_Speech_Actors_01-24/Actor_18/03-01-01-01-01-01-18.wav,3.4701,valid,18,01,01,01,01,neutral,0
03-01-01-01-01-02-18,C:/Users/NannanLi/Desktop/Ravdess/Audio_Speech_Actors_01-24/Actor_18/03-01-01-01-01-02-18.wav,3.5369,valid,18,01,01,01,02,neutral,0
03-01-01-01-02-01-18,C:/Users/NannanLi/Desktop/Ravdess/Audio_Speech_Actors_01-24/Actor_18/03-01-01-01-02-01-18.wav,3.4701,valid,18,01,01,02,01,neutral,0
03-01-01-01-02-02-18,C:/Users/NannanLi/Desktop/Ravdess/Audio_Speech_Actors_01-24/Actor_18/03-01-01-01-02-02-18.wav,3.4701,valid,18,01,01,02,02,neutral,0
03-01-02-01-01-01-18,C:/Users/NannanLi/Desktop/Ravdess/Audio_Speech_Actors_01-24/Actor_18/03-01-02-01-01-01-18.wav,3.4701,valid,18,02,01,01,01,calm,1
03-01-02-01-01-02-18,C:/Users/NannanLi/Desktop/Ravdess/Audio_Speech_Actors_01-24/Actor_18/03-01-02-01-01-02-18.wav,3.4034,valid,18,02,01,01,02,calm,1
03-01-02-01-02-01-18,C:/Users/NannanLi/Desktop/Ravdess/Audio_Speech_Actors_01-24/Actor_18/03-01-02-01-02-01-18.wav,3.637,valid,18,02,01,02,01,calm,1
03-01-02-01-02-02-18,C:/Users/NannanLi/Desktop/Ravdess/Audio_Speech_Actors_01-24/Actor_18/03-01-02-01-02-02-18.wav,3.5035,valid,18,02,01,02,02,calm,1
03-01-02-02-01-01-18,C:/Users/NannanLi/Desktop/Ravdess/Audio_Speech_Actors_01-24/Actor_18/03-01-02-02-01-01-18.wav,3.6036,valid,18,02,02,01,01,calm,1
03-01-02-02-01-02-18,C:/Users/NannanLi/Desktop/Ravdess/Audio_Speech_Actors_01-24/Actor_18/03-01-02-02-01-02-18.wav,3.6036,valid,18,02,02,01,02,calm,1
03-01-02-02-02-01-18,C:/Users/NannanLi/Desktop/Ravdess/Audio_Speech_Actors_01-24/Actor_18/03-01-02-02-02-01-18.wav,3.6036,valid,18,02,02,02,01,calm,1
03-01-02-02-02-02-18,C:/Users/NannanLi/Desktop/Ravdess/Audio_Speech_Actors_01-24/Actor_18/03-01-02-02-02-02-18.wav,3.6036,valid,18,02,02,02,02,calm,1
03-01-03-01-01-01-18,C:/Users/NannanLi/Desktop/Ravdess/Audio_Speech_Actors_01-24/Actor_18/03-01-03-01-01-01-18.wav,3.4034,valid,18,03,01,01,01,happy,2
03-01-03-01-01-02-18,C:/Users/NannanLi/Desktop/Ravdess/Audio_Speech_Actors_01-24/Actor_18/03-01-03-01-01-02-18.wav,3.37,valid,18,03,01,01,02,happy,2
03-01-03-01-02-01-18,C:/Users/NannanLi/Desktop/Ravdess/Audio_Speech_Actors_01-24/Actor_18/03-01-03-01-02-01-18.wav,3.4367,valid,18,03,01,02,01,happy,2
03-01-03-01-02-02-18,C:/Users/NannanLi/Desktop/Ravdess/Audio_Speech_Actors_01-24/Actor_18/03-01-03-01-02-02-18.wav,3.5035,valid,18,03,01,02,02,happy,2
03-01-03-02-01-01-18,C:/Users/NannanLi/Desktop/Ravdess/Audio_Speech_Actors_01-24/Actor_18/03-01-03-02-01-01-18.wav,3.7704,valid,18,03,02,01,01,happy,2
03-01-03-02-01-02-18,C:/Users/NannanLi/Desktop/Ravdess/Audio_Speech_Actors_01-24/Actor_18/03-01-03-02-01-02-18.wav,3.9373,valid,18,03,02,01,02,happy,2
03-01-03-02-02-01-18,C:/Users/NannanLi/Desktop/Ravdess/Audio_Speech_Actors_01-24/Actor_18/03-01-03-02-02-01-18.wav,3.7704,valid,18,03,02,02,01,happy,2
03-01-03-02-02-02-18,C:/Users/NannanLi/Desktop/Ravdess/Audio_Speech_Actors_01-24/Actor_18/03-01-03-02-02-02-18.wav,3.8372,valid,18,03,02,02,02,happy,2
03-01-04-01-01-01-18,C:/Users/NannanLi/Desktop/Ravdess/Audio_Speech_Actors_01-24/Actor_18/03-01-04-01-01-01-18.wav,3.5702,valid,18,04,01,01,01,sad,3
03-01-04-01-01-02-18,C:/Users/NannanLi/Desktop/Ravdess/Audio_Speech_Actors_01-24/Actor_18/03-01-04-01-01-02-18.wav,3.637,valid,18,04,01,01,02,sad,3
03-01-04-01-02-01-18,C:/Users/NannanLi/Desktop/Ravdess/Audio_Speech_Actors_01-24/Actor_18/03-01-04-01-02-01-18.wav,3.5369,valid,18,04,01,02,01,sad,3
03-01-04-01-02-02-18,C:/Users/NannanLi/Desktop/Ravdess/Audio_Speech_Actors_01-24/Actor_18/03-01-04-01-02-02-18.wav,3.637,valid,18,04,01,02,02,sad,3
03-01-04-02-01-01-18,C:/Users/NannanLi/Desktop/Ravdess/Audio_Speech_Actors_01-24/Actor_18/03-01-04-02-01-01-18.wav,3.8038,valid,18,04,02,01,01,sad,3
03-01-04-02-01-02-18,C:/Users/NannanLi/Desktop/Ravdess/Audio_Speech_Actors_01-24/Actor_18/03-01-04-02-01-02-18.wav,3.8372,valid,18,04,02,01,02,sad,3
03-01-04-02-02-01-18,C:/Users/NannanLi/Desktop/Ravdess/Audio_Speech_Actors_01-24/Actor_18/03-01-04-02-02-01-18.wav,4.1375,valid,18,04,02,02,01,sad,3
03-01-04-02-02-02-18,C:/Users/NannanLi/Desktop/Ravdess/Audio_Speech_Actors_01-24/Actor_18/03-01-04-02-02-02-18.wav,3.8372,valid,18,04,02,02,02,sad,3
03-01-05-01-01-01-18,C:/Users/NannanLi/Desktop/Ravdess/Audio_Speech_Actors_01-24/Actor_18/03-01-05-01-01-01-18.wav,3.9039,valid,18,05,01,01,01,angry,4
03-01-05-01-01-02-18,C:/Users/NannanLi/Desktop/Ravdess/Audio_Speech_Actors_01-24/Actor_18/03-01-05-01-01-02-18.wav,4.1708,valid,18,05,01,01,02,angry,4
03-01-05-01-02-01-18,C:/Users/NannanLi/Desktop/Ravdess/Audio_Speech_Actors_01-24/Actor_18/03-01-05-01-02-01-18.wav,3.5702,valid,18,05,01,02,01,angry,4
03-01-05-01-02-02-18,C:/Users/NannanLi/Desktop/Ravdess/Audio_Speech_Actors_01-24/Actor_18/03-01-05-01-02-02-18.wav,3.637,valid,18,05,01,02,02,angry,4
03-01-05-02-01-01-18,C:/Users/NannanLi/Desktop/Ravdess/Audio_Speech_Actors_01-24/Actor_18/03-01-05-02-01-01-18.wav,3.7037,valid,18,05,02,01,01,angry,4
03-01-05-02-01-02-18,C:/Users/NannanLi/Desktop/Ravdess/Audio_Speech_Actors_01-24/Actor_18/03-01-05-02-01-02-18.wav,3.7704,valid,18,05,02,01,02,angry,4
03-01-05-02-02-01-18,C:/Users/NannanLi/Desktop/Ravdess/Audio_Speech_Actors_01-24/Actor_18/03-01-05-02-02-01-18.wav,3.8372,valid,18,05,02,02,01,angry,4
03-01-05-02-02-02-18,C:/Users/NannanLi/Desktop/Ravdess/Audio_Speech_Actors_01-24/Actor_18/03-01-05-02-02-02-18.wav,4.2376,valid,18,05,02,02,02,angry,4
03-01-06-01-01-01-18,C:/Users/NannanLi/Desktop/Ravdess/Audio_Speech_Actors_01-24/Actor_18/03-01-06-01-01-01-18.wav,3.4368,valid,18,06,01,01,01,fearful,5
03-01-06-01-01-02-18,C:/Users/NannanLi/Desktop/Ravdess/Audio_Speech_Actors_01-24/Actor_18/03-01-06-01-01-02-18.wav,3.4034,valid,18,06,01,01,02,fearful,5
03-01-06-01-02-01-18,C:/Users/NannanLi/Desktop/Ravdess/Audio_Speech_Actors_01-24/Actor_18/03-01-06-01-02-01-18.wav,3.4701,valid,18,06,01,02,01,fearful,5
03-01-06-01-02-02-18,C:/Users/NannanLi/Desktop/Ravdess/Audio_Speech_Actors_01-24/Actor_18/03-01-06-01-02-02-18.wav,3.4701,valid,18,06,01,02,02,fearful,5
03-01-06-02-01-01-18,C:/Users/NannanLi/Desktop/Ravdess/Audio_Speech_Actors_01-24/Actor_18/03-01-06-02-01-01-18.wav,3.7371,valid,18,06,02,01,01,fearful,5
03-01-06-02-01-02-18,C:/Users/NannanLi/Desktop/Ravdess/Audio_Speech_Actors_01-24/Actor_18/03-01-06-02-01-02-18.wav,4.1708,valid,18,06,02,01,02,fearful,5
03-01-06-02-02-01-18,C:/Users/NannanLi/Desktop/Ravdess/Audio_Speech_Actors_01-24/Actor_18/03-01-06-02-02-01-18.wav,3.8038,valid,18,06,02,02,01,fearful,5
03-01-06-02-02-02-18,C:/Users/NannanLi/Desktop/Ravdess/Audio_Speech_Actors_01-24/Actor_18/03-01-06-02-02-02-18.wav,3.8038,valid,18,06,02,02,02,fearful,5
03-01-07-01-01-01-18,C:/Users/NannanLi/Desktop/Ravdess/Audio_Speech_Actors_01-24/Actor_18/03-01-07-01-01-01-18.wav,4.3043,valid,18,07,01,01,01,disgust,6
03-01-07-01-01-02-18,C:/Users/NannanLi/Desktop/Ravdess/Audio_Speech_Actors_01-24/Actor_18/03-01-07-01-01-02-18.wav,4.0708,valid,18,07,01,01,02,disgust,6
03-01-07-01-02-01-18,C:/Users/NannanLi/Desktop/Ravdess/Audio_Speech_Actors_01-24/Actor_18/03-01-07-01-02-01-18.wav,3.6703,valid,18,07,01,02,01,disgust,6
03-01-07-01-02-02-18,C:/Users/NannanLi/Desktop/Ravdess/Audio_Speech_Actors_01-24/Actor_18/03-01-07-01-02-02-18.wav,4.371,valid,18,07,01,02,02,disgust,6
03-01-07-02-01-01-18,C:/Users/NannanLi/Desktop/Ravdess/Audio_Speech_Actors_01-24/Actor_18/03-01-07-02-01-01-18.wav,4.7714,valid,18,07,02,01,01,disgust,6
03-01-07-02-01-02-18,C:/Users/NannanLi/Desktop/Ravdess/Audio_Speech_Actors_01-24/Actor_18/03-01-07-02-01-02-18.wav,4.4711,valid,18,07,02,01,02,disgust,6
03-01-07-02-02-01-18,C:/Users/NannanLi/Desktop/Ravdess/Audio_Speech_Actors_01-24/Actor_18/03-01-07-02-02-01-18.wav,4.638,valid,18,07,02,02,01,disgust,6
03-01-07-02-02-02-18,C:/Users/NannanLi/Desktop/Ravdess/Audio_Speech_Actors_01-24/Actor_18/03-01-07-02-02-02-18.wav,4.5712,valid,18,07,02,02,02,disgust,6
03-01-08-01-01-01-18,C:/Users/NannanLi/Desktop/Ravdess/Audio_Speech_Actors_01-24/Actor_18/03-01-08-01-01-01-18.wav,3.37,valid,18,08,01,01,01,surprise,7
03-01-08-01-01-02-18,C:/Users/NannanLi/Desktop/Ravdess/Audio_Speech_Actors_01-24/Actor_18/03-01-08-01-01-02-18.wav,3.5035,valid,18,08,01,01,02,surprise,7
03-01-08-01-02-01-18,C:/Users/NannanLi/Desktop/Ravdess/Audio_Speech_Actors_01-24/Actor_18/03-01-08-01-02-01-18.wav,3.5035,valid,18,08,01,02,01,surprise,7
03-01-08-01-02-02-18,C:/Users/NannanLi/Desktop/Ravdess/Audio_Speech_Actors_01-24/Actor_18/03-01-08-01-02-02-18.wav,3.5035,valid,18,08,01,02,02,surprise,7
03-01-08-02-01-01-18,C:/Users/NannanLi/Desktop/Ravdess/Audio_Speech_Actors_01-24/Actor_18/03-01-08-02-01-01-18.wav,3.637,valid,18,08,02,01,01,surprise,7
03-01-08-02-01-02-18,C:/Users/NannanLi/Desktop/Ravdess/Audio_Speech_Actors_01-24/Actor_18/03-01-08-02-01-02-18.wav,3.5369,valid,18,08,02,01,02,surprise,7
03-01-08-02-02-01-18,C:/Users/NannanLi/Desktop/Ravdess/Audio_Speech_Actors_01-24/Actor_18/03-01-08-02-02-01-18.wav,3.8705,valid,18,08,02,02,01,surprise,7
03-01-08-02-02-02-18,C:/Users/NannanLi/Desktop/Ravdess/Audio_Speech_Actors_01-24/Actor_18/03-01-08-02-02-02-18.wav,3.637,valid,18,08,02,02,02,surprise,7
03-01-01-01-01-01-19,C:/Users/NannanLi/Desktop/Ravdess/Audio_Speech_Actors_01-24/Actor_19/03-01-01-01-01-01-19.wav,3.37,valid,19,01,01,01,01,neutral,0
03-01-01-01-01-02-19,C:/Users/NannanLi/Desktop/Ravdess/Audio_Speech_Actors_01-24/Actor_19/03-01-01-01-01-02-19.wav,3.2366,valid,19,01,01,01,02,neutral,0
03-01-01-01-02-01-19,C:/Users/NannanLi/Desktop/Ravdess/Audio_Speech_Actors_01-24/Actor_19/03-01-01-01-02-01-19.wav,3.3367,valid,19,01,01,02,01,neutral,0
03-01-01-01-02-02-19,C:/Users/NannanLi/Desktop/Ravdess/Audio_Speech_Actors_01-24/Actor_19/03-01-01-01-02-02-19.wav,3.3033,valid,19,01,01,02,02,neutral,0
03-01-02-01-01-01-19,C:/Users/NannanLi/Desktop/Ravdess/Audio_Speech_Actors_01-24/Actor_19/03-01-02-01-01-01-19.wav,3.6703,valid,19,02,01,01,01,calm,1
03-01-02-01-01-02-19,C:/Users/NannanLi/Desktop/Ravdess/Audio_Speech_Actors_01-24/Actor_19/03-01-02-01-01-02-19.wav,3.6703,valid,19,02,01,01,02,calm,1
03-01-02-01-02-01-19,C:/Users/NannanLi/Desktop/Ravdess/Audio_Speech_Actors_01-24/Actor_19/03-01-02-01-02-01-19.wav,3.3367,valid,19,02,01,02,01,calm,1
03-01-02-01-02-02-19,C:/Users/NannanLi/Desktop/Ravdess/Audio_Speech_Actors_01-24/Actor_19/03-01-02-01-02-02-19.wav,3.4701,valid,19,02,01,02,02,calm,1
03-01-02-02-01-01-19,C:/Users/NannanLi/Desktop/Ravdess/Audio_Speech_Actors_01-24/Actor_19/03-01-02-02-01-01-19.wav,4.4711,valid,19,02,02,01,01,calm,1
03-01-02-02-01-02-19,C:/Users/NannanLi/Desktop/Ravdess/Audio_Speech_Actors_01-24/Actor_19/03-01-02-02-01-02-19.wav,4.0374,valid,19,02,02,01,02,calm,1
03-01-02-02-02-01-19,C:/Users/NannanLi/Desktop/Ravdess/Audio_Speech_Actors_01-24/Actor_19/03-01-02-02-02-01-19.wav,4.6046,valid,19,02,02,02,01,calm,1
03-01-02-02-02-02-19,C:/Users/NannanLi/Desktop/Ravdess/Audio_Speech_Actors_01-24/Actor_19/03-01-02-02-02-02-19.wav,4.3043,valid,19,02,02,02,02,calm,1
03-01-03-01-01-01-19,C:/Users/NannanLi/Desktop/Ravdess/Audio_Speech_Actors_01-24/Actor_19/03-01-03-01-01-01-19.wav,3.637,valid,19,03,01,01,01,happy,2
03-01-03-01-01-02-19,C:/Users/NannanLi/Desktop/Ravdess/Audio_Speech_Actors_01-24/Actor_19/03-01-03-01-01-02-19.wav,3.7037,valid,19,03,01,01,02,happy,2
03-01-03-01-02-01-19,C:/Users/NannanLi/Desktop/Ravdess/Audio_Speech_Actors_01-24/Actor_19/03-01-03-01-02-01-19.wav,3.2699,valid,19,03,01,02,01,happy,2
03-01-03-01-02-02-19,C:/Users/NannanLi/Desktop/Ravdess/Audio_Speech_Actors_01-24/Actor_19/03-01-03-01-02-02-19.wav,3.3033,valid,19,03,01,02,02,happy,2
03-01-03-02-01-01-19,C:/Users/NannanLi/Desktop/Ravdess/Audio_Speech_Actors_01-24/Actor_19/03-01-03-02-01-01-19.wav,3.7704,valid,19,03,02,01,01,happy,2
03-01-03-02-01-02-19,C:/Users/NannanLi/Desktop/Ravdess/Audio_Speech_Actors_01-24/Actor_19/03-01-03-02-01-02-19.wav,3.8038,valid,19,03,02,01,02,happy,2
03-01-03-02-02-01-19,C:/Users/NannanLi/Desktop/Ravdess/Audio_Speech_Actors_01-24/Actor_19/03-01-03-02-02-01-19.wav,4.4044,valid,19,03,02,02,01,happy,2
03-01-03-02-02-02-19,C:/Users/NannanLi/Desktop/Ravdess/Audio_Speech_Actors_01-24/Actor_19/03-01-03-02-02-02-19.wav,4.004,valid,19,03,02,02,02,happy,2
03-01-04-01-01-01-19,C:/Users/NannanLi/Desktop/Ravdess/Audio_Speech_Actors_01-24/Actor_19/03-01-04-01-01-01-19.wav,3.4368,valid,19,04,01,01,01,sad,3
03-01-04-01-01-02-19,C:/Users/NannanLi/Desktop/Ravdess/Audio_Speech_Actors_01-24/Actor_19/03-01-04-01-01-02-19.wav,3.6703,valid,19,04,01,01,02,sad,3
03-01-04-01-02-01-19,C:/Users/NannanLi/Desktop/Ravdess/Audio_Speech_Actors_01-24/Actor_19/03-01-04-01-02-01-19.wav,3.1698,valid,19,04,01,02,01,sad,3
03-01-04-01-02-02-19,C:/Users/NannanLi/Desktop/Ravdess/Audio_Speech_Actors_01-24/Actor_19/03-01-04-01-02-02-19.wav,3.6703,valid,19,04,01,02,02,sad,3
03-01-04-02-01-01-19,C:/Users/NannanLi/Desktop/Ravdess/Audio_Speech_Actors_01-24/Actor_19/03-01-04-02-01-01-19.wav,4.004,valid,19,04,02,01,01,sad,3
03-01-04-02-01-02-19,C:/Users/NannanLi/Desktop/Ravdess/Audio_Speech_Actors_01-24/Actor_19/03-01-04-02-01-02-19.wav,3.7037,valid,19,04,02,01,02,sad,3
03-01-04-02-02-01-19,C:/Users/NannanLi/Desktop/Ravdess/Audio_Speech_Actors_01-24/Actor_19/03-01-04-02-02-01-19.wav,3.4034,valid,19,04,02,02,01,sad,3
03-01-04-02-02-02-19,C:/Users/NannanLi/Desktop/Ravdess/Audio_Speech_Actors_01-24/Actor_19/03-01-04-02-02-02-19.wav,3.7371,valid,19,04,02,02,02,sad,3
03-01-05-01-01-01-19,C:/Users/NannanLi/Desktop/Ravdess/Audio_Speech_Actors_01-24/Actor_19/03-01-05-01-01-01-19.wav,3.7704,valid,19,05,01,01,01,angry,4
03-01-05-01-01-02-19,C:/Users/NannanLi/Desktop/Ravdess/Audio_Speech_Actors_01-24/Actor_19/03-01-05-01-01-02-19.wav,3.7037,valid,19,05,01,01,02,angry,4
03-01-05-01-02-01-19,C:/Users/NannanLi/Desktop/Ravdess/Audio_Speech_Actors_01-24/Actor_19/03-01-05-01-02-01-19.wav,3.3033,valid,19,05,01,02,01,angry,4
03-01-05-01-02-02-19,C:/Users/NannanLi/Desktop/Ravdess/Audio_Speech_Actors_01-24/Actor_19/03-01-05-01-02-02-19.wav,3.5702,valid,19,05,01,02,02,angry,4
03-01-05-02-01-01-19,C:/Users/NannanLi/Desktop/Ravdess/Audio_Speech_Actors_01-24/Actor_19/03-01-05-02-01-01-19.wav,3.9706,valid,19,05,02,01,01,angry,4
03-01-05-02-01-02-19,C:/Users/NannanLi/Desktop/Ravdess/Audio_Speech_Actors_01-24/Actor_19/03-01-05-02-01-02-19.wav,4.8048,valid,19,05,02,01,02,angry,4
03-01-05-02-02-01-19,C:/Users/NannanLi/Desktop/Ravdess/Audio_Speech_Actors_01-24/Actor_19/03-01-05-02-02-01-19.wav,4.3377,valid,19,05,02,02,01,angry,4
03-01-05-02-02-02-19,C:/Users/NannanLi/Desktop/Ravdess/Audio_Speech_Actors_01-24/Actor_19/03-01-05-02-02-02-19.wav,4.1041,valid,19,05,02,02,02,angry,4
03-01-06-01-01-01-19,C:/Users/NannanLi/Desktop/Ravdess/Audio_Speech_Actors_01-24/Actor_19/03-01-06-01-01-01-19.wav,3.7037,valid,19,06,01,01,01,fearful,5
03-01-06-01-01-02-19,C:/Users/NannanLi/Desktop/Ravdess/Audio_Speech_Actors_01-24/Actor_19/03-01-06-01-01-02-19.wav,3.5035,valid,19,06,01,01,02,fearful,5
03-01-06-01-02-01-19,C:/Users/NannanLi/Desktop/Ravdess/Audio_Speech_Actors_01-24/Actor_19/03-01-06-01-02-01-19.wav,3.7704,valid,19,06,01,02,01,fearful,5
03-01-06-01-02-02-19,C:/Users/NannanLi/Desktop/Ravdess/Audio_Speech_Actors_01-24/Actor_19/03-01-06-01-02-02-19.wav,3.5369,valid,19,06,01,02,02,fearful,5
03-01-06-02-01-01-19,C:/Users/NannanLi/Desktop/Ravdess/Audio_Speech_Actors_01-24/Actor_19/03-01-06-02-01-01-19.wav,3.8372,valid,19,06,02,01,01,fearful,5
03-01-06-02-01-02-19,C:/Users/NannanLi/Desktop/Ravdess/Audio_Speech_Actors_01-24/Actor_19/03-01-06-02-01-02-19.wav,4.371,valid,19,06,02,01,02,fearful,5
03-01-06-02-02-01-19,C:/Users/NannanLi/Desktop/Ravdess/Audio_Speech_Actors_01-24/Actor_19/03-01-06-02-02-01-19.wav,3.5702,valid,19,06,02,02,01,fearful,5
03-01-06-02-02-02-19,C:/Users/NannanLi/Desktop/Ravdess/Audio_Speech_Actors_01-24/Actor_19/03-01-06-02-02-02-19.wav,4.0374,valid,19,06,02,02,02,fearful,5
03-01-07-01-01-01-19,C:/Users/NannanLi/Desktop/Ravdess/Audio_Speech_Actors_01-24/Actor_19/03-01-07-01-01-01-19.wav,4.3043,valid,19,07,01,01,01,disgust,6
03-01-07-01-01-02-19,C:/Users/NannanLi/Desktop/Ravdess/Audio_Speech_Actors_01-24/Actor_19/03-01-07-01-01-02-19.wav,4.8382,valid,19,07,01,01,02,disgust,6
03-01-07-01-02-01-19,C:/Users/NannanLi/Desktop/Ravdess/Audio_Speech_Actors_01-24/Actor_19/03-01-07-01-02-01-19.wav,4.1708,valid,19,07,01,02,01,disgust,6
03-01-07-01-02-02-19,C:/Users/NannanLi/Desktop/Ravdess/Audio_Speech_Actors_01-24/Actor_19/03-01-07-01-02-02-19.wav,3.9373,valid,19,07,01,02,02,disgust,6
03-01-07-02-01-01-19,C:/Users/NannanLi/Desktop/Ravdess/Audio_Speech_Actors_01-24/Actor_19/03-01-07-02-01-01-19.wav,4.8048,valid,19,07,02,01,01,disgust,6
03-01-07-02-01-02-19,C:/Users/NannanLi/Desktop/Ravdess/Audio_Speech_Actors_01-24/Actor_19/03-01-07-02-01-02-19.wav,5.2719,valid,19,07,02,01,02,disgust,6
03-01-07-02-02-01-19,C:/Users/NannanLi/Desktop/Ravdess/Audio_Speech_Actors_01-24/Actor_19/03-01-07-02-02-01-19.wav,4.9049,valid,19,07,02,02,01,disgust,6
03-01-07-02-02-02-19,C:/Users/NannanLi/Desktop/Ravdess/Audio_Speech_Actors_01-24/Actor_19/03-01-07-02-02-02-19.wav,4.9383,valid,19,07,02,02,02,disgust,6
03-01-08-01-01-01-19,C:/Users/NannanLi/Desktop/Ravdess/Audio_Speech_Actors_01-24/Actor_19/03-01-08-01-01-01-19.wav,3.7371,valid,19,08,01,01,01,surprise,7
03-01-08-01-01-02-19,C:/Users/NannanLi/Desktop/Ravdess/Audio_Speech_Actors_01-24/Actor_19/03-01-08-01-01-02-19.wav,3.5369,valid,19,08,01,01,02,surprise,7
03-01-08-01-02-01-19,C:/Users/NannanLi/Desktop/Ravdess/Audio_Speech_Actors_01-24/Actor_19/03-01-08-01-02-01-19.wav,4.1041,valid,19,08,01,02,01,surprise,7
03-01-08-01-02-02-19,C:/Users/NannanLi/Desktop/Ravdess/Audio_Speech_Actors_01-24/Actor_19/03-01-08-01-02-02-19.wav,3.0697,valid,19,08,01,02,02,surprise,7
03-01-08-02-01-01-19,C:/Users/NannanLi/Desktop/Ravdess/Audio_Speech_Actors_01-24/Actor_19/03-01-08-02-01-01-19.wav,4.1041,valid,19,08,02,01,01,surprise,7
03-01-08-02-01-02-19,C:/Users/NannanLi/Desktop/Ravdess/Audio_Speech_Actors_01-24/Actor_19/03-01-08-02-01-02-19.wav,4.638,valid,19,08,02,01,02,surprise,7
03-01-08-02-02-01-19,C:/Users/NannanLi/Desktop/Ravdess/Audio_Speech_Actors_01-24/Actor_19/03-01-08-02-02-01-19.wav,3.2366,valid,19,08,02,02,01,surprise,7
03-01-08-02-02-02-19,C:/Users/NannanLi/Desktop/Ravdess/Audio_Speech_Actors_01-24/Actor_19/03-01-08-02-02-02-19.wav,3.2699,valid,19,08,02,02,02,surprise,7
03-01-01-01-01-01-20,C:/Users/NannanLi/Desktop/Ravdess/Audio_Speech_Actors_01-24/Actor_20/03-01-01-01-01-01-20.wav,3.4701,valid,20,01,01,01,01,neutral,0
03-01-01-01-01-02-20,C:/Users/NannanLi/Desktop/Ravdess/Audio_Speech_Actors_01-24/Actor_20/03-01-01-01-01-02-20.wav,3.5702,valid,20,01,01,01,02,neutral,0
03-01-01-01-02-01-20,C:/Users/NannanLi/Desktop/Ravdess/Audio_Speech_Actors_01-24/Actor_20/03-01-01-01-02-01-20.wav,3.4368,valid,20,01,01,02,01,neutral,0
03-01-01-01-02-02-20,C:/Users/NannanLi/Desktop/Ravdess/Audio_Speech_Actors_01-24/Actor_20/03-01-01-01-02-02-20.wav,3.5369,valid,20,01,01,02,02,neutral,0
03-01-02-01-01-01-20,C:/Users/NannanLi/Desktop/Ravdess/Audio_Speech_Actors_01-24/Actor_20/03-01-02-01-01-01-20.wav,3.637,valid,20,02,01,01,01,calm,1
03-01-02-01-01-02-20,C:/Users/NannanLi/Desktop/Ravdess/Audio_Speech_Actors_01-24/Actor_20/03-01-02-01-01-02-20.wav,3.5702,valid,20,02,01,01,02,calm,1
03-01-02-01-02-01-20,C:/Users/NannanLi/Desktop/Ravdess/Audio_Speech_Actors_01-24/Actor_20/03-01-02-01-02-01-20.wav,3.3367,valid,20,02,01,02,01,calm,1
03-01-02-01-02-02-20,C:/Users/NannanLi/Desktop/Ravdess/Audio_Speech_Actors_01-24/Actor_20/03-01-02-01-02-02-20.wav,3.5035,valid,20,02,01,02,02,calm,1
03-01-02-02-01-01-20,C:/Users/NannanLi/Desktop/Ravdess/Audio_Speech_Actors_01-24/Actor_20/03-01-02-02-01-01-20.wav,3.8705,valid,20,02,02,01,01,calm,1
03-01-02-02-01-02-20,C:/Users/NannanLi/Desktop/Ravdess/Audio_Speech_Actors_01-24/Actor_20/03-01-02-02-01-02-20.wav,4.0708,valid,20,02,02,01,02,calm,1
03-01-02-02-02-01-20,C:/Users/NannanLi/Desktop/Ravdess/Audio_Speech_Actors_01-24/Actor_20/03-01-02-02-02-01-20.wav,3.637,valid,20,02,02,02,01,calm,1
03-01-02-02-02-02-20,C:/Users/NannanLi/Desktop/Ravdess/Audio_Speech_Actors_01-24/Actor_20/03-01-02-02-02-02-20.wav,3.637,valid,20,02,02,02,02,calm,1
03-01-03-01-01-01-20,C:/Users/NannanLi/Desktop/Ravdess/Audio_Speech_Actors_01-24/Actor_20/03-01-03-01-01-01-20.wav,3.5369,valid,20,03,01,01,01,happy,2
03-01-03-01-01-02-20,C:/Users/NannanLi/Desktop/Ravdess/Audio_Speech_Actors_01-24/Actor_20/03-01-03-01-01-02-20.wav,3.7037,valid,20,03,01,01,02,happy,2
03-01-03-01-02-01-20,C:/Users/NannanLi/Desktop/Ravdess/Audio_Speech_Actors_01-24/Actor_20/03-01-03-01-02-01-20.wav,3.4701,valid,20,03,01,02,01,happy,2
03-01-03-01-02-02-20,C:/Users/NannanLi/Desktop/Ravdess/Audio_Speech_Actors_01-24/Actor_20/03-01-03-01-02-02-20.wav,3.4034,valid,20,03,01,02,02,happy,2
03-01-03-02-01-01-20,C:/Users/NannanLi/Desktop/Ravdess/Audio_Speech_Actors_01-24/Actor_20/03-01-03-02-01-01-20.wav,3.6703,valid,20,03,02,01,01,happy,2
03-01-03-02-01-02-20,C:/Users/NannanLi/Desktop/Ravdess/Audio_Speech_Actors_01-24/Actor_20/03-01-03-02-01-02-20.wav,4.3043,valid,20,03,02,01,02,happy,2
03-01-03-02-02-01-20,C:/Users/NannanLi/Desktop/Ravdess/Audio_Speech_Actors_01-24/Actor_20/03-01-03-02-02-01-20.wav,3.5703,valid,20,03,02,02,01,happy,2
03-01-03-02-02-02-20,C:/Users/NannanLi/Desktop/Ravdess/Audio_Speech_Actors_01-24/Actor_20/03-01-03-02-02-02-20.wav,3.7037,valid,20,03,02,02,02,happy,2
03-01-04-01-01-01-20,C:/Users/NannanLi/Desktop/Ravdess/Audio_Speech_Actors_01-24/Actor_20/03-01-04-01-01-01-20.wav,3.6036,valid,20,04,01,01,01,sad,3
03-01-04-01-01-02-20,C:/Users/NannanLi/Desktop/Ravdess/Audio_Speech_Actors_01-24/Actor_20/03-01-04-01-01-02-20.wav,3.5035,valid,20,04,01,01,02,sad,3
03-01-04-01-02-01-20,C:/Users/NannanLi/Desktop/Ravdess/Audio_Speech_Actors_01-24/Actor_20/03-01-04-01-02-01-20.wav,3.4701,valid,20,04,01,02,01,sad,3
03-01-04-01-02-02-20,C:/Users/NannanLi/Desktop/Ravdess/Audio_Speech_Actors_01-24/Actor_20/03-01-04-01-02-02-20.wav,3.37,valid,20,04,01,02,02,sad,3
03-01-04-02-01-01-20,C:/Users/NannanLi/Desktop/Ravdess/Audio_Speech_Actors_01-24/Actor_20/03-01-04-02-01-01-20.wav,3.7704,valid,20,04,02,01,01,sad,3
03-01-04-02-01-02-20,C:/Users/NannanLi/Desktop/Ravdess/Audio_Speech_Actors_01-24/Actor_20/03-01-04-02-01-02-20.wav,4.2376,valid,20,04,02,01,02,sad,3
03-01-04-02-02-01-20,C:/Users/NannanLi/Desktop/Ravdess/Audio_Speech_Actors_01-24/Actor_20/03-01-04-02-02-01-20.wav,3.8038,valid,20,04,02,02,01,sad,3
03-01-04-02-02-02-20,C:/Users/NannanLi/Desktop/Ravdess/Audio_Speech_Actors_01-24/Actor_20/03-01-04-02-02-02-20.wav,3.9706,valid,20,04,02,02,02,sad,3
03-01-05-01-01-01-20,C:/Users/NannanLi/Desktop/Ravdess/Audio_Speech_Actors_01-24/Actor_20/03-01-05-01-01-01-20.wav,3.2366,valid,20,05,01,01,01,angry,4
03-01-05-01-01-02-20,C:/Users/NannanLi/Desktop/Ravdess/Audio_Speech_Actors_01-24/Actor_20/03-01-05-01-01-02-20.wav,3.7371,valid,20,05,01,01,02,angry,4
03-01-05-01-02-01-20,C:/Users/NannanLi/Desktop/Ravdess/Audio_Speech_Actors_01-24/Actor_20/03-01-05-01-02-01-20.wav,3.6703,valid,20,05,01,02,01,angry,4
03-01-05-01-02-02-20,C:/Users/NannanLi/Desktop/Ravdess/Audio_Speech_Actors_01-24/Actor_20/03-01-05-01-02-02-20.wav,3.8038,valid,20,05,01,02,02,angry,4
03-01-05-02-01-01-20,C:/Users/NannanLi/Desktop/Ravdess/Audio_Speech_Actors_01-24/Actor_20/03-01-05-02-01-01-20.wav,4.1375,valid,20,05,02,01,01,angry,4
03-01-05-02-01-02-20,C:/Users/NannanLi/Desktop/Ravdess/Audio_Speech_Actors_01-24/Actor_20/03-01-05-02-01-02-20.wav,4.0707,valid,20,05,02,01,02,angry,4
03-01-05-02-02-01-20,C:/Users/NannanLi/Desktop/Ravdess/Audio_Speech_Actors_01-24/Actor_20/03-01-05-02-02-01-20.wav,4.4044,valid,20,05,02,02,01,angry,4
03-01-05-02-02-02-20,C:/Users/NannanLi/Desktop/Ravdess/Audio_Speech_Actors_01-24/Actor_20/03-01-05-02-02-02-20.wav,3.5369,valid,20,05,02,02,02,angry,4
03-01-06-01-01-01-20,C:/Users/NannanLi/Desktop/Ravdess/Audio_Speech_Actors_01-24/Actor_20/03-01-06-01-01-01-20.wav,3.8038,valid,20,06,01,01,01,fearful,5
03-01-06-01-01-02-20,C:/Users/NannanLi/Desktop/Ravdess/Audio_Speech_Actors_01-24/Actor_20/03-01-06-01-01-02-20.wav,4.371,valid,20,06,01,01,02,fearful,5
03-01-06-01-02-01-20,C:/Users/NannanLi/Desktop/Ravdess/Audio_Speech_Actors_01-24/Actor_20/03-01-06-01-02-01-20.wav,3.9373,valid,20,06,01,02,01,fearful,5
03-01-06-01-02-02-20,C:/Users/NannanLi/Desktop/Ravdess/Audio_Speech_Actors_01-24/Actor_20/03-01-06-01-02-02-20.wav,3.3033,valid,20,06,01,02,02,fearful,5
03-01-06-02-01-01-20,C:/Users/NannanLi/Desktop/Ravdess/Audio_Speech_Actors_01-24/Actor_20/03-01-06-02-01-01-20.wav,4.2376,valid,20,06,02,01,01,fearful,5
03-01-06-02-01-02-20,C:/Users/NannanLi/Desktop/Ravdess/Audio_Speech_Actors_01-24/Actor_20/03-01-06-02-01-02-20.wav,4.1708,valid,20,06,02,01,02,fearful,5
03-01-06-02-02-01-20,C:/Users/NannanLi/Desktop/Ravdess/Audio_Speech_Actors_01-24/Actor_20/03-01-06-02-02-01-20.wav,3.8705,valid,20,06,02,02,01,fearful,5
03-01-06-02-02-02-20,C:/Users/NannanLi/Desktop/Ravdess/Audio_Speech_Actors_01-24/Actor_20/03-01-06-02-02-02-20.wav,3.9039,valid,20,06,02,02,02,fearful,5
03-01-07-01-01-01-20,C:/Users/NannanLi/Desktop/Ravdess/Audio_Speech_Actors_01-24/Actor_20/03-01-07-01-01-01-20.wav,3.8705,valid,20,07,01,01,01,disgust,6
03-01-07-01-01-02-20,C:/Users/NannanLi/Desktop/Ravdess/Audio_Speech_Actors_01-24/Actor_20/03-01-07-01-01-02-20.wav,3.7371,valid,20,07,01,01,02,disgust,6
03-01-07-01-02-01-20,C:/Users/NannanLi/Desktop/Ravdess/Audio_Speech_Actors_01-24/Actor_20/03-01-07-01-02-01-20.wav,3.637,valid,20,07,01,02,01,disgust,6
03-01-07-01-02-02-20,C:/Users/NannanLi/Desktop/Ravdess/Audio_Speech_Actors_01-24/Actor_20/03-01-07-01-02-02-20.wav,3.8372,valid,20,07,01,02,02,disgust,6
03-01-07-02-01-01-20,C:/Users/NannanLi/Desktop/Ravdess/Audio_Speech_Actors_01-24/Actor_20/03-01-07-02-01-01-20.wav,4.1041,valid,20,07,02,01,01,disgust,6
03-01-07-02-01-02-20,C:/Users/NannanLi/Desktop/Ravdess/Audio_Speech_Actors_01-24/Actor_20/03-01-07-02-01-02-20.wav,4.1041,valid,20,07,02,01,02,disgust,6
03-01-07-02-02-01-20,C:/Users/NannanLi/Desktop/Ravdess/Audio_Speech_Actors_01-24/Actor_20/03-01-07-02-02-01-20.wav,4.7381,valid,20,07,02,02,01,disgust,6
03-01-07-02-02-02-20,C:/Users/NannanLi/Desktop/Ravdess/Audio_Speech_Actors_01-24/Actor_20/03-01-07-02-02-02-20.wav,3.8705,valid,20,07,02,02,02,disgust,6
03-01-08-01-01-01-20,C:/Users/NannanLi/Desktop/Ravdess/Audio_Speech_Actors_01-24/Actor_20/03-01-08-01-01-01-20.wav,3.2366,valid,20,08,01,01,01,surprise,7
03-01-08-01-01-02-20,C:/Users/NannanLi/Desktop/Ravdess/Audio_Speech_Actors_01-24/Actor_20/03-01-08-01-01-02-20.wav,3.5703,valid,20,08,01,01,02,surprise,7
03-01-08-01-02-01-20,C:/Users/NannanLi/Desktop/Ravdess/Audio_Speech_Actors_01-24/Actor_20/03-01-08-01-02-01-20.wav,3.1365,valid,20,08,01,02,01,surprise,7
03-01-08-01-02-02-20,C:/Users/NannanLi/Desktop/Ravdess/Audio_Speech_Actors_01-24/Actor_20/03-01-08-01-02-02-20.wav,3.2032,valid,20,08,01,02,02,surprise,7
03-01-08-02-01-01-20,C:/Users/NannanLi/Desktop/Ravdess/Audio_Speech_Actors_01-24/Actor_20/03-01-08-02-01-01-20.wav,3.7371,valid,20,08,02,01,01,surprise,7
03-01-08-02-01-02-20,C:/Users/NannanLi/Desktop/Ravdess/Audio_Speech_Actors_01-24/Actor_20/03-01-08-02-01-02-20.wav,3.2366,valid,20,08,02,01,02,surprise,7
03-01-08-02-02-01-20,C:/Users/NannanLi/Desktop/Ravdess/Audio_Speech_Actors_01-24/Actor_20/03-01-08-02-02-01-20.wav,3.5369,valid,20,08,02,02,01,surprise,7
03-01-08-02-02-02-20,C:/Users/NannanLi/Desktop/Ravdess/Audio_Speech_Actors_01-24/Actor_20/03-01-08-02-02-02-20.wav,3.4368,valid,20,08,02,02,02,surprise,7
03-01-01-01-01-01-21,C:/Users/NannanLi/Desktop/Ravdess/Audio_Speech_Actors_01-24/Actor_21/03-01-01-01-01-01-21.wav,3.8372,test,21,01,01,01,01,neutral,0
03-01-01-01-01-02-21,C:/Users/NannanLi/Desktop/Ravdess/Audio_Speech_Actors_01-24/Actor_21/03-01-01-01-01-02-21.wav,3.9706,test,21,01,01,01,02,neutral,0
03-01-01-01-02-01-21,C:/Users/NannanLi/Desktop/Ravdess/Audio_Speech_Actors_01-24/Actor_21/03-01-01-01-02-01-21.wav,3.6036,test,21,01,01,02,01,neutral,0
03-01-01-01-02-02-21,C:/Users/NannanLi/Desktop/Ravdess/Audio_Speech_Actors_01-24/Actor_21/03-01-01-01-02-02-21.wav,3.6703,test,21,01,01,02,02,neutral,0
03-01-02-01-01-01-21,C:/Users/NannanLi/Desktop/Ravdess/Audio_Speech_Actors_01-24/Actor_21/03-01-02-01-01-01-21.wav,4.0374,test,21,02,01,01,01,calm,1
03-01-02-01-01-02-21,C:/Users/NannanLi/Desktop/Ravdess/Audio_Speech_Actors_01-24/Actor_21/03-01-02-01-01-02-21.wav,4.004,test,21,02,01,01,02,calm,1
03-01-02-01-02-01-21,C:/Users/NannanLi/Desktop/Ravdess/Audio_Speech_Actors_01-24/Actor_21/03-01-02-01-02-01-21.wav,3.8038,test,21,02,01,02,01,calm,1
03-01-02-01-02-02-21,C:/Users/NannanLi/Desktop/Ravdess/Audio_Speech_Actors_01-24/Actor_21/03-01-02-01-02-02-21.wav,4.0707,test,21,02,01,02,02,calm,1
03-01-02-02-01-01-21,C:/Users/NannanLi/Desktop/Ravdess/Audio_Speech_Actors_01-24/Actor_21/03-01-02-02-01-01-21.wav,4.004,test,21,02,02,01,01,calm,1
03-01-02-02-01-02-21,C:/Users/NannanLi/Desktop/Ravdess/Audio_Speech_Actors_01-24/Actor_21/03-01-02-02-01-02-21.wav,4.1708,test,21,02,02,01,02,calm,1
03-01-02-02-02-01-21,C:/Users/NannanLi/Desktop/Ravdess/Audio_Speech_Actors_01-24/Actor_21/03-01-02-02-02-01-21.wav,4.1375,test,21,02,02,02,01,calm,1
03-01-02-02-02-02-21,C:/Users/NannanLi/Desktop/Ravdess/Audio_Speech_Actors_01-24/Actor_21/03-01-02-02-02-02-21.wav,3.9706,test,21,02,02,02,02,calm,1
03-01-03-01-01-01-21,C:/Users/NannanLi/Desktop/Ravdess/Audio_Speech_Actors_01-24/Actor_21/03-01-03-01-01-01-21.wav,3.8372,test,21,03,01,01,01,happy,2
03-01-03-01-01-02-21,C:/Users/NannanLi/Desktop/Ravdess/Audio_Speech_Actors_01-24/Actor_21/03-01-03-01-01-02-21.wav,3.8038,test,21,03,01,01,02,happy,2
03-01-03-01-02-01-21,C:/Users/NannanLi/Desktop/Ravdess/Audio_Speech_Actors_01-24/Actor_21/03-01-03-01-02-01-21.wav,3.7037,test,21,03,01,02,01,happy,2
03-01-03-01-02-02-21,C:/Users/NannanLi/Desktop/Ravdess/Audio_Speech_Actors_01-24/Actor_21/03-01-03-01-02-02-21.wav,3.8372,test,21,03,01,02,02,happy,2
03-01-03-02-01-01-21,C:/Users/NannanLi/Desktop/Ravdess/Audio_Speech_Actors_01-24/Actor_21/03-01-03-02-01-01-21.wav,3.8038,test,21,03,02,01,01,happy,2
03-01-03-02-01-02-21,C:/Users/NannanLi/Desktop/Ravdess/Audio_Speech_Actors_01-24/Actor_21/03-01-03-02-01-02-21.wav,3.9373,test,21,03,02,01,02,happy,2
03-01-03-02-02-01-21,C:/Users/NannanLi/Desktop/Ravdess/Audio_Speech_Actors_01-24/Actor_21/03-01-03-02-02-01-21.wav,3.6703,test,21,03,02,02,01,happy,2
03-01-03-02-02-02-21,C:/Users/NannanLi/Desktop/Ravdess/Audio_Speech_Actors_01-24/Actor_21/03-01-03-02-02-02-21.wav,3.8038,test,21,03,02,02,02,happy,2
03-01-04-01-01-01-21,C:/Users/NannanLi/Desktop/Ravdess/Audio_Speech_Actors_01-24/Actor_21/03-01-04-01-01-01-21.wav,4.3043,test,21,04,01,01,01,sad,3
03-01-04-01-01-02-21,C:/Users/NannanLi/Desktop/Ravdess/Audio_Speech_Actors_01-24/Actor_21/03-01-04-01-01-02-21.wav,4.6046,test,21,04,01,01,02,sad,3
03-01-04-01-02-01-21,C:/Users/NannanLi/Desktop/Ravdess/Audio_Speech_Actors_01-24/Actor_21/03-01-04-01-02-01-21.wav,4.0708,test,21,04,01,02,01,sad,3
03-01-04-01-02-02-21,C:/Users/NannanLi/Desktop/Ravdess/Audio_Speech_Actors_01-24/Actor_21/03-01-04-01-02-02-21.wav,4.2042,test,21,04,01,02,02,sad,3
03-01-04-02-01-01-21,C:/Users/NannanLi/Desktop/Ravdess/Audio_Speech_Actors_01-24/Actor_21/03-01-04-02-01-01-21.wav,4.1708,test,21,04,02,01,01,sad,3
03-01-04-02-01-02-21,C:/Users/NannanLi/Desktop/Ravdess/Audio_Speech_Actors_01-24/Actor_21/03-01-04-02-01-02-21.wav,4.2709,test,21,04,02,01,02,sad,3
03-01-04-02-02-01-21,C:/Users/NannanLi/Desktop/Ravdess/Audio_Speech_Actors_01-24/Actor_21/03-01-04-02-02-01-21.wav,4.2709,test,21,04,02,02,01,sad,3
03-01-04-02-02-02-21,C:/Users/NannanLi/Desktop/Ravdess/Audio_Speech_Actors_01-24/Actor_21/03-01-04-02-02-02-21.wav,4.1375,test,21,04,02,02,02,sad,3
03-01-05-01-01-01-21,C:/Users/NannanLi/Desktop/Ravdess/Audio_Speech_Actors_01-24/Actor_21/03-01-05-01-01-01-21.wav,4.1375,test,21,05,01,01,01,angry,4
03-01-05-01-01-02-21,C:/Users/NannanLi/Desktop/Ravdess/Audio_Speech_Actors_01-24/Actor_21/03-01-05-01-01-02-21.wav,4.004,test,21,05,01,01,02,angry,4
03-01-05-01-02-01-21,C:/Users/NannanLi/Desktop/Ravdess/Audio_Speech_Actors_01-24/Actor_21/03-01-05-01-02-01-21.wav,4.0707,test,21,05,01,02,01,angry,4
03-01-05-01-02-02-21,C:/Users/NannanLi/Desktop/Ravdess/Audio_Speech_Actors_01-24/Actor_21/03-01-05-01-02-02-21.wav,3.9373,test,21,05,01,02,02,angry,4
03-01-05-02-01-01-21,C:/Users/NannanLi/Desktop/Ravdess/Audio_Speech_Actors_01-24/Actor_21/03-01-05-02-01-01-21.wav,4.371,test,21,05,02,01,01,angry,4
03-01-05-02-01-02-21,C:/Users/NannanLi/Desktop/Ravdess/Audio_Speech_Actors_01-24/Actor_21/03-01-05-02-01-02-21.wav,4.4711,test,21,05,02,01,02,angry,4
03-01-05-02-02-01-21,C:/Users/NannanLi/Desktop/Ravdess/Audio_Speech_Actors_01-24/Actor_21/03-01-05-02-02-01-21.wav,4.1041,test,21,05,02,02,01,angry,4
03-01-05-02-02-02-21,C:/Users/NannanLi/Desktop/Ravdess/Audio_Speech_Actors_01-24/Actor_21/03-01-05-02-02-02-21.wav,4.2376,test,21,05,02,02,02,angry,4
03-01-06-01-01-01-21,C:/Users/NannanLi/Desktop/Ravdess/Audio_Speech_Actors_01-24/Actor_21/03-01-06-01-01-01-21.wav,3.6703,test,21,06,01,01,01,fearful,5
03-01-06-01-01-02-21,C:/Users/NannanLi/Desktop/Ravdess/Audio_Speech_Actors_01-24/Actor_21/03-01-06-01-01-02-21.wav,3.7704,test,21,06,01,01,02,fearful,5
03-01-06-01-02-01-21,C:/Users/NannanLi/Desktop/Ravdess/Audio_Speech_Actors_01-24/Actor_21/03-01-06-01-02-01-21.wav,3.9706,test,21,06,01,02,01,fearful,5
03-01-06-01-02-02-21,C:/Users/NannanLi/Desktop/Ravdess/Audio_Speech_Actors_01-24/Actor_21/03-01-06-01-02-02-21.wav,4.0707,test,21,06,01,02,02,fearful,5
03-01-06-02-01-01-21,C:/Users/NannanLi/Desktop/Ravdess/Audio_Speech_Actors_01-24/Actor_21/03-01-06-02-01-01-21.wav,3.9706,test,21,06,02,01,01,fearful,5
03-01-06-02-01-02-21,C:/Users/NannanLi/Desktop/Ravdess/Audio_Speech_Actors_01-24/Actor_21/03-01-06-02-01-02-21.wav,3.8372,test,21,06,02,01,02,fearful,5
03-01-06-02-02-01-21,C:/Users/NannanLi/Desktop/Ravdess/Audio_Speech_Actors_01-24/Actor_21/03-01-06-02-02-01-21.wav,3.7704,test,21,06,02,02,01,fearful,5
03-01-06-02-02-02-21,C:/Users/NannanLi/Desktop/Ravdess/Audio_Speech_Actors_01-24/Actor_21/03-01-06-02-02-02-21.wav,3.637,test,21,06,02,02,02,fearful,5
03-01-07-01-01-01-21,C:/Users/NannanLi/Desktop/Ravdess/Audio_Speech_Actors_01-24/Actor_21/03-01-07-01-01-01-21.wav,3.8038,test,21,07,01,01,01,disgust,6
03-01-07-01-01-02-21,C:/Users/NannanLi/Desktop/Ravdess/Audio_Speech_Actors_01-24/Actor_21/03-01-07-01-01-02-21.wav,4.0708,test,21,07,01,01,02,disgust,6
03-01-07-01-02-01-21,C:/Users/NannanLi/Desktop/Ravdess/Audio_Speech_Actors_01-24/Actor_21/03-01-07-01-02-01-21.wav,3.637,test,21,07,01,02,01,disgust,6
03-01-07-01-02-02-21,C:/Users/NannanLi/Desktop/Ravdess/Audio_Speech_Actors_01-24/Actor_21/03-01-07-01-02-02-21.wav,3.6036,test,21,07,01,02,02,disgust,6
03-01-07-02-01-01-21,C:/Users/NannanLi/Desktop/Ravdess/Audio_Speech_Actors_01-24/Actor_21/03-01-07-02-01-01-21.wav,4.0707,test,21,07,02,01,01,disgust,6
03-01-07-02-01-02-21,C:/Users/NannanLi/Desktop/Ravdess/Audio_Speech_Actors_01-24/Actor_21/03-01-07-02-01-02-21.wav,4.0374,test,21,07,02,01,02,disgust,6
03-01-07-02-02-01-21,C:/Users/NannanLi/Desktop/Ravdess/Audio_Speech_Actors_01-24/Actor_21/03-01-07-02-02-01-21.wav,4.1708,test,21,07,02,02,01,disgust,6
03-01-07-02-02-02-21,C:/Users/NannanLi/Desktop/Ravdess/Audio_Speech_Actors_01-24/Actor_21/03-01-07-02-02-02-21.wav,3.9706,test,21,07,02,02,02,disgust,6
03-01-08-01-01-01-21,C:/Users/NannanLi/Desktop/Ravdess/Audio_Speech_Actors_01-24/Actor_21/03-01-08-01-01-01-21.wav,3.5035,test,21,08,01,01,01,surprise,7
03-01-08-01-01-02-21,C:/Users/NannanLi/Desktop/Ravdess/Audio_Speech_Actors_01-24/Actor_21/03-01-08-01-01-02-21.wav,3.4701,test,21,08,01,01,02,surprise,7
03-01-08-01-02-01-21,C:/Users/NannanLi/Desktop/Ravdess/Audio_Speech_Actors_01-24/Actor_21/03-01-08-01-02-01-21.wav,3.4701,test,21,08,01,02,01,surprise,7
03-01-08-01-02-02-21,C:/Users/NannanLi/Desktop/Ravdess/Audio_Speech_Actors_01-24/Actor_21/03-01-08-01-02-02-21.wav,3.5702,test,21,08,01,02,02,surprise,7
03-01-08-02-01-01-21,C:/Users/NannanLi/Desktop/Ravdess/Audio_Speech_Actors_01-24/Actor_21/03-01-08-02-01-01-21.wav,3.637,test,21,08,02,01,01,surprise,7
03-01-08-02-01-02-21,C:/Users/NannanLi/Desktop/Ravdess/Audio_Speech_Actors_01-24/Actor_21/03-01-08-02-01-02-21.wav,3.637,test,21,08,02,01,02,surprise,7
03-01-08-02-02-01-21,C:/Users/NannanLi/Desktop/Ravdess/Audio_Speech_Actors_01-24/Actor_21/03-01-08-02-02-01-21.wav,3.4701,test,21,08,02,02,01,surprise,7
03-01-08-02-02-02-21,C:/Users/NannanLi/Desktop/Ravdess/Audio_Speech_Actors_01-24/Actor_21/03-01-08-02-02-02-21.wav,3.5369,test,21,08,02,02,02,surprise,7
03-01-01-01-01-01-22,C:/Users/NannanLi/Desktop/Ravdess/Audio_Speech_Actors_01-24/Actor_22/03-01-01-01-01-01-22.wav,3.637,test,22,01,01,01,01,neutral,0
03-01-01-01-01-02-22,C:/Users/NannanLi/Desktop/Ravdess/Audio_Speech_Actors_01-24/Actor_22/03-01-01-01-01-02-22.wav,3.4368,test,22,01,01,01,02,neutral,0
03-01-01-01-02-01-22,C:/Users/NannanLi/Desktop/Ravdess/Audio_Speech_Actors_01-24/Actor_22/03-01-01-01-02-01-22.wav,3.6036,test,22,01,01,02,01,neutral,0
03-01-01-01-02-02-22,C:/Users/NannanLi/Desktop/Ravdess/Audio_Speech_Actors_01-24/Actor_22/03-01-01-01-02-02-22.wav,3.5369,test,22,01,01,02,02,neutral,0
03-01-02-01-01-01-22,C:/Users/NannanLi/Desktop/Ravdess/Audio_Speech_Actors_01-24/Actor_22/03-01-02-01-01-01-22.wav,3.5369,test,22,02,01,01,01,calm,1
03-01-02-01-01-02-22,C:/Users/NannanLi/Desktop/Ravdess/Audio_Speech_Actors_01-24/Actor_22/03-01-02-01-01-02-22.wav,3.5702,test,22,02,01,01,02,calm,1
03-01-02-01-02-01-22,C:/Users/NannanLi/Desktop/Ravdess/Audio_Speech_Actors_01-24/Actor_22/03-01-02-01-02-01-22.wav,3.5702,test,22,02,01,02,01,calm,1
03-01-02-01-02-02-22,C:/Users/NannanLi/Desktop/Ravdess/Audio_Speech_Actors_01-24/Actor_22/03-01-02-01-02-02-22.wav,3.5369,test,22,02,01,02,02,calm,1
03-01-02-02-01-01-22,C:/Users/NannanLi/Desktop/Ravdess/Audio_Speech_Actors_01-24/Actor_22/03-01-02-02-01-01-22.wav,3.7037,test,22,02,02,01,01,calm,1
03-01-02-02-01-02-22,C:/Users/NannanLi/Desktop/Ravdess/Audio_Speech_Actors_01-24/Actor_22/03-01-02-02-01-02-22.wav,3.8372,test,22,02,02,01,02,calm,1
03-01-02-02-02-01-22,C:/Users/NannanLi/Desktop/Ravdess/Audio_Speech_Actors_01-24/Actor_22/03-01-02-02-02-01-22.wav,3.637,test,22,02,02,02,01,calm,1
03-01-02-02-02-02-22,C:/Users/NannanLi/Desktop/Ravdess/Audio_Speech_Actors_01-24/Actor_22/03-01-02-02-02-02-22.wav,3.7704,test,22,02,02,02,02,calm,1
03-01-03-01-01-01-22,C:/Users/NannanLi/Desktop/Ravdess/Audio_Speech_Actors_01-24/Actor_22/03-01-03-01-01-01-22.wav,3.5369,test,22,03,01,01,01,happy,2
03-01-03-01-01-02-22,C:/Users/NannanLi/Desktop/Ravdess/Audio_Speech_Actors_01-24/Actor_22/03-01-03-01-01-02-22.wav,3.4368,test,22,03,01,01,02,happy,2
03-01-03-01-02-01-22,C:/Users/NannanLi/Desktop/Ravdess/Audio_Speech_Actors_01-24/Actor_22/03-01-03-01-02-01-22.wav,3.5035,test,22,03,01,02,01,happy,2
03-01-03-01-02-02-22,C:/Users/NannanLi/Desktop/Ravdess/Audio_Speech_Actors_01-24/Actor_22/03-01-03-01-02-02-22.wav,3.5035,test,22,03,01,02,02,happy,2
03-01-03-02-01-01-22,C:/Users/NannanLi/Desktop/Ravdess/Audio_Speech_Actors_01-24/Actor_22/03-01-03-02-01-01-22.wav,3.7371,test,22,03,02,01,01,happy,2
03-01-03-02-01-02-22,C:/Users/NannanLi/Desktop/Ravdess/Audio_Speech_Actors_01-24/Actor_22/03-01-03-02-01-02-22.wav,3.8372,test,22,03,02,01,02,happy,2
03-01-03-02-02-01-22,C:/Users/NannanLi/Desktop/Ravdess/Audio_Speech_Actors_01-24/Actor_22/03-01-03-02-02-01-22.wav,3.6703,test,22,03,02,02,01,happy,2
03-01-03-02-02-02-22,C:/Users/NannanLi/Desktop/Ravdess/Audio_Speech_Actors_01-24/Actor_22/03-01-03-02-02-02-22.wav,3.9373,test,22,03,02,02,02,happy,2
03-01-04-01-01-01-22,C:/Users/NannanLi/Desktop/Ravdess/Audio_Speech_Actors_01-24/Actor_22/03-01-04-01-01-01-22.wav,3.6036,test,22,04,01,01,01,sad,3
03-01-04-01-01-02-22,C:/Users/NannanLi/Desktop/Ravdess/Audio_Speech_Actors_01-24/Actor_22/03-01-04-01-01-02-22.wav,3.7037,test,22,04,01,01,02,sad,3
03-01-04-01-02-01-22,C:/Users/NannanLi/Desktop/Ravdess/Audio_Speech_Actors_01-24/Actor_22/03-01-04-01-02-01-22.wav,3.6703,test,22,04,01,02,01,sad,3
03-01-04-01-02-02-22,C:/Users/NannanLi/Desktop/Ravdess/Audio_Speech_Actors_01-24/Actor_22/03-01-04-01-02-02-22.wav,3.7037,test,22,04,01,02,02,sad,3
03-01-04-02-01-01-22,C:/Users/NannanLi/Desktop/Ravdess/Audio_Speech_Actors_01-24/Actor_22/03-01-04-02-01-01-22.wav,3.7371,test,22,04,02,01,01,sad,3
03-01-04-02-01-02-22,C:/Users/NannanLi/Desktop/Ravdess/Audio_Speech_Actors_01-24/Actor_22/03-01-04-02-01-02-22.wav,3.637,test,22,04,02,01,02,sad,3
03-01-04-02-02-01-22,C:/Users/NannanLi/Desktop/Ravdess/Audio_Speech_Actors_01-24/Actor_22/03-01-04-02-02-01-22.wav,3.7371,test,22,04,02,02,01,sad,3
03-01-04-02-02-02-22,C:/Users/NannanLi/Desktop/Ravdess/Audio_Speech_Actors_01-24/Actor_22/03-01-04-02-02-02-22.wav,3.8372,test,22,04,02,02,02,sad,3
03-01-05-01-01-01-22,C:/Users/NannanLi/Desktop/Ravdess/Audio_Speech_Actors_01-24/Actor_22/03-01-05-01-01-01-22.wav,3.7037,test,22,05,01,01,01,angry,4
03-01-05-01-01-02-22,C:/Users/NannanLi/Desktop/Ravdess/Audio_Speech_Actors_01-24/Actor_22/03-01-05-01-01-02-22.wav,3.7371,test,22,05,01,01,02,angry,4
03-01-05-01-02-01-22,C:/Users/NannanLi/Desktop/Ravdess/Audio_Speech_Actors_01-24/Actor_22/03-01-05-01-02-01-22.wav,3.8705,test,22,05,01,02,01,angry,4
03-01-05-01-02-02-22,C:/Users/NannanLi/Desktop/Ravdess/Audio_Speech_Actors_01-24/Actor_22/03-01-05-01-02-02-22.wav,4.0374,test,22,05,01,02,02,angry,4
03-01-05-02-01-01-22,C:/Users/NannanLi/Desktop/Ravdess/Audio_Speech_Actors_01-24/Actor_22/03-01-05-02-01-01-22.wav,3.8705,test,22,05,02,01,01,angry,4
03-01-05-02-01-02-22,C:/Users/NannanLi/Desktop/Ravdess/Audio_Speech_Actors_01-24/Actor_22/03-01-05-02-01-02-22.wav,3.9039,test,22,05,02,01,02,angry,4
03-01-05-02-02-01-22,C:/Users/NannanLi/Desktop/Ravdess/Audio_Speech_Actors_01-24/Actor_22/03-01-05-02-02-01-22.wav,4.2376,test,22,05,02,02,01,angry,4
03-01-05-02-02-02-22,C:/Users/NannanLi/Desktop/Ravdess/Audio_Speech_Actors_01-24/Actor_22/03-01-05-02-02-02-22.wav,4.2042,test,22,05,02,02,02,angry,4
03-01-06-01-01-01-22,C:/Users/NannanLi/Desktop/Ravdess/Audio_Speech_Actors_01-24/Actor_22/03-01-06-01-01-01-22.wav,3.5703,test,22,06,01,01,01,fearful,5
03-01-06-01-01-02-22,C:/Users/NannanLi/Desktop/Ravdess/Audio_Speech_Actors_01-24/Actor_22/03-01-06-01-01-02-22.wav,3.6036,test,22,06,01,01,02,fearful,5
03-01-06-01-02-01-22,C:/Users/NannanLi/Desktop/Ravdess/Audio_Speech_Actors_01-24/Actor_22/03-01-06-01-02-01-22.wav,3.6703,test,22,06,01,02,01,fearful,5
03-01-06-01-02-02-22,C:/Users/NannanLi/Desktop/Ravdess/Audio_Speech_Actors_01-24/Actor_22/03-01-06-01-02-02-22.wav,3.5369,test,22,06,01,02,02,fearful,5
03-01-06-02-01-01-22,C:/Users/NannanLi/Desktop/Ravdess/Audio_Speech_Actors_01-24/Actor_22/03-01-06-02-01-01-22.wav,3.5702,test,22,06,02,01,01,fearful,5
03-01-06-02-01-02-22,C:/Users/NannanLi/Desktop/Ravdess/Audio_Speech_Actors_01-24/Actor_22/03-01-06-02-01-02-22.wav,3.5702,test,22,06,02,01,02,fearful,5
03-01-06-02-02-01-22,C:/Users/NannanLi/Desktop/Ravdess/Audio_Speech_Actors_01-24/Actor_22/03-01-06-02-02-01-22.wav,3.6703,test,22,06,02,02,01,fearful,5
03-01-06-02-02-02-22,C:/Users/NannanLi/Desktop/Ravdess/Audio_Speech_Actors_01-24/Actor_22/03-01-06-02-02-02-22.wav,3.6036,test,22,06,02,02,02,fearful,5
03-01-07-01-01-01-22,C:/Users/NannanLi/Desktop/Ravdess/Audio_Speech_Actors_01-24/Actor_22/03-01-07-01-01-01-22.wav,3.7037,test,22,07,01,01,01,disgust,6
03-01-07-01-01-02-22,C:/Users/NannanLi/Desktop/Ravdess/Audio_Speech_Actors_01-24/Actor_22/03-01-07-01-01-02-22.wav,3.9039,test,22,07,01,01,02,disgust,6
03-01-07-01-02-01-22,C:/Users/NannanLi/Desktop/Ravdess/Audio_Speech_Actors_01-24/Actor_22/03-01-07-01-02-01-22.wav,3.8038,test,22,07,01,02,01,disgust,6
03-01-07-01-02-02-22,C:/Users/NannanLi/Desktop/Ravdess/Audio_Speech_Actors_01-24/Actor_22/03-01-07-01-02-02-22.wav,3.8372,test,22,07,01,02,02,disgust,6
03-01-07-02-01-01-22,C:/Users/NannanLi/Desktop/Ravdess/Audio_Speech_Actors_01-24/Actor_22/03-01-07-02-01-01-22.wav,4.2376,test,22,07,02,01,01,disgust,6
03-01-07-02-01-02-22,C:/Users/NannanLi/Desktop/Ravdess/Audio_Speech_Actors_01-24/Actor_22/03-01-07-02-01-02-22.wav,4.1708,test,22,07,02,01,02,disgust,6
03-01-07-02-02-01-22,C:/Users/NannanLi/Desktop/Ravdess/Audio_Speech_Actors_01-24/Actor_22/03-01-07-02-02-01-22.wav,4.2042,test,22,07,02,02,01,disgust,6
03-01-07-02-02-02-22,C:/Users/NannanLi/Desktop/Ravdess/Audio_Speech_Actors_01-24/Actor_22/03-01-07-02-02-02-22.wav,4.1041,test,22,07,02,02,02,disgust,6
03-01-08-01-01-01-22,C:/Users/NannanLi/Desktop/Ravdess/Audio_Speech_Actors_01-24/Actor_22/03-01-08-01-01-01-22.wav,3.5369,test,22,08,01,01,01,surprise,7
03-01-08-01-01-02-22,C:/Users/NannanLi/Desktop/Ravdess/Audio_Speech_Actors_01-24/Actor_22/03-01-08-01-01-02-22.wav,3.5702,test,22,08,01,01,02,surprise,7
03-01-08-01-02-01-22,C:/Users/NannanLi/Desktop/Ravdess/Audio_Speech_Actors_01-24/Actor_22/03-01-08-01-02-01-22.wav,3.4368,test,22,08,01,02,01,surprise,7
03-01-08-01-02-02-22,C:/Users/NannanLi/Desktop/Ravdess/Audio_Speech_Actors_01-24/Actor_22/03-01-08-01-02-02-22.wav,3.6036,test,22,08,01,02,02,surprise,7
03-01-08-02-01-01-22,C:/Users/NannanLi/Desktop/Ravdess/Audio_Speech_Actors_01-24/Actor_22/03-01-08-02-01-01-22.wav,3.5702,test,22,08,02,01,01,surprise,7
03-01-08-02-01-02-22,C:/Users/NannanLi/Desktop/Ravdess/Audio_Speech_Actors_01-24/Actor_22/03-01-08-02-01-02-22.wav,3.7371,test,22,08,02,01,02,surprise,7
03-01-08-02-02-01-22,C:/Users/NannanLi/Desktop/Ravdess/Audio_Speech_Actors_01-24/Actor_22/03-01-08-02-02-01-22.wav,3.7037,test,22,08,02,02,01,surprise,7
03-01-08-02-02-02-22,C:/Users/NannanLi/Desktop/Ravdess/Audio_Speech_Actors_01-24/Actor_22/03-01-08-02-02-02-22.wav,3.637,test,22,08,02,02,02,surprise,7
03-01-01-01-01-01-23,C:/Users/NannanLi/Desktop/Ravdess/Audio_Speech_Actors_01-24/Actor_23/03-01-01-01-01-01-23.wav,3.8038,test,23,01,01,01,01,neutral,0
03-01-01-01-01-02-23,C:/Users/NannanLi/Desktop/Ravdess/Audio_Speech_Actors_01-24/Actor_23/03-01-01-01-01-02-23.wav,3.7371,test,23,01,01,01,02,neutral,0
03-01-01-01-02-01-23,C:/Users/NannanLi/Desktop/Ravdess/Audio_Speech_Actors_01-24/Actor_23/03-01-01-01-02-01-23.wav,3.6703,test,23,01,01,02,01,neutral,0
03-01-01-01-02-02-23,C:/Users/NannanLi/Desktop/Ravdess/Audio_Speech_Actors_01-24/Actor_23/03-01-01-01-02-02-23.wav,3.8372,test,23,01,01,02,02,neutral,0
03-01-02-01-01-01-23,C:/Users/NannanLi/Desktop/Ravdess/Audio_Speech_Actors_01-24/Actor_23/03-01-02-01-01-01-23.wav,3.9706,test,23,02,01,01,01,calm,1
03-01-02-01-01-02-23,C:/Users/NannanLi/Desktop/Ravdess/Audio_Speech_Actors_01-24/Actor_23/03-01-02-01-01-02-23.wav,4.0707,test,23,02,01,01,02,calm,1
03-01-02-01-02-01-23,C:/Users/NannanLi/Desktop/Ravdess/Audio_Speech_Actors_01-24/Actor_23/03-01-02-01-02-01-23.wav,4.1708,test,23,02,01,02,01,calm,1
03-01-02-01-02-02-23,C:/Users/NannanLi/Desktop/Ravdess/Audio_Speech_Actors_01-24/Actor_23/03-01-02-01-02-02-23.wav,4.004,test,23,02,01,02,02,calm,1
03-01-02-02-01-01-23,C:/Users/NannanLi/Desktop/Ravdess/Audio_Speech_Actors_01-24/Actor_23/03-01-02-02-01-01-23.wav,4.6046,test,23,02,02,01,01,calm,1
03-01-02-02-01-02-23,C:/Users/NannanLi/Desktop/Ravdess/Audio_Speech_Actors_01-24/Actor_23/03-01-02-02-01-02-23.wav,4.6046,test,23,02,02,01,02,calm,1
03-01-02-02-02-01-23,C:/Users/NannanLi/Desktop/Ravdess/Audio_Speech_Actors_01-24/Actor_23/03-01-02-02-02-01-23.wav,4.1041,test,23,02,02,02,01,calm,1
03-01-02-02-02-02-23,C:/Users/NannanLi/Desktop/Ravdess/Audio_Speech_Actors_01-24/Actor_23/03-01-02-02-02-02-23.wav,4.5712,test,23,02,02,02,02,calm,1
03-01-03-01-01-01-23,C:/Users/NannanLi/Desktop/Ravdess/Audio_Speech_Actors_01-24/Actor_23/03-01-03-01-01-01-23.wav,3.3367,test,23,03,01,01,01,happy,2
03-01-03-01-01-02-23,C:/Users/NannanLi/Desktop/Ravdess/Audio_Speech_Actors_01-24/Actor_23/03-01-03-01-01-02-23.wav,3.2699,test,23,03,01,01,02,happy,2
03-01-03-01-02-01-23,C:/Users/NannanLi/Desktop/Ravdess/Audio_Speech_Actors_01-24/Actor_23/03-01-03-01-02-01-23.wav,3.2366,test,23,03,01,02,01,happy,2
03-01-03-01-02-02-23,C:/Users/NannanLi/Desktop/Ravdess/Audio_Speech_Actors_01-24/Actor_23/03-01-03-01-02-02-23.wav,3.2699,test,23,03,01,02,02,happy,2
03-01-03-02-01-01-23,C:/Users/NannanLi/Desktop/Ravdess/Audio_Speech_Actors_01-24/Actor_23/03-01-03-02-01-01-23.wav,3.2366,test,23,03,02,01,01,happy,2
03-01-03-02-01-02-23,C:/Users/NannanLi/Desktop/Ravdess/Audio_Speech_Actors_01-24/Actor_23/03-01-03-02-01-02-23.wav,3.2032,test,23,03,02,01,02,happy,2
03-01-03-02-02-01-23,C:/Users/NannanLi/Desktop/Ravdess/Audio_Speech_Actors_01-24/Actor_23/03-01-03-02-02-01-23.wav,3.2366,test,23,03,02,02,01,happy,2
03-01-03-02-02-02-23,C:/Users/NannanLi/Desktop/Ravdess/Audio_Speech_Actors_01-24/Actor_23/03-01-03-02-02-02-23.wav,3.2366,test,23,03,02,02,02,happy,2
03-01-04-01-01-01-23,C:/Users/NannanLi/Desktop/Ravdess/Audio_Speech_Actors_01-24/Actor_23/03-01-04-01-01-01-23.wav,3.6036,test,23,04,01,01,01,sad,3
03-01-04-01-01-02-23,C:/Users/NannanLi/Desktop/Ravdess/Audio_Speech_Actors_01-24/Actor_23/03-01-04-01-01-02-23.wav,3.8705,test,23,04,01,01,02,sad,3
03-01-04-01-02-01-23,C:/Users/NannanLi/Desktop/Ravdess/Audio_Speech_Actors_01-24/Actor_23/03-01-04-01-02-01-23.wav,3.5702,test,23,04,01,02,01,sad,3
03-01-04-01-02-02-23,C:/Users/NannanLi/Desktop/Ravdess/Audio_Speech_Actors_01-24/Actor_23/03-01-04-01-02-02-23.wav,3.6703,test,23,04,01,02,02,sad,3
03-01-04-02-01-01-23,C:/Users/NannanLi/Desktop/Ravdess/Audio_Speech_Actors_01-24/Actor_23/03-01-04-02-01-01-23.wav,4.2709,test,23,04,02,01,01,sad,3
03-01-04-02-01-02-23,C:/Users/NannanLi/Desktop/Ravdess/Audio_Speech_Actors_01-24/Actor_23/03-01-04-02-01-02-23.wav,4.371,test,23,04,02,01,02,sad,3
03-01-04-02-02-01-23,C:/Users/NannanLi/Desktop/Ravdess/Audio_Speech_Actors_01-24/Actor_23/03-01-04-02-02-01-23.wav,3.9373,test,23,04,02,02,01,sad,3
03-01-04-02-02-02-23,C:/Users/NannanLi/Desktop/Ravdess/Audio_Speech_Actors_01-24/Actor_23/03-01-04-02-02-02-23.wav,4.7381,test,23,04,02,02,02,sad,3
03-01-05-01-01-01-23,C:/Users/NannanLi/Desktop/Ravdess/Audio_Speech_Actors_01-24/Actor_23/03-01-05-01-01-01-23.wav,3.3033,test,23,05,01,01,01,angry,4
03-01-05-01-01-02-23,C:/Users/NannanLi/Desktop/Ravdess/Audio_Speech_Actors_01-24/Actor_23/03-01-05-01-01-02-23.wav,3.3033,test,23,05,01,01,02,angry,4
03-01-05-01-02-01-23,C:/Users/NannanLi/Desktop/Ravdess/Audio_Speech_Actors_01-24/Actor_23/03-01-05-01-02-01-23.wav,3.2699,test,23,05,01,02,01,angry,4
03-01-05-01-02-02-23,C:/Users/NannanLi/Desktop/Ravdess/Audio_Speech_Actors_01-24/Actor_23/03-01-05-01-02-02-23.wav,3.3367,test,23,05,01,02,02,angry,4
03-01-05-02-01-01-23,C:/Users/NannanLi/Desktop/Ravdess/Audio_Speech_Actors_01-24/Actor_23/03-01-05-02-01-01-23.wav,3.4034,test,23,05,02,01,01,angry,4
03-01-05-02-01-02-23,C:/Users/NannanLi/Desktop/Ravdess/Audio_Speech_Actors_01-24/Actor_23/03-01-05-02-01-02-23.wav,3.3367,test,23,05,02,01,02,angry,4
03-01-05-02-02-01-23,C:/Users/NannanLi/Desktop/Ravdess/Audio_Speech_Actors_01-24/Actor_23/03-01-05-02-02-01-23.wav,3.2366,test,23,05,02,02,01,angry,4
03-01-05-02-02-02-23,C:/Users/NannanLi/Desktop/Ravdess/Audio_Speech_Actors_01-24/Actor_23/03-01-05-02-02-02-23.wav,3.3033,test,23,05,02,02,02,angry,4
03-01-06-01-01-01-23,C:/Users/NannanLi/Desktop/Ravdess/Audio_Speech_Actors_01-24/Actor_23/03-01-06-01-01-01-23.wav,3.4368,test,23,06,01,01,01,fearful,5
03-01-06-01-01-02-23,C:/Users/NannanLi/Desktop/Ravdess/Audio_Speech_Actors_01-24/Actor_23/03-01-06-01-01-02-23.wav,3.2366,test,23,06,01,01,02,fearful,5
03-01-06-01-02-01-23,C:/Users/NannanLi/Desktop/Ravdess/Audio_Speech_Actors_01-24/Actor_23/03-01-06-01-02-01-23.wav,3.1365,test,23,06,01,02,01,fearful,5
03-01-06-01-02-02-23,C:/Users/NannanLi/Desktop/Ravdess/Audio_Speech_Actors_01-24/Actor_23/03-01-06-01-02-02-23.wav,3.1031,test,23,06,01,02,02,fearful,5
03-01-06-02-01-01-23,C:/Users/NannanLi/Desktop/Ravdess/Audio_Speech_Actors_01-24/Actor_23/03-01-06-02-01-01-23.wav,3.5702,test,23,06,02,01,01,fearful,5
03-01-06-02-01-02-23,C:/Users/NannanLi/Desktop/Ravdess/Audio_Speech_Actors_01-24/Actor_23/03-01-06-02-01-02-23.wav,3.4368,test,23,06,02,01,02,fearful,5
03-01-06-02-02-01-23,C:/Users/NannanLi/Desktop/Ravdess/Audio_Speech_Actors_01-24/Actor_23/03-01-06-02-02-01-23.wav,3.5703,test,23,06,02,02,01,fearful,5
03-01-06-02-02-02-23,C:/Users/NannanLi/Desktop/Ravdess/Audio_Speech_Actors_01-24/Actor_23/03-01-06-02-02-02-23.wav,3.5369,test,23,06,02,02,02,fearful,5
03-01-07-01-01-01-23,C:/Users/NannanLi/Desktop/Ravdess/Audio_Speech_Actors_01-24/Actor_23/03-01-07-01-01-01-23.wav,3.5702,test,23,07,01,01,01,disgust,6
03-01-07-01-01-02-23,C:/Users/NannanLi/Desktop/Ravdess/Audio_Speech_Actors_01-24/Actor_23/03-01-07-01-01-02-23.wav,3.5702,test,23,07,01,01,02,disgust,6
03-01-07-01-02-01-23,C:/Users/NannanLi/Desktop/Ravdess/Audio_Speech_Actors_01-24/Actor_23/03-01-07-01-02-01-23.wav,3.4701,test,23,07,01,02,01,disgust,6
03-01-07-01-02-02-23,C:/Users/NannanLi/Desktop/Ravdess/Audio_Speech_Actors_01-24/Actor_23/03-01-07-01-02-02-23.wav,3.3367,test,23,07,01,02,02,disgust,6
03-01-07-02-01-01-23,C:/Users/NannanLi/Desktop/Ravdess/Audio_Speech_Actors_01-24/Actor_23/03-01-07-02-01-01-23.wav,4.0707,test,23,07,02,01,01,disgust,6
03-01-07-02-01-02-23,C:/Users/NannanLi/Desktop/Ravdess/Audio_Speech_Actors_01-24/Actor_23/03-01-07-02-01-02-23.wav,3.8705,test,23,07,02,01,02,disgust,6
03-01-07-02-02-01-23,C:/Users/NannanLi/Desktop/Ravdess/Audio_Speech_Actors_01-24/Actor_23/03-01-07-02-02-01-23.wav,3.7371,test,23,07,02,02,01,disgust,6
03-01-07-02-02-02-23,C:/Users/NannanLi/Desktop/Ravdess/Audio_Speech_Actors_01-24/Actor_23/03-01-07-02-02-02-23.wav,3.8705,test,23,07,02,02,02,disgust,6
03-01-08-01-01-01-23,C:/Users/NannanLi/Desktop/Ravdess/Audio_Speech_Actors_01-24/Actor_23/03-01-08-01-01-01-23.wav,3.2699,test,23,08,01,01,01,surprise,7
03-01-08-01-01-02-23,C:/Users/NannanLi/Desktop/Ravdess/Audio_Speech_Actors_01-24/Actor_23/03-01-08-01-01-02-23.wav,3.2366,test,23,08,01,01,02,surprise,7
03-01-08-01-02-01-23,C:/Users/NannanLi/Desktop/Ravdess/Audio_Speech_Actors_01-24/Actor_23/03-01-08-01-02-01-23.wav,3.3033,test,23,08,01,02,01,surprise,7
03-01-08-01-02-02-23,C:/Users/NannanLi/Desktop/Ravdess/Audio_Speech_Actors_01-24/Actor_23/03-01-08-01-02-02-23.wav,3.3033,test,23,08,01,02,02,surprise,7
03-01-08-02-01-01-23,C:/Users/NannanLi/Desktop/Ravdess/Audio_Speech_Actors_01-24/Actor_23/03-01-08-02-01-01-23.wav,3.5035,test,23,08,02,01,01,surprise,7
03-01-08-02-01-02-23,C:/Users/NannanLi/Desktop/Ravdess/Audio_Speech_Actors_01-24/Actor_23/03-01-08-02-01-02-23.wav,3.37,test,23,08,02,01,02,surprise,7
03-01-08-02-02-01-23,C:/Users/NannanLi/Desktop/Ravdess/Audio_Speech_Actors_01-24/Actor_23/03-01-08-02-02-01-23.wav,3.3367,test,23,08,02,02,01,surprise,7
03-01-08-02-02-02-23,C:/Users/NannanLi/Desktop/Ravdess/Audio_Speech_Actors_01-24/Actor_23/03-01-08-02-02-02-23.wav,3.3033,test,23,08,02,02,02,surprise,7
03-01-01-01-01-01-24,C:/Users/NannanLi/Desktop/Ravdess/Audio_Speech_Actors_01-24/Actor_24/03-01-01-01-01-01-24.wav,3.7037,test,24,01,01,01,01,neutral,0
03-01-01-01-01-02-24,C:/Users/NannanLi/Desktop/Ravdess/Audio_Speech_Actors_01-24/Actor_24/03-01-01-01-01-02-24.wav,3.637,test,24,01,01,01,02,neutral,0
03-01-01-01-02-01-24,C:/Users/NannanLi/Desktop/Ravdess/Audio_Speech_Actors_01-24/Actor_24/03-01-01-01-02-01-24.wav,3.637,test,24,01,01,02,01,neutral,0
03-01-01-01-02-02-24,C:/Users/NannanLi/Desktop/Ravdess/Audio_Speech_Actors_01-24/Actor_24/03-01-01-01-02-02-24.wav,3.6036,test,24,01,01,02,02,neutral,0
03-01-02-01-01-01-24,C:/Users/NannanLi/Desktop/Ravdess/Audio_Speech_Actors_01-24/Actor_24/03-01-02-01-01-01-24.wav,3.5702,test,24,02,01,01,01,calm,1
03-01-02-01-01-02-24,C:/Users/NannanLi/Desktop/Ravdess/Audio_Speech_Actors_01-24/Actor_24/03-01-02-01-01-02-24.wav,3.5035,test,24,02,01,01,02,calm,1
03-01-02-01-02-01-24,C:/Users/NannanLi/Desktop/Ravdess/Audio_Speech_Actors_01-24/Actor_24/03-01-02-01-02-01-24.wav,3.8705,test,24,02,01,02,01,calm,1
03-01-02-01-02-02-24,C:/Users/NannanLi/Desktop/Ravdess/Audio_Speech_Actors_01-24/Actor_24/03-01-02-01-02-02-24.wav,3.7037,test,24,02,01,02,02,calm,1
03-01-02-02-01-01-24,C:/Users/NannanLi/Desktop/Ravdess/Audio_Speech_Actors_01-24/Actor_24/03-01-02-02-01-01-24.wav,4.1041,test,24,02,02,01,01,calm,1
03-01-02-02-01-02-24,C:/Users/NannanLi/Desktop/Ravdess/Audio_Speech_Actors_01-24/Actor_24/03-01-02-02-01-02-24.wav,4.0707,test,24,02,02,01,02,calm,1
03-01-02-02-02-01-24,C:/Users/NannanLi/Desktop/Ravdess/Audio_Speech_Actors_01-24/Actor_24/03-01-02-02-02-01-24.wav,4.0374,test,24,02,02,02,01,calm,1
03-01-02-02-02-02-24,C:/Users/NannanLi/Desktop/Ravdess/Audio_Speech_Actors_01-24/Actor_24/03-01-02-02-02-02-24.wav,4.1041,test,24,02,02,02,02,calm,1
03-01-03-01-01-01-24,C:/Users/NannanLi/Desktop/Ravdess/Audio_Speech_Actors_01-24/Actor_24/03-01-03-01-01-01-24.wav,3.6036,test,24,03,01,01,01,happy,2
03-01-03-01-01-02-24,C:/Users/NannanLi/Desktop/Ravdess/Audio_Speech_Actors_01-24/Actor_24/03-01-03-01-01-02-24.wav,3.9039,test,24,03,01,01,02,happy,2
03-01-03-01-02-01-24,C:/Users/NannanLi/Desktop/Ravdess/Audio_Speech_Actors_01-24/Actor_24/03-01-03-01-02-01-24.wav,3.5035,test,24,03,01,02,01,happy,2
03-01-03-01-02-02-24,C:/Users/NannanLi/Desktop/Ravdess/Audio_Speech_Actors_01-24/Actor_24/03-01-03-01-02-02-24.wav,3.7371,test,24,03,01,02,02,happy,2
03-01-03-02-01-01-24,C:/Users/NannanLi/Desktop/Ravdess/Audio_Speech_Actors_01-24/Actor_24/03-01-03-02-01-01-24.wav,4.004,test,24,03,02,01,01,happy,2
03-01-03-02-01-02-24,C:/Users/NannanLi/Desktop/Ravdess/Audio_Speech_Actors_01-24/Actor_24/03-01-03-02-01-02-24.wav,3.7704,test,24,03,02,01,02,happy,2
03-01-03-02-02-01-24,C:/Users/NannanLi/Desktop/Ravdess/Audio_Speech_Actors_01-24/Actor_24/03-01-03-02-02-01-24.wav,3.8705,test,24,03,02,02,01,happy,2
03-01-03-02-02-02-24,C:/Users/NannanLi/Desktop/Ravdess/Audio_Speech_Actors_01-24/Actor_24/03-01-03-02-02-02-24.wav,3.8705,test,24,03,02,02,02,happy,2
03-01-04-01-01-01-24,C:/Users/NannanLi/Desktop/Ravdess/Audio_Speech_Actors_01-24/Actor_24/03-01-04-01-01-01-24.wav,4.1041,test,24,04,01,01,01,sad,3
03-01-04-01-01-02-24,C:/Users/NannanLi/Desktop/Ravdess/Audio_Speech_Actors_01-24/Actor_24/03-01-04-01-01-02-24.wav,3.9706,test,24,04,01,01,02,sad,3
03-01-04-01-02-01-24,C:/Users/NannanLi/Desktop/Ravdess/Audio_Speech_Actors_01-24/Actor_24/03-01-04-01-02-01-24.wav,3.5369,test,24,04,01,02,01,sad,3
03-01-04-01-02-02-24,C:/Users/NannanLi/Desktop/Ravdess/Audio_Speech_Actors_01-24/Actor_24/03-01-04-01-02-02-24.wav,3.8372,test,24,04,01,02,02,sad,3
03-01-04-02-01-01-24,C:/Users/NannanLi/Desktop/Ravdess/Audio_Speech_Actors_01-24/Actor_24/03-01-04-02-01-01-24.wav,4.4044,test,24,04,02,01,01,sad,3
03-01-04-02-01-02-24,C:/Users/NannanLi/Desktop/Ravdess/Audio_Speech_Actors_01-24/Actor_24/03-01-04-02-01-02-24.wav,4.5713,test,24,04,02,01,02,sad,3
03-01-04-02-02-01-24,C:/Users/NannanLi/Desktop/Ravdess/Audio_Speech_Actors_01-24/Actor_24/03-01-04-02-02-01-24.wav,4.2042,test,24,04,02,02,01,sad,3
03-01-04-02-02-02-24,C:/Users/NannanLi/Desktop/Ravdess/Audio_Speech_Actors_01-24/Actor_24/03-01-04-02-02-02-24.wav,4.6713,test,24,04,02,02,02,sad,3
03-01-05-01-01-01-24,C:/Users/NannanLi/Desktop/Ravdess/Audio_Speech_Actors_01-24/Actor_24/03-01-05-01-01-01-24.wav,4.1041,test,24,05,01,01,01,angry,4
03-01-05-01-01-02-24,C:/Users/NannanLi/Desktop/Ravdess/Audio_Speech_Actors_01-24/Actor_24/03-01-05-01-01-02-24.wav,3.7371,test,24,05,01,01,02,angry,4
03-01-05-01-02-01-24,C:/Users/NannanLi/Desktop/Ravdess/Audio_Speech_Actors_01-24/Actor_24/03-01-05-01-02-01-24.wav,3.6703,test,24,05,01,02,01,angry,4
03-01-05-01-02-02-24,C:/Users/NannanLi/Desktop/Ravdess/Audio_Speech_Actors_01-24/Actor_24/03-01-05-01-02-02-24.wav,4.2042,test,24,05,01,02,02,angry,4
03-01-05-02-01-01-24,C:/Users/NannanLi/Desktop/Ravdess/Audio_Speech_Actors_01-24/Actor_24/03-01-05-02-01-01-24.wav,4.371,test,24,05,02,01,01,angry,4
03-01-05-02-01-02-24,C:/Users/NannanLi/Desktop/Ravdess/Audio_Speech_Actors_01-24/Actor_24/03-01-05-02-01-02-24.wav,4.371,test,24,05,02,01,02,angry,4
03-01-05-02-02-01-24,C:/Users/NannanLi/Desktop/Ravdess/Audio_Speech_Actors_01-24/Actor_24/03-01-05-02-02-01-24.wav,4.1708,test,24,05,02,02,01,angry,4
03-01-05-02-02-02-24,C:/Users/NannanLi/Desktop/Ravdess/Audio_Speech_Actors_01-24/Actor_24/03-01-05-02-02-02-24.wav,5.1051,test,24,05,02,02,02,angry,4
03-01-06-01-01-01-24,C:/Users/NannanLi/Desktop/Ravdess/Audio_Speech_Actors_01-24/Actor_24/03-01-06-01-01-01-24.wav,4.1041,test,24,06,01,01,01,fearful,5
03-01-06-01-01-02-24,C:/Users/NannanLi/Desktop/Ravdess/Audio_Speech_Actors_01-24/Actor_24/03-01-06-01-01-02-24.wav,4.0707,test,24,06,01,01,02,fearful,5
03-01-06-01-02-01-24,C:/Users/NannanLi/Desktop/Ravdess/Audio_Speech_Actors_01-24/Actor_24/03-01-06-01-02-01-24.wav,3.9373,test,24,06,01,02,01,fearful,5
03-01-06-01-02-02-24,C:/Users/NannanLi/Desktop/Ravdess/Audio_Speech_Actors_01-24/Actor_24/03-01-06-01-02-02-24.wav,4.004,test,24,06,01,02,02,fearful,5
03-01-06-02-01-01-24,C:/Users/NannanLi/Desktop/Ravdess/Audio_Speech_Actors_01-24/Actor_24/03-01-06-02-01-01-24.wav,3.8372,test,24,06,02,01,01,fearful,5
03-01-06-02-01-02-24,C:/Users/NannanLi/Desktop/Ravdess/Audio_Speech_Actors_01-24/Actor_24/03-01-06-02-01-02-24.wav,4.0707,test,24,06,02,01,02,fearful,5
03-01-06-02-02-01-24,C:/Users/NannanLi/Desktop/Ravdess/Audio_Speech_Actors_01-24/Actor_24/03-01-06-02-02-01-24.wav,3.6036,test,24,06,02,02,01,fearful,5
03-01-06-02-02-02-24,C:/Users/NannanLi/Desktop/Ravdess/Audio_Speech_Actors_01-24/Actor_24/03-01-06-02-02-02-24.wav,3.8372,test,24,06,02,02,02,fearful,5
03-01-07-01-01-01-24,C:/Users/NannanLi/Desktop/Ravdess/Audio_Speech_Actors_01-24/Actor_24/03-01-07-01-01-01-24.wav,4.3043,test,24,07,01,01,01,disgust,6
03-01-07-01-01-02-24,C:/Users/NannanLi/Desktop/Ravdess/Audio_Speech_Actors_01-24/Actor_24/03-01-07-01-01-02-24.wav,4.1041,test,24,07,01,01,02,disgust,6
03-01-07-01-02-01-24,C:/Users/NannanLi/Desktop/Ravdess/Audio_Speech_Actors_01-24/Actor_24/03-01-07-01-02-01-24.wav,4.004,test,24,07,01,02,01,disgust,6
03-01-07-01-02-02-24,C:/Users/NannanLi/Desktop/Ravdess/Audio_Speech_Actors_01-24/Actor_24/03-01-07-01-02-02-24.wav,4.0707,test,24,07,01,02,02,disgust,6
03-01-07-02-01-01-24,C:/Users/NannanLi/Desktop/Ravdess/Audio_Speech_Actors_01-24/Actor_24/03-01-07-02-01-01-24.wav,4.3377,test,24,07,02,01,01,disgust,6
03-01-07-02-01-02-24,C:/Users/NannanLi/Desktop/Ravdess/Audio_Speech_Actors_01-24/Actor_24/03-01-07-02-01-02-24.wav,4.638,test,24,07,02,01,02,disgust,6
03-01-07-02-02-01-24,C:/Users/NannanLi/Desktop/Ravdess/Audio_Speech_Actors_01-24/Actor_24/03-01-07-02-02-01-24.wav,4.2376,test,24,07,02,02,01,disgust,6
03-01-07-02-02-02-24,C:/Users/NannanLi/Desktop/Ravdess/Audio_Speech_Actors_01-24/Actor_24/03-01-07-02-02-02-24.wav,4.4378,test,24,07,02,02,02,disgust,6
03-01-08-01-01-01-24,C:/Users/NannanLi/Desktop/Ravdess/Audio_Speech_Actors_01-24/Actor_24/03-01-08-01-01-01-24.wav,3.3033,test,24,08,01,01,01,surprise,7
03-01-08-01-01-02-24,C:/Users/NannanLi/Desktop/Ravdess/Audio_Speech_Actors_01-24/Actor_24/03-01-08-01-01-02-24.wav,3.4701,test,24,08,01,01,02,surprise,7
03-01-08-01-02-01-24,C:/Users/NannanLi/Desktop/Ravdess/Audio_Speech_Actors_01-24/Actor_24/03-01-08-01-02-01-24.wav,3.37,test,24,08,01,02,01,surprise,7
03-01-08-01-02-02-24,C:/Users/NannanLi/Desktop/Ravdess/Audio_Speech_Actors_01-24/Actor_24/03-01-08-01-02-02-24.wav,3.4034,test,24,08,01,02,02,surprise,7
03-01-08-02-01-01-24,C:/Users/NannanLi/Desktop/Ravdess/Audio_Speech_Actors_01-24/Actor_24/03-01-08-02-01-01-24.wav,3.9373,test,24,08,02,01,01,surprise,7
03-01-08-02-01-02-24,C:/Users/NannanLi/Desktop/Ravdess/Audio_Speech_Actors_01-24/Actor_24/03-01-08-02-01-02-24.wav,3.9706,test,24,08,02,01,02,surprise,7
03-01-08-02-02-01-24,C:/Users/NannanLi/Desktop/Ravdess/Audio_Speech_Actors_01-24/Actor_24/03-01-08-02-02-01-24.wav,3.6703,test,24,08,02,02,01,surprise,7
03-01-08-02-02-02-24,C:/Users/NannanLi/Desktop/Ravdess/Audio_Speech_Actors_01-24/Actor_24/03-01-08-02-02-02-24.wav,3.637,test,24,08,02,02,02,surprise,7
