av_key,split,actor_id,label_id,label_name,emotion_code,audio_sample_id,audio_path,video_sample_id,video_path
01-01-01-01-01-01,train,1,0,neutral,01,03-01-01-01-01-01-01,data/raw/ravdess/audio_speech/Audio_Speech_Actors_01-24/Actor_01/03-01-01-01-01-01-01.wav,02-01-01-01-01-01-01,data/raw/ravdess/video_speech/Video_Speech_Actor_01/Actor_01/02-01-01-01-01-01-01.mp4
01-01-01-01-02-01,train,1,0,neutral,01,03-01-01-01-01-02-01,data/raw/ravdess/audio_speech/Audio_Speech_Actors_01-24/Actor_01/03-01-01-01-01-02-01.wav,02-01-01-01-01-02-01,data/raw/ravdess/video_speech/Video_Speech_Actor_01/Actor_01/02-01-01-01-01-02-01.mp4
01-01-01-02-01-01,train,1,0,neutral,01,03-01-01-01-02-01-01,data/raw/ravdess/audio_speech/Audio_Speech_Actors_01-24/Actor_01/03-01-01-01-02-01-01.wav,02-01-01-01-02-01-01,data/raw/ravdess/video_speech/Video_Speech_Actor_01/Actor_01/02-01-01-01-02-01-01.mp4
01-01-01-02-02-01,train,1,0,neutral,01,03-01-01-01-02-02-01,data/raw/ravdess/audio_speech/Audio_Speech_Actors_01-24/Actor_01/03-01-01-01-02-02-01.wav,02-01-01-01-02-02-01,data/raw/ravdess/video_speech/Video_Speech_Actor_01/Actor_01/02-01-01-01-02-02-01.mp4
01-02-01-01-01-01,train,1,1,calm,02,03-01-02-01-01-01-01,data/raw/ravdess/audio_speech/Audio_Speech_Actors_01-24/Actor_01/03-01-02-01-01-01-01.wav,02-01-02-01-01-01-01,data/raw/ravdess/video_speech/Video_Speech_Actor_01/Actor_01/02-01-02-01-01-01-01.mp4
01-02-01-01-02-01,train,1,1,calm,02,03-01-02-01-01-02-01,data/raw/ravdess/audio_speech/Audio_Speech_Actors_01-24/Actor_01/03-01-02-01-01-02-01.wav,02-01-02-01-01-02-01,data/raw/ravdess/video_speech/Video_Speech_Actor_01/Actor_01/02-01-02-01-01-02-01.mp4
01-02-01-02-01-01,train,1,1,calm,02,03-01-02-01-02-01-01,data/raw/ravdess/audio_speech/Audio_Speech_Actors_01-24/Actor_01/03-01-02-01-02-01-01.wav,02-01-02-01-02-01-01,data/raw/ravdess/video_speech/Video_Speech_Actor_01/Actor_01/02-01-02-01-02-01-01.mp4
01-02-01-02-02-01,train,1,1,calm,02,03-01-02-01-02-02-01,data/raw/ravdess/audio_speech/Audio_Speech_Actors_01-24/Actor_01/03-01-02-01-02-02-01.wav,02-01-02-01-02-02-01,data/raw/ravdess/video_speech/Video_Speech_Actor_01/Actor_01/02-01-02-01-02-02-01.mp4
01-02-02-01-01-01,train,1,1,calm,02,03-01-02-02-01-01-01,data/raw/ravdess/audio_speech/Audio_Speech_Actors_01-24/Actor_01/03-01-02-02-01-01-01.wav,02-01-02-02-01-01-01,data/raw/ravdess/video_speech/Video_Speech_Actor_01/Actor_01/02-01-02-02-01-01-01.mp4
01-02-02-01-02-01,train,1,1,calm,02,03-01-02-02-01-02-01,data/raw/ravdess/audio_speech/Audio_Speech_Actors_01-24/Actor_01/03-01-02-02-01-02-01.wav,02-01-02-02-01-02-01,data/raw/ravdess/video_speech/Video_Speech_Actor_01/Actor_01/02-01-02-02-01-02-01.mp4
01-02-02-02-01-01,train,1,1,calm,02,03-01-02-02-02-01-01,data/raw/ravdess/audio_speech/Audio_Speech_Actors_01-24/Actor_01/03-01-02-02-02-01-01.wav,02-01-02-02-02-01-01,data/raw/ravdess/video_speech/Video_Speech_Actor_01/Actor_01/02-01-02-02-02-01-01.mp4
01-02-02-02-02-01,train,1,1,calm,02,03-01-02-02-02-02-01,data/raw/ravdess/audio_speech/Audio_Speech_Actors_01-24/Actor_01/03-01-02-02-02-02-01.wav,02-01-02-02-02-02-01,data/raw/ravdess/video_speech/Video_Speech_Actor_01/Actor_01/02-01-02-02-02-02-01.mp4
01-03-01-01-01-01,train,1,2,happy,03,03-01-03-01-01-01-01,data/raw/ravdess/audio_speech/Audio_Speech_Actors_01-24/Actor_01/03-01-03-01-01-01-01.wav,02-01-03-01-01-01-01,data/raw/ravdess/video_speech/Video_Speech_Actor_01/Actor_01/02-01-03-01-01-01-01.mp4
01-03-01-01-02-01,train,1,2,happy,03,03-01-03-01-01-02-01,data/raw/ravdess/audio_speech/Audio_Speech_Actors_01-24/Actor_01/03-01-03-01-01-02-01.wav,02-01-03-01-01-02-01,data/raw/ravdess/video_speech/Video_Speech_Actor_01/Actor_01/02-01-03-01-01-02-01.mp4
01-03-01-02-01-01,train,1,2,happy,03,03-01-03-01-02-01-01,data/raw/ravdess/audio_speech/Audio_Speech_Actors_01-24/Actor_01/03-01-03-01-02-01-01.wav,02-01-03-01-02-01-01,data/raw/ravdess/video_speech/Video_Speech_Actor_01/Actor_01/02-01-03-01-02-01-01.mp4
01-03-01-02-02-01,train,1,2,happy,03,03-01-03-01-02-02-01,data/raw/ravdess/audio_speech/Audio_Speech_Actors_01-24/Actor_01/03-01-03-01-02-02-01.wav,02-01-03-01-02-02-01,data/raw/ravdess/video_speech/Video_Speech_Actor_01/Actor_01/02-01-03-01-02-02-01.mp4
01-03-02-01-01-01,train,1,2,happy,03,03-01-03-02-01-01-01,data/raw/ravdess/audio_speech/Audio_Speech_Actors_01-24/Actor_01/03-01-03-02-01-01-01.wav,02-01-03-02-01-01-01,data/raw/ravdess/video_speech/Video_Speech_Actor_01/Actor_01/02-01-03-02-01-01-01.mp4
01-03-02-01-02-01,train,1,2,happy,03,03-01-03-02-01-02-01,data/raw/ravdess/audio_speech/Audio_Speech_Actors_01-24/Actor_01/03-01-03-02-01-02-01.wav,02-01-03-02-01-02-01,data/raw/ravdess/video_speech/Video_Speech_Actor_01/Actor_01/02-01-03-02-01-02-01.mp4
01-03-02-02-01-01,train,1,2,happy,03,03-01-03-02-02-01-01,data/raw/ravdess/audio_speech/Audio_Speech_Actors_01-24/Actor_01/03-01-03-02-02-01-01.wav,02-01-03-02-02-01-01,data/raw/ravdess/video_speech/Video_Speech_Actor_01/Actor_01/02-01-03-02-02-01-01.mp4
01-03-02-02-02-01,train,1,2,happy,03,03-01-03-02-02-02-01,data/raw/ravdess/audio_speech/Audio_Speech_Actors_01-24/Actor_01/03-01-03-02-02-02-01.wav,02-01-03-02-02-02-01,data/raw/ravdess/video_speech/Video_Speech_Actor_01/Actor_01/02-01-03-02-02-02-01.mp4
01-04-01-01-01-01,train,1,3,sad,04,03-01-04-01-01-01-01,data/raw/ravdess/audio_speech/Audio_Speech_Actors_01-24/Actor_01/03-01-04-01-01-01-01.wav,02-01-04-01-01-01-01,data/raw/ravdess/video_speech/Video_Speech_Actor_01/Actor_01/02-01-04-01-01-01-01.mp4
01-04-01-01-02-01,train,1,3,sad,04,03-01-04-01-01-02-01,data/raw/ravdess/audio_speech/Audio_Speech_Actors_01-24/Actor_01/03-01-04-01-01-02-01.wav,02-01-04-01-01-02-01,data/raw/ravdess/video_speech/Video_Speech_Actor_01/Actor_01/02-01-04-01-01-02-01.mp4
01-04-01-02-01-01,train,1,3,sad,04,03-01-04-01-02-01-01,data/raw/ravdess/audio_speech/Audio_Speech_Actors_01-24/Actor_01/03-01-04-01-02-01-01.wav,02-01-04-01-02-01-01,data/raw/ravdess/video_speech/Video_Speech_Actor_01/Actor_01/02-01-04-01-02-01-01.mp4
01-04-01-02-02-01,train,1,3,sad,04,03-01-04-01-02-02-01,data/raw/ravdess/audio_speech/Audio_Speech_Actors_01-24/Actor_01/03-01-04-01-02-02-01.wav,02-01-04-01-02-02-01,data/raw/ravdess/video_speech/Video_Speech_Actor_01/Actor_01/02-01-04-01-02-02-01.mp4
01-04-02-01-01-01,train,1,3,sad,04,03-01-04-02-01-01-01,data/raw/ravdess/audio_speech/Audio_Speech_Actors_01-24/Actor_01/03-01-04-02-01-01-01.wav,02-01-04-02-01-01-01,data/raw/ravdess/video_speech/Video_Speech_Actor_01/Actor_01/02-01-04-02-01-01-01.mp4
01-04-02-01-02-01,train,1,3,sad,04,03-01-04-02-01-02-01,data/raw/ravdess/audio_speech/Audio_Speech_Actors_01-24/Actor_01/03-01-04-02-01-02-01.wav,02-01-04-02-01-02-01,data/raw/ravdess/video_speech/Video_Speech_Actor_01/Actor_01/02-01-04-02-01-02-01.mp4
01-04-02-02-01-01,train,1,3,sad,04,03-01-04-02-02-01-01,data/raw/ravdess/audio_speech/Audio_Speech_Actors_01-24/Actor_01/03-01-04-02-02-01-01.wav,02-01-04-02-02-01-01,data/raw/ravdess/video_speech/Video_Speech_Actor_01/Actor_01/02-01-04-02-02-01-01.mp4
01-04-02-02-02-01,train,1,3,sad,04,03-01-04-02-02-02-01,data/raw/ravdess/audio_speech/Audio_Speech_Actors_01-24/Actor_01/03-01-04-02-02-02-01.wav,02-01-04-02-02-02-01,data/raw/ravdess/video_speech/Video_Speech_Actor_01/Actor_01/02-01-04-02-02-02-01.mp4
01-05-01-01-01-01,train,1,4,angry,05,03-01-05-01-01-01-01,data/raw/ravdess/audio_speech/Audio_Speech_Actors_01-24/Actor_01/03-01-05-01-01-01-01.wav,02-01-05-01-01-01-01,data/raw/ravdess/video_speech/Video_Speech_Actor_01/Actor_01/02-01-05-01-01-01-01.mp4
01-05-01-01-02-01,train,1,4,angry,05,03-01-05-01-01-02-01,data/raw/ravdess/audio_speech/Audio_Speech_Actors_01-24/Actor_01/03-01-05-01-01-02-01.wav,02-01-05-01-01-02-01,data/raw/ravdess/video_speech/Video_Speech_Actor_01/Actor_01/02-01-05-01-01-02-01.mp4
01-05-01-02-01-01,train,1,4,angry,05,03-01-05-01-02-01-01,data/raw/ravdess/audio_speech/Audio_Speech_Actors_01-24/Actor_01/03-01-05-01-02-01-01.wav,02-01-05-01-02-01-01,data/raw/ravdess/video_speech/Video_Speech_Actor_01/Actor_01/02-01-05-01-02-01-01.mp4
01-05-01-02-02-01,train,1,4,angry,05,03-01-05-01-02-02-01,data/raw/ravdess/audio_speech/Audio_Speech_Actors_01-24/Actor_01/03-01-05-01-02-02-01.wav,02-01-05-01-02-02-01,data/raw/ravdess/video_speech/Video_Speech_Actor_01/Actor_01/02-01-05-01-02-02-01.mp4
01-05-02-01-01-01,train,1,4,angry,05,03-01-05-02-01-01-01,data/raw/ravdess/audio_speech/Audio_Speech_Actors_01-24/Actor_01/03-01-05-02-01-01-01.wav,02-01-05-02-01-01-01,data/raw/ravdess/video_speech/Video_Speech_Actor_01/Actor_01/02-01-05-02-01-01-01.mp4
01-05-02-01-02-01,train,1,4,angry,05,03-01-05-02-01-02-01,data/raw/ravdess/audio_speech/Audio_Speech_Actors_01-24/Actor_01/03-01-05-02-01-02-01.wav,02-01-05-02-01-02-01,data/raw/ravdess/video_speech/Video_Speech_Actor_01/Actor_01/02-01-05-02-01-02-01.mp4
01-05-02-02-01-01,train,1,4,angry,05,03-01-05-02-02-01-01,data/raw/ravdess/audio_speech/Audio_Speech_Actors_01-24/Actor_01/03-01-05-02-02-01-01.wav,02-01-05-02-02-01-01,data/raw/ravdess/video_speech/Video_Speech_Actor_01/Actor_01/02-01-05-02-02-01-01.mp4
01-05-02-02-02-01,train,1,4,angry,05,03-01-05-02-02-02-01,data/raw/ravdess/audio_speech/Audio_Speech_Actors_01-24/Actor_01/03-01-05-02-02-02-01.wav,02-01-05-02-02-02-01,data/raw/ravdess/video_speech/Video_Speech_Actor_01/Actor_01/02-01-05-02-02-02-01.mp4
01-06-01-01-01-01,train,1,5,fearful,06,03-01-06-01-01-01-01,data/raw/ravdess/audio_speech/Audio_Speech_Actors_01-24/Actor_01/03-01-06-01-01-01-01.wav,02-01-06-01-01-01-01,data/raw/ravdess/video_speech/Video_Speech_Actor_01/Actor_01/02-01-06-01-01-01-01.mp4
01-06-01-01-02-01,train,1,5,fearful,06,03-01-06-01-01-02-01,data/raw/ravdess/audio_speech/Audio_Speech_Actors_01-24/Actor_01/03-01-06-01-01-02-01.wav,02-01-06-01-01-02-01,data/raw/ravdess/video_speech/Video_Speech_Actor_01/Actor_01/02-01-06-01-01-02-01.mp4
01-06-01-02-01-01,train,1,5,fearful,06,03-01-06-01-02-01-01,data/raw/ravdess/audio_speech/Audio_Speech_Actors_01-24/Actor_01/03-01-06-01-02-01-01.wav,02-01-06-01-02-01-01,data/raw/ravdess/video_speech/Video_Speech_Actor_01/Actor_01/02-01-06-01-02-01-01.mp4
01-06-01-02-02-01,train,1,5,fearful,06,03-01-06-01-02-02-01,data/raw/ravdess/audio_speech/Audio_Speech_Actors_01-24/Actor_01/03-01-06-01-02-02-01.wav,02-01-06-01-02-02-01,data/raw/ravdess/video_speech/Video_Speech_Actor_01/Actor_01/02-01-06-01-02-02-01.mp4
01-06-02-01-01-01,train,1,5,fearful,06,03-01-06-02-01-01-01,data/raw/ravdess/audio_speech/Audio_Speech_Actors_01-24/Actor_01/03-01-06-02-01-01-01.wav,02-01-06-02-01-01-01,data/raw/ravdess/video_speech/Video_Speech_Actor_01/Actor_01/02-01-06-02-01-01-01.mp4
01-06-02-01-02-01,train,1,5,fearful,06,03-01-06-02-01-02-01,data/raw/ravdess/audio_speech/Audio_Speech_Actors_01-24/Actor_01/03-01-06-02-01-02-01.wav,02-01-06-02-01-02-01,data/raw/ravdess/video_speech/Video_Speech_Actor_01/Actor_01/02-01-06-02-01-02-01.mp4
01-06-02-02-01-01,train,1,5,fearful,06,03-01-06-02-02-01-01,data/raw/ravdess/audio_speech/Audio_Speech_Actors_01-24/Actor_01/03-01-06-02-02-01-01.wav,02-01-06-02-02-01-01,data/raw/ravdess/video_speech/Video_Speech_Actor_01/Actor_01/02-01-06-02-02-01-01.mp4
01-06-02-02-02-01,train,1,5,fearful,06,03-01-06-02-02-02-01,data/raw/ravdess/audio_speech/Audio_Speech_Actors_01-24/Actor_01/03-01-06-02-02-02-01.wav,02-01-06-02-02-02-01,data/raw/ravdess/video_speech/Video_Speech_Actor_01/Actor_01/02-01-06-02-02-02-01.mp4
01-07-01-01-01-01,train,1,6,disgust,07,03-01-07-01-01-01-01,data/raw/ravdess/audio_speech/Audio_Speech_Actors_01-24/Actor_01/03-01-07-01-01-01-01.wav,02-01-07-01-01-01-01,data/raw/ravdess/video_speech/Video_Speech_Actor_01/Actor_01/02-01-07-01-01-01-01.mp4
01-07-01-01-02-01,train,1,6,disgust,07,03-01-07-01-01-02-01,data/raw/ravdess/audio_speech/Audio_Speech_Actors_01-24/Actor_01/03-01-07-01-01-02-01.wav,02-01-07-01-01-02-01,data/raw/ravdess/video_speech/Video_Speech_Actor_01/Actor_01/02-01-07-01-01-02-01.mp4
01-07-01-02-01-01,train,1,6,disgust,07,03-01-07-01-02-01-01,data/raw/ravdess/audio_speech/Audio_Speech_Actors_01-24/Actor_01/03-01-07-01-02-01-01.wav,02-01-07-01-02-01-01,data/raw/ravdess/video_speech/Video_Speech_Actor_01/Actor_01/02-01-07-01-02-01-01.mp4
01-07-01-02-02-01,train,1,6,disgust,07,03-01-07-01-02-02-01,data/raw/ravdess/audio_speech/Audio_Speech_Actors_01-24/Actor_01/03-01-07-01-02-02-01.wav,02-01-07-01-02-02-01,data/raw/ravdess/video_speech/Video_Speech_Actor_01/Actor_01/02-01-07-01-02-02-01.mp4
01-07-02-01-01-01,train,1,6,disgust,07,03-01-07-02-01-01-01,data/raw/ravdess/audio_speech/Audio_Speech_Actors_01-24/Actor_01/03-01-07-02-01-01-01.wav,02-01-07-02-01-01-01,data/raw/ravdess/video_speech/Video_Speech_Actor_01/Actor_01/02-01-07-02-01-01-01.mp4
01-07-02-01-02-01,train,1,6,disgust,07,03-01-07-02-01-02-01,data/raw/ravdess/audio_speech/Audio_Speech_Actors_01-24/Actor_01/03-01-07-02-01-02-01.wav,02-01-07-02-01-02-01,data/raw/ravdess/video_speech/Video_Speech_Actor_01/Actor_01/02-01-07-02-01-02-01.mp4
01-07-02-02-01-01,train,1,6,disgust,07,03-01-07-02-02-01-01,data/raw/ravdess/audio_speech/Audio_Speech_Actors_01-24/Actor_01/03-01-07-02-02-01-01.wav,02-01-07-02-02-01-01,data/raw/ravdess/video_speech/Video_Speech_Actor_01/Actor_01/02-01-07-02-02-01-01.mp4
01-07-02-02-02-01,train,1,6,disgust,07,03-01-07-02-02-02-01,data/raw/ravdess/audio_speech/Audio_Speech_Actors_01-24/Actor_01/03-01-07-02-02-02-01.wav,02-01-07-02-02-02-01,data/raw/ravdess/video_speech/Video_Speech_Actor_01/Actor_01/02-01-07-02-02-02-01.mp4
01-08-01-01-01-01,train,1,7,surprise,08,03-01-08-01-01-01-01,data/raw/ravdess/audio_speech/Audio_Speech_Actors_01-24/Actor_01/03-01-08-01-01-01-01.wav,02-01-08-01-01-01-01,data/raw/ravdess/video_speech/Video_Speech_Actor_01/Actor_01/02-01-08-01-01-01-01.mp4
01-08-01-01-02-01,train,1,7,surprise,08,03-01-08-01-01-02-01,data/raw/ravdess/audio_speech/Audio_Speech_Actors_01-24/Actor_01/03-01-08-01-01-02-01.wav,02-01-08-01-01-02-01,data/raw/ravdess/video_speech/Video_Speech_Actor_01/Actor_01/02-01-08-01-01-02-01.mp4
01-08-01-02-01-01,train,1,7,surprise,08,03-01-08-01-02-01-01,data/raw/ravdess/audio_speech/Audio_Speech_Actors_01-24/Actor_01/03-01-08-01-02-01-01.wav,02-01-08-01-02-01-01,data/raw/ravdess/video_speech/Video_Speech_Actor_01/Actor_01/02-01-08-01-02-01-01.mp4
01-08-01-02-02-01,train,1,7,surprise,08,03-01-08-01-02-02-01,data/raw/ravdess/audio_speech/Audio_Speech_Actors_01-24/Actor_01/03-01-08-01-02-02-01.wav,02-01-08-01-02-02-01,data/raw/ravdess/video_speech/Video_Speech_Actor_01/Actor_01/02-01-08-01-02-02-01.mp4
01-08-02-01-01-01,train,1,7,surprise,08,03-01-08-02-01-01-01,data/raw/ravdess/audio_speech/Audio_Speech_Actors_01-24/Actor_01/03-01-08-02-01-01-01.wav,02-01-08-02-01-01-01,data/raw/ravdess/video_speech/Video_Speech_Actor_01/Actor_01/02-01-08-02-01-01-01.mp4
01-08-02-01-02-01,train,1,7,surprise,08,03-01-08-02-01-02-01,data/raw/ravdess/audio_speech/Audio_Speech_Actors_01-24/Actor_01/03-01-08-02-01-02-01.wav,02-01-08-02-01-02-01,data/raw/ravdess/video_speech/Video_Speech_Actor_01/Actor_01/02-01-08-02-01-02-01.mp4
01-08-02-02-01-01,train,1,7,surprise,08,03-01-08-02-02-01-01,data/raw/ravdess/audio_speech/Audio_Speech_Actors_01-24/Actor_01/03-01-08-02-02-01-01.wav,02-01-08-02-02-01-01,data/raw/ravdess/video_speech/Video_Speech_Actor_01/Actor_01/02-01-08-02-02-01-01.mp4
01-08-02-02-02-01,train,1,7,surprise,08,03-01-08-02-02-02-01,data/raw/ravdess/audio_speech/Audio_Speech_Actors_01-24/Actor_01/03-01-08-02-02-02-01.wav,02-01-08-02-02-02-01,data/raw/ravdess/video_speech/Video_Speech_Actor_01/Actor_01/02-01-08-02-02-02-01.mp4
01-01-01-01-01-02,train,2,0,neutral,01,03-01-01-01-01-01-02,data/raw/ravdess/audio_speech/Audio_Speech_Actors_01-24/Actor_02/03-01-01-01-01-01-02.wav,02-01-01-01-01-01-02,data/raw/ravdess/video_speech/Video_Speech_Actor_02/Actor_02/02-01-01-01-01-01-02.mp4
01-01-01-01-02-02,train,2,0,neutral,01,03-01-01-01-01-02-02,data/raw/ravdess/audio_speech/Audio_Speech_Actors_01-24/Actor_02/03-01-01-01-01-02-02.wav,02-01-01-01-01-02-02,data/raw/ravdess/video_speech/Video_Speech_Actor_02/Actor_02/02-01-01-01-01-02-02.mp4
01-01-01-02-01-02,train,2,0,neutral,01,03-01-01-01-02-01-02,data/raw/ravdess/audio_speech/Audio_Speech_Actors_01-24/Actor_02/03-01-01-01-02-01-02.wav,02-01-01-01-02-01-02,data/raw/ravdess/video_speech/Video_Speech_Actor_02/Actor_02/02-01-01-01-02-01-02.mp4
01-01-01-02-02-02,train,2,0,neutral,01,03-01-01-01-02-02-02,data/raw/ravdess/audio_speech/Audio_Speech_Actors_01-24/Actor_02/03-01-01-01-02-02-02.wav,02-01-01-01-02-02-02,data/raw/ravdess/video_speech/Video_Speech_Actor_02/Actor_02/02-01-01-01-02-02-02.mp4
01-02-01-01-01-02,train,2,1,calm,02,03-01-02-01-01-01-02,data/raw/ravdess/audio_speech/Audio_Speech_Actors_01-24/Actor_02/03-01-02-01-01-01-02.wav,02-01-02-01-01-01-02,data/raw/ravdess/video_speech/Video_Speech_Actor_02/Actor_02/02-01-02-01-01-01-02.mp4
01-02-01-01-02-02,train,2,1,calm,02,03-01-02-01-01-02-02,data/raw/ravdess/audio_speech/Audio_Speech_Actors_01-24/Actor_02/03-01-02-01-01-02-02.wav,02-01-02-01-01-02-02,data/raw/ravdess/video_speech/Video_Speech_Actor_02/Actor_02/02-01-02-01-01-02-02.mp4
01-02-01-02-01-02,train,2,1,calm,02,03-01-02-01-02-01-02,data/raw/ravdess/audio_speech/Audio_Speech_Actors_01-24/Actor_02/03-01-02-01-02-01-02.wav,02-01-02-01-02-01-02,data/raw/ravdess/video_speech/Video_Speech_Actor_02/Actor_02/02-01-02-01-02-01-02.mp4
01-02-01-02-02-02,train,2,1,calm,02,03-01-02-01-02-02-02,data/raw/ravdess/audio_speech/Audio_Speech_Actors_01-24/Actor_02/03-01-02-01-02-02-02.wav,02-01-02-01-02-02-02,data/raw/ravdess/video_speech/Video_Speech_Actor_02/Actor_02/02-01-02-01-02-02-02.mp4
01-02-02-01-01-02,train,2,1,calm,02,03-01-02-02-01-01-02,data/raw/ravdess/audio_speech/Audio_Speech_Actors_01-24/Actor_02/03-01-02-02-01-01-02.wav,02-01-02-02-01-01-02,data/raw/ravdess/video_speech/Video_Speech_Actor_02/Actor_02/02-01-02-02-01-01-02.mp4
01-02-02-01-02-02,train,2,1,calm,02,03-01-02-02-01-02-02,data/raw/ravdess/audio_speech/Audio_Speech_Actors_01-24/Actor_02/03-01-02-02-01-02-02.wav,02-01-02-02-01-02-02,data/raw/ravdess/video_speech/Video_Speech_Actor_02/Actor_02/02-01-02-02-01-02-02.mp4
01-02-02-02-01-02,train,2,1,calm,02,03-01-02-02-02-01-02,data/raw/ravdess/audio_speech/Audio_Speech_Actors_01-24/Actor_02/03-01-02-02-02-01-02.wav,02-01-02-02-02-01-02,data/raw/ravdess/video_speech/Video_Speech_Actor_02/Actor_02/02-01-02-02-02-01-02.mp4
01-02-02-02-02-02,train,2,1,calm,02,03-01-02-02-02-02-02,data/raw/ravdess/audio_speech/Audio_Speech_Actors_01-24/Actor_02/03-01-02-02-02-02-02.wav,02-01-02-02-02-02-02,data/raw/ravdess/video_speech/Video_Speech_Actor_02/Actor_02/02-01-02-02-02-02-02.mp4
01-03-01-01-01-02,train,2,2,happy,03,03-01-03-01-01-01-02,data/raw/ravdess/audio_speech/Audio_Speech_Actors_01-24/Actor_02/03-01-03-01-01-01-02.wav,02-01-03-01-01-01-02,data/raw/ravdess/video_speech/Video_Speech_Actor_02/Actor_02/02-01-03-01-01-01-02.mp4
01-03-01-01-02-02,train,2,2,happy,03,03-01-03-01-01-02-02,data/raw/ravdess/audio_speech/Audio_Speech_Actors_01-24/Actor_02/03-01-03-01-01-02-02.wav,02-01-03-01-01-02-02,data/raw/ravdess/video_speech/Video_Speech_Actor_02/Actor_02/02-01-03-01-01-02-02.mp4
01-03-01-02-01-02,train,2,2,happy,03,03-01-03-01-02-01-02,data/raw/ravdess/audio_speech/Audio_Speech_Actors_01-24/Actor_02/03-01-03-01-02-01-02.wav,02-01-03-01-02-01-02,data/raw/ravdess/video_speech/Video_Speech_Actor_02/Actor_02/02-01-03-01-02-01-02.mp4
01-03-01-02-02-02,train,2,2,happy,03,03-01-03-01-02-02-02,data/raw/ravdess/audio_speech/Audio_Speech_Actors_01-24/Actor_02/03-01-03-01-02-02-02.wav,02-01-03-01-02-02-02,data/raw/ravdess/video_speech/Video_Speech_Actor_02/Actor_02/02-01-03-01-02-02-02.mp4
01-03-02-01-01-02,train,2,2,happy,03,03-01-03-02-01-01-02,data/raw/ravdess/audio_speech/Audio_Speech_Actors_01-24/Actor_02/03-01-03-02-01-01-02.wav,02-01-03-02-01-01-02,data/raw/ravdess/video_speech/Video_Speech_Actor_02/Actor_02/02-01-03-02-01-01-02.mp4
01-03-02-01-02-02,train,2,2,happy,03,03-01-03-02-01-02-02,data/raw/ravdess/audio_speech/Audio_Speech_Actors_01-24/Actor_02/03-01-03-02-01-02-02.wav,02-01-03-02-01-02-02,data/raw/ravdess/video_speech/Video_Speech_Actor_02/Actor_02/02-01-03-02-01-02-02.mp4
01-03-02-02-01-02,train,2,2,happy,03,03-01-03-02-02-01-02,data/raw/ravdess/audio_speech/Audio_Speech_Actors_01-24/Actor_02/03-01-03-02-02-01-02.wav,02-01-03-02-02-01-02,data/raw/ravdess/video_speech/Video_Speech_Actor_02/Actor_02/02-01-03-02-02-01-02.mp4
01-03-02-02-02-02,train,2,2,happy,03,03-01-03-02-02-02-02,data/raw/ravdess/audio_speech/Audio_Speech_Actors_01-24/Actor_02/03-01-03-02-02-02-02.wav,02-01-03-02-02-02-02,data/raw/ravdess/video_speech/Video_Speech_Actor_02/Actor_02/02-01-03-02-02-02-02.mp4
01-04-01-01-01-02,train,2,3,sad,04,03-01-04-01-01-01-02,data/raw/ravdess/audio_speech/Audio_Speech_Actors_01-24/Actor_02/03-01-04-01-01-01-02.wav,02-01-04-01-01-01-02,data/raw/ravdess/video_speech/Video_Speech_Actor_02/Actor_02/02-01-04-01-01-01-02.mp4
01-04-01-01-02-02,train,2,3,sad,04,03-01-04-01-01-02-02,data/raw/ravdess/audio_speech/Audio_Speech_Actors_01-24/Actor_02/03-01-04-01-01-02-02.wav,02-01-04-01-01-02-02,data/raw/ravdess/video_speech/Video_Speech_Actor_02/Actor_02/02-01-04-01-01-02-02.mp4
01-04-01-02-01-02,train,2,3,sad,04,03-01-04-01-02-01-02,data/raw/ravdess/audio_speech/Audio_Speech_Actors_01-24/Actor_02/03-01-04-01-02-01-02.wav,02-01-04-01-02-01-02,data/raw/ravdess/video_speech/Video_Speech_Actor_02/Actor_02/02-01-04-01-02-01-02.mp4
01-04-01-02-02-02,train,2,3,sad,04,03-01-04-01-02-02-02,data/raw/ravdess/audio_speech/Audio_Speech_Actors_01-24/Actor_02/03-01-04-01-02-02-02.wav,02-01-04-01-02-02-02,data/raw/ravdess/video_speech/Video_Speech_Actor_02/Actor_02/02-01-04-01-02-02-02.mp4
01-04-02-01-01-02,train,2,3,sad,04,03-01-04-02-01-01-02,data/raw/ravdess/audio_speech/Audio_Speech_Actors_01-24/Actor_02/03-01-04-02-01-01-02.wav,02-01-04-02-01-01-02,data/raw/ravdess/video_speech/Video_Speech_Actor_02/Actor_02/02-01-04-02-01-01-02.mp4
01-04-02-01-02-02,train,2,3,sad,04,03-01-04-02-01-02-02,data/raw/ravdess/audio_speech/Audio_Speech_Actors_01-24/Actor_02/03-01-04-02-01-02-02.wav,02-01-04-02-01-02-02,data/raw/ravdess/video_speech/Video_Speech_Actor_02/Actor_02/02-01-04-02-01-02-02.mp4
01-04-02-02-01-02,train,2,3,sad,04,03-01-04-02-02-01-02,data/raw/ravdess/audio_speech/Audio_Speech_Actors_01-24/Actor_02/03-01-04-02-02-01-02.wav,02-01-04-02-02-01-02,data/raw/ravdess/video_speech/Video_Speech_Actor_02/Actor_02/02-01-04-02-02-01-02.mp4
01-04-02-02-02-02,train,2,3,sad,04,03-01-04-02-02-02-02,data/raw/ravdess/audio_speech/Audio_Speech_Actors_01-24/Actor_02/03-01-04-02-02-02-02.wav,02-01-04-02-02-02-02,data/raw/ravdess/video_speech/Video_Speech_Actor_02/Actor_02/02-01-04-02-02-02-02.mp4
01-05-01-01-01-02,train,2,4,angry,05,03-01-05-01-01-01-02,data/raw/ravdess/audio_speech/Audio_Speech_Actors_01-24/Actor_02/03-01-05-01-01-01-02.wav,02-01-05-01-01-01-02,data/raw/ravdess/video_speech/Video_Speech_Actor_02/Actor_02/02-01-05-01-01-01-02.mp4
01-05-01-01-02-02,train,2,4,angry,05,03-01-05-01-01-02-02,data/raw/ravdess/audio_speech/Audio_Speech_Actors_01-24/Actor_02/03-01-05-01-01-02-02.wav,02-01-05-01-01-02-02,data/raw/ravdess/video_speech/Video_Speech_Actor_02/Actor_02/02-01-05-01-01-02-02.mp4
01-05-01-02-01-02,train,2,4,angry,05,03-01-05-01-02-01-02,data/raw/ravdess/audio_speech/Audio_Speech_Actors_01-24/Actor_02/03-01-05-01-02-01-02.wav,02-01-05-01-02-01-02,data/raw/ravdess/video_speech/Video_Speech_Actor_02/Actor_02/02-01-05-01-02-01-02.mp4
01-05-01-02-02-02,train,2,4,angry,05,03-01-05-01-02-02-02,data/raw/ravdess/audio_speech/Audio_Speech_Actors_01-24/Actor_02/03-01-05-01-02-02-02.wav,02-01-05-01-02-02-02,data/raw/ravdess/video_speech/Video_Speech_Actor_02/Actor_02/02-01-05-01-02-02-02.mp4
01-05-02-01-01-02,train,2,4,angry,05,03-01-05-02-01-01-02,data/raw/ravdess/audio_speech/Audio_Speech_Actors_01-24/Actor_02/03-01-05-02-01-01-02.wav,02-01-05-02-01-01-02,data/raw/ravdess/video_speech/Video_Speech_Actor_02/Actor_02/02-01-05-02-01-01-02.mp4
01-05-02-01-02-02,train,2,4,angry,05,03-01-05-02-01-02-02,data/raw/ravdess/audio_speech/Audio_Speech_Actors_01-24/Actor_02/03-01-05-02-01-02-02.wav,02-01-05-02-01-02-02,data/raw/ravdess/video_speech/Video_Speech_Actor_02/Actor_02/02-01-05-02-01-02-02.mp4
01-05-02-02-01-02,train,2,4,angry,05,03-01-05-02-02-01-02,data/raw/ravdess/audio_speech/Audio_Speech_Actors_01-24/Actor_02/03-01-05-02-02-01-02.wav,02-01-05-02-02-01-02,data/raw/ravdess/video_speech/Video_Speech_Actor_02/Actor_02/02-01-05-02-02-01-02.mp4
01-05-02-02-02-02,train,2,4,angry,05,03-01-05-02-02-02-02,data/raw/ravdess/audio_speech/Audio_Speech_Actors_01-24/Actor_02/03-01-05-02-02-02-02.wav,02-01-05-02-02-02-02,data/raw/ravdess/video_speech/Video_Speech_Actor_02/Actor_02/02-01-05-02-02-02-02.mp4
01-06-01-01-01-02,train,2,5,fearful,06,03-01-06-01-01-01-02,data/raw/ravdess/audio_speech/Audio_Speech_Actors_01-24/Actor_02/03-01-06-01-01-01-02.wav,02-01-06-01-01-01-02,data/raw/ravdess/video_speech/Video_Speech_Actor_02/Actor_02/02-01-06-01-01-01-02.mp4
01-06-01-01-02-02,train,2,5,fearful,06,03-01-06-01-01-02-02,data/raw/ravdess/audio_speech/Audio_Speech_Actors_01-24/Actor_02/03-01-06-01-01-02-02.wav,02-01-06-01-01-02-02,data/raw/ravdess/video_speech/Video_Speech_Actor_02/Actor_02/02-01-06-01-01-02-02.mp4
01-06-01-02-01-02,train,2,5,fearful,06,03-01-06-01-02-01-02,data/raw/ravdess/audio_speech/Audio_Speech_Actors_01-24/Actor_02/03-01-06-01-02-01-02.wav,02-01-06-01-02-01-02,data/raw/ravdess/video_speech/Video_Speech_Actor_02/Actor_02/02-01-06-01-02-01-02.mp4
01-06-01-02-02-02,train,2,5,fearful,06,03-01-06-01-02-02-02,data/raw/ravdess/audio_speech/Audio_Speech_Actors_01-24/Actor_02/03-01-06-01-02-02-02.wav,02-01-06-01-02-02-02,data/raw/ravdess/video_speech/Video_Speech_Actor_02/Actor_02/02-01-06-01-02-02-02.mp4
01-06-02-01-01-02,train,2,5,fearful,06,03-01-06-02-01-01-02,data/raw/ravdess/audio_speech/Audio_Speech_Actors_01-24/Actor_02/03-01-06-02-01-01-02.wav,02-01-06-02-01-01-02,data/raw/ravdess/video_speech/Video_Speech_Actor_02/Actor_02/02-01-06-02-01-01-02.mp4
01-06-02-01-02-02,train,2,5,fearful,06,03-01-06-02-01-02-02,data/raw/ravdess/audio_speech/Audio_Speech_Actors_01-24/Actor_02/03-01-06-02-01-02-02.wav,02-01-06-02-01-02-02,data/raw/ravdess/video_speech/Video_Speech_Actor_02/Actor_02/02-01-06-02-01-02-02.mp4
01-06-02-02-01-02,train,2,5,fearful,06,03-01-06-02-02-01-02,data/raw/ravdess/audio_speech/Audio_Speech_Actors_01-24/Actor_02/03-01-06-02-02-01-02.wav,02-01-06-02-02-01-02,data/raw/ravdess/video_speech/Video_Speech_Actor_02/Actor_02/02-01-06-02-02-01-02.mp4
01-06-02-02-02-02,train,2,5,fearful,06,03-01-06-02-02-02-02,data/raw/ravdess/audio_speech/Audio_Speech_Actors_01-24/Actor_02/03-01-06-02-02-02-02.wav,02-01-06-02-02-02-02,data/raw/ravdess/video_speech/Video_Speech_Actor_02/Actor_02/02-01-06-02-02-02-02.mp4
01-07-01-01-01-02,train,2,6,disgust,07,03-01-07-01-01-01-02,data/raw/ravdess/audio_speech/Audio_Speech_Actors_01-24/Actor_02/03-01-07-01-01-01-02.wav,02-01-07-01-01-01-02,data/raw/ravdess/video_speech/Video_Speech_Actor_02/Actor_02/02-01-07-01-01-01-02.mp4
01-07-01-01-02-02,train,2,6,disgust,07,03-01-07-01-01-02-02,data/raw/ravdess/audio_speech/Audio_Speech_Actors_01-24/Actor_02/03-01-07-01-01-02-02.wav,02-01-07-01-01-02-02,data/raw/ravdess/video_speech/Video_Speech_Actor_02/Actor_02/02-01-07-01-01-02-02.mp4
01-07-01-02-01-02,train,2,6,disgust,07,03-01-07-01-02-01-02,data/raw/ravdess/audio_speech/Audio_Speech_Actors_01-24/Actor_02/03-01-07-01-02-01-02.wav,02-01-07-01-02-01-02,data/raw/ravdess/video_speech/Video_Speech_Actor_02/Actor_02/02-01-07-01-02-01-02.mp4
01-07-01-02-02-02,train,2,6,disgust,07,03-01-07-01-02-02-02,data/raw/ravdess/audio_speech/Audio_Speech_Actors_01-24/Actor_02/03-01-07-01-02-02-02.wav,02-01-07-01-02-02-02,data/raw/ravdess/video_speech/Video_Speech_Actor_02/Actor_02/02-01-07-01-02-02-02.mp4
01-07-02-01-01-02,train,2,6,disgust,07,03-01-07-02-01-01-02,data/raw/ravdess/audio_speech/Audio_Speech_Actors_01-24/Actor_02/03-01-07-02-01-01-02.wav,02-01-07-02-01-01-02,data/raw/ravdess/video_speech/Video_Speech_Actor_02/Actor_02/02-01-07-02-01-01-02.mp4
01-07-02-01-02-02,train,2,6,disgust,07,03-01-07-02-01-02-02,data/raw/ravdess/audio_speech/Audio_Speech_Actors_01-24/Actor_02/03-01-07-02-01-02-02.wav,02-01-07-02-01-02-02,data/raw/ravdess/video_speech/Video_Speech_Actor_02/Actor_02/02-01-07-02-01-02-02.mp4
01-07-02-02-01-02,train,2,6,disgust,07,03-01-07-02-02-01-02,data/raw/ravdess/audio_speech/Audio_Speech_Actors_01-24/Actor_02/03-01-07-02-02-01-02.wav,02-01-07-02-02-01-02,data/raw/ravdess/video_speech/Video_Speech_Actor_02/Actor_02/02-01-07-02-02-01-02.mp4
01-07-02-02-02-02,train,2,6,disgust,07,03-01-07-02-02-02-02,data/raw/ravdess/audio_speech/Audio_Speech_Actors_01-24/Actor_02/03-01-07-02-02-02-02.wav,02-01-07-02-02-02-02,data/raw/ravdess/video_speech/Video_Speech_Actor_02/Actor_02/02-01-07-02-02-02-02.mp4
01-08-01-01-01-02,train,2,7,surprise,08,03-01-08-01-01-01-02,data/raw/ravdess/audio_speech/Audio_Speech_Actors_01-24/Actor_02/03-01-08-01-01-01-02.wav,02-01-08-01-01-01-02,data/raw/ravdess/video_speech/Video_Speech_Actor_02/Actor_02/02-01-08-01-01-01-02.mp4
01-08-01-01-02-02,train,2,7,surprise,08,03-01-08-01-01-02-02,data/raw/ravdess/audio_speech/Audio_Speech_Actors_01-24/Actor_02/03-01-08-01-01-02-02.wav,02-01-08-01-01-02-02,data/raw/ravdess/video_speech/Video_Speech_Actor_02/Actor_02/02-01-08-01-01-02-02.mp4
01-08-01-02-01-02,train,2,7,surprise,08,03-01-08-01-02-01-02,data/raw/ravdess/audio_speech/Audio_Speech_Actors_01-24/Actor_02/03-01-08-01-02-01-02.wav,02-01-08-01-02-01-02,data/raw/ravdess/video_speech/Video_Speech_Actor_02/Actor_02/02-01-08-01-02-01-02.mp4
01-08-01-02-02-02,train,2,7,surprise,08,03-01-08-01-02-02-02,data/raw/ravdess/audio_speech/Audio_Speech_Actors_01-24/Actor_02/03-01-08-01-02-02-02.wav,02-01-08-01-02-02-02,data/raw/ravdess/video_speech/Video_Speech_Actor_02/Actor_02/02-01-08-01-02-02-02.mp4
01-08-02-01-01-02,train,2,7,surprise,08,03-01-08-02-01-01-02,data/raw/ravdess/audio_speech/Audio_Speech_Actors_01-24/Actor_02/03-01-08-02-01-01-02.wav,02-01-08-02-01-01-02,data/raw/ravdess/video_speech/Video_Speech_Actor_02/Actor_02/02-01-08-02-01-01-02.mp4
01-08-02-01-02-02,train,2,7,surprise,08,03-01-08-02-01-02-02,data/raw/ravdess/audio_speech/Audio_Speech_Actors_01-24/Actor_02/03-01-08-02-01-02-02.wav,02-01-08-02-01-02-02,data/raw/ravdess/video_speech/Video_Speech_Actor_02/Actor_02/02-01-08-02-01-02-02.mp4
01-08-02-02-01-02,train,2,7,surprise,08,03-01-08-02-02-01-02,data/raw/ravdess/audio_speech/Audio_Speech_Actors_01-24/Actor_02/03-01-08-02-02-01-02.wav,02-01-08-02-02-01-02,data/raw/ravdess/video_speech/Video_Speech_Actor_02/Actor_02/02-01-08-02-02-01-02.mp4
01-08-02-02-02-02,train,2,7,surprise,08,03-01-08-02-02-02-02,data/raw/ravdess/audio_speech/Audio_Speech_Actors_01-24/Actor_02/03-01-08-02-02-02-02.wav,02-01-08-02-02-02-02,data/raw/ravdess/video_speech/Video_Speech_Actor_02/Actor_02/02-01-08-02-02-02-02.mp4
01-01-01-01-01-03,train,3,0,neutral,01,03-01-01-01-01-01-03,data/raw/ravdess/audio_speech/Audio_Speech_Actors_01-24/Actor_03/03-01-01-01-01-01-03.wav,02-01-01-01-01-01-03,data/raw/ravdess/video_speech/Video_Speech_Actor_03/Actor_03/02-01-01-01-01-01-03.mp4
01-01-01-01-02-03,train,3,0,neutral,01,03-01-01-01-01-02-03,data/raw/ravdess/audio_speech/Audio_Speech_Actors_01-24/Actor_03/03-01-01-01-01-02-03.wav,02-01-01-01-01-02-03,data/raw/ravdess/video_speech/Video_Speech_Actor_03/Actor_03/02-01-01-01-01-02-03.mp4
01-01-01-02-01-03,train,3,0,neutral,01,03-01-01-01-02-01-03,data/raw/ravdess/audio_speech/Audio_Speech_Actors_01-24/Actor_03/03-01-01-01-02-01-03.wav,02-01-01-01-02-01-03,data/raw/ravdess/video_speech/Video_Speech_Actor_03/Actor_03/02-01-01-01-02-01-03.mp4
01-01-01-02-02-03,train,3,0,neutral,01,03-01-01-01-02-02-03,data/raw/ravdess/audio_speech/Audio_Speech_Actors_01-24/Actor_03/03-01-01-01-02-02-03.wav,02-01-01-01-02-02-03,data/raw/ravdess/video_speech/Video_Speech_Actor_03/Actor_03/02-01-01-01-02-02-03.mp4
01-02-01-01-01-03,train,3,1,calm,02,03-01-02-01-01-01-03,data/raw/ravdess/audio_speech/Audio_Speech_Actors_01-24/Actor_03/03-01-02-01-01-01-03.wav,02-01-02-01-01-01-03,data/raw/ravdess/video_speech/Video_Speech_Actor_03/Actor_03/02-01-02-01-01-01-03.mp4
01-02-01-01-02-03,train,3,1,calm,02,03-01-02-01-01-02-03,data/raw/ravdess/audio_speech/Audio_Speech_Actors_01-24/Actor_03/03-01-02-01-01-02-03.wav,02-01-02-01-01-02-03,data/raw/ravdess/video_speech/Video_Speech_Actor_03/Actor_03/02-01-02-01-01-02-03.mp4
01-02-01-02-01-03,train,3,1,calm,02,03-01-02-01-02-01-03,data/raw/ravdess/audio_speech/Audio_Speech_Actors_01-24/Actor_03/03-01-02-01-02-01-03.wav,02-01-02-01-02-01-03,data/raw/ravdess/video_speech/Video_Speech_Actor_03/Actor_03/02-01-02-01-02-01-03.mp4
01-02-01-02-02-03,train,3,1,calm,02,03-01-02-01-02-02-03,data/raw/ravdess/audio_speech/Audio_Speech_Actors_01-24/Actor_03/03-01-02-01-02-02-03.wav,02-01-02-01-02-02-03,data/raw/ravdess/video_speech/Video_Speech_Actor_03/Actor_03/02-01-02-01-02-02-03.mp4
01-02-02-01-01-03,train,3,1,calm,02,03-01-02-02-01-01-03,data/raw/ravdess/audio_speech/Audio_Speech_Actors_01-24/Actor_03/03-01-02-02-01-01-03.wav,02-01-02-02-01-01-03,data/raw/ravdess/video_speech/Video_Speech_Actor_03/Actor_03/02-01-02-02-01-01-03.mp4
01-02-02-01-02-03,train,3,1,calm,02,03-01-02-02-01-02-03,data/raw/ravdess/audio_speech/Audio_Speech_Actors_01-24/Actor_03/03-01-02-02-01-02-03.wav,02-01-02-02-01-02-03,data/raw/ravdess/video_speech/Video_Speech_Actor_03/Actor_03/02-01-02-02-01-02-03.mp4
01-02-02-02-01-03,train,3,1,calm,02,03-01-02-02-02-01-03,data/raw/ravdess/audio_speech/Audio_Speech_Actors_01-24/Actor_03/03-01-02-02-02-01-03.wav,02-01-02-02-02-01-03,data/raw/ravdess/video_speech/Video_Speech_Actor_03/Actor_03/02-01-02-02-02-01-03.mp4
01-02-02-02-02-03,train,3,1,calm,02,03-01-02-02-02-02-03,data/raw/ravdess/audio_speech/Audio_Speech_Actors_01-24/Actor_03/03-01-02-02-02-02-03.wav,02-01-02-02-02-02-03,data/raw/ravdess/video_speech/Video_Speech_Actor_03/Actor_03/02-01-02-02-02-02-03.mp4
01-03-01-01-01-03,train,3,2,happy,03,03-01-03-01-01-01-03,data/raw/ravdess/audio_speech/Audio_Speech_Actors_01-24/Actor_03/03-01-03-01-01-01-03.wav,02-01-03-01-01-01-03,data/raw/ravdess/video_speech/Video_Speech_Actor_03/Actor_03/02-01-03-01-01-01-03.mp4
01-03-01-01-02-03,train,3,2,happy,03,03-01-03-01-01-02-03,data/raw/ravdess/audio_speech/Audio_Speech_Actors_01-24/Actor_03/03-01-03-01-01-02-03.wav,02-01-03-01-01-02-03,data/raw/ravdess/video_speech/Video_Speech_Actor_03/Actor_03/02-01-03-01-01-02-03.mp4
01-03-01-02-01-03,train,3,2,happy,03,03-01-03-01-02-01-03,data/raw/ravdess/audio_speech/Audio_Speech_Actors_01-24/Actor_03/03-01-03-01-02-01-03.wav,02-01-03-01-02-01-03,data/raw/ravdess/video_speech/Video_Speech_Actor_03/Actor_03/02-01-03-01-02-01-03.mp4
01-03-01-02-02-03,train,3,2,happy,03,03-01-03-01-02-02-03,data/raw/ravdess/audio_speech/Audio_Speech_Actors_01-24/Actor_03/03-01-03-01-02-02-03.wav,02-01-03-01-02-02-03,data/raw/ravdess/video_speech/Video_Speech_Actor_03/Actor_03/02-01-03-01-02-02-03.mp4
01-03-02-01-01-03,train,3,2,happy,03,03-01-03-02-01-01-03,data/raw/ravdess/audio_speech/Audio_Speech_Actors_01-24/Actor_03/03-01-03-02-01-01-03.wav,02-01-03-02-01-01-03,data/raw/ravdess/video_speech/Video_Speech_Actor_03/Actor_03/02-01-03-02-01-01-03.mp4
01-03-02-01-02-03,train,3,2,happy,03,03-01-03-02-01-02-03,data/raw/ravdess/audio_speech/Audio_Speech_Actors_01-24/Actor_03/03-01-03-02-01-02-03.wav,02-01-03-02-01-02-03,data/raw/ravdess/video_speech/Video_Speech_Actor_03/Actor_03/02-01-03-02-01-02-03.mp4
01-03-02-02-01-03,train,3,2,happy,03,03-01-03-02-02-01-03,data/raw/ravdess/audio_speech/Audio_Speech_Actors_01-24/Actor_03/03-01-03-02-02-01-03.wav,02-01-03-02-02-01-03,data/raw/ravdess/video_speech/Video_Speech_Actor_03/Actor_03/02-01-03-02-02-01-03.mp4
01-03-02-02-02-03,train,3,2,happy,03,03-01-03-02-02-02-03,data/raw/ravdess/audio_speech/Audio_Speech_Actors_01-24/Actor_03/03-01-03-02-02-02-03.wav,02-01-03-02-02-02-03,data/raw/ravdess/video_speech/Video_Speech_Actor_03/Actor_03/02-01-03-02-02-02-03.mp4
01-04-01-01-01-03,train,3,3,sad,04,03-01-04-01-01-01-03,data/raw/ravdess/audio_speech/Audio_Speech_Actors_01-24/Actor_03/03-01-04-01-01-01-03.wav,02-01-04-01-01-01-03,data/raw/ravdess/video_speech/Video_Speech_Actor_03/Actor_03/02-01-04-01-01-01-03.mp4
01-04-01-01-02-03,train,3,3,sad,04,03-01-04-01-01-02-03,data/raw/ravdess/audio_speech/Audio_Speech_Actors_01-24/Actor_03/03-01-04-01-01-02-03.wav,02-01-04-01-01-02-03,data/raw/ravdess/video_speech/Video_Speech_Actor_03/Actor_03/02-01-04-01-01-02-03.mp4
01-04-01-02-01-03,train,3,3,sad,04,03-01-04-01-02-01-03,data/raw/ravdess/audio_speech/Audio_Speech_Actors_01-24/Actor_03/03-01-04-01-02-01-03.wav,02-01-04-01-02-01-03,data/raw/ravdess/video_speech/Video_Speech_Actor_03/Actor_03/02-01-04-01-02-01-03.mp4
01-04-01-02-02-03,train,3,3,sad,04,03-01-04-01-02-02-03,data/raw/ravdess/audio_speech/Audio_Speech_Actors_01-24/Actor_03/03-01-04-01-02-02-03.wav,02-01-04-01-02-02-03,data/raw/ravdess/video_speech/Video_Speech_Actor_03/Actor_03/02-01-04-01-02-02-03.mp4
01-04-02-01-01-03,train,3,3,sad,04,03-01-04-02-01-01-03,data/raw/ravdess/audio_speech/Audio_Speech_Actors_01-24/Actor_03/03-01-04-02-01-01-03.wav,02-01-04-02-01-01-03,data/raw/ravdess/video_speech/Video_Speech_Actor_03/Actor_03/02-01-04-02-01-01-03.mp4
01-04-02-01-02-03,train,3,3,sad,04,03-01-04-02-01-02-03,data/raw/ravdess/audio_speech/Audio_Speech_Actors_01-24/Actor_03/03-01-04-02-01-02-03.wav,02-01-04-02-01-02-03,data/raw/ravdess/video_speech/Video_Speech_Actor_03/Actor_03/02-01-04-02-01-02-03.mp4
01-04-02-02-01-03,train,3,3,sad,04,03-01-04-02-02-01-03,data/raw/ravdess/audio_speech/Audio_Speech_Actors_01-24/Actor_03/03-01-04-02-02-01-03.wav,02-01-04-02-02-01-03,data/raw/ravdess/video_speech/Video_Speech_Actor_03/Actor_03/02-01-04-02-02-01-03.mp4
01-04-02-02-02-03,train,3,3,sad,04,03-01-04-02-02-02-03,data/raw/ravdess/audio_speech/Audio_Speech_Actors_01-24/Actor_03/03-01-04-02-02-02-03.wav,02-01-04-02-02-02-03,data/raw/ravdess/video_speech/Video_Speech_Actor_03/Actor_03/02-01-04-02-02-02-03.mp4
01-05-01-01-01-03,train,3,4,angry,05,03-01-05-01-01-01-03,data/raw/ravdess/audio_speech/Audio_Speech_Actors_01-24/Actor_03/03-01-05-01-01-01-03.wav,02-01-05-01-01-01-03,data/raw/ravdess/video_speech/Video_Speech_Actor_03/Actor_03/02-01-05-01-01-01-03.mp4
01-05-01-01-02-03,train,3,4,angry,05,03-01-05-01-01-02-03,data/raw/ravdess/audio_speech/Audio_Speech_Actors_01-24/Actor_03/03-01-05-01-01-02-03.wav,02-01-05-01-01-02-03,data/raw/ravdess/video_speech/Video_Speech_Actor_03/Actor_03/02-01-05-01-01-02-03.mp4
01-05-01-02-01-03,train,3,4,angry,05,03-01-05-01-02-01-03,data/raw/ravdess/audio_speech/Audio_Speech_Actors_01-24/Actor_03/03-01-05-01-02-01-03.wav,02-01-05-01-02-01-03,data/raw/ravdess/video_speech/Video_Speech_Actor_03/Actor_03/02-01-05-01-02-01-03.mp4
01-05-01-02-02-03,train,3,4,angry,05,03-01-05-01-02-02-03,data/raw/ravdess/audio_speech/Audio_Speech_Actors_01-24/Actor_03/03-01-05-01-02-02-03.wav,02-01-05-01-02-02-03,data/raw/ravdess/video_speech/Video_Speech_Actor_03/Actor_03/02-01-05-01-02-02-03.mp4
01-05-02-01-01-03,train,3,4,angry,05,03-01-05-02-01-01-03,data/raw/ravdess/audio_speech/Audio_Speech_Actors_01-24/Actor_03/03-01-05-02-01-01-03.wav,02-01-05-02-01-01-03,data/raw/ravdess/video_speech/Video_Speech_Actor_03/Actor_03/02-01-05-02-01-01-03.mp4
01-05-02-01-02-03,train,3,4,angry,05,03-01-05-02-01-02-03,data/raw/ravdess/audio_speech/Audio_Speech_Actors_01-24/Actor_03/03-01-05-02-01-02-03.wav,02-01-05-02-01-02-03,data/raw/ravdess/video_speech/Video_Speech_Actor_03/Actor_03/02-01-05-02-01-02-03.mp4
01-05-02-02-01-03,train,3,4,angry,05,03-01-05-02-02-01-03,data/raw/ravdess/audio_speech/Audio_Speech_Actors_01-24/Actor_03/03-01-05-02-02-01-03.wav,02-01-05-02-02-01-03,data/raw/ravdess/video_speech/Video_Speech_Actor_03/Actor_03/02-01-05-02-02-01-03.mp4
01-05-02-02-02-03,train,3,4,angry,05,03-01-05-02-02-02-03,data/raw/ravdess/audio_speech/Audio_Speech_Actors_01-24/Actor_03/03-01-05-02-02-02-03.wav,02-01-05-02-02-02-03,data/raw/ravdess/video_speech/Video_Speech_Actor_03/Actor_03/02-01-05-02-02-02-03.mp4
01-06-01-01-01-03,train,3,5,fearful,06,03-01-06-01-01-01-03,data/raw/ravdess/audio_speech/Audio_Speech_Actors_01-24/Actor_03/03-01-06-01-01-01-03.wav,02-01-06-01-01-01-03,data/raw/ravdess/video_speech/Video_Speech_Actor_03/Actor_03/02-01-06-01-01-01-03.mp4
01-06-01-01-02-03,train,3,5,fearful,06,03-01-06-01-01-02-03,data/raw/ravdess/audio_speech/Audio_Speech_Actors_01-24/Actor_03/03-01-06-01-01-02-03.wav,02-01-06-01-01-02-03,data/raw/ravdess/video_speech/Video_Speech_Actor_03/Actor_03/02-01-06-01-01-02-03.mp4
01-06-01-02-01-03,train,3,5,fearful,06,03-01-06-01-02-01-03,data/raw/ravdess/audio_speech/Audio_Speech_Actors_01-24/Actor_03/03-01-06-01-02-01-03.wav,02-01-06-01-02-01-03,data/raw/ravdess/video_speech/Video_Speech_Actor_03/Actor_03/02-01-06-01-02-01-03.mp4
01-06-01-02-02-03,train,3,5,fearful,06,03-01-06-01-02-02-03,data/raw/ravdess/audio_speech/Audio_Speech_Actors_01-24/Actor_03/03-01-06-01-02-02-03.wav,02-01-06-01-02-02-03,data/raw/ravdess/video_speech/Video_Speech_Actor_03/Actor_03/02-01-06-01-02-02-03.mp4
01-06-02-01-01-03,train,3,5,fearful,06,03-01-06-02-01-01-03,data/raw/ravdess/audio_speech/Audio_Speech_Actors_01-24/Actor_03/03-01-06-02-01-01-03.wav,02-01-06-02-01-01-03,data/raw/ravdess/video_speech/Video_Speech_Actor_03/Actor_03/02-01-06-02-01-01-03.mp4
01-06-02-01-02-03,train,3,5,fearful,06,03-01-06-02-01-02-03,data/raw/ravdess/audio_speech/Audio_Speech_Actors_01-24/Actor_03/03-01-06-02-01-02-03.wav,02-01-06-02-01-02-03,data/raw/ravdess/video_speech/Video_Speech_Actor_03/Actor_03/02-01-06-02-01-02-03.mp4
01-06-02-02-01-03,train,3,5,fearful,06,03-01-06-02-02-01-03,data/raw/ravdess/audio_speech/Audio_Speech_Actors_01-24/Actor_03/03-01-06-02-02-01-03.wav,02-01-06-02-02-01-03,data/raw/ravdess/video_speech/Video_Speech_Actor_03/Actor_03/02-01-06-02-02-01-03.mp4
01-06-02-02-02-03,train,3,5,fearful,06,03-01-06-02-02-02-03,data/raw/ravdess/audio_speech/Audio_Speech_Actors_01-24/Actor_03/03-01-06-02-02-02-03.wav,02-01-06-02-02-02-03,data/raw/ravdess/video_speech/Video_Speech_Actor_03/Actor_03/02-01-06-02-02-02-03.mp4
01-07-01-01-01-03,train,3,6,disgust,07,03-01-07-01-01-01-03,data/raw/ravdess/audio_speech/Audio_Speech_Actors_01-24/Actor_03/03-01-07-01-01-01-03.wav,02-01-07-01-01-01-03,data/raw/ravdess/video_speech/Video_Speech_Actor_03/Actor_03/02-01-07-01-01-01-03.mp4
01-07-01-01-02-03,train,3,6,disgust,07,03-01-07-01-01-02-03,data/raw/ravdess/audio_speech/Audio_Speech_Actors_01-24/Actor_03/03-01-07-01-01-02-03.wav,02-01-07-01-01-02-03,data/raw/ravdess/video_speech/Video_Speech_Actor_03/Actor_03/02-01-07-01-01-02-03.mp4
01-07-01-02-01-03,train,3,6,disgust,07,03-01-07-01-02-01-03,data/raw/ravdess/audio_speech/Audio_Speech_Actors_01-24/Actor_03/03-01-07-01-02-01-03.wav,02-01-07-01-02-01-03,data/raw/ravdess/video_speech/Video_Speech_Actor_03/Actor_03/02-01-07-01-02-01-03.mp4
01-07-01-02-02-03,train,3,6,disgust,07,03-01-07-01-02-02-03,data/raw/ravdess/audio_speech/Audio_Speech_Actors_01-24/Actor_03/03-01-07-01-02-02-03.wav,02-01-07-01-02-02-03,data/raw/ravdess/video_speech/Video_Speech_Actor_03/Actor_03/02-01-07-01-02-02-03.mp4
01-07-02-01-01-03,train,3,6,disgust,07,03-01-07-02-01-01-03,data/raw/ravdess/audio_speech/Audio_Speech_Actors_01-24/Actor_03/03-01-07-02-01-01-03.wav,02-01-07-02-01-01-03,data/raw/ravdess/video_speech/Video_Speech_Actor_03/Actor_03/02-01-07-02-01-01-03.mp4
01-07-02-01-02-03,train,3,6,disgust,07,03-01-07-02-01-02-03,data/raw/ravdess/audio_speech/Audio_Speech_Actors_01-24/Actor_03/03-01-07-02-01-02-03.wav,02-01-07-02-01-02-03,data/raw/ravdess/video_speech/Video_Speech_Actor_03/Actor_03/02-01-07-02-01-02-03.mp4
01-07-02-02-01-03,train,3,6,disgust,07,03-01-07-02-02-01-03,data/raw/ravdess/audio_speech/Audio_Speech_Actors_01-24/Actor_03/03-01-07-02-02-01-03.wav,02-01-07-02-02-01-03,data/raw/ravdess/video_speech/Video_Speech_Actor_03/Actor_03/02-01-07-02-02-01-03.mp4
01-07-02-02-02-03,train,3,6,disgust,07,03-01-07-02-02-02-03,data/raw/ravdess/audio_speech/Audio_Speech_Actors_01-24/Actor_03/03-01-07-02-02-02-03.wav,02-01-07-02-02-02-03,data/raw/ravdess/video_speech/Video_Speech_Actor_03/Actor_03/02-01-07-02-02-02-03.mp4
01-08-01-01-01-03,train,3,7,surprise,08,03-01-08-01-01-01-03,data/raw/ravdess/audio_speech/Audio_Speech_Actors_01-24/Actor_03/03-01-08-01-01-01-03.wav,02-01-08-01-01-01-03,data/raw/ravdess/video_speech/Video_Speech_Actor_03/Actor_03/02-01-08-01-01-01-03.mp4
01-08-01-01-02-03,train,3,7,surprise,08,03-01-08-01-01-02-03,data/raw/ravdess/audio_speech/Audio_Speech_Actors_01-24/Actor_03/03-01-08-01-01-02-03.wav,02-01-08-01-01-02-03,data/raw/ravdess/video_speech/Video_Speech_Actor_03/Actor_03/02-01-08-01-01-02-03.mp4
01-08-01-02-01-03,train,3,7,surprise,08,03-01-08-01-02-01-03,data/raw/ravdess/audio_speech/Audio_Speech_Actors_01-24/Actor_03/03-01-08-01-02-01-03.wav,02-01-08-01-02-01-03,data/raw/ravdess/video_speech/Video_Speech_Actor_03/Actor_03/02-01-08-01-02-01-03.mp4
01-08-01-02-02-03,train,3,7,surprise,08,03-01-08-01-02-02-03,data/raw/ravdess/audio_speech/Audio_Speech_Actors_01-24/Actor_03/03-01-08-01-02-02-03.wav,02-01-08-01-02-02-03,data/raw/ravdess/video_speech/Video_Speech_Actor_03/Actor_03/02-01-08-01-02-02-03.mp4
01-08-02-01-01-03,train,3,7,surprise,08,03-01-08-02-01-01-03,data/raw/ravdess/audio_speech/Audio_Speech_Actors_01-24/Actor_03/03-01-08-02-01-01-03.wav,02-01-08-02-01-01-03,data/raw/ravdess/video_speech/Video_Speech_Actor_03/Actor_03/02-01-08-02-01-01-03.mp4
01-08-02-01-02-03,train,3,7,surprise,08,03-01-08-02-01-02-03,data/raw/ravdess/audio_speech/Audio_Speech_Actors_01-24/Actor_03/03-01-08-02-01-02-03.wav,02-01-08-02-01-02-03,data/raw/ravdess/video_speech/Video_Speech_Actor_03/Actor_03/02-01-08-02-01-02-03.mp4
01-08-02-02-01-03,train,3,7,surprise,08,03-01-08-02-02-01-03,data/raw/ravdess/audio_speech/Audio_Speech_Actors_01-24/Actor_03/03-01-08-02-02-01-03.wav,02-01-08-02-02-01-03,data/raw/ravdess/video_speech/Video_Speech_Actor_03/Actor_03/02-01-08-02-02-01-03.mp4
01-08-02-02-02-03,train,3,7,surprise,08,03-01-08-02-02-02-03,data/raw/ravdess/audio_speech/Audio_Speech_Actors_01-24/Actor_03/03-01-08-02-02-02-03.wav,02-01-08-02-02-02-03,data/raw/ravdess/video_speech/Video_Speech_Actor_03/Actor_03/02-01-08-02-02-02-03.mp4
01-01-01-01-01-04,train,4,0,neutral,01,03-01-01-01-01-01-04,data/raw/ravdess/audio_speech/Audio_Speech_Actors_01-24/Actor_04/03-01-01-01-01-01-04.wav,02-01-01-01-01-01-04,data/raw/ravdess/video_speech/Video_Speech_Actor_04/Actor_04/02-01-01-01-01-01-04.mp4
01-01-01-01-02-04,train,4,0,neutral,01,03-01-01-01-01-02-04,data/raw/ravdess/audio_speech/Audio_Speech_Actors_01-24/Actor_04/03-01-01-01-01-02-04.wav,02-01-01-01-01-02-04,data/raw/ravdess/video_speech/Video_Speech_Actor_04/Actor_04/02-01-01-01-01-02-04.mp4
01-01-01-02-01-04,train,4,0,neutral,01,03-01-01-01-02-01-04,data/raw/ravdess/audio_speech/Audio_Speech_Actors_01-24/Actor_04/03-01-01-01-02-01-04.wav,02-01-01-01-02-01-04,data/raw/ravdess/video_speech/Video_Speech_Actor_04/Actor_04/02-01-01-01-02-01-04.mp4
01-01-01-02-02-04,train,4,0,neutral,01,03-01-01-01-02-02-04,data/raw/ravdess/audio_speech/Audio_Speech_Actors_01-24/Actor_04/03-01-01-01-02-02-04.wav,02-01-01-01-02-02-04,data/raw/ravdess/video_speech/Video_Speech_Actor_04/Actor_04/02-01-01-01-02-02-04.mp4
01-02-01-01-01-04,train,4,1,calm,02,03-01-02-01-01-01-04,data/raw/ravdess/audio_speech/Audio_Speech_Actors_01-24/Actor_04/03-01-02-01-01-01-04.wav,02-01-02-01-01-01-04,data/raw/ravdess/video_speech/Video_Speech_Actor_04/Actor_04/02-01-02-01-01-01-04.mp4
01-02-01-01-02-04,train,4,1,calm,02,03-01-02-01-01-02-04,data/raw/ravdess/audio_speech/Audio_Speech_Actors_01-24/Actor_04/03-01-02-01-01-02-04.wav,02-01-02-01-01-02-04,data/raw/ravdess/video_speech/Video_Speech_Actor_04/Actor_04/02-01-02-01-01-02-04.mp4
01-02-01-02-01-04,train,4,1,calm,02,03-01-02-01-02-01-04,data/raw/ravdess/audio_speech/Audio_Speech_Actors_01-24/Actor_04/03-01-02-01-02-01-04.wav,02-01-02-01-02-01-04,data/raw/ravdess/video_speech/Video_Speech_Actor_04/Actor_04/02-01-02-01-02-01-04.mp4
01-02-01-02-02-04,train,4,1,calm,02,03-01-02-01-02-02-04,data/raw/ravdess/audio_speech/Audio_Speech_Actors_01-24/Actor_04/03-01-02-01-02-02-04.wav,02-01-02-01-02-02-04,data/raw/ravdess/video_speech/Video_Speech_Actor_04/Actor_04/02-01-02-01-02-02-04.mp4
01-02-02-01-01-04,train,4,1,calm,02,03-01-02-02-01-01-04,data/raw/ravdess/audio_speech/Audio_Speech_Actors_01-24/Actor_04/03-01-02-02-01-01-04.wav,02-01-02-02-01-01-04,data/raw/ravdess/video_speech/Video_Speech_Actor_04/Actor_04/02-01-02-02-01-01-04.mp4
01-02-02-01-02-04,train,4,1,calm,02,03-01-02-02-01-02-04,data/raw/ravdess/audio_speech/Audio_Speech_Actors_01-24/Actor_04/03-01-02-02-01-02-04.wav,02-01-02-02-01-02-04,data/raw/ravdess/video_speech/Video_Speech_Actor_04/Actor_04/02-01-02-02-01-02-04.mp4
01-02-02-02-01-04,train,4,1,calm,02,03-01-02-02-02-01-04,data/raw/ravdess/audio_speech/Audio_Speech_Actors_01-24/Actor_04/03-01-02-02-02-01-04.wav,02-01-02-02-02-01-04,data/raw/ravdess/video_speech/Video_Speech_Actor_04/Actor_04/02-01-02-02-02-01-04.mp4
01-02-02-02-02-04,train,4,1,calm,02,03-01-02-02-02-02-04,data/raw/ravdess/audio_speech/Audio_Speech_Actors_01-24/Actor_04/03-01-02-02-02-02-04.wav,02-01-02-02-02-02-04,data/raw/ravdess/video_speech/Video_Speech_Actor_04/Actor_04/02-01-02-02-02-02-04.mp4
01-03-01-01-01-04,train,4,2,happy,03,03-01-03-01-01-01-04,data/raw/ravdess/audio_speech/Audio_Speech_Actors_01-24/Actor_04/03-01-03-01-01-01-04.wav,02-01-03-01-01-01-04,data/raw/ravdess/video_speech/Video_Speech_Actor_04/Actor_04/02-01-03-01-01-01-04.mp4
01-03-01-01-02-04,train,4,2,happy,03,03-01-03-01-01-02-04,data/raw/ravdess/audio_speech/Audio_Speech_Actors_01-24/Actor_04/03-01-03-01-01-02-04.wav,02-01-03-01-01-02-04,data/raw/ravdess/video_speech/Video_Speech_Actor_04/Actor_04/02-01-03-01-01-02-04.mp4
01-03-01-02-01-04,train,4,2,happy,03,03-01-03-01-02-01-04,data/raw/ravdess/audio_speech/Audio_Speech_Actors_01-24/Actor_04/03-01-03-01-02-01-04.wav,02-01-03-01-02-01-04,data/raw/ravdess/video_speech/Video_Speech_Actor_04/Actor_04/02-01-03-01-02-01-04.mp4
01-03-01-02-02-04,train,4,2,happy,03,03-01-03-01-02-02-04,data/raw/ravdess/audio_speech/Audio_Speech_Actors_01-24/Actor_04/03-01-03-01-02-02-04.wav,02-01-03-01-02-02-04,data/raw/ravdess/video_speech/Video_Speech_Actor_04/Actor_04/02-01-03-01-02-02-04.mp4
01-03-02-01-01-04,train,4,2,happy,03,03-01-03-02-01-01-04,data/raw/ravdess/audio_speech/Audio_Speech_Actors_01-24/Actor_04/03-01-03-02-01-01-04.wav,02-01-03-02-01-01-04,data/raw/ravdess/video_speech/Video_Speech_Actor_04/Actor_04/02-01-03-02-01-01-04.mp4
01-03-02-01-02-04,train,4,2,happy,03,03-01-03-02-01-02-04,data/raw/ravdess/audio_speech/Audio_Speech_Actors_01-24/Actor_04/03-01-03-02-01-02-04.wav,02-01-03-02-01-02-04,data/raw/ravdess/video_speech/Video_Speech_Actor_04/Actor_04/02-01-03-02-01-02-04.mp4
01-03-02-02-01-04,train,4,2,happy,03,03-01-03-02-02-01-04,data/raw/ravdess/audio_speech/Audio_Speech_Actors_01-24/Actor_04/03-01-03-02-02-01-04.wav,02-01-03-02-02-01-04,data/raw/ravdess/video_speech/Video_Speech_Actor_04/Actor_04/02-01-03-02-02-01-04.mp4
01-03-02-02-02-04,train,4,2,happy,03,03-01-03-02-02-02-04,data/raw/ravdess/audio_speech/Audio_Speech_Actors_01-24/Actor_04/03-01-03-02-02-02-04.wav,02-01-03-02-02-02-04,data/raw/ravdess/video_speech/Video_Speech_Actor_04/Actor_04/02-01-03-02-02-02-04.mp4
01-04-01-01-01-04,train,4,3,sad,04,03-01-04-01-01-01-04,data/raw/ravdess/audio_speech/Audio_Speech_Actors_01-24/Actor_04/03-01-04-01-01-01-04.wav,02-01-04-01-01-01-04,data/raw/ravdess/video_speech/Video_Speech_Actor_04/Actor_04/02-01-04-01-01-01-04.mp4
01-04-01-01-02-04,train,4,3,sad,04,03-01-04-01-01-02-04,data/raw/ravdess/audio_speech/Audio_Speech_Actors_01-24/Actor_04/03-01-04-01-01-02-04.wav,02-01-04-01-01-02-04,data/raw/ravdess/video_speech/Video_Speech_Actor_04/Actor_04/02-01-04-01-01-02-04.mp4
01-04-01-02-01-04,train,4,3,sad,04,03-01-04-01-02-01-04,data/raw/ravdess/audio_speech/Audio_Speech_Actors_01-24/Actor_04/03-01-04-01-02-01-04.wav,02-01-04-01-02-01-04,data/raw/ravdess/video_speech/Video_Speech_Actor_04/Actor_04/02-01-04-01-02-01-04.mp4
01-04-01-02-02-04,train,4,3,sad,04,03-01-04-01-02-02-04,data/raw/ravdess/audio_speech/Audio_Speech_Actors_01-24/Actor_04/03-01-04-01-02-02-04.wav,02-01-04-01-02-02-04,data/raw/ravdess/video_speech/Video_Speech_Actor_04/Actor_04/02-01-04-01-02-02-04.mp4
01-04-02-01-01-04,train,4,3,sad,04,03-01-04-02-01-01-04,data/raw/ravdess/audio_speech/Audio_Speech_Actors_01-24/Actor_04/03-01-04-02-01-01-04.wav,02-01-04-02-01-01-04,data/raw/ravdess/video_speech/Video_Speech_Actor_04/Actor_04/02-01-04-02-01-01-04.mp4
01-04-02-01-02-04,train,4,3,sad,04,03-01-04-02-01-02-04,data/raw/ravdess/audio_speech/Audio_Speech_Actors_01-24/Actor_04/03-01-04-02-01-02-04.wav,02-01-04-02-01-02-04,data/raw/ravdess/video_speech/Video_Speech_Actor_04/Actor_04/02-01-04-02-01-02-04.mp4
01-04-02-02-01-04,train,4,3,sad,04,03-01-04-02-02-01-04,data/raw/ravdess/audio_speech/Audio_Speech_Actors_01-24/Actor_04/03-01-04-02-02-01-04.wav,02-01-04-02-02-01-04,data/raw/ravdess/video_speech/Video_Speech_Actor_04/Actor_04/02-01-04-02-02-01-04.mp4
01-04-02-02-02-04,train,4,3,sad,04,03-01-04-02-02-02-04,data/raw/ravdess/audio_speech/Audio_Speech_Actors_01-24/Actor_04/03-01-04-02-02-02-04.wav,02-01-04-02-02-02-04,data/raw/ravdess/video_speech/Video_Speech_Actor_04/Actor_04/02-01-04-02-02-02-04.mp4
01-05-01-01-01-04,train,4,4,angry,05,03-01-05-01-01-01-04,data/raw/ravdess/audio_speech/Audio_Speech_Actors_01-24/Actor_04/03-01-05-01-01-01-04.wav,02-01-05-01-01-01-04,data/raw/ravdess/video_speech/Video_Speech_Actor_04/Actor_04/02-01-05-01-01-01-04.mp4
01-05-01-01-02-04,train,4,4,angry,05,03-01-05-01-01-02-04,data/raw/ravdess/audio_speech/Audio_Speech_Actors_01-24/Actor_04/03-01-05-01-01-02-04.wav,02-01-05-01-01-02-04,data/raw/ravdess/video_speech/Video_Speech_Actor_04/Actor_04/02-01-05-01-01-02-04.mp4
01-05-01-02-01-04,train,4,4,angry,05,03-01-05-01-02-01-04,data/raw/ravdess/audio_speech/Audio_Speech_Actors_01-24/Actor_04/03-01-05-01-02-01-04.wav,02-01-05-01-02-01-04,data/raw/ravdess/video_speech/Video_Speech_Actor_04/Actor_04/02-01-05-01-02-01-04.mp4
01-05-01-02-02-04,train,4,4,angry,05,03-01-05-01-02-02-04,data/raw/ravdess/audio_speech/Audio_Speech_Actors_01-24/Actor_04/03-01-05-01-02-02-04.wav,02-01-05-01-02-02-04,data/raw/ravdess/video_speech/Video_Speech_Actor_04/Actor_04/02-01-05-01-02-02-04.mp4
01-05-02-01-01-04,train,4,4,angry,05,03-01-05-02-01-01-04,data/raw/ravdess/audio_speech/Audio_Speech_Actors_01-24/Actor_04/03-01-05-02-01-01-04.wav,02-01-05-02-01-01-04,data/raw/ravdess/video_speech/Video_Speech_Actor_04/Actor_04/02-01-05-02-01-01-04.mp4
01-05-02-01-02-04,train,4,4,angry,05,03-01-05-02-01-02-04,data/raw/ravdess/audio_speech/Audio_Speech_Actors_01-24/Actor_04/03-01-05-02-01-02-04.wav,02-01-05-02-01-02-04,data/raw/ravdess/video_speech/Video_Speech_Actor_04/Actor_04/02-01-05-02-01-02-04.mp4
01-05-02-02-01-04,train,4,4,angry,05,03-01-05-02-02-01-04,data/raw/ravdess/audio_speech/Audio_Speech_Actors_01-24/Actor_04/03-01-05-02-02-01-04.wav,02-01-05-02-02-01-04,data/raw/ravdess/video_speech/Video_Speech_Actor_04/Actor_04/02-01-05-02-02-01-04.mp4
01-05-02-02-02-04,train,4,4,angry,05,03-01-05-02-02-02-04,data/raw/ravdess/audio_speech/Audio_Speech_Actors_01-24/Actor_04/03-01-05-02-02-02-04.wav,02-01-05-02-02-02-04,data/raw/ravdess/video_speech/Video_Speech_Actor_04/Actor_04/02-01-05-02-02-02-04.mp4
01-06-01-01-01-04,train,4,5,fearful,06,03-01-06-01-01-01-04,data/raw/ravdess/audio_speech/Audio_Speech_Actors_01-24/Actor_04/03-01-06-01-01-01-04.wav,02-01-06-01-01-01-04,data/raw/ravdess/video_speech/Video_Speech_Actor_04/Actor_04/02-01-06-01-01-01-04.mp4
01-06-01-01-02-04,train,4,5,fearful,06,03-01-06-01-01-02-04,data/raw/ravdess/audio_speech/Audio_Speech_Actors_01-24/Actor_04/03-01-06-01-01-02-04.wav,02-01-06-01-01-02-04,data/raw/ravdess/video_speech/Video_Speech_Actor_04/Actor_04/02-01-06-01-01-02-04.mp4
01-06-01-02-01-04,train,4,5,fearful,06,03-01-06-01-02-01-04,data/raw/ravdess/audio_speech/Audio_Speech_Actors_01-24/Actor_04/03-01-06-01-02-01-04.wav,02-01-06-01-02-01-04,data/raw/ravdess/video_speech/Video_Speech_Actor_04/Actor_04/02-01-06-01-02-01-04.mp4
01-06-01-02-02-04,train,4,5,fearful,06,03-01-06-01-02-02-04,data/raw/ravdess/audio_speech/Audio_Speech_Actors_01-24/Actor_04/03-01-06-01-02-02-04.wav,02-01-06-01-02-02-04,data/raw/ravdess/video_speech/Video_Speech_Actor_04/Actor_04/02-01-06-01-02-02-04.mp4
01-06-02-01-01-04,train,4,5,fearful,06,03-01-06-02-01-01-04,data/raw/ravdess/audio_speech/Audio_Speech_Actors_01-24/Actor_04/03-01-06-02-01-01-04.wav,02-01-06-02-01-01-04,data/raw/ravdess/video_speech/Video_Speech_Actor_04/Actor_04/02-01-06-02-01-01-04.mp4
01-06-02-01-02-04,train,4,5,fearful,06,03-01-06-02-01-02-04,data/raw/ravdess/audio_speech/Audio_Speech_Actors_01-24/Actor_04/03-01-06-02-01-02-04.wav,02-01-06-02-01-02-04,data/raw/ravdess/video_speech/Video_Speech_Actor_04/Actor_04/02-01-06-02-01-02-04.mp4
01-06-02-02-01-04,train,4,5,fearful,06,03-01-06-02-02-01-04,data/raw/ravdess/audio_speech/Audio_Speech_Actors_01-24/Actor_04/03-01-06-02-02-01-04.wav,02-01-06-02-02-01-04,data/raw/ravdess/video_speech/Video_Speech_Actor_04/Actor_04/02-01-06-02-02-01-04.mp4
01-06-02-02-02-04,train,4,5,fearful,06,03-01-06-02-02-02-04,data/raw/ravdess/audio_speech/Audio_Speech_Actors_01-24/Actor_04/03-01-06-02-02-02-04.wav,02-01-06-02-02-02-04,data/raw/ravdess/video_speech/Video_Speech_Actor_04/Actor_04/02-01-06-02-02-02-04.mp4
01-07-01-01-01-04,train,4,6,disgust,07,03-01-07-01-01-01-04,data/raw/ravdess/audio_speech/Audio_Speech_Actors_01-24/Actor_04/03-01-07-01-01-01-04.wav,02-01-07-01-01-01-04,data/raw/ravdess/video_speech/Video_Speech_Actor_04/Actor_04/02-01-07-01-01-01-04.mp4
01-07-01-01-02-04,train,4,6,disgust,07,03-01-07-01-01-02-04,data/raw/ravdess/audio_speech/Audio_Speech_Actors_01-24/Actor_04/03-01-07-01-01-02-04.wav,02-01-07-01-01-02-04,data/raw/ravdess/video_speech/Video_Speech_Actor_04/Actor_04/02-01-07-01-01-02-04.mp4
01-07-01-02-01-04,train,4,6,disgust,07,03-01-07-01-02-01-04,data/raw/ravdess/audio_speech/Audio_Speech_Actors_01-24/Actor_04/03-01-07-01-02-01-04.wav,02-01-07-01-02-01-04,data/raw/ravdess/video_speech/Video_Speech_Actor_04/Actor_04/02-01-07-01-02-01-04.mp4
01-07-01-02-02-04,train,4,6,disgust,07,03-01-07-01-02-02-04,data/raw/ravdess/audio_speech/Audio_Speech_Actors_01-24/Actor_04/03-01-07-01-02-02-04.wav,02-01-07-01-02-02-04,data/raw/ravdess/video_speech/Video_Speech_Actor_04/Actor_04/02-01-07-01-02-02-04.mp4
01-07-02-01-01-04,train,4,6,disgust,07,03-01-07-02-01-01-04,data/raw/ravdess/audio_speech/Audio_Speech_Actors_01-24/Actor_04/03-01-07-02-01-01-04.wav,02-01-07-02-01-01-04,data/raw/ravdess/video_speech/Video_Speech_Actor_04/Actor_04/02-01-07-02-01-01-04.mp4
01-07-02-01-02-04,train,4,6,disgust,07,03-01-07-02-01-02-04,data/raw/ravdess/audio_speech/Audio_Speech_Actors_01-24/Actor_04/03-01-07-02-01-02-04.wav,02-01-07-02-01-02-04,data/raw/ravdess/video_speech/Video_Speech_Actor_04/Actor_04/02-01-07-02-01-02-04.mp4
01-07-02-02-01-04,train,4,6,disgust,07,03-01-07-02-02-01-04,data/raw/ravdess/audio_speech/Audio_Speech_Actors_01-24/Actor_04/03-01-07-02-02-01-04.wav,02-01-07-02-02-01-04,data/raw/ravdess/video_speech/Video_Speech_Actor_04/Actor_04/02-01-07-02-02-01-04.mp4
01-07-02-02-02-04,train,4,6,disgust,07,03-01-07-02-02-02-04,data/raw/ravdess/audio_speech/Audio_Speech_Actors_01-24/Actor_04/03-01-07-02-02-02-04.wav,02-01-07-02-02-02-04,data/raw/ravdess/video_speech/Video_Speech_Actor_04/Actor_04/02-01-07-02-02-02-04.mp4
01-08-01-01-01-04,train,4,7,surprise,08,03-01-08-01-01-01-04,data/raw/ravdess/audio_speech/Audio_Speech_Actors_01-24/Actor_04/03-01-08-01-01-01-04.wav,02-01-08-01-01-01-04,data/raw/ravdess/video_speech/Video_Speech_Actor_04/Actor_04/02-01-08-01-01-01-04.mp4
01-08-01-01-02-04,train,4,7,surprise,08,03-01-08-01-01-02-04,data/raw/ravdess/audio_speech/Audio_Speech_Actors_01-24/Actor_04/03-01-08-01-01-02-04.wav,02-01-08-01-01-02-04,data/raw/ravdess/video_speech/Video_Speech_Actor_04/Actor_04/02-01-08-01-01-02-04.mp4
01-08-01-02-01-04,train,4,7,surprise,08,03-01-08-01-02-01-04,data/raw/ravdess/audio_speech/Audio_Speech_Actors_01-24/Actor_04/03-01-08-01-02-01-04.wav,02-01-08-01-02-01-04,data/raw/ravdess/video_speech/Video_Speech_Actor_04/Actor_04/02-01-08-01-02-01-04.mp4
01-08-01-02-02-04,train,4,7,surprise,08,03-01-08-01-02-02-04,data/raw/ravdess/audio_speech/Audio_Speech_Actors_01-24/Actor_04/03-01-08-01-02-02-04.wav,02-01-08-01-02-02-04,data/raw/ravdess/video_speech/Video_Speech_Actor_04/Actor_04/02-01-08-01-02-02-04.mp4
01-08-02-01-01-04,train,4,7,surprise,08,03-01-08-02-01-01-04,data/raw/ravdess/audio_speech/Audio_Speech_Actors_01-24/Actor_04/03-01-08-02-01-01-04.wav,02-01-08-02-01-01-04,data/raw/ravdess/video_speech/Video_Speech_Actor_04/Actor_04/02-01-08-02-01-01-04.mp4
01-08-02-01-02-04,train,4,7,surprise,08,03-01-08-02-01-02-04,data/raw/ravdess/audio_speech/Audio_Speech_Actors_01-24/Actor_04/03-01-08-02-01-02-04.wav,02-01-08-02-01-02-04,data/raw/ravdess/video_speech/Video_Speech_Actor_04/Actor_04/02-01-08-02-01-02-04.mp4
01-08-02-02-01-04,train,4,7,surprise,08,03-01-08-02-02-01-04,data/raw/ravdess/audio_speech/Audio_Speech_Actors_01-24/Actor_04/03-01-08-02-02-01-04.wav,02-01-08-02-02-01-04,data/raw/ravdess/video_speech/Video_Speech_Actor_04/Actor_04/02-01-08-02-02-01-04.mp4
01-08-02-02-02-04,train,4,7,surprise,08,03-01-08-02-02-02-04,data/raw/ravdess/audio_speech/Audio_Speech_Actors_01-24/Actor_04/03-01-08-02-02-02-04.wav,02-01-08-02-02-02-04,data/raw/ravdess/video_speech/Video_Speech_Actor_04/Actor_04/02-01-08-02-02-02-04.mp4
01-01-01-01-01-05,train,5,0,neutral,01,03-01-01-01-01-01-05,data/raw/ravdess/audio_speech/Audio_Speech_Actors_01-24/Actor_05/03-01-01-01-01-01-05.wav,02-01-01-01-01-01-05,data/raw/ravdess/video_speech/Video_Speech_Actor_05/Actor_05/02-01-01-01-01-01-05.mp4
01-01-01-01-02-05,train,5,0,neutral,01,03-01-01-01-01-02-05,data/raw/ravdess/audio_speech/Audio_Speech_Actors_01-24/Actor_05/03-01-01-01-01-02-05.wav,02-01-01-01-01-02-05,data/raw/ravdess/video_speech/Video_Speech_Actor_05/Actor_05/02-01-01-01-01-02-05.mp4
01-01-01-02-01-05,train,5,0,neutral,01,03-01-01-01-02-01-05,data/raw/ravdess/audio_speech/Audio_Speech_Actors_01-24/Actor_05/03-01-01-01-02-01-05.wav,02-01-01-01-02-01-05,data/raw/ravdess/video_speech/Video_Speech_Actor_05/Actor_05/02-01-01-01-02-01-05.mp4
01-01-01-02-02-05,train,5,0,neutral,01,03-01-01-01-02-02-05,data/raw/ravdess/audio_speech/Audio_Speech_Actors_01-24/Actor_05/03-01-01-01-02-02-05.wav,02-01-01-01-02-02-05,data/raw/ravdess/video_speech/Video_Speech_Actor_05/Actor_05/02-01-01-01-02-02-05.mp4
01-02-01-01-01-05,train,5,1,calm,02,03-01-02-01-01-01-05,data/raw/ravdess/audio_speech/Audio_Speech_Actors_01-24/Actor_05/03-01-02-01-01-01-05.wav,02-01-02-01-01-01-05,data/raw/ravdess/video_speech/Video_Speech_Actor_05/Actor_05/02-01-02-01-01-01-05.mp4
01-02-01-01-02-05,train,5,1,calm,02,03-01-02-01-01-02-05,data/raw/ravdess/audio_speech/Audio_Speech_Actors_01-24/Actor_05/03-01-02-01-01-02-05.wav,02-01-02-01-01-02-05,data/raw/ravdess/video_speech/Video_Speech_Actor_05/Actor_05/02-01-02-01-01-02-05.mp4
01-02-01-02-01-05,train,5,1,calm,02,03-01-02-01-02-01-05,data/raw/ravdess/audio_speech/Audio_Speech_Actors_01-24/Actor_05/03-01-02-01-02-01-05.wav,02-01-02-01-02-01-05,data/raw/ravdess/video_speech/Video_Speech_Actor_05/Actor_05/02-01-02-01-02-01-05.mp4
01-02-01-02-02-05,train,5,1,calm,02,03-01-02-01-02-02-05,data/raw/ravdess/audio_speech/Audio_Speech_Actors_01-24/Actor_05/03-01-02-01-02-02-05.wav,02-01-02-01-02-02-05,data/raw/ravdess/video_speech/Video_Speech_Actor_05/Actor_05/02-01-02-01-02-02-05.mp4
01-02-02-01-01-05,train,5,1,calm,02,03-01-02-02-01-01-05,data/raw/ravdess/audio_speech/Audio_Speech_Actors_01-24/Actor_05/03-01-02-02-01-01-05.wav,02-01-02-02-01-01-05,data/raw/ravdess/video_speech/Video_Speech_Actor_05/Actor_05/02-01-02-02-01-01-05.mp4
01-02-02-01-02-05,train,5,1,calm,02,03-01-02-02-01-02-05,data/raw/ravdess/audio_speech/Audio_Speech_Actors_01-24/Actor_05/03-01-02-02-01-02-05.wav,02-01-02-02-01-02-05,data/raw/ravdess/video_speech/Video_Speech_Actor_05/Actor_05/02-01-02-02-01-02-05.mp4
01-02-02-02-01-05,train,5,1,calm,02,03-01-02-02-02-01-05,data/raw/ravdess/audio_speech/Audio_Speech_Actors_01-24/Actor_05/03-01-02-02-02-01-05.wav,02-01-02-02-02-01-05,data/raw/ravdess/video_speech/Video_Speech_Actor_05/Actor_05/02-01-02-02-02-01-05.mp4
01-02-02-02-02-05,train,5,1,calm,02,03-01-02-02-02-02-05,data/raw/ravdess/audio_speech/Audio_Speech_Actors_01-24/Actor_05/03-01-02-02-02-02-05.wav,02-01-02-02-02-02-05,data/raw/ravdess/video_speech/Video_Speech_Actor_05/Actor_05/02-01-02-02-02-02-05.mp4
01-03-01-01-01-05,train,5,2,happy,03,03-01-03-01-01-01-05,data/raw/ravdess/audio_speech/Audio_Speech_Actors_01-24/Actor_05/03-01-03-01-01-01-05.wav,02-01-03-01-01-01-05,data/raw/ravdess/video_speech/Video_Speech_Actor_05/Actor_05/02-01-03-01-01-01-05.mp4
01-03-01-01-02-05,train,5,2,happy,03,03-01-03-01-01-02-05,data/raw/ravdess/audio_speech/Audio_Speech_Actors_01-24/Actor_05/03-01-03-01-01-02-05.wav,02-01-03-01-01-02-05,data/raw/ravdess/video_speech/Video_Speech_Actor_05/Actor_05/02-01-03-01-01-02-05.mp4
01-03-01-02-01-05,train,5,2,happy,03,03-01-03-01-02-01-05,data/raw/ravdess/audio_speech/Audio_Speech_Actors_01-24/Actor_05/03-01-03-01-02-01-05.wav,02-01-03-01-02-01-05,data/raw/ravdess/video_speech/Video_Speech_Actor_05/Actor_05/02-01-03-01-02-01-05.mp4
01-03-01-02-02-05,train,5,2,happy,03,03-01-03-01-02-02-05,data/raw/ravdess/audio_speech/Audio_Speech_Actors_01-24/Actor_05/03-01-03-01-02-02-05.wav,02-01-03-01-02-02-05,data/raw/ravdess/video_speech/Video_Speech_Actor_05/Actor_05/02-01-03-01-02-02-05.mp4
01-03-02-01-01-05,train,5,2,happy,03,03-01-03-02-01-01-05,data/raw/ravdess/audio_speech/Audio_Speech_Actors_01-24/Actor_05/03-01-03-02-01-01-05.wav,02-01-03-02-01-01-05,data/raw/ravdess/video_speech/Video_Speech_Actor_05/Actor_05/02-01-03-02-01-01-05.mp4
01-03-02-01-02-05,train,5,2,happy,03,03-01-03-02-01-02-05,data/raw/ravdess/audio_speech/Audio_Speech_Actors_01-24/Actor_05/03-01-03-02-01-02-05.wav,02-01-03-02-01-02-05,data/raw/ravdess/video_speech/Video_Speech_Actor_05/Actor_05/02-01-03-02-01-02-05.mp4
01-03-02-02-01-05,train,5,2,happy,03,03-01-03-02-02-01-05,data/raw/ravdess/audio_speech/Audio_Speech_Actors_01-24/Actor_05/03-01-03-02-02-01-05.wav,02-01-03-02-02-01-05,data/raw/ravdess/video_speech/Video_Speech_Actor_05/Actor_05/02-01-03-02-02-01-05.mp4
01-03-02-02-02-05,train,5,2,happy,03,03-01-03-02-02-02-05,data/raw/ravdess/audio_speech/Audio_Speech_Actors_01-24/Actor_05/03-01-03-02-02-02-05.wav,02-01-03-02-02-02-05,data/raw/ravdess/video_speech/Video_Speech_Actor_05/Actor_05/02-01-03-02-02-02-05.mp4
01-04-01-01-01-05,train,5,3,sad,04,03-01-04-01-01-01-05,data/raw/ravdess/audio_speech/Audio_Speech_Actors_01-24/Actor_05/03-01-04-01-01-01-05.wav,02-01-04-01-01-01-05,data/raw/ravdess/video_speech/Video_Speech_Actor_05/Actor_05/02-01-04-01-01-01-05.mp4
01-04-01-01-02-05,train,5,3,sad,04,03-01-04-01-01-02-05,data/raw/ravdess/audio_speech/Audio_Speech_Actors_01-24/Actor_05/03-01-04-01-01-02-05.wav,02-01-04-01-01-02-05,data/raw/ravdess/video_speech/Video_Speech_Actor_05/Actor_05/02-01-04-01-01-02-05.mp4
01-04-01-02-01-05,train,5,3,sad,04,03-01-04-01-02-01-05,data/raw/ravdess/audio_speech/Audio_Speech_Actors_01-24/Actor_05/03-01-04-01-02-01-05.wav,02-01-04-01-02-01-05,data/raw/ravdess/video_speech/Video_Speech_Actor_05/Actor_05/02-01-04-01-02-01-05.mp4
01-04-01-02-02-05,train,5,3,sad,04,03-01-04-01-02-02-05,data/raw/ravdess/audio_speech/Audio_Speech_Actors_01-24/Actor_05/03-01-04-01-02-02-05.wav,02-01-04-01-02-02-05,data/raw/ravdess/video_speech/Video_Speech_Actor_05/Actor_05/02-01-04-01-02-02-05.mp4
01-04-02-01-01-05,train,5,3,sad,04,03-01-04-02-01-01-05,data/raw/ravdess/audio_speech/Audio_Speech_Actors_01-24/Actor_05/03-01-04-02-01-01-05.wav,02-01-04-02-01-01-05,data/raw/ravdess/video_speech/Video_Speech_Actor_05/Actor_05/02-01-04-02-01-01-05.mp4
01-04-02-01-02-05,train,5,3,sad,04,03-01-04-02-01-02-05,data/raw/ravdess/audio_speech/Audio_Speech_Actors_01-24/Actor_05/03-01-04-02-01-02-05.wav,02-01-04-02-01-02-05,data/raw/ravdess/video_speech/Video_Speech_Actor_05/Actor_05/02-01-04-02-01-02-05.mp4
01-04-02-02-01-05,train,5,3,sad,04,03-01-04-02-02-01-05,data/raw/ravdess/audio_speech/Audio_Speech_Actors_01-24/Actor_05/03-01-04-02-02-01-05.wav,02-01-04-02-02-01-05,data/raw/ravdess/video_speech/Video_Speech_Actor_05/Actor_05/02-01-04-02-02-01-05.mp4
01-04-02-02-02-05,train,5,3,sad,04,03-01-04-02-02-02-05,data/raw/ravdess/audio_speech/Audio_Speech_Actors_01-24/Actor_05/03-01-04-02-02-02-05.wav,02-01-04-02-02-02-05,data/raw/ravdess/video_speech/Video_Speech_Actor_05/Actor_05/02-01-04-02-02-02-05.mp4
01-05-01-01-01-05,train,5,4,angry,05,03-01-05-01-01-01-05,data/raw/ravdess/audio_speech/Audio_Speech_Actors_01-24/Actor_05/03-01-05-01-01-01-05.wav,02-01-05-01-01-01-05,data/raw/ravdess/video_speech/Video_Speech_Actor_05/Actor_05/02-01-05-01-01-01-05.mp4
01-05-01-01-02-05,train,5,4,angry,05,03-01-05-01-01-02-05,data/raw/ravdess/audio_speech/Audio_Speech_Actors_01-24/Actor_05/03-01-05-01-01-02-05.wav,02-01-05-01-01-02-05,data/raw/ravdess/video_speech/Video_Speech_Actor_05/Actor_05/02-01-05-01-01-02-05.mp4
01-05-01-02-01-05,train,5,4,angry,05,03-01-05-01-02-01-05,data/raw/ravdess/audio_speech/Audio_Speech_Actors_01-24/Actor_05/03-01-05-01-02-01-05.wav,02-01-05-01-02-01-05,data/raw/ravdess/video_speech/Video_Speech_Actor_05/Actor_05/02-01-05-01-02-01-05.mp4
01-05-01-02-02-05,train,5,4,angry,05,03-01-05-01-02-02-05,data/raw/ravdess/audio_speech/Audio_Speech_Actors_01-24/Actor_05/03-01-05-01-02-02-05.wav,02-01-05-01-02-02-05,data/raw/ravdess/video_speech/Video_Speech_Actor_05/Actor_05/02-01-05-01-02-02-05.mp4
01-05-02-01-01-05,train,5,4,angry,05,03-01-05-02-01-01-05,data/raw/ravdess/audio_speech/Audio_Speech_Actors_01-24/Actor_05/03-01-05-02-01-01-05.wav,02-01-05-02-01-01-05,data/raw/ravdess/video_speech/Video_Speech_Actor_05/Actor_05/02-01-05-02-01-01-05.mp4
01-05-02-01-02-05,train,5,4,angry,05,03-01-05-02-01-02-05,data/raw/ravdess/audio_speech/Audio_Speech_Actors_01-24/Actor_05/03-01-05-02-01-02-05.wav,02-01-05-02-01-02-05,data/raw/ravdess/video_speech/Video_Speech_Actor_05/Actor_05/02-01-05-02-01-02-05.mp4
01-05-02-02-01-05,train,5,4,angry,05,03-01-05-02-02-01-05,data/raw/ravdess/audio_speech/Audio_Speech_Actors_01-24/Actor_05/03-01-05-02-02-01-05.wav,02-01-05-02-02-01-05,data/raw/ravdess/video_speech/Video_Speech_Actor_05/Actor_05/02-01-05-02-02-01-05.mp4
01-05-02-02-02-05,train,5,4,angry,05,03-01-05-02-02-02-05,data/raw/ravdess/audio_speech/Audio_Speech_Actors_01-24/Actor_05/03-01-05-02-02-02-05.wav,02-01-05-02-02-02-05,data/raw/ravdess/video_speech/Video_Speech_Actor_05/Actor_05/02-01-05-02-02-02-05.mp4
01-06-01-01-01-05,train,5,5,fearful,06,03-01-06-01-01-01-05,data/raw/ravdess/audio_speech/Audio_Speech_Actors_01-24/Actor_05/03-01-06-01-01-01-05.wav,02-01-06-01-01-01-05,data/raw/ravdess/video_speech/Video_Speech_Actor_05/Actor_05/02-01-06-01-01-01-05.mp4
01-06-01-01-02-05,train,5,5,fearful,06,03-01-06-01-01-02-05,data/raw/ravdess/audio_speech/Audio_Speech_Actors_01-24/Actor_05/03-01-06-01-01-02-05.wav,02-01-06-01-01-02-05,data/raw/ravdess/video_speech/Video_Speech_Actor_05/Actor_05/02-01-06-01-01-02-05.mp4
01-06-01-02-01-05,train,5,5,fearful,06,03-01-06-01-02-01-05,data/raw/ravdess/audio_speech/Audio_Speech_Actors_01-24/Actor_05/03-01-06-01-02-01-05.wav,02-01-06-01-02-01-05,data/raw/ravdess/video_speech/Video_Speech_Actor_05/Actor_05/02-01-06-01-02-01-05.mp4
01-06-01-02-02-05,train,5,5,fearful,06,03-01-06-01-02-02-05,data/raw/ravdess/audio_speech/Audio_Speech_Actors_01-24/Actor_05/03-01-06-01-02-02-05.wav,02-01-06-01-02-02-05,data/raw/ravdess/video_speech/Video_Speech_Actor_05/Actor_05/02-01-06-01-02-02-05.mp4
01-06-02-01-01-05,train,5,5,fearful,06,03-01-06-02-01-01-05,data/raw/ravdess/audio_speech/Audio_Speech_Actors_01-24/Actor_05/03-01-06-02-01-01-05.wav,02-01-06-02-01-01-05,data/raw/ravdess/video_speech/Video_Speech_Actor_05/Actor_05/02-01-06-02-01-01-05.mp4
01-06-02-01-02-05,train,5,5,fearful,06,03-01-06-02-01-02-05,data/raw/ravdess/audio_speech/Audio_Speech_Actors_01-24/Actor_05/03-01-06-02-01-02-05.wav,02-01-06-02-01-02-05,data/raw/ravdess/video_speech/Video_Speech_Actor_05/Actor_05/02-01-06-02-01-02-05.mp4
01-06-02-02-01-05,train,5,5,fearful,06,03-01-06-02-02-01-05,data/raw/ravdess/audio_speech/Audio_Speech_Actors_01-24/Actor_05/03-01-06-02-02-01-05.wav,02-01-06-02-02-01-05,data/raw/ravdess/video_speech/Video_Speech_Actor_05/Actor_05/02-01-06-02-02-01-05.mp4
01-06-02-02-02-05,train,5,5,fearful,06,03-01-06-02-02-02-05,data/raw/ravdess/audio_speech/Audio_Speech_Actors_01-24/Actor_05/03-01-06-02-02-02-05.wav,02-01-06-02-02-02-05,data/raw/ravdess/video_speech/Video_Speech_Actor_05/Actor_05/02-01-06-02-02-02-05.mp4
01-07-01-01-01-05,train,5,6,disgust,07,03-01-07-01-01-01-05,data/raw/ravdess/audio_speech/Audio_Speech_Actors_01-24/Actor_05/03-01-07-01-01-01-05.wav,02-01-07-01-01-01-05,data/raw/ravdess/video_speech/Video_Speech_Actor_05/Actor_05/02-01-07-01-01-01-05.mp4
01-07-01-01-02-05,train,5,6,disgust,07,03-01-07-01-01-02-05,data/raw/ravdess/audio_speech/Audio_Speech_Actors_01-24/Actor_05/03-01-07-01-01-02-05.wav,02-01-07-01-01-02-05,data/raw/ravdess/video_speech/Video_Speech_Actor_05/Actor_05/02-01-07-01-01-02-05.mp4
01-07-01-02-01-05,train,5,6,disgust,07,03-01-07-01-02-01-05,data/raw/ravdess/audio_speech/Audio_Speech_Actors_01-24/Actor_05/03-01-07-01-02-01-05.wav,02-01-07-01-02-01-05,data/raw/ravdess/video_speech/Video_Speech_Actor_05/Actor_05/02-01-07-01-02-01-05.mp4
01-07-01-02-02-05,train,5,6,disgust,07,03-01-07-01-02-02-05,data/raw/ravdess/audio_speech/Audio_Speech_Actors_01-24/Actor_05/03-01-07-01-02-02-05.wav,02-01-07-01-02-02-05,data/raw/ravdess/video_speech/Video_Speech_Actor_05/Actor_05/02-01-07-01-02-02-05.mp4
01-07-02-01-01-05,train,5,6,disgust,07,03-01-07-02-01-01-05,data/raw/ravdess/audio_speech/Audio_Speech_Actors_01-24/Actor_05/03-01-07-02-01-01-05.wav,02-01-07-02-01-01-05,data/raw/ravdess/video_speech/Video_Speech_Actor_05/Actor_05/02-01-07-02-01-01-05.mp4
01-07-02-01-02-05,train,5,6,disgust,07,03-01-07-02-01-02-05,data/raw/ravdess/audio_speech/Audio_Speech_Actors_01-24/Actor_05/03-01-07-02-01-02-05.wav,02-01-07-02-01-02-05,data/raw/ravdess/video_speech/Video_Speech_Actor_05/Actor_05/02-01-07-02-01-02-05.mp4
01-07-02-02-01-05,train,5,6,disgust,07,03-01-07-02-02-01-05,data/raw/ravdess/audio_speech/Audio_Speech_Actors_01-24/Actor_05/03-01-07-02-02-01-05.wav,02-01-07-02-02-01-05,data/raw/ravdess/video_speech/Video_Speech_Actor_05/Actor_05/02-01-07-02-02-01-05.mp4
01-07-02-02-02-05,train,5,6,disgust,07,03-01-07-02-02-02-05,data/raw/ravdess/audio_speech/Audio_Speech_Actors_01-24/Actor_05/03-01-07-02-02-02-05.wav,02-01-07-02-02-02-05,data/raw/ravdess/video_speech/Video_Speech_Actor_05/Actor_05/02-01-07-02-02-02-05.mp4
01-08-01-01-01-05,train,5,7,surprise,08,03-01-08-01-01-01-05,data/raw/ravdess/audio_speech/Audio_Speech_Actors_01-24/Actor_05/03-01-08-01-01-01-05.wav,02-01-08-01-01-01-05,data/raw/ravdess/video_speech/Video_Speech_Actor_05/Actor_05/02-01-08-01-01-01-05.mp4
01-08-01-01-02-05,train,5,7,surprise,08,03-01-08-01-01-02-05,data/raw/ravdess/audio_speech/Audio_Speech_Actors_01-24/Actor_05/03-01-08-01-01-02-05.wav,02-01-08-01-01-02-05,data/raw/ravdess/video_speech/Video_Speech_Actor_05/Actor_05/02-01-08-01-01-02-05.mp4
01-08-01-02-01-05,train,5,7,surprise,08,03-01-08-01-02-01-05,data/raw/ravdess/audio_speech/Audio_Speech_Actors_01-24/Actor_05/03-01-08-01-02-01-05.wav,02-01-08-01-02-01-05,data/raw/ravdess/video_speech/Video_Speech_Actor_05/Actor_05/02-01-08-01-02-01-05.mp4
01-08-01-02-02-05,train,5,7,surprise,08,03-01-08-01-02-02-05,data/raw/ravdess/audio_speech/Audio_Speech_Actors_01-24/Actor_05/03-01-08-01-02-02-05.wav,02-01-08-01-02-02-05,data/raw/ravdess/video_speech/Video_Speech_Actor_05/Actor_05/02-01-08-01-02-02-05.mp4
01-08-02-01-01-05,train,5,7,surprise,08,03-01-08-02-01-01-05,data/raw/ravdess/audio_speech/Audio_Speech_Actors_01-24/Actor_05/03-01-08-02-01-01-05.wav,02-01-08-02-01-01-05,data/raw/ravdess/video_speech/Video_Speech_Actor_05/Actor_05/02-01-08-02-01-01-05.mp4
01-08-02-01-02-05,train,5,7,surprise,08,03-01-08-02-01-02-05,data/raw/ravdess/audio_speech/Audio_Speech_Actors_01-24/Actor_05/03-01-08-02-01-02-05.wav,02-01-08-02-01-02-05,data/raw/ravdess/video_speech/Video_Speech_Actor_05/Actor_05/02-01-08-02-01-02-05.mp4
01-08-02-02-01-05,train,5,7,surprise,08,03-01-08-02-02-01-05,data/raw/ravdess/audio_speech/Audio_Speech_Actors_01-24/Actor_05/03-01-08-02-02-01-05.wav,02-01-08-02-02-01-05,data/raw/ravdess/video_speech/Video_Speech_Actor_05/Actor_05/02-01-08-02-02-01-05.mp4
01-08-02-02-02-05,train,5,7,surprise,08,03-01-08-02-02-02-05,data/raw/ravdess/audio_speech/Audio_Speech_Actors_01-24/Actor_05/03-01-08-02-02-02-05.wav,02-01-08-02-02-02-05,data/raw/ravdess/video_speech/Video_Speech_Actor_05/Actor_05/02-01-08-02-02-02-05.mp4
01-01-01-01-01-06,train,6,0,neutral,01,03-01-01-01-01-01-06,data/raw/ravdess/audio_speech/Audio_Speech_Actors_01-24/Actor_06/03-01-01-01-01-01-06.wav,02-01-01-01-01-01-06,data/raw/ravdess/video_speech/Video_Speech_Actor_06/Actor_06/02-01-01-01-01-01-06.mp4
01-01-01-01-02-06,train,6,0,neutral,01,03-01-01-01-01-02-06,data/raw/ravdess/audio_speech/Audio_Speech_Actors_01-24/Actor_06/03-01-01-01-01-02-06.wav,02-01-01-01-01-02-06,data/raw/ravdess/video_speech/Video_Speech_Actor_06/Actor_06/02-01-01-01-01-02-06.mp4
01-01-01-02-01-06,train,6,0,neutral,01,03-01-01-01-02-01-06,data/raw/ravdess/audio_speech/Audio_Speech_Actors_01-24/Actor_06/03-01-01-01-02-01-06.wav,02-01-01-01-02-01-06,data/raw/ravdess/video_speech/Video_Speech_Actor_06/Actor_06/02-01-01-01-02-01-06.mp4
01-01-01-02-02-06,train,6,0,neutral,01,03-01-01-01-02-02-06,data/raw/ravdess/audio_speech/Audio_Speech_Actors_01-24/Actor_06/03-01-01-01-02-02-06.wav,02-01-01-01-02-02-06,data/raw/ravdess/video_speech/Video_Speech_Actor_06/Actor_06/02-01-01-01-02-02-06.mp4
01-02-01-01-01-06,train,6,1,calm,02,03-01-02-01-01-01-06,data/raw/ravdess/audio_speech/Audio_Speech_Actors_01-24/Actor_06/03-01-02-01-01-01-06.wav,02-01-02-01-01-01-06,data/raw/ravdess/video_speech/Video_Speech_Actor_06/Actor_06/02-01-02-01-01-01-06.mp4
01-02-01-01-02-06,train,6,1,calm,02,03-01-02-01-01-02-06,data/raw/ravdess/audio_speech/Audio_Speech_Actors_01-24/Actor_06/03-01-02-01-01-02-06.wav,02-01-02-01-01-02-06,data/raw/ravdess/video_speech/Video_Speech_Actor_06/Actor_06/02-01-02-01-01-02-06.mp4
01-02-01-02-01-06,train,6,1,calm,02,03-01-02-01-02-01-06,data/raw/ravdess/audio_speech/Audio_Speech_Actors_01-24/Actor_06/03-01-02-01-02-01-06.wav,02-01-02-01-02-01-06,data/raw/ravdess/video_speech/Video_Speech_Actor_06/Actor_06/02-01-02-01-02-01-06.mp4
01-02-01-02-02-06,train,6,1,calm,02,03-01-02-01-02-02-06,data/raw/ravdess/audio_speech/Audio_Speech_Actors_01-24/Actor_06/03-01-02-01-02-02-06.wav,02-01-02-01-02-02-06,data/raw/ravdess/video_speech/Video_Speech_Actor_06/Actor_06/02-01-02-01-02-02-06.mp4
01-02-02-01-01-06,train,6,1,calm,02,03-01-02-02-01-01-06,data/raw/ravdess/audio_speech/Audio_Speech_Actors_01-24/Actor_06/03-01-02-02-01-01-06.wav,02-01-02-02-01-01-06,data/raw/ravdess/video_speech/Video_Speech_Actor_06/Actor_06/02-01-02-02-01-01-06.mp4
01-02-02-01-02-06,train,6,1,calm,02,03-01-02-02-01-02-06,data/raw/ravdess/audio_speech/Audio_Speech_Actors_01-24/Actor_06/03-01-02-02-01-02-06.wav,02-01-02-02-01-02-06,data/raw/ravdess/video_speech/Video_Speech_Actor_06/Actor_06/02-01-02-02-01-02-06.mp4
01-02-02-02-01-06,train,6,1,calm,02,03-01-02-02-02-01-06,data/raw/ravdess/audio_speech/Audio_Speech_Actors_01-24/Actor_06/03-01-02-02-02-01-06.wav,02-01-02-02-02-01-06,data/raw/ravdess/video_speech/Video_Speech_Actor_06/Actor_06/02-01-02-02-02-01-06.mp4
01-02-02-02-02-06,train,6,1,calm,02,03-01-02-02-02-02-06,data/raw/ravdess/audio_speech/Audio_Speech_Actors_01-24/Actor_06/03-01-02-02-02-02-06.wav,02-01-02-02-02-02-06,data/raw/ravdess/video_speech/Video_Speech_Actor_06/Actor_06/02-01-02-02-02-02-06.mp4
01-03-01-01-01-06,train,6,2,happy,03,03-01-03-01-01-01-06,data/raw/ravdess/audio_speech/Audio_Speech_Actors_01-24/Actor_06/03-01-03-01-01-01-06.wav,02-01-03-01-01-01-06,data/raw/ravdess/video_speech/Video_Speech_Actor_06/Actor_06/02-01-03-01-01-01-06.mp4
01-03-01-01-02-06,train,6,2,happy,03,03-01-03-01-01-02-06,data/raw/ravdess/audio_speech/Audio_Speech_Actors_01-24/Actor_06/03-01-03-01-01-02-06.wav,02-01-03-01-01-02-06,data/raw/ravdess/video_speech/Video_Speech_Actor_06/Actor_06/02-01-03-01-01-02-06.mp4
01-03-01-02-01-06,train,6,2,happy,03,03-01-03-01-02-01-06,data/raw/ravdess/audio_speech/Audio_Speech_Actors_01-24/Actor_06/03-01-03-01-02-01-06.wav,02-01-03-01-02-01-06,data/raw/ravdess/video_speech/Video_Speech_Actor_06/Actor_06/02-01-03-01-02-01-06.mp4
01-03-01-02-02-06,train,6,2,happy,03,03-01-03-01-02-02-06,data/raw/ravdess/audio_speech/Audio_Speech_Actors_01-24/Actor_06/03-01-03-01-02-02-06.wav,02-01-03-01-02-02-06,data/raw/ravdess/video_speech/Video_Speech_Actor_06/Actor_06/02-01-03-01-02-02-06.mp4
01-03-02-01-01-06,train,6,2,happy,03,03-01-03-02-01-01-06,data/raw/ravdess/audio_speech/Audio_Speech_Actors_01-24/Actor_06/03-01-03-02-01-01-06.wav,02-01-03-02-01-01-06,data/raw/ravdess/video_speech/Video_Speech_Actor_06/Actor_06/02-01-03-02-01-01-06.mp4
01-03-02-01-02-06,train,6,2,happy,03,03-01-03-02-01-02-06,data/raw/ravdess/audio_speech/Audio_Speech_Actors_01-24/Actor_06/03-01-03-02-01-02-06.wav,02-01-03-02-01-02-06,data/raw/ravdess/video_speech/Video_Speech_Actor_06/Actor_06/02-01-03-02-01-02-06.mp4
01-03-02-02-01-06,train,6,2,happy,03,03-01-03-02-02-01-06,data/raw/ravdess/audio_speech/Audio_Speech_Actors_01-24/Actor_06/03-01-03-02-02-01-06.wav,02-01-03-02-02-01-06,data/raw/ravdess/video_speech/Video_Speech_Actor_06/Actor_06/02-01-03-02-02-01-06.mp4
01-03-02-02-02-06,train,6,2,happy,03,03-01-03-02-02-02-06,data/raw/ravdess/audio_speech/Audio_Speech_Actors_01-24/Actor_06/03-01-03-02-02-02-06.wav,02-01-03-02-02-02-06,data/raw/ravdess/video_speech/Video_Speech_Actor_06/Actor_06/02-01-03-02-02-02-06.mp4
01-04-01-01-01-06,train,6,3,sad,04,03-01-04-01-01-01-06,data/raw/ravdess/audio_speech/Audio_Speech_Actors_01-24/Actor_06/03-01-04-01-01-01-06.wav,02-01-04-01-01-01-06,data/raw/ravdess/video_speech/Video_Speech_Actor_06/Actor_06/02-01-04-01-01-01-06.mp4
01-04-01-01-02-06,train,6,3,sad,04,03-01-04-01-01-02-06,data/raw/ravdess/audio_speech/Audio_Speech_Actors_01-24/Actor_06/03-01-04-01-01-02-06.wav,02-01-04-01-01-02-06,data/raw/ravdess/video_speech/Video_Speech_Actor_06/Actor_06/02-01-04-01-01-02-06.mp4
01-04-01-02-01-06,train,6,3,sad,04,03-01-04-01-02-01-06,data/raw/ravdess/audio_speech/Audio_Speech_Actors_01-24/Actor_06/03-01-04-01-02-01-06.wav,02-01-04-01-02-01-06,data/raw/ravdess/video_speech/Video_Speech_Actor_06/Actor_06/02-01-04-01-02-01-06.mp4
01-04-01-02-02-06,train,6,3,sad,04,03-01-04-01-02-02-06,data/raw/ravdess/audio_speech/Audio_Speech_Actors_01-24/Actor_06/03-01-04-01-02-02-06.wav,02-01-04-01-02-02-06,data/raw/ravdess/video_speech/Video_Speech_Actor_06/Actor_06/02-01-04-01-02-02-06.mp4
01-04-02-01-01-06,train,6,3,sad,04,03-01-04-02-01-01-06,data/raw/ravdess/audio_speech/Audio_Speech_Actors_01-24/Actor_06/03-01-04-02-01-01-06.wav,02-01-04-02-01-01-06,data/raw/ravdess/video_speech/Video_Speech_Actor_06/Actor_06/02-01-04-02-01-01-06.mp4
01-04-02-01-02-06,train,6,3,sad,04,03-01-04-02-01-02-06,data/raw/ravdess/audio_speech/Audio_Speech_Actors_01-24/Actor_06/03-01-04-02-01-02-06.wav,02-01-04-02-01-02-06,data/raw/ravdess/video_speech/Video_Speech_Actor_06/Actor_06/02-01-04-02-01-02-06.mp4
01-04-02-02-01-06,train,6,3,sad,04,03-01-04-02-02-01-06,data/raw/ravdess/audio_speech/Audio_Speech_Actors_01-24/Actor_06/03-01-04-02-02-01-06.wav,02-01-04-02-02-01-06,data/raw/ravdess/video_speech/Video_Speech_Actor_06/Actor_06/02-01-04-02-02-01-06.mp4
01-04-02-02-02-06,train,6,3,sad,04,03-01-04-02-02-02-06,data/raw/ravdess/audio_speech/Audio_Speech_Actors_01-24/Actor_06/03-01-04-02-02-02-06.wav,02-01-04-02-02-02-06,data/raw/ravdess/video_speech/Video_Speech_Actor_06/Actor_06/02-01-04-02-02-02-06.mp4
01-05-01-01-01-06,train,6,4,angry,05,03-01-05-01-01-01-06,data/raw/ravdess/audio_speech/Audio_Speech_Actors_01-24/Actor_06/03-01-05-01-01-01-06.wav,02-01-05-01-01-01-06,data/raw/ravdess/video_speech/Video_Speech_Actor_06/Actor_06/02-01-05-01-01-01-06.mp4
01-05-01-01-02-06,train,6,4,angry,05,03-01-05-01-01-02-06,data/raw/ravdess/audio_speech/Audio_Speech_Actors_01-24/Actor_06/03-01-05-01-01-02-06.wav,02-01-05-01-01-02-06,data/raw/ravdess/video_speech/Video_Speech_Actor_06/Actor_06/02-01-05-01-01-02-06.mp4
01-05-01-02-01-06,train,6,4,angry,05,03-01-05-01-02-01-06,data/raw/ravdess/audio_speech/Audio_Speech_Actors_01-24/Actor_06/03-01-05-01-02-01-06.wav,02-01-05-01-02-01-06,data/raw/ravdess/video_speech/Video_Speech_Actor_06/Actor_06/02-01-05-01-02-01-06.mp4
01-05-01-02-02-06,train,6,4,angry,05,03-01-05-01-02-02-06,data/raw/ravdess/audio_speech/Audio_Speech_Actors_01-24/Actor_06/03-01-05-01-02-02-06.wav,02-01-05-01-02-02-06,data/raw/ravdess/video_speech/Video_Speech_Actor_06/Actor_06/02-01-05-01-02-02-06.mp4
01-05-02-01-01-06,train,6,4,angry,05,03-01-05-02-01-01-06,data/raw/ravdess/audio_speech/Audio_Speech_Actors_01-24/Actor_06/03-01-05-02-01-01-06.wav,02-01-05-02-01-01-06,data/raw/ravdess/video_speech/Video_Speech_Actor_06/Actor_06/02-01-05-02-01-01-06.mp4
01-05-02-01-02-06,train,6,4,angry,05,03-01-05-02-01-02-06,data/raw/ravdess/audio_speech/Audio_Speech_Actors_01-24/Actor_06/03-01-05-02-01-02-06.wav,02-01-05-02-01-02-06,data/raw/ravdess/video_speech/Video_Speech_Actor_06/Actor_06/02-01-05-02-01-02-06.mp4
01-05-02-02-01-06,train,6,4,angry,05,03-01-05-02-02-01-06,data/raw/ravdess/audio_speech/Audio_Speech_Actors_01-24/Actor_06/03-01-05-02-02-01-06.wav,02-01-05-02-02-01-06,data/raw/ravdess/video_speech/Video_Speech_Actor_06/Actor_06/02-01-05-02-02-01-06.mp4
01-05-02-02-02-06,train,6,4,angry,05,03-01-05-02-02-02-06,data/raw/ravdess/audio_speech/Audio_Speech_Actors_01-24/Actor_06/03-01-05-02-02-02-06.wav,02-01-05-02-02-02-06,data/raw/ravdess/video_speech/Video_Speech_Actor_06/Actor_06/02-01-05-02-02-02-06.mp4
01-06-01-01-01-06,train,6,5,fearful,06,03-01-06-01-01-01-06,data/raw/ravdess/audio_speech/Audio_Speech_Actors_01-24/Actor_06/03-01-06-01-01-01-06.wav,02-01-06-01-01-01-06,data/raw/ravdess/video_speech/Video_Speech_Actor_06/Actor_06/02-01-06-01-01-01-06.mp4
01-06-01-01-02-06,train,6,5,fearful,06,03-01-06-01-01-02-06,data/raw/ravdess/audio_speech/Audio_Speech_Actors_01-24/Actor_06/03-01-06-01-01-02-06.wav,02-01-06-01-01-02-06,data/raw/ravdess/video_speech/Video_Speech_Actor_06/Actor_06/02-01-06-01-01-02-06.mp4
01-06-01-02-01-06,train,6,5,fearful,06,03-01-06-01-02-01-06,data/raw/ravdess/audio_speech/Audio_Speech_Actors_01-24/Actor_06/03-01-06-01-02-01-06.wav,02-01-06-01-02-01-06,data/raw/ravdess/video_speech/Video_Speech_Actor_06/Actor_06/02-01-06-01-02-01-06.mp4
01-06-01-02-02-06,train,6,5,fearful,06,03-01-06-01-02-02-06,data/raw/ravdess/audio_speech/Audio_Speech_Actors_01-24/Actor_06/03-01-06-01-02-02-06.wav,02-01-06-01-02-02-06,data/raw/ravdess/video_speech/Video_Speech_Actor_06/Actor_06/02-01-06-01-02-02-06.mp4
01-06-02-01-01-06,train,6,5,fearful,06,03-01-06-02-01-01-06,data/raw/ravdess/audio_speech/Audio_Speech_Actors_01-24/Actor_06/03-01-06-02-01-01-06.wav,02-01-06-02-01-01-06,data/raw/ravdess/video_speech/Video_Speech_Actor_06/Actor_06/02-01-06-02-01-01-06.mp4
01-06-02-01-02-06,train,6,5,fearful,06,03-01-06-02-01-02-06,data/raw/ravdess/audio_speech/Audio_Speech_Actors_01-24/Actor_06/03-01-06-02-01-02-06.wav,02-01-06-02-01-02-06,data/raw/ravdess/video_speech/Video_Speech_Actor_06/Actor_06/02-01-06-02-01-02-06.mp4
01-06-02-02-01-06,train,6,5,fearful,06,03-01-06-02-02-01-06,data/raw/ravdess/audio_speech/Audio_Speech_Actors_01-24/Actor_06/03-01-06-02-02-01-06.wav,02-01-06-02-02-01-06,data/raw/ravdess/video_speech/Video_Speech_Actor_06/Actor_06/02-01-06-02-02-01-06.mp4
01-06-02-02-02-06,train,6,5,fearful,06,03-01-06-02-02-02-06,data/raw/ravdess/audio_speech/Audio_Speech_Actors_01-24/Actor_06/03-01-06-02-02-02-06.wav,02-01-06-02-02-02-06,data/raw/ravdess/video_speech/Video_Speech_Actor_06/Actor_06/02-01-06-02-02-02-06.mp4
01-07-01-01-01-06,train,6,6,disgust,07,03-01-07-01-01-01-06,data/raw/ravdess/audio_speech/Audio_Speech_Actors_01-24/Actor_06/03-01-07-01-01-01-06.wav,02-01-07-01-01-01-06,data/raw/ravdess/video_speech/Video_Speech_Actor_06/Actor_06/02-01-07-01-01-01-06.mp4
01-07-01-01-02-06,train,6,6,disgust,07,03-01-07-01-01-02-06,data/raw/ravdess/audio_speech/Audio_Speech_Actors_01-24/Actor_06/03-01-07-01-01-02-06.wav,02-01-07-01-01-02-06,data/raw/ravdess/video_speech/Video_Speech_Actor_06/Actor_06/02-01-07-01-01-02-06.mp4
01-07-01-02-01-06,train,6,6,disgust,07,03-01-07-01-02-01-06,data/raw/ravdess/audio_speech/Audio_Speech_Actors_01-24/Actor_06/03-01-07-01-02-01-06.wav,02-01-07-01-02-01-06,data/raw/ravdess/video_speech/Video_Speech_Actor_06/Actor_06/02-01-07-01-02-01-06.mp4
01-07-01-02-02-06,train,6,6,disgust,07,03-01-07-01-02-02-06,data/raw/ravdess/audio_speech/Audio_Speech_Actors_01-24/Actor_06/03-01-07-01-02-02-06.wav,02-01-07-01-02-02-06,data/raw/ravdess/video_speech/Video_Speech_Actor_06/Actor_06/02-01-07-01-02-02-06.mp4
01-07-02-01-01-06,train,6,6,disgust,07,03-01-07-02-01-01-06,data/raw/ravdess/audio_speech/Audio_Speech_Actors_01-24/Actor_06/03-01-07-02-01-01-06.wav,02-01-07-02-01-01-06,data/raw/ravdess/video_speech/Video_Speech_Actor_06/Actor_06/02-01-07-02-01-01-06.mp4
01-07-02-01-02-06,train,6,6,disgust,07,03-01-07-02-01-02-06,data/raw/ravdess/audio_speech/Audio_Speech_Actors_01-24/Actor_06/03-01-07-02-01-02-06.wav,02-01-07-02-01-02-06,data/raw/ravdess/video_speech/Video_Speech_Actor_06/Actor_06/02-01-07-02-01-02-06.mp4
01-07-02-02-01-06,train,6,6,disgust,07,03-01-07-02-02-01-06,data/raw/ravdess/audio_speech/Audio_Speech_Actors_01-24/Actor_06/03-01-07-02-02-01-06.wav,02-01-07-02-02-01-06,data/raw/ravdess/video_speech/Video_Speech_Actor_06/Actor_06/02-01-07-02-02-01-06.mp4
01-07-02-02-02-06,train,6,6,disgust,07,03-01-07-02-02-02-06,data/raw/ravdess/audio_speech/Audio_Speech_Actors_01-24/Actor_06/03-01-07-02-02-02-06.wav,02-01-07-02-02-02-06,data/raw/ravdess/video_speech/Video_Speech_Actor_06/Actor_06/02-01-07-02-02-02-06.mp4
01-08-01-01-01-06,train,6,7,surprise,08,03-01-08-01-01-01-06,data/raw/ravdess/audio_speech/Audio_Speech_Actors_01-24/Actor_06/03-01-08-01-01-01-06.wav,02-01-08-01-01-01-06,data/raw/ravdess/video_speech/Video_Speech_Actor_06/Actor_06/02-01-08-01-01-01-06.mp4
01-08-01-01-02-06,train,6,7,surprise,08,03-01-08-01-01-02-06,data/raw/ravdess/audio_speech/Audio_Speech_Actors_01-24/Actor_06/03-01-08-01-01-02-06.wav,02-01-08-01-01-02-06,data/raw/ravdess/video_speech/Video_Speech_Actor_06/Actor_06/02-01-08-01-01-02-06.mp4
01-08-01-02-01-06,train,6,7,surprise,08,03-01-08-01-02-01-06,data/raw/ravdess/audio_speech/Audio_Speech_Actors_01-24/Actor_06/03-01-08-01-02-01-06.wav,02-01-08-01-02-01-06,data/raw/ravdess/video_speech/Video_Speech_Actor_06/Actor_06/02-01-08-01-02-01-06.mp4
01-08-01-02-02-06,train,6,7,surprise,08,03-01-08-01-02-02-06,data/raw/ravdess/audio_speech/Audio_Speech_Actors_01-24/Actor_06/03-01-08-01-02-02-06.wav,02-01-08-01-02-02-06,data/raw/ravdess/video_speech/Video_Speech_Actor_06/Actor_06/02-01-08-01-02-02-06.mp4
01-08-02-01-01-06,train,6,7,surprise,08,03-01-08-02-01-01-06,data/raw/ravdess/audio_speech/Audio_Speech_Actors_01-24/Actor_06/03-01-08-02-01-01-06.wav,02-01-08-02-01-01-06,data/raw/ravdess/video_speech/Video_Speech_Actor_06/Actor_06/02-01-08-02-01-01-06.mp4
01-08-02-01-02-06,train,6,7,surprise,08,03-01-08-02-01-02-06,data/raw/ravdess/audio_speech/Audio_Speech_Actors_01-24/Actor_06/03-01-08-02-01-02-06.wav,02-01-08-02-01-02-06,data/raw/ravdess/video_speech/Video_Speech_Actor_06/Actor_06/02-01-08-02-01-02-06.mp4
01-08-02-02-01-06,train,6,7,surprise,08,03-01-08-02-02-01-06,data/raw/ravdess/audio_speech/Audio_Speech_Actors_01-24/Actor_06/03-01-08-02-02-01-06.wav,02-01-08-02-02-01-06,data/raw/ravdess/video_speech/Video_Speech_Actor_06/Actor_06/02-01-08-02-02-01-06.mp4
01-08-02-02-02-06,train,6,7,surprise,08,03-01-08-02-02-02-06,data/raw/ravdess/audio_speech/Audio_Speech_Actors_01-24/Actor_06/03-01-08-02-02-02-06.wav,02-01-08-02-02-02-06,data/raw/ravdess/video_speech/Video_Speech_Actor_06/Actor_06/02-01-08-02-02-02-06.mp4
01-01-01-01-01-07,train,7,0,neutral,01,03-01-01-01-01-01-07,data/raw/ravdess/audio_speech/Audio_Speech_Actors_01-24/Actor_07/03-01-01-01-01-01-07.wav,02-01-01-01-01-01-07,data/raw/ravdess/video_speech/Video_Speech_Actor_07/Actor_07/02-01-01-01-01-01-07.mp4
01-01-01-01-02-07,train,7,0,neutral,01,03-01-01-01-01-02-07,data/raw/ravdess/audio_speech/Audio_Speech_Actors_01-24/Actor_07/03-01-01-01-01-02-07.wav,02-01-01-01-01-02-07,data/raw/ravdess/video_speech/Video_Speech_Actor_07/Actor_07/02-01-01-01-01-02-07.mp4
01-01-01-02-01-07,train,7,0,neutral,01,03-01-01-01-02-01-07,data/raw/ravdess/audio_speech/Audio_Speech_Actors_01-24/Actor_07/03-01-01-01-02-01-07.wav,02-01-01-01-02-01-07,data/raw/ravdess/video_speech/Video_Speech_Actor_07/Actor_07/02-01-01-01-02-01-07.mp4
01-01-01-02-02-07,train,7,0,neutral,01,03-01-01-01-02-02-07,data/raw/ravdess/audio_speech/Audio_Speech_Actors_01-24/Actor_07/03-01-01-01-02-02-07.wav,02-01-01-01-02-02-07,data/raw/ravdess/video_speech/Video_Speech_Actor_07/Actor_07/02-01-01-01-02-02-07.mp4
01-02-01-01-01-07,train,7,1,calm,02,03-01-02-01-01-01-07,data/raw/ravdess/audio_speech/Audio_Speech_Actors_01-24/Actor_07/03-01-02-01-01-01-07.wav,02-01-02-01-01-01-07,data/raw/ravdess/video_speech/Video_Speech_Actor_07/Actor_07/02-01-02-01-01-01-07.mp4
01-02-01-01-02-07,train,7,1,calm,02,03-01-02-01-01-02-07,data/raw/ravdess/audio_speech/Audio_Speech_Actors_01-24/Actor_07/03-01-02-01-01-02-07.wav,02-01-02-01-01-02-07,data/raw/ravdess/video_speech/Video_Speech_Actor_07/Actor_07/02-01-02-01-01-02-07.mp4
01-02-01-02-01-07,train,7,1,calm,02,03-01-02-01-02-01-07,data/raw/ravdess/audio_speech/Audio_Speech_Actors_01-24/Actor_07/03-01-02-01-02-01-07.wav,02-01-02-01-02-01-07,data/raw/ravdess/video_speech/Video_Speech_Actor_07/Actor_07/02-01-02-01-02-01-07.mp4
01-02-01-02-02-07,train,7,1,calm,02,03-01-02-01-02-02-07,data/raw/ravdess/audio_speech/Audio_Speech_Actors_01-24/Actor_07/03-01-02-01-02-02-07.wav,02-01-02-01-02-02-07,data/raw/ravdess/video_speech/Video_Speech_Actor_07/Actor_07/02-01-02-01-02-02-07.mp4
01-02-02-01-01-07,train,7,1,calm,02,03-01-02-02-01-01-07,data/raw/ravdess/audio_speech/Audio_Speech_Actors_01-24/Actor_07/03-01-02-02-01-01-07.wav,02-01-02-02-01-01-07,data/raw/ravdess/video_speech/Video_Speech_Actor_07/Actor_07/02-01-02-02-01-01-07.mp4
01-02-02-01-02-07,train,7,1,calm,02,03-01-02-02-01-02-07,data/raw/ravdess/audio_speech/Audio_Speech_Actors_01-24/Actor_07/03-01-02-02-01-02-07.wav,02-01-02-02-01-02-07,data/raw/ravdess/video_speech/Video_Speech_Actor_07/Actor_07/02-01-02-02-01-02-07.mp4
01-02-02-02-01-07,train,7,1,calm,02,03-01-02-02-02-01-07,data/raw/ravdess/audio_speech/Audio_Speech_Actors_01-24/Actor_07/03-01-02-02-02-01-07.wav,02-01-02-02-02-01-07,data/raw/ravdess/video_speech/Video_Speech_Actor_07/Actor_07/02-01-02-02-02-01-07.mp4
01-02-02-02-02-07,train,7,1,calm,02,03-01-02-02-02-02-07,data/raw/ravdess/audio_speech/Audio_Speech_Actors_01-24/Actor_07/03-01-02-02-02-02-07.wav,02-01-02-02-02-02-07,data/raw/ravdess/video_speech/Video_Speech_Actor_07/Actor_07/02-01-02-02-02-02-07.mp4
01-03-01-01-01-07,train,7,2,happy,03,03-01-03-01-01-01-07,data/raw/ravdess/audio_speech/Audio_Speech_Actors_01-24/Actor_07/03-01-03-01-01-01-07.wav,02-01-03-01-01-01-07,data/raw/ravdess/video_speech/Video_Speech_Actor_07/Actor_07/02-01-03-01-01-01-07.mp4
01-03-01-01-02-07,train,7,2,happy,03,03-01-03-01-01-02-07,data/raw/ravdess/audio_speech/Audio_Speech_Actors_01-24/Actor_07/03-01-03-01-01-02-07.wav,02-01-03-01-01-02-07,data/raw/ravdess/video_speech/Video_Speech_Actor_07/Actor_07/02-01-03-01-01-02-07.mp4
01-03-01-02-01-07,train,7,2,happy,03,03-01-03-01-02-01-07,data/raw/ravdess/audio_speech/Audio_Speech_Actors_01-24/Actor_07/03-01-03-01-02-01-07.wav,02-01-03-01-02-01-07,data/raw/ravdess/video_speech/Video_Speech_Actor_07/Actor_07/02-01-03-01-02-01-07.mp4
01-03-01-02-02-07,train,7,2,happy,03,03-01-03-01-02-02-07,data/raw/ravdess/audio_speech/Audio_Speech_Actors_01-24/Actor_07/03-01-03-01-02-02-07.wav,02-01-03-01-02-02-07,data/raw/ravdess/video_speech/Video_Speech_Actor_07/Actor_07/02-01-03-01-02-02-07.mp4
01-03-02-01-01-07,train,7,2,happy,03,03-01-03-02-01-01-07,data/raw/ravdess/audio_speech/Audio_Speech_Actors_01-24/Actor_07/03-01-03-02-01-01-07.wav,02-01-03-02-01-01-07,data/raw/ravdess/video_speech/Video_Speech_Actor_07/Actor_07/02-01-03-02-01-01-07.mp4
01-03-02-01-02-07,train,7,2,happy,03,03-01-03-02-01-02-07,data/raw/ravdess/audio_speech/Audio_Speech_Actors_01-24/Actor_07/03-01-03-02-01-02-07.wav,02-01-03-02-01-02-07,data/raw/ravdess/video_speech/Video_Speech_Actor_07/Actor_07/02-01-03-02-01-02-07.mp4
01-03-02-02-01-07,train,7,2,happy,03,03-01-03-02-02-01-07,data/raw/ravdess/audio_speech/Audio_Speech_Actors_01-24/Actor_07/03-01-03-02-02-01-07.wav,02-01-03-02-02-01-07,data/raw/ravdess/video_speech/Video_Speech_Actor_07/Actor_07/02-01-03-02-02-01-07.mp4
01-03-02-02-02-07,train,7,2,happy,03,03-01-03-02-02-02-07,data/raw/ravdess/audio_speech/Audio_Speech_Actors_01-24/Actor_07/03-01-03-02-02-02-07.wav,02-01-03-02-02-02-07,data/raw/ravdess/video_speech/Video_Speech_Actor_07/Actor_07/02-01-03-02-02-02-07.mp4
01-04-01-01-01-07,train,7,3,sad,04,03-01-04-01-01-01-07,data/raw/ravdess/audio_speech/Audio_Speech_Actors_01-24/Actor_07/03-01-04-01-01-01-07.wav,02-01-04-01-01-01-07,data/raw/ravdess/video_speech/Video_Speech_Actor_07/Actor_07/02-01-04-01-01-01-07.mp4
01-04-01-01-02-07,train,7,3,sad,04,03-01-04-01-01-02-07,data/raw/ravdess/audio_speech/Audio_Speech_Actors_01-24/Actor_07/03-01-04-01-01-02-07.wav,02-01-04-01-01-02-07,data/raw/ravdess/video_speech/Video_Speech_Actor_07/Actor_07/02-01-04-01-01-02-07.mp4
01-04-01-02-01-07,train,7,3,sad,04,03-01-04-01-02-01-07,data/raw/ravdess/audio_speech/Audio_Speech_Actors_01-24/Actor_07/03-01-04-01-02-01-07.wav,02-01-04-01-02-01-07,data/raw/ravdess/video_speech/Video_Speech_Actor_07/Actor_07/02-01-04-01-02-01-07.mp4
01-04-01-02-02-07,train,7,3,sad,04,03-01-04-01-02-02-07,data/raw/ravdess/audio_speech/Audio_Speech_Actors_01-24/Actor_07/03-01-04-01-02-02-07.wav,02-01-04-01-02-02-07,data/raw/ravdess/video_speech/Video_Speech_Actor_07/Actor_07/02-01-04-01-02-02-07.mp4
01-04-02-01-01-07,train,7,3,sad,04,03-01-04-02-01-01-07,data/raw/ravdess/audio_speech/Audio_Speech_Actors_01-24/Actor_07/03-01-04-02-01-01-07.wav,02-01-04-02-01-01-07,data/raw/ravdess/video_speech/Video_Speech_Actor_07/Actor_07/02-01-04-02-01-01-07.mp4
01-04-02-01-02-07,train,7,3,sad,04,03-01-04-02-01-02-07,data/raw/ravdess/audio_speech/Audio_Speech_Actors_01-24/Actor_07/03-01-04-02-01-02-07.wav,02-01-04-02-01-02-07,data/raw/ravdess/video_speech/Video_Speech_Actor_07/Actor_07/02-01-04-02-01-02-07.mp4
01-04-02-02-01-07,train,7,3,sad,04,03-01-04-02-02-01-07,data/raw/ravdess/audio_speech/Audio_Speech_Actors_01-24/Actor_07/03-01-04-02-02-01-07.wav,02-01-04-02-02-01-07,data/raw/ravdess/video_speech/Video_Speech_Actor_07/Actor_07/02-01-04-02-02-01-07.mp4
01-04-02-02-02-07,train,7,3,sad,04,03-01-04-02-02-02-07,data/raw/ravdess/audio_speech/Audio_Speech_Actors_01-24/Actor_07/03-01-04-02-02-02-07.wav,02-01-04-02-02-02-07,data/raw/ravdess/video_speech/Video_Speech_Actor_07/Actor_07/02-01-04-02-02-02-07.mp4
01-05-01-01-01-07,train,7,4,angry,05,03-01-05-01-01-01-07,data/raw/ravdess/audio_speech/Audio_Speech_Actors_01-24/Actor_07/03-01-05-01-01-01-07.wav,02-01-05-01-01-01-07,data/raw/ravdess/video_speech/Video_Speech_Actor_07/Actor_07/02-01-05-01-01-01-07.mp4
01-05-01-01-02-07,train,7,4,angry,05,03-01-05-01-01-02-07,data/raw/ravdess/audio_speech/Audio_Speech_Actors_01-24/Actor_07/03-01-05-01-01-02-07.wav,02-01-05-01-01-02-07,data/raw/ravdess/video_speech/Video_Speech_Actor_07/Actor_07/02-01-05-01-01-02-07.mp4
01-05-01-02-01-07,train,7,4,angry,05,03-01-05-01-02-01-07,data/raw/ravdess/audio_speech/Audio_Speech_Actors_01-24/Actor_07/03-01-05-01-02-01-07.wav,02-01-05-01-02-01-07,data/raw/ravdess/video_speech/Video_Speech_Actor_07/Actor_07/02-01-05-01-02-01-07.mp4
01-05-01-02-02-07,train,7,4,angry,05,03-01-05-01-02-02-07,data/raw/ravdess/audio_speech/Audio_Speech_Actors_01-24/Actor_07/03-01-05-01-02-02-07.wav,02-01-05-01-02-02-07,data/raw/ravdess/video_speech/Video_Speech_Actor_07/Actor_07/02-01-05-01-02-02-07.mp4
01-05-02-01-01-07,train,7,4,angry,05,03-01-05-02-01-01-07,data/raw/ravdess/audio_speech/Audio_Speech_Actors_01-24/Actor_07/03-01-05-02-01-01-07.wav,02-01-05-02-01-01-07,data/raw/ravdess/video_speech/Video_Speech_Actor_07/Actor_07/02-01-05-02-01-01-07.mp4
01-05-02-01-02-07,train,7,4,angry,05,03-01-05-02-01-02-07,data/raw/ravdess/audio_speech/Audio_Speech_Actors_01-24/Actor_07/03-01-05-02-01-02-07.wav,02-01-05-02-01-02-07,data/raw/ravdess/video_speech/Video_Speech_Actor_07/Actor_07/02-01-05-02-01-02-07.mp4
01-05-02-02-01-07,train,7,4,angry,05,03-01-05-02-02-01-07,data/raw/ravdess/audio_speech/Audio_Speech_Actors_01-24/Actor_07/03-01-05-02-02-01-07.wav,02-01-05-02-02-01-07,data/raw/ravdess/video_speech/Video_Speech_Actor_07/Actor_07/02-01-05-02-02-01-07.mp4
01-05-02-02-02-07,train,7,4,angry,05,03-01-05-02-02-02-07,data/raw/ravdess/audio_speech/Audio_Speech_Actors_01-24/Actor_07/03-01-05-02-02-02-07.wav,02-01-05-02-02-02-07,data/raw/ravdess/video_speech/Video_Speech_Actor_07/Actor_07/02-01-05-02-02-02-07.mp4
01-06-01-01-01-07,train,7,5,fearful,06,03-01-06-01-01-01-07,data/raw/ravdess/audio_speech/Audio_Speech_Actors_01-24/Actor_07/03-01-06-01-01-01-07.wav,02-01-06-01-01-01-07,data/raw/ravdess/video_speech/Video_Speech_Actor_07/Actor_07/02-01-06-01-01-01-07.mp4
01-06-01-01-02-07,train,7,5,fearful,06,03-01-06-01-01-02-07,data/raw/ravdess/audio_speech/Audio_Speech_Actors_01-24/Actor_07/03-01-06-01-01-02-07.wav,02-01-06-01-01-02-07,data/raw/ravdess/video_speech/Video_Speech_Actor_07/Actor_07/02-01-06-01-01-02-07.mp4
01-06-01-02-01-07,train,7,5,fearful,06,03-01-06-01-02-01-07,data/raw/ravdess/audio_speech/Audio_Speech_Actors_01-24/Actor_07/03-01-06-01-02-01-07.wav,02-01-06-01-02-01-07,data/raw/ravdess/video_speech/Video_Speech_Actor_07/Actor_07/02-01-06-01-02-01-07.mp4
01-06-01-02-02-07,train,7,5,fearful,06,03-01-06-01-02-02-07,data/raw/ravdess/audio_speech/Audio_Speech_Actors_01-24/Actor_07/03-01-06-01-02-02-07.wav,02-01-06-01-02-02-07,data/raw/ravdess/video_speech/Video_Speech_Actor_07/Actor_07/02-01-06-01-02-02-07.mp4
01-06-02-01-01-07,train,7,5,fearful,06,03-01-06-02-01-01-07,data/raw/ravdess/audio_speech/Audio_Speech_Actors_01-24/Actor_07/03-01-06-02-01-01-07.wav,02-01-06-02-01-01-07,data/raw/ravdess/video_speech/Video_Speech_Actor_07/Actor_07/02-01-06-02-01-01-07.mp4
01-06-02-01-02-07,train,7,5,fearful,06,03-01-06-02-01-02-07,data/raw/ravdess/audio_speech/Audio_Speech_Actors_01-24/Actor_07/03-01-06-02-01-02-07.wav,02-01-06-02-01-02-07,data/raw/ravdess/video_speech/Video_Speech_Actor_07/Actor_07/02-01-06-02-01-02-07.mp4
01-06-02-02-01-07,train,7,5,fearful,06,03-01-06-02-02-01-07,data/raw/ravdess/audio_speech/Audio_Speech_Actors_01-24/Actor_07/03-01-06-02-02-01-07.wav,02-01-06-02-02-01-07,data/raw/ravdess/video_speech/Video_Speech_Actor_07/Actor_07/02-01-06-02-02-01-07.mp4
01-06-02-02-02-07,train,7,5,fearful,06,03-01-06-02-02-02-07,data/raw/ravdess/audio_speech/Audio_Speech_Actors_01-24/Actor_07/03-01-06-02-02-02-07.wav,02-01-06-02-02-02-07,data/raw/ravdess/video_speech/Video_Speech_Actor_07/Actor_07/02-01-06-02-02-02-07.mp4
01-07-01-01-01-07,train,7,6,disgust,07,03-01-07-01-01-01-07,data/raw/ravdess/audio_speech/Audio_Speech_Actors_01-24/Actor_07/03-01-07-01-01-01-07.wav,02-01-07-01-01-01-07,data/raw/ravdess/video_speech/Video_Speech_Actor_07/Actor_07/02-01-07-01-01-01-07.mp4
01-07-01-01-02-07,train,7,6,disgust,07,03-01-07-01-01-02-07,data/raw/ravdess/audio_speech/Audio_Speech_Actors_01-24/Actor_07/03-01-07-01-01-02-07.wav,02-01-07-01-01-02-07,data/raw/ravdess/video_speech/Video_Speech_Actor_07/Actor_07/02-01-07-01-01-02-07.mp4
01-07-01-02-01-07,train,7,6,disgust,07,03-01-07-01-02-01-07,data/raw/ravdess/audio_speech/Audio_Speech_Actors_01-24/Actor_07/03-01-07-01-02-01-07.wav,02-01-07-01-02-01-07,data/raw/ravdess/video_speech/Video_Speech_Actor_07/Actor_07/02-01-07-01-02-01-07.mp4
01-07-01-02-02-07,train,7,6,disgust,07,03-01-07-01-02-02-07,data/raw/ravdess/audio_speech/Audio_Speech_Actors_01-24/Actor_07/03-01-07-01-02-02-07.wav,02-01-07-01-02-02-07,data/raw/ravdess/video_speech/Video_Speech_Actor_07/Actor_07/02-01-07-01-02-02-07.mp4
01-07-02-01-01-07,train,7,6,disgust,07,03-01-07-02-01-01-07,data/raw/ravdess/audio_speech/Audio_Speech_Actors_01-24/Actor_07/03-01-07-02-01-01-07.wav,02-01-07-02-01-01-07,data/raw/ravdess/video_speech/Video_Speech_Actor_07/Actor_07/02-01-07-02-01-01-07.mp4
01-07-02-01-02-07,train,7,6,disgust,07,03-01-07-02-01-02-07,data/raw/ravdess/audio_speech/Audio_Speech_Actors_01-24/Actor_07/03-01-07-02-01-02-07.wav,02-01-07-02-01-02-07,data/raw/ravdess/video_speech/Video_Speech_Actor_07/Actor_07/02-01-07-02-01-02-07.mp4
01-07-02-02-01-07,train,7,6,disgust,07,03-01-07-02-02-01-07,data/raw/ravdess/audio_speech/Audio_Speech_Actors_01-24/Actor_07/03-01-07-02-02-01-07.wav,02-01-07-02-02-01-07,data/raw/ravdess/video_speech/Video_Speech_Actor_07/Actor_07/02-01-07-02-02-01-07.mp4
01-07-02-02-02-07,train,7,6,disgust,07,03-01-07-02-02-02-07,data/raw/ravdess/audio_speech/Audio_Speech_Actors_01-24/Actor_07/03-01-07-02-02-02-07.wav,02-01-07-02-02-02-07,data/raw/ravdess/video_speech/Video_Speech_Actor_07/Actor_07/02-01-07-02-02-02-07.mp4
01-08-01-01-01-07,train,7,7,surprise,08,03-01-08-01-01-01-07,data/raw/ravdess/audio_speech/Audio_Speech_Actors_01-24/Actor_07/03-01-08-01-01-01-07.wav,02-01-08-01-01-01-07,data/raw/ravdess/video_speech/Video_Speech_Actor_07/Actor_07/02-01-08-01-01-01-07.mp4
01-08-01-01-02-07,train,7,7,surprise,08,03-01-08-01-01-02-07,data/raw/ravdess/audio_speech/Audio_Speech_Actors_01-24/Actor_07/03-01-08-01-01-02-07.wav,02-01-08-01-01-02-07,data/raw/ravdess/video_speech/Video_Speech_Actor_07/Actor_07/02-01-08-01-01-02-07.mp4
01-08-01-02-01-07,train,7,7,surprise,08,03-01-08-01-02-01-07,data/raw/ravdess/audio_speech/Audio_Speech_Actors_01-24/Actor_07/03-01-08-01-02-01-07.wav,02-01-08-01-02-01-07,data/raw/ravdess/video_speech/Video_Speech_Actor_07/Actor_07/02-01-08-01-02-01-07.mp4
01-08-01-02-02-07,train,7,7,surprise,08,03-01-08-01-02-02-07,data/raw/ravdess/audio_speech/Audio_Speech_Actors_01-24/Actor_07/03-01-08-01-02-02-07.wav,02-01-08-01-02-02-07,data/raw/ravdess/video_speech/Video_Speech_Actor_07/Actor_07/02-01-08-01-02-02-07.mp4
01-08-02-01-01-07,train,7,7,surprise,08,03-01-08-02-01-01-07,data/raw/ravdess/audio_speech/Audio_Speech_Actors_01-24/Actor_07/03-01-08-02-01-01-07.wav,02-01-08-02-01-01-07,data/raw/ravdess/video_speech/Video_Speech_Actor_07/Actor_07/02-01-08-02-01-01-07.mp4
01-08-02-01-02-07,train,7,7,surprise,08,03-01-08-02-01-02-07,data/raw/ravdess/audio_speech/Audio_Speech_Actors_01-24/Actor_07/03-01-08-02-01-02-07.wav,02-01-08-02-01-02-07,data/raw/ravdess/video_speech/Video_Speech_Actor_07/Actor_07/02-01-08-02-01-02-07.mp4
01-08-02-02-01-07,train,7,7,surprise,08,03-01-08-02-02-01-07,data/raw/ravdess/audio_speech/Audio_Speech_Actors_01-24/Actor_07/03-01-08-02-02-01-07.wav,02-01-08-02-02-01-07,data/raw/ravdess/video_speech/Video_Speech_Actor_07/Actor_07/02-01-08-02-02-01-07.mp4
01-08-02-02-02-07,train,7,7,surprise,08,03-01-08-02-02-02-07,data/raw/ravdess/audio_speech/Audio_Speech_Actors_01-24/Actor_07/03-01-08-02-02-02-07.wav,02-01-08-02-02-02-07,data/raw/ravdess/video_speech/Video_Speech_Actor_07/Actor_07/02-01-08-02-02-02-07.mp4
01-01-01-01-01-08,train,8,0,neutral,01,03-01-01-01-01-01-08,data/raw/ravdess/audio_speech/Audio_Speech_Actors_01-24/Actor_08/03-01-01-01-01-01-08.wav,02-01-01-01-01-01-08,data/raw/ravdess/video_speech/Video_Speech_Actor_08/Actor_08/02-01-01-01-01-01-08.mp4
01-01-01-01-02-08,train,8,0,neutral,01,03-01-01-01-01-02-08,data/raw/ravdess/audio_speech/Audio_Speech_Actors_01-24/Actor_08/03-01-01-01-01-02-08.wav,02-01-01-01-01-02-08,data/raw/ravdess/video_speech/Video_Speech_Actor_08/Actor_08/02-01-01-01-01-02-08.mp4
01-01-01-02-01-08,train,8,0,neutral,01,03-01-01-01-02-01-08,data/raw/ravdess/audio_speech/Audio_Speech_Actors_01-24/Actor_08/03-01-01-01-02-01-08.wav,02-01-01-01-02-01-08,data/raw/ravdess/video_speech/Video_Speech_Actor_08/Actor_08/02-01-01-01-02-01-08.mp4
01-01-01-02-02-08,train,8,0,neutral,01,03-01-01-01-02-02-08,data/raw/ravdess/audio_speech/Audio_Speech_Actors_01-24/Actor_08/03-01-01-01-02-02-08.wav,02-01-01-01-02-02-08,data/raw/ravdess/video_speech/Video_Speech_Actor_08/Actor_08/02-01-01-01-02-02-08.mp4
01-02-01-01-01-08,train,8,1,calm,02,03-01-02-01-01-01-08,data/raw/ravdess/audio_speech/Audio_Speech_Actors_01-24/Actor_08/03-01-02-01-01-01-08.wav,02-01-02-01-01-01-08,data/raw/ravdess/video_speech/Video_Speech_Actor_08/Actor_08/02-01-02-01-01-01-08.mp4
01-02-01-01-02-08,train,8,1,calm,02,03-01-02-01-01-02-08,data/raw/ravdess/audio_speech/Audio_Speech_Actors_01-24/Actor_08/03-01-02-01-01-02-08.wav,02-01-02-01-01-02-08,data/raw/ravdess/video_speech/Video_Speech_Actor_08/Actor_08/02-01-02-01-01-02-08.mp4
01-02-01-02-01-08,train,8,1,calm,02,03-01-02-01-02-01-08,data/raw/ravdess/audio_speech/Audio_Speech_Actors_01-24/Actor_08/03-01-02-01-02-01-08.wav,02-01-02-01-02-01-08,data/raw/ravdess/video_speech/Video_Speech_Actor_08/Actor_08/02-01-02-01-02-01-08.mp4
01-02-01-02-02-08,train,8,1,calm,02,03-01-02-01-02-02-08,data/raw/ravdess/audio_speech/Audio_Speech_Actors_01-24/Actor_08/03-01-02-01-02-02-08.wav,02-01-02-01-02-02-08,data/raw/ravdess/video_speech/Video_Speech_Actor_08/Actor_08/02-01-02-01-02-02-08.mp4
01-02-02-01-01-08,train,8,1,calm,02,03-01-02-02-01-01-08,data/raw/ravdess/audio_speech/Audio_Speech_Actors_01-24/Actor_08/03-01-02-02-01-01-08.wav,02-01-02-02-01-01-08,data/raw/ravdess/video_speech/Video_Speech_Actor_08/Actor_08/02-01-02-02-01-01-08.mp4
01-02-02-01-02-08,train,8,1,calm,02,03-01-02-02-01-02-08,data/raw/ravdess/audio_speech/Audio_Speech_Actors_01-24/Actor_08/03-01-02-02-01-02-08.wav,02-01-02-02-01-02-08,data/raw/ravdess/video_speech/Video_Speech_Actor_08/Actor_08/02-01-02-02-01-02-08.mp4
01-02-02-02-01-08,train,8,1,calm,02,03-01-02-02-02-01-08,data/raw/ravdess/audio_speech/Audio_Speech_Actors_01-24/Actor_08/03-01-02-02-02-01-08.wav,02-01-02-02-02-01-08,data/raw/ravdess/video_speech/Video_Speech_Actor_08/Actor_08/02-01-02-02-02-01-08.mp4
01-02-02-02-02-08,train,8,1,calm,02,03-01-02-02-02-02-08,data/raw/ravdess/audio_speech/Audio_Speech_Actors_01-24/Actor_08/03-01-02-02-02-02-08.wav,02-01-02-02-02-02-08,data/raw/ravdess/video_speech/Video_Speech_Actor_08/Actor_08/02-01-02-02-02-02-08.mp4
01-03-01-01-01-08,train,8,2,happy,03,03-01-03-01-01-01-08,data/raw/ravdess/audio_speech/Audio_Speech_Actors_01-24/Actor_08/03-01-03-01-01-01-08.wav,02-01-03-01-01-01-08,data/raw/ravdess/video_speech/Video_Speech_Actor_08/Actor_08/02-01-03-01-01-01-08.mp4
01-03-01-01-02-08,train,8,2,happy,03,03-01-03-01-01-02-08,data/raw/ravdess/audio_speech/Audio_Speech_Actors_01-24/Actor_08/03-01-03-01-01-02-08.wav,02-01-03-01-01-02-08,data/raw/ravdess/video_speech/Video_Speech_Actor_08/Actor_08/02-01-03-01-01-02-08.mp4
01-03-01-02-01-08,train,8,2,happy,03,03-01-03-01-02-01-08,data/raw/ravdess/audio_speech/Audio_Speech_Actors_01-24/Actor_08/03-01-03-01-02-01-08.wav,02-01-03-01-02-01-08,data/raw/ravdess/video_speech/Video_Speech_Actor_08/Actor_08/02-01-03-01-02-01-08.mp4
01-03-01-02-02-08,train,8,2,happy,03,03-01-03-01-02-02-08,data/raw/ravdess/audio_speech/Audio_Speech_Actors_01-24/Actor_08/03-01-03-01-02-02-08.wav,02-01-03-01-02-02-08,data/raw/ravdess/video_speech/Video_Speech_Actor_08/Actor_08/02-01-03-01-02-02-08.mp4
01-03-02-01-01-08,train,8,2,happy,03,03-01-03-02-01-01-08,data/raw/ravdess/audio_speech/Audio_Speech_Actors_01-24/Actor_08/03-01-03-02-01-01-08.wav,02-01-03-02-01-01-08,data/raw/ravdess/video_speech/Video_Speech_Actor_08/Actor_08/02-01-03-02-01-01-08.mp4
01-03-02-01-02-08,train,8,2,happy,03,03-01-03-02-01-02-08,data/raw/ravdess/audio_speech/Audio_Speech_Actors_01-24/Actor_08/03-01-03-02-01-02-08.wav,02-01-03-02-01-02-08,data/raw/ravdess/video_speech/Video_Speech_Actor_08/Actor_08/02-01-03-02-01-02-08.mp4
01-03-02-02-01-08,train,8,2,happy,03,03-01-03-02-02-01-08,data/raw/ravdess/audio_speech/Audio_Speech_Actors_01-24/Actor_08/03-01-03-02-02-01-08.wav,02-01-03-02-02-01-08,data/raw/ravdess/video_speech/Video_Speech_Actor_08/Actor_08/02-01-03-02-02-01-08.mp4
01-03-02-02-02-08,train,8,2,happy,03,03-01-03-02-02-02-08,data/raw/ravdess/audio_speech/Audio_Speech_Actors_01-24/Actor_08/03-01-03-02-02-02-08.wav,02-01-03-02-02-02-08,data/raw/ravdess/video_speech/Video_Speech_Actor_08/Actor_08/02-01-03-02-02-02-08.mp4
01-04-01-01-01-08,train,8,3,sad,04,03-01-04-01-01-01-08,data/raw/ravdess/audio_speech/Audio_Speech_Actors_01-24/Actor_08/03-01-04-01-01-01-08.wav,02-01-04-01-01-01-08,data/raw/ravdess/video_speech/Video_Speech_Actor_08/Actor_08/02-01-04-01-01-01-08.mp4
01-04-01-01-02-08,train,8,3,sad,04,03-01-04-01-01-02-08,data/raw/ravdess/audio_speech/Audio_Speech_Actors_01-24/Actor_08/03-01-04-01-01-02-08.wav,02-01-04-01-01-02-08,data/raw/ravdess/video_speech/Video_Speech_Actor_08/Actor_08/02-01-04-01-01-02-08.mp4
01-04-01-02-01-08,train,8,3,sad,04,03-01-04-01-02-01-08,data/raw/ravdess/audio_speech/Audio_Speech_Actors_01-24/Actor_08/03-01-04-01-02-01-08.wav,02-01-04-01-02-01-08,data/raw/ravdess/video_speech/Video_Speech_Actor_08/Actor_08/02-01-04-01-02-01-08.mp4
01-04-01-02-02-08,train,8,3,sad,04,03-01-04-01-02-02-08,data/raw/ravdess/audio_speech/Audio_Speech_Actors_01-24/Actor_08/03-01-04-01-02-02-08.wav,02-01-04-01-02-02-08,data/raw/ravdess/video_speech/Video_Speech_Actor_08/Actor_08/02-01-04-01-02-02-08.mp4
01-04-02-01-01-08,train,8,3,sad,04,03-01-04-02-01-01-08,data/raw/ravdess/audio_speech/Audio_Speech_Actors_01-24/Actor_08/03-01-04-02-01-01-08.wav,02-01-04-02-01-01-08,data/raw/ravdess/video_speech/Video_Speech_Actor_08/Actor_08/02-01-04-02-01-01-08.mp4
01-04-02-01-02-08,train,8,3,sad,04,03-01-04-02-01-02-08,data/raw/ravdess/audio_speech/Audio_Speech_Actors_01-24/Actor_08/03-01-04-02-01-02-08.wav,02-01-04-02-01-02-08,data/raw/ravdess/video_speech/Video_Speech_Actor_08/Actor_08/02-01-04-02-01-02-08.mp4
01-04-02-02-01-08,train,8,3,sad,04,03-01-04-02-02-01-08,data/raw/ravdess/audio_speech/Audio_Speech_Actors_01-24/Actor_08/03-01-04-02-02-01-08.wav,02-01-04-02-02-01-08,data/raw/ravdess/video_speech/Video_Speech_Actor_08/Actor_08/02-01-04-02-02-01-08.mp4
01-04-02-02-02-08,train,8,3,sad,04,03-01-04-02-02-02-08,data/raw/ravdess/audio_speech/Audio_Speech_Actors_01-24/Actor_08/03-01-04-02-02-02-08.wav,02-01-04-02-02-02-08,data/raw/ravdess/video_speech/Video_Speech_Actor_08/Actor_08/02-01-04-02-02-02-08.mp4
01-05-01-01-01-08,train,8,4,angry,05,03-01-05-01-01-01-08,data/raw/ravdess/audio_speech/Audio_Speech_Actors_01-24/Actor_08/03-01-05-01-01-01-08.wav,02-01-05-01-01-01-08,data/raw/ravdess/video_speech/Video_Speech_Actor_08/Actor_08/02-01-05-01-01-01-08.mp4
01-05-01-01-02-08,train,8,4,angry,05,03-01-05-01-01-02-08,data/raw/ravdess/audio_speech/Audio_Speech_Actors_01-24/Actor_08/03-01-05-01-01-02-08.wav,02-01-05-01-01-02-08,data/raw/ravdess/video_speech/Video_Speech_Actor_08/Actor_08/02-01-05-01-01-02-08.mp4
01-05-01-02-01-08,train,8,4,angry,05,03-01-05-01-02-01-08,data/raw/ravdess/audio_speech/Audio_Speech_Actors_01-24/Actor_08/03-01-05-01-02-01-08.wav,02-01-05-01-02-01-08,data/raw/ravdess/video_speech/Video_Speech_Actor_08/Actor_08/02-01-05-01-02-01-08.mp4
01-05-01-02-02-08,train,8,4,angry,05,03-01-05-01-02-02-08,data/raw/ravdess/audio_speech/Audio_Speech_Actors_01-24/Actor_08/03-01-05-01-02-02-08.wav,02-01-05-01-02-02-08,data/raw/ravdess/video_speech/Video_Speech_Actor_08/Actor_08/02-01-05-01-02-02-08.mp4
01-05-02-01-01-08,train,8,4,angry,05,03-01-05-02-01-01-08,data/raw/ravdess/audio_speech/Audio_Speech_Actors_01-24/Actor_08/03-01-05-02-01-01-08.wav,02-01-05-02-01-01-08,data/raw/ravdess/video_speech/Video_Speech_Actor_08/Actor_08/02-01-05-02-01-01-08.mp4
01-05-02-01-02-08,train,8,4,angry,05,03-01-05-02-01-02-08,data/raw/ravdess/audio_speech/Audio_Speech_Actors_01-24/Actor_08/03-01-05-02-01-02-08.wav,02-01-05-02-01-02-08,data/raw/ravdess/video_speech/Video_Speech_Actor_08/Actor_08/02-01-05-02-01-02-08.mp4
01-05-02-02-01-08,train,8,4,angry,05,03-01-05-02-02-01-08,data/raw/ravdess/audio_speech/Audio_Speech_Actors_01-24/Actor_08/03-01-05-02-02-01-08.wav,02-01-05-02-02-01-08,data/raw/ravdess/video_speech/Video_Speech_Actor_08/Actor_08/02-01-05-02-02-01-08.mp4
01-05-02-02-02-08,train,8,4,angry,05,03-01-05-02-02-02-08,data/raw/ravdess/audio_speech/Audio_Speech_Actors_01-24/Actor_08/03-01-05-02-02-02-08.wav,02-01-05-02-02-02-08,data/raw/ravdess/video_speech/Video_Speech_Actor_08/Actor_08/02-01-05-02-02-02-08.mp4
01-06-01-01-01-08,train,8,5,fearful,06,03-01-06-01-01-01-08,data/raw/ravdess/audio_speech/Audio_Speech_Actors_01-24/Actor_08/03-01-06-01-01-01-08.wav,02-01-06-01-01-01-08,data/raw/ravdess/video_speech/Video_Speech_Actor_08/Actor_08/02-01-06-01-01-01-08.mp4
01-06-01-01-02-08,train,8,5,fearful,06,03-01-06-01-01-02-08,data/raw/ravdess/audio_speech/Audio_Speech_Actors_01-24/Actor_08/03-01-06-01-01-02-08.wav,02-01-06-01-01-02-08,data/raw/ravdess/video_speech/Video_Speech_Actor_08/Actor_08/02-01-06-01-01-02-08.mp4
01-06-01-02-01-08,train,8,5,fearful,06,03-01-06-01-02-01-08,data/raw/ravdess/audio_speech/Audio_Speech_Actors_01-24/Actor_08/03-01-06-01-02-01-08.wav,02-01-06-01-02-01-08,data/raw/ravdess/video_speech/Video_Speech_Actor_08/Actor_08/02-01-06-01-02-01-08.mp4
01-06-01-02-02-08,train,8,5,fearful,06,03-01-06-01-02-02-08,data/raw/ravdess/audio_speech/Audio_Speech_Actors_01-24/Actor_08/03-01-06-01-02-02-08.wav,02-01-06-01-02-02-08,data/raw/ravdess/video_speech/Video_Speech_Actor_08/Actor_08/02-01-06-01-02-02-08.mp4
01-06-02-01-01-08,train,8,5,fearful,06,03-01-06-02-01-01-08,data/raw/ravdess/audio_speech/Audio_Speech_Actors_01-24/Actor_08/03-01-06-02-01-01-08.wav,02-01-06-02-01-01-08,data/raw/ravdess/video_speech/Video_Speech_Actor_08/Actor_08/02-01-06-02-01-01-08.mp4
01-06-02-01-02-08,train,8,5,fearful,06,03-01-06-02-01-02-08,data/raw/ravdess/audio_speech/Audio_Speech_Actors_01-24/Actor_08/03-01-06-02-01-02-08.wav,02-01-06-02-01-02-08,data/raw/ravdess/video_speech/Video_Speech_Actor_08/Actor_08/02-01-06-02-01-02-08.mp4
01-06-02-02-01-08,train,8,5,fearful,06,03-01-06-02-02-01-08,data/raw/ravdess/audio_speech/Audio_Speech_Actors_01-24/Actor_08/03-01-06-02-02-01-08.wav,02-01-06-02-02-01-08,data/raw/ravdess/video_speech/Video_Speech_Actor_08/Actor_08/02-01-06-02-02-01-08.mp4
01-06-02-02-02-08,train,8,5,fearful,06,03-01-06-02-02-02-08,data/raw/ravdess/audio_speech/Audio_Speech_Actors_01-24/Actor_08/03-01-06-02-02-02-08.wav,02-01-06-02-02-02-08,data/raw/ravdess/video_speech/Video_Speech_Actor_08/Actor_08/02-01-06-02-02-02-08.mp4
01-07-01-01-01-08,train,8,6,disgust,07,03-01-07-01-01-01-08,data/raw/ravdess/audio_speech/Audio_Speech_Actors_01-24/Actor_08/03-01-07-01-01-01-08.wav,02-01-07-01-01-01-08,data/raw/ravdess/video_speech/Video_Speech_Actor_08/Actor_08/02-01-07-01-01-01-08.mp4
01-07-01-01-02-08,train,8,6,disgust,07,03-01-07-01-01-02-08,data/raw/ravdess/audio_speech/Audio_Speech_Actors_01-24/Actor_08/03-01-07-01-01-02-08.wav,02-01-07-01-01-02-08,data/raw/ravdess/video_speech/Video_Speech_Actor_08/Actor_08/02-01-07-01-01-02-08.mp4
01-07-01-02-01-08,train,8,6,disgust,07,03-01-07-01-02-01-08,data/raw/ravdess/audio_speech/Audio_Speech_Actors_01-24/Actor_08/03-01-07-01-02-01-08.wav,02-01-07-01-02-01-08,data/raw/ravdess/video_speech/Video_Speech_Actor_08/Actor_08/02-01-07-01-02-01-08.mp4
01-07-01-02-02-08,train,8,6,disgust,07,03-01-07-01-02-02-08,data/raw/ravdess/audio_speech/Audio_Speech_Actors_01-24/Actor_08/03-01-07-01-02-02-08.wav,02-01-07-01-02-02-08,data/raw/ravdess/video_speech/Video_Speech_Actor_08/Actor_08/02-01-07-01-02-02-08.mp4
01-07-02-01-01-08,train,8,6,disgust,07,03-01-07-02-01-01-08,data/raw/ravdess/audio_speech/Audio_Speech_Actors_01-24/Actor_08/03-01-07-02-01-01-08.wav,02-01-07-02-01-01-08,data/raw/ravdess/video_speech/Video_Speech_Actor_08/Actor_08/02-01-07-02-01-01-08.mp4
01-07-02-01-02-08,train,8,6,disgust,07,03-01-07-02-01-02-08,data/raw/ravdess/audio_speech/Audio_Speech_Actors_01-24/Actor_08/03-01-07-02-01-02-08.wav,02-01-07-02-01-02-08,data/raw/ravdess/video_speech/Video_Speech_Actor_08/Actor_08/02-01-07-02-01-02-08.mp4
01-07-02-02-01-08,train,8,6,disgust,07,03-01-07-02-02-01-08,data/raw/ravdess/audio_speech/Audio_Speech_Actors_01-24/Actor_08/03-01-07-02-02-01-08.wav,02-01-07-02-02-01-08,data/raw/ravdess/video_speech/Video_Speech_Actor_08/Actor_08/02-01-07-02-02-01-08.mp4
01-07-02-02-02-08,train,8,6,disgust,07,03-01-07-02-02-02-08,data/raw/ravdess/audio_speech/Audio_Speech_Actors_01-24/Actor_08/03-01-07-02-02-02-08.wav,02-01-07-02-02-02-08,data/raw/ravdess/video_speech/Video_Speech_Actor_08/Actor_08/02-01-07-02-02-02-08.mp4
01-08-01-01-01-08,train,8,7,surprise,08,03-01-08-01-01-01-08,data/raw/ravdess/audio_speech/Audio_Speech_Actors_01-24/Actor_08/03-01-08-01-01-01-08.wav,02-01-08-01-01-01-08,data/raw/ravdess/video_speech/Video_Speech_Actor_08/Actor_08/02-01-08-01-01-01-08.mp4
01-08-01-01-02-08,train,8,7,surprise,08,03-01-08-01-01-02-08,data/raw/ravdess/audio_speech/Audio_Speech_Actors_01-24/Actor_08/03-01-08-01-01-02-08.wav,02-01-08-01-01-02-08,data/raw/ravdess/video_speech/Video_Speech_Actor_08/Actor_08/02-01-08-01-01-02-08.mp4
01-08-01-02-01-08,train,8,7,surprise,08,03-01-08-01-02-01-08,data/raw/ravdess/audio_speech/Audio_Speech_Actors_01-24/Actor_08/03-01-08-01-02-01-08.wav,02-01-08-01-02-01-08,data/raw/ravdess/video_speech/Video_Speech_Actor_08/Actor_08/02-01-08-01-02-01-08.mp4
01-08-01-02-02-08,train,8,7,surprise,08,03-01-08-01-02-02-08,data/raw/ravdess/audio_speech/Audio_Speech_Actors_01-24/Actor_08/03-01-08-01-02-02-08.wav,02-01-08-01-02-02-08,data/raw/ravdess/video_speech/Video_Speech_Actor_08/Actor_08/02-01-08-01-02-02-08.mp4
01-08-02-01-01-08,train,8,7,surprise,08,03-01-08-02-01-01-08,data/raw/ravdess/audio_speech/Audio_Speech_Actors_01-24/Actor_08/03-01-08-02-01-01-08.wav,02-01-08-02-01-01-08,data/raw/ravdess/video_speech/Video_Speech_Actor_08/Actor_08/02-01-08-02-01-01-08.mp4
01-08-02-01-02-08,train,8,7,surprise,08,03-01-08-02-01-02-08,data/raw/ravdess/audio_speech/Audio_Speech_Actors_01-24/Actor_08/03-01-08-02-01-02-08.wav,02-01-08-02-01-02-08,data/raw/ravdess/video_speech/Video_Speech_Actor_08/Actor_08/02-01-08-02-01-02-08.mp4
01-08-02-02-01-08,train,8,7,surprise,08,03-01-08-02-02-01-08,data/raw/ravdess/audio_speech/Audio_Speech_Actors_01-24/Actor_08/03-01-08-02-02-01-08.wav,02-01-08-02-02-01-08,data/raw/ravdess/video_speech/Video_Speech_Actor_08/Actor_08/02-01-08-02-02-01-08.mp4
01-08-02-02-02-08,train,8,7,surprise,08,03-01-08-02-02-02-08,data/raw/ravdess/audio_speech/Audio_Speech_Actors_01-24/Actor_08/03-01-08-02-02-02-08.wav,02-01-08-02-02-02-08,data/raw/ravdess/video_speech/Video_Speech_Actor_08/Actor_08/02-01-08-02-02-02-08.mp4
01-01-01-01-01-09,train,9,0,neutral,01,03-01-01-01-01-01-09,data/raw/ravdess/audio_speech/Audio_Speech_Actors_01-24/Actor_09/03-01-01-01-01-01-09.wav,02-01-01-01-01-01-09,data/raw/ravdess/video_speech/Video_Speech_Actor_09/Actor_09/02-01-01-01-01-01-09.mp4
01-01-01-01-02-09,train,9,0,neutral,01,03-01-01-01-01-02-09,data/raw/ravdess/audio_speech/Audio_Speech_Actors_01-24/Actor_09/03-01-01-01-01-02-09.wav,02-01-01-01-01-02-09,data/raw/ravdess/video_speech/Video_Speech_Actor_09/Actor_09/02-01-01-01-01-02-09.mp4
01-01-01-02-01-09,train,9,0,neutral,01,03-01-01-01-02-01-09,data/raw/ravdess/audio_speech/Audio_Speech_Actors_01-24/Actor_09/03-01-01-01-02-01-09.wav,02-01-01-01-02-01-09,data/raw/ravdess/video_speech/Video_Speech_Actor_09/Actor_09/02-01-01-01-02-01-09.mp4
01-01-01-02-02-09,train,9,0,neutral,01,03-01-01-01-02-02-09,data/raw/ravdess/audio_speech/Audio_Speech_Actors_01-24/Actor_09/03-01-01-01-02-02-09.wav,02-01-01-01-02-02-09,data/raw/ravdess/video_speech/Video_Speech_Actor_09/Actor_09/02-01-01-01-02-02-09.mp4
01-02-01-01-01-09,train,9,1,calm,02,03-01-02-01-01-01-09,data/raw/ravdess/audio_speech/Audio_Speech_Actors_01-24/Actor_09/03-01-02-01-01-01-09.wav,02-01-02-01-01-01-09,data/raw/ravdess/video_speech/Video_Speech_Actor_09/Actor_09/02-01-02-01-01-01-09.mp4
01-02-01-01-02-09,train,9,1,calm,02,03-01-02-01-01-02-09,data/raw/ravdess/audio_speech/Audio_Speech_Actors_01-24/Actor_09/03-01-02-01-01-02-09.wav,02-01-02-01-01-02-09,data/raw/ravdess/video_speech/Video_Speech_Actor_09/Actor_09/02-01-02-01-01-02-09.mp4
01-02-01-02-01-09,train,9,1,calm,02,03-01-02-01-02-01-09,data/raw/ravdess/audio_speech/Audio_Speech_Actors_01-24/Actor_09/03-01-02-01-02-01-09.wav,02-01-02-01-02-01-09,data/raw/ravdess/video_speech/Video_Speech_Actor_09/Actor_09/02-01-02-01-02-01-09.mp4
01-02-01-02-02-09,train,9,1,calm,02,03-01-02-01-02-02-09,data/raw/ravdess/audio_speech/Audio_Speech_Actors_01-24/Actor_09/03-01-02-01-02-02-09.wav,02-01-02-01-02-02-09,data/raw/ravdess/video_speech/Video_Speech_Actor_09/Actor_09/02-01-02-01-02-02-09.mp4
01-02-02-01-01-09,train,9,1,calm,02,03-01-02-02-01-01-09,data/raw/ravdess/audio_speech/Audio_Speech_Actors_01-24/Actor_09/03-01-02-02-01-01-09.wav,02-01-02-02-01-01-09,data/raw/ravdess/video_speech/Video_Speech_Actor_09/Actor_09/02-01-02-02-01-01-09.mp4
01-02-02-01-02-09,train,9,1,calm,02,03-01-02-02-01-02-09,data/raw/ravdess/audio_speech/Audio_Speech_Actors_01-24/Actor_09/03-01-02-02-01-02-09.wav,02-01-02-02-01-02-09,data/raw/ravdess/video_speech/Video_Speech_Actor_09/Actor_09/02-01-02-02-01-02-09.mp4
01-02-02-02-01-09,train,9,1,calm,02,03-01-02-02-02-01-09,data/raw/ravdess/audio_speech/Audio_Speech_Actors_01-24/Actor_09/03-01-02-02-02-01-09.wav,02-01-02-02-02-01-09,data/raw/ravdess/video_speech/Video_Speech_Actor_09/Actor_09/02-01-02-02-02-01-09.mp4
01-02-02-02-02-09,train,9,1,calm,02,03-01-02-02-02-02-09,data/raw/ravdess/audio_speech/Audio_Speech_Actors_01-24/Actor_09/03-01-02-02-02-02-09.wav,02-01-02-02-02-02-09,data/raw/ravdess/video_speech/Video_Speech_Actor_09/Actor_09/02-01-02-02-02-02-09.mp4
01-03-01-01-01-09,train,9,2,happy,03,03-01-03-01-01-01-09,data/raw/ravdess/audio_speech/Audio_Speech_Actors_01-24/Actor_09/03-01-03-01-01-01-09.wav,02-01-03-01-01-01-09,data/raw/ravdess/video_speech/Video_Speech_Actor_09/Actor_09/02-01-03-01-01-01-09.mp4
01-03-01-01-02-09,train,9,2,happy,03,03-01-03-01-01-02-09,data/raw/ravdess/audio_speech/Audio_Speech_Actors_01-24/Actor_09/03-01-03-01-01-02-09.wav,02-01-03-01-01-02-09,data/raw/ravdess/video_speech/Video_Speech_Actor_09/Actor_09/02-01-03-01-01-02-09.mp4
01-03-01-02-01-09,train,9,2,happy,03,03-01-03-01-02-01-09,data/raw/ravdess/audio_speech/Audio_Speech_Actors_01-24/Actor_09/03-01-03-01-02-01-09.wav,02-01-03-01-02-01-09,data/raw/ravdess/video_speech/Video_Speech_Actor_09/Actor_09/02-01-03-01-02-01-09.mp4
01-03-01-02-02-09,train,9,2,happy,03,03-01-03-01-02-02-09,data/raw/ravdess/audio_speech/Audio_Speech_Actors_01-24/Actor_09/03-01-03-01-02-02-09.wav,02-01-03-01-02-02-09,data/raw/ravdess/video_speech/Video_Speech_Actor_09/Actor_09/02-01-03-01-02-02-09.mp4
01-03-02-01-01-09,train,9,2,happy,03,03-01-03-02-01-01-09,data/raw/ravdess/audio_speech/Audio_Speech_Actors_01-24/Actor_09/03-01-03-02-01-01-09.wav,02-01-03-02-01-01-09,data/raw/ravdess/video_speech/Video_Speech_Actor_09/Actor_09/02-01-03-02-01-01-09.mp4
01-03-02-01-02-09,train,9,2,happy,03,03-01-03-02-01-02-09,data/raw/ravdess/audio_speech/Audio_Speech_Actors_01-24/Actor_09/03-01-03-02-01-02-09.wav,02-01-03-02-01-02-09,data/raw/ravdess/video_speech/Video_Speech_Actor_09/Actor_09/02-01-03-02-01-02-09.mp4
01-03-02-02-01-09,train,9,2,happy,03,03-01-03-02-02-01-09,data/raw/ravdess/audio_speech/Audio_Speech_Actors_01-24/Actor_09/03-01-03-02-02-01-09.wav,02-01-03-02-02-01-09,data/raw/ravdess/video_speech/Video_Speech_Actor_09/Actor_09/02-01-03-02-02-01-09.mp4
01-03-02-02-02-09,train,9,2,happy,03,03-01-03-02-02-02-09,data/raw/ravdess/audio_speech/Audio_Speech_Actors_01-24/Actor_09/03-01-03-02-02-02-09.wav,02-01-03-02-02-02-09,data/raw/ravdess/video_speech/Video_Speech_Actor_09/Actor_09/02-01-03-02-02-02-09.mp4
01-04-01-01-01-09,train,9,3,sad,04,03-01-04-01-01-01-09,data/raw/ravdess/audio_speech/Audio_Speech_Actors_01-24/Actor_09/03-01-04-01-01-01-09.wav,02-01-04-01-01-01-09,data/raw/ravdess/video_speech/Video_Speech_Actor_09/Actor_09/02-01-04-01-01-01-09.mp4
01-04-01-01-02-09,train,9,3,sad,04,03-01-04-01-01-02-09,data/raw/ravdess/audio_speech/Audio_Speech_Actors_01-24/Actor_09/03-01-04-01-01-02-09.wav,02-01-04-01-01-02-09,data/raw/ravdess/video_speech/Video_Speech_Actor_09/Actor_09/02-01-04-01-01-02-09.mp4
01-04-01-02-01-09,train,9,3,sad,04,03-01-04-01-02-01-09,data/raw/ravdess/audio_speech/Audio_Speech_Actors_01-24/Actor_09/03-01-04-01-02-01-09.wav,02-01-04-01-02-01-09,data/raw/ravdess/video_speech/Video_Speech_Actor_09/Actor_09/02-01-04-01-02-01-09.mp4
01-04-01-02-02-09,train,9,3,sad,04,03-01-04-01-02-02-09,data/raw/ravdess/audio_speech/Audio_Speech_Actors_01-24/Actor_09/03-01-04-01-02-02-09.wav,02-01-04-01-02-02-09,data/raw/ravdess/video_speech/Video_Speech_Actor_09/Actor_09/02-01-04-01-02-02-09.mp4
01-04-02-01-01-09,train,9,3,sad,04,03-01-04-02-01-01-09,data/raw/ravdess/audio_speech/Audio_Speech_Actors_01-24/Actor_09/03-01-04-02-01-01-09.wav,02-01-04-02-01-01-09,data/raw/ravdess/video_speech/Video_Speech_Actor_09/Actor_09/02-01-04-02-01-01-09.mp4
01-04-02-01-02-09,train,9,3,sad,04,03-01-04-02-01-02-09,data/raw/ravdess/audio_speech/Audio_Speech_Actors_01-24/Actor_09/03-01-04-02-01-02-09.wav,02-01-04-02-01-02-09,data/raw/ravdess/video_speech/Video_Speech_Actor_09/Actor_09/02-01-04-02-01-02-09.mp4
01-04-02-02-01-09,train,9,3,sad,04,03-01-04-02-02-01-09,data/raw/ravdess/audio_speech/Audio_Speech_Actors_01-24/Actor_09/03-01-04-02-02-01-09.wav,02-01-04-02-02-01-09,data/raw/ravdess/video_speech/Video_Speech_Actor_09/Actor_09/02-01-04-02-02-01-09.mp4
01-04-02-02-02-09,train,9,3,sad,04,03-01-04-02-02-02-09,data/raw/ravdess/audio_speech/Audio_Speech_Actors_01-24/Actor_09/03-01-04-02-02-02-09.wav,02-01-04-02-02-02-09,data/raw/ravdess/video_speech/Video_Speech_Actor_09/Actor_09/02-01-04-02-02-02-09.mp4
01-05-01-01-01-09,train,9,4,angry,05,03-01-05-01-01-01-09,data/raw/ravdess/audio_speech/Audio_Speech_Actors_01-24/Actor_09/03-01-05-01-01-01-09.wav,02-01-05-01-01-01-09,data/raw/ravdess/video_speech/Video_Speech_Actor_09/Actor_09/02-01-05-01-01-01-09.mp4
01-05-01-01-02-09,train,9,4,angry,05,03-01-05-01-01-02-09,data/raw/ravdess/audio_speech/Audio_Speech_Actors_01-24/Actor_09/03-01-05-01-01-02-09.wav,02-01-05-01-01-02-09,data/raw/ravdess/video_speech/Video_Speech_Actor_09/Actor_09/02-01-05-01-01-02-09.mp4
01-05-01-02-01-09,train,9,4,angry,05,03-01-05-01-02-01-09,data/raw/ravdess/audio_speech/Audio_Speech_Actors_01-24/Actor_09/03-01-05-01-02-01-09.wav,02-01-05-01-02-01-09,data/raw/ravdess/video_speech/Video_Speech_Actor_09/Actor_09/02-01-05-01-02-01-09.mp4
01-05-01-02-02-09,train,9,4,angry,05,03-01-05-01-02-02-09,data/raw/ravdess/audio_speech/Audio_Speech_Actors_01-24/Actor_09/03-01-05-01-02-02-09.wav,02-01-05-01-02-02-09,data/raw/ravdess/video_speech/Video_Speech_Actor_09/Actor_09/02-01-05-01-02-02-09.mp4
01-05-02-01-01-09,train,9,4,angry,05,03-01-05-02-01-01-09,data/raw/ravdess/audio_speech/Audio_Speech_Actors_01-24/Actor_09/03-01-05-02-01-01-09.wav,02-01-05-02-01-01-09,data/raw/ravdess/video_speech/Video_Speech_Actor_09/Actor_09/02-01-05-02-01-01-09.mp4
01-05-02-01-02-09,train,9,4,angry,05,03-01-05-02-01-02-09,data/raw/ravdess/audio_speech/Audio_Speech_Actors_01-24/Actor_09/03-01-05-02-01-02-09.wav,02-01-05-02-01-02-09,data/raw/ravdess/video_speech/Video_Speech_Actor_09/Actor_09/02-01-05-02-01-02-09.mp4
01-05-02-02-01-09,train,9,4,angry,05,03-01-05-02-02-01-09,data/raw/ravdess/audio_speech/Audio_Speech_Actors_01-24/Actor_09/03-01-05-02-02-01-09.wav,02-01-05-02-02-01-09,data/raw/ravdess/video_speech/Video_Speech_Actor_09/Actor_09/02-01-05-02-02-01-09.mp4
01-05-02-02-02-09,train,9,4,angry,05,03-01-05-02-02-02-09,data/raw/ravdess/audio_speech/Audio_Speech_Actors_01-24/Actor_09/03-01-05-02-02-02-09.wav,02-01-05-02-02-02-09,data/raw/ravdess/video_speech/Video_Speech_Actor_09/Actor_09/02-01-05-02-02-02-09.mp4
01-06-01-01-01-09,train,9,5,fearful,06,03-01-06-01-01-01-09,data/raw/ravdess/audio_speech/Audio_Speech_Actors_01-24/Actor_09/03-01-06-01-01-01-09.wav,02-01-06-01-01-01-09,data/raw/ravdess/video_speech/Video_Speech_Actor_09/Actor_09/02-01-06-01-01-01-09.mp4
01-06-01-01-02-09,train,9,5,fearful,06,03-01-06-01-01-02-09,data/raw/ravdess/audio_speech/Audio_Speech_Actors_01-24/Actor_09/03-01-06-01-01-02-09.wav,02-01-06-01-01-02-09,data/raw/ravdess/video_speech/Video_Speech_Actor_09/Actor_09/02-01-06-01-01-02-09.mp4
01-06-01-02-01-09,train,9,5,fearful,06,03-01-06-01-02-01-09,data/raw/ravdess/audio_speech/Audio_Speech_Actors_01-24/Actor_09/03-01-06-01-02-01-09.wav,02-01-06-01-02-01-09,data/raw/ravdess/video_speech/Video_Speech_Actor_09/Actor_09/02-01-06-01-02-01-09.mp4
01-06-01-02-02-09,train,9,5,fearful,06,03-01-06-01-02-02-09,data/raw/ravdess/audio_speech/Audio_Speech_Actors_01-24/Actor_09/03-01-06-01-02-02-09.wav,02-01-06-01-02-02-09,data/raw/ravdess/video_speech/Video_Speech_Actor_09/Actor_09/02-01-06-01-02-02-09.mp4
01-06-02-01-01-09,train,9,5,fearful,06,03-01-06-02-01-01-09,data/raw/ravdess/audio_speech/Audio_Speech_Actors_01-24/Actor_09/03-01-06-02-01-01-09.wav,02-01-06-02-01-01-09,data/raw/ravdess/video_speech/Video_Speech_Actor_09/Actor_09/02-01-06-02-01-01-09.mp4
01-06-02-01-02-09,train,9,5,fearful,06,03-01-06-02-01-02-09,data/raw/ravdess/audio_speech/Audio_Speech_Actors_01-24/Actor_09/03-01-06-02-01-02-09.wav,02-01-06-02-01-02-09,data/raw/ravdess/video_speech/Video_Speech_Actor_09/Actor_09/02-01-06-02-01-02-09.mp4
01-06-02-02-01-09,train,9,5,fearful,06,03-01-06-02-02-01-09,data/raw/ravdess/audio_speech/Audio_Speech_Actors_01-24/Actor_09/03-01-06-02-02-01-09.wav,02-01-06-02-02-01-09,data/raw/ravdess/video_speech/Video_Speech_Actor_09/Actor_09/02-01-06-02-02-01-09.mp4
01-06-02-02-02-09,train,9,5,fearful,06,03-01-06-02-02-02-09,data/raw/ravdess/audio_speech/Audio_Speech_Actors_01-24/Actor_09/03-01-06-02-02-02-09.wav,02-01-06-02-02-02-09,data/raw/ravdess/video_speech/Video_Speech_Actor_09/Actor_09/02-01-06-02-02-02-09.mp4
01-07-01-01-01-09,train,9,6,disgust,07,03-01-07-01-01-01-09,data/raw/ravdess/audio_speech/Audio_Speech_Actors_01-24/Actor_09/03-01-07-01-01-01-09.wav,02-01-07-01-01-01-09,data/raw/ravdess/video_speech/Video_Speech_Actor_09/Actor_09/02-01-07-01-01-01-09.mp4
01-07-01-01-02-09,train,9,6,disgust,07,03-01-07-01-01-02-09,data/raw/ravdess/audio_speech/Audio_Speech_Actors_01-24/Actor_09/03-01-07-01-01-02-09.wav,02-01-07-01-01-02-09,data/raw/ravdess/video_speech/Video_Speech_Actor_09/Actor_09/02-01-07-01-01-02-09.mp4
01-07-01-02-01-09,train,9,6,disgust,07,03-01-07-01-02-01-09,data/raw/ravdess/audio_speech/Audio_Speech_Actors_01-24/Actor_09/03-01-07-01-02-01-09.wav,02-01-07-01-02-01-09,data/raw/ravdess/video_speech/Video_Speech_Actor_09/Actor_09/02-01-07-01-02-01-09.mp4
01-07-01-02-02-09,train,9,6,disgust,07,03-01-07-01-02-02-09,data/raw/ravdess/audio_speech/Audio_Speech_Actors_01-24/Actor_09/03-01-07-01-02-02-09.wav,02-01-07-01-02-02-09,data/raw/ravdess/video_speech/Video_Speech_Actor_09/Actor_09/02-01-07-01-02-02-09.mp4
01-07-02-01-01-09,train,9,6,disgust,07,03-01-07-02-01-01-09,data/raw/ravdess/audio_speech/Audio_Speech_Actors_01-24/Actor_09/03-01-07-02-01-01-09.wav,02-01-07-02-01-01-09,data/raw/ravdess/video_speech/Video_Speech_Actor_09/Actor_09/02-01-07-02-01-01-09.mp4
01-07-02-01-02-09,train,9,6,disgust,07,03-01-07-02-01-02-09,data/raw/ravdess/audio_speech/Audio_Speech_Actors_01-24/Actor_09/03-01-07-02-01-02-09.wav,02-01-07-02-01-02-09,data/raw/ravdess/video_speech/Video_Speech_Actor_09/Actor_09/02-01-07-02-01-02-09.mp4
01-07-02-02-01-09,train,9,6,disgust,07,03-01-07-02-02-01-09,data/raw/ravdess/audio_speech/Audio_Speech_Actors_01-24/Actor_09/03-01-07-02-02-01-09.wav,02-01-07-02-02-01-09,data/raw/ravdess/video_speech/Video_Speech_Actor_09/Actor_09/02-01-07-02-02-01-09.mp4
01-07-02-02-02-09,train,9,6,disgust,07,03-01-07-02-02-02-09,data/raw/ravdess/audio_speech/Audio_Speech_Actors_01-24/Actor_09/03-01-07-02-02-02-09.wav,02-01-07-02-02-02-09,data/raw/ravdess/video_speech/Video_Speech_Actor_09/Actor_09/02-01-07-02-02-02-09.mp4
01-08-01-01-01-09,train,9,7,surprise,08,03-01-08-01-01-01-09,data/raw/ravdess/audio_speech/Audio_Speech_Actors_01-24/Actor_09/03-01-08-01-01-01-09.wav,02-01-08-01-01-01-09,data/raw/ravdess/video_speech/Video_Speech_Actor_09/Actor_09/02-01-08-01-01-01-09.mp4
01-08-01-01-02-09,train,9,7,surprise,08,03-01-08-01-01-02-09,data/raw/ravdess/audio_speech/Audio_Speech_Actors_01-24/Actor_09/03-01-08-01-01-02-09.wav,02-01-08-01-01-02-09,data/raw/ravdess/video_speech/Video_Speech_Actor_09/Actor_09/02-01-08-01-01-02-09.mp4
01-08-01-02-01-09,train,9,7,surprise,08,03-01-08-01-02-01-09,data/raw/ravdess/audio_speech/Audio_Speech_Actors_01-24/Actor_09/03-01-08-01-02-01-09.wav,02-01-08-01-02-01-09,data/raw/ravdess/video_speech/Video_Speech_Actor_09/Actor_09/02-01-08-01-02-01-09.mp4
01-08-01-02-02-09,train,9,7,surprise,08,03-01-08-01-02-02-09,data/raw/ravdess/audio_speech/Audio_Speech_Actors_01-24/Actor_09/03-01-08-01-02-02-09.wav,02-01-08-01-02-02-09,data/raw/ravdess/video_speech/Video_Speech_Actor_09/Actor_09/02-01-08-01-02-02-09.mp4
01-08-02-01-01-09,train,9,7,surprise,08,03-01-08-02-01-01-09,data/raw/ravdess/audio_speech/Audio_Speech_Actors_01-24/Actor_09/03-01-08-02-01-01-09.wav,02-01-08-02-01-01-09,data/raw/ravdess/video_speech/Video_Speech_Actor_09/Actor_09/02-01-08-02-01-01-09.mp4
01-08-02-01-02-09,train,9,7,surprise,08,03-01-08-02-01-02-09,data/raw/ravdess/audio_speech/Audio_Speech_Actors_01-24/Actor_09/03-01-08-02-01-02-09.wav,02-01-08-02-01-02-09,data/raw/ravdess/video_speech/Video_Speech_Actor_09/Actor_09/02-01-08-02-01-02-09.mp4
01-08-02-02-01-09,train,9,7,surprise,08,03-01-08-02-02-01-09,data/raw/ravdess/audio_speech/Audio_Speech_Actors_01-24/Actor_09/03-01-08-02-02-01-09.wav,02-01-08-02-02-01-09,data/raw/ravdess/video_speech/Video_Speech_Actor_09/Actor_09/02-01-08-02-02-01-09.mp4
01-08-02-02-02-09,train,9,7,surprise,08,03-01-08-02-02-02-09,data/raw/ravdess/audio_speech/Audio_Speech_Actors_01-24/Actor_09/03-01-08-02-02-02-09.wav,02-01-08-02-02-02-09,data/raw/ravdess/video_speech/Video_Speech_Actor_09/Actor_09/02-01-08-02-02-02-09.mp4
01-01-01-01-01-10,train,10,0,neutral,01,03-01-01-01-01-01-10,data/raw/ravdess/audio_speech/Audio_Speech_Actors_01-24/Actor_10/03-01-01-01-01-01-10.wav,02-01-01-01-01-01-10,data/raw/ravdess/video_speech/Video_Speech_Actor_10/Actor_10/02-01-01-01-01-01-10.mp4
01-01-01-01-02-10,train,10,0,neutral,01,03-01-01-01-01-02-10,data/raw/ravdess/audio_speech/Audio_Speech_Actors_01-24/Actor_10/03-01-01-01-01-02-10.wav,02-01-01-01-01-02-10,data/raw/ravdess/video_speech/Video_Speech_Actor_10/Actor_10/02-01-01-01-01-02-10.mp4
01-01-01-02-01-10,train,10,0,neutral,01,03-01-01-01-02-01-10,data/raw/ravdess/audio_speech/Audio_Speech_Actors_01-24/Actor_10/03-01-01-01-02-01-10.wav,02-01-01-01-02-01-10,data/raw/ravdess/video_speech/Video_Speech_Actor_10/Actor_10/02-01-01-01-02-01-10.mp4
01-01-01-02-02-10,train,10,0,neutral,01,03-01-01-01-02-02-10,data/raw/ravdess/audio_speech/Audio_Speech_Actors_01-24/Actor_10/03-01-01-01-02-02-10.wav,02-01-01-01-02-02-10,data/raw/ravdess/video_speech/Video_Speech_Actor_10/Actor_10/02-01-01-01-02-02-10.mp4
01-02-01-01-01-10,train,10,1,calm,02,03-01-02-01-01-01-10,data/raw/ravdess/audio_speech/Audio_Speech_Actors_01-24/Actor_10/03-01-02-01-01-01-10.wav,02-01-02-01-01-01-10,data/raw/ravdess/video_speech/Video_Speech_Actor_10/Actor_10/02-01-02-01-01-01-10.mp4
01-02-01-01-02-10,train,10,1,calm,02,03-01-02-01-01-02-10,data/raw/ravdess/audio_speech/Audio_Speech_Actors_01-24/Actor_10/03-01-02-01-01-02-10.wav,02-01-02-01-01-02-10,data/raw/ravdess/video_speech/Video_Speech_Actor_10/Actor_10/02-01-02-01-01-02-10.mp4
01-02-01-02-01-10,train,10,1,calm,02,03-01-02-01-02-01-10,data/raw/ravdess/audio_speech/Audio_Speech_Actors_01-24/Actor_10/03-01-02-01-02-01-10.wav,02-01-02-01-02-01-10,data/raw/ravdess/video_speech/Video_Speech_Actor_10/Actor_10/02-01-02-01-02-01-10.mp4
01-02-01-02-02-10,train,10,1,calm,02,03-01-02-01-02-02-10,data/raw/ravdess/audio_speech/Audio_Speech_Actors_01-24/Actor_10/03-01-02-01-02-02-10.wav,02-01-02-01-02-02-10,data/raw/ravdess/video_speech/Video_Speech_Actor_10/Actor_10/02-01-02-01-02-02-10.mp4
01-02-02-01-01-10,train,10,1,calm,02,03-01-02-02-01-01-10,data/raw/ravdess/audio_speech/Audio_Speech_Actors_01-24/Actor_10/03-01-02-02-01-01-10.wav,02-01-02-02-01-01-10,data/raw/ravdess/video_speech/Video_Speech_Actor_10/Actor_10/02-01-02-02-01-01-10.mp4
01-02-02-01-02-10,train,10,1,calm,02,03-01-02-02-01-02-10,data/raw/ravdess/audio_speech/Audio_Speech_Actors_01-24/Actor_10/03-01-02-02-01-02-10.wav,02-01-02-02-01-02-10,data/raw/ravdess/video_speech/Video_Speech_Actor_10/Actor_10/02-01-02-02-01-02-10.mp4
01-02-02-02-01-10,train,10,1,calm,02,03-01-02-02-02-01-10,data/raw/ravdess/audio_speech/Audio_Speech_Actors_01-24/Actor_10/03-01-02-02-02-01-10.wav,02-01-02-02-02-01-10,data/raw/ravdess/video_speech/Video_Speech_Actor_10/Actor_10/02-01-02-02-02-01-10.mp4
01-02-02-02-02-10,train,10,1,calm,02,03-01-02-02-02-02-10,data/raw/ravdess/audio_speech/Audio_Speech_Actors_01-24/Actor_10/03-01-02-02-02-02-10.wav,02-01-02-02-02-02-10,data/raw/ravdess/video_speech/Video_Speech_Actor_10/Actor_10/02-01-02-02-02-02-10.mp4
01-03-01-01-01-10,train,10,2,happy,03,03-01-03-01-01-01-10,data/raw/ravdess/audio_speech/Audio_Speech_Actors_01-24/Actor_10/03-01-03-01-01-01-10.wav,02-01-03-01-01-01-10,data/raw/ravdess/video_speech/Video_Speech_Actor_10/Actor_10/02-01-03-01-01-01-10.mp4
01-03-01-01-02-10,train,10,2,happy,03,03-01-03-01-01-02-10,data/raw/ravdess/audio_speech/Audio_Speech_Actors_01-24/Actor_10/03-01-03-01-01-02-10.wav,02-01-03-01-01-02-10,data/raw/ravdess/video_speech/Video_Speech_Actor_10/Actor_10/02-01-03-01-01-02-10.mp4
01-03-01-02-01-10,train,10,2,happy,03,03-01-03-01-02-01-10,data/raw/ravdess/audio_speech/Audio_Speech_Actors_01-24/Actor_10/03-01-03-01-02-01-10.wav,02-01-03-01-02-01-10,data/raw/ravdess/video_speech/Video_Speech_Actor_10/Actor_10/02-01-03-01-02-01-10.mp4
01-03-01-02-02-10,train,10,2,happy,03,03-01-03-01-02-02-10,data/raw/ravdess/audio_speech/Audio_Speech_Actors_01-24/Actor_10/03-01-03-01-02-02-10.wav,02-01-03-01-02-02-10,data/raw/ravdess/video_speech/Video_Speech_Actor_10/Actor_10/02-01-03-01-02-02-10.mp4
01-03-02-01-01-10,train,10,2,happy,03,03-01-03-02-01-01-10,data/raw/ravdess/audio_speech/Audio_Speech_Actors_01-24/Actor_10/03-01-03-02-01-01-10.wav,02-01-03-02-01-01-10,data/raw/ravdess/video_speech/Video_Speech_Actor_10/Actor_10/02-01-03-02-01-01-10.mp4
01-03-02-01-02-10,train,10,2,happy,03,03-01-03-02-01-02-10,data/raw/ravdess/audio_speech/Audio_Speech_Actors_01-24/Actor_10/03-01-03-02-01-02-10.wav,02-01-03-02-01-02-10,data/raw/ravdess/video_speech/Video_Speech_Actor_10/Actor_10/02-01-03-02-01-02-10.mp4
01-03-02-02-01-10,train,10,2,happy,03,03-01-03-02-02-01-10,data/raw/ravdess/audio_speech/Audio_Speech_Actors_01-24/Actor_10/03-01-03-02-02-01-10.wav,02-01-03-02-02-01-10,data/raw/ravdess/video_speech/Video_Speech_Actor_10/Actor_10/02-01-03-02-02-01-10.mp4
01-03-02-02-02-10,train,10,2,happy,03,03-01-03-02-02-02-10,data/raw/ravdess/audio_speech/Audio_Speech_Actors_01-24/Actor_10/03-01-03-02-02-02-10.wav,02-01-03-02-02-02-10,data/raw/ravdess/video_speech/Video_Speech_Actor_10/Actor_10/02-01-03-02-02-02-10.mp4
01-04-01-01-01-10,train,10,3,sad,04,03-01-04-01-01-01-10,data/raw/ravdess/audio_speech/Audio_Speech_Actors_01-24/Actor_10/03-01-04-01-01-01-10.wav,02-01-04-01-01-01-10,data/raw/ravdess/video_speech/Video_Speech_Actor_10/Actor_10/02-01-04-01-01-01-10.mp4
01-04-01-01-02-10,train,10,3,sad,04,03-01-04-01-01-02-10,data/raw/ravdess/audio_speech/Audio_Speech_Actors_01-24/Actor_10/03-01-04-01-01-02-10.wav,02-01-04-01-01-02-10,data/raw/ravdess/video_speech/Video_Speech_Actor_10/Actor_10/02-01-04-01-01-02-10.mp4
01-04-01-02-01-10,train,10,3,sad,04,03-01-04-01-02-01-10,data/raw/ravdess/audio_speech/Audio_Speech_Actors_01-24/Actor_10/03-01-04-01-02-01-10.wav,02-01-04-01-02-01-10,data/raw/ravdess/video_speech/Video_Speech_Actor_10/Actor_10/02-01-04-01-02-01-10.mp4
01-04-01-02-02-10,train,10,3,sad,04,03-01-04-01-02-02-10,data/raw/ravdess/audio_speech/Audio_Speech_Actors_01-24/Actor_10/03-01-04-01-02-02-10.wav,02-01-04-01-02-02-10,data/raw/ravdess/video_speech/Video_Speech_Actor_10/Actor_10/02-01-04-01-02-02-10.mp4
01-04-02-01-01-10,train,10,3,sad,04,03-01-04-02-01-01-10,data/raw/ravdess/audio_speech/Audio_Speech_Actors_01-24/Actor_10/03-01-04-02-01-01-10.wav,02-01-04-02-01-01-10,data/raw/ravdess/video_speech/Video_Speech_Actor_10/Actor_10/02-01-04-02-01-01-10.mp4
01-04-02-01-02-10,train,10,3,sad,04,03-01-04-02-01-02-10,data/raw/ravdess/audio_speech/Audio_Speech_Actors_01-24/Actor_10/03-01-04-02-01-02-10.wav,02-01-04-02-01-02-10,data/raw/ravdess/video_speech/Video_Speech_Actor_10/Actor_10/02-01-04-02-01-02-10.mp4
01-04-02-02-01-10,train,10,3,sad,04,03-01-04-02-02-01-10,data/raw/ravdess/audio_speech/Audio_Speech_Actors_01-24/Actor_10/03-01-04-02-02-01-10.wav,02-01-04-02-02-01-10,data/raw/ravdess/video_speech/Video_Speech_Actor_10/Actor_10/02-01-04-02-02-01-10.mp4
01-04-02-02-02-10,train,10,3,sad,04,03-01-04-02-02-02-10,data/raw/ravdess/audio_speech/Audio_Speech_Actors_01-24/Actor_10/03-01-04-02-02-02-10.wav,02-01-04-02-02-02-10,data/raw/ravdess/video_speech/Video_Speech_Actor_10/Actor_10/02-01-04-02-02-02-10.mp4
01-05-01-01-01-10,train,10,4,angry,05,03-01-05-01-01-01-10,data/raw/ravdess/audio_speech/Audio_Speech_Actors_01-24/Actor_10/03-01-05-01-01-01-10.wav,02-01-05-01-01-01-10,data/raw/ravdess/video_speech/Video_Speech_Actor_10/Actor_10/02-01-05-01-01-01-10.mp4
01-05-01-01-02-10,train,10,4,angry,05,03-01-05-01-01-02-10,data/raw/ravdess/audio_speech/Audio_Speech_Actors_01-24/Actor_10/03-01-05-01-01-02-10.wav,02-01-05-01-01-02-10,data/raw/ravdess/video_speech/Video_Speech_Actor_10/Actor_10/02-01-05-01-01-02-10.mp4
01-05-01-02-01-10,train,10,4,angry,05,03-01-05-01-02-01-10,data/raw/ravdess/audio_speech/Audio_Speech_Actors_01-24/Actor_10/03-01-05-01-02-01-10.wav,02-01-05-01-02-01-10,data/raw/ravdess/video_speech/Video_Speech_Actor_10/Actor_10/02-01-05-01-02-01-10.mp4
01-05-01-02-02-10,train,10,4,angry,05,03-01-05-01-02-02-10,data/raw/ravdess/audio_speech/Audio_Speech_Actors_01-24/Actor_10/03-01-05-01-02-02-10.wav,02-01-05-01-02-02-10,data/raw/ravdess/video_speech/Video_Speech_Actor_10/Actor_10/02-01-05-01-02-02-10.mp4
01-05-02-01-01-10,train,10,4,angry,05,03-01-05-02-01-01-10,data/raw/ravdess/audio_speech/Audio_Speech_Actors_01-24/Actor_10/03-01-05-02-01-01-10.wav,02-01-05-02-01-01-10,data/raw/ravdess/video_speech/Video_Speech_Actor_10/Actor_10/02-01-05-02-01-01-10.mp4
01-05-02-01-02-10,train,10,4,angry,05,03-01-05-02-01-02-10,data/raw/ravdess/audio_speech/Audio_Speech_Actors_01-24/Actor_10/03-01-05-02-01-02-10.wav,02-01-05-02-01-02-10,data/raw/ravdess/video_speech/Video_Speech_Actor_10/Actor_10/02-01-05-02-01-02-10.mp4
01-05-02-02-01-10,train,10,4,angry,05,03-01-05-02-02-01-10,data/raw/ravdess/audio_speech/Audio_Speech_Actors_01-24/Actor_10/03-01-05-02-02-01-10.wav,02-01-05-02-02-01-10,data/raw/ravdess/video_speech/Video_Speech_Actor_10/Actor_10/02-01-05-02-02-01-10.mp4
01-05-02-02-02-10,train,10,4,angry,05,03-01-05-02-02-02-10,data/raw/ravdess/audio_speech/Audio_Speech_Actors_01-24/Actor_10/03-01-05-02-02-02-10.wav,02-01-05-02-02-02-10,data/raw/ravdess/video_speech/Video_Speech_Actor_10/Actor_10/02-01-05-02-02-02-10.mp4
01-06-01-01-01-10,train,10,5,fearful,06,03-01-06-01-01-01-10,data/raw/ravdess/audio_speech/Audio_Speech_Actors_01-24/Actor_10/03-01-06-01-01-01-10.wav,02-01-06-01-01-01-10,data/raw/ravdess/video_speech/Video_Speech_Actor_10/Actor_10/02-01-06-01-01-01-10.mp4
01-06-01-01-02-10,train,10,5,fearful,06,03-01-06-01-01-02-10,data/raw/ravdess/audio_speech/Audio_Speech_Actors_01-24/Actor_10/03-01-06-01-01-02-10.wav,02-01-06-01-01-02-10,data/raw/ravdess/video_speech/Video_Speech_Actor_10/Actor_10/02-01-06-01-01-02-10.mp4
01-06-01-02-01-10,train,10,5,fearful,06,03-01-06-01-02-01-10,data/raw/ravdess/audio_speech/Audio_Speech_Actors_01-24/Actor_10/03-01-06-01-02-01-10.wav,02-01-06-01-02-01-10,data/raw/ravdess/video_speech/Video_Speech_Actor_10/Actor_10/02-01-06-01-02-01-10.mp4
01-06-01-02-02-10,train,10,5,fearful,06,03-01-06-01-02-02-10,data/raw/ravdess/audio_speech/Audio_Speech_Actors_01-24/Actor_10/03-01-06-01-02-02-10.wav,02-01-06-01-02-02-10,data/raw/ravdess/video_speech/Video_Speech_Actor_10/Actor_10/02-01-06-01-02-02-10.mp4
01-06-02-01-01-10,train,10,5,fearful,06,03-01-06-02-01-01-10,data/raw/ravdess/audio_speech/Audio_Speech_Actors_01-24/Actor_10/03-01-06-02-01-01-10.wav,02-01-06-02-01-01-10,data/raw/ravdess/video_speech/Video_Speech_Actor_10/Actor_10/02-01-06-02-01-01-10.mp4
01-06-02-01-02-10,train,10,5,fearful,06,03-01-06-02-01-02-10,data/raw/ravdess/audio_speech/Audio_Speech_Actors_01-24/Actor_10/03-01-06-02-01-02-10.wav,02-01-06-02-01-02-10,data/raw/ravdess/video_speech/Video_Speech_Actor_10/Actor_10/02-01-06-02-01-02-10.mp4
01-06-02-02-01-10,train,10,5,fearful,06,03-01-06-02-02-01-10,data/raw/ravdess/audio_speech/Audio_Speech_Actors_01-24/Actor_10/03-01-06-02-02-01-10.wav,02-01-06-02-02-01-10,data/raw/ravdess/video_speech/Video_Speech_Actor_10/Actor_10/02-01-06-02-02-01-10.mp4
01-06-02-02-02-10,train,10,5,fearful,06,03-01-06-02-02-02-10,data/raw/ravdess/audio_speech/Audio_Speech_Actors_01-24/Actor_10/03-01-06-02-02-02-10.wav,02-01-06-02-02-02-10,data/raw/ravdess/video_speech/Video_Speech_Actor_10/Actor_10/02-01-06-02-02-02-10.mp4
01-07-01-01-01-10,train,10,6,disgust,07,03-01-07-01-01-01-10,data/raw/ravdess/audio_speech/Audio_Speech_Actors_01-24/Actor_10/03-01-07-01-01-01-10.wav,02-01-07-01-01-01-10,data/raw/ravdess/video_speech/Video_Speech_Actor_10/Actor_10/02-01-07-01-01-01-10.mp4
01-07-01-01-02-10,train,10,6,disgust,07,03-01-07-01-01-02-10,data/raw/ravdess/audio_speech/Audio_Speech_Actors_01-24/Actor_10/03-01-07-01-01-02-10.wav,02-01-07-01-01-02-10,data/raw/ravdess/video_speech/Video_Speech_Actor_10/Actor_10/02-01-07-01-01-02-10.mp4
01-07-01-02-01-10,train,10,6,disgust,07,03-01-07-01-02-01-10,data/raw/ravdess/audio_speech/Audio_Speech_Actors_01-24/Actor_10/03-01-07-01-02-01-10.wav,02-01-07-01-02-01-10,data/raw/ravdess/video_speech/Video_Speech_Actor_10/Actor_10/02-01-07-01-02-01-10.mp4
01-07-01-02-02-10,train,10,6,disgust,07,03-01-07-01-02-02-10,data/raw/ravdess/audio_speech/Audio_Speech_Actors_01-24/Actor_10/03-01-07-01-02-02-10.wav,02-01-07-01-02-02-10,data/raw/ravdess/video_speech/Video_Speech_Actor_10/Actor_10/02-01-07-01-02-02-10.mp4
01-07-02-01-01-10,train,10,6,disgust,07,03-01-07-02-01-01-10,data/raw/ravdess/audio_speech/Audio_Speech_Actors_01-24/Actor_10/03-01-07-02-01-01-10.wav,02-01-07-02-01-01-10,data/raw/ravdess/video_speech/Video_Speech_Actor_10/Actor_10/02-01-07-02-01-01-10.mp4
01-07-02-01-02-10,train,10,6,disgust,07,03-01-07-02-01-02-10,data/raw/ravdess/audio_speech/Audio_Speech_Actors_01-24/Actor_10/03-01-07-02-01-02-10.wav,02-01-07-02-01-02-10,data/raw/ravdess/video_speech/Video_Speech_Actor_10/Actor_10/02-01-07-02-01-02-10.mp4
01-07-02-02-01-10,train,10,6,disgust,07,03-01-07-02-02-01-10,data/raw/ravdess/audio_speech/Audio_Speech_Actors_01-24/Actor_10/03-01-07-02-02-01-10.wav,02-01-07-02-02-01-10,data/raw/ravdess/video_speech/Video_Speech_Actor_10/Actor_10/02-01-07-02-02-01-10.mp4
01-07-02-02-02-10,train,10,6,disgust,07,03-01-07-02-02-02-10,data/raw/ravdess/audio_speech/Audio_Speech_Actors_01-24/Actor_10/03-01-07-02-02-02-10.wav,02-01-07-02-02-02-10,data/raw/ravdess/video_speech/Video_Speech_Actor_10/Actor_10/02-01-07-02-02-02-10.mp4
01-08-01-01-01-10,train,10,7,surprise,08,03-01-08-01-01-01-10,data/raw/ravdess/audio_speech/Audio_Speech_Actors_01-24/Actor_10/03-01-08-01-01-01-10.wav,02-01-08-01-01-01-10,data/raw/ravdess/video_speech/Video_Speech_Actor_10/Actor_10/02-01-08-01-01-01-10.mp4
01-08-01-01-02-10,train,10,7,surprise,08,03-01-08-01-01-02-10,data/raw/ravdess/audio_speech/Audio_Speech_Actors_01-24/Actor_10/03-01-08-01-01-02-10.wav,02-01-08-01-01-02-10,data/raw/ravdess/video_speech/Video_Speech_Actor_10/Actor_10/02-01-08-01-01-02-10.mp4
01-08-01-02-01-10,train,10,7,surprise,08,03-01-08-01-02-01-10,data/raw/ravdess/audio_speech/Audio_Speech_Actors_01-24/Actor_10/03-01-08-01-02-01-10.wav,02-01-08-01-02-01-10,data/raw/ravdess/video_speech/Video_Speech_Actor_10/Actor_10/02-01-08-01-02-01-10.mp4
01-08-01-02-02-10,train,10,7,surprise,08,03-01-08-01-02-02-10,data/raw/ravdess/audio_speech/Audio_Speech_Actors_01-24/Actor_10/03-01-08-01-02-02-10.wav,02-01-08-01-02-02-10,data/raw/ravdess/video_speech/Video_Speech_Actor_10/Actor_10/02-01-08-01-02-02-10.mp4
01-08-02-01-01-10,train,10,7,surprise,08,03-01-08-02-01-01-10,data/raw/ravdess/audio_speech/Audio_Speech_Actors_01-24/Actor_10/03-01-08-02-01-01-10.wav,02-01-08-02-01-01-10,data/raw/ravdess/video_speech/Video_Speech_Actor_10/Actor_10/02-01-08-02-01-01-10.mp4
01-08-02-01-02-10,train,10,7,surprise,08,03-01-08-02-01-02-10,data/raw/ravdess/audio_speech/Audio_Speech_Actors_01-24/Actor_10/03-01-08-02-01-02-10.wav,02-01-08-02-01-02-10,data/raw/ravdess/video_speech/Video_Speech_Actor_10/Actor_10/02-01-08-02-01-02-10.mp4
01-08-02-02-01-10,train,10,7,surprise,08,03-01-08-02-02-01-10,data/raw/ravdess/audio_speech/Audio_Speech_Actors_01-24/Actor_10/03-01-08-02-02-01-10.wav,02-01-08-02-02-01-10,data/raw/ravdess/video_speech/Video_Speech_Actor_10/Actor_10/02-01-08-02-02-01-10.mp4
01-08-02-02-02-10,train,10,7,surprise,08,03-01-08-02-02-02-10,data/raw/ravdess/audio_speech/Audio_Speech_Actors_01-24/Actor_10/03-01-08-02-02-02-10.wav,02-01-08-02-02-02-10,data/raw/ravdess/video_speech/Video_Speech_Actor_10/Actor_10/02-01-08-02-02-02-10.mp4
01-01-01-01-01-11,train,11,0,neutral,01,03-01-01-01-01-01-11,data/raw/ravdess/audio_speech/Audio_Speech_Actors_01-24/Actor_11/03-01-01-01-01-01-11.wav,02-01-01-01-01-01-11,data/raw/ravdess/video_speech/Video_Speech_Actor_11/Actor_11/02-01-01-01-01-01-11.mp4
01-01-01-01-02-11,train,11,0,neutral,01,03-01-01-01-01-02-11,data/raw/ravdess/audio_speech/Audio_Speech_Actors_01-24/Actor_11/03-01-01-01-01-02-11.wav,02-01-01-01-01-02-11,data/raw/ravdess/video_speech/Video_Speech_Actor_11/Actor_11/02-01-01-01-01-02-11.mp4
01-01-01-02-01-11,train,11,0,neutral,01,03-01-01-01-02-01-11,data/raw/ravdess/audio_speech/Audio_Speech_Actors_01-24/Actor_11/03-01-01-01-02-01-11.wav,02-01-01-01-02-01-11,data/raw/ravdess/video_speech/Video_Speech_Actor_11/Actor_11/02-01-01-01-02-01-11.mp4
01-01-01-02-02-11,train,11,0,neutral,01,03-01-01-01-02-02-11,data/raw/ravdess/audio_speech/Audio_Speech_Actors_01-24/Actor_11/03-01-01-01-02-02-11.wav,02-01-01-01-02-02-11,data/raw/ravdess/video_speech/Video_Speech_Actor_11/Actor_11/02-01-01-01-02-02-11.mp4
01-02-01-01-01-11,train,11,1,calm,02,03-01-02-01-01-01-11,data/raw/ravdess/audio_speech/Audio_Speech_Actors_01-24/Actor_11/03-01-02-01-01-01-11.wav,02-01-02-01-01-01-11,data/raw/ravdess/video_speech/Video_Speech_Actor_11/Actor_11/02-01-02-01-01-01-11.mp4
01-02-01-01-02-11,train,11,1,calm,02,03-01-02-01-01-02-11,data/raw/ravdess/audio_speech/Audio_Speech_Actors_01-24/Actor_11/03-01-02-01-01-02-11.wav,02-01-02-01-01-02-11,data/raw/ravdess/video_speech/Video_Speech_Actor_11/Actor_11/02-01-02-01-01-02-11.mp4
01-02-01-02-01-11,train,11,1,calm,02,03-01-02-01-02-01-11,data/raw/ravdess/audio_speech/Audio_Speech_Actors_01-24/Actor_11/03-01-02-01-02-01-11.wav,02-01-02-01-02-01-11,data/raw/ravdess/video_speech/Video_Speech_Actor_11/Actor_11/02-01-02-01-02-01-11.mp4
01-02-01-02-02-11,train,11,1,calm,02,03-01-02-01-02-02-11,data/raw/ravdess/audio_speech/Audio_Speech_Actors_01-24/Actor_11/03-01-02-01-02-02-11.wav,02-01-02-01-02-02-11,data/raw/ravdess/video_speech/Video_Speech_Actor_11/Actor_11/02-01-02-01-02-02-11.mp4
01-02-02-01-01-11,train,11,1,calm,02,03-01-02-02-01-01-11,data/raw/ravdess/audio_speech/Audio_Speech_Actors_01-24/Actor_11/03-01-02-02-01-01-11.wav,02-01-02-02-01-01-11,data/raw/ravdess/video_speech/Video_Speech_Actor_11/Actor_11/02-01-02-02-01-01-11.mp4
01-02-02-01-02-11,train,11,1,calm,02,03-01-02-02-01-02-11,data/raw/ravdess/audio_speech/Audio_Speech_Actors_01-24/Actor_11/03-01-02-02-01-02-11.wav,02-01-02-02-01-02-11,data/raw/ravdess/video_speech/Video_Speech_Actor_11/Actor_11/02-01-02-02-01-02-11.mp4
01-02-02-02-01-11,train,11,1,calm,02,03-01-02-02-02-01-11,data/raw/ravdess/audio_speech/Audio_Speech_Actors_01-24/Actor_11/03-01-02-02-02-01-11.wav,02-01-02-02-02-01-11,data/raw/ravdess/video_speech/Video_Speech_Actor_11/Actor_11/02-01-02-02-02-01-11.mp4
01-02-02-02-02-11,train,11,1,calm,02,03-01-02-02-02-02-11,data/raw/ravdess/audio_speech/Audio_Speech_Actors_01-24/Actor_11/03-01-02-02-02-02-11.wav,02-01-02-02-02-02-11,data/raw/ravdess/video_speech/Video_Speech_Actor_11/Actor_11/02-01-02-02-02-02-11.mp4
01-03-01-01-01-11,train,11,2,happy,03,03-01-03-01-01-01-11,data/raw/ravdess/audio_speech/Audio_Speech_Actors_01-24/Actor_11/03-01-03-01-01-01-11.wav,02-01-03-01-01-01-11,data/raw/ravdess/video_speech/Video_Speech_Actor_11/Actor_11/02-01-03-01-01-01-11.mp4
01-03-01-01-02-11,train,11,2,happy,03,03-01-03-01-01-02-11,data/raw/ravdess/audio_speech/Audio_Speech_Actors_01-24/Actor_11/03-01-03-01-01-02-11.wav,02-01-03-01-01-02-11,data/raw/ravdess/video_speech/Video_Speech_Actor_11/Actor_11/02-01-03-01-01-02-11.mp4
01-03-01-02-01-11,train,11,2,happy,03,03-01-03-01-02-01-11,data/raw/ravdess/audio_speech/Audio_Speech_Actors_01-24/Actor_11/03-01-03-01-02-01-11.wav,02-01-03-01-02-01-11,data/raw/ravdess/video_speech/Video_Speech_Actor_11/Actor_11/02-01-03-01-02-01-11.mp4
01-03-01-02-02-11,train,11,2,happy,03,03-01-03-01-02-02-11,data/raw/ravdess/audio_speech/Audio_Speech_Actors_01-24/Actor_11/03-01-03-01-02-02-11.wav,02-01-03-01-02-02-11,data/raw/ravdess/video_speech/Video_Speech_Actor_11/Actor_11/02-01-03-01-02-02-11.mp4
01-03-02-01-01-11,train,11,2,happy,03,03-01-03-02-01-01-11,data/raw/ravdess/audio_speech/Audio_Speech_Actors_01-24/Actor_11/03-01-03-02-01-01-11.wav,02-01-03-02-01-01-11,data/raw/ravdess/video_speech/Video_Speech_Actor_11/Actor_11/02-01-03-02-01-01-11.mp4
01-03-02-01-02-11,train,11,2,happy,03,03-01-03-02-01-02-11,data/raw/ravdess/audio_speech/Audio_Speech_Actors_01-24/Actor_11/03-01-03-02-01-02-11.wav,02-01-03-02-01-02-11,data/raw/ravdess/video_speech/Video_Speech_Actor_11/Actor_11/02-01-03-02-01-02-11.mp4
01-03-02-02-01-11,train,11,2,happy,03,03-01-03-02-02-01-11,data/raw/ravdess/audio_speech/Audio_Speech_Actors_01-24/Actor_11/03-01-03-02-02-01-11.wav,02-01-03-02-02-01-11,data/raw/ravdess/video_speech/Video_Speech_Actor_11/Actor_11/02-01-03-02-02-01-11.mp4
01-03-02-02-02-11,train,11,2,happy,03,03-01-03-02-02-02-11,data/raw/ravdess/audio_speech/Audio_Speech_Actors_01-24/Actor_11/03-01-03-02-02-02-11.wav,02-01-03-02-02-02-11,data/raw/ravdess/video_speech/Video_Speech_Actor_11/Actor_11/02-01-03-02-02-02-11.mp4
01-04-01-01-01-11,train,11,3,sad,04,03-01-04-01-01-01-11,data/raw/ravdess/audio_speech/Audio_Speech_Actors_01-24/Actor_11/03-01-04-01-01-01-11.wav,02-01-04-01-01-01-11,data/raw/ravdess/video_speech/Video_Speech_Actor_11/Actor_11/02-01-04-01-01-01-11.mp4
01-04-01-01-02-11,train,11,3,sad,04,03-01-04-01-01-02-11,data/raw/ravdess/audio_speech/Audio_Speech_Actors_01-24/Actor_11/03-01-04-01-01-02-11.wav,02-01-04-01-01-02-11,data/raw/ravdess/video_speech/Video_Speech_Actor_11/Actor_11/02-01-04-01-01-02-11.mp4
01-04-01-02-01-11,train,11,3,sad,04,03-01-04-01-02-01-11,data/raw/ravdess/audio_speech/Audio_Speech_Actors_01-24/Actor_11/03-01-04-01-02-01-11.wav,02-01-04-01-02-01-11,data/raw/ravdess/video_speech/Video_Speech_Actor_11/Actor_11/02-01-04-01-02-01-11.mp4
01-04-01-02-02-11,train,11,3,sad,04,03-01-04-01-02-02-11,data/raw/ravdess/audio_speech/Audio_Speech_Actors_01-24/Actor_11/03-01-04-01-02-02-11.wav,02-01-04-01-02-02-11,data/raw/ravdess/video_speech/Video_Speech_Actor_11/Actor_11/02-01-04-01-02-02-11.mp4
01-04-02-01-01-11,train,11,3,sad,04,03-01-04-02-01-01-11,data/raw/ravdess/audio_speech/Audio_Speech_Actors_01-24/Actor_11/03-01-04-02-01-01-11.wav,02-01-04-02-01-01-11,data/raw/ravdess/video_speech/Video_Speech_Actor_11/Actor_11/02-01-04-02-01-01-11.mp4
01-04-02-01-02-11,train,11,3,sad,04,03-01-04-02-01-02-11,data/raw/ravdess/audio_speech/Audio_Speech_Actors_01-24/Actor_11/03-01-04-02-01-02-11.wav,02-01-04-02-01-02-11,data/raw/ravdess/video_speech/Video_Speech_Actor_11/Actor_11/02-01-04-02-01-02-11.mp4
01-04-02-02-01-11,train,11,3,sad,04,03-01-04-02-02-01-11,data/raw/ravdess/audio_speech/Audio_Speech_Actors_01-24/Actor_11/03-01-04-02-02-01-11.wav,02-01-04-02-02-01-11,data/raw/ravdess/video_speech/Video_Speech_Actor_11/Actor_11/02-01-04-02-02-01-11.mp4
01-04-02-02-02-11,train,11,3,sad,04,03-01-04-02-02-02-11,data/raw/ravdess/audio_speech/Audio_Speech_Actors_01-24/Actor_11/03-01-04-02-02-02-11.wav,02-01-04-02-02-02-11,data/raw/ravdess/video_speech/Video_Speech_Actor_11/Actor_11/02-01-04-02-02-02-11.mp4
01-05-01-01-01-11,train,11,4,angry,05,03-01-05-01-01-01-11,data/raw/ravdess/audio_speech/Audio_Speech_Actors_01-24/Actor_11/03-01-05-01-01-01-11.wav,02-01-05-01-01-01-11,data/raw/ravdess/video_speech/Video_Speech_Actor_11/Actor_11/02-01-05-01-01-01-11.mp4
01-05-01-01-02-11,train,11,4,angry,05,03-01-05-01-01-02-11,data/raw/ravdess/audio_speech/Audio_Speech_Actors_01-24/Actor_11/03-01-05-01-01-02-11.wav,02-01-05-01-01-02-11,data/raw/ravdess/video_speech/Video_Speech_Actor_11/Actor_11/02-01-05-01-01-02-11.mp4
01-05-01-02-01-11,train,11,4,angry,05,03-01-05-01-02-01-11,data/raw/ravdess/audio_speech/Audio_Speech_Actors_01-24/Actor_11/03-01-05-01-02-01-11.wav,02-01-05-01-02-01-11,data/raw/ravdess/video_speech/Video_Speech_Actor_11/Actor_11/02-01-05-01-02-01-11.mp4
01-05-01-02-02-11,train,11,4,angry,05,03-01-05-01-02-02-11,data/raw/ravdess/audio_speech/Audio_Speech_Actors_01-24/Actor_11/03-01-05-01-02-02-11.wav,02-01-05-01-02-02-11,data/raw/ravdess/video_speech/Video_Speech_Actor_11/Actor_11/02-01-05-01-02-02-11.mp4
01-05-02-01-01-11,train,11,4,angry,05,03-01-05-02-01-01-11,data/raw/ravdess/audio_speech/Audio_Speech_Actors_01-24/Actor_11/03-01-05-02-01-01-11.wav,02-01-05-02-01-01-11,data/raw/ravdess/video_speech/Video_Speech_Actor_11/Actor_11/02-01-05-02-01-01-11.mp4
01-05-02-01-02-11,train,11,4,angry,05,03-01-05-02-01-02-11,data/raw/ravdess/audio_speech/Audio_Speech_Actors_01-24/Actor_11/03-01-05-02-01-02-11.wav,02-01-05-02-01-02-11,data/raw/ravdess/video_speech/Video_Speech_Actor_11/Actor_11/02-01-05-02-01-02-11.mp4
01-05-02-02-01-11,train,11,4,angry,05,03-01-05-02-02-01-11,data/raw/ravdess/audio_speech/Audio_Speech_Actors_01-24/Actor_11/03-01-05-02-02-01-11.wav,02-01-05-02-02-01-11,data/raw/ravdess/video_speech/Video_Speech_Actor_11/Actor_11/02-01-05-02-02-01-11.mp4
01-05-02-02-02-11,train,11,4,angry,05,03-01-05-02-02-02-11,data/raw/ravdess/audio_speech/Audio_Speech_Actors_01-24/Actor_11/03-01-05-02-02-02-11.wav,02-01-05-02-02-02-11,data/raw/ravdess/video_speech/Video_Speech_Actor_11/Actor_11/02-01-05-02-02-02-11.mp4
01-06-01-01-01-11,train,11,5,fearful,06,03-01-06-01-01-01-11,data/raw/ravdess/audio_speech/Audio_Speech_Actors_01-24/Actor_11/03-01-06-01-01-01-11.wav,02-01-06-01-01-01-11,data/raw/ravdess/video_speech/Video_Speech_Actor_11/Actor_11/02-01-06-01-01-01-11.mp4
01-06-01-01-02-11,train,11,5,fearful,06,03-01-06-01-01-02-11,data/raw/ravdess/audio_speech/Audio_Speech_Actors_01-24/Actor_11/03-01-06-01-01-02-11.wav,02-01-06-01-01-02-11,data/raw/ravdess/video_speech/Video_Speech_Actor_11/Actor_11/02-01-06-01-01-02-11.mp4
01-06-01-02-01-11,train,11,5,fearful,06,03-01-06-01-02-01-11,data/raw/ravdess/audio_speech/Audio_Speech_Actors_01-24/Actor_11/03-01-06-01-02-01-11.wav,02-01-06-01-02-01-11,data/raw/ravdess/video_speech/Video_Speech_Actor_11/Actor_11/02-01-06-01-02-01-11.mp4
01-06-01-02-02-11,train,11,5,fearful,06,03-01-06-01-02-02-11,data/raw/ravdess/audio_speech/Audio_Speech_Actors_01-24/Actor_11/03-01-06-01-02-02-11.wav,02-01-06-01-02-02-11,data/raw/ravdess/video_speech/Video_Speech_Actor_11/Actor_11/02-01-06-01-02-02-11.mp4
01-06-02-01-01-11,train,11,5,fearful,06,03-01-06-02-01-01-11,data/raw/ravdess/audio_speech/Audio_Speech_Actors_01-24/Actor_11/03-01-06-02-01-01-11.wav,02-01-06-02-01-01-11,data/raw/ravdess/video_speech/Video_Speech_Actor_11/Actor_11/02-01-06-02-01-01-11.mp4
01-06-02-01-02-11,train,11,5,fearful,06,03-01-06-02-01-02-11,data/raw/ravdess/audio_speech/Audio_Speech_Actors_01-24/Actor_11/03-01-06-02-01-02-11.wav,02-01-06-02-01-02-11,data/raw/ravdess/video_speech/Video_Speech_Actor_11/Actor_11/02-01-06-02-01-02-11.mp4
01-06-02-02-01-11,train,11,5,fearful,06,03-01-06-02-02-01-11,data/raw/ravdess/audio_speech/Audio_Speech_Actors_01-24/Actor_11/03-01-06-02-02-01-11.wav,02-01-06-02-02-01-11,data/raw/ravdess/video_speech/Video_Speech_Actor_11/Actor_11/02-01-06-02-02-01-11.mp4
01-06-02-02-02-11,train,11,5,fearful,06,03-01-06-02-02-02-11,data/raw/ravdess/audio_speech/Audio_Speech_Actors_01-24/Actor_11/03-01-06-02-02-02-11.wav,02-01-06-02-02-02-11,data/raw/ravdess/video_speech/Video_Speech_Actor_11/Actor_11/02-01-06-02-02-02-11.mp4
01-07-01-01-01-11,train,11,6,disgust,07,03-01-07-01-01-01-11,data/raw/ravdess/audio_speech/Audio_Speech_Actors_01-24/Actor_11/03-01-07-01-01-01-11.wav,02-01-07-01-01-01-11,data/raw/ravdess/video_speech/Video_Speech_Actor_11/Actor_11/02-01-07-01-01-01-11.mp4
01-07-01-01-02-11,train,11,6,disgust,07,03-01-07-01-01-02-11,data/raw/ravdess/audio_speech/Audio_Speech_Actors_01-24/Actor_11/03-01-07-01-01-02-11.wav,02-01-07-01-01-02-11,data/raw/ravdess/video_speech/Video_Speech_Actor_11/Actor_11/02-01-07-01-01-02-11.mp4
01-07-01-02-01-11,train,11,6,disgust,07,03-01-07-01-02-01-11,data/raw/ravdess/audio_speech/Audio_Speech_Actors_01-24/Actor_11/03-01-07-01-02-01-11.wav,02-01-07-01-02-01-11,data/raw/ravdess/video_speech/Video_Speech_Actor_11/Actor_11/02-01-07-01-02-01-11.mp4
01-07-01-02-02-11,train,11,6,disgust,07,03-01-07-01-02-02-11,data/raw/ravdess/audio_speech/Audio_Speech_Actors_01-24/Actor_11/03-01-07-01-02-02-11.wav,02-01-07-01-02-02-11,data/raw/ravdess/video_speech/Video_Speech_Actor_11/Actor_11/02-01-07-01-02-02-11.mp4
01-07-02-01-01-11,train,11,6,disgust,07,03-01-07-02-01-01-11,data/raw/ravdess/audio_speech/Audio_Speech_Actors_01-24/Actor_11/03-01-07-02-01-01-11.wav,02-01-07-02-01-01-11,data/raw/ravdess/video_speech/Video_Speech_Actor_11/Actor_11/02-01-07-02-01-01-11.mp4
01-07-02-01-02-11,train,11,6,disgust,07,03-01-07-02-01-02-11,data/raw/ravdess/audio_speech/Audio_Speech_Actors_01-24/Actor_11/03-01-07-02-01-02-11.wav,02-01-07-02-01-02-11,data/raw/ravdess/video_speech/Video_Speech_Actor_11/Actor_11/02-01-07-02-01-02-11.mp4
01-07-02-02-01-11,train,11,6,disgust,07,03-01-07-02-02-01-11,data/raw/ravdess/audio_speech/Audio_Speech_Actors_01-24/Actor_11/03-01-07-02-02-01-11.wav,02-01-07-02-02-01-11,data/raw/ravdess/video_speech/Video_Speech_Actor_11/Actor_11/02-01-07-02-02-01-11.mp4
01-07-02-02-02-11,train,11,6,disgust,07,03-01-07-02-02-02-11,data/raw/ravdess/audio_speech/Audio_Speech_Actors_01-24/Actor_11/03-01-07-02-02-02-11.wav,02-01-07-02-02-02-11,data/raw/ravdess/video_speech/Video_Speech_Actor_11/Actor_11/02-01-07-02-02-02-11.mp4
01-08-01-01-01-11,train,11,7,surprise,08,03-01-08-01-01-01-11,data/raw/ravdess/audio_speech/Audio_Speech_Actors_01-24/Actor_11/03-01-08-01-01-01-11.wav,02-01-08-01-01-01-11,data/raw/ravdess/video_speech/Video_Speech_Actor_11/Actor_11/02-01-08-01-01-01-11.mp4
01-08-01-01-02-11,train,11,7,surprise,08,03-01-08-01-01-02-11,data/raw/ravdess/audio_speech/Audio_Speech_Actors_01-24/Actor_11/03-01-08-01-01-02-11.wav,02-01-08-01-01-02-11,data/raw/ravdess/video_speech/Video_Speech_Actor_11/Actor_11/02-01-08-01-01-02-11.mp4
01-08-01-02-01-11,train,11,7,surprise,08,03-01-08-01-02-01-11,data/raw/ravdess/audio_speech/Audio_Speech_Actors_01-24/Actor_11/03-01-08-01-02-01-11.wav,02-01-08-01-02-01-11,data/raw/ravdess/video_speech/Video_Speech_Actor_11/Actor_11/02-01-08-01-02-01-11.mp4
01-08-01-02-02-11,train,11,7,surprise,08,03-01-08-01-02-02-11,data/raw/ravdess/audio_speech/Audio_Speech_Actors_01-24/Actor_11/03-01-08-01-02-02-11.wav,02-01-08-01-02-02-11,data/raw/ravdess/video_speech/Video_Speech_Actor_11/Actor_11/02-01-08-01-02-02-11.mp4
01-08-02-01-01-11,train,11,7,surprise,08,03-01-08-02-01-01-11,data/raw/ravdess/audio_speech/Audio_Speech_Actors_01-24/Actor_11/03-01-08-02-01-01-11.wav,02-01-08-02-01-01-11,data/raw/ravdess/video_speech/Video_Speech_Actor_11/Actor_11/02-01-08-02-01-01-11.mp4
01-08-02-01-02-11,train,11,7,surprise,08,03-01-08-02-01-02-11,data/raw/ravdess/audio_speech/Audio_Speech_Actors_01-24/Actor_11/03-01-08-02-01-02-11.wav,02-01-08-02-01-02-11,data/raw/ravdess/video_speech/Video_Speech_Actor_11/Actor_11/02-01-08-02-01-02-11.mp4
01-08-02-02-01-11,train,11,7,surprise,08,03-01-08-02-02-01-11,data/raw/ravdess/audio_speech/Audio_Speech_Actors_01-24/Actor_11/03-01-08-02-02-01-11.wav,02-01-08-02-02-01-11,data/raw/ravdess/video_speech/Video_Speech_Actor_11/Actor_11/02-01-08-02-02-01-11.mp4
01-08-02-02-02-11,train,11,7,surprise,08,03-01-08-02-02-02-11,data/raw/ravdess/audio_speech/Audio_Speech_Actors_01-24/Actor_11/03-01-08-02-02-02-11.wav,02-01-08-02-02-02-11,data/raw/ravdess/video_speech/Video_Speech_Actor_11/Actor_11/02-01-08-02-02-02-11.mp4
01-01-01-01-01-12,train,12,0,neutral,01,03-01-01-01-01-01-12,data/raw/ravdess/audio_speech/Audio_Speech_Actors_01-24/Actor_12/03-01-01-01-01-01-12.wav,02-01-01-01-01-01-12,data/raw/ravdess/video_speech/Video_Speech_Actor_12/Actor_12/02-01-01-01-01-01-12.mp4
01-01-01-01-02-12,train,12,0,neutral,01,03-01-01-01-01-02-12,data/raw/ravdess/audio_speech/Audio_Speech_Actors_01-24/Actor_12/03-01-01-01-01-02-12.wav,02-01-01-01-01-02-12,data/raw/ravdess/video_speech/Video_Speech_Actor_12/Actor_12/02-01-01-01-01-02-12.mp4
01-01-01-02-01-12,train,12,0,neutral,01,03-01-01-01-02-01-12,data/raw/ravdess/audio_speech/Audio_Speech_Actors_01-24/Actor_12/03-01-01-01-02-01-12.wav,02-01-01-01-02-01-12,data/raw/ravdess/video_speech/Video_Speech_Actor_12/Actor_12/02-01-01-01-02-01-12.mp4
01-01-01-02-02-12,train,12,0,neutral,01,03-01-01-01-02-02-12,data/raw/ravdess/audio_speech/Audio_Speech_Actors_01-24/Actor_12/03-01-01-01-02-02-12.wav,02-01-01-01-02-02-12,data/raw/ravdess/video_speech/Video_Speech_Actor_12/Actor_12/02-01-01-01-02-02-12.mp4
01-02-01-01-01-12,train,12,1,calm,02,03-01-02-01-01-01-12,data/raw/ravdess/audio_speech/Audio_Speech_Actors_01-24/Actor_12/03-01-02-01-01-01-12.wav,02-01-02-01-01-01-12,data/raw/ravdess/video_speech/Video_Speech_Actor_12/Actor_12/02-01-02-01-01-01-12.mp4
01-02-01-01-02-12,train,12,1,calm,02,03-01-02-01-01-02-12,data/raw/ravdess/audio_speech/Audio_Speech_Actors_01-24/Actor_12/03-01-02-01-01-02-12.wav,02-01-02-01-01-02-12,data/raw/ravdess/video_speech/Video_Speech_Actor_12/Actor_12/02-01-02-01-01-02-12.mp4
01-02-01-02-01-12,train,12,1,calm,02,03-01-02-01-02-01-12,data/raw/ravdess/audio_speech/Audio_Speech_Actors_01-24/Actor_12/03-01-02-01-02-01-12.wav,02-01-02-01-02-01-12,data/raw/ravdess/video_speech/Video_Speech_Actor_12/Actor_12/02-01-02-01-02-01-12.mp4
01-02-01-02-02-12,train,12,1,calm,02,03-01-02-01-02-02-12,data/raw/ravdess/audio_speech/Audio_Speech_Actors_01-24/Actor_12/03-01-02-01-02-02-12.wav,02-01-02-01-02-02-12,data/raw/ravdess/video_speech/Video_Speech_Actor_12/Actor_12/02-01-02-01-02-02-12.mp4
01-02-02-01-01-12,train,12,1,calm,02,03-01-02-02-01-01-12,data/raw/ravdess/audio_speech/Audio_Speech_Actors_01-24/Actor_12/03-01-02-02-01-01-12.wav,02-01-02-02-01-01-12,data/raw/ravdess/video_speech/Video_Speech_Actor_12/Actor_12/02-01-02-02-01-01-12.mp4
01-02-02-01-02-12,train,12,1,calm,02,03-01-02-02-01-02-12,data/raw/ravdess/audio_speech/Audio_Speech_Actors_01-24/Actor_12/03-01-02-02-01-02-12.wav,02-01-02-02-01-02-12,data/raw/ravdess/video_speech/Video_Speech_Actor_12/Actor_12/02-01-02-02-01-02-12.mp4
01-02-02-02-01-12,train,12,1,calm,02,03-01-02-02-02-01-12,data/raw/ravdess/audio_speech/Audio_Speech_Actors_01-24/Actor_12/03-01-02-02-02-01-12.wav,02-01-02-02-02-01-12,data/raw/ravdess/video_speech/Video_Speech_Actor_12/Actor_12/02-01-02-02-02-01-12.mp4
01-02-02-02-02-12,train,12,1,calm,02,03-01-02-02-02-02-12,data/raw/ravdess/audio_speech/Audio_Speech_Actors_01-24/Actor_12/03-01-02-02-02-02-12.wav,02-01-02-02-02-02-12,data/raw/ravdess/video_speech/Video_Speech_Actor_12/Actor_12/02-01-02-02-02-02-12.mp4
01-03-01-01-01-12,train,12,2,happy,03,03-01-03-01-01-01-12,data/raw/ravdess/audio_speech/Audio_Speech_Actors_01-24/Actor_12/03-01-03-01-01-01-12.wav,02-01-03-01-01-01-12,data/raw/ravdess/video_speech/Video_Speech_Actor_12/Actor_12/02-01-03-01-01-01-12.mp4
01-03-01-01-02-12,train,12,2,happy,03,03-01-03-01-01-02-12,data/raw/ravdess/audio_speech/Audio_Speech_Actors_01-24/Actor_12/03-01-03-01-01-02-12.wav,02-01-03-01-01-02-12,data/raw/ravdess/video_speech/Video_Speech_Actor_12/Actor_12/02-01-03-01-01-02-12.mp4
01-03-01-02-01-12,train,12,2,happy,03,03-01-03-01-02-01-12,data/raw/ravdess/audio_speech/Audio_Speech_Actors_01-24/Actor_12/03-01-03-01-02-01-12.wav,02-01-03-01-02-01-12,data/raw/ravdess/video_speech/Video_Speech_Actor_12/Actor_12/02-01-03-01-02-01-12.mp4
01-03-01-02-02-12,train,12,2,happy,03,03-01-03-01-02-02-12,data/raw/ravdess/audio_speech/Audio_Speech_Actors_01-24/Actor_12/03-01-03-01-02-02-12.wav,02-01-03-01-02-02-12,data/raw/ravdess/video_speech/Video_Speech_Actor_12/Actor_12/02-01-03-01-02-02-12.mp4
01-03-02-01-01-12,train,12,2,happy,03,03-01-03-02-01-01-12,data/raw/ravdess/audio_speech/Audio_Speech_Actors_01-24/Actor_12/03-01-03-02-01-01-12.wav,02-01-03-02-01-01-12,data/raw/ravdess/video_speech/Video_Speech_Actor_12/Actor_12/02-01-03-02-01-01-12.mp4
01-03-02-01-02-12,train,12,2,happy,03,03-01-03-02-01-02-12,data/raw/ravdess/audio_speech/Audio_Speech_Actors_01-24/Actor_12/03-01-03-02-01-02-12.wav,02-01-03-02-01-02-12,data/raw/ravdess/video_speech/Video_Speech_Actor_12/Actor_12/02-01-03-02-01-02-12.mp4
01-03-02-02-01-12,train,12,2,happy,03,03-01-03-02-02-01-12,data/raw/ravdess/audio_speech/Audio_Speech_Actors_01-24/Actor_12/03-01-03-02-02-01-12.wav,02-01-03-02-02-01-12,data/raw/ravdess/video_speech/Video_Speech_Actor_12/Actor_12/02-01-03-02-02-01-12.mp4
01-03-02-02-02-12,train,12,2,happy,03,03-01-03-02-02-02-12,data/raw/ravdess/audio_speech/Audio_Speech_Actors_01-24/Actor_12/03-01-03-02-02-02-12.wav,02-01-03-02-02-02-12,data/raw/ravdess/video_speech/Video_Speech_Actor_12/Actor_12/02-01-03-02-02-02-12.mp4
01-04-01-01-01-12,train,12,3,sad,04,03-01-04-01-01-01-12,data/raw/ravdess/audio_speech/Audio_Speech_Actors_01-24/Actor_12/03-01-04-01-01-01-12.wav,02-01-04-01-01-01-12,data/raw/ravdess/video_speech/Video_Speech_Actor_12/Actor_12/02-01-04-01-01-01-12.mp4
01-04-01-01-02-12,train,12,3,sad,04,03-01-04-01-01-02-12,data/raw/ravdess/audio_speech/Audio_Speech_Actors_01-24/Actor_12/03-01-04-01-01-02-12.wav,02-01-04-01-01-02-12,data/raw/ravdess/video_speech/Video_Speech_Actor_12/Actor_12/02-01-04-01-01-02-12.mp4
01-04-01-02-01-12,train,12,3,sad,04,03-01-04-01-02-01-12,data/raw/ravdess/audio_speech/Audio_Speech_Actors_01-24/Actor_12/03-01-04-01-02-01-12.wav,02-01-04-01-02-01-12,data/raw/ravdess/video_speech/Video_Speech_Actor_12/Actor_12/02-01-04-01-02-01-12.mp4
01-04-01-02-02-12,train,12,3,sad,04,03-01-04-01-02-02-12,data/raw/ravdess/audio_speech/Audio_Speech_Actors_01-24/Actor_12/03-01-04-01-02-02-12.wav,02-01-04-01-02-02-12,data/raw/ravdess/video_speech/Video_Speech_Actor_12/Actor_12/02-01-04-01-02-02-12.mp4
01-04-02-01-01-12,train,12,3,sad,04,03-01-04-02-01-01-12,data/raw/ravdess/audio_speech/Audio_Speech_Actors_01-24/Actor_12/03-01-04-02-01-01-12.wav,02-01-04-02-01-01-12,data/raw/ravdess/video_speech/Video_Speech_Actor_12/Actor_12/02-01-04-02-01-01-12.mp4
01-04-02-01-02-12,train,12,3,sad,04,03-01-04-02-01-02-12,data/raw/ravdess/audio_speech/Audio_Speech_Actors_01-24/Actor_12/03-01-04-02-01-02-12.wav,02-01-04-02-01-02-12,data/raw/ravdess/video_speech/Video_Speech_Actor_12/Actor_12/02-01-04-02-01-02-12.mp4
01-04-02-02-01-12,train,12,3,sad,04,03-01-04-02-02-01-12,data/raw/ravdess/audio_speech/Audio_Speech_Actors_01-24/Actor_12/03-01-04-02-02-01-12.wav,02-01-04-02-02-01-12,data/raw/ravdess/video_speech/Video_Speech_Actor_12/Actor_12/02-01-04-02-02-01-12.mp4
01-04-02-02-02-12,train,12,3,sad,04,03-01-04-02-02-02-12,data/raw/ravdess/audio_speech/Audio_Speech_Actors_01-24/Actor_12/03-01-04-02-02-02-12.wav,02-01-04-02-02-02-12,data/raw/ravdess/video_speech/Video_Speech_Actor_12/Actor_12/02-01-04-02-02-02-12.mp4
01-05-01-01-01-12,train,12,4,angry,05,03-01-05-01-01-01-12,data/raw/ravdess/audio_speech/Audio_Speech_Actors_01-24/Actor_12/03-01-05-01-01-01-12.wav,02-01-05-01-01-01-12,data/raw/ravdess/video_speech/Video_Speech_Actor_12/Actor_12/02-01-05-01-01-01-12.mp4
01-05-01-01-02-12,train,12,4,angry,05,03-01-05-01-01-02-12,data/raw/ravdess/audio_speech/Audio_Speech_Actors_01-24/Actor_12/03-01-05-01-01-02-12.wav,02-01-05-01-01-02-12,data/raw/ravdess/video_speech/Video_Speech_Actor_12/Actor_12/02-01-05-01-01-02-12.mp4
01-05-01-02-01-12,train,12,4,angry,05,03-01-05-01-02-01-12,data/raw/ravdess/audio_speech/Audio_Speech_Actors_01-24/Actor_12/03-01-05-01-02-01-12.wav,02-01-05-01-02-01-12,data/raw/ravdess/video_speech/Video_Speech_Actor_12/Actor_12/02-01-05-01-02-01-12.mp4
01-05-01-02-02-12,train,12,4,angry,05,03-01-05-01-02-02-12,data/raw/ravdess/audio_speech/Audio_Speech_Actors_01-24/Actor_12/03-01-05-01-02-02-12.wav,02-01-05-01-02-02-12,data/raw/ravdess/video_speech/Video_Speech_Actor_12/Actor_12/02-01-05-01-02-02-12.mp4
01-05-02-01-01-12,train,12,4,angry,05,03-01-05-02-01-01-12,data/raw/ravdess/audio_speech/Audio_Speech_Actors_01-24/Actor_12/03-01-05-02-01-01-12.wav,02-01-05-02-01-01-12,data/raw/ravdess/video_speech/Video_Speech_Actor_12/Actor_12/02-01-05-02-01-01-12.mp4
01-05-02-01-02-12,train,12,4,angry,05,03-01-05-02-01-02-12,data/raw/ravdess/audio_speech/Audio_Speech_Actors_01-24/Actor_12/03-01-05-02-01-02-12.wav,02-01-05-02-01-02-12,data/raw/ravdess/video_speech/Video_Speech_Actor_12/Actor_12/02-01-05-02-01-02-12.mp4
01-05-02-02-01-12,train,12,4,angry,05,03-01-05-02-02-01-12,data/raw/ravdess/audio_speech/Audio_Speech_Actors_01-24/Actor_12/03-01-05-02-02-01-12.wav,02-01-05-02-02-01-12,data/raw/ravdess/video_speech/Video_Speech_Actor_12/Actor_12/02-01-05-02-02-01-12.mp4
01-05-02-02-02-12,train,12,4,angry,05,03-01-05-02-02-02-12,data/raw/ravdess/audio_speech/Audio_Speech_Actors_01-24/Actor_12/03-01-05-02-02-02-12.wav,02-01-05-02-02-02-12,data/raw/ravdess/video_speech/Video_Speech_Actor_12/Actor_12/02-01-05-02-02-02-12.mp4
01-06-01-01-01-12,train,12,5,fearful,06,03-01-06-01-01-01-12,data/raw/ravdess/audio_speech/Audio_Speech_Actors_01-24/Actor_12/03-01-06-01-01-01-12.wav,02-01-06-01-01-01-12,data/raw/ravdess/video_speech/Video_Speech_Actor_12/Actor_12/02-01-06-01-01-01-12.mp4
01-06-01-01-02-12,train,12,5,fearful,06,03-01-06-01-01-02-12,data/raw/ravdess/audio_speech/Audio_Speech_Actors_01-24/Actor_12/03-01-06-01-01-02-12.wav,02-01-06-01-01-02-12,data/raw/ravdess/video_speech/Video_Speech_Actor_12/Actor_12/02-01-06-01-01-02-12.mp4
01-06-01-02-01-12,train,12,5,fearful,06,03-01-06-01-02-01-12,data/raw/ravdess/audio_speech/Audio_Speech_Actors_01-24/Actor_12/03-01-06-01-02-01-12.wav,02-01-06-01-02-01-12,data/raw/ravdess/video_speech/Video_Speech_Actor_12/Actor_12/02-01-06-01-02-01-12.mp4
01-06-01-02-02-12,train,12,5,fearful,06,03-01-06-01-02-02-12,data/raw/ravdess/audio_speech/Audio_Speech_Actors_01-24/Actor_12/03-01-06-01-02-02-12.wav,02-01-06-01-02-02-12,data/raw/ravdess/video_speech/Video_Speech_Actor_12/Actor_12/02-01-06-01-02-02-12.mp4
01-06-02-01-01-12,train,12,5,fearful,06,03-01-06-02-01-01-12,data/raw/ravdess/audio_speech/Audio_Speech_Actors_01-24/Actor_12/03-01-06-02-01-01-12.wav,02-01-06-02-01-01-12,data/raw/ravdess/video_speech/Video_Speech_Actor_12/Actor_12/02-01-06-02-01-01-12.mp4
01-06-02-01-02-12,train,12,5,fearful,06,03-01-06-02-01-02-12,data/raw/ravdess/audio_speech/Audio_Speech_Actors_01-24/Actor_12/03-01-06-02-01-02-12.wav,02-01-06-02-01-02-12,data/raw/ravdess/video_speech/Video_Speech_Actor_12/Actor_12/02-01-06-02-01-02-12.mp4
01-06-02-02-01-12,train,12,5,fearful,06,03-01-06-02-02-01-12,data/raw/ravdess/audio_speech/Audio_Speech_Actors_01-24/Actor_12/03-01-06-02-02-01-12.wav,02-01-06-02-02-01-12,data/raw/ravdess/video_speech/Video_Speech_Actor_12/Actor_12/02-01-06-02-02-01-12.mp4
01-06-02-02-02-12,train,12,5,fearful,06,03-01-06-02-02-02-12,data/raw/ravdess/audio_speech/Audio_Speech_Actors_01-24/Actor_12/03-01-06-02-02-02-12.wav,02-01-06-02-02-02-12,data/raw/ravdess/video_speech/Video_Speech_Actor_12/Actor_12/02-01-06-02-02-02-12.mp4
01-07-01-01-01-12,train,12,6,disgust,07,03-01-07-01-01-01-12,data/raw/ravdess/audio_speech/Audio_Speech_Actors_01-24/Actor_12/03-01-07-01-01-01-12.wav,02-01-07-01-01-01-12,data/raw/ravdess/video_speech/Video_Speech_Actor_12/Actor_12/02-01-07-01-01-01-12.mp4
01-07-01-01-02-12,train,12,6,disgust,07,03-01-07-01-01-02-12,data/raw/ravdess/audio_speech/Audio_Speech_Actors_01-24/Actor_12/03-01-07-01-01-02-12.wav,02-01-07-01-01-02-12,data/raw/ravdess/video_speech/Video_Speech_Actor_12/Actor_12/02-01-07-01-01-02-12.mp4
01-07-01-02-01-12,train,12,6,disgust,07,03-01-07-01-02-01-12,data/raw/ravdess/audio_speech/Audio_Speech_Actors_01-24/Actor_12/03-01-07-01-02-01-12.wav,02-01-07-01-02-01-12,data/raw/ravdess/video_speech/Video_Speech_Actor_12/Actor_12/02-01-07-01-02-01-12.mp4
01-07-01-02-02-12,train,12,6,disgust,07,03-01-07-01-02-02-12,data/raw/ravdess/audio_speech/Audio_Speech_Actors_01-24/Actor_12/03-01-07-01-02-02-12.wav,02-01-07-01-02-02-12,data/raw/ravdess/video_speech/Video_Speech_Actor_12/Actor_12/02-01-07-01-02-02-12.mp4
01-07-02-01-01-12,train,12,6,disgust,07,03-01-07-02-01-01-12,data/raw/ravdess/audio_speech/Audio_Speech_Actors_01-24/Actor_12/03-01-07-02-01-01-12.wav,02-01-07-02-01-01-12,data/raw/ravdess/video_speech/Video_Speech_Actor_12/Actor_12/02-01-07-02-01-01-12.mp4
01-07-02-01-02-12,train,12,6,disgust,07,03-01-07-02-01-02-12,data/raw/ravdess/audio_speech/Audio_Speech_Actors_01-24/Actor_12/03-01-07-02-01-02-12.wav,02-01-07-02-01-02-12,data/raw/ravdess/video_speech/Video_Speech_Actor_12/Actor_12/02-01-07-02-01-02-12.mp4
01-07-02-02-01-12,train,12,6,disgust,07,03-01-07-02-02-01-12,data/raw/ravdess/audio_speech/Audio_Speech_Actors_01-24/Actor_12/03-01-07-02-02-01-12.wav,02-01-07-02-02-01-12,data/raw/ravdess/video_speech/Video_Speech_Actor_12/Actor_12/02-01-07-02-02-01-12.mp4
01-07-02-02-02-12,train,12,6,disgust,07,03-01-07-02-02-02-12,data/raw/ravdess/audio_speech/Audio_Speech_Actors_01-24/Actor_12/03-01-07-02-02-02-12.wav,02-01-07-02-02-02-12,data/raw/ravdess/video_speech/Video_Speech_Actor_12/Actor_12/02-01-07-02-02-02-12.mp4
01-08-01-01-01-12,train,12,7,surprise,08,03-01-08-01-01-01-12,data/raw/ravdess/audio_speech/Audio_Speech_Actors_01-24/Actor_12/03-01-08-01-01-01-12.wav,02-01-08-01-01-01-12,data/raw/ravdess/video_speech/Video_Speech_Actor_12/Actor_12/02-01-08-01-01-01-12.mp4
01-08-01-01-02-12,train,12,7,surprise,08,03-01-08-01-01-02-12,data/raw/ravdess/audio_speech/Audio_Speech_Actors_01-24/Actor_12/03-01-08-01-01-02-12.wav,02-01-08-01-01-02-12,data/raw/ravdess/video_speech/Video_Speech_Actor_12/Actor_12/02-01-08-01-01-02-12.mp4
01-08-01-02-01-12,train,12,7,surprise,08,03-01-08-01-02-01-12,data/raw/ravdess/audio_speech/Audio_Speech_Actors_01-24/Actor_12/03-01-08-01-02-01-12.wav,02-01-08-01-02-01-12,data/raw/ravdess/video_speech/Video_Speech_Actor_12/Actor_12/02-01-08-01-02-01-12.mp4
01-08-01-02-02-12,train,12,7,surprise,08,03-01-08-01-02-02-12,data/raw/ravdess/audio_speech/Audio_Speech_Actors_01-24/Actor_12/03-01-08-01-02-02-12.wav,02-01-08-01-02-02-12,data/raw/ravdess/video_speech/Video_Speech_Actor_12/Actor_12/02-01-08-01-02-02-12.mp4
01-08-02-01-01-12,train,12,7,surprise,08,03-01-08-02-01-01-12,data/raw/ravdess/audio_speech/Audio_Speech_Actors_01-24/Actor_12/03-01-08-02-01-01-12.wav,02-01-08-02-01-01-12,data/raw/ravdess/video_speech/Video_Speech_Actor_12/Actor_12/02-01-08-02-01-01-12.mp4
01-08-02-01-02-12,train,12,7,surprise,08,03-01-08-02-01-02-12,data/raw/ravdess/audio_speech/Audio_Speech_Actors_01-24/Actor_12/03-01-08-02-01-02-12.wav,02-01-08-02-01-02-12,data/raw/ravdess/video_speech/Video_Speech_Actor_12/Actor_12/02-01-08-02-01-02-12.mp4
01-08-02-02-01-12,train,12,7,surprise,08,03-01-08-02-02-01-12,data/raw/ravdess/audio_speech/Audio_Speech_Actors_01-24/Actor_12/03-01-08-02-02-01-12.wav,02-01-08-02-02-01-12,data/raw/ravdess/video_speech/Video_Speech_Actor_12/Actor_12/02-01-08-02-02-01-12.mp4
01-08-02-02-02-12,train,12,7,surprise,08,03-01-08-02-02-02-12,data/raw/ravdess/audio_speech/Audio_Speech_Actors_01-24/Actor_12/03-01-08-02-02-02-12.wav,02-01-08-02-02-02-12,data/raw/ravdess/video_speech/Video_Speech_Actor_12/Actor_12/02-01-08-02-02-02-12.mp4
01-01-01-01-01-13,train,13,0,neutral,01,03-01-01-01-01-01-13,data/raw/ravdess/audio_speech/Audio_Speech_Actors_01-24/Actor_13/03-01-01-01-01-01-13.wav,02-01-01-01-01-01-13,data/raw/ravdess/video_speech/Video_Speech_Actor_13/Actor_13/02-01-01-01-01-01-13.mp4
01-01-01-01-02-13,train,13,0,neutral,01,03-01-01-01-01-02-13,data/raw/ravdess/audio_speech/Audio_Speech_Actors_01-24/Actor_13/03-01-01-01-01-02-13.wav,02-01-01-01-01-02-13,data/raw/ravdess/video_speech/Video_Speech_Actor_13/Actor_13/02-01-01-01-01-02-13.mp4
01-01-01-02-01-13,train,13,0,neutral,01,03-01-01-01-02-01-13,data/raw/ravdess/audio_speech/Audio_Speech_Actors_01-24/Actor_13/03-01-01-01-02-01-13.wav,02-01-01-01-02-01-13,data/raw/ravdess/video_speech/Video_Speech_Actor_13/Actor_13/02-01-01-01-02-01-13.mp4
01-01-01-02-02-13,train,13,0,neutral,01,03-01-01-01-02-02-13,data/raw/ravdess/audio_speech/Audio_Speech_Actors_01-24/Actor_13/03-01-01-01-02-02-13.wav,02-01-01-01-02-02-13,data/raw/ravdess/video_speech/Video_Speech_Actor_13/Actor_13/02-01-01-01-02-02-13.mp4
01-02-01-01-01-13,train,13,1,calm,02,03-01-02-01-01-01-13,data/raw/ravdess/audio_speech/Audio_Speech_Actors_01-24/Actor_13/03-01-02-01-01-01-13.wav,02-01-02-01-01-01-13,data/raw/ravdess/video_speech/Video_Speech_Actor_13/Actor_13/02-01-02-01-01-01-13.mp4
01-02-01-01-02-13,train,13,1,calm,02,03-01-02-01-01-02-13,data/raw/ravdess/audio_speech/Audio_Speech_Actors_01-24/Actor_13/03-01-02-01-01-02-13.wav,02-01-02-01-01-02-13,data/raw/ravdess/video_speech/Video_Speech_Actor_13/Actor_13/02-01-02-01-01-02-13.mp4
01-02-01-02-01-13,train,13,1,calm,02,03-01-02-01-02-01-13,data/raw/ravdess/audio_speech/Audio_Speech_Actors_01-24/Actor_13/03-01-02-01-02-01-13.wav,02-01-02-01-02-01-13,data/raw/ravdess/video_speech/Video_Speech_Actor_13/Actor_13/02-01-02-01-02-01-13.mp4
01-02-01-02-02-13,train,13,1,calm,02,03-01-02-01-02-02-13,data/raw/ravdess/audio_speech/Audio_Speech_Actors_01-24/Actor_13/03-01-02-01-02-02-13.wav,02-01-02-01-02-02-13,data/raw/ravdess/video_speech/Video_Speech_Actor_13/Actor_13/02-01-02-01-02-02-13.mp4
01-02-02-01-01-13,train,13,1,calm,02,03-01-02-02-01-01-13,data/raw/ravdess/audio_speech/Audio_Speech_Actors_01-24/Actor_13/03-01-02-02-01-01-13.wav,02-01-02-02-01-01-13,data/raw/ravdess/video_speech/Video_Speech_Actor_13/Actor_13/02-01-02-02-01-01-13.mp4
01-02-02-01-02-13,train,13,1,calm,02,03-01-02-02-01-02-13,data/raw/ravdess/audio_speech/Audio_Speech_Actors_01-24/Actor_13/03-01-02-02-01-02-13.wav,02-01-02-02-01-02-13,data/raw/ravdess/video_speech/Video_Speech_Actor_13/Actor_13/02-01-02-02-01-02-13.mp4
01-02-02-02-01-13,train,13,1,calm,02,03-01-02-02-02-01-13,data/raw/ravdess/audio_speech/Audio_Speech_Actors_01-24/Actor_13/03-01-02-02-02-01-13.wav,02-01-02-02-02-01-13,data/raw/ravdess/video_speech/Video_Speech_Actor_13/Actor_13/02-01-02-02-02-01-13.mp4
01-02-02-02-02-13,train,13,1,calm,02,03-01-02-02-02-02-13,data/raw/ravdess/audio_speech/Audio_Speech_Actors_01-24/Actor_13/03-01-02-02-02-02-13.wav,02-01-02-02-02-02-13,data/raw/ravdess/video_speech/Video_Speech_Actor_13/Actor_13/02-01-02-02-02-02-13.mp4
01-03-01-01-01-13,train,13,2,happy,03,03-01-03-01-01-01-13,data/raw/ravdess/audio_speech/Audio_Speech_Actors_01-24/Actor_13/03-01-03-01-01-01-13.wav,02-01-03-01-01-01-13,data/raw/ravdess/video_speech/Video_Speech_Actor_13/Actor_13/02-01-03-01-01-01-13.mp4
01-03-01-01-02-13,train,13,2,happy,03,03-01-03-01-01-02-13,data/raw/ravdess/audio_speech/Audio_Speech_Actors_01-24/Actor_13/03-01-03-01-01-02-13.wav,02-01-03-01-01-02-13,data/raw/ravdess/video_speech/Video_Speech_Actor_13/Actor_13/02-01-03-01-01-02-13.mp4
01-03-01-02-01-13,train,13,2,happy,03,03-01-03-01-02-01-13,data/raw/ravdess/audio_speech/Audio_Speech_Actors_01-24/Actor_13/03-01-03-01-02-01-13.wav,02-01-03-01-02-01-13,data/raw/ravdess/video_speech/Video_Speech_Actor_13/Actor_13/02-01-03-01-02-01-13.mp4
01-03-01-02-02-13,train,13,2,happy,03,03-01-03-01-02-02-13,data/raw/ravdess/audio_speech/Audio_Speech_Actors_01-24/Actor_13/03-01-03-01-02-02-13.wav,02-01-03-01-02-02-13,data/raw/ravdess/video_speech/Video_Speech_Actor_13/Actor_13/02-01-03-01-02-02-13.mp4
01-03-02-01-01-13,train,13,2,happy,03,03-01-03-02-01-01-13,data/raw/ravdess/audio_speech/Audio_Speech_Actors_01-24/Actor_13/03-01-03-02-01-01-13.wav,02-01-03-02-01-01-13,data/raw/ravdess/video_speech/Video_Speech_Actor_13/Actor_13/02-01-03-02-01-01-13.mp4
01-03-02-01-02-13,train,13,2,happy,03,03-01-03-02-01-02-13,data/raw/ravdess/audio_speech/Audio_Speech_Actors_01-24/Actor_13/03-01-03-02-01-02-13.wav,02-01-03-02-01-02-13,data/raw/ravdess/video_speech/Video_Speech_Actor_13/Actor_13/02-01-03-02-01-02-13.mp4
01-03-02-02-01-13,train,13,2,happy,03,03-01-03-02-02-01-13,data/raw/ravdess/audio_speech/Audio_Speech_Actors_01-24/Actor_13/03-01-03-02-02-01-13.wav,02-01-03-02-02-01-13,data/raw/ravdess/video_speech/Video_Speech_Actor_13/Actor_13/02-01-03-02-02-01-13.mp4
01-03-02-02-02-13,train,13,2,happy,03,03-01-03-02-02-02-13,data/raw/ravdess/audio_speech/Audio_Speech_Actors_01-24/Actor_13/03-01-03-02-02-02-13.wav,02-01-03-02-02-02-13,data/raw/ravdess/video_speech/Video_Speech_Actor_13/Actor_13/02-01-03-02-02-02-13.mp4
01-04-01-01-01-13,train,13,3,sad,04,03-01-04-01-01-01-13,data/raw/ravdess/audio_speech/Audio_Speech_Actors_01-24/Actor_13/03-01-04-01-01-01-13.wav,02-01-04-01-01-01-13,data/raw/ravdess/video_speech/Video_Speech_Actor_13/Actor_13/02-01-04-01-01-01-13.mp4
01-04-01-01-02-13,train,13,3,sad,04,03-01-04-01-01-02-13,data/raw/ravdess/audio_speech/Audio_Speech_Actors_01-24/Actor_13/03-01-04-01-01-02-13.wav,02-01-04-01-01-02-13,data/raw/ravdess/video_speech/Video_Speech_Actor_13/Actor_13/02-01-04-01-01-02-13.mp4
01-04-01-02-01-13,train,13,3,sad,04,03-01-04-01-02-01-13,data/raw/ravdess/audio_speech/Audio_Speech_Actors_01-24/Actor_13/03-01-04-01-02-01-13.wav,02-01-04-01-02-01-13,data/raw/ravdess/video_speech/Video_Speech_Actor_13/Actor_13/02-01-04-01-02-01-13.mp4
01-04-01-02-02-13,train,13,3,sad,04,03-01-04-01-02-02-13,data/raw/ravdess/audio_speech/Audio_Speech_Actors_01-24/Actor_13/03-01-04-01-02-02-13.wav,02-01-04-01-02-02-13,data/raw/ravdess/video_speech/Video_Speech_Actor_13/Actor_13/02-01-04-01-02-02-13.mp4
01-04-02-01-01-13,train,13,3,sad,04,03-01-04-02-01-01-13,data/raw/ravdess/audio_speech/Audio_Speech_Actors_01-24/Actor_13/03-01-04-02-01-01-13.wav,02-01-04-02-01-01-13,data/raw/ravdess/video_speech/Video_Speech_Actor_13/Actor_13/02-01-04-02-01-01-13.mp4
01-04-02-01-02-13,train,13,3,sad,04,03-01-04-02-01-02-13,data/raw/ravdess/audio_speech/Audio_Speech_Actors_01-24/Actor_13/03-01-04-02-01-02-13.wav,02-01-04-02-01-02-13,data/raw/ravdess/video_speech/Video_Speech_Actor_13/Actor_13/02-01-04-02-01-02-13.mp4
01-04-02-02-01-13,train,13,3,sad,04,03-01-04-02-02-01-13,data/raw/ravdess/audio_speech/Audio_Speech_Actors_01-24/Actor_13/03-01-04-02-02-01-13.wav,02-01-04-02-02-01-13,data/raw/ravdess/video_speech/Video_Speech_Actor_13/Actor_13/02-01-04-02-02-01-13.mp4
01-04-02-02-02-13,train,13,3,sad,04,03-01-04-02-02-02-13,data/raw/ravdess/audio_speech/Audio_Speech_Actors_01-24/Actor_13/03-01-04-02-02-02-13.wav,02-01-04-02-02-02-13,data/raw/ravdess/video_speech/Video_Speech_Actor_13/Actor_13/02-01-04-02-02-02-13.mp4
01-05-01-01-01-13,train,13,4,angry,05,03-01-05-01-01-01-13,data/raw/ravdess/audio_speech/Audio_Speech_Actors_01-24/Actor_13/03-01-05-01-01-01-13.wav,02-01-05-01-01-01-13,data/raw/ravdess/video_speech/Video_Speech_Actor_13/Actor_13/02-01-05-01-01-01-13.mp4
01-05-01-01-02-13,train,13,4,angry,05,03-01-05-01-01-02-13,data/raw/ravdess/audio_speech/Audio_Speech_Actors_01-24/Actor_13/03-01-05-01-01-02-13.wav,02-01-05-01-01-02-13,data/raw/ravdess/video_speech/Video_Speech_Actor_13/Actor_13/02-01-05-01-01-02-13.mp4
01-05-01-02-01-13,train,13,4,angry,05,03-01-05-01-02-01-13,data/raw/ravdess/audio_speech/Audio_Speech_Actors_01-24/Actor_13/03-01-05-01-02-01-13.wav,02-01-05-01-02-01-13,data/raw/ravdess/video_speech/Video_Speech_Actor_13/Actor_13/02-01-05-01-02-01-13.mp4
01-05-01-02-02-13,train,13,4,angry,05,03-01-05-01-02-02-13,data/raw/ravdess/audio_speech/Audio_Speech_Actors_01-24/Actor_13/03-01-05-01-02-02-13.wav,02-01-05-01-02-02-13,data/raw/ravdess/video_speech/Video_Speech_Actor_13/Actor_13/02-01-05-01-02-02-13.mp4
01-05-02-01-01-13,train,13,4,angry,05,03-01-05-02-01-01-13,data/raw/ravdess/audio_speech/Audio_Speech_Actors_01-24/Actor_13/03-01-05-02-01-01-13.wav,02-01-05-02-01-01-13,data/raw/ravdess/video_speech/Video_Speech_Actor_13/Actor_13/02-01-05-02-01-01-13.mp4
01-05-02-01-02-13,train,13,4,angry,05,03-01-05-02-01-02-13,data/raw/ravdess/audio_speech/Audio_Speech_Actors_01-24/Actor_13/03-01-05-02-01-02-13.wav,02-01-05-02-01-02-13,data/raw/ravdess/video_speech/Video_Speech_Actor_13/Actor_13/02-01-05-02-01-02-13.mp4
01-05-02-02-01-13,train,13,4,angry,05,03-01-05-02-02-01-13,data/raw/ravdess/audio_speech/Audio_Speech_Actors_01-24/Actor_13/03-01-05-02-02-01-13.wav,02-01-05-02-02-01-13,data/raw/ravdess/video_speech/Video_Speech_Actor_13/Actor_13/02-01-05-02-02-01-13.mp4
01-05-02-02-02-13,train,13,4,angry,05,03-01-05-02-02-02-13,data/raw/ravdess/audio_speech/Audio_Speech_Actors_01-24/Actor_13/03-01-05-02-02-02-13.wav,02-01-05-02-02-02-13,data/raw/ravdess/video_speech/Video_Speech_Actor_13/Actor_13/02-01-05-02-02-02-13.mp4
01-06-01-01-01-13,train,13,5,fearful,06,03-01-06-01-01-01-13,data/raw/ravdess/audio_speech/Audio_Speech_Actors_01-24/Actor_13/03-01-06-01-01-01-13.wav,02-01-06-01-01-01-13,data/raw/ravdess/video_speech/Video_Speech_Actor_13/Actor_13/02-01-06-01-01-01-13.mp4
01-06-01-01-02-13,train,13,5,fearful,06,03-01-06-01-01-02-13,data/raw/ravdess/audio_speech/Audio_Speech_Actors_01-24/Actor_13/03-01-06-01-01-02-13.wav,02-01-06-01-01-02-13,data/raw/ravdess/video_speech/Video_Speech_Actor_13/Actor_13/02-01-06-01-01-02-13.mp4
01-06-01-02-01-13,train,13,5,fearful,06,03-01-06-01-02-01-13,data/raw/ravdess/audio_speech/Audio_Speech_Actors_01-24/Actor_13/03-01-06-01-02-01-13.wav,02-01-06-01-02-01-13,data/raw/ravdess/video_speech/Video_Speech_Actor_13/Actor_13/02-01-06-01-02-01-13.mp4
01-06-01-02-02-13,train,13,5,fearful,06,03-01-06-01-02-02-13,data/raw/ravdess/audio_speech/Audio_Speech_Actors_01-24/Actor_13/03-01-06-01-02-02-13.wav,02-01-06-01-02-02-13,data/raw/ravdess/video_speech/Video_Speech_Actor_13/Actor_13/02-01-06-01-02-02-13.mp4
01-06-02-01-01-13,train,13,5,fearful,06,03-01-06-02-01-01-13,data/raw/ravdess/audio_speech/Audio_Speech_Actors_01-24/Actor_13/03-01-06-02-01-01-13.wav,02-01-06-02-01-01-13,data/raw/ravdess/video_speech/Video_Speech_Actor_13/Actor_13/02-01-06-02-01-01-13.mp4
01-06-02-01-02-13,train,13,5,fearful,06,03-01-06-02-01-02-13,data/raw/ravdess/audio_speech/Audio_Speech_Actors_01-24/Actor_13/03-01-06-02-01-02-13.wav,02-01-06-02-01-02-13,data/raw/ravdess/video_speech/Video_Speech_Actor_13/Actor_13/02-01-06-02-01-02-13.mp4
01-06-02-02-01-13,train,13,5,fearful,06,03-01-06-02-02-01-13,data/raw/ravdess/audio_speech/Audio_Speech_Actors_01-24/Actor_13/03-01-06-02-02-01-13.wav,02-01-06-02-02-01-13,data/raw/ravdess/video_speech/Video_Speech_Actor_13/Actor_13/02-01-06-02-02-01-13.mp4
01-06-02-02-02-13,train,13,5,fearful,06,03-01-06-02-02-02-13,data/raw/ravdess/audio_speech/Audio_Speech_Actors_01-24/Actor_13/03-01-06-02-02-02-13.wav,02-01-06-02-02-02-13,data/raw/ravdess/video_speech/Video_Speech_Actor_13/Actor_13/02-01-06-02-02-02-13.mp4
01-07-01-01-01-13,train,13,6,disgust,07,03-01-07-01-01-01-13,data/raw/ravdess/audio_speech/Audio_Speech_Actors_01-24/Actor_13/03-01-07-01-01-01-13.wav,02-01-07-01-01-01-13,data/raw/ravdess/video_speech/Video_Speech_Actor_13/Actor_13/02-01-07-01-01-01-13.mp4
01-07-01-01-02-13,train,13,6,disgust,07,03-01-07-01-01-02-13,data/raw/ravdess/audio_speech/Audio_Speech_Actors_01-24/Actor_13/03-01-07-01-01-02-13.wav,02-01-07-01-01-02-13,data/raw/ravdess/video_speech/Video_Speech_Actor_13/Actor_13/02-01-07-01-01-02-13.mp4
01-07-01-02-01-13,train,13,6,disgust,07,03-01-07-01-02-01-13,data/raw/ravdess/audio_speech/Audio_Speech_Actors_01-24/Actor_13/03-01-07-01-02-01-13.wav,02-01-07-01-02-01-13,data/raw/ravdess/video_speech/Video_Speech_Actor_13/Actor_13/02-01-07-01-02-01-13.mp4
01-07-01-02-02-13,train,13,6,disgust,07,03-01-07-01-02-02-13,data/raw/ravdess/audio_speech/Audio_Speech_Actors_01-24/Actor_13/03-01-07-01-02-02-13.wav,02-01-07-01-02-02-13,data/raw/ravdess/video_speech/Video_Speech_Actor_13/Actor_13/02-01-07-01-02-02-13.mp4
01-07-02-01-01-13,train,13,6,disgust,07,03-01-07-02-01-01-13,data/raw/ravdess/audio_speech/Audio_Speech_Actors_01-24/Actor_13/03-01-07-02-01-01-13.wav,02-01-07-02-01-01-13,data/raw/ravdess/video_speech/Video_Speech_Actor_13/Actor_13/02-01-07-02-01-01-13.mp4
01-07-02-01-02-13,train,13,6,disgust,07,03-01-07-02-01-02-13,data/raw/ravdess/audio_speech/Audio_Speech_Actors_01-24/Actor_13/03-01-07-02-01-02-13.wav,02-01-07-02-01-02-13,data/raw/ravdess/video_speech/Video_Speech_Actor_13/Actor_13/02-01-07-02-01-02-13.mp4
01-07-02-02-01-13,train,13,6,disgust,07,03-01-07-02-02-01-13,data/raw/ravdess/audio_speech/Audio_Speech_Actors_01-24/Actor_13/03-01-07-02-02-01-13.wav,02-01-07-02-02-01-13,data/raw/ravdess/video_speech/Video_Speech_Actor_13/Actor_13/02-01-07-02-02-01-13.mp4
01-07-02-02-02-13,train,13,6,disgust,07,03-01-07-02-02-02-13,data/raw/ravdess/audio_speech/Audio_Speech_Actors_01-24/Actor_13/03-01-07-02-02-02-13.wav,02-01-07-02-02-02-13,data/raw/ravdess/video_speech/Video_Speech_Actor_13/Actor_13/02-01-07-02-02-02-13.mp4
01-08-01-01-01-13,train,13,7,surprise,08,03-01-08-01-01-01-13,data/raw/ravdess/audio_speech/Audio_Speech_Actors_01-24/Actor_13/03-01-08-01-01-01-13.wav,02-01-08-01-01-01-13,data/raw/ravdess/video_speech/Video_Speech_Actor_13/Actor_13/02-01-08-01-01-01-13.mp4
01-08-01-01-02-13,train,13,7,surprise,08,03-01-08-01-01-02-13,data/raw/ravdess/audio_speech/Audio_Speech_Actors_01-24/Actor_13/03-01-08-01-01-02-13.wav,02-01-08-01-01-02-13,data/raw/ravdess/video_speech/Video_Speech_Actor_13/Actor_13/02-01-08-01-01-02-13.mp4
01-08-01-02-01-13,train,13,7,surprise,08,03-01-08-01-02-01-13,data/raw/ravdess/audio_speech/Audio_Speech_Actors_01-24/Actor_13/03-01-08-01-02-01-13.wav,02-01-08-01-02-01-13,data/raw/ravdess/video_speech/Video_Speech_Actor_13/Actor_13/02-01-08-01-02-01-13.mp4
01-08-01-02-02-13,train,13,7,surprise,08,03-01-08-01-02-02-13,data/raw/ravdess/audio_speech/Audio_Speech_Actors_01-24/Actor_13/03-01-08-01-02-02-13.wav,02-01-08-01-02-02-13,data/raw/ravdess/video_speech/Video_Speech_Actor_13/Actor_13/02-01-08-01-02-02-13.mp4
01-08-02-01-01-13,train,13,7,surprise,08,03-01-08-02-01-01-13,data/raw/ravdess/audio_speech/Audio_Speech_Actors_01-24/Actor_13/03-01-08-02-01-01-13.wav,02-01-08-02-01-01-13,data/raw/ravdess/video_speech/Video_Speech_Actor_13/Actor_13/02-01-08-02-01-01-13.mp4
01-08-02-01-02-13,train,13,7,surprise,08,03-01-08-02-01-02-13,data/raw/ravdess/audio_speech/Audio_Speech_Actors_01-24/Actor_13/03-01-08-02-01-02-13.wav,02-01-08-02-01-02-13,data/raw/ravdess/video_speech/Video_Speech_Actor_13/Actor_13/02-01-08-02-01-02-13.mp4
01-08-02-02-01-13,train,13,7,surprise,08,03-01-08-02-02-01-13,data/raw/ravdess/audio_speech/Audio_Speech_Actors_01-24/Actor_13/03-01-08-02-02-01-13.wav,02-01-08-02-02-01-13,data/raw/ravdess/video_speech/Video_Speech_Actor_13/Actor_13/02-01-08-02-02-01-13.mp4
01-08-02-02-02-13,train,13,7,surprise,08,03-01-08-02-02-02-13,data/raw/ravdess/audio_speech/Audio_Speech_Actors_01-24/Actor_13/03-01-08-02-02-02-13.wav,02-01-08-02-02-02-13,data/raw/ravdess/video_speech/Video_Speech_Actor_13/Actor_13/02-01-08-02-02-02-13.mp4
01-01-01-01-01-14,train,14,0,neutral,01,03-01-01-01-01-01-14,data/raw/ravdess/audio_speech/Audio_Speech_Actors_01-24/Actor_14/03-01-01-01-01-01-14.wav,02-01-01-01-01-01-14,data/raw/ravdess/video_speech/Video_Speech_Actor_14/Actor_14/02-01-01-01-01-01-14.mp4
01-01-01-01-02-14,train,14,0,neutral,01,03-01-01-01-01-02-14,data/raw/ravdess/audio_speech/Audio_Speech_Actors_01-24/Actor_14/03-01-01-01-01-02-14.wav,02-01-01-01-01-02-14,data/raw/ravdess/video_speech/Video_Speech_Actor_14/Actor_14/02-01-01-01-01-02-14.mp4
01-01-01-02-01-14,train,14,0,neutral,01,03-01-01-01-02-01-14,data/raw/ravdess/audio_speech/Audio_Speech_Actors_01-24/Actor_14/03-01-01-01-02-01-14.wav,02-01-01-01-02-01-14,data/raw/ravdess/video_speech/Video_Speech_Actor_14/Actor_14/02-01-01-01-02-01-14.mp4
01-01-01-02-02-14,train,14,0,neutral,01,03-01-01-01-02-02-14,data/raw/ravdess/audio_speech/Audio_Speech_Actors_01-24/Actor_14/03-01-01-01-02-02-14.wav,02-01-01-01-02-02-14,data/raw/ravdess/video_speech/Video_Speech_Actor_14/Actor_14/02-01-01-01-02-02-14.mp4
01-02-01-01-01-14,train,14,1,calm,02,03-01-02-01-01-01-14,data/raw/ravdess/audio_speech/Audio_Speech_Actors_01-24/Actor_14/03-01-02-01-01-01-14.wav,02-01-02-01-01-01-14,data/raw/ravdess/video_speech/Video_Speech_Actor_14/Actor_14/02-01-02-01-01-01-14.mp4
01-02-01-01-02-14,train,14,1,calm,02,03-01-02-01-01-02-14,data/raw/ravdess/audio_speech/Audio_Speech_Actors_01-24/Actor_14/03-01-02-01-01-02-14.wav,02-01-02-01-01-02-14,data/raw/ravdess/video_speech/Video_Speech_Actor_14/Actor_14/02-01-02-01-01-02-14.mp4
01-02-01-02-01-14,train,14,1,calm,02,03-01-02-01-02-01-14,data/raw/ravdess/audio_speech/Audio_Speech_Actors_01-24/Actor_14/03-01-02-01-02-01-14.wav,02-01-02-01-02-01-14,data/raw/ravdess/video_speech/Video_Speech_Actor_14/Actor_14/02-01-02-01-02-01-14.mp4
01-02-01-02-02-14,train,14,1,calm,02,03-01-02-01-02-02-14,data/raw/ravdess/audio_speech/Audio_Speech_Actors_01-24/Actor_14/03-01-02-01-02-02-14.wav,02-01-02-01-02-02-14,data/raw/ravdess/video_speech/Video_Speech_Actor_14/Actor_14/02-01-02-01-02-02-14.mp4
01-02-02-01-01-14,train,14,1,calm,02,03-01-02-02-01-01-14,data/raw/ravdess/audio_speech/Audio_Speech_Actors_01-24/Actor_14/03-01-02-02-01-01-14.wav,02-01-02-02-01-01-14,data/raw/ravdess/video_speech/Video_Speech_Actor_14/Actor_14/02-01-02-02-01-01-14.mp4
01-02-02-01-02-14,train,14,1,calm,02,03-01-02-02-01-02-14,data/raw/ravdess/audio_speech/Audio_Speech_Actors_01-24/Actor_14/03-01-02-02-01-02-14.wav,02-01-02-02-01-02-14,data/raw/ravdess/video_speech/Video_Speech_Actor_14/Actor_14/02-01-02-02-01-02-14.mp4
01-02-02-02-01-14,train,14,1,calm,02,03-01-02-02-02-01-14,data/raw/ravdess/audio_speech/Audio_Speech_Actors_01-24/Actor_14/03-01-02-02-02-01-14.wav,02-01-02-02-02-01-14,data/raw/ravdess/video_speech/Video_Speech_Actor_14/Actor_14/02-01-02-02-02-01-14.mp4
01-02-02-02-02-14,train,14,1,calm,02,03-01-02-02-02-02-14,data/raw/ravdess/audio_speech/Audio_Speech_Actors_01-24/Actor_14/03-01-02-02-02-02-14.wav,02-01-02-02-02-02-14,data/raw/ravdess/video_speech/Video_Speech_Actor_14/Actor_14/02-01-02-02-02-02-14.mp4
01-03-01-01-01-14,train,14,2,happy,03,03-01-03-01-01-01-14,data/raw/ravdess/audio_speech/Audio_Speech_Actors_01-24/Actor_14/03-01-03-01-01-01-14.wav,02-01-03-01-01-01-14,data/raw/ravdess/video_speech/Video_Speech_Actor_14/Actor_14/02-01-03-01-01-01-14.mp4
01-03-01-01-02-14,train,14,2,happy,03,03-01-03-01-01-02-14,data/raw/ravdess/audio_speech/Audio_Speech_Actors_01-24/Actor_14/03-01-03-01-01-02-14.wav,02-01-03-01-01-02-14,data/raw/ravdess/video_speech/Video_Speech_Actor_14/Actor_14/02-01-03-01-01-02-14.mp4
01-03-01-02-01-14,train,14,2,happy,03,03-01-03-01-02-01-14,data/raw/ravdess/audio_speech/Audio_Speech_Actors_01-24/Actor_14/03-01-03-01-02-01-14.wav,02-01-03-01-02-01-14,data/raw/ravdess/video_speech/Video_Speech_Actor_14/Actor_14/02-01-03-01-02-01-14.mp4
01-03-01-02-02-14,train,14,2,happy,03,03-01-03-01-02-02-14,data/raw/ravdess/audio_speech/Audio_Speech_Actors_01-24/Actor_14/03-01-03-01-02-02-14.wav,02-01-03-01-02-02-14,data/raw/ravdess/video_speech/Video_Speech_Actor_14/Actor_14/02-01-03-01-02-02-14.mp4
01-03-02-01-01-14,train,14,2,happy,03,03-01-03-02-01-01-14,data/raw/ravdess/audio_speech/Audio_Speech_Actors_01-24/Actor_14/03-01-03-02-01-01-14.wav,02-01-03-02-01-01-14,data/raw/ravdess/video_speech/Video_Speech_Actor_14/Actor_14/02-01-03-02-01-01-14.mp4
01-03-02-01-02-14,train,14,2,happy,03,03-01-03-02-01-02-14,data/raw/ravdess/audio_speech/Audio_Speech_Actors_01-24/Actor_14/03-01-03-02-01-02-14.wav,02-01-03-02-01-02-14,data/raw/ravdess/video_speech/Video_Speech_Actor_14/Actor_14/02-01-03-02-01-02-14.mp4
01-03-02-02-01-14,train,14,2,happy,03,03-01-03-02-02-01-14,data/raw/ravdess/audio_speech/Audio_Speech_Actors_01-24/Actor_14/03-01-03-02-02-01-14.wav,02-01-03-02-02-01-14,data/raw/ravdess/video_speech/Video_Speech_Actor_14/Actor_14/02-01-03-02-02-01-14.mp4
01-03-02-02-02-14,train,14,2,happy,03,03-01-03-02-02-02-14,data/raw/ravdess/audio_speech/Audio_Speech_Actors_01-24/Actor_14/03-01-03-02-02-02-14.wav,02-01-03-02-02-02-14,data/raw/ravdess/video_speech/Video_Speech_Actor_14/Actor_14/02-01-03-02-02-02-14.mp4
01-04-01-01-01-14,train,14,3,sad,04,03-01-04-01-01-01-14,data/raw/ravdess/audio_speech/Audio_Speech_Actors_01-24/Actor_14/03-01-04-01-01-01-14.wav,02-01-04-01-01-01-14,data/raw/ravdess/video_speech/Video_Speech_Actor_14/Actor_14/02-01-04-01-01-01-14.mp4
01-04-01-01-02-14,train,14,3,sad,04,03-01-04-01-01-02-14,data/raw/ravdess/audio_speech/Audio_Speech_Actors_01-24/Actor_14/03-01-04-01-01-02-14.wav,02-01-04-01-01-02-14,data/raw/ravdess/video_speech/Video_Speech_Actor_14/Actor_14/02-01-04-01-01-02-14.mp4
01-04-01-02-01-14,train,14,3,sad,04,03-01-04-01-02-01-14,data/raw/ravdess/audio_speech/Audio_Speech_Actors_01-24/Actor_14/03-01-04-01-02-01-14.wav,02-01-04-01-02-01-14,data/raw/ravdess/video_speech/Video_Speech_Actor_14/Actor_14/02-01-04-01-02-01-14.mp4
01-04-01-02-02-14,train,14,3,sad,04,03-01-04-01-02-02-14,data/raw/ravdess/audio_speech/Audio_Speech_Actors_01-24/Actor_14/03-01-04-01-02-02-14.wav,02-01-04-01-02-02-14,data/raw/ravdess/video_speech/Video_Speech_Actor_14/Actor_14/02-01-04-01-02-02-14.mp4
01-04-02-01-01-14,train,14,3,sad,04,03-01-04-02-01-01-14,data/raw/ravdess/audio_speech/Audio_Speech_Actors_01-24/Actor_14/03-01-04-02-01-01-14.wav,02-01-04-02-01-01-14,data/raw/ravdess/video_speech/Video_Speech_Actor_14/Actor_14/02-01-04-02-01-01-14.mp4
01-04-02-01-02-14,train,14,3,sad,04,03-01-04-02-01-02-14,data/raw/ravdess/audio_speech/Audio_Speech_Actors_01-24/Actor_14/03-01-04-02-01-02-14.wav,02-01-04-02-01-02-14,data/raw/ravdess/video_speech/Video_Speech_Actor_14/Actor_14/02-01-04-02-01-02-14.mp4
01-04-02-02-01-14,train,14,3,sad,04,03-01-04-02-02-01-14,data/raw/ravdess/audio_speech/Audio_Speech_Actors_01-24/Actor_14/03-01-04-02-02-01-14.wav,02-01-04-02-02-01-14,data/raw/ravdess/video_speech/Video_Speech_Actor_14/Actor_14/02-01-04-02-02-01-14.mp4
01-04-02-02-02-14,train,14,3,sad,04,03-01-04-02-02-02-14,data/raw/ravdess/audio_speech/Audio_Speech_Actors_01-24/Actor_14/03-01-04-02-02-02-14.wav,02-01-04-02-02-02-14,data/raw/ravdess/video_speech/Video_Speech_Actor_14/Actor_14/02-01-04-02-02-02-14.mp4
01-05-01-01-01-14,train,14,4,angry,05,03-01-05-01-01-01-14,data/raw/ravdess/audio_speech/Audio_Speech_Actors_01-24/Actor_14/03-01-05-01-01-01-14.wav,02-01-05-01-01-01-14,data/raw/ravdess/video_speech/Video_Speech_Actor_14/Actor_14/02-01-05-01-01-01-14.mp4
01-05-01-01-02-14,train,14,4,angry,05,03-01-05-01-01-02-14,data/raw/ravdess/audio_speech/Audio_Speech_Actors_01-24/Actor_14/03-01-05-01-01-02-14.wav,02-01-05-01-01-02-14,data/raw/ravdess/video_speech/Video_Speech_Actor_14/Actor_14/02-01-05-01-01-02-14.mp4
01-05-01-02-01-14,train,14,4,angry,05,03-01-05-01-02-01-14,data/raw/ravdess/audio_speech/Audio_Speech_Actors_01-24/Actor_14/03-01-05-01-02-01-14.wav,02-01-05-01-02-01-14,data/raw/ravdess/video_speech/Video_Speech_Actor_14/Actor_14/02-01-05-01-02-01-14.mp4
01-05-01-02-02-14,train,14,4,angry,05,03-01-05-01-02-02-14,data/raw/ravdess/audio_speech/Audio_Speech_Actors_01-24/Actor_14/03-01-05-01-02-02-14.wav,02-01-05-01-02-02-14,data/raw/ravdess/video_speech/Video_Speech_Actor_14/Actor_14/02-01-05-01-02-02-14.mp4
01-05-02-01-01-14,train,14,4,angry,05,03-01-05-02-01-01-14,data/raw/ravdess/audio_speech/Audio_Speech_Actors_01-24/Actor_14/03-01-05-02-01-01-14.wav,02-01-05-02-01-01-14,data/raw/ravdess/video_speech/Video_Speech_Actor_14/Actor_14/02-01-05-02-01-01-14.mp4
01-05-02-01-02-14,train,14,4,angry,05,03-01-05-02-01-02-14,data/raw/ravdess/audio_speech/Audio_Speech_Actors_01-24/Actor_14/03-01-05-02-01-02-14.wav,02-01-05-02-01-02-14,data/raw/ravdess/video_speech/Video_Speech_Actor_14/Actor_14/02-01-05-02-01-02-14.mp4
01-05-02-02-01-14,train,14,4,angry,05,03-01-05-02-02-01-14,data/raw/ravdess/audio_speech/Audio_Speech_Actors_01-24/Actor_14/03-01-05-02-02-01-14.wav,02-01-05-02-02-01-14,data/raw/ravdess/video_speech/Video_Speech_Actor_14/Actor_14/02-01-05-02-02-01-14.mp4
01-05-02-02-02-14,train,14,4,angry,05,03-01-05-02-02-02-14,data/raw/ravdess/audio_speech/Audio_Speech_Actors_01-24/Actor_14/03-01-05-02-02-02-14.wav,02-01-05-02-02-02-14,data/raw/ravdess/video_speech/Video_Speech_Actor_14/Actor_14/02-01-05-02-02-02-14.mp4
01-06-01-01-01-14,train,14,5,fearful,06,03-01-06-01-01-01-14,data/raw/ravdess/audio_speech/Audio_Speech_Actors_01-24/Actor_14/03-01-06-01-01-01-14.wav,02-01-06-01-01-01-14,data/raw/ravdess/video_speech/Video_Speech_Actor_14/Actor_14/02-01-06-01-01-01-14.mp4
01-06-01-01-02-14,train,14,5,fearful,06,03-01-06-01-01-02-14,data/raw/ravdess/audio_speech/Audio_Speech_Actors_01-24/Actor_14/03-01-06-01-01-02-14.wav,02-01-06-01-01-02-14,data/raw/ravdess/video_speech/Video_Speech_Actor_14/Actor_14/02-01-06-01-01-02-14.mp4
01-06-01-02-01-14,train,14,5,fearful,06,03-01-06-01-02-01-14,data/raw/ravdess/audio_speech/Audio_Speech_Actors_01-24/Actor_14/03-01-06-01-02-01-14.wav,02-01-06-01-02-01-14,data/raw/ravdess/video_speech/Video_Speech_Actor_14/Actor_14/02-01-06-01-02-01-14.mp4
01-06-01-02-02-14,train,14,5,fearful,06,03-01-06-01-02-02-14,data/raw/ravdess/audio_speech/Audio_Speech_Actors_01-24/Actor_14/03-01-06-01-02-02-14.wav,02-01-06-01-02-02-14,data/raw/ravdess/video_speech/Video_Speech_Actor_14/Actor_14/02-01-06-01-02-02-14.mp4
01-06-02-01-01-14,train,14,5,fearful,06,03-01-06-02-01-01-14,data/raw/ravdess/audio_speech/Audio_Speech_Actors_01-24/Actor_14/03-01-06-02-01-01-14.wav,02-01-06-02-01-01-14,data/raw/ravdess/video_speech/Video_Speech_Actor_14/Actor_14/02-01-06-02-01-01-14.mp4
01-06-02-01-02-14,train,14,5,fearful,06,03-01-06-02-01-02-14,data/raw/ravdess/audio_speech/Audio_Speech_Actors_01-24/Actor_14/03-01-06-02-01-02-14.wav,02-01-06-02-01-02-14,data/raw/ravdess/video_speech/Video_Speech_Actor_14/Actor_14/02-01-06-02-01-02-14.mp4
01-06-02-02-01-14,train,14,5,fearful,06,03-01-06-02-02-01-14,data/raw/ravdess/audio_speech/Audio_Speech_Actors_01-24/Actor_14/03-01-06-02-02-01-14.wav,02-01-06-02-02-01-14,data/raw/ravdess/video_speech/Video_Speech_Actor_14/Actor_14/02-01-06-02-02-01-14.mp4
01-06-02-02-02-14,train,14,5,fearful,06,03-01-06-02-02-02-14,data/raw/ravdess/audio_speech/Audio_Speech_Actors_01-24/Actor_14/03-01-06-02-02-02-14.wav,02-01-06-02-02-02-14,data/raw/ravdess/video_speech/Video_Speech_Actor_14/Actor_14/02-01-06-02-02-02-14.mp4
01-07-01-01-01-14,train,14,6,disgust,07,03-01-07-01-01-01-14,data/raw/ravdess/audio_speech/Audio_Speech_Actors_01-24/Actor_14/03-01-07-01-01-01-14.wav,02-01-07-01-01-01-14,data/raw/ravdess/video_speech/Video_Speech_Actor_14/Actor_14/02-01-07-01-01-01-14.mp4
01-07-01-01-02-14,train,14,6,disgust,07,03-01-07-01-01-02-14,data/raw/ravdess/audio_speech/Audio_Speech_Actors_01-24/Actor_14/03-01-07-01-01-02-14.wav,02-01-07-01-01-02-14,data/raw/ravdess/video_speech/Video_Speech_Actor_14/Actor_14/02-01-07-01-01-02-14.mp4
01-07-01-02-01-14,train,14,6,disgust,07,03-01-07-01-02-01-14,data/raw/ravdess/audio_speech/Audio_Speech_Actors_01-24/Actor_14/03-01-07-01-02-01-14.wav,02-01-07-01-02-01-14,data/raw/ravdess/video_speech/Video_Speech_Actor_14/Actor_14/02-01-07-01-02-01-14.mp4
01-07-01-02-02-14,train,14,6,disgust,07,03-01-07-01-02-02-14,data/raw/ravdess/audio_speech/Audio_Speech_Actors_01-24/Actor_14/03-01-07-01-02-02-14.wav,02-01-07-01-02-02-14,data/raw/ravdess/video_speech/Video_Speech_Actor_14/Actor_14/02-01-07-01-02-02-14.mp4
01-07-02-01-01-14,train,14,6,disgust,07,03-01-07-02-01-01-14,data/raw/ravdess/audio_speech/Audio_Speech_Actors_01-24/Actor_14/03-01-07-02-01-01-14.wav,02-01-07-02-01-01-14,data/raw/ravdess/video_speech/Video_Speech_Actor_14/Actor_14/02-01-07-02-01-01-14.mp4
01-07-02-01-02-14,train,14,6,disgust,07,03-01-07-02-01-02-14,data/raw/ravdess/audio_speech/Audio_Speech_Actors_01-24/Actor_14/03-01-07-02-01-02-14.wav,02-01-07-02-01-02-14,data/raw/ravdess/video_speech/Video_Speech_Actor_14/Actor_14/02-01-07-02-01-02-14.mp4
01-07-02-02-01-14,train,14,6,disgust,07,03-01-07-02-02-01-14,data/raw/ravdess/audio_speech/Audio_Speech_Actors_01-24/Actor_14/03-01-07-02-02-01-14.wav,02-01-07-02-02-01-14,data/raw/ravdess/video_speech/Video_Speech_Actor_14/Actor_14/02-01-07-02-02-01-14.mp4
01-07-02-02-02-14,train,14,6,disgust,07,03-01-07-02-02-02-14,data/raw/ravdess/audio_speech/Audio_Speech_Actors_01-24/Actor_14/03-01-07-02-02-02-14.wav,02-01-07-02-02-02-14,data/raw/ravdess/video_speech/Video_Speech_Actor_14/Actor_14/02-01-07-02-02-02-14.mp4
01-08-01-01-01-14,train,14,7,surprise,08,03-01-08-01-01-01-14,data/raw/ravdess/audio_speech/Audio_Speech_Actors_01-24/Actor_14/03-01-08-01-01-01-14.wav,02-01-08-01-01-01-14,data/raw/ravdess/video_speech/Video_Speech_Actor_14/Actor_14/02-01-08-01-01-01-14.mp4
01-08-01-01-02-14,train,14,7,surprise,08,03-01-08-01-01-02-14,data/raw/ravdess/audio_speech/Audio_Speech_Actors_01-24/Actor_14/03-01-08-01-01-02-14.wav,02-01-08-01-01-02-14,data/raw/ravdess/video_speech/Video_Speech_Actor_14/Actor_14/02-01-08-01-01-02-14.mp4
01-08-01-02-01-14,train,14,7,surprise,08,03-01-08-01-02-01-14,data/raw/ravdess/audio_speech/Audio_Speech_Actors_01-24/Actor_14/03-01-08-01-02-01-14.wav,02-01-08-01-02-01-14,data/raw/ravdess/video_speech/Video_Speech_Actor_14/Actor_14/02-01-08-01-02-01-14.mp4
01-08-01-02-02-14,train,14,7,surprise,08,03-01-08-01-02-02-14,data/raw/ravdess/audio_speech/Audio_Speech_Actors_01-24/Actor_14/03-01-08-01-02-02-14.wav,02-01-08-01-02-02-14,data/raw/ravdess/video_speech/Video_Speech_Actor_14/Actor_14/02-01-08-01-02-02-14.mp4
01-08-02-01-01-14,train,14,7,surprise,08,03-01-08-02-01-01-14,data/raw/ravdess/audio_speech/Audio_Speech_Actors_01-24/Actor_14/03-01-08-02-01-01-14.wav,02-01-08-02-01-01-14,data/raw/ravdess/video_speech/Video_Speech_Actor_14/Actor_14/02-01-08-02-01-01-14.mp4
01-08-02-01-02-14,train,14,7,surprise,08,03-01-08-02-01-02-14,data/raw/ravdess/audio_speech/Audio_Speech_Actors_01-24/Actor_14/03-01-08-02-01-02-14.wav,02-01-08-02-01-02-14,data/raw/ravdess/video_speech/Video_Speech_Actor_14/Actor_14/02-01-08-02-01-02-14.mp4
01-08-02-02-01-14,train,14,7,surprise,08,03-01-08-02-02-01-14,data/raw/ravdess/audio_speech/Audio_Speech_Actors_01-24/Actor_14/03-01-08-02-02-01-14.wav,02-01-08-02-02-01-14,data/raw/ravdess/video_speech/Video_Speech_Actor_14/Actor_14/02-01-08-02-02-01-14.mp4
01-08-02-02-02-14,train,14,7,surprise,08,03-01-08-02-02-02-14,data/raw/ravdess/audio_speech/Audio_Speech_Actors_01-24/Actor_14/03-01-08-02-02-02-14.wav,02-01-08-02-02-02-14,data/raw/ravdess/video_speech/Video_Speech_Actor_14/Actor_14/02-01-08-02-02-02-14.mp4
01-01-01-01-01-15,train,15,0,neutral,01,03-01-01-01-01-01-15,data/raw/ravdess/audio_speech/Audio_Speech_Actors_01-24/Actor_15/03-01-01-01-01-01-15.wav,02-01-01-01-01-01-15,data/raw/ravdess/video_speech/Video_Speech_Actor_15/Actor_15/02-01-01-01-01-01-15.mp4
01-01-01-01-02-15,train,15,0,neutral,01,03-01-01-01-01-02-15,data/raw/ravdess/audio_speech/Audio_Speech_Actors_01-24/Actor_15/03-01-01-01-01-02-15.wav,02-01-01-01-01-02-15,data/raw/ravdess/video_speech/Video_Speech_Actor_15/Actor_15/02-01-01-01-01-02-15.mp4
01-01-01-02-01-15,train,15,0,neutral,01,03-01-01-01-02-01-15,data/raw/ravdess/audio_speech/Audio_Speech_Actors_01-24/Actor_15/03-01-01-01-02-01-15.wav,02-01-01-01-02-01-15,data/raw/ravdess/video_speech/Video_Speech_Actor_15/Actor_15/02-01-01-01-02-01-15.mp4
01-01-01-02-02-15,train,15,0,neutral,01,03-01-01-01-02-02-15,data/raw/ravdess/audio_speech/Audio_Speech_Actors_01-24/Actor_15/03-01-01-01-02-02-15.wav,02-01-01-01-02-02-15,data/raw/ravdess/video_speech/Video_Speech_Actor_15/Actor_15/02-01-01-01-02-02-15.mp4
01-02-01-01-01-15,train,15,1,calm,02,03-01-02-01-01-01-15,data/raw/ravdess/audio_speech/Audio_Speech_Actors_01-24/Actor_15/03-01-02-01-01-01-15.wav,02-01-02-01-01-01-15,data/raw/ravdess/video_speech/Video_Speech_Actor_15/Actor_15/02-01-02-01-01-01-15.mp4
01-02-01-01-02-15,train,15,1,calm,02,03-01-02-01-01-02-15,data/raw/ravdess/audio_speech/Audio_Speech_Actors_01-24/Actor_15/03-01-02-01-01-02-15.wav,02-01-02-01-01-02-15,data/raw/ravdess/video_speech/Video_Speech_Actor_15/Actor_15/02-01-02-01-01-02-15.mp4
01-02-01-02-01-15,train,15,1,calm,02,03-01-02-01-02-01-15,data/raw/ravdess/audio_speech/Audio_Speech_Actors_01-24/Actor_15/03-01-02-01-02-01-15.wav,02-01-02-01-02-01-15,data/raw/ravdess/video_speech/Video_Speech_Actor_15/Actor_15/02-01-02-01-02-01-15.mp4
01-02-01-02-02-15,train,15,1,calm,02,03-01-02-01-02-02-15,data/raw/ravdess/audio_speech/Audio_Speech_Actors_01-24/Actor_15/03-01-02-01-02-02-15.wav,02-01-02-01-02-02-15,data/raw/ravdess/video_speech/Video_Speech_Actor_15/Actor_15/02-01-02-01-02-02-15.mp4
01-02-02-01-01-15,train,15,1,calm,02,03-01-02-02-01-01-15,data/raw/ravdess/audio_speech/Audio_Speech_Actors_01-24/Actor_15/03-01-02-02-01-01-15.wav,02-01-02-02-01-01-15,data/raw/ravdess/video_speech/Video_Speech_Actor_15/Actor_15/02-01-02-02-01-01-15.mp4
01-02-02-01-02-15,train,15,1,calm,02,03-01-02-02-01-02-15,data/raw/ravdess/audio_speech/Audio_Speech_Actors_01-24/Actor_15/03-01-02-02-01-02-15.wav,02-01-02-02-01-02-15,data/raw/ravdess/video_speech/Video_Speech_Actor_15/Actor_15/02-01-02-02-01-02-15.mp4
01-02-02-02-01-15,train,15,1,calm,02,03-01-02-02-02-01-15,data/raw/ravdess/audio_speech/Audio_Speech_Actors_01-24/Actor_15/03-01-02-02-02-01-15.wav,02-01-02-02-02-01-15,data/raw/ravdess/video_speech/Video_Speech_Actor_15/Actor_15/02-01-02-02-02-01-15.mp4
01-02-02-02-02-15,train,15,1,calm,02,03-01-02-02-02-02-15,data/raw/ravdess/audio_speech/Audio_Speech_Actors_01-24/Actor_15/03-01-02-02-02-02-15.wav,02-01-02-02-02-02-15,data/raw/ravdess/video_speech/Video_Speech_Actor_15/Actor_15/02-01-02-02-02-02-15.mp4
01-03-01-01-01-15,train,15,2,happy,03,03-01-03-01-01-01-15,data/raw/ravdess/audio_speech/Audio_Speech_Actors_01-24/Actor_15/03-01-03-01-01-01-15.wav,02-01-03-01-01-01-15,data/raw/ravdess/video_speech/Video_Speech_Actor_15/Actor_15/02-01-03-01-01-01-15.mp4
01-03-01-01-02-15,train,15,2,happy,03,03-01-03-01-01-02-15,data/raw/ravdess/audio_speech/Audio_Speech_Actors_01-24/Actor_15/03-01-03-01-01-02-15.wav,02-01-03-01-01-02-15,data/raw/ravdess/video_speech/Video_Speech_Actor_15/Actor_15/02-01-03-01-01-02-15.mp4
01-03-01-02-01-15,train,15,2,happy,03,03-01-03-01-02-01-15,data/raw/ravdess/audio_speech/Audio_Speech_Actors_01-24/Actor_15/03-01-03-01-02-01-15.wav,02-01-03-01-02-01-15,data/raw/ravdess/video_speech/Video_Speech_Actor_15/Actor_15/02-01-03-01-02-01-15.mp4
01-03-01-02-02-15,train,15,2,happy,03,03-01-03-01-02-02-15,data/raw/ravdess/audio_speech/Audio_Speech_Actors_01-24/Actor_15/03-01-03-01-02-02-15.wav,02-01-03-01-02-02-15,data/raw/ravdess/video_speech/Video_Speech_Actor_15/Actor_15/02-01-03-01-02-02-15.mp4
01-03-02-01-01-15,train,15,2,happy,03,03-01-03-02-01-01-15,data/raw/ravdess/audio_speech/Audio_Speech_Actors_01-24/Actor_15/03-01-03-02-01-01-15.wav,02-01-03-02-01-01-15,data/raw/ravdess/video_speech/Video_Speech_Actor_15/Actor_15/02-01-03-02-01-01-15.mp4
01-03-02-01-02-15,train,15,2,happy,03,03-01-03-02-01-02-15,data/raw/ravdess/audio_speech/Audio_Speech_Actors_01-24/Actor_15/03-01-03-02-01-02-15.wav,02-01-03-02-01-02-15,data/raw/ravdess/video_speech/Video_Speech_Actor_15/Actor_15/02-01-03-02-01-02-15.mp4
01-03-02-02-01-15,train,15,2,happy,03,03-01-03-02-02-01-15,data/raw/ravdess/audio_speech/Audio_Speech_Actors_01-24/Actor_15/03-01-03-02-02-01-15.wav,02-01-03-02-02-01-15,data/raw/ravdess/video_speech/Video_Speech_Actor_15/Actor_15/02-01-03-02-02-01-15.mp4
01-03-02-02-02-15,train,15,2,happy,03,03-01-03-02-02-02-15,data/raw/ravdess/audio_speech/Audio_Speech_Actors_01-24/Actor_15/03-01-03-02-02-02-15.wav,02-01-03-02-02-02-15,data/raw/ravdess/video_speech/Video_Speech_Actor_15/Actor_15/02-01-03-02-02-02-15.mp4
01-04-01-01-01-15,train,15,3,sad,04,03-01-04-01-01-01-15,data/raw/ravdess/audio_speech/Audio_Speech_Actors_01-24/Actor_15/03-01-04-01-01-01-15.wav,02-01-04-01-01-01-15,data/raw/ravdess/video_speech/Video_Speech_Actor_15/Actor_15/02-01-04-01-01-01-15.mp4
01-04-01-01-02-15,train,15,3,sad,04,03-01-04-01-01-02-15,data/raw/ravdess/audio_speech/Audio_Speech_Actors_01-24/Actor_15/03-01-04-01-01-02-15.wav,02-01-04-01-01-02-15,data/raw/ravdess/video_speech/Video_Speech_Actor_15/Actor_15/02-01-04-01-01-02-15.mp4
01-04-01-02-01-15,train,15,3,sad,04,03-01-04-01-02-01-15,data/raw/ravdess/audio_speech/Audio_Speech_Actors_01-24/Actor_15/03-01-04-01-02-01-15.wav,02-01-04-01-02-01-15,data/raw/ravdess/video_speech/Video_Speech_Actor_15/Actor_15/02-01-04-01-02-01-15.mp4
01-04-01-02-02-15,train,15,3,sad,04,03-01-04-01-02-02-15,data/raw/ravdess/audio_speech/Audio_Speech_Actors_01-24/Actor_15/03-01-04-01-02-02-15.wav,02-01-04-01-02-02-15,data/raw/ravdess/video_speech/Video_Speech_Actor_15/Actor_15/02-01-04-01-02-02-15.mp4
01-04-02-01-01-15,train,15,3,sad,04,03-01-04-02-01-01-15,data/raw/ravdess/audio_speech/Audio_Speech_Actors_01-24/Actor_15/03-01-04-02-01-01-15.wav,02-01-04-02-01-01-15,data/raw/ravdess/video_speech/Video_Speech_Actor_15/Actor_15/02-01-04-02-01-01-15.mp4
01-04-02-01-02-15,train,15,3,sad,04,03-01-04-02-01-02-15,data/raw/ravdess/audio_speech/Audio_Speech_Actors_01-24/Actor_15/03-01-04-02-01-02-15.wav,02-01-04-02-01-02-15,data/raw/ravdess/video_speech/Video_Speech_Actor_15/Actor_15/02-01-04-02-01-02-15.mp4
01-04-02-02-01-15,train,15,3,sad,04,03-01-04-02-02-01-15,data/raw/ravdess/audio_speech/Audio_Speech_Actors_01-24/Actor_15/03-01-04-02-02-01-15.wav,02-01-04-02-02-01-15,data/raw/ravdess/video_speech/Video_Speech_Actor_15/Actor_15/02-01-04-02-02-01-15.mp4
01-04-02-02-02-15,train,15,3,sad,04,03-01-04-02-02-02-15,data/raw/ravdess/audio_speech/Audio_Speech_Actors_01-24/Actor_15/03-01-04-02-02-02-15.wav,02-01-04-02-02-02-15,data/raw/ravdess/video_speech/Video_Speech_Actor_15/Actor_15/02-01-04-02-02-02-15.mp4
01-05-01-01-01-15,train,15,4,angry,05,03-01-05-01-01-01-15,data/raw/ravdess/audio_speech/Audio_Speech_Actors_01-24/Actor_15/03-01-05-01-01-01-15.wav,02-01-05-01-01-01-15,data/raw/ravdess/video_speech/Video_Speech_Actor_15/Actor_15/02-01-05-01-01-01-15.mp4
01-05-01-01-02-15,train,15,4,angry,05,03-01-05-01-01-02-15,data/raw/ravdess/audio_speech/Audio_Speech_Actors_01-24/Actor_15/03-01-05-01-01-02-15.wav,02-01-05-01-01-02-15,data/raw/ravdess/video_speech/Video_Speech_Actor_15/Actor_15/02-01-05-01-01-02-15.mp4
01-05-01-02-01-15,train,15,4,angry,05,03-01-05-01-02-01-15,data/raw/ravdess/audio_speech/Audio_Speech_Actors_01-24/Actor_15/03-01-05-01-02-01-15.wav,02-01-05-01-02-01-15,data/raw/ravdess/video_speech/Video_Speech_Actor_15/Actor_15/02-01-05-01-02-01-15.mp4
01-05-01-02-02-15,train,15,4,angry,05,03-01-05-01-02-02-15,data/raw/ravdess/audio_speech/Audio_Speech_Actors_01-24/Actor_15/03-01-05-01-02-02-15.wav,02-01-05-01-02-02-15,data/raw/ravdess/video_speech/Video_Speech_Actor_15/Actor_15/02-01-05-01-02-02-15.mp4
01-05-02-01-01-15,train,15,4,angry,05,03-01-05-02-01-01-15,data/raw/ravdess/audio_speech/Audio_Speech_Actors_01-24/Actor_15/03-01-05-02-01-01-15.wav,02-01-05-02-01-01-15,data/raw/ravdess/video_speech/Video_Speech_Actor_15/Actor_15/02-01-05-02-01-01-15.mp4
01-05-02-01-02-15,train,15,4,angry,05,03-01-05-02-01-02-15,data/raw/ravdess/audio_speech/Audio_Speech_Actors_01-24/Actor_15/03-01-05-02-01-02-15.wav,02-01-05-02-01-02-15,data/raw/ravdess/video_speech/Video_Speech_Actor_15/Actor_15/02-01-05-02-01-02-15.mp4
01-05-02-02-01-15,train,15,4,angry,05,03-01-05-02-02-01-15,data/raw/ravdess/audio_speech/Audio_Speech_Actors_01-24/Actor_15/03-01-05-02-02-01-15.wav,02-01-05-02-02-01-15,data/raw/ravdess/video_speech/Video_Speech_Actor_15/Actor_15/02-01-05-02-02-01-15.mp4
01-05-02-02-02-15,train,15,4,angry,05,03-01-05-02-02-02-15,data/raw/ravdess/audio_speech/Audio_Speech_Actors_01-24/Actor_15/03-01-05-02-02-02-15.wav,02-01-05-02-02-02-15,data/raw/ravdess/video_speech/Video_Speech_Actor_15/Actor_15/02-01-05-02-02-02-15.mp4
01-06-01-01-01-15,train,15,5,fearful,06,03-01-06-01-01-01-15,data/raw/ravdess/audio_speech/Audio_Speech_Actors_01-24/Actor_15/03-01-06-01-01-01-15.wav,02-01-06-01-01-01-15,data/raw/ravdess/video_speech/Video_Speech_Actor_15/Actor_15/02-01-06-01-01-01-15.mp4
01-06-01-01-02-15,train,15,5,fearful,06,03-01-06-01-01-02-15,data/raw/ravdess/audio_speech/Audio_Speech_Actors_01-24/Actor_15/03-01-06-01-01-02-15.wav,02-01-06-01-01-02-15,data/raw/ravdess/video_speech/Video_Speech_Actor_15/Actor_15/02-01-06-01-01-02-15.mp4
01-06-01-02-01-15,train,15,5,fearful,06,03-01-06-01-02-01-15,data/raw/ravdess/audio_speech/Audio_Speech_Actors_01-24/Actor_15/03-01-06-01-02-01-15.wav,02-01-06-01-02-01-15,data/raw/ravdess/video_speech/Video_Speech_Actor_15/Actor_15/02-01-06-01-02-01-15.mp4
01-06-01-02-02-15,train,15,5,fearful,06,03-01-06-01-02-02-15,data/raw/ravdess/audio_speech/Audio_Speech_Actors_01-24/Actor_15/03-01-06-01-02-02-15.wav,02-01-06-01-02-02-15,data/raw/ravdess/video_speech/Video_Speech_Actor_15/Actor_15/02-01-06-01-02-02-15.mp4
01-06-02-01-01-15,train,15,5,fearful,06,03-01-06-02-01-01-15,data/raw/ravdess/audio_speech/Audio_Speech_Actors_01-24/Actor_15/03-01-06-02-01-01-15.wav,02-01-06-02-01-01-15,data/raw/ravdess/video_speech/Video_Speech_Actor_15/Actor_15/02-01-06-02-01-01-15.mp4
01-06-02-01-02-15,train,15,5,fearful,06,03-01-06-02-01-02-15,data/raw/ravdess/audio_speech/Audio_Speech_Actors_01-24/Actor_15/03-01-06-02-01-02-15.wav,02-01-06-02-01-02-15,data/raw/ravdess/video_speech/Video_Speech_Actor_15/Actor_15/02-01-06-02-01-02-15.mp4
01-06-02-02-01-15,train,15,5,fearful,06,03-01-06-02-02-01-15,data/raw/ravdess/audio_speech/Audio_Speech_Actors_01-24/Actor_15/03-01-06-02-02-01-15.wav,02-01-06-02-02-01-15,data/raw/ravdess/video_speech/Video_Speech_Actor_15/Actor_15/02-01-06-02-02-01-15.mp4
01-06-02-02-02-15,train,15,5,fearful,06,03-01-06-02-02-02-15,data/raw/ravdess/audio_speech/Audio_Speech_Actors_01-24/Actor_15/03-01-06-02-02-02-15.wav,02-01-06-02-02-02-15,data/raw/ravdess/video_speech/Video_Speech_Actor_15/Actor_15/02-01-06-02-02-02-15.mp4
01-07-01-01-01-15,train,15,6,disgust,07,03-01-07-01-01-01-15,data/raw/ravdess/audio_speech/Audio_Speech_Actors_01-24/Actor_15/03-01-07-01-01-01-15.wav,02-01-07-01-01-01-15,data/raw/ravdess/video_speech/Video_Speech_Actor_15/Actor_15/02-01-07-01-01-01-15.mp4
01-07-01-01-02-15,train,15,6,disgust,07,03-01-07-01-01-02-15,data/raw/ravdess/audio_speech/Audio_Speech_Actors_01-24/Actor_15/03-01-07-01-01-02-15.wav,02-01-07-01-01-02-15,data/raw/ravdess/video_speech/Video_Speech_Actor_15/Actor_15/02-01-07-01-01-02-15.mp4
01-07-01-02-01-15,train,15,6,disgust,07,03-01-07-01-02-01-15,data/raw/ravdess/audio_speech/Audio_Speech_Actors_01-24/Actor_15/03-01-07-01-02-01-15.wav,02-01-07-01-02-01-15,data/raw/ravdess/video_speech/Video_Speech_Actor_15/Actor_15/02-01-07-01-02-01-15.mp4
01-07-01-02-02-15,train,15,6,disgust,07,03-01-07-01-02-02-15,data/raw/ravdess/audio_speech/Audio_Speech_Actors_01-24/Actor_15/03-01-07-01-02-02-15.wav,02-01-07-01-02-02-15,data/raw/ravdess/video_speech/Video_Speech_Actor_15/Actor_15/02-01-07-01-02-02-15.mp4
01-07-02-01-01-15,train,15,6,disgust,07,03-01-07-02-01-01-15,data/raw/ravdess/audio_speech/Audio_Speech_Actors_01-24/Actor_15/03-01-07-02-01-01-15.wav,02-01-07-02-01-01-15,data/raw/ravdess/video_speech/Video_Speech_Actor_15/Actor_15/02-01-07-02-01-01-15.mp4
01-07-02-01-02-15,train,15,6,disgust,07,03-01-07-02-01-02-15,data/raw/ravdess/audio_speech/Audio_Speech_Actors_01-24/Actor_15/03-01-07-02-01-02-15.wav,02-01-07-02-01-02-15,data/raw/ravdess/video_speech/Video_Speech_Actor_15/Actor_15/02-01-07-02-01-02-15.mp4
01-07-02-02-01-15,train,15,6,disgust,07,03-01-07-02-02-01-15,data/raw/ravdess/audio_speech/Audio_Speech_Actors_01-24/Actor_15/03-01-07-02-02-01-15.wav,02-01-07-02-02-01-15,data/raw/ravdess/video_speech/Video_Speech_Actor_15/Actor_15/02-01-07-02-02-01-15.mp4
01-07-02-02-02-15,train,15,6,disgust,07,03-01-07-02-02-02-15,data/raw/ravdess/audio_speech/Audio_Speech_Actors_01-24/Actor_15/03-01-07-02-02-02-15.wav,02-01-07-02-02-02-15,data/raw/ravdess/video_speech/Video_Speech_Actor_15/Actor_15/02-01-07-02-02-02-15.mp4
01-08-01-01-01-15,train,15,7,surprise,08,03-01-08-01-01-01-15,data/raw/ravdess/audio_speech/Audio_Speech_Actors_01-24/Actor_15/03-01-08-01-01-01-15.wav,02-01-08-01-01-01-15,data/raw/ravdess/video_speech/Video_Speech_Actor_15/Actor_15/02-01-08-01-01-01-15.mp4
01-08-01-01-02-15,train,15,7,surprise,08,03-01-08-01-01-02-15,data/raw/ravdess/audio_speech/Audio_Speech_Actors_01-24/Actor_15/03-01-08-01-01-02-15.wav,02-01-08-01-01-02-15,data/raw/ravdess/video_speech/Video_Speech_Actor_15/Actor_15/02-01-08-01-01-02-15.mp4
01-08-01-02-01-15,train,15,7,surprise,08,03-01-08-01-02-01-15,data/raw/ravdess/audio_speech/Audio_Speech_Actors_01-24/Actor_15/03-01-08-01-02-01-15.wav,02-01-08-01-02-01-15,data/raw/ravdess/video_speech/Video_Speech_Actor_15/Actor_15/02-01-08-01-02-01-15.mp4
01-08-01-02-02-15,train,15,7,surprise,08,03-01-08-01-02-02-15,data/raw/ravdess/audio_speech/Audio_Speech_Actors_01-24/Actor_15/03-01-08-01-02-02-15.wav,02-01-08-01-02-02-15,data/raw/ravdess/video_speech/Video_Speech_Actor_15/Actor_15/02-01-08-01-02-02-15.mp4
01-08-02-01-01-15,train,15,7,surprise,08,03-01-08-02-01-01-15,data/raw/ravdess/audio_speech/Audio_Speech_Actors_01-24/Actor_15/03-01-08-02-01-01-15.wav,02-01-08-02-01-01-15,data/raw/ravdess/video_speech/Video_Speech_Actor_15/Actor_15/02-01-08-02-01-01-15.mp4
01-08-02-01-02-15,train,15,7,surprise,08,03-01-08-02-01-02-15,data/raw/ravdess/audio_speech/Audio_Speech_Actors_01-24/Actor_15/03-01-08-02-01-02-15.wav,02-01-08-02-01-02-15,data/raw/ravdess/video_speech/Video_Speech_Actor_15/Actor_15/02-01-08-02-01-02-15.mp4
01-08-02-02-01-15,train,15,7,surprise,08,03-01-08-02-02-01-15,data/raw/ravdess/audio_speech/Audio_Speech_Actors_01-24/Actor_15/03-01-08-02-02-01-15.wav,02-01-08-02-02-01-15,data/raw/ravdess/video_speech/Video_Speech_Actor_15/Actor_15/02-01-08-02-02-01-15.mp4
01-08-02-02-02-15,train,15,7,surprise,08,03-01-08-02-02-02-15,data/raw/ravdess/audio_speech/Audio_Speech_Actors_01-24/Actor_15/03-01-08-02-02-02-15.wav,02-01-08-02-02-02-15,data/raw/ravdess/video_speech/Video_Speech_Actor_15/Actor_15/02-01-08-02-02-02-15.mp4
01-01-01-01-01-16,train,16,0,neutral,01,03-01-01-01-01-01-16,data/raw/ravdess/audio_speech/Audio_Speech_Actors_01-24/Actor_16/03-01-01-01-01-01-16.wav,02-01-01-01-01-01-16,data/raw/ravdess/video_speech/Video_Speech_Actor_16/Actor_16/02-01-01-01-01-01-16.mp4
01-01-01-01-02-16,train,16,0,neutral,01,03-01-01-01-01-02-16,data/raw/ravdess/audio_speech/Audio_Speech_Actors_01-24/Actor_16/03-01-01-01-01-02-16.wav,02-01-01-01-01-02-16,data/raw/ravdess/video_speech/Video_Speech_Actor_16/Actor_16/02-01-01-01-01-02-16.mp4
01-01-01-02-01-16,train,16,0,neutral,01,03-01-01-01-02-01-16,data/raw/ravdess/audio_speech/Audio_Speech_Actors_01-24/Actor_16/03-01-01-01-02-01-16.wav,02-01-01-01-02-01-16,data/raw/ravdess/video_speech/Video_Speech_Actor_16/Actor_16/02-01-01-01-02-01-16.mp4
01-01-01-02-02-16,train,16,0,neutral,01,03-01-01-01-02-02-16,data/raw/ravdess/audio_speech/Audio_Speech_Actors_01-24/Actor_16/03-01-01-01-02-02-16.wav,02-01-01-01-02-02-16,data/raw/ravdess/video_speech/Video_Speech_Actor_16/Actor_16/02-01-01-01-02-02-16.mp4
01-02-01-01-01-16,train,16,1,calm,02,03-01-02-01-01-01-16,data/raw/ravdess/audio_speech/Audio_Speech_Actors_01-24/Actor_16/03-01-02-01-01-01-16.wav,02-01-02-01-01-01-16,data/raw/ravdess/video_speech/Video_Speech_Actor_16/Actor_16/02-01-02-01-01-01-16.mp4
01-02-01-01-02-16,train,16,1,calm,02,03-01-02-01-01-02-16,data/raw/ravdess/audio_speech/Audio_Speech_Actors_01-24/Actor_16/03-01-02-01-01-02-16.wav,02-01-02-01-01-02-16,data/raw/ravdess/video_speech/Video_Speech_Actor_16/Actor_16/02-01-02-01-01-02-16.mp4
01-02-01-02-01-16,train,16,1,calm,02,03-01-02-01-02-01-16,data/raw/ravdess/audio_speech/Audio_Speech_Actors_01-24/Actor_16/03-01-02-01-02-01-16.wav,02-01-02-01-02-01-16,data/raw/ravdess/video_speech/Video_Speech_Actor_16/Actor_16/02-01-02-01-02-01-16.mp4
01-02-01-02-02-16,train,16,1,calm,02,03-01-02-01-02-02-16,data/raw/ravdess/audio_speech/Audio_Speech_Actors_01-24/Actor_16/03-01-02-01-02-02-16.wav,02-01-02-01-02-02-16,data/raw/ravdess/video_speech/Video_Speech_Actor_16/Actor_16/02-01-02-01-02-02-16.mp4
01-02-02-01-01-16,train,16,1,calm,02,03-01-02-02-01-01-16,data/raw/ravdess/audio_speech/Audio_Speech_Actors_01-24/Actor_16/03-01-02-02-01-01-16.wav,02-01-02-02-01-01-16,data/raw/ravdess/video_speech/Video_Speech_Actor_16/Actor_16/02-01-02-02-01-01-16.mp4
01-02-02-01-02-16,train,16,1,calm,02,03-01-02-02-01-02-16,data/raw/ravdess/audio_speech/Audio_Speech_Actors_01-24/Actor_16/03-01-02-02-01-02-16.wav,02-01-02-02-01-02-16,data/raw/ravdess/video_speech/Video_Speech_Actor_16/Actor_16/02-01-02-02-01-02-16.mp4
01-02-02-02-01-16,train,16,1,calm,02,03-01-02-02-02-01-16,data/raw/ravdess/audio_speech/Audio_Speech_Actors_01-24/Actor_16/03-01-02-02-02-01-16.wav,02-01-02-02-02-01-16,data/raw/ravdess/video_speech/Video_Speech_Actor_16/Actor_16/02-01-02-02-02-01-16.mp4
01-02-02-02-02-16,train,16,1,calm,02,03-01-02-02-02-02-16,data/raw/ravdess/audio_speech/Audio_Speech_Actors_01-24/Actor_16/03-01-02-02-02-02-16.wav,02-01-02-02-02-02-16,data/raw/ravdess/video_speech/Video_Speech_Actor_16/Actor_16/02-01-02-02-02-02-16.mp4
01-03-01-01-01-16,train,16,2,happy,03,03-01-03-01-01-01-16,data/raw/ravdess/audio_speech/Audio_Speech_Actors_01-24/Actor_16/03-01-03-01-01-01-16.wav,02-01-03-01-01-01-16,data/raw/ravdess/video_speech/Video_Speech_Actor_16/Actor_16/02-01-03-01-01-01-16.mp4
01-03-01-01-02-16,train,16,2,happy,03,03-01-03-01-01-02-16,data/raw/ravdess/audio_speech/Audio_Speech_Actors_01-24/Actor_16/03-01-03-01-01-02-16.wav,02-01-03-01-01-02-16,data/raw/ravdess/video_speech/Video_Speech_Actor_16/Actor_16/02-01-03-01-01-02-16.mp4
01-03-01-02-01-16,train,16,2,happy,03,03-01-03-01-02-01-16,data/raw/ravdess/audio_speech/Audio_Speech_Actors_01-24/Actor_16/03-01-03-01-02-01-16.wav,02-01-03-01-02-01-16,data/raw/ravdess/video_speech/Video_Speech_Actor_16/Actor_16/02-01-03-01-02-01-16.mp4
01-03-01-02-02-16,train,16,2,happy,03,03-01-03-01-02-02-16,data/raw/ravdess/audio_speech/Audio_Speech_Actors_01-24/Actor_16/03-01-03-01-02-02-16.wav,02-01-03-01-02-02-16,data/raw/ravdess/video_speech/Video_Speech_Actor_16/Actor_16/02-01-03-01-02-02-16.mp4
01-03-02-01-01-16,train,16,2,happy,03,03-01-03-02-01-01-16,data/raw/ravdess/audio_speech/Audio_Speech_Actors_01-24/Actor_16/03-01-03-02-01-01-16.wav,02-01-03-02-01-01-16,data/raw/ravdess/video_speech/Video_Speech_Actor_16/Actor_16/02-01-03-02-01-01-16.mp4
01-03-02-01-02-16,train,16,2,happy,03,03-01-03-02-01-02-16,data/raw/ravdess/audio_speech/Audio_Speech_Actors_01-24/Actor_16/03-01-03-02-01-02-16.wav,02-01-03-02-01-02-16,data/raw/ravdess/video_speech/Video_Speech_Actor_16/Actor_16/02-01-03-02-01-02-16.mp4
01-03-02-02-01-16,train,16,2,happy,03,03-01-03-02-02-01-16,data/raw/ravdess/audio_speech/Audio_Speech_Actors_01-24/Actor_16/03-01-03-02-02-01-16.wav,02-01-03-02-02-01-16,data/raw/ravdess/video_speech/Video_Speech_Actor_16/Actor_16/02-01-03-02-02-01-16.mp4
01-03-02-02-02-16,train,16,2,happy,03,03-01-03-02-02-02-16,data/raw/ravdess/audio_speech/Audio_Speech_Actors_01-24/Actor_16/03-01-03-02-02-02-16.wav,02-01-03-02-02-02-16,data/raw/ravdess/video_speech/Video_Speech_Actor_16/Actor_16/02-01-03-02-02-02-16.mp4
01-04-01-01-01-16,train,16,3,sad,04,03-01-04-01-01-01-16,data/raw/ravdess/audio_speech/Audio_Speech_Actors_01-24/Actor_16/03-01-04-01-01-01-16.wav,02-01-04-01-01-01-16,data/raw/ravdess/video_speech/Video_Speech_Actor_16/Actor_16/02-01-04-01-01-01-16.mp4
01-04-01-01-02-16,train,16,3,sad,04,03-01-04-01-01-02-16,data/raw/ravdess/audio_speech/Audio_Speech_Actors_01-24/Actor_16/03-01-04-01-01-02-16.wav,02-01-04-01-01-02-16,data/raw/ravdess/video_speech/Video_Speech_Actor_16/Actor_16/02-01-04-01-01-02-16.mp4
01-04-01-02-01-16,train,16,3,sad,04,03-01-04-01-02-01-16,data/raw/ravdess/audio_speech/Audio_Speech_Actors_01-24/Actor_16/03-01-04-01-02-01-16.wav,02-01-04-01-02-01-16,data/raw/ravdess/video_speech/Video_Speech_Actor_16/Actor_16/02-01-04-01-02-01-16.mp4
01-04-01-02-02-16,train,16,3,sad,04,03-01-04-01-02-02-16,data/raw/ravdess/audio_speech/Audio_Speech_Actors_01-24/Actor_16/03-01-04-01-02-02-16.wav,02-01-04-01-02-02-16,data/raw/ravdess/video_speech/Video_Speech_Actor_16/Actor_16/02-01-04-01-02-02-16.mp4
01-04-02-01-01-16,train,16,3,sad,04,03-01-04-02-01-01-16,data/raw/ravdess/audio_speech/Audio_Speech_Actors_01-24/Actor_16/03-01-04-02-01-01-16.wav,02-01-04-02-01-01-16,data/raw/ravdess/video_speech/Video_Speech_Actor_16/Actor_16/02-01-04-02-01-01-16.mp4
01-04-02-01-02-16,train,16,3,sad,04,03-01-04-02-01-02-16,data/raw/ravdess/audio_speech/Audio_Speech_Actors_01-24/Actor_16/03-01-04-02-01-02-16.wav,02-01-04-02-01-02-16,data/raw/ravdess/video_speech/Video_Speech_Actor_16/Actor_16/02-01-04-02-01-02-16.mp4
01-04-02-02-01-16,train,16,3,sad,04,03-01-04-02-02-01-16,data/raw/ravdess/audio_speech/Audio_Speech_Actors_01-24/Actor_16/03-01-04-02-02-01-16.wav,02-01-04-02-02-01-16,data/raw/ravdess/video_speech/Video_Speech_Actor_16/Actor_16/02-01-04-02-02-01-16.mp4
01-04-02-02-02-16,train,16,3,sad,04,03-01-04-02-02-02-16,data/raw/ravdess/audio_speech/Audio_Speech_Actors_01-24/Actor_16/03-01-04-02-02-02-16.wav,02-01-04-02-02-02-16,data/raw/ravdess/video_speech/Video_Speech_Actor_16/Actor_16/02-01-04-02-02-02-16.mp4
01-05-01-01-01-16,train,16,4,angry,05,03-01-05-01-01-01-16,data/raw/ravdess/audio_speech/Audio_Speech_Actors_01-24/Actor_16/03-01-05-01-01-01-16.wav,02-01-05-01-01-01-16,data/raw/ravdess/video_speech/Video_Speech_Actor_16/Actor_16/02-01-05-01-01-01-16.mp4
01-05-01-01-02-16,train,16,4,angry,05,03-01-05-01-01-02-16,data/raw/ravdess/audio_speech/Audio_Speech_Actors_01-24/Actor_16/03-01-05-01-01-02-16.wav,02-01-05-01-01-02-16,data/raw/ravdess/video_speech/Video_Speech_Actor_16/Actor_16/02-01-05-01-01-02-16.mp4
01-05-01-02-01-16,train,16,4,angry,05,03-01-05-01-02-01-16,data/raw/ravdess/audio_speech/Audio_Speech_Actors_01-24/Actor_16/03-01-05-01-02-01-16.wav,02-01-05-01-02-01-16,data/raw/ravdess/video_speech/Video_Speech_Actor_16/Actor_16/02-01-05-01-02-01-16.mp4
01-05-01-02-02-16,train,16,4,angry,05,03-01-05-01-02-02-16,data/raw/ravdess/audio_speech/Audio_Speech_Actors_01-24/Actor_16/03-01-05-01-02-02-16.wav,02-01-05-01-02-02-16,data/raw/ravdess/video_speech/Video_Speech_Actor_16/Actor_16/02-01-05-01-02-02-16.mp4
01-05-02-01-01-16,train,16,4,angry,05,03-01-05-02-01-01-16,data/raw/ravdess/audio_speech/Audio_Speech_Actors_01-24/Actor_16/03-01-05-02-01-01-16.wav,02-01-05-02-01-01-16,data/raw/ravdess/video_speech/Video_Speech_Actor_16/Actor_16/02-01-05-02-01-01-16.mp4
01-05-02-01-02-16,train,16,4,angry,05,03-01-05-02-01-02-16,data/raw/ravdess/audio_speech/Audio_Speech_Actors_01-24/Actor_16/03-01-05-02-01-02-16.wav,02-01-05-02-01-02-16,data/raw/ravdess/video_speech/Video_Speech_Actor_16/Actor_16/02-01-05-02-01-02-16.mp4
01-05-02-02-01-16,train,16,4,angry,05,03-01-05-02-02-01-16,data/raw/ravdess/audio_speech/Audio_Speech_Actors_01-24/Actor_16/03-01-05-02-02-01-16.wav,02-01-05-02-02-01-16,data/raw/ravdess/video_speech/Video_Speech_Actor_16/Actor_16/02-01-05-02-02-01-16.mp4
01-05-02-02-02-16,train,16,4,angry,05,03-01-05-02-02-02-16,data/raw/ravdess/audio_speech/Audio_Speech_Actors_01-24/Actor_16/03-01-05-02-02-02-16.wav,02-01-05-02-02-02-16,data/raw/ravdess/video_speech/Video_Speech_Actor_16/Actor_16/02-01-05-02-02-02-16.mp4
01-06-01-01-01-16,train,16,5,fearful,06,03-01-06-01-01-01-16,data/raw/ravdess/audio_speech/Audio_Speech_Actors_01-24/Actor_16/03-01-06-01-01-01-16.wav,02-01-06-01-01-01-16,data/raw/ravdess/video_speech/Video_Speech_Actor_16/Actor_16/02-01-06-01-01-01-16.mp4
01-06-01-01-02-16,train,16,5,fearful,06,03-01-06-01-01-02-16,data/raw/ravdess/audio_speech/Audio_Speech_Actors_01-24/Actor_16/03-01-06-01-01-02-16.wav,02-01-06-01-01-02-16,data/raw/ravdess/video_speech/Video_Speech_Actor_16/Actor_16/02-01-06-01-01-02-16.mp4
01-06-01-02-01-16,train,16,5,fearful,06,03-01-06-01-02-01-16,data/raw/ravdess/audio_speech/Audio_Speech_Actors_01-24/Actor_16/03-01-06-01-02-01-16.wav,02-01-06-01-02-01-16,data/raw/ravdess/video_speech/Video_Speech_Actor_16/Actor_16/02-01-06-01-02-01-16.mp4
01-06-01-02-02-16,train,16,5,fearful,06,03-01-06-01-02-02-16,data/raw/ravdess/audio_speech/Audio_Speech_Actors_01-24/Actor_16/03-01-06-01-02-02-16.wav,02-01-06-01-02-02-16,data/raw/ravdess/video_speech/Video_Speech_Actor_16/Actor_16/02-01-06-01-02-02-16.mp4
01-06-02-01-01-16,train,16,5,fearful,06,03-01-06-02-01-01-16,data/raw/ravdess/audio_speech/Audio_Speech_Actors_01-24/Actor_16/03-01-06-02-01-01-16.wav,02-01-06-02-01-01-16,data/raw/ravdess/video_speech/Video_Speech_Actor_16/Actor_16/02-01-06-02-01-01-16.mp4
01-06-02-01-02-16,train,16,5,fearful,06,03-01-06-02-01-02-16,data/raw/ravdess/audio_speech/Audio_Speech_Actors_01-24/Actor_16/03-01-06-02-01-02-16.wav,02-01-06-02-01-02-16,data/raw/ravdess/video_speech/Video_Speech_Actor_16/Actor_16/02-01-06-02-01-02-16.mp4
01-06-02-02-01-16,train,16,5,fearful,06,03-01-06-02-02-01-16,data/raw/ravdess/audio_speech/Audio_Speech_Actors_01-24/Actor_16/03-01-06-02-02-01-16.wav,02-01-06-02-02-01-16,data/raw/ravdess/video_speech/Video_Speech_Actor_16/Actor_16/02-01-06-02-02-01-16.mp4
01-06-02-02-02-16,train,16,5,fearful,06,03-01-06-02-02-02-16,data/raw/ravdess/audio_speech/Audio_Speech_Actors_01-24/Actor_16/03-01-06-02-02-02-16.wav,02-01-06-02-02-02-16,data/raw/ravdess/video_speech/Video_Speech_Actor_16/Actor_16/02-01-06-02-02-02-16.mp4
01-07-01-01-01-16,train,16,6,disgust,07,03-01-07-01-01-01-16,data/raw/ravdess/audio_speech/Audio_Speech_Actors_01-24/Actor_16/03-01-07-01-01-01-16.wav,02-01-07-01-01-01-16,data/raw/ravdess/video_speech/Video_Speech_Actor_16/Actor_16/02-01-07-01-01-01-16.mp4
01-07-01-01-02-16,train,16,6,disgust,07,03-01-07-01-01-02-16,data/raw/ravdess/audio_speech/Audio_Speech_Actors_01-24/Actor_16/03-01-07-01-01-02-16.wav,02-01-07-01-01-02-16,data/raw/ravdess/video_speech/Video_Speech_Actor_16/Actor_16/02-01-07-01-01-02-16.mp4
01-07-01-02-01-16,train,16,6,disgust,07,03-01-07-01-02-01-16,data/raw/ravdess/audio_speech/Audio_Speech_Actors_01-24/Actor_16/03-01-07-01-02-01-16.wav,02-01-07-01-02-01-16,data/raw/ravdess/video_speech/Video_Speech_Actor_16/Actor_16/02-01-07-01-02-01-16.mp4
01-07-01-02-02-16,train,16,6,disgust,07,03-01-07-01-02-02-16,data/raw/ravdess/audio_speech/Audio_Speech_Actors_01-24/Actor_16/03-01-07-01-02-02-16.wav,02-01-07-01-02-02-16,data/raw/ravdess/video_speech/Video_Speech_Actor_16/Actor_16/02-01-07-01-02-02-16.mp4
01-07-02-01-01-16,train,16,6,disgust,07,03-01-07-02-01-01-16,data/raw/ravdess/audio_speech/Audio_Speech_Actors_01-24/Actor_16/03-01-07-02-01-01-16.wav,02-01-07-02-01-01-16,data/raw/ravdess/video_speech/Video_Speech_Actor_16/Actor_16/02-01-07-02-01-01-16.mp4
01-07-02-01-02-16,train,16,6,disgust,07,03-01-07-02-01-02-16,data/raw/ravdess/audio_speech/Audio_Speech_Actors_01-24/Actor_16/03-01-07-02-01-02-16.wav,02-01-07-02-01-02-16,data/raw/ravdess/video_speech/Video_Speech_Actor_16/Actor_16/02-01-07-02-01-02-16.mp4
01-07-02-02-01-16,train,16,6,disgust,07,03-01-07-02-02-01-16,data/raw/ravdess/audio_speech/Audio_Speech_Actors_01-24/Actor_16/03-01-07-02-02-01-16.wav,02-01-07-02-02-01-16,data/raw/ravdess/video_speech/Video_Speech_Actor_16/Actor_16/02-01-07-02-02-01-16.mp4
01-07-02-02-02-16,train,16,6,disgust,07,03-01-07-02-02-02-16,data/raw/ravdess/audio_speech/Audio_Speech_Actors_01-24/Actor_16/03-01-07-02-02-02-16.wav,02-01-07-02-02-02-16,data/raw/ravdess/video_speech/Video_Speech_Actor_16/Actor_16/02-01-07-02-02-02-16.mp4
01-08-01-01-01-16,train,16,7,surprise,08,03-01-08-01-01-01-16,data/raw/ravdess/audio_speech/Audio_Speech_Actors_01-24/Actor_16/03-01-08-01-01-01-16.wav,02-01-08-01-01-01-16,data/raw/ravdess/video_speech/Video_Speech_Actor_16/Actor_16/02-01-08-01-01-01-16.mp4
01-08-01-01-02-16,train,16,7,surprise,08,03-01-08-01-01-02-16,data/raw/ravdess/audio_speech/Audio_Speech_Actors_01-24/Actor_16/03-01-08-01-01-02-16.wav,02-01-08-01-01-02-16,data/raw/ravdess/video_speech/Video_Speech_Actor_16/Actor_16/02-01-08-01-01-02-16.mp4
01-08-01-02-01-16,train,16,7,surprise,08,03-01-08-01-02-01-16,data/raw/ravdess/audio_speech/Audio_Speech_Actors_01-24/Actor_16/03-01-08-01-02-01-16.wav,02-01-08-01-02-01-16,data/raw/ravdess/video_speech/Video_Speech_Actor_16/Actor_16/02-01-08-01-02-01-16.mp4
01-08-01-02-02-16,train,16,7,surprise,08,03-01-08-01-02-02-16,data/raw/ravdess/audio_speech/Audio_Speech_Actors_01-24/Actor_16/03-01-08-01-02-02-16.wav,02-01-08-01-02-02-16,data/raw/ravdess/video_speech/Video_Speech_Actor_16/Actor_16/02-01-08-01-02-02-16.mp4
01-08-02-01-01-16,train,16,7,surprise,08,03-01-08-02-01-01-16,data/raw/ravdess/audio_speech/Audio_Speech_Actors_01-24/Actor_16/03-01-08-02-01-01-16.wav,02-01-08-02-01-01-16,data/raw/ravdess/video_speech/Video_Speech_Actor_16/Actor_16/02-01-08-02-01-01-16.mp4
01-08-02-01-02-16,train,16,7,surprise,08,03-01-08-02-01-02-16,data/raw/ravdess/audio_speech/Audio_Speech_Actors_01-24/Actor_16/03-01-08-02-01-02-16.wav,02-01-08-02-01-02-16,data/raw/ravdess/video_speech/Video_Speech_Actor_16/Actor_16/02-01-08-02-01-02-16.mp4
01-08-02-02-01-16,train,16,7,surprise,08,03-01-08-02-02-01-16,data/raw/ravdess/audio_speech/Audio_Speech_Actors_01-24/Actor_16/03-01-08-02-02-01-16.wav,02-01-08-02-02-01-16,data/raw/ravdess/video_speech/Video_Speech_Actor_16/Actor_16/02-01-08-02-02-01-16.mp4
01-08-02-02-02-16,train,16,7,surprise,08,03-01-08-02-02-02-16,data/raw/ravdess/audio_speech/Audio_Speech_Actors_01-24/Actor_16/03-01-08-02-02-02-16.wav,02-01-08-02-02-02-16,data/raw/ravdess/video_speech/Video_Speech_Actor_16/Actor_16/02-01-08-02-02-02-16.mp4
